_MEMBER_hits,_LogP_hits,GO,_PATTERN_,_RANK_,GiniIndex,Category,CategoryID,Description,PARENT_GO,LogP,Enrichment,Z-score,#TotalGeneInLibrary,#GeneInGO,#GeneInHitList,#GeneInGOAndHitList,%InGO,STDV %InGO,GeneID,Hits,Log(q-value),EvidenceCutoff,GROUP_ID,FirstInGroupByEnrichment,FirstInGroupByLogP,BestLogPInGroup,BestEnrichmentInGroup,URL
1,-11.974081563832522,GO:0030335,M1,1,0,GO Biological Processes,19,positive regulation of cell migration,19_GO:0040011 locomotion,-11.974081563832522,4.155374887082204,9.358434358497394,21160,621,287,35,12.195121951219512,1.9315744293236146,11674|11852|12389|12822|13609|14268|14751|14756|16002|16011|16337|16367|17869|18479|18595|18606|19242|20130|20315|20347|20351|20848|22339|22352|26921|27226|66102|66922|67374|67916|68585|80837|83397|84004|109270,Aldoa|Rhob|Cav1|Col18a1|S1pr1|Fn1|Gpi1|Gpld1|Igf2|Igfbp5|Insr|Irs1|Myc|Pak1|Pdgfra|Enpp2|Ptn|Rras|Cxcl12|Sema3b|Sema4a|Stat3|Vegfa|Vim|Map4k4|Pla2g7|Cxcl16|Rras2|Jam2|Plpp3|Rtn4|Rhoj|Akap12|Mcam|Prr5,-7.798837119950666,0,1,1,1,-11.974081563832522,5.148618924337688,
1,-11.741564265316615,GO:0040017,M1,1,0,GO Biological Processes,19,positive regulation of locomotion,19_GO:0040011 locomotion,-11.741564265316615,3.9733772872373723,9.15676689391293,21160,668,287,36,12.543554006968641,1.9550832998384122,11674|11852|12389|12822|13609|14268|14751|14756|16002|16011|16337|16367|17869|18479|18595|18606|19242|20130|20315|20347|20351|20848|22339|22352|23828|26921|27226|66102|66922|67374|67916|68585|80837|83397|84004|109270,Aldoa|Rhob|Cav1|Col18a1|S1pr1|Fn1|Gpi1|Gpld1|Igf2|Igfbp5|Insr|Irs1|Myc|Pak1|Pdgfra|Enpp2|Ptn|Rras|Cxcl12|Sema3b|Sema4a|Stat3|Vegfa|Vim|Popdc1|Map4k4|Pla2g7|Cxcl16|Rras2|Jam2|Plpp3|Rtn4|Rhoj|Akap12|Mcam|Prr5,-7.798837119950666,0,1,0,0,-11.974081563832522,5.148618924337688,
1,-11.392284099152423,GO:2000147,M1,1,0,GO Biological Processes,19,positive regulation of cell motility,19_GO:0040011 locomotion,-11.392284099152423,3.963882956801918,9.006900856502153,21160,651,287,35,12.195121951219512,1.9315744293236146,11674|11852|12389|12822|13609|14268|14751|14756|16002|16011|16337|16367|17869|18479|18595|18606|19242|20130|20315|20347|20351|20848|22339|22352|26921|27226|66102|66922|67374|67916|68585|80837|83397|84004|109270,Aldoa|Rhob|Cav1|Col18a1|S1pr1|Fn1|Gpi1|Gpld1|Igf2|Igfbp5|Insr|Irs1|Myc|Pak1|Pdgfra|Enpp2|Ptn|Rras|Cxcl12|Sema3b|Sema4a|Stat3|Vegfa|Vim|Map4k4|Pla2g7|Cxcl16|Rras2|Jam2|Plpp3|Rtn4|Rhoj|Akap12|Mcam|Prr5,-7.625648212842155,0,1,0,0,-11.974081563832522,5.148618924337688,
1,-10.609885730291287,GO:0001525,M1,1,0,GO Biological Processes,19,angiogenesis,19_GO:0032502 developmental process,-10.609885730291287,5.148618924337688,9.283005173517147,21160,358,287,25,8.710801393728223,1.6645536787107722,11852|12306|12389|12822|13609|14268|14367|14645|14756|17304|18595|18799|19876|20315|20351|21802|22339|27279|53417|68585|80837|84004|94352|230126|319504,Rhob|Anxa2|Cav1|Col18a1|S1pr1|Fn1|Fzd5|Glul|Gpld1|Mfge8|Pdgfra|Plcd1|Robo1|Cxcl12|Sema4a|Tgfa|Vegfa|Tnfrsf12a|Hif3a|Rtn4|Rhoj|Mcam|Loxl2|Shb|Nrcam,-6.968188580589319,0,1,0,0,-11.974081563832522,5.148618924337688,
1,-9.377166246968455,GO:0048514,M1,1,0,GO Biological Processes,19,blood vessel morphogenesis,19_GO:0032502 developmental process,-9.377166246968455,4.182063069130091,8.233624865596264,21160,476,287,27,9.40766550522648,1.7232397778405004,11535|11816|11852|12306|12389|12822|13609|14268|14367|14645|14756|17304|18595|18799|19876|20315|20351|21802|22339|27279|53417|68585|80837|84004|94352|230126|319504,Adm|Apoe|Rhob|Anxa2|Cav1|Col18a1|S1pr1|Fn1|Fzd5|Glul|Gpld1|Mfge8|Pdgfra|Plcd1|Robo1|Cxcl12|Sema4a|Tgfa|Vegfa|Tnfrsf12a|Hif3a|Rtn4|Rhoj|Mcam|Loxl2|Shb|Nrcam,-5.911560356322169,0,1,0,0,-11.974081563832522,5.148618924337688,
1,-7.942064128173997,GO:0001568,M1,1,0,GO Biological Processes,19,blood vessel development,19_GO:0032502 developmental process,-7.942064128173997,3.4812651667832024,7.18639579400554,21160,593,287,28,9.75609756097561,1.751483509058176,11535|11816|11852|12306|12389|12822|13609|14268|14367|14645|14756|17304|18595|18799|19876|20315|20351|21802|22339|27279|53417|67916|68585|80837|84004|94352|230126|319504,Adm|Apoe|Rhob|Anxa2|Cav1|Col18a1|S1pr1|Fn1|Fzd5|Glul|Gpld1|Mfge8|Pdgfra|Plcd1|Robo1|Cxcl12|Sema4a|Tgfa|Vegfa|Tnfrsf12a|Hif3a|Plpp3|Rtn4|Rhoj|Mcam|Loxl2|Shb|Nrcam,-4.676598552630067,0,1,0,0,-11.974081563832522,5.148618924337688,
1,-7.920355693659997,GO:0001944,M1,1,0,GO Biological Processes,19,vasculature development,19_GO:0032502 developmental process,-7.920355693659997,3.3777542920994548,7.122003278195297,21160,633,287,29,10.104529616724738,1.779041204107879,11535|11816|11852|12306|12389|12822|13609|14268|14367|14645|14756|17304|18595|18799|19876|20315|20351|21802|22339|27279|53417|67916|68585|80837|84004|93757|94352|230126|319504,Adm|Apoe|Rhob|Anxa2|Cav1|Col18a1|S1pr1|Fn1|Fzd5|Glul|Gpld1|Mfge8|Pdgfra|Plcd1|Robo1|Cxcl12|Sema4a|Tgfa|Vegfa|Tnfrsf12a|Hif3a|Plpp3|Rtn4|Rhoj|Mcam|Immp2l|Loxl2|Shb|Nrcam,-4.676598552630067,0,1,0,0,-11.974081563832522,5.148618924337688,
1,-7.532711872807575,GO:0035239,M1,1,0,GO Biological Processes,19,tube morphogenesis,19_GO:0032502 developmental process,-7.532711872807575,3.0170116827218694,6.739490917434723,21160,782,287,32,11.149825783972126,1.8578995702635965,11535|11816|11852|12306|12389|12822|13609|14268|14367|14645|14756|15902|17304|17869|18479|18595|18799|19876|20315|20351|21802|21817|22339|27279|50768|53417|68585|80837|84004|94352|230126|319504,Adm|Apoe|Rhob|Anxa2|Cav1|Col18a1|S1pr1|Fn1|Fzd5|Glul|Gpld1|Id2|Mfge8|Myc|Pak1|Pdgfra|Plcd1|Robo1|Cxcl12|Sema4a|Tgfa|Tgm2|Vegfa|Tnfrsf12a|Dlc1|Hif3a|Rtn4|Rhoj|Mcam|Loxl2|Shb|Nrcam,-4.355837725590819,0,1,0,0,-11.974081563832522,5.148618924337688,
1,-3.581727455893728,GO:0010562,M1,1,0,GO Biological Processes,19,positive regulation of phosphorus metabolic process,19_GO:0048518 positive regulation of biological process,-3.581727455893728,2.3040069686411146,4.126216063356421,21160,704,287,22,7.665505226480836,1.5704041427847593,12306|12389|14367|14756|16337|16367|17869|18479|18595|18606|18645|18799|19876|20848|21802|22339|29815|54403|56747|67916|74205|109270,Anxa2|Cav1|Fzd5|Gpld1|Insr|Irs1|Myc|Pak1|Pdgfra|Enpp2|Pfn2|Plcd1|Robo1|Stat3|Tgfa|Vegfa|Bcar3|Slc4a4|Sez6l|Plpp3|Acsl3|Prr5,-1.6123588442663879,0,1,0,0,-11.974081563832522,5.148618924337688,
1,-3.581727455893728,GO:0045937,M1,1,0,GO Biological Processes,19,positive regulation of phosphate metabolic process,19_GO:0048518 positive regulation of biological process,-3.581727455893728,2.3040069686411146,4.126216063356421,21160,704,287,22,7.665505226480836,1.5704041427847593,12306|12389|14367|14756|16337|16367|17869|18479|18595|18606|18645|18799|19876|20848|21802|22339|29815|54403|56747|67916|74205|109270,Anxa2|Cav1|Fzd5|Gpld1|Insr|Irs1|Myc|Pak1|Pdgfra|Enpp2|Pfn2|Plcd1|Robo1|Stat3|Tgfa|Vegfa|Bcar3|Slc4a4|Sez6l|Plpp3|Acsl3|Prr5,-1.6123588442663879,0,1,0,0,-11.974081563832522,5.148618924337688,
1,-10.042142574349718,GO:0051960,M1,1,0,GO Biological Processes,19,regulation of nervous system development,19_GO:0032502 developmental process,-10.042142574349718,3.9338638776109907,8.408373091870144,21160,581,287,31,10.801393728222996,1.8322215398949626,11816|12306|12677|14168|14268|14580|15902|17755|17869|18479|18606|19242|19266|19645|19876|20315|20351|20450|20539|20788|21817|22339|22352|27279|65945|67374|68585|77125|105827|216190|245450,Apoe|Anxa2|Vsx2|Fgf13|Fn1|Gfap|Id2|Map1b|Myc|Pak1|Enpp2|Ptn|Ptprd|Rb1|Robo1|Cxcl12|Sema4a|St8sia2|Slc7a5|Srebf2|Tgm2|Vegfa|Vim|Tnfrsf12a|Clstn1|Jam2|Rtn4|Il33|Amigo2|Appl2|Slitrk2,-6.497355437655807,0,2,1,1,-10.042142574349718,9.55736224028907,
1,-9.221456484733324,GO:0051962,M1,1,0,GO Biological Processes,19,positive regulation of nervous system development,19_GO:0032502 developmental process,-9.221456484733324,4.60801393728223,8.366598559549358,21160,384,287,24,8.362369337979095,1.634032348902039,11816|14268|14580|15902|17755|17869|18479|18606|19242|19266|19876|20315|20351|20450|20539|21817|22339|22352|27279|65945|68585|77125|105827|245450,Apoe|Fn1|Gfap|Id2|Map1b|Myc|Pak1|Enpp2|Ptn|Ptprd|Robo1|Cxcl12|Sema4a|St8sia2|Slc7a5|Tgm2|Vegfa|Vim|Tnfrsf12a|Clstn1|Rtn4|Il33|Amigo2|Slitrk2,-5.82279738371765,0,2,0,0,-10.042142574349718,9.55736224028907,
1,-7.456314090586932,GO:0050767,M1,1,0,GO Biological Processes,19,regulation of neurogenesis,19_GO:0032502 developmental process,-7.456314090586932,3.7409669173707747,7.069385878125219,21160,473,287,24,8.362369337979095,1.634032348902039,11816|12306|12677|14168|14268|14580|15902|17755|17869|18479|18606|19242|19266|19645|19876|20315|20539|21817|22339|22352|27279|68585|77125|216190,Apoe|Anxa2|Vsx2|Fgf13|Fn1|Gfap|Id2|Map1b|Myc|Pak1|Enpp2|Ptn|Ptprd|Rb1|Robo1|Cxcl12|Slc7a5|Tgm2|Vegfa|Vim|Tnfrsf12a|Rtn4|Il33|Appl2,-4.355837725590819,0,2,0,0,-10.042142574349718,9.55736224028907,
1,-7.077594508193367,GO:0050769,M1,1,0,GO Biological Processes,19,positive regulation of neurogenesis,19_GO:0032502 developmental process,-7.077594508193367,4.3913361659366705,7.156538090533977,21160,319,287,19,6.620209059233449,1.4676461254678037,11816|14268|14580|15902|17755|17869|18479|18606|19242|19266|19876|20315|20539|21817|22339|22352|27279|68585|77125,Apoe|Fn1|Gfap|Id2|Map1b|Myc|Pak1|Enpp2|Ptn|Ptprd|Robo1|Cxcl12|Slc7a5|Tgm2|Vegfa|Vim|Tnfrsf12a|Rtn4|Il33,-4.0379573498193615,0,2,0,0,-10.042142574349718,9.55736224028907,
1,-5.98642194129056,GO:0120035,M1,1,0,GO Biological Processes,19,regulation of plasma membrane bounded cell projection organization,19_GO:0050789 regulation of biological process,-5.98642194129056,2.7341668374666943,5.794414455077247,21160,782,287,29,10.104529616724738,1.779041204107879,11816|11932|12389|14086|14168|14268|14580|17755|18007|18377|18479|18606|18645|19242|19266|19876|20315|22339|22352|26921|27279|56455|68585|73710|101490|216616|216739|234267|319504,Apoe|Atp1b2|Cav1|Fscn1|Fgf13|Fn1|Gfap|Map1b|Neo1|Omg|Pak1|Enpp2|Pfn2|Ptn|Ptprd|Robo1|Cxcl12|Vegfa|Vim|Map4k4|Tnfrsf12a|Dynll1|Rtn4|Tubb2b|Inpp5f|Efemp1|Acsl6|Gpm6a|Nrcam,-3.1576381482314484,0,2,0,0,-10.042142574349718,9.55736224028907,
1,-5.810913563771282,GO:0031344,M1,1,0,GO Biological Processes,19,regulation of cell projection organization,19_GO:0050789 regulation of biological process,-5.810913563771282,2.679346449748064,5.67058168291607,21160,798,287,29,10.104529616724738,1.779041204107879,11816|11932|12389|14086|14168|14268|14580|17755|18007|18377|18479|18606|18645|19242|19266|19876|20315|22339|22352|26921|27279|56455|68585|73710|101490|216616|216739|234267|319504,Apoe|Atp1b2|Cav1|Fscn1|Fgf13|Fn1|Gfap|Map1b|Neo1|Omg|Pak1|Enpp2|Pfn2|Ptn|Ptprd|Robo1|Cxcl12|Vegfa|Vim|Map4k4|Tnfrsf12a|Dynll1|Rtn4|Tubb2b|Inpp5f|Efemp1|Acsl6|Gpm6a|Nrcam,-3.072306401061258,0,2,0,0,-10.042142574349718,9.55736224028907,
1,-5.5829282585493445,GO:0010720,M1,1,0,GO Biological Processes,19,positive regulation of cell development,19_GO:0032502 developmental process,-5.5829282585493445,3.0335404810730964,5.713610831738044,21160,559,287,23,8.013937282229966,1.6026660469501974,11816|12349|14268|14580|15902|17755|17869|18479|18606|19242|19266|19645|19876|20315|20539|21817|22339|22352|27279|68585|77125|211770|230126,Apoe|Car2|Fn1|Gfap|Id2|Map1b|Myc|Pak1|Enpp2|Ptn|Ptprd|Rb1|Robo1|Cxcl12|Slc7a5|Tgm2|Vegfa|Vim|Tnfrsf12a|Rtn4|Il33|Trib1|Shb,-2.88323916186969,0,2,0,0,-10.042142574349718,9.55736224028907,
1,-5.342696749494654,GO:0010975,M1,1,0,GO Biological Processes,19,regulation of neuron projection development,19_GO:0032502 developmental process,-5.342696749494654,2.9338220223527003,5.527550449498323,21160,578,287,23,8.013937282229966,1.6026660469501974,11816|11932|14168|14268|14580|17755|18007|18377|18479|19242|19266|19876|20315|22339|22352|26921|27279|68585|73710|101490|216616|216739|319504,Apoe|Atp1b2|Fgf13|Fn1|Gfap|Map1b|Neo1|Omg|Pak1|Ptn|Ptprd|Robo1|Cxcl12|Vegfa|Vim|Map4k4|Tnfrsf12a|Rtn4|Tubb2b|Inpp5f|Efemp1|Acsl6|Nrcam,-2.7042166204431677,0,2,0,0,-10.042142574349718,9.55736224028907,
1,-5.295245710550281,GO:0050770,M1,1,0,GO Biological Processes,19,regulation of axonogenesis,19_GO:0032502 developmental process,-5.295245710550281,5.0556495769039325,6.317147857028209,21160,175,287,12,4.181184668989547,1.1815010851268668,11816|14168|14268|17755|18377|18479|19876|20315|22339|22352|27279|68585,Apoe|Fgf13|Fn1|Map1b|Omg|Pak1|Robo1|Cxcl12|Vegfa|Vim|Tnfrsf12a|Rtn4,-2.69288102024224,0,2,0,0,-10.042142574349718,9.55736224028907,
1,-5.282373465130987,GO:0061387,M1,1,0,GO Biological Processes,19,regulation of extent of cell growth,19_GO:0040007 growth,-5.282373465130987,6.195648991303838,6.664632043107214,21160,119,287,10,3.484320557491289,1.082472917319835,11816|14168|14268|17755|18377|18479|20315|22339|27279|68585,Apoe|Fgf13|Fn1|Map1b|Omg|Pak1|Cxcl12|Vegfa|Tnfrsf12a|Rtn4,-2.69288102024224,0,2,0,0,-10.042142574349718,9.55736224028907,
1,-5.093773849531147,GO:0045773,M1,1,0,GO Biological Processes,19,positive regulation of axon extension,19_GO:0040007 growth,-5.093773849531147,9.55736224028907,7.3829497160458395,21160,54,287,7,2.4390243902439024,0.9105529182275091,11816|14268|17755|18479|20315|22339|27279,Apoe|Fn1|Map1b|Pak1|Cxcl12|Vegfa|Tnfrsf12a,-2.5518371966210696,0,2,0,0,-10.042142574349718,9.55736224028907,
1,-5.046494467121883,GO:0008361,M1,1,0,GO Biological Processes,19,regulation of cell size,19_GO:0065007 biological regulation,-5.046494467121883,4.416898151864995,5.932510773161746,21160,217,287,13,4.529616724738676,1.2275073817001454,11816|11829|14168|14268|17755|18377|18479|20315|20498|22339|27279|68585|97998,Apoe|Aqp4|Fgf13|Fn1|Map1b|Omg|Pak1|Cxcl12|Slc12a4|Vegfa|Tnfrsf12a|Rtn4|Deptor,-2.5201938060796194,0,2,0,0,-10.042142574349718,9.55736224028907,
1,-4.27684689968743,GO:0050772,M1,1,0,GO Biological Processes,19,positive regulation of axonogenesis,19_GO:0032502 developmental process,-4.27684689968743,6.080678185279644,5.880896301802387,21160,97,287,8,2.7874564459930316,0.97168220662184,11816|14268|17755|18479|19876|20315|22339|27279,Apoe|Fn1|Map1b|Pak1|Robo1|Cxcl12|Vegfa|Tnfrsf12a,-2.0459269833626728,0,2,0,0,-10.042142574349718,9.55736224028907,
1,-4.25184297194092,GO:0001558,M1,1,0,GO Biological Processes,19,regulation of cell growth,19_GO:0040007 growth,-4.25184297194092,2.9103245919677243,4.835690974277907,21160,456,287,18,6.2717770034843205,1.4311644750303303,11816|14168|14268|16010|16011|17755|18377|18479|19645|20315|20378|22339|27279|55942|65945|66102|68585|109270,Apoe|Fgf13|Fn1|Igfbp4|Igfbp5|Map1b|Omg|Pak1|Rb1|Cxcl12|Frzb|Vegfa|Tnfrsf12a|Sertad1|Clstn1|Cxcl16|Rtn4|Prr5,-2.0260664130193313,0,2,0,0,-10.042142574349718,9.55736224028907,
1,-4.143537276466146,GO:0031346,M1,1,0,GO Biological Processes,19,positive regulation of cell projection organization,19_GO:0048518 positive regulation of biological process,-4.143537276466146,2.8539957288973814,4.740220798410284,21160,465,287,18,6.2717770034843205,1.4311644750303303,11816|11932|14086|14268|17755|18479|18606|19242|19266|19876|20315|22339|27279|56455|73710|216616|216739|234267,Apoe|Atp1b2|Fscn1|Fn1|Map1b|Pak1|Enpp2|Ptn|Ptprd|Robo1|Cxcl12|Vegfa|Tnfrsf12a|Dynll1|Tubb2b|Efemp1|Acsl6|Gpm6a,-1.9581400949875611,0,2,0,0,-10.042142574349718,9.55736224028907,
1,-4.123726497698721,GO:0040008,M1,1,0,GO Biological Processes,19,regulation of growth,19_GO:0040007 growth,-4.123726497698721,2.454050837800088,4.556867310770735,21160,691,287,23,8.013937282229966,1.6026660469501974,11816|14168|14268|14284|16002|16010|16011|16337|17755|17967|18377|18479|19645|20315|20378|20848|22339|27279|55942|65945|66102|68585|109270,Apoe|Fgf13|Fn1|Fosl2|Igf2|Igfbp4|Igfbp5|Insr|Map1b|Ncam1|Omg|Pak1|Rb1|Cxcl12|Frzb|Stat3|Vegfa|Tnfrsf12a|Sertad1|Clstn1|Cxcl16|Rtn4|Prr5,-1.9491985617528984,0,2,0,0,-10.042142574349718,9.55736224028907,
1,-4.121073695476703,GO:0030516,M1,1,0,GO Biological Processes,19,regulation of axon extension,19_GO:0040007 growth,-4.121073695476703,5.782605725216916,5.677435195416314,21160,102,287,8,2.7874564459930316,0.97168220662184,11816|14268|17755|18479|20315|22339|27279|68585,Apoe|Fn1|Map1b|Pak1|Cxcl12|Vegfa|Tnfrsf12a|Rtn4,-1.9491985617528984,0,2,0,0,-10.042142574349718,9.55736224028907,
1,-3.420926821785418,GO:0048638,M1,1,0,GO Biological Processes,19,regulation of developmental growth,19_GO:0040007 growth,-3.420926821785418,2.7787018717279777,4.200550263852147,21160,398,287,15,5.2264808362369335,1.313733384896961,11816|14168|14268|14284|16002|16337|17755|17967|18377|18479|20315|20848|22339|27279|68585,Apoe|Fgf13|Fn1|Fosl2|Igf2|Insr|Map1b|Ncam1|Omg|Pak1|Cxcl12|Stat3|Vegfa|Tnfrsf12a|Rtn4,-1.4956434423479121,0,2,0,0,-10.042142574349718,9.55736224028907,
1,-3.2976586025968904,GO:0032535,M1,1,0,GO Biological Processes,19,regulation of cellular component size,19_GO:0065007 biological regulation,-3.2976586025968904,2.7039690585519196,4.08037355550818,21160,409,287,15,5.2264808362369335,1.313733384896961,11816|11829|14168|14268|17755|18377|18479|18645|20315|20498|22339|27279|27360|68585|97998,Apoe|Aqp4|Fgf13|Fn1|Map1b|Omg|Pak1|Pfn2|Cxcl12|Slc12a4|Vegfa|Tnfrsf12a|Add3|Rtn4|Deptor,-1.4212573825929793,0,2,0,0,-10.042142574349718,9.55736224028907,
1,-3.0540995080893625,GO:0048639,M1,1,0,GO Biological Processes,19,positive regulation of developmental growth,19_GO:0040007 growth,-3.0540995080893625,3.351282863477985,4.110777412036956,21160,220,287,10,3.484320557491289,1.082472917319835,11816|14268|16002|16337|17755|17967|18479|20315|22339|27279,Apoe|Fn1|Igf2|Insr|Map1b|Ncam1|Pak1|Cxcl12|Vegfa|Tnfrsf12a,-1.2512878232177953,0,2,0,0,-10.042142574349718,9.55736224028907,
1,-2.8757934559632345,GO:0090066,M1,1,0,GO Biological Processes,19,regulation of anatomical structure size,19_GO:0065007 biological regulation,-2.8757934559632345,2.2341885756519906,3.577634005517349,21160,594,287,18,6.2717770034843205,1.4311644750303303,11535|11816|11829|12389|14168|14268|17755|18377|18479|18645|20315|20498|22339|27279|27360|68585|97998|104099,Adm|Apoe|Aqp4|Cav1|Fgf13|Fn1|Map1b|Omg|Pak1|Pfn2|Cxcl12|Slc12a4|Vegfa|Tnfrsf12a|Add3|Rtn4|Deptor|Itga9,-1.120587031433749,0,2,0,0,-10.042142574349718,9.55736224028907,
1,-2.7800189320931006,GO:0045927,M1,1,0,GO Biological Processes,19,positive regulation of growth,19_GO:0040007 growth,-2.7800189320931006,2.730674925796877,3.6810940487590322,21160,324,287,12,4.181184668989547,1.1815010851268668,11816|14268|16002|16337|17755|17967|18479|20315|22339|27279|66102|109270,Apoe|Fn1|Igf2|Insr|Map1b|Ncam1|Pak1|Cxcl12|Vegfa|Tnfrsf12a|Cxcl16|Prr5,-1.053457689013145,0,2,0,0,-10.042142574349718,9.55736224028907,
1,-2.613136863127851,GO:0030307,M1,1,0,GO Biological Processes,19,positive regulation of cell growth,19_GO:0040007 growth,-2.613136863127851,3.1448057202305266,3.6715007360451453,21160,211,287,9,3.1358885017421603,1.0287759606825233,11816|14268|17755|18479|20315|22339|27279|66102|109270,Apoe|Fn1|Map1b|Pak1|Cxcl12|Vegfa|Tnfrsf12a|Cxcl16|Prr5,-0.944115530897036,0,2,0,0,-10.042142574349718,9.55736224028907,
1,-9.140004598769682,GO:0098609,M1,1,0,GO Biological Processes,19,cell-cell adhesion,19_GO:0009987 cellular process,-9.140004598769682,4.079225452676073,8.069678487554969,21160,488,287,27,9.40766550522648,1.7232397778405004,11829|11877|11932|17967|18007|18595|19266|19876|20315|22295|22339|23828|52118|53883|54725|57776|58998|65945|67374|67916|70417|84004|104099|105827|239857|245450|319504,Aqp4|Arvcf|Atp1b2|Ncam1|Neo1|Pdgfra|Ptprd|Robo1|Cxcl12|Cdh23|Vegfa|Popdc1|Pvr|Celsr2|Cadm1|Ttyh1|Nectin3|Clstn1|Jam2|Plpp3|Megf10|Mcam|Itga9|Amigo2|Cadm2|Slitrk2|Nrcam,-5.799337444731695,0,3,1,1,-9.140004598769682,31.59780985564958,
1,-5.887908795031939,GO:0098742,M1,1,0,GO Biological Processes,19,cell-cell adhesion via plasma-membrane adhesion molecules,19_GO:0009987 cellular process,-5.887908795031939,4.868844914864243,6.638562525712815,21160,212,287,14,4.878048780487805,1.2715179522683246,11877|19266|19876|22295|52118|53883|54725|58998|65945|84004|105827|239857|245450|319504,Arvcf|Ptprd|Robo1|Cdh23|Pvr|Celsr2|Cadm1|Nectin3|Clstn1|Mcam|Amigo2|Cadm2|Slitrk2|Nrcam,-3.1193211385669506,0,3,0,0,-9.140004598769682,31.59780985564958,
1,-5.5558264002951985,GO:0007156,M1,1,0,GO Biological Processes,19,homophilic cell adhesion via plasma membrane adhesion molecules,19_GO:0009987 cellular process,-5.5558264002951985,6.642182251938348,6.988580095050236,21160,111,287,10,3.484320557491289,1.082472917319835,19876|22295|52118|53883|54725|58998|65945|105827|239857|319504,Robo1|Cdh23|Pvr|Celsr2|Cadm1|Nectin3|Clstn1|Amigo2|Cadm2|Nrcam,-2.868371760032556,0,3,0,0,-9.140004598769682,31.59780985564958,
1,-4.457389299803196,mmu04514,M1,1,0,KEGG Pathway,24,Cell adhesion molecules - Mus musculus (house mouse),,-4.457389299803196,4.5307846534171645,5.562637189130356,21160,179,287,11,3.832752613240418,1.1332560297759222,17967|18007|19266|20970|52118|54725|58998|67374|104099|245450|319504,Ncam1|Neo1|Ptprd|Sdc3|Pvr|Cadm1|Nectin3|Jam2|Itga9|Slitrk2|Nrcam,-2.1726735510943596,0,3,0,0,-9.140004598769682,31.59780985564958,
1,-4.347427207507092,GO:0007157,M1,1,0,GO Biological Processes,19,heterophilic cell-cell adhesion via plasma membrane cell adhesion molecules,19_GO:0009987 cellular process,-4.347427207507092,9.21602787456446,6.682114531868093,21160,48,287,6,2.0905923344947737,0.8445122236887297,19266|52118|54725|58998|84004|105827,Ptprd|Pvr|Cadm1|Nectin3|Mcam|Amigo2,-2.1000805548452055,0,3,0,0,-9.140004598769682,31.59780985564958,
1,-4.080885410261811,R-MMU-420597,M1,1,0,Reactome Gene Sets,6,Nectin/Necl  trans heterodimerization,,-4.080885410261811,31.59780985564958,9.494005038486248,21160,7,287,3,1.0452961672473868,0.6003395457574546,52118|54725|58998,Pvr|Cadm1|Nectin3,-1.9262684219440642,0,3,0,0,-9.140004598769682,31.59780985564958,
1,-2.6855883806591856,R-MMU-418990,M1,1,0,Reactome Gene Sets,6,Adherens junctions interactions,,-2.6855883806591856,7.372822299651569,4.730542281685354,21160,40,287,4,1.3937282229965158,0.6919908761056754,52118|54725|58998|239857,Pvr|Cadm1|Nectin3|Cadm2,-0.9834104835758366,0,3,0,0,-9.140004598769682,31.59780985564958,
1,-2.6379415686979946,R-MMU-446728,M1,1,0,Reactome Gene Sets,6,Cell junction organization,,-2.6379415686979946,5.421192867390858,4.2818467230692745,21160,68,287,5,1.7421602787456445,0.7723012028131504,52118|54725|58998|109711|239857,Pvr|Cadm1|Nectin3|Actn1|Cadm2,-0.945701726145166,0,3,0,0,-9.140004598769682,31.59780985564958,
1,-2.4273300898652836,R-MMU-421270,M1,1,0,Reactome Gene Sets,6,Cell-cell junction organization,,-2.4273300898652836,6.274742382682186,4.2449373975618485,21160,47,287,4,1.3937282229965158,0.6919908761056754,52118|54725|58998|239857,Pvr|Cadm1|Nectin3|Cadm2,-0.8119618788856653,0,3,0,0,-9.140004598769682,31.59780985564958,
1,-2.178476304745405,R-MMU-1500931,M1,1,0,Reactome Gene Sets,6,Cell-Cell communication,,-2.178476304745405,4.23725419520205,3.547883299711416,21160,87,287,5,1.7421602787456445,0.7723012028131504,52118|54725|58998|109711|239857,Pvr|Cadm1|Nectin3|Actn1|Cadm2,-0.6431400638501881,0,3,0,0,-9.140004598769682,31.59780985564958,
1,-7.499455542478048,GO:0046942,M1,1,0,GO Biological Processes,19,carboxylic acid transport,19_GO:0051179 localization,-7.499455542478048,4.66945412311266,7.505869663120743,21160,300,287,19,6.620209059233449,1.4676461254678037,11816|11988|14580|16513|16525|17869|18479|18784|20511|20539|27416|57776|74205|78339|80879|94282|216739|232333|243616,Apoe|Slc7a2|Gfap|Kcnj10|Kcnk1|Myc|Pak1|Pla2g5|Slc1a2|Slc7a5|Abcc5|Ttyh1|Acsl3|Ttyh3|Slc16a3|Sfxn5|Acsl6|Slc6a1|Slc6a11,-4.355837725590819,0,4,1,1,-7.499455542478048,12.288037166085948,
1,-7.453466830942511,GO:0015849,M1,1,0,GO Biological Processes,19,organic acid transport,19_GO:0051179 localization,-7.453466830942511,4.638530585873503,7.467741066962922,21160,302,287,19,6.620209059233449,1.4676461254678037,11816|11988|14580|16513|16525|17869|18479|18784|20511|20539|27416|57776|74205|78339|80879|94282|216739|232333|243616,Apoe|Slc7a2|Gfap|Kcnj10|Kcnk1|Myc|Pak1|Pla2g5|Slc1a2|Slc7a5|Abcc5|Ttyh1|Acsl3|Ttyh3|Slc16a3|Sfxn5|Acsl6|Slc6a1|Slc6a11,-4.355837725590819,0,4,0,0,-7.499455542478048,12.288037166085948,
1,-6.957176790181132,GO:0006865,M1,1,0,GO Biological Processes,19,amino acid transport,19_GO:0051179 localization,-6.957176790181132,6.520182986086421,7.87524715381342,21160,147,287,13,4.529616724738676,1.2275073817001454,11988|14580|16513|16525|17869|18479|20511|20539|57776|78339|94282|232333|243616,Slc7a2|Gfap|Kcnj10|Kcnk1|Myc|Pak1|Slc1a2|Slc7a5|Ttyh1|Ttyh3|Sfxn5|Slc6a1|Slc6a11,-3.943868570529476,0,4,0,0,-7.499455542478048,12.288037166085948,
1,-6.851951953173146,GO:0015711,M1,1,0,GO Biological Processes,19,organic anion transport,19_GO:0051179 localization,-6.851951953173146,3.8804327892902992,6.811082500163702,21160,399,287,21,7.317073170731708,1.537190247869145,11816|11988|14580|16513|16525|17869|18479|18784|20511|20527|20539|27416|54403|57776|74205|78339|80879|94282|216739|232333|243616,Apoe|Slc7a2|Gfap|Kcnj10|Kcnk1|Myc|Pak1|Pla2g5|Slc1a2|Slc2a3|Slc7a5|Abcc5|Slc4a4|Ttyh1|Acsl3|Ttyh3|Slc16a3|Sfxn5|Acsl6|Slc6a1|Slc6a11,-3.8634673172465224,0,4,0,0,-7.499455542478048,12.288037166085948,
1,-6.205728634952141,WP5298,M1,1,0,WikiPathways,27,Dravet syndrome Scn1a A1783V point mutation model,,-6.205728634952141,9.089780917378645,8.118707081916595,21160,73,287,9,3.1358885017421603,1.0287759606825233,14168|14580|14645|16513|16828|20511|20527|109270|232333,Fgf13|Gfap|Glul|Kcnj10|Ldha|Slc1a2|Slc2a3|Prr5|Slc6a1,-3.342182735633817,0,4,0,0,-7.499455542478048,12.288037166085948,
1,-5.5910609877877215,GO:1903825,M1,1,0,GO Biological Processes,19,organic acid transmembrane transport,19_GO:0051179 localization,-5.5910609877877215,5.9633121541299445,6.808939121382738,21160,136,287,11,3.832752613240418,1.1332560297759222,11988|14580|16513|17869|20511|20539|27416|57776|78339|80879|243616,Slc7a2|Gfap|Kcnj10|Myc|Slc1a2|Slc7a5|Abcc5|Ttyh1|Ttyh3|Slc16a3|Slc6a11,-2.88323916186969,0,4,0,0,-7.499455542478048,12.288037166085948,
1,-5.088024161553063,GO:0003333,M1,1,0,GO Biological Processes,19,amino acid transmembrane transport,19_GO:0051179 localization,-5.088024161553063,6.702565726955971,6.668750724047964,21160,99,287,9,3.1358885017421603,1.0287759606825233,11988|14580|16513|20511|20539|57776|78339|232333|243616,Slc7a2|Gfap|Kcnj10|Slc1a2|Slc7a5|Ttyh1|Ttyh3|Slc6a1|Slc6a11,-2.5518371966210696,0,4,0,0,-7.499455542478048,12.288037166085948,
1,-5.03967507750876,GO:0015800,M1,1,0,GO Biological Processes,19,acidic amino acid transport,19_GO:0051179 localization,-5.03967507750876,9.38359201773836,7.299865916195399,21160,55,287,7,2.4390243902439024,0.9105529182275091,16513|16525|18479|20511|57776|78339|232333,Kcnj10|Kcnk1|Pak1|Slc1a2|Ttyh1|Ttyh3|Slc6a1,-2.5201938060796194,0,4,0,0,-7.499455542478048,12.288037166085948,
1,-4.911537743624806,GO:0098739,M1,1,0,GO Biological Processes,19,import across plasma membrane,19_GO:0051179 localization,-4.911537743624806,5.068815331010453,6.057792654726716,21160,160,287,11,3.832752613240418,1.1332560297759222,11928|11932|11933|11988|14580|16513|20498|20511|20539|57738|232333,Atp1a1|Atp1b2|Atp1b3|Slc7a2|Gfap|Kcnj10|Slc12a4|Slc1a2|Slc7a5|Slc15a2|Slc6a1,-2.4386326142370205,0,4,0,0,-7.499455542478048,12.288037166085948,
1,-4.8883224953740765,GO:0006835,M1,1,0,GO Biological Processes,19,dicarboxylic acid transport,19_GO:0051179 localization,-4.8883224953740765,7.372822299651569,6.6963412897447805,21160,80,287,8,2.7874564459930316,0.97168220662184,14580|16513|16525|18479|20511|27416|57776|78339,Gfap|Kcnj10|Kcnk1|Pak1|Slc1a2|Abcc5|Ttyh1|Ttyh3,-2.430782452264973,0,4,0,0,-7.499455542478048,12.288037166085948,
1,-4.882147903796649,GO:1905039,M1,1,0,GO Biological Processes,19,carboxylic acid transmembrane transport,19_GO:0051179 localization,-4.882147903796649,5.585471439129975,6.196808213674664,21160,132,287,10,3.484320557491289,1.082472917319835,11988|14580|16513|17869|20511|20539|27416|57776|78339|80879,Slc7a2|Gfap|Kcnj10|Myc|Slc1a2|Slc7a5|Abcc5|Ttyh1|Ttyh3|Slc16a3,-2.430782452264973,0,4,0,0,-7.499455542478048,12.288037166085948,
1,-4.048850312491063,GO:0051938,M1,1,0,GO Biological Processes,19,L-glutamate import,19_GO:0051179 localization,-4.048850312491063,10.842385734781717,6.734840012636435,21160,34,287,5,1.7421602787456445,0.7723012028131504,16513|18479|20511|57776|78339,Kcnj10|Pak1|Slc1a2|Ttyh1|Ttyh3,-1.90889689241709,0,4,0,0,-7.499455542478048,12.288037166085948,
1,-3.836263154066335,GO:0015807,M1,1,0,GO Biological Processes,19,L-amino acid transport,19_GO:0051179 localization,-3.836263154066335,6.144018583042974,5.5391631627684585,21160,84,287,7,2.4390243902439024,0.9105529182275091,11988|16513|18479|20511|20539|57776|78339,Slc7a2|Kcnj10|Pak1|Slc1a2|Slc7a5|Ttyh1|Ttyh3,-1.7508685051316546,0,4,0,0,-7.499455542478048,12.288037166085948,
1,-3.7570911644047102,GO:0089718,M1,1,0,GO Biological Processes,19,amino acid import across plasma membrane,19_GO:0051179 localization,-3.7570911644047102,9.452336281604573,6.1950941896290255,21160,39,287,5,1.7421602787456445,0.7723012028131504,11988|14580|16513|20511|20539,Slc7a2|Gfap|Kcnj10|Slc1a2|Slc7a5,-1.7080671798413516,0,4,0,0,-7.499455542478048,12.288037166085948,
1,-3.744096900538018,R-MMU-382551,M1,1,0,Reactome Gene Sets,6,Transport of small molecules,,-3.744096900538018,2.4267910390702654,4.290984560757685,21160,638,287,21,7.317073170731708,1.537190247869145,11816|11829|11928|11932|11933|12349|20498|20511|20527|20539|27360|27416|54403|57776|59049|78339|80879|232333|232345|243616|338365,Apoe|Aqp4|Atp1a1|Atp1b2|Atp1b3|Car2|Slc12a4|Slc1a2|Slc2a3|Slc7a5|Add3|Abcc5|Slc4a4|Ttyh1|Slc22a17|Ttyh3|Slc16a3|Slc6a1|A2m|Slc6a11|Slc41a2,-1.6989968464625105,0,4,0,0,-7.499455542478048,12.288037166085948,
1,-3.6401404104021333,GO:1902475,M1,1,0,GO Biological Processes,19,L-alpha-amino acid transmembrane transport,19_GO:0051179 localization,-3.6401404104021333,6.912020905923345,5.554205840874436,21160,64,287,6,2.0905923344947737,0.8445122236887297,11988|16513|20511|20539|57776|78339,Slc7a2|Kcnj10|Slc1a2|Slc7a5|Ttyh1|Ttyh3,-1.6468032716810974,0,4,0,0,-7.499455542478048,12.288037166085948,
1,-3.34222327791909,GO:0001504,M1,1,0,GO Biological Processes,19,neurotransmitter uptake,19_GO:0051179 localization,-3.34222327791909,10.922699703187508,6.049608007749919,21160,27,287,4,1.3937282229965158,0.6919908761056754,16513|20511|232333|243616,Kcnj10|Slc1a2|Slc6a1|Slc6a11,-1.441466678862629,0,4,0,0,-7.499455542478048,12.288037166085948,
1,-3.2799033082345757,GO:0015813,M1,1,0,GO Biological Processes,19,L-glutamate transmembrane transport,19_GO:0051179 localization,-3.2799033082345757,10.532603285216526,5.918563551598066,21160,28,287,4,1.3937282229965158,0.6919908761056754,16513|20511|57776|78339,Kcnj10|Slc1a2|Ttyh1|Ttyh3,-1.4127231242611578,0,4,0,0,-7.499455542478048,12.288037166085948,
1,-2.76131905907293,GO:0098810,M1,1,0,GO Biological Processes,19,neurotransmitter reuptake,19_GO:0051179 localization,-2.76131905907293,12.288037166085948,5.617948194539884,21160,18,287,3,1.0452961672473868,0.6003395457574546,16513|20511|232333,Kcnj10|Slc1a2|Slc6a1,-1.04000615154932,0,4,0,0,-7.499455542478048,12.288037166085948,
1,-2.6046738979583433,GO:0098656,M1,1,0,GO Biological Processes,19,monoatomic anion transmembrane transport,19_GO:0051179 localization,-2.6046738979583433,3.822944896115628,3.858312179698078,21160,135,287,7,2.4390243902439024,0.9105529182275091,16525|20498|20511|54403|57776|78339|232333,Kcnk1|Slc12a4|Slc1a2|Slc4a4|Ttyh1|Ttyh3|Slc6a1,-0.944115530897036,0,4,0,0,-7.499455542478048,12.288037166085948,
1,-2.466314747506678,R-MMU-425407,M1,1,0,Reactome Gene Sets,6,SLC-mediated transmembrane transport,,-2.466314747506678,2.9889820133722576,3.493299537233006,21160,222,287,9,3.1358885017421603,1.0287759606825233,20498|20511|20527|20539|54403|80879|232333|243616|338365,Slc12a4|Slc1a2|Slc2a3|Slc7a5|Slc4a4|Slc16a3|Slc6a1|Slc6a11|Slc41a2,-0.8342809144840899,0,4,0,0,-7.499455542478048,12.288037166085948,
1,-2.28958041319421,GO:0006820,M1,1,0,GO Biological Processes,19,monoatomic anion transport,19_GO:0051179 localization,-2.28958041319421,3.3512828634779854,3.4339157809627494,21160,154,287,7,2.4390243902439024,0.9105529182275091,16525|20498|20511|54403|57776|78339|232333,Kcnk1|Slc12a4|Slc1a2|Slc4a4|Ttyh1|Ttyh3|Slc6a1,-0.7169961148793632,0,4,0,0,-7.499455542478048,12.288037166085948,
1,-2.2297833837443295,GO:0015698,M1,1,0,GO Biological Processes,19,inorganic anion transport,19_GO:0051179 localization,-2.2297833837443295,3.2664402593393023,3.3530387584927888,21160,158,287,7,2.4390243902439024,0.9105529182275091,16525|19775|20498|54403|57776|78339|232333,Kcnk1|Xpr1|Slc12a4|Slc4a4|Ttyh1|Ttyh3|Slc6a1,-0.6753351018380198,0,4,0,0,-7.499455542478048,12.288037166085948,
1,-2.0610148175368606,GO:0098661,M1,1,0,GO Biological Processes,19,inorganic anion transmembrane transport,19_GO:0051179 localization,-2.0610148175368606,3.402841061377647,3.2223533805887272,21160,130,287,6,2.0905923344947737,0.8445122236887297,16525|19775|20498|57776|78339|232333,Kcnk1|Xpr1|Slc12a4|Ttyh1|Ttyh3|Slc6a1,-0.5776801599301428,0,4,0,0,-7.499455542478048,12.288037166085948,
1,-7.251206639668077,GO:1901888,M1,1,0,GO Biological Processes,19,regulation of cell junction assembly,19_GO:0050789 regulation of biological process,-7.251206639668077,4.5042965817807,7.300195924180658,21160,311,287,19,6.620209059233449,1.4676461254678037,12389|13175|14367|14758|17755|18606|19266|19876|20351|20450|22339|26921|50768|58998|65945|68585|105827|245450|268932,Cav1|Dclk1|Fzd5|Gpm6b|Map1b|Enpp2|Ptprd|Robo1|Sema4a|St8sia2|Vegfa|Map4k4|Dlc1|Nectin3|Clstn1|Rtn4|Amigo2|Slitrk2|Caskin1,-4.183540757693828,0,5,1,1,-7.251206639668077,8.192024777390632,
1,-4.824832749595289,GO:1901890,M1,1,0,GO Biological Processes,19,positive regulation of cell junction assembly,19_GO:0048518 positive regulation of biological process,-4.824832749595289,5.502106193769826,6.1303586752156285,21160,134,287,10,3.484320557491289,1.082472917319835,12389|18606|19266|20351|20450|22339|26921|65945|105827|245450,Cav1|Enpp2|Ptprd|Sema4a|St8sia2|Vegfa|Map4k4|Clstn1|Amigo2|Slitrk2,-2.387255582549246,0,5,0,0,-7.251206639668077,8.192024777390632,
1,-4.536970329916516,GO:0050807,M1,1,0,GO Biological Processes,19,regulation of synapse organization,19_GO:0050789 regulation of biological process,-4.536970329916516,3.1892615545566576,5.136923821372162,21160,393,287,17,5.923344947735192,1.393424677697697,11816|11852|13175|17755|19242|19266|19876|20351|20450|58998|65945|68585|105827|234267|245450|268932|319504,Apoe|Rhob|Dclk1|Map1b|Ptn|Ptprd|Robo1|Sema4a|St8sia2|Nectin3|Clstn1|Rtn4|Amigo2|Gpm6a|Slitrk2|Caskin1|Nrcam,-2.2122912812626594,0,5,0,0,-7.251206639668077,8.192024777390632,
1,-4.519177799824657,GO:0051963,M1,1,0,GO Biological Processes,19,regulation of synapse assembly,19_GO:0032502 developmental process,-4.519177799824657,4.233199406498508,5.508068544290732,21160,209,287,12,4.181184668989547,1.1815010851268668,13175|17755|19266|19876|20351|20450|58998|65945|68585|105827|245450|268932,Dclk1|Map1b|Ptprd|Robo1|Sema4a|St8sia2|Nectin3|Clstn1|Rtn4|Amigo2|Slitrk2|Caskin1,-2.2015314532386983,0,5,0,0,-7.251206639668077,8.192024777390632,
1,-4.427184411831442,GO:0050803,M1,1,0,GO Biological Processes,19,regulation of synapse structure or activity,19_GO:0065007 biological regulation,-4.427184411831442,3.125635388879717,5.039109837957545,21160,401,287,17,5.923344947735192,1.393424677697697,11816|11852|13175|17755|19242|19266|19876|20351|20450|58998|65945|68585|105827|234267|245450|268932|319504,Apoe|Rhob|Dclk1|Map1b|Ptn|Ptprd|Robo1|Sema4a|St8sia2|Nectin3|Clstn1|Rtn4|Amigo2|Gpm6a|Slitrk2|Caskin1|Nrcam,-2.150437420981813,0,5,0,0,-7.251206639668077,8.192024777390632,
1,-3.6011087490757445,GO:0044089,M1,1,0,GO Biological Processes,19,positive regulation of cellular component biogenesis,19_GO:0048518 positive regulation of biological process,-3.6011087490757445,2.501493280238925,4.222599357805081,21160,560,287,19,6.620209059233449,1.4676461254678037,11816|12389|12759|14086|17755|18479|18606|18645|19266|20351|20450|22339|26921|56455|65945|104027|105827|234267|245450,Apoe|Cav1|Clu|Fscn1|Map1b|Pak1|Enpp2|Pfn2|Ptprd|Sema4a|St8sia2|Vegfa|Map4k4|Dynll1|Clstn1|Synpo|Amigo2|Gpm6a|Slitrk2,-1.6221694310553512,0,5,0,0,-7.251206639668077,8.192024777390632,
1,-3.004001880686425,GO:0051965,M1,1,0,GO Biological Processes,19,positive regulation of synapse assembly,19_GO:0032502 developmental process,-3.004001880686425,5.266301642608263,4.594023236598567,21160,84,287,6,2.0905923344947737,0.8445122236887297,19266|20351|20450|65945|105827|245450,Ptprd|Sema4a|St8sia2|Clstn1|Amigo2|Slitrk2,-1.216051211899321,0,5,0,0,-7.251206639668077,8.192024777390632,
1,-2.2459384307094505,GO:1904889,M1,1,0,GO Biological Processes,19,regulation of excitatory synapse assembly,19_GO:0032502 developmental process,-2.2459384307094505,8.192024777390632,4.384787606870905,21160,27,287,3,1.0452961672473868,0.6003395457574546,19266|20351|268932,Ptprd|Sema4a|Caskin1,-0.6852283279183702,0,5,0,0,-7.251206639668077,8.192024777390632,
1,-6.787714737559529,GO:0006090,M1,1,0,GO Biological Processes,19,pyruvate metabolic process,19_GO:0009987 cellular process,-6.787714737559529,8.991246706892156,8.501642637869821,21160,82,287,10,3.484320557491289,1.082472917319835,11674|11676|14751|15937|16828|17436|18648|21991|56421|80879,Aldoa|Aldoc|Gpi1|Ier3|Ldha|Me1|Pgam1|Tpi1|Pfkp|Slc16a3,-3.822711197482428,0,6,1,1,-6.787714737559529,22.118466898954704,
1,-6.538623341941409,WP157,M1,1,0,WikiPathways,27,Glycolysis and gluconeogenesis,,-6.538623341941409,12.037260897390315,9.069869256899443,21160,49,287,8,2.7874564459930316,0.97168220662184,11674|11676|14751|16828|18648|20527|21991|56421,Aldoa|Aldoc|Gpi1|Ldha|Pgam1|Slc2a3|Tpi1|Pfkp,-3.6170854956453984,0,6,0,0,-6.787714737559529,22.118466898954704,
1,-5.910226897780432,mmu01230,M1,1,0,KEGG Pathway,24,Biosynthesis of amino acids - Mus musculus (house mouse),,-5.910226897780432,8.399417809729634,7.726122205105978,21160,79,287,9,3.1358885017421603,1.0287759606825233,11674|11676|11898|12035|14645|18648|21991|56421|107272,Aldoa|Aldoc|Ass1|Bcat1|Glul|Pgam1|Tpi1|Pfkp|Psat1,-3.1193211385669506,0,6,0,0,-6.787714737559529,22.118466898954704,
1,-5.470048625611934,mmu00010,M1,1,0,KEGG Pathway,24,Glycolysis / Gluconeogenesis - Mus musculus (house mouse),,-5.470048625611934,8.803369910031723,7.501472141752347,21160,67,287,8,2.7874564459930316,0.97168220662184,11671|11674|11676|14751|16828|18648|21991|56421,Aldh3a2|Aldoa|Aldoc|Gpi1|Ldha|Pgam1|Tpi1|Pfkp,-2.794493208648999,0,6,0,0,-6.787714737559529,22.118466898954704,
1,-5.324724471075197,GO:0009135,M1,1,0,GO Biological Processes,19,purine nucleoside diphosphate metabolic process,19_GO:0009987 cellular process,-5.324724471075197,8.426082628173221,7.297373721905583,21160,70,287,8,2.7874564459930316,0.97168220662184,11674|11676|14751|15937|18648|21991|56421|56524,Aldoa|Aldoc|Gpi1|Ier3|Pgam1|Tpi1|Pfkp|Pals2,-2.7042166204431677,0,6,0,0,-6.787714737559529,22.118466898954704,
1,-5.324724471075197,GO:0009179,M1,1,0,GO Biological Processes,19,purine ribonucleoside diphosphate metabolic process,19_GO:0009987 cellular process,-5.324724471075197,8.426082628173221,7.297373721905583,21160,70,287,8,2.7874564459930316,0.97168220662184,11674|11676|14751|15937|18648|21991|56421|56524,Aldoa|Aldoc|Gpi1|Ier3|Pgam1|Tpi1|Pfkp|Pals2,-2.7042166204431677,0,6,0,0,-6.787714737559529,22.118466898954704,
1,-5.122448083468713,GO:0016052,M1,1,0,GO Biological Processes,19,carbohydrate catabolic process,19_GO:0009987 cellular process,-5.122448083468713,5.945824435202876,6.476852972743216,21160,124,287,10,3.484320557491289,1.082472917319835,11674|11676|14751|15937|16828|18648|21991|56421|110078|110095,Aldoa|Aldoc|Gpi1|Ier3|Ldha|Pgam1|Tpi1|Pfkp|Pygb|Pygl,-2.5595717307320793,0,6,0,0,-6.787714737559529,22.118466898954704,
1,-5.093773849531147,GO:0006096,M1,1,0,GO Biological Processes,19,glycolytic process,19_GO:0009987 cellular process,-5.093773849531147,9.55736224028907,7.3829497160458395,21160,54,287,7,2.4390243902439024,0.9105529182275091,11674|11676|14751|15937|18648|21991|56421,Aldoa|Aldoc|Gpi1|Ier3|Pgam1|Tpi1|Pfkp,-2.5518371966210696,0,6,0,0,-6.787714737559529,22.118466898954704,
1,-4.91331509313189,R-MMU-70263,M1,1,0,Reactome Gene Sets,6,Gluconeogenesis,,-4.91331509313189,16.02787456445993,8.455433666421133,21160,23,287,5,1.7421602787456445,0.7723012028131504,11674|11676|14751|18648|21991,Aldoa|Aldoc|Gpi1|Pgam1|Tpi1,-2.4386326142370205,0,6,0,0,-6.787714737559529,22.118466898954704,
1,-4.883983471516263,GO:0046032,M1,1,0,GO Biological Processes,19,ADP catabolic process,19_GO:0009987 cellular process,-4.883983471516263,8.898233809924307,7.062821891426323,21160,58,287,7,2.4390243902439024,0.9105529182275091,11674|11676|14751|15937|18648|21991|56421,Aldoa|Aldoc|Gpi1|Ier3|Pgam1|Tpi1|Pfkp,-2.430782452264973,0,6,0,0,-6.787714737559529,22.118466898954704,
1,-4.808734485704813,GO:0009185,M1,1,0,GO Biological Processes,19,ribonucleoside diphosphate metabolic process,19_GO:0009987 cellular process,-4.808734485704813,7.192997365513725,6.588540235337462,21160,82,287,8,2.7874564459930316,0.97168220662184,11674|11676|14751|15937|18648|21991|56421|56524,Aldoa|Aldoc|Gpi1|Ier3|Pgam1|Tpi1|Pfkp|Pals2,-2.3845212802167515,0,6,0,0,-6.787714737559529,22.118466898954704,
1,-4.729834838527677,GO:0046434,M1,1,0,GO Biological Processes,19,organophosphate catabolic process,19_GO:0009987 cellular process,-4.729834838527677,4.445922994764765,5.726934136296784,21160,199,287,12,4.181184668989547,1.1815010851268668,11674|11676|11758|14751|15937|18606|18648|18784|21991|27226|56421|101490,Aldoa|Aldoc|Prdx6|Gpi1|Ier3|Enpp2|Pgam1|Pla2g5|Tpi1|Pla2g7|Pfkp|Inpp5f,-2.3121525001985734,0,6,0,0,-6.787714737559529,22.118466898954704,
1,-4.6903665354662945,GO:0009137,M1,1,0,GO Biological Processes,19,purine nucleoside diphosphate catabolic process,19_GO:0009987 cellular process,-4.6903665354662945,8.324154209284028,6.772184190765925,21160,62,287,7,2.4390243902439024,0.9105529182275091,11674|11676|14751|15937|18648|21991|56421,Aldoa|Aldoc|Gpi1|Ier3|Pgam1|Tpi1|Pfkp,-2.3002109556656034,0,6,0,0,-6.787714737559529,22.118466898954704,
1,-4.6903665354662945,GO:0009181,M1,1,0,GO Biological Processes,19,purine ribonucleoside diphosphate catabolic process,19_GO:0009987 cellular process,-4.6903665354662945,8.324154209284028,6.772184190765925,21160,62,287,7,2.4390243902439024,0.9105529182275091,11674|11676|14751|15937|18648|21991|56421,Aldoa|Aldoc|Gpi1|Ier3|Pgam1|Tpi1|Pfkp,-2.3002109556656034,0,6,0,0,-6.787714737559529,22.118466898954704,
1,-4.6903665354662945,GO:0019364,M1,1,0,GO Biological Processes,19,pyridine nucleotide catabolic process,19_GO:0009987 cellular process,-4.6903665354662945,8.324154209284028,6.772184190765925,21160,62,287,7,2.4390243902439024,0.9105529182275091,11674|11676|14751|15937|18648|21991|56421,Aldoa|Aldoc|Gpi1|Ier3|Pgam1|Tpi1|Pfkp,-2.3002109556656034,0,6,0,0,-6.787714737559529,22.118466898954704,
1,-4.644229932674409,GO:0046031,M1,1,0,GO Biological Processes,19,ADP metabolic process,19_GO:0009987 cellular process,-4.644229932674409,8.192024777390632,6.703585907554982,21160,63,287,7,2.4390243902439024,0.9105529182275091,11674|11676|14751|15937|18648|21991|56421,Aldoa|Aldoc|Gpi1|Ier3|Pgam1|Tpi1|Pfkp,-2.273276614246063,0,6,0,0,-6.787714737559529,22.118466898954704,
1,-4.636667440463616,GO:0006007,M1,1,0,GO Biological Processes,19,glucose catabolic process,19_GO:0009987 cellular process,-4.636667440463616,14.17850442240686,7.884207218199205,21160,26,287,5,1.7421602787456445,0.7723012028131504,11674|14751|16828|21991|56421,Aldoa|Gpi1|Ldha|Tpi1|Pfkp,-2.273276614246063,0,6,0,0,-6.787714737559529,22.118466898954704,
1,-4.6194066639855516,GO:0009132,M1,1,0,GO Biological Processes,19,nucleoside diphosphate metabolic process,19_GO:0009987 cellular process,-4.6194066639855516,6.7796067123232815,6.3341859789518145,21160,87,287,8,2.7874564459930316,0.97168220662184,11674|11676|14751|15937|18648|21991|56421|56524,Aldoa|Aldoc|Gpi1|Ier3|Pgam1|Tpi1|Pfkp|Pals2,-2.273276614246063,0,6,0,0,-6.787714737559529,22.118466898954704,
1,-4.51079014302506,GO:0009191,M1,1,0,GO Biological Processes,19,ribonucleoside diphosphate catabolic process,19_GO:0009987 cellular process,-4.51079014302506,7.819660014781967,6.506557948533114,21160,66,287,7,2.4390243902439024,0.9105529182275091,11674|11676|14751|15937|18648|21991|56421,Aldoa|Aldoc|Gpi1|Ier3|Pgam1|Tpi1|Pfkp,-2.2015314532386983,0,6,0,0,-6.787714737559529,22.118466898954704,
1,-4.51079014302506,GO:0072526,M1,1,0,GO Biological Processes,19,pyridine-containing compound catabolic process,19_GO:0009987 cellular process,-4.51079014302506,7.819660014781967,6.506557948533114,21160,66,287,7,2.4390243902439024,0.9105529182275091,11674|11676|14751|15937|18648|21991|56421,Aldoa|Aldoc|Gpi1|Ier3|Pgam1|Tpi1|Pfkp,-2.2015314532386983,0,6,0,0,-6.787714737559529,22.118466898954704,
1,-4.425711613457808,GO:0009134,M1,1,0,GO Biological Processes,19,nucleoside diphosphate catabolic process,19_GO:0009987 cellular process,-4.425711613457808,7.5896700143472025,6.381978303898765,21160,68,287,7,2.4390243902439024,0.9105529182275091,11674|11676|14751|15937|18648|21991|56421,Aldoa|Aldoc|Gpi1|Ier3|Pgam1|Tpi1|Pfkp,-2.150437420981813,0,6,0,0,-6.787714737559529,22.118466898954704,
1,-4.194583193438641,GO:0019362,M1,1,0,GO Biological Processes,19,pyridine nucleotide metabolic process,19_GO:0009987 cellular process,-4.194583193438641,5.184015679442509,5.567421249844303,21160,128,287,9,3.1358885017421603,1.0287759606825233,11674|11676|14751|15937|16828|17436|18648|21991|56421,Aldoa|Aldoc|Gpi1|Ier3|Ldha|Me1|Pgam1|Tpi1|Pfkp,-1.9882525503493347,0,6,0,0,-6.787714737559529,22.118466898954704,
1,-4.194583193438641,GO:0046496,M1,1,0,GO Biological Processes,19,nicotinamide nucleotide metabolic process,19_GO:0009987 cellular process,-4.194583193438641,5.184015679442509,5.567421249844303,21160,128,287,9,3.1358885017421603,1.0287759606825233,11674|11676|14751|15937|16828|17436|18648|21991|56421,Aldoa|Aldoc|Gpi1|Ier3|Ldha|Me1|Pgam1|Tpi1|Pfkp,-1.9882525503493347,0,6,0,0,-6.787714737559529,22.118466898954704,
1,-4.059045939874245,GO:0006735,M1,1,0,GO Biological Processes,19,NADH regeneration,19_GO:0009987 cellular process,-4.059045939874245,16.384049554781264,7.6564944063666145,21160,18,287,4,1.3937282229965158,0.6919908761056754,11674|14751|21991|56421,Aldoa|Gpi1|Tpi1|Pfkp,-1.9156593439618783,0,6,0,0,-6.787714737559529,22.118466898954704,
1,-4.059045939874245,GO:0061621,M1,1,0,GO Biological Processes,19,canonical glycolysis,19_GO:0009987 cellular process,-4.059045939874245,16.384049554781264,7.6564944063666145,21160,18,287,4,1.3937282229965158,0.6919908761056754,11674|14751|21991|56421,Aldoa|Gpi1|Tpi1|Pfkp,-1.9156593439618783,0,6,0,0,-6.787714737559529,22.118466898954704,
1,-4.059045939874245,GO:0061718,M1,1,0,GO Biological Processes,19,glucose catabolic process to pyruvate,19_GO:0009987 cellular process,-4.059045939874245,16.384049554781264,7.6564944063666145,21160,18,287,4,1.3937282229965158,0.6919908761056754,11674|14751|21991|56421,Aldoa|Gpi1|Tpi1|Pfkp,-1.9156593439618783,0,6,0,0,-6.787714737559529,22.118466898954704,
1,-3.9423892716493953,GO:0072524,M1,1,0,GO Biological Processes,19,pyridine-containing compound metabolic process,19_GO:0009987 cellular process,-3.9423892716493953,4.80836236933798,5.263042458777626,21160,138,287,9,3.1358885017421603,1.0287759606825233,11674|11676|14751|15937|16828|17436|18648|21991|56421,Aldoa|Aldoc|Gpi1|Ier3|Ldha|Me1|Pgam1|Tpi1|Pfkp,-1.825736928984273,0,6,0,0,-6.787714737559529,22.118466898954704,
1,-3.868336762757213,GO:0006734,M1,1,0,GO Biological Processes,19,NADH metabolic process,19_GO:0009987 cellular process,-3.868336762757213,9.963273377907523,6.398612146871332,21160,37,287,5,1.7421602787456445,0.7723012028131504,11674|14751|17436|21991|56421,Aldoa|Gpi1|Me1|Tpi1|Pfkp,-1.7737987343826631,0,6,0,0,-6.787714737559529,22.118466898954704,
1,-3.7958743289985133,GO:0019674,M1,1,0,GO Biological Processes,19,NAD metabolic process,19_GO:0009987 cellular process,-3.7958743289985133,7.372822299651569,5.796452580922328,21160,60,287,6,2.0905923344947737,0.8445122236887297,11674|14751|16828|17436|21991|56421,Aldoa|Gpi1|Ldha|Me1|Tpi1|Pfkp,-1.7253034563808574,0,6,0,0,-6.787714737559529,22.118466898954704,
1,-3.7958743289985133,R-MMU-70171,M1,1,0,Reactome Gene Sets,6,Glycolysis,,-3.7958743289985133,7.372822299651569,5.796452580922328,21160,60,287,6,2.0905923344947737,0.8445122236887297,11674|11676|14751|18648|21991|56421,Aldoa|Aldoc|Gpi1|Pgam1|Tpi1|Pfkp,-1.7253034563808574,0,6,0,0,-6.787714737559529,22.118466898954704,
1,-3.7816324386224762,GO:0061620,M1,1,0,GO Biological Processes,19,glycolytic process through glucose-6-phosphate,19_GO:0009987 cellular process,-3.7816324386224762,14.043471046955368,7.012238640652137,21160,21,287,4,1.3937282229965158,0.6919908761056754,11674|14751|21991|56421,Aldoa|Gpi1|Tpi1|Pfkp,-1.7170947661217877,0,6,0,0,-6.787714737559529,22.118466898954704,
1,-3.7564762361669173,GO:0006006,M1,1,0,GO Biological Processes,19,glucose metabolic process,19_GO:0009987 cellular process,-3.7564762361669173,4.544890458689323,5.039888918966503,21160,146,287,9,3.1358885017421603,1.0287759606825233,11674|11676|14751|16002|16828|17869|18648|21991|56421,Aldoa|Aldoc|Gpi1|Igf2|Ldha|Myc|Pgam1|Tpi1|Pfkp,-1.7080671798413516,0,6,0,0,-6.787714737559529,22.118466898954704,
1,-3.704238082144624,mmu04066,M1,1,0,KEGG Pathway,24,HIF-1 signaling pathway - Mus musculus (house mouse),,-3.704238082144624,5.041246016855773,5.13985034435911,21160,117,287,8,2.7874564459930316,0.97168220662184,11674|11676|16337|16828|20848|22339|56421|112407,Aldoa|Aldoc|Insr|Ldha|Stat3|Vegfa|Pfkp|Egln3,-1.6699959556573252,0,6,0,0,-6.787714737559529,22.118466898954704,
1,-3.620784095306239,GO:0019677,M1,1,0,GO Biological Processes,19,NAD catabolic process,19_GO:0009987 cellular process,-3.620784095306239,12.822299651567945,6.651816932568259,21160,23,287,4,1.3937282229965158,0.6919908761056754,11674|14751|21991|56421,Aldoa|Gpi1|Tpi1|Pfkp,-1.635408719838804,0,6,0,0,-6.787714737559529,22.118466898954704,
1,-3.620784095306239,GO:0061615,M1,1,0,GO Biological Processes,19,glycolytic process through fructose-6-phosphate,19_GO:0009987 cellular process,-3.620784095306239,12.822299651567945,6.651816932568259,21160,23,287,4,1.3937282229965158,0.6919908761056754,11674|14751|21991|56421,Aldoa|Gpi1|Tpi1|Pfkp,-1.635408719838804,0,6,0,0,-6.787714737559529,22.118466898954704,
1,-3.5897156948540156,GO:0009154,M1,1,0,GO Biological Processes,19,purine ribonucleotide catabolic process,19_GO:0009987 cellular process,-3.5897156948540156,5.609756097560976,5.195846201792638,21160,92,287,7,2.4390243902439024,0.9105529182275091,11674|11676|14751|15937|18648|21991|56421,Aldoa|Aldoc|Gpi1|Ier3|Pgam1|Tpi1|Pfkp,-1.613573728135172,0,6,0,0,-6.787714737559529,22.118466898954704,
1,-3.5796541811230735,mmu01200,M1,1,0,KEGG Pathway,24,Carbon metabolism - Mus musculus (house mouse),,-3.5796541811230735,4.834637573542012,4.980788428951334,21160,122,287,8,2.7874564459930316,0.97168220662184,11674|11676|14751|17436|18648|21991|56421|107272,Aldoa|Aldoc|Gpi1|Me1|Pgam1|Tpi1|Pfkp|Psat1,-1.6123588442663879,0,6,0,0,-6.787714737559529,22.118466898954704,
1,-3.5589129322894997,GO:0030388,M1,1,0,GO Biological Processes,19,"fructose 1,6-bisphosphate metabolic process",19_GO:0009987 cellular process,-3.5589129322894997,22.118466898954704,7.832551922223978,21160,10,287,3,1.0452961672473868,0.6003395457574546,11674|11676|56421,Aldoa|Aldoc|Pfkp,-1.5961891585072974,0,6,0,0,-6.787714737559529,22.118466898954704,
1,-3.505495436866408,GO:0019320,M1,1,0,GO Biological Processes,19,hexose catabolic process,19_GO:0009987 cellular process,-3.505495436866408,8.378207158694963,5.744701105795386,21160,44,287,5,1.7421602787456445,0.7723012028131504,11674|14751|16828|21991|56421,Aldoa|Gpi1|Ldha|Tpi1|Pfkp,-1.5517729071989963,0,6,0,0,-6.787714737559529,22.118466898954704,
1,-3.460857650371466,R-MMU-70326,M1,1,0,Reactome Gene Sets,6,Glucose metabolism,,-3.460857650371466,6.411149825783973,5.279120796507451,21160,69,287,6,2.0905923344947737,0.8445122236887297,11674|11676|14751|18648|21991|56421,Aldoa|Aldoc|Gpi1|Pgam1|Tpi1|Pfkp,-1.5217721649981397,0,6,0,0,-6.787714737559529,22.118466898954704,
1,-3.3699010152059716,GO:0046365,M1,1,0,GO Biological Processes,19,monosaccharide catabolic process,19_GO:0009987 cellular process,-3.3699010152059716,7.843427978352731,5.5073634398157685,21160,47,287,5,1.7421602787456445,0.7723012028131504,11674|14751|16828|21991|56421,Aldoa|Gpi1|Ldha|Tpi1|Pfkp,-1.4605976253269726,0,6,0,0,-6.787714737559529,22.118466898954704,
1,-3.3415977020619803,GO:0009261,M1,1,0,GO Biological Processes,19,ribonucleotide catabolic process,19_GO:0009987 cellular process,-3.3415977020619803,5.109876841342671,4.854748133898831,21160,101,287,7,2.4390243902439024,0.9105529182275091,11674|11676|14751|15937|18648|21991|56421,Aldoa|Aldoc|Gpi1|Ier3|Pgam1|Tpi1|Pfkp,-1.441466678862629,0,6,0,0,-6.787714737559529,22.118466898954704,
1,-3.2742254511634785,GO:0005996,M1,1,0,GO Biological Processes,19,monosaccharide metabolic process,19_GO:0009987 cellular process,-3.2742254511634785,3.5790399512871685,4.361684934882135,21160,206,287,10,3.484320557491289,1.082472917319835,11674|11676|14751|16002|16828|17869|18648|21991|50527|56421,Aldoa|Aldoc|Gpi1|Igf2|Ldha|Myc|Pgam1|Tpi1|Ero1a|Pfkp,-1.4088662110816863,0,6,0,0,-6.787714737559529,22.118466898954704,
1,-3.264832910629701,GO:0006195,M1,1,0,GO Biological Processes,19,purine nucleotide catabolic process,19_GO:0009987 cellular process,-3.264832910629701,4.962476547842401,4.749977140997893,21160,104,287,7,2.4390243902439024,0.9105529182275091,11674|11676|14751|15937|18648|21991|56421,Aldoa|Aldoc|Gpi1|Ier3|Pgam1|Tpi1|Pfkp,-1.4030928121746395,0,6,0,0,-6.787714737559529,22.118466898954704,
1,-3.171390457586944,GO:0044283,M1,1,0,GO Biological Processes,19,small molecule biosynthetic process,19_GO:0009987 cellular process,-3.171390457586944,2.531441132927577,3.9198290276290715,21160,466,287,16,5.574912891986063,1.3543215582294061,11674|11676|11898|12035|14645|14751|16828|18648|18784|19215|21991|67870|74205|74754|107272|231070,Aldoa|Aldoc|Ass1|Bcat1|Glul|Gpi1|Ldha|Pgam1|Pla2g5|Ptgds|Tpi1|Enoph1|Acsl3|Dhcr24|Psat1|Insig1,-1.3324670331769521,0,6,0,0,-6.787714737559529,22.118466898954704,
1,-3.056248920217813,GO:0019318,M1,1,0,GO Biological Processes,19,hexose metabolic process,19_GO:0009987 cellular process,-3.056248920217813,3.645901137190336,4.203619011203486,21160,182,287,9,3.1358885017421603,1.0287759606825233,11674|11676|14751|16002|16828|17869|18648|21991|56421,Aldoa|Aldoc|Gpi1|Igf2|Ldha|Myc|Pgam1|Tpi1|Pfkp,-1.2512878232177953,0,6,0,0,-6.787714737559529,22.118466898954704,
1,-2.9525514671013258,mmu00030,M1,1,0,KEGG Pathway,24,Pentose phosphate pathway - Mus musculus (house mouse),,-2.9525514671013258,8.673908587825375,5.251018198561479,21160,34,287,4,1.3937282229965158,0.6919908761056754,11674|11676|14751|56421,Aldoa|Aldoc|Gpi1|Pfkp,-1.1786163420495588,0,6,0,0,-6.787714737559529,22.118466898954704,
1,-2.857915113427542,mmu00051,M1,1,0,KEGG Pathway,24,Fructose and mannose metabolism - Mus musculus (house mouse),,-2.857915113427542,8.192024777390632,5.064195080245758,21160,36,287,4,1.3937282229965158,0.6919908761056754,11674|11676|21991|56421,Aldoa|Aldoc|Tpi1|Pfkp,-1.1114698079485368,0,6,0,0,-6.787714737559529,22.118466898954704,
1,-2.855539866360063,GO:0009166,M1,1,0,GO Biological Processes,19,nucleotide catabolic process,19_GO:0009987 cellular process,-2.855539866360063,4.230307876849261,4.195828102758476,21160,122,287,7,2.4390243902439024,0.9105529182275091,11674|11676|14751|15937|18648|21991|56421,Aldoa|Aldoc|Gpi1|Ier3|Pgam1|Tpi1|Pfkp,-1.1114698079485368,0,6,0,0,-6.787714737559529,22.118466898954704,
1,-2.835052945111719,GO:0072523,M1,1,0,GO Biological Processes,19,purine-containing compound catabolic process,19_GO:0009987 cellular process,-2.835052945111719,4.195915129883006,4.168232841649929,21160,123,287,7,2.4390243902439024,0.9105529182275091,11674|11676|14751|15937|18648|21991|56421,Aldoa|Aldoc|Gpi1|Ier3|Pgam1|Tpi1|Pfkp,-1.0991516757776196,0,6,0,0,-6.787714737559529,22.118466898954704,
1,-2.691036712024956,GO:0046184,M1,1,0,GO Biological Processes,19,aldehyde biosynthetic process,19_GO:0009987 cellular process,-2.691036712024956,11.641298367870897,5.441325909616027,21160,19,287,3,1.0452961672473868,0.6003395457574546,11674|18648|21991,Aldoa|Pgam1|Tpi1,-0.9876090457858996,0,6,0,0,-6.787714737559529,22.118466898954704,
1,-2.59233656010404,GO:0005975,M1,1,0,GO Biological Processes,19,carbohydrate metabolic process,19_GO:0009987 cellular process,-2.59233656010404,2.378329774081151,3.402015881140221,21160,434,287,14,4.878048780487805,1.2715179522683246,11674|11676|14751|15937|16002|16828|17869|18648|20450|21991|50527|56421|110078|110095,Aldoa|Aldoc|Gpi1|Ier3|Igf2|Ldha|Myc|Pgam1|St8sia2|Tpi1|Ero1a|Pfkp|Pygb|Pygl,-0.9350192353766585,0,6,0,0,-6.787714737559529,22.118466898954704,
1,-2.48229038744785,GO:0032787,M1,1,0,GO Biological Processes,19,monocarboxylic acid metabolic process,19_GO:0009987 cellular process,-2.48229038744785,2.106520657043305,3.2103304123300496,21160,595,287,17,5.923344947735192,1.393424677697697,11671|11674|11676|14751|15937|16828|17436|18648|18784|19215|21991|56421|56448|74205|80879|216739|329910,Aldh3a2|Aldoa|Aldoc|Gpi1|Ier3|Ldha|Me1|Pgam1|Pla2g5|Ptgds|Tpi1|Pfkp|Cyp2d22|Acsl3|Slc16a3|Acsl6|Acot11,-0.8469286894039424,0,6,0,0,-6.787714737559529,22.118466898954704,
1,-2.482159796856678,GO:1901292,M1,1,0,GO Biological Processes,19,nucleoside phosphate catabolic process,19_GO:0009987 cellular process,-2.482159796856678,3.634489866025421,3.693525415302652,21160,142,287,7,2.4390243902439024,0.9105529182275091,11674|11676|14751|15937|18648|21991|56421,Aldoa|Aldoc|Gpi1|Ier3|Pgam1|Tpi1|Pfkp,-0.8469286894039424,0,6,0,0,-6.787714737559529,22.118466898954704,
1,-2.2690128044893596,GO:0006094,M1,1,0,GO Biological Processes,19,gluconeogenesis,19_GO:0009987 cellular process,-2.2690128044893596,5.6714017689627445,3.9547718210929537,21160,52,287,4,1.3937282229965158,0.6919908761056754,11676|14751|18648|21991,Aldoc|Gpi1|Pgam1|Tpi1,-0.7001168041972412,0,6,0,0,-6.787714737559529,22.118466898954704,
1,-2.1548138211026546,GO:0019319,M1,1,0,GO Biological Processes,19,hexose biosynthetic process,19_GO:0009987 cellular process,-2.1548138211026546,5.266301642608263,3.74851509320444,21160,56,287,4,1.3937282229965158,0.6919908761056754,11676|14751|18648|21991,Aldoc|Gpi1|Pgam1|Tpi1,-0.6303879670564513,0,6,0,0,-6.787714737559529,22.118466898954704,
1,-2.0920742990566286,R-MMU-71387,M1,1,0,Reactome Gene Sets,6,Metabolism of carbohydrates,,-2.0920742990566286,2.6124173502702406,3.0314815476373256,21160,254,287,9,3.1358885017421603,1.0287759606825233,11674|11676|14751|18648|20970|21991|27416|56421|110095,Aldoa|Aldoc|Gpi1|Pgam1|Sdc3|Tpi1|Abcc5|Pfkp|Pygl,-0.5918269227551284,0,6,0,0,-6.787714737559529,22.118466898954704,
1,-2.0753989974236853,GO:0046034,M1,1,0,GO Biological Processes,19,ATP metabolic process,19_GO:0009987 cellular process,-2.0753989974236853,3.0538317217491704,3.143313707296869,21160,169,287,7,2.4390243902439024,0.9105529182275091,11674|11676|14751|15937|18648|21991|56421,Aldoa|Aldoc|Gpi1|Ier3|Pgam1|Tpi1|Pfkp,-0.58749709594343,0,6,0,0,-6.787714737559529,22.118466898954704,
1,-6.659243127314267,GO:0098657,M1,1,0,GO Biological Processes,19,import into cell,19_GO:0051179 localization,-6.659243127314267,3.022533300003571,6.300411979268918,21160,683,287,28,9.75609756097561,1.751483509058176,11535|11816|11928|11932|11933|11988|12389|14580|16337|16513|17304|17534|18784|20498|20511|20539|21817|57738|66102|67739|70417|74205|80837|101490|170790|232333|243616|320701,Adm|Apoe|Atp1a1|Atp1b2|Atp1b3|Slc7a2|Cav1|Gfap|Insr|Kcnj10|Mfge8|Mrc2|Pla2g5|Slc12a4|Slc1a2|Slc7a5|Tgm2|Slc15a2|Cxcl16|Slc48a1|Megf10|Acsl3|Rhoj|Inpp5f|Mlc1|Slc6a1|Slc6a11|Tafa4,-3.716515981948318,0,7,1,1,-6.659243127314267,3.022533300003571,
1,-2.4426608447908764,GO:0006897,M1,1,0,GO Biological Processes,19,endocytosis,19_GO:0051179 localization,-2.4426608447908764,2.21184668989547,3.2156117402033217,21160,500,287,15,5.2264808362369335,1.313733384896961,11535|11816|12389|16337|17304|17534|18784|21817|66102|67739|70417|80837|101490|170790|320701,Adm|Apoe|Cav1|Insr|Mfge8|Mrc2|Pla2g5|Tgm2|Cxcl16|Slc48a1|Megf10|Rhoj|Inpp5f|Mlc1|Tafa4,-0.8242161547226203,0,7,0,0,-6.659243127314267,3.022533300003571,
1,-6.328365864482337,GO:0042063,M1,1,0,GO Biological Processes,19,gliogenesis,19_GO:0032502 developmental process,-6.328365864482337,4.121453459432554,6.618397756795568,21160,322,287,18,6.2717770034843205,1.4311644750303303,11496|12759|14268|14580|14758|15902|16513|17988|18377|19645|20130|20848|22352|66922|67916|68585|77125|215798,Adam22|Clu|Fn1|Gfap|Gpm6b|Id2|Kcnj10|Ndrg1|Omg|Rb1|Rras|Stat3|Vim|Rras2|Plpp3|Rtn4|Il33|Adgrg6,-3.4270314042746133,0,8,1,1,-6.328365864482337,8.673908587825375,
1,-4.476196677502171,GO:0021782,M1,1,0,GO Biological Processes,19,glial cell development,19_GO:0032502 developmental process,-4.476196677502171,5.015525373912631,5.728660599055718,21160,147,287,10,3.484320557491289,1.082472917319835,11496|12759|14580|14758|15902|16513|17988|18377|22352|215798,Adam22|Clu|Gfap|Gpm6b|Id2|Kcnj10|Ndrg1|Omg|Vim|Adgrg6,-2.1822306175000765,0,8,0,0,-6.328365864482337,8.673908587825375,
1,-3.6490087388969625,GO:0010001,M1,1,0,GO Biological Processes,19,glial cell differentiation,19_GO:0032502 developmental process,-3.6490087388969625,3.4292196742565433,4.603400941385476,21160,258,287,12,4.181184668989547,1.1815010851268668,11496|12759|14580|14758|15902|16513|17988|18377|20848|22352|67916|215798,Adam22|Clu|Gfap|Gpm6b|Id2|Kcnj10|Ndrg1|Omg|Stat3|Vim|Plpp3|Adgrg6,-1.6468032716810974,0,8,0,0,-6.328365864482337,8.673908587825375,
1,-2.9525514671013258,GO:0022010,M1,1,0,GO Biological Processes,19,central nervous system myelination,19_GO:0032502 developmental process,-2.9525514671013258,8.673908587825375,5.251018198561479,21160,34,287,4,1.3937282229965158,0.6919908761056754,12759|14758|16513|18377,Clu|Gpm6b|Kcnj10|Omg,-1.1786163420495588,0,8,0,0,-6.328365864482337,8.673908587825375,
1,-2.9525514671013258,GO:0032291,M1,1,0,GO Biological Processes,19,axon ensheathment in central nervous system,19_GO:0032502 developmental process,-2.9525514671013258,8.673908587825375,5.251018198561479,21160,34,287,4,1.3937282229965158,0.6919908761056754,12759|14758|16513|18377,Clu|Gpm6b|Kcnj10|Omg,-1.1786163420495588,0,8,0,0,-6.328365864482337,8.673908587825375,
1,-2.9472532563567,GO:0014003,M1,1,0,GO Biological Processes,19,oligodendrocyte development,19_GO:0032502 developmental process,-2.9472532563567,6.355881292803075,4.789379062843014,21160,58,287,5,1.7421602787456445,0.7723012028131504,12759|14758|15902|16513|18377,Clu|Gpm6b|Id2|Kcnj10|Omg,-1.1762525646439825,0,8,0,0,-6.328365864482337,8.673908587825375,
1,-2.2594242069490615,GO:0042552,M1,1,0,GO Biological Processes,19,myelination,19_GO:0032502 developmental process,-2.2594242069490615,3.308317698561601,3.3931492039573397,21160,156,287,7,2.4390243902439024,0.9105529182275091,11496|12759|14758|16513|17988|18377|215798,Adam22|Clu|Gpm6b|Kcnj10|Ndrg1|Omg|Adgrg6,-0.6932740186396248,0,8,0,0,-6.328365864482337,8.673908587825375,
1,-2.2151520463276877,GO:0007272,M1,1,0,GO Biological Processes,19,ensheathment of neurons,19_GO:0032502 developmental process,-2.2151520463276877,3.2458966099094955,3.3332233491092205,21160,159,287,7,2.4390243902439024,0.9105529182275091,11496|12759|14758|16513|17988|18377|215798,Adam22|Clu|Gpm6b|Kcnj10|Ndrg1|Omg|Adgrg6,-0.6660001042313265,0,8,0,0,-6.328365864482337,8.673908587825375,
1,-2.2151520463276877,GO:0008366,M1,1,0,GO Biological Processes,19,axon ensheathment,19_GO:0032502 developmental process,-2.2151520463276877,3.2458966099094955,3.3332233491092205,21160,159,287,7,2.4390243902439024,0.9105529182275091,11496|12759|14758|16513|17988|18377|215798,Adam22|Clu|Gpm6b|Kcnj10|Ndrg1|Omg|Adgrg6,-0.6660001042313265,0,8,0,0,-6.328365864482337,8.673908587825375,
1,-6.271742725408281,GO:0008285,M1,1,0,GO Biological Processes,19,negative regulation of cell population proliferation,19_GO:0048519 negative regulation of biological process,-6.271742725408281,2.824462968162424,5.994211448415729,21160,757,287,29,10.104529616724738,1.779041204107879,11535|11816|12389|12677|14367|14756|16011|17869|17988|18479|18569|18784|19215|19242|19645|19876|20315|20378|20848|29811|50768|56312|74754|77125|94040|211770|216190|216795|235320,Adm|Apoe|Cav1|Vsx2|Fzd5|Gpld1|Igfbp5|Myc|Ndrg1|Pak1|Pdcd4|Pla2g5|Ptgds|Ptn|Rb1|Robo1|Cxcl12|Frzb|Stat3|Ndrg2|Dlc1|Nupr1|Dhcr24|Il33|Clmn|Trib1|Appl2|Wnt9a|Zbtb16,-3.389713420395944,0,9,1,1,-6.271742725408281,3.3717175150845584,
1,-4.339738752808537,GO:0030336,M1,1,0,GO Biological Processes,19,negative regulation of cell migration,19_GO:0040011 locomotion,-4.339738752808537,3.3717175150845584,5.076103637120458,21160,328,287,15,5.2264808362369335,1.313733384896961,11816|11852|11932|12389|16011|17965|18645|19242|19876|20130|20315|20848|50768|77125|211770,Apoe|Rhob|Atp1b2|Cav1|Igfbp5|Nbl1|Pfn2|Ptn|Robo1|Rras|Cxcl12|Stat3|Dlc1|Il33|Trib1,-2.1000805548452055,0,9,0,0,-6.271742725408281,3.3717175150845584,
1,-4.106656171234844,GO:2000146,M1,1,0,GO Biological Processes,19,negative regulation of cell motility,19_GO:0040011 locomotion,-4.106656171234844,3.2148934446155093,4.856568297278843,21160,344,287,15,5.2264808362369335,1.313733384896961,11816|11852|11932|12389|16011|17965|18645|19242|19876|20130|20315|20848|50768|77125|211770,Apoe|Rhob|Atp1b2|Cav1|Igfbp5|Nbl1|Pfn2|Ptn|Robo1|Rras|Cxcl12|Stat3|Dlc1|Il33|Trib1,-1.942080276252539,0,9,0,0,-6.271742725408281,3.3717175150845584,
1,-3.8618955712000305,GO:0040013,M1,1,0,GO Biological Processes,19,negative regulation of locomotion,19_GO:0040011 locomotion,-3.8618955712000305,3.055036864496506,4.6244405036497955,21160,362,287,15,5.2264808362369335,1.313733384896961,11816|11852|11932|12389|16011|17965|18645|19242|19876|20130|20315|20848|50768|77125|211770,Apoe|Rhob|Atp1b2|Cav1|Igfbp5|Nbl1|Pfn2|Ptn|Robo1|Rras|Cxcl12|Stat3|Dlc1|Il33|Trib1,-1.770426774553157,0,9,0,0,-6.271742725408281,3.3717175150845584,
1,-3.626013546667406,GO:0045862,M1,1,0,GO Biological Processes,19,positive regulation of proteolysis,19_GO:0048518 positive regulation of biological process,-3.626013546667406,3.0448233685876684,4.450419376702719,21160,339,287,14,4.878048780487805,1.2715179522683246,11816|12306|12389|12759|14756|17869|19876|20848|50768|56312|77125|112407|211770|233744,Apoe|Anxa2|Cav1|Clu|Gpld1|Myc|Robo1|Stat3|Dlc1|Nupr1|Il33|Egln3|Trib1|Spon1,-1.635408719838804,0,9,0,0,-6.271742725408281,3.3717175150845584,
1,-2.13883174453692,GO:0045732,M1,1,0,GO Biological Processes,19,positive regulation of protein catabolic process,19_GO:0048518 positive regulation of biological process,-2.13883174453692,2.863231961029735,3.151106973181352,21160,206,287,8,2.7874564459930316,0.97168220662184,11816|12389|12759|14756|15937|56312|77125|211770,Apoe|Cav1|Clu|Gpld1|Ier3|Nupr1|Il33|Trib1,-0.6179295171282008,0,9,0,0,-6.271742725408281,3.3717175150845584,
1,-6.08708416292144,R-MMU-194315,M1,1,0,Reactome Gene Sets,6,Signaling by Rho GTPases,,-6.08708416292144,3.148536213374335,6.053330553789551,21160,562,287,24,8.362369337979095,1.634032348902039,11671|11852|12389|18645|22151|22352|27360|50768|52428|56455|59079|66442|66922|73710|74194|80837|83397|84004|105827|109294|109711|219140|320557|326618,Aldh3a2|Rhob|Cav1|Pfn2|Tubb2a|Vim|Add3|Dlc1|Rhpn2|Dynll1|Erbin|Spc25|Rras2|Tubb2b|Rnd3|Rhoj|Akap12|Mcam|Amigo2|Prex2|Actn1|Spata13|Fam169a|Tpm4,-3.2412670305635474,0,10,1,1,-6.08708416292144,11.641298367870897,
1,-5.885957024877218,R-MMU-9716542,M1,1,0,Reactome Gene Sets,6,"Signaling by Rho GTPases, Miro GTPases and RHOBTB3",,-5.885957024877218,3.066685185297013,5.9020648483993625,21160,577,287,24,8.362369337979095,1.634032348902039,11671|11852|12389|18645|22151|22352|27360|50768|52428|56455|59079|66442|66922|73710|74194|80837|83397|84004|105827|109294|109711|219140|320557|326618,Aldh3a2|Rhob|Cav1|Pfn2|Tubb2a|Vim|Add3|Dlc1|Rhpn2|Dynll1|Erbin|Spc25|Rras2|Tubb2b|Rnd3|Rhoj|Akap12|Mcam|Amigo2|Prex2|Actn1|Spata13|Fam169a|Tpm4,-3.1193211385669506,0,10,0,0,-6.08708416292144,11.641298367870897,
1,-5.782833679658947,R-MMU-9012999,M1,1,0,Reactome Gene Sets,6,RHO GTPase cycle,,-5.782833679658947,3.6104026725097884,6.085276164405897,21160,388,287,19,6.620209059233449,1.4676461254678037,11671|11852|12389|22352|27360|50768|52428|59079|66922|74194|80837|83397|84004|105827|109294|109711|219140|320557|326618,Aldh3a2|Rhob|Cav1|Vim|Add3|Dlc1|Rhpn2|Erbin|Rras2|Rnd3|Rhoj|Akap12|Mcam|Amigo2|Prex2|Actn1|Spata13|Fam169a|Tpm4,-3.0575904785069046,0,10,0,0,-6.08708416292144,11.641298367870897,
1,-4.945958508516698,R-MMU-9035034,M1,1,0,Reactome Gene Sets,6,RHOF GTPase cycle,,-4.945958508516698,11.641298367870897,7.698657174114887,21160,38,287,6,2.0905923344947737,0.8445122236887297,12389|27360|83397|84004|109711|320557,Cav1|Add3|Akap12|Mcam|Actn1|Fam169a,-2.442564056981012,0,10,0,0,-6.08708416292144,11.641298367870897,
1,-3.6401404104021333,R-MMU-9013026,M1,1,0,Reactome Gene Sets,6,RHOB GTPase cycle,,-3.6401404104021333,6.912020905923345,5.554205840874436,21160,64,287,6,2.0905923344947737,0.8445122236887297,11852|12389|50768|52428|59079|84004,Rhob|Cav1|Dlc1|Rhpn2|Erbin|Mcam,-1.6468032716810974,0,10,0,0,-6.08708416292144,11.641298367870897,
1,-3.3269187233157393,R-MMU-9013405,M1,1,0,Reactome Gene Sets,6,RHOD GTPase cycle,,-3.3269187233157393,7.680023228803716,5.432878389883989,21160,48,287,5,1.7421602787456445,0.7723012028131504,12389|27360|83397|84004|109711,Cav1|Add3|Akap12|Mcam|Actn1,-1.4334096006199721,0,10,0,0,-6.08708416292144,11.641298367870897,
1,-2.2006445856373147,R-MMU-9013149,M1,1,0,Reactome Gene Sets,6,RAC1 GTPase cycle,,-2.2006445856373147,3.225609756097561,3.313564597051329,21160,160,287,7,2.4390243902439024,0.9105529182275091,12389|50768|59079|84004|105827|109294|219140,Cav1|Dlc1|Erbin|Mcam|Amigo2|Prex2|Spata13,-0.6584554296633122,0,10,0,0,-6.08708416292144,11.641298367870897,
1,-2.0767084646594545,R-MMU-8980692,M1,1,0,Reactome Gene Sets,6,RHOA GTPase cycle,,-2.0767084646594545,3.4292196742565433,3.2450976084871104,21160,129,287,6,2.0905923344947737,0.8445122236887297,12389|50768|52428|59079|84004|109294,Cav1|Dlc1|Rhpn2|Erbin|Mcam|Prex2,-0.58749709594343,0,10,0,0,-6.08708416292144,11.641298367870897,
1,-5.932708547180491,WP2432,M1,1,0,WikiPathways,27,Spinal cord injury,,-5.932708547180491,7.299824059060958,7.44159990074679,21160,101,287,10,3.484320557491289,1.082472917319835,11829|11852|12824|14580|17869|18377|18784|19645|22352|68585,Aqp4|Rhob|Col2a1|Gfap|Myc|Omg|Pla2g5|Rb1|Vim|Rtn4,-3.1203151703095484,0,11,1,1,-5.932708547180491,18.43205574912892,
1,-5.273880329590596,GO:0014015,M1,1,0,GO Biological Processes,19,positive regulation of gliogenesis,19_GO:0032502 developmental process,-5.273880329590596,7.059085180517459,6.903606451980322,21160,94,287,9,3.1358885017421603,1.0287759606825233,14580|15902|17869|18606|19242|20539|22352|68585|77125,Gfap|Id2|Myc|Enpp2|Ptn|Slc7a5|Vim|Rtn4|Il33,-2.69288102024224,0,11,0,0,-5.932708547180491,18.43205574912892,
1,-4.553186557305202,GO:0014013,M1,1,0,GO Biological Processes,19,regulation of gliogenesis,19_GO:0032502 developmental process,-4.553186557305202,5.120015485869144,5.817027884915983,21160,144,287,10,3.484320557491289,1.082472917319835,14580|15902|17869|18606|19242|19645|20539|22352|68585|77125,Gfap|Id2|Myc|Enpp2|Ptn|Rb1|Slc7a5|Vim|Rtn4|Il33,-2.223243268658989,0,11,0,0,-5.932708547180491,18.43205574912892,
1,-3.9208795936233485,GO:0060251,M1,1,0,GO Biological Processes,19,regulation of glial cell proliferation,19_GO:0032502 developmental process,-3.9208795936233485,7.7608655785805984,5.993268169896744,21160,57,287,6,2.0905923344947737,0.8445122236887297,14580|17869|19242|19645|20539|22352,Gfap|Myc|Ptn|Rb1|Slc7a5|Vim,-1.8138430197498254,0,11,0,0,-5.932708547180491,18.43205574912892,
1,-3.304417633506148,GO:0060020,M1,1,0,GO Biological Processes,19,Bergmann glial cell differentiation,19_GO:0032502 developmental process,-3.304417633506148,18.43205574912892,7.082729559354406,21160,12,287,3,1.0452961672473868,0.6003395457574546,14580|22352|67916,Gfap|Vim|Plpp3,-1.4261484773671176,0,11,0,0,-5.932708547180491,18.43205574912892,
1,-3.1071675800135705,GO:0060252,M1,1,0,GO Biological Processes,19,positive regulation of glial cell proliferation,19_GO:0032502 developmental process,-3.1071675800135705,9.513319096324604,5.562068951345384,21160,31,287,4,1.3937282229965158,0.6919908761056754,14580|17869|20539|22352,Gfap|Myc|Slc7a5|Vim,-1.281711730303386,0,11,0,0,-5.932708547180491,18.43205574912892,
1,-2.4274137367590014,GO:0048708,M1,1,0,GO Biological Processes,19,astrocyte differentiation,19_GO:0032502 developmental process,-2.4274137367590014,4.850540986612873,3.943193815581355,21160,76,287,5,1.7421602787456445,0.7723012028131504,14580|15902|20848|22352|67916,Gfap|Id2|Stat3|Vim|Plpp3,-0.8119618788856653,0,11,0,0,-5.932708547180491,18.43205574912892,
1,-5.861122837352515,GO:0010594,M1,1,0,GO Biological Processes,19,regulation of endothelial cell migration,19_GO:0040011 locomotion,-5.861122837352515,5.237524038003846,6.750906789467235,21160,183,287,13,4.529616724738676,1.2275073817001454,11816|11852|12822|14645|14751|14756|16002|19242|20130|20351|22339|67916|80837,Apoe|Rhob|Col18a1|Glul|Gpi1|Gpld1|Igf2|Ptn|Rras|Sema4a|Vegfa|Plpp3|Rhoj,-3.108727390156858,0,12,1,1,-5.861122837352515,6.018630448695157,
1,-4.5611976651682244,GO:0010595,M1,1,0,GO Biological Processes,19,positive regulation of endothelial cell migration,19_GO:0040011 locomotion,-4.5611976651682244,5.7700348432055755,6.0143969430336774,21160,115,287,9,3.1358885017421603,1.0287759606825233,11852|12822|14751|14756|16002|20130|22339|67916|80837,Rhob|Col18a1|Gpi1|Gpld1|Igf2|Rras|Vegfa|Plpp3|Rhoj,-2.223243268658989,0,12,0,0,-5.861122837352515,6.018630448695157,
1,-3.786895309078804,GO:1901342,M1,1,0,GO Biological Processes,19,regulation of vasculature development,19_GO:0032502 developmental process,-3.786895309078804,3.1565600059670325,4.608457612707883,21160,327,287,14,4.878048780487805,1.2715179522683246,11535|11852|14645|16002|19242|20130|20315|20351|20848|21817|22339|27279|68585|80837,Adm|Rhob|Glul|Igf2|Ptn|Rras|Cxcl12|Sema4a|Stat3|Tgm2|Vegfa|Tnfrsf12a|Rtn4|Rhoj,-1.719229427104555,0,12,0,0,-5.861122837352515,6.018630448695157,
1,-3.338364946338436,GO:0045765,M1,1,0,GO Biological Processes,19,regulation of angiogenesis,19_GO:0032502 developmental process,-3.338364946338436,2.9952090592334497,4.21706816452307,21160,320,287,13,4.529616724738676,1.2275073817001454,11535|11852|14645|16002|19242|20130|20351|20848|21817|22339|27279|68585|80837,Adm|Rhob|Glul|Igf2|Ptn|Rras|Sema4a|Stat3|Tgm2|Vegfa|Tnfrsf12a|Rtn4|Rhoj,-1.4409607797591446,0,12,0,0,-5.861122837352515,6.018630448695157,
1,-2.9733240456728938,GO:1904018,M1,1,0,GO Biological Processes,19,positive regulation of vasculature development,19_GO:0032502 developmental process,-2.9733240456728938,3.548417149564926,4.104470370770771,21160,187,287,9,3.1358885017421603,1.0287759606825233,11535|11852|16002|20130|20315|20848|21817|22339|68585,Adm|Rhob|Igf2|Rras|Cxcl12|Stat3|Tgm2|Vegfa|Rtn4,-1.1934598936288712,0,12,0,0,-5.861122837352515,6.018630448695157,
1,-2.4287266563140952,GO:0045766,M1,1,0,GO Biological Processes,19,positive regulation of angiogenesis,19_GO:0032502 developmental process,-2.4287266563140952,3.2055749128919864,3.5234285471302096,21160,184,287,8,2.7874564459930316,0.97168220662184,11535|11852|16002|20130|20848|21817|22339|68585,Adm|Rhob|Igf2|Rras|Stat3|Tgm2|Vegfa|Rtn4,-0.8119618788856653,0,12,0,0,-5.861122837352515,6.018630448695157,
1,-2.361725064207379,GO:1903670,M1,1,0,GO Biological Processes,19,regulation of sprouting angiogenesis,19_GO:0032502 developmental process,-2.361725064207379,6.018630448695157,4.124059623264152,21160,49,287,4,1.3937282229965158,0.6919908761056754,14645|21817|22339|80837,Glul|Tgm2|Vegfa|Rhoj,-0.7554576526899596,0,12,0,0,-5.861122837352515,6.018630448695157,
1,-5.355463427239207,GO:1902430,M1,1,0,GO Biological Processes,19,negative regulation of amyloid-beta formation,19_GO:0048519 negative regulation of biological process,-5.355463427239207,19.40216394645149,9.409770125152765,21160,19,287,5,1.7421602787456445,0.7723012028131504,11816|12759|20168|68585|233744,Apoe|Clu|Rtn3|Rtn4|Spon1,-2.7042166204431677,0,13,1,1,-5.355463427239207,19.40216394645149,
1,-5.122087634386422,GO:1902992,M1,1,0,GO Biological Processes,19,negative regulation of amyloid precursor protein catabolic process,19_GO:0048519 negative regulation of biological process,-5.122087634386422,17.554338808694208,8.89969961576057,21160,21,287,5,1.7421602787456445,0.7723012028131504,11816|12759|20168|68585|233744,Apoe|Clu|Rtn3|Rtn4|Spon1,-2.5595717307320793,0,13,0,0,-5.355463427239207,19.40216394645149,
1,-4.91331509313189,GO:0034249,M1,1,0,GO Biological Processes,19,negative regulation of amide metabolic process,19_GO:0048519 negative regulation of biological process,-4.91331509313189,16.02787456445993,8.455433666421133,21160,23,287,5,1.7421602787456445,0.7723012028131504,11816|12759|20168|68585|233744,Apoe|Clu|Rtn3|Rtn4|Spon1,-2.4386326142370205,0,13,0,0,-5.355463427239207,19.40216394645149,
1,-3.970326904800561,GO:0080164,M1,1,0,GO Biological Processes,19,regulation of nitric oxide metabolic process,19_GO:0050789 regulation of biological process,-3.970326904800561,6.451219512195122,5.727952951233301,21160,80,287,7,2.4390243902439024,0.9105529182275091,11816|11898|12389|12759|16337|56455|109648,Apoe|Ass1|Cav1|Clu|Insr|Dynll1|Npy,-1.840513116077468,0,13,0,0,-5.355463427239207,19.40216394645149,
1,-3.7570911644047102,GO:1902003,M1,1,0,GO Biological Processes,19,regulation of amyloid-beta formation,19_GO:0050789 regulation of biological process,-3.7570911644047102,9.452336281604573,6.1950941896290255,21160,39,287,5,1.7421602787456445,0.7723012028131504,11816|12759|20168|68585|233744,Apoe|Clu|Rtn3|Rtn4|Spon1,-1.7080671798413516,0,13,0,0,-5.355463427239207,19.40216394645149,
1,-3.413957561153573,GO:1902991,M1,1,0,GO Biological Processes,19,regulation of amyloid precursor protein catabolic process,19_GO:0050789 regulation of biological process,-3.413957561153573,8.013937282229964,5.584079806175968,21160,46,287,5,1.7421602787456445,0.7723012028131504,11816|12759|20168|68585|233744,Apoe|Clu|Rtn3|Rtn4|Spon1,-1.4924197148575622,0,13,0,0,-5.355463427239207,19.40216394645149,
1,-3.2038807735505714,GO:0045428,M1,1,0,GO Biological Processes,19,regulation of nitric oxide biosynthetic process,19_GO:0050789 regulation of biological process,-3.2038807735505714,5.7450563373908325,4.891213413890082,21160,77,287,6,2.0905923344947737,0.8445122236887297,11816|11898|12389|12759|16337|56455,Apoe|Ass1|Cav1|Clu|Insr|Dynll1,-1.3563229796163778,0,13,0,0,-5.355463427239207,19.40216394645149,
1,-3.0525651951832766,GO:1904407,M1,1,0,GO Biological Processes,19,positive regulation of nitric oxide metabolic process,19_GO:0048518 positive regulation of biological process,-3.0525651951832766,6.70256572695597,4.965409229956768,21160,55,287,5,1.7421602787456445,0.7723012028131504,11816|11898|12759|16337|109648,Apoe|Ass1|Clu|Insr|Npy,-1.2512878232177953,0,13,0,0,-5.355463427239207,19.40216394645149,
1,-2.624803971690911,GO:0071786,M1,1,0,GO Biological Processes,19,endoplasmic reticulum tubular network organization,19_GO:0009987 cellular process,-2.624803971690911,11.059233449477352,5.277442067473983,21160,20,287,3,1.0452961672473868,0.6003395457574546,20168|68585|225362,Rtn3|Rtn4|Reep2,-0.944115530897036,0,13,0,0,-5.355463427239207,19.40216394645149,
1,-2.452223086975817,GO:0034248,M1,1,0,GO Biological Processes,19,regulation of amide metabolic process,19_GO:0050789 regulation of biological process,-2.452223086975817,4.915214866434378,3.9828643123734615,21160,75,287,5,1.7421602787456445,0.7723012028131504,11816|12759|20168|68585|233744,Apoe|Clu|Rtn3|Rtn4|Spon1,-0.8286020009196443,0,13,0,0,-5.355463427239207,19.40216394645149,
1,-2.2927633852104985,GO:1902993,M1,1,0,GO Biological Processes,19,positive regulation of amyloid precursor protein catabolic process,19_GO:0048518 positive regulation of biological process,-2.2927633852104985,8.507102653444118,4.49121926365274,21160,26,287,3,1.0452961672473868,0.6003395457574546,11816|12759|233744,Apoe|Clu|Spon1,-0.7183231247466808,0,13,0,0,-5.355463427239207,19.40216394645149,
1,-2.2395067542181466,GO:0045429,M1,1,0,GO Biological Processes,19,positive regulation of nitric oxide biosynthetic process,19_GO:0048518 positive regulation of biological process,-2.2395067542181466,5.564394188416278,3.901251103874178,21160,53,287,4,1.3937282229965158,0.6919908761056754,11816|11898|12759|16337,Apoe|Ass1|Clu|Insr,-0.6828095277479378,0,13,0,0,-5.355463427239207,19.40216394645149,
1,-2.2262032548173316,GO:0045807,M1,1,0,GO Biological Processes,19,positive regulation of endocytosis,19_GO:0051179 localization,-2.2262032548173316,2.96394866317651,3.2639744585609316,21160,199,287,8,2.7874564459930316,0.97168220662184,11816|12306|12389|12759|16337|18784|22339|216190,Apoe|Anxa2|Cav1|Clu|Insr|Pla2g5|Vegfa|Appl2,-0.6726421938159154,0,13,0,0,-5.355463427239207,19.40216394645149,
1,-5.330370894965647,GO:0061061,M1,1,0,GO Biological Processes,19,muscle structure development,19_GO:0032502 developmental process,-5.330370894965647,2.928754972227739,5.517968098026548,21160,579,287,23,8.013937282229966,1.6026660469501974,11443|11535|11898|12389|12804|13609|16002|16011|16828|17869|18007|18595|19645|22339|23828|50527|53318|56312|70417|71371|74103|109711|217082,Chrnb1|Adm|Ass1|Cav1|Cntfr|S1pr1|Igf2|Igfbp5|Ldha|Myc|Neo1|Pdgfra|Rb1|Vegfa|Popdc1|Ero1a|Pdlim3|Nupr1|Megf10|Arid5b|Nebl|Actn1|Hlf,-2.7042166204431677,0,14,1,1,-5.330370894965647,5.0498782874325805,
1,-4.22138709475164,GO:0060538,M1,1,0,GO Biological Processes,19,skeletal muscle organ development,19_GO:0032502 developmental process,-4.22138709475164,4.268476068219329,5.306632051005112,21160,190,287,11,3.832752613240418,1.1332560297759222,11898|12389|12804|16828|17869|19645|23828|50527|56312|70417|217082,Ass1|Cav1|Cntfr|Ldha|Myc|Rb1|Popdc1|Ero1a|Nupr1|Megf10|Hlf,-2.00701373140692,0,14,0,0,-5.330370894965647,5.0498782874325805,
1,-3.286697070175008,GO:0060537,M1,1,0,GO Biological Processes,19,muscle tissue development,19_GO:0032502 developmental process,-3.286697070175008,2.697374012067647,4.069644818505711,21160,410,287,15,5.2264808362369335,1.313733384896961,12389|13609|14284|15902|16828|17869|18595|19645|22339|23828|50527|56312|70417|74103|217082,Cav1|S1pr1|Fosl2|Id2|Ldha|Myc|Pdgfra|Rb1|Vegfa|Popdc1|Ero1a|Nupr1|Megf10|Nebl|Hlf,-1.4158519321151846,0,14,0,0,-5.330370894965647,5.0498782874325805,
1,-3.2255513006023206,GO:0007517,M1,1,0,GO Biological Processes,19,muscle organ development,19_GO:0032502 developmental process,-3.2255513006023206,2.9132732491024433,4.101247417873125,21160,329,287,13,4.529616724738676,1.2275073817001454,11898|12389|12804|13609|16828|17869|19645|23828|50527|56312|70417|71371|217082,Ass1|Cav1|Cntfr|S1pr1|Ldha|Myc|Rb1|Popdc1|Ero1a|Nupr1|Megf10|Arid5b|Hlf,-1.374332753316439,0,14,0,0,-5.330370894965647,5.0498782874325805,
1,-3.1775424950458353,GO:0007519,M1,1,0,GO Biological Processes,19,skeletal muscle tissue development,19_GO:0032502 developmental process,-3.1775424950458353,3.7917371826779496,4.34845669640006,21160,175,287,9,3.1358885017421603,1.0287759606825233,12389|16828|17869|19645|23828|50527|56312|70417|217082,Cav1|Ldha|Myc|Rb1|Popdc1|Ero1a|Nupr1|Megf10|Hlf,-1.3369058751917233,0,14,0,0,-5.330370894965647,5.0498782874325805,
1,-3.077855020249744,GO:0014706,M1,1,0,GO Biological Processes,19,striated muscle tissue development,19_GO:0032502 developmental process,-3.077855020249744,2.6810262907823885,3.9032865523801323,21160,385,287,14,4.878048780487805,1.2715179522683246,12389|13609|15902|16828|17869|18595|19645|22339|23828|50527|56312|70417|74103|217082,Cav1|S1pr1|Id2|Ldha|Myc|Pdgfra|Rb1|Vegfa|Popdc1|Ero1a|Nupr1|Megf10|Nebl|Hlf,-1.2622326732486029,0,14,0,0,-5.330370894965647,5.0498782874325805,
1,-3.0471008142647733,GO:0042692,M1,1,0,GO Biological Processes,19,muscle cell differentiation,19_GO:0032502 developmental process,-3.0471008142647733,2.7862409853334413,3.916667576835253,21160,344,287,13,4.529616724738676,1.2275073817001454,11443|11535|16002|16011|17869|18007|18595|19645|22339|23828|70417|74103|109711,Chrnb1|Adm|Igf2|Igfbp5|Myc|Neo1|Pdgfra|Rb1|Vegfa|Popdc1|Megf10|Nebl|Actn1,-1.2473884691529196,0,14,0,0,-5.330370894965647,5.0498782874325805,
1,-2.5030722054273244,GO:0035914,M1,1,0,GO Biological Processes,19,skeletal muscle cell differentiation,19_GO:0032502 developmental process,-2.5030722054273244,5.0498782874325805,4.064359204394038,21160,73,287,5,1.7421602787456445,0.7723012028131504,17869|19645|56312|70417|217082,Myc|Rb1|Nupr1|Megf10|Hlf,-0.8633448408324511,0,14,0,0,-5.330370894965647,5.0498782874325805,
1,-2.175756450844593,GO:0055001,M1,1,0,GO Biological Processes,19,muscle cell development,19_GO:0032502 developmental process,-2.175756450844593,2.905545733852835,3.198887153441529,21160,203,287,8,2.7874564459930316,0.97168220662184,11443|11535|18595|22339|23828|70417|74103|109711,Chrnb1|Adm|Pdgfra|Vegfa|Popdc1|Megf10|Nebl|Actn1,-0.6412692707904939,0,14,0,0,-5.330370894965647,5.0498782874325805,
1,-2.1374107885573417,GO:0055006,M1,1,0,GO Biological Processes,19,cardiac cell development,19_GO:0032502 developmental process,-2.1374107885573417,4.142034999804252,3.4830485595566607,21160,89,287,5,1.7421602787456445,0.7723012028131504,18569|18595|22339|23828|74103,Pdcd4|Pdgfra|Vegfa|Popdc1|Nebl,-0.6179295171282008,0,14,0,0,-5.330370894965647,5.0498782874325805,
1,-2.019274831982016,GO:0051146,M1,1,0,GO Biological Processes,19,striated muscle cell differentiation,19_GO:0032502 developmental process,-2.019274831982016,2.5423525171212304,2.9399316138536276,21160,261,287,9,3.1358885017421603,1.0287759606825233,16002|16011|17869|18007|18595|19645|22339|23828|74103,Igf2|Igfbp5|Myc|Neo1|Pdgfra|Rb1|Vegfa|Popdc1|Nebl,-0.5493041359332796,0,14,0,0,-5.330370894965647,5.0498782874325805,
1,-5.278640096275354,R-MMU-9675108,M1,1,0,Reactome Gene Sets,6,Nervous system development,,-5.278640096275354,4.318808041636902,6.050425887417228,21160,239,287,14,4.878048780487805,1.2715179522683246,11852|12824|12841|17967|18645|19876|20130|20315|20351|20450|22151|73710|104099|215798,Rhob|Col2a1|Col9a3|Ncam1|Pfn2|Robo1|Rras|Cxcl12|Sema4a|St8sia2|Tubb2a|Tubb2b|Itga9|Adgrg6,-2.69288102024224,0,15,1,1,-5.278640096275354,7.9706187023260195,
1,-4.6203348450210795,R-MMU-422475,M1,1,0,Reactome Gene Sets,6,Axon guidance,,-4.6203348450210795,4.027171844347495,5.507062890251041,21160,238,287,13,4.529616724738676,1.2275073817001454,11852|12824|12841|17967|18645|19876|20130|20315|20351|20450|22151|73710|104099,Rhob|Col2a1|Col9a3|Ncam1|Pfn2|Robo1|Rras|Cxcl12|Sema4a|St8sia2|Tubb2a|Tubb2b|Itga9,-2.273276614246063,0,15,0,0,-5.278640096275354,7.9706187023260195,
1,-2.812835440399698,R-MMU-9646399,M1,1,0,Reactome Gene Sets,6,Aggrephagy,,-2.812835440399698,7.9706187023260195,4.976115713467634,21160,37,287,4,1.3937282229965158,0.6919908761056754,22151|22352|56455|73710,Tubb2a|Vim|Dynll1|Tubb2b,-1.07962330957638,0,15,0,0,-5.278640096275354,7.9706187023260195,
1,-2.616084157983923,mmu05132,M1,1,0,KEGG Pathway,24,Salmonella infection - Mus musculus (house mouse),,-2.616084157983923,2.925723134782368,3.606068345652012,21160,252,287,10,3.484320557491289,1.082472917319835,11852|12306|17869|18479|18645|20130|22151|56455|73710|80837,Rhob|Anxa2|Myc|Pak1|Pfn2|Rras|Tubb2a|Dynll1|Tubb2b|Rhoj,-0.944115530897036,0,15,0,0,-5.278640096275354,7.9706187023260195,
1,-2.532443692914268,R-MMU-1266738,M1,1,0,Reactome Gene Sets,6,Developmental Biology,,-2.532443692914268,2.2616019324084564,3.309726541651405,21160,489,287,15,5.2264808362369335,1.313733384896961,11496|11852|12824|12841|17967|18645|19876|20130|20315|20351|20450|22151|73710|104099|215798,Adam22|Rhob|Col2a1|Col9a3|Ncam1|Pfn2|Robo1|Rras|Cxcl12|Sema4a|St8sia2|Tubb2a|Tubb2b|Itga9|Adgrg6,-0.8827652452416933,0,15,0,0,-5.278640096275354,7.9706187023260195,
1,-2.0610148175368606,R-MMU-5663220,M1,1,0,Reactome Gene Sets,6,RHO GTPases Activate Formins,,-2.0610148175368606,3.402841061377647,3.2223533805887272,21160,130,287,6,2.0905923344947737,0.8445122236887297,11852|18645|22151|56455|66442|73710,Rhob|Pfn2|Tubb2a|Dynll1|Spc25|Tubb2b,-0.5776801599301428,0,15,0,0,-5.278640096275354,7.9706187023260195,
1,-2.0499744061356893,R-MMU-373760,M1,1,0,Reactome Gene Sets,6,L1CAM interactions,,-2.0499744061356893,4.915214866434379,3.561115664350131,21160,60,287,4,1.3937282229965158,0.6919908761056754,17967|22151|73710|104099,Ncam1|Tubb2a|Tubb2b|Itga9,-0.5696452586686966,0,15,0,0,-5.278640096275354,7.9706187023260195,
1,-2.022635461907717,R-MMU-948021,M1,1,0,Reactome Gene Sets,6,Transport to the Golgi and subsequent modification,,-2.022635461907717,2.9832228958127733,3.071252188873094,21160,173,287,7,2.4390243902439024,0.9105529182275091,20450|21802|22151|56455|73710|105522|105785,St8sia2|Tgfa|Tubb2a|Dynll1|Tubb2b|Ankrd28|Kdelr3,-0.5519330142420498,0,15,0,0,-5.278640096275354,7.9706187023260195,
1,-5.014942864821084,mmu04964,M1,1,0,KEGG Pathway,24,Proximal tubule bicarbonate reclamation - Mus musculus (house mouse),,-5.014942864821084,16.756414317389925,8.670274888082321,21160,22,287,5,1.7421602787456445,0.7723012028131504,11928|11932|11933|12349|54403,Atp1a1|Atp1b2|Atp1b3|Car2|Slc4a4,-2.5035794836141223,0,16,1,1,-5.014942864821084,19.660859465737516,
1,-4.816683577020681,R-MMU-210991,M1,1,0,Reactome Gene Sets,6,Basigin interactions,,-4.816683577020681,15.360046457607432,8.253651867916194,21160,24,287,5,1.7421602787456445,0.7723012028131504,11932|11933|12389|20539|80879,Atp1b2|Atp1b3|Cav1|Slc7a5|Slc16a3,-2.385839792633607,0,16,0,0,-5.014942864821084,19.660859465737516,
1,-4.3956874668068115,GO:0036376,M1,1,0,GO Biological Processes,19,sodium ion export across plasma membrane,19_GO:0051179 localization,-4.3956874668068115,19.660859465737516,8.477533372937732,21160,15,287,4,1.3937282229965158,0.6919908761056754,11928|11932|11933|54403,Atp1a1|Atp1b2|Atp1b3|Slc4a4,-2.1296539310657296,0,16,0,0,-5.014942864821084,19.660859465737516,
1,-3.98671360429835,GO:0055075,M1,1,0,GO Biological Processes,19,potassium ion homeostasis,19_GO:0042592 homeostatic process,-3.98671360429835,10.532603285216524,6.6182514578659,21160,35,287,5,1.7421602787456445,0.7723012028131504,11928|11932|11933|16513|20498,Atp1a1|Atp1b2|Atp1b3|Kcnj10|Slc12a4,-1.8501664329162884,0,16,0,0,-5.014942864821084,19.660859465737516,
1,-3.9458973044349834,R-MMU-202733,M1,1,0,Reactome Gene Sets,6,Cell surface interactions at the vascular wall,,-3.9458973044349834,5.461349851593754,5.450389752393533,21160,108,287,8,2.7874564459930316,0.97168220662184,11932|11933|12389|14268|20539|20970|67374|80879,Atp1b2|Atp1b3|Cav1|Fn1|Slc7a5|Sdc3|Jam2|Slc16a3,-1.825736928984273,0,16,0,0,-5.014942864821084,19.660859465737516,
1,-3.811872727571067,mmu04960,M1,1,0,KEGG Pathway,24,Aldosterone-regulated sodium reabsorption - Mus musculus (house mouse),,-3.811872727571067,9.701081973225746,6.294969358061404,21160,38,287,5,1.7421602787456445,0.7723012028131504,11928|11932|11933|16337|16367,Atp1a1|Atp1b2|Atp1b3|Insr|Irs1,-1.7332193103693283,0,16,0,0,-5.014942864821084,19.660859465737516,
1,-3.677980487241566,GO:0140115,M1,1,0,GO Biological Processes,19,export across plasma membrane,19_GO:0051179 localization,-3.677980487241566,7.021735523477684,5.612775629070347,21160,63,287,6,2.0905923344947737,0.8445122236887297,11928|11932|11933|27416|54403|66240,Atp1a1|Atp1b2|Atp1b3|Abcc5|Slc4a4|Kcne5,-1.6517072904255423,0,16,0,0,-5.014942864821084,19.660859465737516,
1,-3.553086914469494,GO:1990573,M1,1,0,GO Biological Processes,19,potassium ion import across plasma membrane,19_GO:0051179 localization,-3.553086914469494,8.573049185641358,5.828878146434578,21160,43,287,5,1.7421602787456445,0.7723012028131504,11928|11932|11933|16513|20498,Atp1a1|Atp1b2|Atp1b3|Kcnj10|Slc12a4,-1.5948870824473378,0,16,0,0,-5.014942864821084,19.660859465737516,
1,-3.4751500849549366,GO:0086009,M1,1,0,GO Biological Processes,19,membrane repolarization,19_GO:0065007 biological regulation,-3.4751500849549366,11.796515679442509,6.333570063082522,21160,25,287,4,1.3937282229965158,0.6919908761056754,11928|11932|11933|66240,Atp1a1|Atp1b2|Atp1b3|Kcne5,-1.5280581341865378,0,16,0,0,-5.014942864821084,19.660859465737516,
1,-3.1384565121002908,GO:0035725,M1,1,0,GO Biological Processes,19,sodium ion transmembrane transport,19_GO:0051179 localization,-3.1384565121002908,4.153702704029053,4.421456024506721,21160,142,287,8,2.7874564459930316,0.97168220662184,11928|11932|11933|16525|54403|94249|232333|243616,Atp1a1|Atp1b2|Atp1b3|Kcnk1|Slc4a4|Slc24a3|Slc6a1|Slc6a11,-1.3063190770335908,0,16,0,0,-5.014942864821084,19.660859465737516,
1,-3.1212747935944516,GO:0030001,M1,1,0,GO Biological Processes,19,metal ion transport,19_GO:0051179 localization,-3.1212747935944516,2.2274387612240383,3.7624363806571814,21160,662,287,20,6.968641114982578,1.5029612494846223,11928|11932|11933|12389|14168|16513|16525|20498|22295|27416|50527|54403|59049|66240|67739|94249|232333|234267|243616|338365,Atp1a1|Atp1b2|Atp1b3|Cav1|Fgf13|Kcnj10|Kcnk1|Slc12a4|Cdh23|Abcc5|Ero1a|Slc4a4|Slc22a17|Kcne5|Slc48a1|Slc24a3|Slc6a1|Gpm6a|Slc6a11|Slc41a2,-1.2908174166457735,0,16,0,0,-5.014942864821084,19.660859465737516,
1,-2.9322828595510035,GO:0034220,M1,1,0,GO Biological Processes,19,monoatomic ion transmembrane transport,19_GO:0051179 localization,-2.9322828595510035,2.058402164877341,3.5505290928194317,21160,788,287,22,7.665505226480836,1.5704041427847593,11443|11928|11932|11933|16513|16525|20498|20511|27416|50527|54403|57738|57776|66240|67739|78339|94249|94282|232333|234267|243616|338365,Chrnb1|Atp1a1|Atp1b2|Atp1b3|Kcnj10|Kcnk1|Slc12a4|Slc1a2|Abcc5|Ero1a|Slc4a4|Slc15a2|Ttyh1|Kcne5|Slc48a1|Ttyh3|Slc24a3|Sfxn5|Slc6a1|Gpm6a|Slc6a11|Slc41a2,-1.1627419825973289,0,16,0,0,-5.014942864821084,19.660859465737516,
1,-2.91610986537912,GO:0030007,M1,1,0,GO Biological Processes,19,intracellular potassium ion homeostasis,19_GO:0042592 homeostatic process,-2.91610986537912,13.82404181184669,6.017102680522347,21160,16,287,3,1.0452961672473868,0.6003395457574546,11928|11932|11933,Atp1a1|Atp1b2|Atp1b3,-1.1509192199430334,0,16,0,0,-5.014942864821084,19.660859465737516,
1,-2.8971589622780685,mmu04919,M1,1,0,KEGG Pathway,24,Thyroid hormone signaling pathway - Mus musculus (house mouse),,-2.8971589622780685,4.300813008130081,4.251916806861409,21160,120,287,7,2.4390243902439024,0.9105529182275091,11928|11932|11933|13371|17869|18799|56421,Atp1a1|Atp1b2|Atp1b3|Dio2|Myc|Plcd1|Pfkp,-1.1391232477297186,0,16,0,0,-5.014942864821084,19.660859465737516,
1,-2.862881837414908,GO:0006812,M1,1,0,GO Biological Processes,19,monoatomic cation transport,19_GO:0051179 localization,-2.862881837414908,2.0326076515330134,3.486764768104003,21160,798,287,22,7.665505226480836,1.5704041427847593,11443|11928|11932|11933|12389|14168|16513|16525|20498|22295|27416|50527|54403|57738|59049|66240|67739|94249|232333|234267|243616|338365,Chrnb1|Atp1a1|Atp1b2|Atp1b3|Cav1|Fgf13|Kcnj10|Kcnk1|Slc12a4|Cdh23|Abcc5|Ero1a|Slc4a4|Slc15a2|Slc22a17|Kcne5|Slc48a1|Slc24a3|Slc6a1|Gpm6a|Slc6a11|Slc41a2,-1.1138600223726602,0,16,0,0,-5.014942864821084,19.660859465737516,
1,-2.770930203214609,GO:0006814,M1,1,0,GO Biological Processes,19,sodium ion transport,19_GO:0051179 localization,-2.770930203214609,3.3177700348432055,3.8617644794597314,21160,200,287,9,3.1358885017421603,1.0287759606825233,11928|11932|11933|14168|16525|54403|94249|232333|243616,Atp1a1|Atp1b2|Atp1b3|Fgf13|Kcnk1|Slc4a4|Slc24a3|Slc6a1|Slc6a11,-1.0456870020625666,0,16,0,0,-5.014942864821084,19.660859465737516,
1,-2.7366765934373327,GO:0071805,M1,1,0,GO Biological Processes,19,potassium ion transmembrane transport,19_GO:0051179 localization,-2.7366765934373327,3.5964986827568626,3.914153287705063,21160,164,287,8,2.7874564459930316,0.97168220662184,11928|11932|11933|16513|16525|20498|66240|94249,Atp1a1|Atp1b2|Atp1b3|Kcnj10|Kcnk1|Slc12a4|Kcne5|Slc24a3,-1.0231191506104849,0,16,0,0,-5.014942864821084,19.660859465737516,
1,-2.6468330852719073,GO:0042391,M1,1,0,GO Biological Processes,19,regulation of membrane potential,19_GO:0065007 biological regulation,-2.6468330852719073,2.251243450275288,3.400875881023707,21160,524,287,16,5.574912891986063,1.3543215582294061,11443|11928|11932|11933|12389|14168|16513|16525|17869|19242|23828|54403|56455|66240|319504|320701,Chrnb1|Atp1a1|Atp1b2|Atp1b3|Cav1|Fgf13|Kcnj10|Kcnk1|Myc|Ptn|Popdc1|Slc4a4|Dynll1|Kcne5|Nrcam|Tafa4,-0.949623464712485,0,16,0,0,-5.014942864821084,19.660859465737516,
1,-2.631483643799939,GO:0098660,M1,1,0,GO Biological Processes,19,inorganic ion transmembrane transport,19_GO:0051179 localization,-2.631483643799939,2.0255006317724087,3.3017353767742024,21160,728,287,20,6.968641114982578,1.5029612494846223,11928|11932|11933|16513|16525|19775|20498|27416|50527|54403|57738|57776|66240|67739|78339|94249|232333|234267|243616|338365,Atp1a1|Atp1b2|Atp1b3|Kcnj10|Kcnk1|Xpr1|Slc12a4|Abcc5|Ero1a|Slc4a4|Slc15a2|Ttyh1|Kcne5|Slc48a1|Ttyh3|Slc24a3|Slc6a1|Gpm6a|Slc6a11|Slc41a2,-0.944115530897036,0,16,0,0,-5.014942864821084,19.660859465737516,
1,-2.6147864802974143,GO:0098659,M1,1,0,GO Biological Processes,19,inorganic cation import across plasma membrane,19_GO:0051179 localization,-2.6147864802974143,4.423693379790941,4.024035104613875,21160,100,287,6,2.0905923344947737,0.8445122236887297,11928|11932|11933|16513|20498|232333,Atp1a1|Atp1b2|Atp1b3|Kcnj10|Slc12a4|Slc6a1,-0.944115530897036,0,16,0,0,-5.014942864821084,19.660859465737516,
1,-2.6147864802974143,GO:0099587,M1,1,0,GO Biological Processes,19,inorganic ion import across plasma membrane,19_GO:0051179 localization,-2.6147864802974143,4.423693379790941,4.024035104613875,21160,100,287,6,2.0905923344947737,0.8445122236887297,11928|11932|11933|16513|20498|232333,Atp1a1|Atp1b2|Atp1b3|Kcnj10|Slc12a4|Slc6a1,-0.944115530897036,0,16,0,0,-5.014942864821084,19.660859465737516,
1,-2.5930554058336597,mmu04976,M1,1,0,KEGG Pathway,24,Bile secretion - Mus musculus (house mouse),,-2.5930554058336597,4.379894435436575,3.992464211616179,21160,101,287,6,2.0905923344947737,0.8445122236887297,11829|11928|11932|11933|12349|54403,Aqp4|Atp1a1|Atp1b2|Atp1b3|Car2|Slc4a4,-0.9350192353766585,0,16,0,0,-5.014942864821084,19.660859465737516,
1,-2.4613726953824773,GO:1901016,M1,1,0,GO Biological Processes,19,regulation of potassium ion transmembrane transporter activity,19_GO:0051179 localization,-2.4613726953824773,6.411149825783973,4.308035737203815,21160,46,287,4,1.3937282229965158,0.6919908761056754,11932|11933|12389|66240,Atp1b2|Atp1b3|Cav1|Kcne5,-0.8335656060089484,0,16,0,0,-5.014942864821084,19.660859465737516,
1,-2.457446354751918,GO:0006813,M1,1,0,GO Biological Processes,19,potassium ion transport,19_GO:0051179 localization,-2.457446354751918,3.2408010108358543,3.5600248237075323,21160,182,287,8,2.7874564459930316,0.97168220662184,11928|11932|11933|16513|16525|20498|66240|94249,Atp1a1|Atp1b2|Atp1b3|Kcnj10|Kcnk1|Slc12a4|Kcne5|Slc24a3,-0.8306895548428871,0,16,0,0,-5.014942864821084,19.660859465737516,
1,-2.452223086975817,mmu04971,M1,1,0,KEGG Pathway,24,Gastric acid secretion - Mus musculus (house mouse),,-2.452223086975817,4.915214866434378,3.9828643123734615,21160,75,287,5,1.7421602787456445,0.7723012028131504,11928|11932|11933|12349|16513,Atp1a1|Atp1b2|Atp1b3|Car2|Kcnj10,-0.8286020009196443,0,16,0,0,-5.014942864821084,19.660859465737516,
1,-2.3202658940835867,R-MMU-397014,M1,1,0,Reactome Gene Sets,6,Muscle contraction,,-2.3202658940835867,3.3953786906290118,3.4753592331971612,21160,152,287,7,2.4390243902439024,0.9105529182275091,11928|11932|11933|16525|22352|66240|326618,Atp1a1|Atp1b2|Atp1b3|Kcnk1|Vim|Kcne5|Tpm4,-0.7268586431742916,0,16,0,0,-5.014942864821084,19.660859465737516,
1,-2.3146634210330927,mmu04972,M1,1,0,KEGG Pathway,24,Pancreatic secretion - Mus musculus (house mouse),,-2.3146634210330927,3.8466898954703836,3.58930774467386,21160,115,287,6,2.0905923344947737,0.8445122236887297,11928|11932|11933|12349|18784|54403,Atp1a1|Atp1b2|Atp1b3|Car2|Pla2g5|Slc4a4,-0.7250828218811234,0,16,0,0,-5.014942864821084,19.660859465737516,
1,-2.2927633852104985,GO:1902307,M1,1,0,GO Biological Processes,19,positive regulation of sodium ion transmembrane transport,19_GO:0051179 localization,-2.2927633852104985,8.507102653444118,4.49121926365274,21160,26,287,3,1.0452961672473868,0.6003395457574546,11932|11933|14168,Atp1b2|Atp1b3|Fgf13,-0.7183231247466808,0,16,0,0,-5.014942864821084,19.660859465737516,
1,-2.2242123551429596,GO:0098662,M1,1,0,GO Biological Processes,19,inorganic cation transmembrane transport,19_GO:0051179 localization,-2.2242123551429596,1.983195871741719,2.9425330338709896,21160,632,287,17,5.923344947735192,1.393424677697697,11928|11932|11933|16513|16525|20498|27416|50527|54403|57738|66240|67739|94249|232333|234267|243616|338365,Atp1a1|Atp1b2|Atp1b3|Kcnj10|Kcnk1|Slc12a4|Abcc5|Ero1a|Slc4a4|Slc15a2|Kcne5|Slc48a1|Slc24a3|Slc6a1|Gpm6a|Slc6a11|Slc41a2,-0.671536706235998,0,16,0,0,-5.014942864821084,19.660859465737516,
1,-2.201044980218945,GO:0006883,M1,1,0,GO Biological Processes,19,intracellular sodium ion homeostasis,19_GO:0042592 homeostatic process,-2.201044980218945,7.899452463912395,4.28370369112322,21160,28,287,3,1.0452961672473868,0.6003395457574546,11928|11932|11933,Atp1a1|Atp1b2|Atp1b3,-0.6584554296633122,0,16,0,0,-5.014942864821084,19.660859465737516,
1,-2.158993727905915,GO:0098655,M1,1,0,GO Biological Processes,19,monoatomic cation transmembrane transport,19_GO:0051179 localization,-2.158993727905915,1.9523049703127204,2.8732415186832325,21160,642,287,17,5.923344947735192,1.393424677697697,11928|11932|11933|16513|16525|20498|27416|50527|54403|57738|66240|67739|94249|232333|234267|243616|338365,Atp1a1|Atp1b2|Atp1b3|Kcnj10|Kcnk1|Slc12a4|Abcc5|Ero1a|Slc4a4|Slc15a2|Kcne5|Slc48a1|Slc24a3|Slc6a1|Gpm6a|Slc6a11|Slc41a2,-0.6307337137632228,0,16,0,0,-5.014942864821084,19.660859465737516,
1,-4.9148776326655375,GO:0062012,M1,1,0,GO Biological Processes,19,regulation of small molecule metabolic process,19_GO:0050789 regulation of biological process,-4.9148776326655375,3.268738950584439,5.4124353133691,21160,406,287,18,6.2717770034843205,1.4311644750303303,11816|12389|14756|15937|16002|16010|16337|16367|17436|17869|18799|20788|20848|50781|54403|56312|216190|231070,Apoe|Cav1|Gpld1|Ier3|Igf2|Igfbp4|Insr|Irs1|Me1|Myc|Plcd1|Srebf2|Stat3|Dkk3|Slc4a4|Nupr1|Appl2|Insig1,-2.4386326142370205,0,17,1,1,-4.9148776326655375,9.61672473867596,
1,-3.6412985551950294,GO:0006109,M1,1,0,GO Biological Processes,19,regulation of carbohydrate metabolic process,19_GO:0050789 regulation of biological process,-3.6412985551950294,3.669730556387658,4.678231207700331,21160,221,287,11,3.832752613240418,1.1332560297759222,14756|15937|16002|16010|16337|16367|17869|18799|20848|54403|56312,Gpld1|Ier3|Igf2|Igfbp4|Insr|Irs1|Myc|Plcd1|Stat3|Slc4a4|Nupr1,-1.6468032716810974,0,17,0,0,-4.9148776326655375,9.61672473867596,
1,-3.6401404104021333,GO:0006110,M1,1,0,GO Biological Processes,19,regulation of glycolytic process,19_GO:0050789 regulation of biological process,-3.6401404104021333,6.912020905923345,5.554205840874436,21160,64,287,6,2.0905923344947737,0.8445122236887297,15937|16337|17869|20848|54403|56312,Ier3|Insr|Myc|Stat3|Slc4a4|Nupr1,-1.6468032716810974,0,17,0,0,-4.9148776326655375,9.61672473867596,
1,-3.6401404104021333,GO:0030811,M1,1,0,GO Biological Processes,19,regulation of nucleotide catabolic process,19_GO:0050789 regulation of biological process,-3.6401404104021333,6.912020905923345,5.554205840874436,21160,64,287,6,2.0905923344947737,0.8445122236887297,15937|16337|17869|20848|54403|56312,Ier3|Insr|Myc|Stat3|Slc4a4|Nupr1,-1.6468032716810974,0,17,0,0,-4.9148776326655375,9.61672473867596,
1,-3.6401404104021333,GO:0033121,M1,1,0,GO Biological Processes,19,regulation of purine nucleotide catabolic process,19_GO:0050789 regulation of biological process,-3.6401404104021333,6.912020905923345,5.554205840874436,21160,64,287,6,2.0905923344947737,0.8445122236887297,15937|16337|17869|20848|54403|56312,Ier3|Insr|Myc|Stat3|Slc4a4|Nupr1,-1.6468032716810974,0,17,0,0,-4.9148776326655375,9.61672473867596,
1,-3.3415977020619803,GO:1900542,M1,1,0,GO Biological Processes,19,regulation of purine nucleotide metabolic process,19_GO:0050789 regulation of biological process,-3.3415977020619803,5.109876841342671,4.854748133898831,21160,101,287,7,2.4390243902439024,0.9105529182275091,15937|16337|17436|17869|20848|54403|56312,Ier3|Insr|Me1|Myc|Stat3|Slc4a4|Nupr1,-1.441466678862629,0,17,0,0,-4.9148776326655375,9.61672473867596,
1,-3.315701879127105,GO:0006140,M1,1,0,GO Biological Processes,19,regulation of nucleotide metabolic process,19_GO:0050789 regulation of biological process,-3.315701879127105,5.059780009564801,4.8193681930377785,21160,102,287,7,2.4390243902439024,0.9105529182275091,15937|16337|17436|17869|20848|54403|56312,Ier3|Insr|Me1|Myc|Stat3|Slc4a4|Nupr1,-1.4261484773671176,0,17,0,0,-4.9148776326655375,9.61672473867596,
1,-3.3073111839193974,GO:0062013,M1,1,0,GO Biological Processes,19,positive regulation of small molecule metabolic process,19_GO:0048518 positive regulation of biological process,-3.3073111839193974,3.6141285782605723,4.399303405295017,21160,204,287,10,3.484320557491289,1.082472917319835,11816|14756|16002|16337|16367|17869|18799|20788|20848|54403,Apoe|Gpld1|Igf2|Insr|Irs1|Myc|Plcd1|Srebf2|Stat3|Slc4a4,-1.4261484773671176,0,17,0,0,-4.9148776326655375,9.61672473867596,
1,-3.0958663403054447,GO:0045913,M1,1,0,GO Biological Processes,19,positive regulation of carbohydrate metabolic process,19_GO:0048518 positive regulation of biological process,-3.0958663403054447,4.649527576356845,4.520416859576315,21160,111,287,7,2.4390243902439024,0.9105529182275091,14756|16002|16337|16367|17869|18799|54403,Gpld1|Igf2|Insr|Irs1|Myc|Plcd1|Slc4a4,-1.275598017078221,0,17,0,0,-4.9148776326655375,9.61672473867596,
1,-3.0589966572956455,GO:0043470,M1,1,0,GO Biological Processes,19,regulation of carbohydrate catabolic process,19_GO:0050789 regulation of biological process,-3.0589966572956455,5.394748024135294,4.675437832805101,21160,82,287,6,2.0905923344947737,0.8445122236887297,15937|16337|17869|20848|54403|56312,Ier3|Insr|Myc|Stat3|Slc4a4|Nupr1,-1.2512878232177953,0,17,0,0,-4.9148776326655375,9.61672473867596,
1,-2.8732082497271163,GO:1903578,M1,1,0,GO Biological Processes,19,regulation of ATP metabolic process,19_GO:0050789 regulation of biological process,-2.8732082497271163,4.970441999765102,4.401364812596507,21160,89,287,6,2.0905923344947737,0.8445122236887297,15937|16337|17869|20848|54403|56312,Ier3|Insr|Myc|Stat3|Slc4a4|Nupr1,-1.119409588122021,0,17,0,0,-4.9148776326655375,9.61672473867596,
1,-2.697343386298463,GO:0062014,M1,1,0,GO Biological Processes,19,negative regulation of small molecule metabolic process,19_GO:0048519 negative regulation of biological process,-2.697343386298463,3.9699812382739212,3.98292223204726,21160,130,287,7,2.4390243902439024,0.9105529182275091,11816|15937|20848|50781|56312|216190|231070,Apoe|Ier3|Stat3|Dkk3|Nupr1|Appl2|Insig1,-0.9880747782319906,0,17,0,0,-4.9148776326655375,9.61672473867596,
1,-2.671188458714474,GO:0043467,M1,1,0,GO Biological Processes,19,regulation of generation of precursor metabolites and energy,19_GO:0050789 regulation of biological process,-2.671188458714474,3.510867761738842,3.831313180807729,21160,168,287,8,2.7874564459930316,0.97168220662184,15937|16002|16337|16367|17869|20848|54403|56312,Ier3|Igf2|Insr|Irs1|Myc|Stat3|Slc4a4|Nupr1,-0.9702567446437238,0,17,0,0,-4.9148776326655375,9.61672473867596,
1,-2.4465175664643515,GO:0030812,M1,1,0,GO Biological Processes,19,negative regulation of nucleotide catabolic process,19_GO:0048519 negative regulation of biological process,-2.4465175664643515,9.61672473867596,4.848200198715386,21160,23,287,3,1.0452961672473868,0.6003395457574546,15937|20848|56312,Ier3|Stat3|Nupr1,-0.826009715832322,0,17,0,0,-4.9148776326655375,9.61672473867596,
1,-2.4465175664643515,GO:0033122,M1,1,0,GO Biological Processes,19,negative regulation of purine nucleotide catabolic process,19_GO:0048519 negative regulation of biological process,-2.4465175664643515,9.61672473867596,4.848200198715386,21160,23,287,3,1.0452961672473868,0.6003395457574546,15937|20848|56312,Ier3|Stat3|Nupr1,-0.826009715832322,0,17,0,0,-4.9148776326655375,9.61672473867596,
1,-2.4465175664643515,GO:0045820,M1,1,0,GO Biological Processes,19,negative regulation of glycolytic process,19_GO:0048519 negative regulation of biological process,-2.4465175664643515,9.61672473867596,4.848200198715386,21160,23,287,3,1.0452961672473868,0.6003395457574546,15937|20848|56312,Ier3|Stat3|Nupr1,-0.826009715832322,0,17,0,0,-4.9148776326655375,9.61672473867596,
1,-2.3941261636198377,GO:1903580,M1,1,0,GO Biological Processes,19,positive regulation of ATP metabolic process,19_GO:0048518 positive regulation of biological process,-2.3941261636198377,6.144018583042974,4.1836422478998845,21160,48,287,4,1.3937282229965158,0.6919908761056754,16337|17869|20848|54403,Insr|Myc|Stat3|Slc4a4,-0.7838374781694942,0,17,0,0,-4.9148776326655375,9.61672473867596,
1,-2.299198981133586,GO:0045981,M1,1,0,GO Biological Processes,19,positive regulation of nucleotide metabolic process,19_GO:0048518 positive regulation of biological process,-2.299198981133586,5.782605725216916,4.009700351345678,21160,51,287,4,1.3937282229965158,0.6919908761056754,16337|17869|20848|54403,Insr|Myc|Stat3|Slc4a4,-0.7191427654933041,0,17,0,0,-4.9148776326655375,9.61672473867596,
1,-2.299198981133586,GO:1900544,M1,1,0,GO Biological Processes,19,positive regulation of purine nucleotide metabolic process,19_GO:0048518 positive regulation of biological process,-2.299198981133586,5.782605725216916,4.009700351345678,21160,51,287,4,1.3937282229965158,0.6919908761056754,16337|17869|20848|54403,Insr|Myc|Stat3|Slc4a4,-0.7191427654933041,0,17,0,0,-4.9148776326655375,9.61672473867596,
1,-2.157941899370497,GO:1903579,M1,1,0,GO Biological Processes,19,negative regulation of ATP metabolic process,19_GO:0048519 negative regulation of biological process,-2.157941899370497,7.627057551363691,4.187509421670218,21160,29,287,3,1.0452961672473868,0.6003395457574546,15937|20848|56312,Ier3|Stat3|Nupr1,-0.6307337137632228,0,17,0,0,-4.9148776326655375,9.61672473867596,
1,-2.0766148459451195,GO:0030813,M1,1,0,GO Biological Processes,19,positive regulation of nucleotide catabolic process,19_GO:0048518 positive regulation of biological process,-2.0766148459451195,7.134989322243453,4.008217387366292,21160,31,287,3,1.0452961672473868,0.6003395457574546,16337|17869|54403,Insr|Myc|Slc4a4,-0.58749709594343,0,17,0,0,-4.9148776326655375,9.61672473867596,
1,-2.0766148459451195,GO:0033123,M1,1,0,GO Biological Processes,19,positive regulation of purine nucleotide catabolic process,19_GO:0048518 positive regulation of biological process,-2.0766148459451195,7.134989322243453,4.008217387366292,21160,31,287,3,1.0452961672473868,0.6003395457574546,16337|17869|54403,Insr|Myc|Slc4a4,-0.58749709594343,0,17,0,0,-4.9148776326655375,9.61672473867596,
1,-2.0766148459451195,GO:0045821,M1,1,0,GO Biological Processes,19,positive regulation of glycolytic process,19_GO:0048518 positive regulation of biological process,-2.0766148459451195,7.134989322243453,4.008217387366292,21160,31,287,3,1.0452961672473868,0.6003395457574546,16337|17869|54403,Insr|Myc|Slc4a4,-0.58749709594343,0,17,0,0,-4.9148776326655375,9.61672473867596,
1,-2.038175381468923,GO:1900543,M1,1,0,GO Biological Processes,19,negative regulation of purine nucleotide metabolic process,19_GO:0048519 negative regulation of biological process,-2.038175381468923,6.912020905923345,3.924441298144375,21160,32,287,3,1.0452961672473868,0.6003395457574546,15937|20848|56312,Ier3|Stat3|Nupr1,-0.5630563416866075,0,17,0,0,-4.9148776326655375,9.61672473867596,
1,-2.001092179937377,GO:0045980,M1,1,0,GO Biological Processes,19,negative regulation of nucleotide metabolic process,19_GO:0048519 negative regulation of biological process,-2.001092179937377,6.702565726955971,3.844186369401509,21160,33,287,3,1.0452961672473868,0.6003395457574546,15937|20848|56312,Ier3|Stat3|Nupr1,-0.540811952602715,0,17,0,0,-4.9148776326655375,9.61672473867596,
1,-4.867515621315318,GO:0048858,M1,1,0,GO Biological Processes,19,cell projection morphogenesis,19_GO:0032502 developmental process,-4.867515621315318,2.8209059233449474,5.1908929949889435,21160,575,287,22,7.665505226480836,1.5704041427847593,11924|12759|13175|17755|17965|17967|18007|18008|18479|19242|19876|20315|20347|20351|20450|22339|26921|53883|109294|234267|245450|319504,Neurog2|Clu|Dclk1|Map1b|Nbl1|Ncam1|Neo1|Nes|Pak1|Ptn|Robo1|Cxcl12|Sema3b|Sema4a|St8sia2|Vegfa|Map4k4|Celsr2|Prex2|Gpm6a|Slitrk2|Nrcam,-2.42309902973897,0,18,1,1,-4.867515621315318,4.336954293912687,
1,-4.553596994936556,GO:0048812,M1,1,0,GO Biological Processes,19,neuron projection morphogenesis,19_GO:0032502 developmental process,-4.553596994936556,2.7697543522841315,4.9724545593457945,21160,559,287,21,7.317073170731708,1.537190247869145,11924|12759|13175|17755|17965|17967|18007|18479|19242|19876|20315|20347|20351|20450|22339|26921|53883|109294|234267|245450|319504,Neurog2|Clu|Dclk1|Map1b|Nbl1|Ncam1|Neo1|Pak1|Ptn|Robo1|Cxcl12|Sema3b|Sema4a|St8sia2|Vegfa|Map4k4|Celsr2|Prex2|Gpm6a|Slitrk2|Nrcam,-2.223243268658989,0,18,0,0,-4.867515621315318,4.336954293912687,
1,-4.486111047149521,GO:0120039,M1,1,0,GO Biological Processes,19,plasma membrane bounded cell projection morphogenesis,19_GO:0032502 developmental process,-4.486111047149521,2.7403410317289016,4.916700639641821,21160,565,287,21,7.317073170731708,1.537190247869145,11924|12759|13175|17755|17965|17967|18007|18479|19242|19876|20315|20347|20351|20450|22339|26921|53883|109294|234267|245450|319504,Neurog2|Clu|Dclk1|Map1b|Nbl1|Ncam1|Neo1|Pak1|Ptn|Robo1|Cxcl12|Sema3b|Sema4a|St8sia2|Vegfa|Map4k4|Celsr2|Prex2|Gpm6a|Slitrk2|Nrcam,-2.1868365782697596,0,18,0,0,-4.867515621315318,4.336954293912687,
1,-3.944487329854378,GO:0001764,M1,1,0,GO Biological Processes,19,neuron migration,19_GO:0032502 developmental process,-3.944487329854378,4.336954293912687,5.122294931720184,21160,170,287,10,3.484320557491289,1.082472917319835,11924|13175|14168|18007|20315|22151|22339|53883|73710|234267,Neurog2|Dclk1|Fgf13|Neo1|Cxcl12|Tubb2a|Vegfa|Celsr2|Tubb2b|Gpm6a,-1.825736928984273,0,18,0,0,-4.867515621315318,4.336954293912687,
1,-3.6556036057496852,GO:0048667,M1,1,0,GO Biological Processes,19,cell morphogenesis involved in neuron differentiation,19_GO:0032502 developmental process,-3.6556036057496852,2.607284899680319,4.3040498573528305,21160,509,287,18,6.2717770034843205,1.4311644750303303,11924|13175|15902|17755|17967|18007|19242|19645|19876|20315|20347|20351|22295|22339|53883|109294|245450|319504,Neurog2|Dclk1|Id2|Map1b|Ncam1|Neo1|Ptn|Rb1|Robo1|Cxcl12|Sema3b|Sema4a|Cdh23|Vegfa|Celsr2|Prex2|Slitrk2|Nrcam,-1.6468032716810974,0,18,0,0,-4.867515621315318,4.336954293912687,
1,-3.3341376158228164,GO:0007420,M1,1,0,GO Biological Processes,19,brain development,19_GO:0032502 developmental process,-3.3341376158228164,2.1629453174998226,3.890934687126593,21160,784,287,23,8.013937282229966,1.6026660469501974,11924|11932|13175|13609|14168|15902|17967|18008|18111|18479|19876|20168|20315|20511|22151|50768|53883|56747|68585|73710|93757|105827|109648,Neurog2|Atp1b2|Dclk1|S1pr1|Fgf13|Id2|Ncam1|Nes|Nnat|Pak1|Robo1|Rtn3|Cxcl12|Slc1a2|Tubb2a|Dlc1|Celsr2|Sez6l|Rtn4|Tubb2b|Immp2l|Amigo2|Npy,-1.4386853378410471,0,18,0,0,-4.867515621315318,4.336954293912687,
1,-2.6083931326410688,GO:0030900,M1,1,0,GO Biological Processes,19,forebrain development,19_GO:0032502 developmental process,-2.6083931326410688,2.3040069686411146,3.388608101755938,21160,480,287,15,5.2264808362369335,1.313733384896961,11924|11932|13175|14168|15902|17967|18479|19876|20315|20511|22151|50768|68585|73710|109648,Neurog2|Atp1b2|Dclk1|Fgf13|Id2|Ncam1|Pak1|Robo1|Cxcl12|Slc1a2|Tubb2a|Dlc1|Rtn4|Tubb2b|Npy,-0.944115530897036,0,18,0,0,-4.867515621315318,4.336954293912687,
1,-2.3193377702060776,GO:0061564,M1,1,0,GO Biological Processes,19,axon development,19_GO:0032502 developmental process,-2.3193377702060776,2.21501099131163,3.109904292257853,21160,466,287,14,4.878048780487805,1.2715179522683246,11924|13175|14758|17755|17967|18007|19876|20315|20347|20351|22339|68585|245450|319504,Neurog2|Dclk1|Gpm6b|Map1b|Ncam1|Neo1|Robo1|Cxcl12|Sema3b|Sema4a|Vegfa|Rtn4|Slitrk2|Nrcam,-0.7268586431742916,0,18,0,0,-4.867515621315318,4.336954293912687,
1,-2.1350218886900536,GO:0007411,M1,1,0,GO Biological Processes,19,axon guidance,19_GO:0032502 developmental process,-2.1350218886900536,2.654216027874565,3.085185584485306,21160,250,287,9,3.1358885017421603,1.0287759606825233,11924|17967|18007|19876|20315|20347|20351|22339|319504,Neurog2|Ncam1|Neo1|Robo1|Cxcl12|Sema3b|Sema4a|Vegfa|Nrcam,-0.6163592687415927,0,18,0,0,-4.867515621315318,4.336954293912687,
1,-2.1241905749260717,GO:0097485,M1,1,0,GO Biological Processes,19,neuron projection guidance,19_GO:0032502 developmental process,-2.1241905749260717,2.6436414620264586,3.0716618133726104,21160,251,287,9,3.1358885017421603,1.0287759606825233,11924|17967|18007|19876|20315|20347|20351|22339|319504,Neurog2|Ncam1|Neo1|Robo1|Cxcl12|Sema3b|Sema4a|Vegfa|Nrcam,-0.6120221990828804,0,18,0,0,-4.867515621315318,4.336954293912687,
1,-2.0153695896474333,GO:0007409,M1,1,0,GO Biological Processes,19,axonogenesis,19_GO:0032502 developmental process,-2.0153695896474333,2.1845399406375017,2.822356908996871,21160,405,287,12,4.181184668989547,1.1815010851268668,11924|13175|17755|17967|18007|19876|20315|20347|20351|22339|245450|319504,Neurog2|Dclk1|Map1b|Ncam1|Neo1|Robo1|Cxcl12|Sema3b|Sema4a|Vegfa|Slitrk2|Nrcam,-0.5475867797468725,0,18,0,0,-4.867515621315318,4.336954293912687,
1,-4.686917554129879,GO:0070570,M1,1,0,GO Biological Processes,19,regulation of neuron projection regeneration,19_GO:0032502 developmental process,-4.686917554129879,10.532603285216526,7.251132700065805,21160,42,287,6,2.0905923344947737,0.8445122236887297,18007|18377|19242|26921|68585|101490,Neo1|Omg|Ptn|Map4k4|Rtn4|Inpp5f,-2.3002109556656034,0,19,1,1,-4.686917554129879,14.745644599303137,
1,-4.625621421053891,GO:0051129,M1,1,0,GO Biological Processes,19,negative regulation of cellular component organization,19_GO:0048519 negative regulation of biological process,-4.625621421053891,2.46392519011492,4.878444457906882,21160,778,287,26,9.059233449477352,1.694275701944851,11816|12306|12389|12759|13609|14168|14580|15937|17755|18007|18645|19242|19876|22339|22352|26921|27360|50768|52428|56312|66442|68585|75712|101490|214685|216616,Apoe|Anxa2|Cav1|Clu|S1pr1|Fgf13|Gfap|Ier3|Map1b|Neo1|Pfn2|Ptn|Robo1|Vegfa|Vim|Map4k4|Add3|Dlc1|Rhpn2|Nupr1|Spc25|Rtn4|Tmem14a|Inpp5f|Chadl|Efemp1,-2.273276614246063,0,19,0,0,-4.686917554129879,14.745644599303137,
1,-3.868761747660936,GO:0070571,M1,1,0,GO Biological Processes,19,negative regulation of neuron projection regeneration,19_GO:0048519 negative regulation of biological process,-3.868761747660936,14.745644599303137,7.211468291023506,21160,20,287,4,1.3937282229965158,0.6919908761056754,18007|26921|68585|101490,Neo1|Map4k4|Rtn4|Inpp5f,-1.7737987343826631,0,19,0,0,-4.686917554129879,14.745644599303137,
1,-3.460177936581446,GO:0010977,M1,1,0,GO Biological Processes,19,negative regulation of neuron projection development,19_GO:0048519 negative regulation of biological process,-3.460177936581446,4.147212543554007,4.685678625889023,21160,160,287,9,3.1358885017421603,1.0287759606825233,11816|14168|14580|18007|22352|26921|68585|101490|216616,Apoe|Fgf13|Gfap|Neo1|Vim|Map4k4|Rtn4|Inpp5f|Efemp1,-1.5217721649981397,0,19,0,0,-4.686917554129879,14.745644599303137,
1,-3.0540995080893625,GO:0031345,M1,1,0,GO Biological Processes,19,negative regulation of cell projection organization,19_GO:0048519 negative regulation of biological process,-3.0540995080893625,3.351282863477985,4.110777412036956,21160,220,287,10,3.484320557491289,1.082472917319835,11816|14168|14580|18007|18645|22352|26921|68585|101490|216616,Apoe|Fgf13|Gfap|Neo1|Pfn2|Vim|Map4k4|Rtn4|Inpp5f|Efemp1,-1.2512878232177953,0,19,0,0,-4.686917554129879,14.745644599303137,
1,-2.9044574238704755,GO:0048679,M1,1,0,GO Biological Processes,19,regulation of axon regeneration,19_GO:0032502 developmental process,-2.9044574238704755,8.426082628173221,5.155746096804415,21160,35,287,4,1.3937282229965158,0.6919908761056754,18007|18377|19242|101490,Neo1|Omg|Ptn|Inpp5f,-1.1450001221873314,0,19,0,0,-4.686917554129879,14.745644599303137,
1,-4.686635600264265,GO:0048660,M1,1,0,GO Biological Processes,19,regulation of smooth muscle cell proliferation,19_GO:0050789 regulation of biological process,-4.686635600264265,4.401684955015861,5.682022121353233,21160,201,287,12,4.181184668989547,1.1815010851268668,11816|12389|13609|15902|16011|17869|18479|18569|21817|22339|29811|211770,Apoe|Cav1|S1pr1|Id2|Igfbp5|Myc|Pak1|Pdcd4|Tgm2|Vegfa|Ndrg2|Trib1,-2.3002109556656034,0,20,1,1,-4.686635600264265,4.401684955015861,
1,-2.855539866360063,GO:0048661,M1,1,0,GO Biological Processes,19,positive regulation of smooth muscle cell proliferation,19_GO:0048518 positive regulation of biological process,-2.855539866360063,4.230307876849261,4.195828102758476,21160,122,287,7,2.4390243902439024,0.9105529182275091,13609|15902|16011|17869|18479|21817|22339,S1pr1|Id2|Igfbp5|Myc|Pak1|Tgm2|Vegfa,-1.1114698079485368,0,20,0,0,-4.686635600264265,4.401684955015861,
1,-2.032496634864412,GO:0001763,M1,1,0,GO Biological Processes,19,morphogenesis of a branching structure,19_GO:0032502 developmental process,-2.032496634864412,2.7433757394052347,3.0127710312147435,21160,215,287,8,2.7874564459930316,0.97168220662184,11535|14168|14367|17869|18479|20315|21817|22339,Adm|Fgf13|Fzd5|Myc|Pak1|Cxcl12|Tgm2|Vegfa,-0.5588547886215836,0,20,0,0,-4.686635600264265,4.401684955015861,
1,-4.636667440463616,GO:1903975,M1,1,0,GO Biological Processes,19,regulation of glial cell migration,19_GO:0040011 locomotion,-4.636667440463616,14.17850442240686,7.884207218199205,21160,26,287,5,1.7421602787456445,0.7723012028131504,11932|20130|22352|66922|216616,Atp1b2|Rras|Vim|Rras2|Efemp1,-2.273276614246063,0,21,1,1,-4.636667440463616,20.107697180867913,
1,-3.4249847416229393,GO:1900147,M1,1,0,GO Biological Processes,19,regulation of Schwann cell migration,19_GO:0040011 locomotion,-3.4249847416229393,20.107697180867913,7.432858326287304,21160,11,287,3,1.0452961672473868,0.6003395457574546,20130|22352|66922,Rras|Vim|Rras2,-1.4971979460499272,0,21,0,0,-4.636667440463616,20.107697180867913,
1,-2.91610986537912,GO:2001212,M1,1,0,GO Biological Processes,19,regulation of vasculogenesis,19_GO:0032502 developmental process,-2.91610986537912,13.82404181184669,6.017102680522347,21160,16,287,3,1.0452961672473868,0.6003395457574546,11535|20130|68585,Adm|Rras|Rtn4,-1.1509192199430334,0,21,0,0,-4.636667440463616,20.107697180867913,
1,-2.2106545419764467,GO:0008347,M1,1,0,GO Biological Processes,19,glial cell migration,19_GO:0032502 developmental process,-2.2106545419764467,5.461349851593754,3.8490741299847797,21160,54,287,4,1.3937282229965158,0.6919908761056754,14268|20130|66922|68585,Fn1|Rras|Rras2|Rtn4,-0.6632537896798489,0,21,0,0,-4.636667440463616,20.107697180867913,
1,-4.622854732385833,mmu05205,M1,1,0,KEGG Pathway,24,Proteoglycans in cancer - Mus musculus (house mouse),,-4.622854732385833,4.3369542939126875,5.615743047456407,21160,204,287,12,4.181184668989547,1.1815010851268668,12389|14268|14367|16002|17869|18479|18569|20130|20848|22339|66922|216795,Cav1|Fn1|Fzd5|Igf2|Myc|Pak1|Pdcd4|Rras|Stat3|Vegfa|Rras2|Wnt9a,-2.273276614246063,0,22,1,1,-4.622854732385833,4.3369542939126875,
1,-3.195460453383995,GO:0043408,M1,1,0,GO Biological Processes,19,regulation of MAPK cascade,19_GO:0050896 response to stimulus,-3.195460453383995,2.156942694047001,3.788058056818906,21160,752,287,22,7.665505226480836,1.5704041427847593,11816|12389|14268|14367|14763|16002|16010|16337|18479|18569|18595|18784|19876|20130|20315|21802|22339|26921|29811|29815|83397|109648,Apoe|Cav1|Fn1|Fzd5|Gpr37|Igf2|Igfbp4|Insr|Pak1|Pdcd4|Pdgfra|Pla2g5|Robo1|Rras|Cxcl12|Tgfa|Vegfa|Map4k4|Ndrg2|Bcar3|Akap12|Npy,-1.3507596038347096,0,22,0,0,-4.622854732385833,4.3369542939126875,
1,-2.9295219437230715,GO:0043410,M1,1,0,GO Biological Processes,19,positive regulation of MAPK cascade,19_GO:0048518 positive regulation of biological process,-2.9295219437230715,2.3253799460867652,3.6549041974700707,21160,539,287,17,5.923344947735192,1.393424677697697,11816|14367|14763|16002|16010|16337|18479|18595|18784|19876|20315|21802|22339|26921|29815|83397|109648,Apoe|Fzd5|Gpr37|Igf2|Igfbp4|Insr|Pak1|Pdgfra|Pla2g5|Robo1|Cxcl12|Tgfa|Vegfa|Map4k4|Bcar3|Akap12|Npy,-1.1614359910175711,0,22,0,0,-4.622854732385833,4.3369542939126875,
1,-2.2936113619371263,mmu04014,M1,1,0,KEGG Pathway,24,Ras signaling pathway - Mus musculus (house mouse),,-2.2936113619371263,2.811669521053564,3.281774263621496,21160,236,287,9,3.1358885017421603,1.0287759606825233,16002|16337|18479|18595|18784|20130|21802|22339|66922,Igf2|Insr|Pak1|Pdgfra|Pla2g5|Rras|Tgfa|Vegfa|Rras2,-0.7183231247466808,0,22,0,0,-4.622854732385833,4.3369542939126875,
1,-2.2205003394064757,GO:0070372,M1,1,0,GO Biological Processes,19,regulation of ERK1 and ERK2 cascade,19_GO:0050896 response to stimulus,-2.2205003394064757,2.435466825710728,3.095978952475291,21160,333,287,11,3.832752613240418,1.1332560297759222,11816|12389|14268|18595|18784|20130|20315|22339|29811|83397|109648,Apoe|Cav1|Fn1|Pdgfra|Pla2g5|Rras|Cxcl12|Vegfa|Ndrg2|Akap12|Npy,-0.6695901176537757,0,22,0,0,-4.622854732385833,4.3369542939126875,
1,-2.099680054188595,mmu04010,M1,1,0,KEGG Pathway,24,MAPK signaling pathway - Mus musculus (house mouse),,-2.099680054188595,2.465826856070758,2.993276168988649,21160,299,287,10,3.484320557491289,1.082472917319835,16002|16337|17869|18479|18595|20130|21802|22339|26921|66922,Igf2|Insr|Myc|Pak1|Pdgfra|Rras|Tgfa|Vegfa|Map4k4|Rras2,-0.5986480444633635,0,22,0,0,-4.622854732385833,4.3369542939126875,
1,-4.502279645594171,GO:1903034,M1,1,0,GO Biological Processes,19,regulation of response to wounding,19_GO:0050896 response to stimulus,-4.502279645594171,4.581979960235437,5.611410956185061,21160,177,287,11,3.832752613240418,1.1332560297759222,11816|12306|12389|18007|18377|18595|19242|20848|27279|77125|101490,Apoe|Anxa2|Cav1|Neo1|Omg|Pdgfra|Ptn|Stat3|Tnfrsf12a|Il33|Inpp5f,-2.1980417571828594,0,23,1,1,-4.502279645594171,5.6714017689627445,
1,-4.115675538290446,GO:0032102,M1,1,0,GO Biological Processes,19,negative regulation of response to external stimulus,19_GO:0048519 negative regulation of biological process,-4.115675538290446,2.949128919860627,4.759694643094578,21160,425,287,17,5.923344947735192,1.393424677697697,11816|12306|15937|16002|17965|18007|18595|18784|19645|19876|20848|56213|77125|101490|109648|211770|232345,Apoe|Anxa2|Ier3|Igf2|Nbl1|Neo1|Pdgfra|Pla2g5|Rb1|Robo1|Stat3|Htra1|Il33|Inpp5f|Npy|Trib1|A2m,-1.9474653586530473,0,23,0,0,-4.502279645594171,5.6714017689627445,
1,-3.6190944728836594,GO:1903035,M1,1,0,GO Biological Processes,19,negative regulation of response to wounding,19_GO:0048519 negative regulation of biological process,-3.6190944728836594,5.6714017689627445,5.236511197530563,21160,91,287,7,2.4390243902439024,0.9105529182275091,11816|12306|18007|18595|20848|77125|101490,Apoe|Anxa2|Neo1|Pdgfra|Stat3|Il33|Inpp5f,-1.635408719838804,0,23,0,0,-4.502279645594171,5.6714017689627445,
1,-2.1388123011419244,GO:0031348,M1,1,0,GO Biological Processes,19,negative regulation of defense response,19_GO:0048519 negative regulation of biological process,-2.1388123011419244,2.4992617964920565,3.0407125682432614,21160,295,287,10,3.484320557491289,1.082472917319835,11816|15937|16002|18784|19645|20848|56213|77125|109648|232345,Apoe|Ier3|Igf2|Pla2g5|Rb1|Stat3|Htra1|Il33|Npy|A2m,-0.6179295171282008,0,23,0,0,-4.502279645594171,5.6714017689627445,
1,-4.471745249090682,GO:0007626,M1,1,0,GO Biological Processes,19,locomotory behavior,19_GO:0032501 multicellular organismal process,-4.471745249090682,3.6602663898979415,5.273528727748214,21160,282,287,14,4.878048780487805,1.2715179522683246,11496|11784|11816|14681|14763|15902|16513|20315|22295|56747|101490|109294|244723|268890,Adam22|Apba2|Apoe|Gnao1|Gpr37|Id2|Kcnj10|Cxcl12|Cdh23|Sez6l|Inpp5f|Prex2|Olfm2|Lsamp,-2.1822306175000765,0,24,1,1,-4.471745249090682,5.084705034242461,
1,-4.080120451534596,GO:0030534,M1,1,0,GO Biological Processes,19,adult behavior,19_GO:0032501 multicellular organismal process,-4.080120451534596,4.116804329754682,5.153615521991676,21160,197,287,11,3.832752613240418,1.1332560297759222,11443|11496|15902|16513|20315|20511|22295|56747|101490|109294|109648,Chrnb1|Adam22|Id2|Kcnj10|Cxcl12|Slc1a2|Cdh23|Sez6l|Inpp5f|Prex2|Npy,-1.9262684219440642,0,24,0,0,-4.471745249090682,5.084705034242461,
1,-3.7299443095618474,GO:0008344,M1,1,0,GO Biological Processes,19,adult locomotory behavior,19_GO:0032501 multicellular organismal process,-3.7299443095618474,5.084705034242461,5.172751672043006,21160,116,287,8,2.7874564459930316,0.97168220662184,11496|15902|16513|20315|22295|56747|101490|109294,Adam22|Id2|Kcnj10|Cxcl12|Cdh23|Sez6l|Inpp5f|Prex2,-1.687584292852369,0,24,0,0,-4.471745249090682,5.084705034242461,
1,-4.4136784994557985,GO:0050808,M1,1,0,GO Biological Processes,19,synapse organization,19_GO:0009987 cellular process,-4.4136784994557985,3.1178601764695686,5.027055013305706,21160,402,287,17,5.923344947735192,1.393424677697697,11443|11816|14168|14367|16337|17755|18479|18645|19266|54725|55983|56747|104027|109711|232333|234267|245450,Chrnb1|Apoe|Fgf13|Fzd5|Insr|Map1b|Pak1|Pfn2|Ptprd|Cadm1|Pdzrn3|Sez6l|Synpo|Actn1|Slc6a1|Gpm6a|Slitrk2,-2.1430492120255673,0,25,1,1,-4.4136784994557985,10.532603285216526,
1,-3.4960062936897924,GO:0034330,M1,1,0,GO Biological Processes,19,cell junction organization,19_GO:0009987 cellular process,-3.4960062936897924,2.386026634191446,4.1005350839791435,21160,618,287,20,6.968641114982578,1.5029612494846223,11443|11816|14086|14168|14268|14367|16337|17755|18479|18645|19266|50768|54725|55983|56747|104027|109711|232333|234267|245450,Chrnb1|Apoe|Fscn1|Fgf13|Fn1|Fzd5|Insr|Map1b|Pak1|Pfn2|Ptprd|Dlc1|Cadm1|Pdzrn3|Sez6l|Synpo|Actn1|Slc6a1|Gpm6a|Slitrk2,-1.5445052240163386,0,25,0,0,-4.4136784994557985,10.532603285216526,
1,-3.053794193064383,GO:0099172,M1,1,0,GO Biological Processes,19,presynapse organization,19_GO:0009987 cellular process,-3.053794193064383,9.21602787456446,5.453857422144945,21160,32,287,4,1.3937282229965158,0.6919908761056754,14367|18645|19266|54725,Fzd5|Pfn2|Ptprd|Cadm1,-1.2512878232177953,0,25,0,0,-4.4136784994557985,10.532603285216526,
1,-2.56220257132413,GO:0099054,M1,1,0,GO Biological Processes,19,presynapse assembly,19_GO:0032502 developmental process,-2.56220257132413,10.532603285216526,5.124777665543704,21160,21,287,3,1.0452961672473868,0.6003395457574546,14367|19266|54725,Fzd5|Ptprd|Cadm1,-0.9076330252089084,0,25,0,0,-4.4136784994557985,10.532603285216526,
1,-2.141124978767549,GO:0007416,M1,1,0,GO Biological Processes,19,synapse assembly,19_GO:0032502 developmental process,-2.141124978767549,3.538954703832753,3.338372408877799,21160,125,287,6,2.0905923344947737,0.8445122236887297,14168|14367|17755|19266|54725|234267,Fgf13|Fzd5|Map1b|Ptprd|Cadm1|Gpm6a,-0.6183535818913579,0,25,0,0,-4.4136784994557985,10.532603285216526,
1,-2.0330876662407755,GO:0034329,M1,1,0,GO Biological Processes,19,cell junction assembly,19_GO:0009987 cellular process,-2.0330876662407755,2.409419052173715,2.912072932429857,21160,306,287,10,3.484320557491289,1.082472917319835,14086|14168|14268|14367|17755|19266|50768|54725|109711|234267,Fscn1|Fgf13|Fn1|Fzd5|Map1b|Ptprd|Dlc1|Cadm1|Actn1|Gpm6a,-0.5588547886215836,0,25,0,0,-4.4136784994557985,10.532603285216526,
1,-4.38426496230819,mmu05230,M1,1,0,KEGG Pathway,24,Central carbon metabolism in cancer - Mus musculus (house mouse),,-4.38426496230819,7.479674796747968,6.321574355809201,21160,69,287,7,2.4390243902439024,0.9105529182275091,16828|17869|18595|18648|20539|56421|80879,Ldha|Myc|Pdgfra|Pgam1|Slc7a5|Pfkp|Slc16a3,-2.122779054317829,0,26,1,1,-4.38426496230819,7.479674796747968,
1,-4.3721097141653065,GO:0030198,M1,1,0,GO Biological Processes,19,extracellular matrix organization,19_GO:0009987 cellular process,-4.3721097141653065,3.584010840108401,5.177315403758542,21160,288,287,14,4.878048780487805,1.2715179522683246,12306|12389|12822|12824|12841|14268|14580|14758|18595|50527|94352|219151|229595|237759,Anxa2|Cav1|Col18a1|Col2a1|Col9a3|Fn1|Gfap|Gpm6b|Pdgfra|Ero1a|Loxl2|Scara3|Adamtsl4|Col23a1,-2.1151243074016213,0,27,1,1,-4.3721097141653065,15.521731157161197,
1,-4.3557750076863995,GO:0045229,M1,1,0,GO Biological Processes,19,external encapsulating structure organization,19_GO:0009987 cellular process,-4.3557750076863995,3.5716094185163305,5.161529111317364,21160,289,287,14,4.878048780487805,1.2715179522683246,12306|12389|12822|12824|12841|14268|14580|14758|18595|50527|94352|219151|229595|237759,Anxa2|Cav1|Col18a1|Col2a1|Col9a3|Fn1|Gfap|Gpm6b|Pdgfra|Ero1a|Loxl2|Scara3|Adamtsl4|Col23a1,-2.103243942348964,0,27,0,0,-4.3721097141653065,15.521731157161197,
1,-4.339516322092493,GO:0043062,M1,1,0,GO Biological Processes,19,extracellular structure organization,19_GO:0009987 cellular process,-4.339516322092493,3.5592935239697225,5.145812448423177,21160,290,287,14,4.878048780487805,1.2715179522683246,12306|12389|12822|12824|12841|14268|14580|14758|18595|50527|94352|219151|229595|237759,Anxa2|Cav1|Col18a1|Col2a1|Col9a3|Fn1|Gfap|Gpm6b|Pdgfra|Ero1a|Loxl2|Scara3|Adamtsl4|Col23a1,-2.1000805548452055,0,27,0,0,-4.3721097141653065,15.521731157161197,
1,-3.9610286831947095,R-MMU-419037,M1,1,0,Reactome Gene Sets,6,NCAM1 interactions,,-3.9610286831947095,15.521731157161197,7.425548017384395,21160,19,287,4,1.3937282229965158,0.6919908761056754,12824|12841|17967|20450,Col2a1|Col9a3|Ncam1|St8sia2,-1.8345428378205437,0,27,0,0,-4.3721097141653065,15.521731157161197,
1,-3.5878179249471858,R-MMU-1474244,M1,1,0,Reactome Gene Sets,6,Extracellular matrix organization,,-3.5878179249471858,3.376865175412932,4.539404793999818,21160,262,287,12,4.181184668989547,1.1815010851268668,12822|12824|12841|14268|20970|56213|67374|76477|94352|104099|232345|237759,Col18a1|Col2a1|Col9a3|Fn1|Sdc3|Htra1|Jam2|Pcolce2|Loxl2|Itga9|A2m|Col23a1,-1.613573728135172,0,27,0,0,-4.3721097141653065,15.521731157161197,
1,-3.460857650371466,R-MMU-216083,M1,1,0,Reactome Gene Sets,6,Integrin cell surface interactions,,-3.460857650371466,6.411149825783973,5.279120796507451,21160,69,287,6,2.0905923344947737,0.8445122236887297,12822|12824|12841|14268|67374|104099,Col18a1|Col2a1|Col9a3|Fn1|Jam2|Itga9,-1.5217721649981397,0,27,0,0,-4.3721097141653065,15.521731157161197,
1,-3.426844459396202,R-MMU-1474290,M1,1,0,Reactome Gene Sets,6,Collagen formation,,-3.426844459396202,6.319561971129915,5.227363292848379,21160,70,287,6,2.0905923344947737,0.8445122236887297,12822|12824|12841|76477|94352|237759,Col18a1|Col2a1|Col9a3|Pcolce2|Loxl2|Col23a1,-1.4971979460499272,0,27,0,0,-4.3721097141653065,15.521731157161197,
1,-3.1666186059574506,mmu04974,M1,1,0,KEGG Pathway,24,Protein digestion and absorption - Mus musculus (house mouse),,-3.1666186059574506,4.778681120144535,4.616379692222817,21160,108,287,7,2.4390243902439024,0.9105529182275091,11928|11932|11933|12822|12824|12841|237759,Atp1a1|Atp1b2|Atp1b3|Col18a1|Col2a1|Col9a3|Col23a1,-1.3294016453614759,0,27,0,0,-4.3721097141653065,15.521731157161197,
1,-3.053794193064383,R-MMU-375165,M1,1,0,Reactome Gene Sets,6,NCAM signaling for neurite out-growth,,-3.053794193064383,9.21602787456446,5.453857422144945,21160,32,287,4,1.3937282229965158,0.6919908761056754,12824|12841|17967|20450,Col2a1|Col9a3|Ncam1|St8sia2,-1.2512878232177953,0,27,0,0,-4.3721097141653065,15.521731157161197,
1,-3.0167254309344567,R-MMU-1650814,M1,1,0,Reactome Gene Sets,6,Collagen biosynthesis and modifying enzymes,,-3.0167254309344567,6.582877053260328,4.90530221507187,21160,56,287,5,1.7421602787456445,0.7723012028131504,12822|12824|12841|76477|237759,Col18a1|Col2a1|Col9a3|Pcolce2|Col23a1,-1.224754725428817,0,27,0,0,-4.3721097141653065,15.521731157161197,
1,-2.726744095795026,R-MMU-8948216,M1,1,0,Reactome Gene Sets,6,Collagen chain trimerization,,-2.726744095795026,7.56186902528366,4.809486432776465,21160,39,287,4,1.3937282229965158,0.6919908761056754,12822|12824|12841|237759,Col18a1|Col2a1|Col9a3|Col23a1,-1.0157413337575938,0,27,0,0,-4.3721097141653065,15.521731157161197,
1,-2.6456059003545924,R-MMU-3000178,M1,1,0,Reactome Gene Sets,6,ECM proteoglycans,,-2.6456059003545924,7.192997365513725,4.654277030000742,21160,41,287,4,1.3937282229965158,0.6919908761056754,12824|12841|14268|104099,Col2a1|Col9a3|Fn1|Itga9,-0.949623464712485,0,27,0,0,-4.3721097141653065,15.521731157161197,
1,-2.4613726953824773,R-MMU-2022090,M1,1,0,Reactome Gene Sets,6,Assembly of collagen fibrils and other multimeric structures,,-2.4613726953824773,6.411149825783973,4.308035737203815,21160,46,287,4,1.3937282229965158,0.6919908761056754,12822|12824|12841|94352,Col18a1|Col2a1|Col9a3|Loxl2,-0.8335656060089484,0,27,0,0,-4.3721097141653065,15.521731157161197,
1,-2.2395067542181466,R-MMU-186797,M1,1,0,Reactome Gene Sets,6,Signaling by PDGF,,-2.2395067542181466,5.564394188416278,3.901251103874178,21160,53,287,4,1.3937282229965158,0.6919908761056754,12824|12841|18595|20848,Col2a1|Col9a3|Pdgfra|Stat3,-0.6828095277479378,0,27,0,0,-4.3721097141653065,15.521731157161197,
1,-2.0499744061356893,GO:0030199,M1,1,0,GO Biological Processes,19,collagen fibril organization,19_GO:0009987 cellular process,-2.0499744061356893,4.915214866434379,3.561115664350131,21160,60,287,4,1.3937282229965158,0.6919908761056754,12306|12824|50527|94352,Anxa2|Col2a1|Ero1a|Loxl2,-0.5696452586686966,0,27,0,0,-4.3721097141653065,15.521731157161197,
1,-4.319537508173948,GO:1904760,M1,1,0,GO Biological Processes,19,regulation of myofibroblast differentiation,19_GO:0032502 developmental process,-4.319537508173948,36.86411149825784,10.302331788861524,21160,6,287,3,1.0452961672473868,0.6003395457574546,14284|18569|19645,Fosl2|Pdcd4|Rb1,-2.0843805389059353,0,28,1,1,-4.319537508173948,36.86411149825784,
1,-2.045871681098161,GO:0001501,M1,1,0,GO Biological Processes,19,skeletal system development,19_GO:0032502 developmental process,-2.045871681098161,1.9962515251764172,2.78626946170845,21160,554,287,15,5.2264808362369335,1.313733384896961,12306|12822|12824|14284|14756|17869|18595|19645|21817|22339|54725|71371|216795|231070|235320,Anxa2|Col18a1|Col2a1|Fosl2|Gpld1|Myc|Pdgfra|Rb1|Tgm2|Vegfa|Cadm1|Arid5b|Wnt9a|Insig1|Zbtb16,-0.5670375247181195,0,28,0,0,-4.319537508173948,36.86411149825784,
1,-2.002346709996935,GO:0002062,M1,1,0,GO Biological Processes,19,chondrocyte differentiation,19_GO:0032502 developmental process,-2.002346709996935,3.840011614401858,3.270253285777226,21160,96,287,5,1.7421602787456445,0.7723012028131504,12824|14284|14756|19645|216795,Col2a1|Fosl2|Gpld1|Rb1|Wnt9a,-0.540811952602715,0,28,0,0,-4.319537508173948,36.86411149825784,
1,-4.248634254979323,GO:0046475,M1,1,0,GO Biological Processes,19,glycerophospholipid catabolic process,19_GO:0009987 cellular process,-4.248634254979323,11.891648870405753,7.115920515324476,21160,31,287,5,1.7421602787456445,0.7723012028131504,11758|18606|18784|27226|101490,Prdx6|Enpp2|Pla2g5|Pla2g7|Inpp5f,-2.0260664130193313,0,29,1,1,-4.248634254979323,18.43205574912892,
1,-3.304417633506148,GO:0034638,M1,1,0,GO Biological Processes,19,phosphatidylcholine catabolic process,19_GO:0009987 cellular process,-3.304417633506148,18.43205574912892,7.082729559354406,21160,12,287,3,1.0452961672473868,0.6003395457574546,18606|18784|27226,Enpp2|Pla2g5|Pla2g7,-1.4261484773671176,0,29,0,0,-4.248634254979323,18.43205574912892,
1,-3.2439941974001134,GO:0009395,M1,1,0,GO Biological Processes,19,phospholipid catabolic process,19_GO:0009987 cellular process,-3.2439941974001134,7.372822299651567,5.29015960963715,21160,50,287,5,1.7421602787456445,0.7723012028131504,11758|18606|18784|27226|101490,Prdx6|Enpp2|Pla2g5|Pla2g7|Inpp5f,-1.3858433299684956,0,29,0,0,-4.248634254979323,18.43205574912892,
1,-3.1948430233836014,GO:0034374,M1,1,0,GO Biological Processes,19,low-density lipoprotein particle remodeling,19_GO:0032501 multicellular organismal process,-3.1948430233836014,17.014205306888236,6.772496146506399,21160,13,287,3,1.0452961672473868,0.6003395457574546,11816|18784|27226,Apoe|Pla2g5|Pla2g7,-1.3507596038347096,0,29,0,0,-4.248634254979323,18.43205574912892,
1,-3.0167254309344567,GO:0046503,M1,1,0,GO Biological Processes,19,glycerolipid catabolic process,19_GO:0009987 cellular process,-3.0167254309344567,6.582877053260328,4.90530221507187,21160,56,287,5,1.7421602787456445,0.7723012028131504,11758|18606|18784|27226|101490,Prdx6|Enpp2|Pla2g5|Pla2g7|Inpp5f,-1.224754725428817,0,29,0,0,-4.248634254979323,18.43205574912892,
1,-2.606737730297197,GO:0071827,M1,1,0,GO Biological Processes,19,plasma lipoprotein particle organization,19_GO:0032501 multicellular organismal process,-2.606737730297197,7.021735523477684,4.580532941421479,21160,42,287,4,1.3937282229965158,0.6919908761056754,11816|18784|27226|74205,Apoe|Pla2g5|Pla2g7|Acsl3,-0.944115530897036,0,29,0,0,-4.248634254979323,18.43205574912892,
1,-2.4613726953824773,GO:0071825,M1,1,0,GO Biological Processes,19,protein-lipid complex organization,19_GO:0009987 cellular process,-2.4613726953824773,6.411149825783973,4.308035737203815,21160,46,287,4,1.3937282229965158,0.6919908761056754,11816|18784|27226|74205,Apoe|Pla2g5|Pla2g7|Acsl3,-0.8335656060089484,0,29,0,0,-4.248634254979323,18.43205574912892,
1,-2.3941261636198377,mmu00565,M1,1,0,KEGG Pathway,24,Ether lipid metabolism - Mus musculus (house mouse),,-2.3941261636198377,6.144018583042974,4.1836422478998845,21160,48,287,4,1.3937282229965158,0.6919908761056754,18606|18784|27226|67916,Enpp2|Pla2g5|Pla2g7|Plpp3,-0.7838374781694942,0,29,0,0,-4.248634254979323,18.43205574912892,
1,-2.3048561044466704,GO:0015718,M1,1,0,GO Biological Processes,19,monocarboxylic acid transport,19_GO:0051179 localization,-2.3048561044466704,3.373186673043201,3.4545515647632006,21160,153,287,7,2.4390243902439024,0.9105529182275091,11816|17869|18784|74205|80879|216739|243616,Apoe|Myc|Pla2g5|Acsl3|Slc16a3|Acsl6|Slc6a11,-0.7210151634865907,0,29,0,0,-4.248634254979323,18.43205574912892,
1,-2.201044980218945,GO:0034368,M1,1,0,GO Biological Processes,19,protein-lipid complex remodeling,19_GO:0009987 cellular process,-2.201044980218945,7.899452463912395,4.28370369112322,21160,28,287,3,1.0452961672473868,0.6003395457574546,11816|18784|27226,Apoe|Pla2g5|Pla2g7,-0.6584554296633122,0,29,0,0,-4.248634254979323,18.43205574912892,
1,-2.201044980218945,GO:0034369,M1,1,0,GO Biological Processes,19,plasma lipoprotein particle remodeling,19_GO:0032501 multicellular organismal process,-2.201044980218945,7.899452463912395,4.28370369112322,21160,28,287,3,1.0452961672473868,0.6003395457574546,11816|18784|27226,Apoe|Pla2g5|Pla2g7,-0.6584554296633122,0,29,0,0,-4.248634254979323,18.43205574912892,
1,-2.1645168672558133,GO:0006644,M1,1,0,GO Biological Processes,19,phospholipid metabolic process,19_GO:0009987 cellular process,-2.1645168672558133,2.392361218176025,3.030379757944514,21160,339,287,11,3.832752613240418,1.1332560297759222,11758|14756|18606|18784|18799|27226|67916|81535|101490|216739|217258,Prdx6|Gpld1|Enpp2|Pla2g5|Plcd1|Pla2g7|Plpp3|Sgpp1|Inpp5f|Acsl6|Abca8a,-0.6317228452211591,0,29,0,0,-4.248634254979323,18.43205574912892,
1,-2.1277797563166874,GO:0046470,M1,1,0,GO Biological Processes,19,phosphatidylcholine metabolic process,19_GO:0009987 cellular process,-2.1277797563166874,5.173910385720399,3.7000239049259918,21160,57,287,4,1.3937282229965158,0.6919908761056754,14756|18606|18784|27226,Gpld1|Enpp2|Pla2g5|Pla2g7,-0.6131874049795274,0,29,0,0,-4.248634254979323,18.43205574912892,
1,-2.1277797563166874,GO:0097006,M1,1,0,GO Biological Processes,19,regulation of plasma lipoprotein particle levels,19_GO:0050789 regulation of biological process,-2.1277797563166874,5.173910385720399,3.7000239049259918,21160,57,287,4,1.3937282229965158,0.6919908761056754,11816|18784|27226|74205,Apoe|Pla2g5|Pla2g7|Acsl3,-0.6131874049795274,0,29,0,0,-4.248634254979323,18.43205574912892,
1,-2.1165029674688363,GO:0034367,M1,1,0,GO Biological Processes,19,protein-containing complex remodeling,19_GO:0009987 cellular process,-2.1165029674688363,7.372822299651569,4.095800254685854,21160,30,287,3,1.0452961672473868,0.6003395457574546,11816|18784|27226,Apoe|Pla2g5|Pla2g7,-0.6083447261370861,0,29,0,0,-4.248634254979323,18.43205574912892,
1,-2.1011215623067945,GO:0046486,M1,1,0,GO Biological Processes,19,glycerolipid metabolic process,19_GO:0009987 cellular process,-2.1011215623067945,2.343960846710036,2.955581721760264,21160,346,287,11,3.832752613240418,1.1332560297759222,11758|11816|12389|14756|18606|18784|18799|27226|101490|216739|231070,Prdx6|Apoe|Cav1|Gpld1|Enpp2|Pla2g5|Plcd1|Pla2g7|Inpp5f|Acsl6|Insig1,-0.5993034990060634,0,29,0,0,-4.248634254979323,18.43205574912892,
1,-4.2421135599395425,GO:0031589,M1,1,0,GO Biological Processes,19,cell-substrate adhesion,19_GO:0009987 cellular process,-4.2421135599395425,4.291060597680806,5.329092909993502,21160,189,287,11,3.832752613240418,1.1332560297759222,11932|12306|14268|22793|23828|27279|50768|57776|104099|109711|208777,Atp1b2|Anxa2|Fn1|Zyx|Popdc1|Tnfrsf12a|Dlc1|Ttyh1|Itga9|Actn1|Sned1,-2.023662284174383,0,30,1,1,-4.2421135599395425,4.291060597680806,
1,-3.6446386107860524,WP85,M1,1,0,WikiPathways,27,Focal adhesion,,-3.6446386107860524,3.9853093511630093,4.78211815026481,21160,185,287,10,3.484320557491289,1.082472917319835,11852|12389|12824|14268|18479|18595|22339|22793|104099|109711,Rhob|Cav1|Col2a1|Fn1|Pak1|Pdgfra|Vegfa|Zyx|Itga9|Actn1,-1.6468032716810974,0,30,0,0,-4.2421135599395425,4.291060597680806,
1,-3.3408315462074483,mmu04510,M1,1,0,KEGG Pathway,24,Focal adhesion - Mus musculus (house mouse),,-3.3408315462074483,3.649912029530479,4.437397194833429,21160,202,287,10,3.484320557491289,1.082472917319835,12389|12824|12841|14268|18479|18595|22339|22793|104099|109711,Cav1|Col2a1|Col9a3|Fn1|Pak1|Pdgfra|Vegfa|Zyx|Itga9|Actn1,-1.441466678862629,0,30,0,0,-4.2421135599395425,4.291060597680806,
1,-2.8522419590576815,mmu04810,M1,1,0,KEGG Pathway,24,Regulation of actin cytoskeleton - Mus musculus (house mouse),,-2.8522419590576815,3.1507787605348576,3.87932922646023,21160,234,287,10,3.484320557491289,1.082472917319835,14268|18479|18595|18645|20130|20315|66922|104099|109711|219140,Fn1|Pak1|Pdgfra|Pfn2|Rras|Cxcl12|Rras2|Itga9|Actn1|Spata13,-1.109544080245503,0,30,0,0,-4.2421135599395425,4.291060597680806,
1,-2.6046738979583433,GO:0007160,M1,1,0,GO Biological Processes,19,cell-matrix adhesion,19_GO:0009987 cellular process,-2.6046738979583433,3.822944896115628,3.858312179698078,21160,135,287,7,2.4390243902439024,0.9105529182275091,12306|14268|22793|50768|104099|109711|208777,Anxa2|Fn1|Zyx|Dlc1|Itga9|Actn1|Sned1,-0.944115530897036,0,30,0,0,-4.2421135599395425,4.291060597680806,
1,-2.3358116066781784,WP523,M1,1,0,WikiPathways,27,Regulation of actin cytoskeleton,,-2.3358116066781784,3.417864642222581,3.4963415279626324,21160,151,287,7,2.4390243902439024,0.9105529182275091,14168|14268|18479|18595|20130|66922|109711,Fgf13|Fn1|Pak1|Pdgfra|Rras|Rras2|Actn1,-0.7394374357628685,0,30,0,0,-4.2421135599395425,4.291060597680806,
1,-2.178476304745405,GO:0007229,M1,1,0,GO Biological Processes,19,integrin-mediated signaling pathway,19_GO:0050896 response to stimulus,-2.178476304745405,4.23725419520205,3.547883299711416,21160,87,287,5,1.7421602787456445,0.7723012028131504,14268|19242|22793|67916|104099,Fn1|Ptn|Zyx|Plpp3|Itga9,-0.6431400638501881,0,30,0,0,-4.2421135599395425,4.291060597680806,
1,-4.179271419433049,R-MMU-109582,M1,1,0,Reactome Gene Sets,6,Hemostasis,,-4.179271419433049,2.773933142443164,4.731146740078041,21160,505,287,19,6.620209059233449,1.4676461254678037,11674|11852|11932|11933|12306|12389|12759|14268|16002|20539|20970|21346|22151|22339|67374|73710|80879|109711|232345,Aldoa|Rhob|Atp1b2|Atp1b3|Anxa2|Cav1|Clu|Fn1|Igf2|Slc7a5|Sdc3|Tagln2|Tubb2a|Vegfa|Jam2|Tubb2b|Slc16a3|Actn1|A2m,-1.9805469726985196,0,31,1,1,-4.179271419433049,5.128919860627178,
1,-3.7559246684620478,R-MMU-114608,M1,1,0,Reactome Gene Sets,6,Platelet degranulation,,-3.7559246684620478,5.128919860627178,5.206033876913739,21160,115,287,8,2.7874564459930316,0.97168220662184,11674|12759|14268|16002|21346|22339|109711|232345,Aldoa|Clu|Fn1|Igf2|Tagln2|Vegfa|Actn1|A2m,-1.7080671798413516,0,31,0,0,-4.179271419433049,5.128919860627178,
1,-3.6536288265393035,R-MMU-76005,M1,1,0,Reactome Gene Sets,6,Response to elevated platelet cytosolic Ca2+,,-3.6536288265393035,4.956519193043071,5.07515897191245,21160,119,287,8,2.7874564459930316,0.97168220662184,11674|12759|14268|16002|21346|22339|109711|232345,Aldoa|Clu|Fn1|Igf2|Tagln2|Vegfa|Actn1|A2m,-1.6468032716810974,0,31,0,0,-4.179271419433049,5.128919860627178,
1,-2.2584980731839885,R-MMU-76002,M1,1,0,Reactome Gene Sets,6,"Platelet activation, signaling and aggregation",,-2.2584980731839885,2.776376598195151,3.238462369827527,21160,239,287,9,3.1358885017421603,1.0287759606825233,11674|11852|12759|14268|16002|21346|22339|109711|232345,Aldoa|Rhob|Clu|Fn1|Igf2|Tagln2|Vegfa|Actn1|A2m,-0.6932593111941726,0,31,0,0,-4.179271419433049,5.128919860627178,
1,-4.178981134941792,GO:0019725,M1,1,0,GO Biological Processes,19,cellular homeostasis,19_GO:0042592 homeostatic process,-4.178981134941792,2.417318786771006,4.576213108785588,21160,732,287,24,8.362369337979095,1.634032348902039,11674|11758|11816|11829|11928|11932|11933|12349|12389|14645|17869|18007|18799|19775|20498|21817|22295|50527|54403|65945|68585|94249|104027|109648,Aldoa|Prdx6|Apoe|Aqp4|Atp1a1|Atp1b2|Atp1b3|Car2|Cav1|Glul|Myc|Neo1|Plcd1|Xpr1|Slc12a4|Tgm2|Cdh23|Ero1a|Slc4a4|Clstn1|Rtn4|Slc24a3|Synpo|Npy,-1.9805469726985196,0,32,1,1,-4.178981134941792,4.551124876328128,
1,-3.842258706025947,GO:0055080,M1,1,0,GO Biological Processes,19,monoatomic cation homeostasis,19_GO:0042592 homeostatic process,-3.842258706025947,2.613500442040668,4.436710736853221,21160,536,287,19,6.620209059233449,1.4676461254678037,11816|11928|11932|11933|12349|12389|16513|17869|18007|18799|20498|21817|22295|23831|54403|65945|94249|104027|109648,Apoe|Atp1a1|Atp1b2|Atp1b3|Car2|Cav1|Kcnj10|Myc|Neo1|Plcd1|Slc12a4|Tgm2|Cdh23|Car14|Slc4a4|Clstn1|Slc24a3|Synpo|Npy,-1.7538376024610791,0,32,0,0,-4.178981134941792,4.551124876328128,
1,-3.709612844935029,GO:0050801,M1,1,0,GO Biological Processes,19,monoatomic ion homeostasis,19_GO:0042592 homeostatic process,-3.709612844935029,2.5516142749249506,4.3193310185682625,21160,549,287,19,6.620209059233449,1.4676461254678037,11816|11928|11932|11933|12349|12389|16513|17869|18007|18799|20498|21817|22295|23831|54403|65945|94249|104027|109648,Apoe|Atp1a1|Atp1b2|Atp1b3|Car2|Cav1|Kcnj10|Myc|Neo1|Plcd1|Slc12a4|Tgm2|Cdh23|Car14|Slc4a4|Clstn1|Slc24a3|Synpo|Npy,-1.6725902360553093,0,32,0,0,-4.178981134941792,4.551124876328128,
1,-3.649493798543512,GO:0098771,M1,1,0,GO Biological Processes,19,inorganic ion homeostasis,19_GO:0042592 homeostatic process,-3.649493798543512,2.6954404106253045,4.3348330158727,21160,465,287,17,5.923344947735192,1.393424677697697,11816|11928|11932|11933|12389|16513|17869|18007|18799|19775|20498|21817|22295|65945|94249|104027|109648,Apoe|Atp1a1|Atp1b2|Atp1b3|Cav1|Kcnj10|Myc|Neo1|Plcd1|Xpr1|Slc12a4|Tgm2|Cdh23|Clstn1|Slc24a3|Synpo|Npy,-1.6468032716810974,0,32,0,0,-4.178981134941792,4.551124876328128,
1,-3.4870106634287374,GO:0055082,M1,1,0,GO Biological Processes,19,intracellular chemical homeostasis,19_GO:0042592 homeostatic process,-3.4870106634287374,2.3821719869633498,4.092537815313084,21160,619,287,20,6.968641114982578,1.5029612494846223,11816|11829|11928|11932|11933|12349|12389|14645|17869|18007|18799|19775|21817|22295|54403|65945|68585|94249|104027|109648,Apoe|Aqp4|Atp1a1|Atp1b2|Atp1b3|Car2|Cav1|Glul|Myc|Neo1|Plcd1|Xpr1|Tgm2|Cdh23|Slc4a4|Clstn1|Rtn4|Slc24a3|Synpo|Npy,-1.5377197485604004,0,32,0,0,-4.178981134941792,4.551124876328128,
1,-3.3554668416242275,GO:0030003,M1,1,0,GO Biological Processes,19,intracellular monoatomic cation homeostasis,19_GO:0042592 homeostatic process,-3.3554668416242275,2.6331508213041315,4.096852828235636,21160,448,287,16,5.574912891986063,1.3543215582294061,11816|11928|11932|11933|12349|12389|17869|18007|18799|21817|22295|54403|65945|94249|104027|109648,Apoe|Atp1a1|Atp1b2|Atp1b3|Car2|Cav1|Myc|Neo1|Plcd1|Tgm2|Cdh23|Slc4a4|Clstn1|Slc24a3|Synpo|Npy,-1.448169434442827,0,32,0,0,-4.178981134941792,4.551124876328128,
1,-3.2416625735979157,GO:0006873,M1,1,0,GO Biological Processes,19,intracellular monoatomic ion homeostasis,19_GO:0042592 homeostatic process,-3.2416625735979157,2.570046988985296,3.987671840764352,21160,459,287,16,5.574912891986063,1.3543215582294061,11816|11928|11932|11933|12349|12389|17869|18007|18799|21817|22295|54403|65945|94249|104027|109648,Apoe|Atp1a1|Atp1b2|Atp1b3|Car2|Cav1|Myc|Neo1|Plcd1|Tgm2|Cdh23|Slc4a4|Clstn1|Slc24a3|Synpo|Npy,-1.3852952589067151,0,32,0,0,-4.178981134941792,4.551124876328128,
1,-2.36579609222087,GO:0006874,M1,1,0,GO Biological Processes,19,intracellular calcium ion homeostasis,19_GO:0042592 homeostatic process,-2.36579609222087,2.8850174216027877,3.3704722304370907,21160,230,287,9,3.1358885017421603,1.0287759606825233,11816|12389|18799|21817|22295|65945|94249|104027|109648,Apoe|Cav1|Plcd1|Tgm2|Cdh23|Clstn1|Slc24a3|Synpo|Npy,-0.7565162213516716,0,32,0,0,-4.178981134941792,4.551124876328128,
1,-2.3090928003296995,GO:0051480,M1,1,0,GO Biological Processes,19,regulation of cytosolic calcium ion concentration,19_GO:0042592 homeostatic process,-2.3090928003296995,4.551124876328128,3.7547370947389385,21160,81,287,5,1.7421602787456445,0.7723012028131504,12389|18799|22295|104027|109648,Cav1|Plcd1|Cdh23|Synpo|Npy,-0.7233470559568821,0,32,0,0,-4.178981134941792,4.551124876328128,
1,-2.0294958484168686,GO:0055074,M1,1,0,GO Biological Processes,19,calcium ion homeostasis,19_GO:0042592 homeostatic process,-2.0294958484168686,2.5521307960332353,2.952826487465011,21160,260,287,9,3.1358885017421603,1.0287759606825233,11816|12389|18799|21817|22295|65945|94249|104027|109648,Apoe|Cav1|Plcd1|Tgm2|Cdh23|Clstn1|Slc24a3|Synpo|Npy,-0.5573261882681939,0,32,0,0,-4.178981134941792,4.551124876328128,
1,-4.170914434349932,R-MMU-71291,M1,1,0,Reactome Gene Sets,6,Metabolism of amino acids and derivatives,,-4.170914434349932,3.897527206864265,5.146604501328176,21160,227,287,12,4.181184668989547,1.1815010851268668,11898|12035|13371|14645|19125|20229|20539|53320|67870|107272|228608|243616,Ass1|Bcat1|Dio2|Glul|Prodh|Sat1|Slc7a5|Folh1|Enoph1|Psat1|Smox|Slc6a11,-1.9763753159901836,0,33,1,1,-4.170914434349932,6.467387982150497,
1,-2.9816304363406547,GO:0170034,M1,1,0,GO Biological Processes,19,L-amino acid biosynthetic process,19_GO:0009987 cellular process,-2.9816304363406547,6.467387982150497,4.846646037411368,21160,57,287,5,1.7421602787456445,0.7723012028131504,11898|12035|14645|67870|107272,Ass1|Bcat1|Glul|Enoph1|Psat1,-1.2002712932096808,0,33,0,0,-4.170914434349932,6.467387982150497,
1,-2.9816304363406547,GO:0170038,M1,1,0,GO Biological Processes,19,proteinogenic amino acid biosynthetic process,19_GO:0009987 cellular process,-2.9816304363406547,6.467387982150497,4.846646037411368,21160,57,287,5,1.7421602787456445,0.7723012028131504,11898|12035|14645|67870|107272,Ass1|Bcat1|Glul|Enoph1|Psat1,-1.2002712932096808,0,33,0,0,-4.170914434349932,6.467387982150497,
1,-2.9135683708556837,GO:1901607,M1,1,0,GO Biological Processes,19,alpha-amino acid biosynthetic process,19_GO:0009987 cellular process,-2.9135683708556837,6.248154491230141,4.733443299078041,21160,59,287,5,1.7421602787456445,0.7723012028131504,11898|12035|14645|67870|107272,Ass1|Bcat1|Glul|Enoph1|Psat1,-1.1498181727829044,0,33,0,0,-4.170914434349932,6.467387982150497,
1,-2.6379415686979946,GO:0008652,M1,1,0,GO Biological Processes,19,amino acid biosynthetic process,19_GO:0009987 cellular process,-2.6379415686979946,5.421192867390858,4.2818467230692745,21160,68,287,5,1.7421602787456445,0.7723012028131504,11898|12035|14645|67870|107272,Ass1|Bcat1|Glul|Enoph1|Psat1,-0.945701726145166,0,33,0,0,-4.170914434349932,6.467387982150497,
1,-2.188236325091539,GO:1901605,M1,1,0,GO Biological Processes,19,alpha-amino acid metabolic process,19_GO:0009987 cellular process,-2.188236325091539,2.9199296236243835,3.21500873659491,21160,202,287,8,2.7874564459930316,0.97168220662184,11898|12035|14645|19125|50527|56448|67870|107272,Ass1|Bcat1|Glul|Prodh|Ero1a|Cyp2d22|Enoph1|Psat1,-0.6494871433949448,0,33,0,0,-4.170914434349932,6.467387982150497,
1,-2.1824313701986,mmu00270,M1,1,0,KEGG Pathway,24,Cysteine and methionine metabolism - Mus musculus (house mouse),,-2.1824313701986,5.362052581564777,3.798180886837452,21160,55,287,4,1.3937282229965158,0.6919908761056754,12035|16828|67870|107272,Bcat1|Ldha|Enoph1|Psat1,-0.6453920115054288,0,33,0,0,-4.170914434349932,6.467387982150497,
1,-2.002346709996935,WP662,M1,1,0,WikiPathways,27,Amino acid metabolism,,-2.002346709996935,3.840011614401858,3.270253285777226,21160,96,287,5,1.7421602787456445,0.7723012028131504,11898|12035|14645|16828|19125,Ass1|Bcat1|Glul|Ldha|Prodh,-0.540811952602715,0,33,0,0,-4.170914434349932,6.467387982150497,
1,-4.163543321718825,mmu00910,M1,1,0,KEGG Pathway,24,Nitrogen metabolism - Mus musculus (house mouse),,-4.163543321718825,17.34781717565075,7.906731826987941,21160,17,287,4,1.3937282229965158,0.6919908761056754,12349|14645|23831|56078,Car2|Glul|Car14|Car5b,-1.9728646241723145,0,34,1,1,-4.163543321718825,18.43205574912892,
1,-3.304417633506148,R-MMU-1475029,M1,1,0,Reactome Gene Sets,6,Reversible hydration of carbon dioxide,,-3.304417633506148,18.43205574912892,7.082729559354406,21160,12,287,3,1.0452961672473868,0.6003395457574546,12349|23831|56078,Car2|Car14|Car5b,-1.4261484773671176,0,34,0,0,-4.163543321718825,18.43205574912892,
1,-2.8361461037738707,GO:0015670,M1,1,0,GO Biological Processes,19,carbon dioxide transport,19_GO:0051179 localization,-2.8361461037738707,13.010862881738062,5.809134687294797,21160,17,287,3,1.0452961672473868,0.6003395457574546,11829|12349|23831,Aqp4|Car2|Car14,-1.0991516757776196,0,34,0,0,-4.163543321718825,18.43205574912892,
1,-2.502875928777911,GO:0015669,M1,1,0,GO Biological Processes,19,gas transport,19_GO:0051179 localization,-2.502875928777911,10.053848590433956,4.9820571160978835,21160,22,287,3,1.0452961672473868,0.6003395457574546,11829|12349|23831,Aqp4|Car2|Car14,-0.8633448408324511,0,34,0,0,-4.163543321718825,18.43205574912892,
1,-2.2459384307094505,GO:0019755,M1,1,0,GO Biological Processes,19,one-carbon compound transport,19_GO:0051179 localization,-2.2459384307094505,8.192024777390632,4.384787606870905,21160,27,287,3,1.0452961672473868,0.6003395457574546,11829|12349|23831,Aqp4|Car2|Car14,-0.6852283279183702,0,34,0,0,-4.163543321718825,18.43205574912892,
1,-4.1374392467905725,GO:0010563,M1,1,0,GO Biological Processes,19,negative regulation of phosphorus metabolic process,19_GO:0048519 negative regulation of biological process,-4.1374392467905725,3.088093109801704,4.829206226291698,21160,382,287,16,5.574912891986063,1.3543215582294061,11816|12389|15937|16337|18569|19645|20848|54725|56312|56455|67916|97998|101490|109294|211770|230126,Apoe|Cav1|Ier3|Insr|Pdcd4|Rb1|Stat3|Cadm1|Nupr1|Dynll1|Plpp3|Deptor|Inpp5f|Prex2|Trib1|Shb,-1.9581400949875611,0,35,1,1,-4.1374392467905725,5.898257839721254,
1,-4.1374392467905725,GO:0045936,M1,1,0,GO Biological Processes,19,negative regulation of phosphate metabolic process,19_GO:0048519 negative regulation of biological process,-4.1374392467905725,3.088093109801704,4.829206226291698,21160,382,287,16,5.574912891986063,1.3543215582294061,11816|12389|15937|16337|18569|19645|20848|54725|56312|56455|67916|97998|101490|109294|211770|230126,Apoe|Cav1|Ier3|Insr|Pdcd4|Rb1|Stat3|Cadm1|Nupr1|Dynll1|Plpp3|Deptor|Inpp5f|Prex2|Trib1|Shb,-1.9581400949875611,0,35,0,0,-4.1374392467905725,5.898257839721254,
1,-3.265034441615733,GO:0048662,M1,1,0,GO Biological Processes,19,negative regulation of smooth muscle cell proliferation,19_GO:0048519 negative regulation of biological process,-3.265034441615733,5.898257839721254,4.9828928955810845,21160,75,287,6,2.0905923344947737,0.8445122236887297,11816|12389|16011|18569|29811|211770,Apoe|Cav1|Igfbp5|Pdcd4|Ndrg2|Trib1,-1.4030928121746395,0,35,0,0,-4.1374392467905725,5.898257839721254,
1,-3.164776615484555,GO:0042326,M1,1,0,GO Biological Processes,19,negative regulation of phosphorylation,19_GO:0048519 negative regulation of biological process,-3.164776615484555,2.86966137411588,4.0385860274143255,21160,334,287,13,4.529616724738676,1.2275073817001454,11816|12389|16337|18569|19645|54725|56455|67916|97998|101490|109294|211770|230126,Apoe|Cav1|Insr|Pdcd4|Rb1|Cadm1|Dynll1|Plpp3|Deptor|Inpp5f|Prex2|Trib1|Shb,-1.3292594397664748,0,35,0,0,-4.1374392467905725,5.898257839721254,
1,-2.9064392388186167,GO:0001933,M1,1,0,GO Biological Processes,19,negative regulation of protein phosphorylation,19_GO:0048519 negative regulation of biological process,-2.9064392388186167,2.826641137246608,3.8176815640352726,21160,313,287,12,4.181184668989547,1.1815010851268668,11816|12389|16337|18569|19645|54725|67916|97998|101490|109294|211770|230126,Apoe|Cav1|Insr|Pdcd4|Rb1|Cadm1|Plpp3|Deptor|Inpp5f|Prex2|Trib1|Shb,-1.1450001221873314,0,35,0,0,-4.1374392467905725,5.898257839721254,
1,-2.804311227796047,GO:0043405,M1,1,0,GO Biological Processes,19,regulation of MAP kinase activity,19_GO:0050789 regulation of biological process,-2.804311227796047,3.6864111498257843,3.999621611470176,21160,160,287,8,2.7874564459930316,0.97168220662184,11816|12389|14367|16337|18479|18569|19876|211770,Apoe|Cav1|Fzd5|Insr|Pak1|Pdcd4|Robo1|Trib1,-1.0724374477449916,0,35,0,0,-4.1374392467905725,5.898257839721254,
1,-2.5462429964605517,GO:0006469,M1,1,0,GO Biological Processes,19,negative regulation of protein kinase activity,19_GO:0048519 negative regulation of biological process,-2.5462429964605517,3.3512828634779854,3.6729342572408927,21160,176,287,8,2.7874564459930316,0.97168220662184,11816|12389|18569|19645|97998|109294|211770|230126,Apoe|Cav1|Pdcd4|Rb1|Deptor|Prex2|Trib1|Shb,-0.893550462457121,0,35,0,0,-4.1374392467905725,5.898257839721254,
1,-2.358758787213191,GO:0033673,M1,1,0,GO Biological Processes,19,negative regulation of kinase activity,19_GO:0048519 negative regulation of biological process,-2.358758787213191,3.1207713437678595,3.434086731722595,21160,189,287,8,2.7874564459930316,0.97168220662184,11816|12389|18569|19645|97998|109294|211770|230126,Apoe|Cav1|Pdcd4|Rb1|Deptor|Prex2|Trib1|Shb,-0.7534909031378985,0,35,0,0,-4.1374392467905725,5.898257839721254,
1,-2.355316127374679,GO:1904705,M1,1,0,GO Biological Processes,19,regulation of vascular associated smooth muscle cell proliferation,19_GO:0050789 regulation of biological process,-2.355316127374679,4.666343227627574,3.8282222400343606,21160,79,287,5,1.7421602787456445,0.7723012028131504,12389|16011|18479|18569|29811,Cav1|Igfbp5|Pak1|Pdcd4|Ndrg2,-0.7530330968488486,0,35,0,0,-4.1374392467905725,5.898257839721254,
1,-2.3121819196511297,GO:0031400,M1,1,0,GO Biological Processes,19,negative regulation of protein modification process,19_GO:0048519 negative regulation of biological process,-2.3121819196511297,2.2929830118533587,3.13077405308985,21160,418,287,13,4.529616724738676,1.2275073817001454,11816|12389|16337|18569|19645|54725|67916|97998|101490|109294|117198|211770|230126,Apoe|Cav1|Insr|Pdcd4|Rb1|Cadm1|Plpp3|Deptor|Inpp5f|Prex2|Ivns1abp|Trib1|Shb,-0.723563213432582,0,35,0,0,-4.1374392467905725,5.898257839721254,
1,-2.0555699309981232,GO:0051348,M1,1,0,GO Biological Processes,19,negative regulation of transferase activity,19_GO:0065007 biological regulation,-2.0555699309981232,2.7691351360193686,3.042888048063967,21160,213,287,8,2.7874564459930316,0.97168220662184,11816|12389|18569|19645|97998|109294|211770|230126,Apoe|Cav1|Pdcd4|Rb1|Deptor|Prex2|Trib1|Shb,-0.5729886031239247,0,35,0,0,-4.1374392467905725,5.898257839721254,
1,-4.0805251683656145,mmu04820,M1,1,0,KEGG Pathway,24,Cytoskeleton in muscle cells - Mus musculus (house mouse),,-4.0805251683656145,3.8135287756818457,5.0527472168392995,21160,232,287,12,4.181184668989547,1.1815010851268668,11928|11932|11933|12841|14268|20970|22352|22793|53318|74103|104099|326618,Atp1a1|Atp1b2|Atp1b3|Col9a3|Fn1|Sdc3|Vim|Zyx|Pdlim3|Nebl|Itga9|Tpm4,-1.9262684219440642,0,36,1,1,-4.0805251683656145,3.8135287756818457,
1,-3.9758770213690537,GO:0043065,M1,1,0,GO Biological Processes,19,positive regulation of apoptotic process,19_GO:0048518 positive regulation of biological process,-3.9758770213690537,2.457607433217189,4.460994550374412,21160,660,287,22,7.665505226480836,1.5704041427847593,11535|11852|12389|12759|12822|14756|16828|17869|18569|19242|20378|20450|21664|21817|27279|50768|53320|56213|56312|83397|229595|235320,Adm|Rhob|Cav1|Clu|Col18a1|Gpld1|Ldha|Myc|Pdcd4|Ptn|Frzb|St8sia2|Phlda1|Tgm2|Tnfrsf12a|Dlc1|Folh1|Htra1|Nupr1|Akap12|Adamtsl4|Zbtb16,-1.8427095906383728,0,37,1,1,-3.9758770213690537,2.457607433217189,
1,-3.809659116651082,GO:0043068,M1,1,0,GO Biological Processes,19,positive regulation of programmed cell death,19_GO:0048518 positive regulation of biological process,-3.809659116651082,2.392361218176025,4.32092437543944,21160,678,287,22,7.665505226480836,1.5704041427847593,11535|11852|12389|12759|12822|14756|16828|17869|18569|19242|20378|20450|21664|21817|27279|50768|53320|56213|56312|83397|229595|235320,Adm|Rhob|Cav1|Clu|Col18a1|Gpld1|Ldha|Myc|Pdcd4|Ptn|Frzb|St8sia2|Phlda1|Tgm2|Tnfrsf12a|Dlc1|Folh1|Htra1|Nupr1|Akap12|Adamtsl4|Zbtb16,-1.7332193103693283,0,37,0,0,-3.9758770213690537,2.457607433217189,
1,-3.9274276809252613,GO:0071375,M1,1,0,GO Biological Processes,19,cellular response to peptide hormone stimulus,19_GO:0050896 response to stimulus,-3.9274276809252613,3.25613603139186,4.745815816392202,21160,317,287,14,4.878048780487805,1.2715179522683246,11898|12349|12389|14756|16002|16337|16367|17755|18479|18595|19645|20848|29815|231070,Ass1|Car2|Cav1|Gpld1|Igf2|Insr|Irs1|Map1b|Pak1|Pdgfra|Rb1|Stat3|Bcar3|Insig1,-1.8140043083903374,0,38,1,1,-3.9274276809252613,11.059233449477352,
1,-3.469060476910647,GO:0043434,M1,1,0,GO Biological Processes,19,response to peptide hormone,19_GO:0050896 response to stimulus,-3.469060476910647,2.600373010250553,4.167605027472762,21160,482,287,17,5.923344947735192,1.393424677697697,11535|11898|12349|12389|14756|16002|16011|16337|16367|17755|18479|18595|18799|19645|20848|29815|231070,Adm|Ass1|Car2|Cav1|Gpld1|Igf2|Igfbp5|Insr|Irs1|Map1b|Pak1|Pdgfra|Plcd1|Rb1|Stat3|Bcar3|Insig1,-1.5241564122904236,0,38,0,0,-3.9274276809252613,11.059233449477352,
1,-3.4252598576232636,GO:0048732,M1,1,0,GO Biological Processes,19,gland development,19_GO:0032502 developmental process,-3.4252598576232636,2.494563935972335,4.093905695643599,21160,532,287,18,6.2717770034843205,1.4311644750303303,11898|12389|15902|16002|16011|16337|16367|16828|18595|19876|20378|20539|21802|21817|22339|50781|54725|71371,Ass1|Cav1|Id2|Igf2|Igfbp5|Insr|Irs1|Ldha|Pdgfra|Robo1|Frzb|Slc7a5|Tgfa|Tgm2|Vegfa|Dkk3|Cadm1|Arid5b,-1.4971979460499272,0,38,0,0,-3.9274276809252613,11.059233449477352,
1,-3.398141150332818,R-MMU-9006934,M1,1,0,Reactome Gene Sets,6,Signaling by Receptor Tyrosine Kinases,,-3.398141150332818,2.764808362369338,4.178399444892265,21160,400,287,15,5.2264808362369335,1.313733384896961,12389|12824|12841|14268|16002|16337|16367|18595|19242|20848|21802|22339|59079|109270|230126,Cav1|Col2a1|Col9a3|Fn1|Igf2|Insr|Irs1|Pdgfra|Ptn|Stat3|Tgfa|Vegfa|Erbin|Prr5|Shb,-1.4830088782533057,0,38,0,0,-3.9274276809252613,11.059233449477352,
1,-3.244167546286686,GO:1901699,M1,1,0,GO Biological Processes,19,cellular response to nitrogen compound,19_GO:0050896 response to stimulus,-3.244167546286686,2.2245584524810766,3.851988285442028,21160,696,287,21,7.317073170731708,1.537190247869145,11443|11898|12349|12389|14681|14756|16002|16011|16337|16367|17755|18479|18595|19645|20511|20539|20848|21817|22352|29815|231070,Chrnb1|Ass1|Car2|Cav1|Gnao1|Gpld1|Igf2|Igfbp5|Insr|Irs1|Map1b|Pak1|Pdgfra|Rb1|Slc1a2|Slc7a5|Stat3|Tgm2|Vim|Bcar3|Insig1,-1.3858433299684956,0,38,0,0,-3.9274276809252613,11.059233449477352,
1,-3.225392941086703,GO:0051897,M1,1,0,GO Biological Processes,19,positive regulation of phosphatidylinositol 3-kinase/protein kinase B signal transduction,19_GO:0048518 positive regulation of biological process,-3.225392941086703,3.5276661720820894,4.306124300570432,21160,209,287,10,3.484320557491289,1.082472917319835,14268|16002|16011|16337|16367|18595|20315|22339|68585|109270,Fn1|Igf2|Igfbp5|Insr|Irs1|Pdgfra|Cxcl12|Vegfa|Rtn4|Prr5,-1.374332753316439,0,38,0,0,-3.9274276809252613,11.059233449477352,
1,-3.102285429372689,GO:0051896,M1,1,0,GO Biological Processes,19,regulation of phosphatidylinositol 3-kinase/protein kinase B signal transduction,19_GO:0050896 response to stimulus,-3.102285429372689,2.9789181008693206,4.027297826097499,21160,297,287,12,4.181184668989547,1.1815010851268668,14268|16002|16011|16337|16367|18595|20130|20315|22339|68585|101490|109270,Fn1|Igf2|Igfbp5|Insr|Irs1|Pdgfra|Rras|Cxcl12|Vegfa|Rtn4|Inpp5f|Prr5,-1.278484036832517,0,38,0,0,-3.9274276809252613,11.059233449477352,
1,-2.794625715747493,mmu04151,M1,1,0,KEGG Pathway,24,PI3K-Akt signaling pathway - Mus musculus (house mouse),,-2.794625715747493,2.611626427669493,3.652034880608905,21160,367,287,13,4.529616724738676,1.2275073817001454,12824|12841|14268|14924|16002|16337|16367|17869|18414|18595|21802|22339|104099,Col2a1|Col9a3|Fn1|Magi1|Igf2|Insr|Irs1|Myc|Osmr|Pdgfra|Tgfa|Vegfa|Itga9,-1.0654163273778494,0,38,0,0,-3.9274276809252613,11.059233449477352,
1,-2.624803971690911,GO:0045725,M1,1,0,GO Biological Processes,19,positive regulation of glycogen biosynthetic process,19_GO:0048518 positive regulation of biological process,-2.624803971690911,11.059233449477352,5.277442067473983,21160,20,287,3,1.0452961672473868,0.6003395457574546,16002|16337|16367,Igf2|Insr|Irs1,-0.944115530897036,0,38,0,0,-3.9274276809252613,11.059233449477352,
1,-2.5451090588636998,GO:0032869,M1,1,0,GO Biological Processes,19,cellular response to insulin stimulus,19_GO:0050896 response to stimulus,-2.5451090588636998,3.072009291521487,3.5890940644686933,21160,216,287,9,3.1358885017421603,1.0287759606825233,14756|16002|16337|16367|18479|18595|19645|29815|231070,Gpld1|Igf2|Insr|Irs1|Pak1|Pdgfra|Rb1|Bcar3|Insig1,-0.8935286752296366,0,38,0,0,-3.9274276809252613,11.059233449477352,
1,-2.511865485039679,GO:0032870,M1,1,0,GO Biological Processes,19,cellular response to hormone stimulus,19_GO:0050896 response to stimulus,-2.511865485039679,2.1207779880554423,3.240431351147572,21160,591,287,17,5.923344947735192,1.393424677697697,11898|11928|12349|12389|14756|16002|16337|16367|17755|18479|18595|19220|19645|20848|29815|216190|231070,Ass1|Atp1a1|Car2|Cav1|Gpld1|Igf2|Insr|Irs1|Map1b|Pak1|Pdgfra|Ptgfr|Rb1|Stat3|Bcar3|Appl2|Insig1,-0.8658035299352613,0,38,0,0,-3.9274276809252613,11.059233449477352,
1,-2.488307869257588,R-MMU-6811558,M1,1,0,Reactome Gene Sets,6,"PI5P, PP2A and IER3 Regulate PI3K/AKT Signaling",,-2.488307869257588,4.173295641312208,3.8405395303381153,21160,106,287,6,2.0905923344947737,0.8445122236887297,15937|16337|16367|18595|21802|77125,Ier3|Insr|Irs1|Pdgfra|Tgfa|Il33,-0.8509320933382629,0,38,0,0,-3.9274276809252613,11.059233449477352,
1,-2.3517177480305937,R-MMU-199418,M1,1,0,Reactome Gene Sets,6,Negative regulation of the PI3K/AKT network,,-2.3517177480305937,3.9147729024698594,3.642880505892733,21160,113,287,6,2.0905923344947737,0.8445122236887297,15937|16337|16367|18595|21802|77125,Ier3|Insr|Irs1|Pdgfra|Tgfa|Il33,-0.7514132834868512,0,38,0,0,-3.9274276809252613,11.059233449477352,
1,-2.3272799278903227,WP2841,M1,1,0,WikiPathways,27,Focal adhesion PI3K Akt mTOR signaling pathway,,-2.3272799278903227,2.5186660029865604,3.2200177891856607,21160,322,287,11,3.832752613240418,1.1332560297759222,12824|14168|14268|16337|16367|18414|18595|20527|22339|53417|104099,Col2a1|Fgf13|Fn1|Insr|Irs1|Osmr|Pdgfra|Slc2a3|Vegfa|Hif3a|Itga9,-0.7328576455725346,0,38,0,0,-3.9274276809252613,11.059233449477352,
1,-2.3090928003296995,GO:0048009,M1,1,0,GO Biological Processes,19,insulin-like growth factor receptor signaling pathway,19_GO:0050896 response to stimulus,-2.3090928003296995,4.551124876328128,3.7547370947389385,21160,81,287,5,1.7421602787456445,0.7723012028131504,16002|16011|16337|16367|18595,Igf2|Igfbp5|Insr|Irs1|Pdgfra,-0.7233470559568821,0,38,0,0,-3.9274276809252613,11.059233449477352,
1,-2.278265260040713,GO:0007169,M1,1,0,GO Biological Processes,19,cell surface receptor protein tyrosine kinase signaling pathway,19_GO:0050896 response to stimulus,-2.278265260040713,2.2712485757220473,3.093138387642849,21160,422,287,13,4.529616724738676,1.2275073817001454,14756|16002|16011|16337|16367|18479|18595|20848|21802|22339|29815|71371|216616,Gpld1|Igf2|Igfbp5|Insr|Irs1|Pak1|Pdgfra|Stat3|Tgfa|Vegfa|Bcar3|Arid5b|Efemp1,-0.708450117644871,0,38,0,0,-3.9274276809252613,11.059233449477352,
1,-2.2459384307094505,GO:0070875,M1,1,0,GO Biological Processes,19,positive regulation of glycogen metabolic process,19_GO:0048518 positive regulation of biological process,-2.2459384307094505,8.192024777390632,4.384787606870905,21160,27,287,3,1.0452961672473868,0.6003395457574546,16002|16337|16367,Igf2|Insr|Irs1,-0.6852283279183702,0,38,0,0,-3.9274276809252613,11.059233449477352,
1,-2.1990418790387043,GO:0032868,M1,1,0,GO Biological Processes,19,response to insulin,19_GO:0050896 response to stimulus,-2.1990418790387043,2.5511495846545214,3.1133436048081227,21160,289,287,10,3.484320557491289,1.082472917319835,11535|14756|16002|16337|16367|18479|18595|19645|29815|231070,Adm|Gpld1|Igf2|Insr|Irs1|Pak1|Pdgfra|Rb1|Bcar3|Insig1,-0.6577152744542996,0,38,0,0,-3.9274276809252613,11.059233449477352,
1,-2.1979038678199396,GO:0007167,M1,1,0,GO Biological Processes,19,enzyme-linked receptor protein signaling pathway,19_GO:0050896 response to stimulus,-2.1979038678199396,1.970722941730765,2.9146669043518543,21160,636,287,17,5.923344947735192,1.393424677697697,14756|16002|16011|16337|16367|18479|18569|18595|20848|21802|22339|22793|29815|50527|71371|216190|216616,Gpld1|Igf2|Igfbp5|Insr|Irs1|Pak1|Pdcd4|Pdgfra|Stat3|Tgfa|Vegfa|Zyx|Bcar3|Ero1a|Arid5b|Appl2|Efemp1,-0.657438104908671,0,38,0,0,-3.9274276809252613,11.059233449477352,
1,-2.163362975010263,R-MMU-1257604,M1,1,0,Reactome Gene Sets,6,PIP3 activates AKT signaling,,-2.163362975010263,2.891302862608458,3.1828637631336263,21160,204,287,8,2.7874564459930316,0.97168220662184,15937|16337|16367|18595|21802|77125|109270|109294,Ier3|Insr|Irs1|Pdgfra|Tgfa|Il33|Prr5|Prex2,-0.631413063021524,0,38,0,0,-3.9274276809252613,11.059233449477352,
1,-2.1247692099244753,GO:0008286,M1,1,0,GO Biological Processes,19,insulin receptor signaling pathway,19_GO:0050896 response to stimulus,-2.1247692099244753,3.510867761738842,3.3147002379279615,21160,126,287,6,2.0905923344947737,0.8445122236887297,14756|16002|16337|16367|18595|29815,Gpld1|Igf2|Insr|Irs1|Pdgfra|Bcar3,-0.6120221990828804,0,38,0,0,-3.9274276809252613,11.059233449477352,
1,-2.0396319871993116,GO:0007173,M1,1,0,GO Biological Processes,19,epidermal growth factor receptor signaling pathway,19_GO:0050896 response to stimulus,-2.0396319871993116,3.9217139891763657,3.328945368085506,21160,94,287,5,1.7421602787456445,0.7723012028131504,16337|18595|21802|29815|216616,Insr|Pdgfra|Tgfa|Bcar3|Efemp1,-0.5630563416866075,0,38,0,0,-3.9274276809252613,11.059233449477352,
1,-2.0396319871993116,GO:1900076,M1,1,0,GO Biological Processes,19,regulation of cellular response to insulin stimulus,19_GO:0050896 response to stimulus,-2.0396319871993116,3.9217139891763657,3.328945368085506,21160,94,287,5,1.7421602787456445,0.7723012028131504,14756|16002|16367|18479|216190,Gpld1|Igf2|Irs1|Pak1|Appl2,-0.5630563416866075,0,38,0,0,-3.9274276809252613,11.059233449477352,
1,-2.038175381468923,GO:0046628,M1,1,0,GO Biological Processes,19,positive regulation of insulin receptor signaling pathway,19_GO:0048518 positive regulation of biological process,-2.038175381468923,6.912020905923345,3.924441298144375,21160,32,287,3,1.0452961672473868,0.6003395457574546,16002|16367|18479,Igf2|Irs1|Pak1,-0.5630563416866075,0,38,0,0,-3.9274276809252613,11.059233449477352,
1,-3.9241363477167877,GO:0050679,M1,1,0,GO Biological Processes,19,positive regulation of epithelial cell proliferation,19_GO:0048518 positive regulation of biological process,-3.9241363477167877,3.671114838000781,4.890200911474052,21160,241,287,12,4.181184668989547,1.1815010851268668,12389|12822|14645|16002|17869|19242|20315|20848|21802|22339|56213|68585,Cav1|Col18a1|Glul|Igf2|Myc|Ptn|Cxcl12|Stat3|Tgfa|Vegfa|Htra1|Rtn4,-1.8139181150570753,0,39,1,1,-3.9241363477167877,10.532603285216526,
1,-3.5176480940539423,GO:0050678,M1,1,0,GO Biological Processes,19,regulation of epithelial cell proliferation,19_GO:0050789 regulation of biological process,-3.5176480940539423,2.7243685171922656,4.251105574734151,21160,433,287,16,5.574912891986063,1.3543215582294061,11816|12389|12822|14645|16002|17869|19242|19645|19876|20315|20848|21802|22339|56213|56312|68585,Apoe|Cav1|Col18a1|Glul|Igf2|Myc|Ptn|Rb1|Robo1|Cxcl12|Stat3|Tgfa|Vegfa|Htra1|Nupr1|Rtn4,-1.5616926829542384,0,39,0,0,-3.9241363477167877,10.532603285216526,
1,-3.039103532831485,GO:0050673,M1,1,0,GO Biological Processes,19,epithelial cell proliferation,19_GO:0009987 cellular process,-3.039103532831485,3.3361186876251434,4.0936353382895305,21160,221,287,10,3.484320557491289,1.082472917319835,12389|12822|15902|16010|16011|17869|19645|21802|22339|94352,Cav1|Col18a1|Id2|Igfbp4|Igfbp5|Myc|Rb1|Tgfa|Vegfa|Loxl2,-1.2409505950751527,0,39,0,0,-3.9241363477167877,10.532603285216526,
1,-2.6456059003545924,GO:0001935,M1,1,0,GO Biological Processes,19,endothelial cell proliferation,19_GO:0009987 cellular process,-2.6456059003545924,7.192997365513725,4.654277030000742,21160,41,287,4,1.3937282229965158,0.6919908761056754,12389|12822|22339|94352,Cav1|Col18a1|Vegfa|Loxl2,-0.949623464712485,0,39,0,0,-3.9241363477167877,10.532603285216526,
1,-2.56220257132413,GO:1905564,M1,1,0,GO Biological Processes,19,positive regulation of vascular endothelial cell proliferation,19_GO:0048518 positive regulation of biological process,-2.56220257132413,10.532603285216526,5.124777665543704,21160,21,287,3,1.0452961672473868,0.6003395457574546,12822|16002|20848,Col18a1|Igf2|Stat3,-0.9076330252089084,0,39,0,0,-3.9241363477167877,10.532603285216526,
1,-2.5294460711265816,GO:0001938,M1,1,0,GO Biological Processes,19,positive regulation of endothelial cell proliferation,19_GO:0048518 positive regulation of biological process,-2.5294460711265816,4.253551326722059,3.9001604785290462,21160,104,287,6,2.0905923344947737,0.8445122236887297,12389|12822|16002|20315|20848|22339,Cav1|Col18a1|Igf2|Cxcl12|Stat3|Vegfa,-0.8819752755702953,0,39,0,0,-3.9241363477167877,10.532603285216526,
1,-2.28958041319421,GO:0001936,M1,1,0,GO Biological Processes,19,regulation of endothelial cell proliferation,19_GO:0050789 regulation of biological process,-2.28958041319421,3.3512828634779854,3.4339157809627494,21160,154,287,7,2.4390243902439024,0.9105529182275091,11816|12389|12822|16002|20315|20848|22339,Apoe|Cav1|Col18a1|Igf2|Cxcl12|Stat3|Vegfa,-0.7169961148793632,0,39,0,0,-3.9241363477167877,10.532603285216526,
1,-2.0766148459451195,GO:1905562,M1,1,0,GO Biological Processes,19,regulation of vascular endothelial cell proliferation,19_GO:0050789 regulation of biological process,-2.0766148459451195,7.134989322243453,4.008217387366292,21160,31,287,3,1.0452961672473868,0.6003395457574546,12822|16002|20848,Col18a1|Igf2|Stat3,-0.58749709594343,0,39,0,0,-3.9241363477167877,10.532603285216526,
1,-2.00066551435991,GO:0043536,M1,1,0,GO Biological Processes,19,positive regulation of blood vessel endothelial cell migration,19_GO:0040011 locomotion,-2.00066551435991,4.756659548162302,3.473546524990708,21160,62,287,4,1.3937282229965158,0.6919908761056754,12822|16002|22339|80837,Col18a1|Igf2|Vegfa|Rhoj,-0.540811952602715,0,39,0,0,-3.9241363477167877,10.532603285216526,
1,-3.881148528451669,GO:1904026,M1,1,0,GO Biological Processes,19,regulation of collagen fibril organization,19_GO:0050789 regulation of biological process,-3.881148528451669,27.64808362369338,8.839574048508965,21160,8,287,3,1.0452961672473868,0.6003395457574546,11568|19645|214685,Aebp1|Rb1|Chadl,-1.7772704738229756,0,40,1,1,-3.881148528451669,27.64808362369338,
1,-2.2927633852104985,WP3654,M1,1,0,WikiPathways,27,Novel Jun Dmp1 pathway,,-2.2927633852104985,8.507102653444118,4.49121926365274,21160,26,287,3,1.0452961672473868,0.6003395457574546,17869|19645|20130,Myc|Rb1|Rras,-0.7183231247466808,0,40,0,0,-3.881148528451669,27.64808362369338,
1,-3.868336762757213,GO:0031102,M1,1,0,GO Biological Processes,19,neuron projection regeneration,19_GO:0032502 developmental process,-3.868336762757213,9.963273377907523,6.398612146871332,21160,37,287,5,1.7421602787456445,0.7723012028131504,11535|14580|17755|18377|19242,Adm|Gfap|Map1b|Omg|Ptn,-1.7737987343826631,0,41,1,1,-3.868336762757213,9.963273377907523,
1,-3.8206134978501036,GO:1902904,M1,1,0,GO Biological Processes,19,negative regulation of supramolecular fiber organization,19_GO:0048519 negative regulation of biological process,-3.8206134978501036,4.189103579347481,4.981692321420088,21160,176,287,10,3.484320557491289,1.082472917319835,11816|12759|13609|14168|17755|18645|27360|50768|52428|214685,Apoe|Clu|S1pr1|Fgf13|Map1b|Pfn2|Add3|Dlc1|Rhpn2|Chadl,-1.7382243590551485,0,42,1,1,-3.8206134978501036,4.468377151303981,
1,-3.308660227617717,GO:1902903,M1,1,0,GO Biological Processes,19,regulation of supramolecular fiber organization,19_GO:0050789 regulation of biological process,-3.308660227617717,2.710596433695429,4.0911343864736,21160,408,287,15,5.2264808362369335,1.313733384896961,11568|11816|12389|12759|13609|14168|17755|18479|18645|19645|27360|50768|52428|104027|214685,Aebp1|Apoe|Cav1|Clu|S1pr1|Fgf13|Map1b|Pak1|Pfn2|Rb1|Add3|Dlc1|Rhpn2|Synpo|Chadl,-1.4261484773671176,0,42,0,0,-3.8206134978501036,4.468377151303981,
1,-2.6367906510629027,GO:0051492,M1,1,0,GO Biological Processes,19,regulation of stress fiber assembly,19_GO:0050789 regulation of biological process,-2.6367906510629027,4.468377151303981,4.056023857769105,21160,99,287,6,2.0905923344947737,0.8445122236887297,13609|18479|18645|50768|52428|104027,S1pr1|Pak1|Pfn2|Dlc1|Rhpn2|Synpo,-0.945701726145166,0,42,0,0,-3.8206134978501036,4.468377151303981,
1,-2.3517177480305937,GO:0110020,M1,1,0,GO Biological Processes,19,regulation of actomyosin structure organization,19_GO:0050789 regulation of biological process,-2.3517177480305937,3.9147729024698594,3.642880505892733,21160,113,287,6,2.0905923344947737,0.8445122236887297,13609|18479|18645|50768|52428|104027,S1pr1|Pak1|Pfn2|Dlc1|Rhpn2|Synpo,-0.7514132834868512,0,42,0,0,-3.8206134978501036,4.468377151303981,
1,-2.3146634210330927,GO:0032231,M1,1,0,GO Biological Processes,19,regulation of actin filament bundle assembly,19_GO:0050789 regulation of biological process,-2.3146634210330927,3.8466898954703836,3.58930774467386,21160,115,287,6,2.0905923344947737,0.8445122236887297,13609|18479|18645|50768|52428|104027,S1pr1|Pak1|Pfn2|Dlc1|Rhpn2|Synpo,-0.7250828218811234,0,42,0,0,-3.8206134978501036,4.468377151303981,
1,-2.2866957237935046,GO:0032970,M1,1,0,GO Biological Processes,19,regulation of actin filament-based process,19_GO:0050789 regulation of biological process,-2.2866957237935046,2.276643465450603,3.102507570003436,21160,421,287,13,4.529616724738676,1.2275073817001454,11928|12389|13609|14086|14168|14758|18479|18645|27360|50768|52428|74194|104027,Atp1a1|Cav1|S1pr1|Fscn1|Fgf13|Gpm6b|Pak1|Pfn2|Add3|Dlc1|Rhpn2|Rnd3|Synpo,-0.7150364406992922,0,42,0,0,-3.8206134978501036,4.468377151303981,
1,-3.779008319206945,GO:0008360,M1,1,0,GO Biological Processes,19,regulation of cell shape,19_GO:0032502 developmental process,-3.779008319206945,4.576234530818215,5.066888847875658,21160,145,287,9,3.1358885017421603,1.0287759606825233,11674|13822|14268|19242|20351|22339|23828|50768|80837,Aldoa|Epb41l2|Fn1|Ptn|Sema4a|Vegfa|Popdc1|Dlc1|Rhoj,-1.7170947661217877,0,43,1,1,-3.779008319206945,4.576234530818215,
1,-2.7547347080306097,GO:0022604,M1,1,0,GO Biological Processes,19,regulation of cell morphogenesis,19_GO:0032502 developmental process,-2.7547347080306097,2.8657613178857684,3.7051972924459515,21160,283,287,11,3.832752613240418,1.1332560297759222,11674|13822|14268|18606|19242|19266|20351|22339|23828|50768|80837,Aldoa|Epb41l2|Fn1|Enpp2|Ptn|Ptprd|Sema4a|Vegfa|Popdc1|Dlc1|Rhoj,-1.039883227530082,0,43,0,0,-3.779008319206945,4.576234530818215,
1,-3.7592537548746177,GO:0034764,M1,1,0,GO Biological Processes,19,positive regulation of transmembrane transport,19_GO:0051179 localization,-3.7592537548746177,3.524855282701945,4.718487416717908,21160,251,287,12,4.181184668989547,1.1815010851268668,11932|11933|12349|12389|14168|16337|16367|20511|20539|24014|66240|216739,Atp1b2|Atp1b3|Car2|Cav1|Fgf13|Insr|Irs1|Slc1a2|Slc7a5|Rnasel|Kcne5|Acsl6,-1.7080671798413516,0,44,1,1,-3.7592537548746177,6.411149825783973,
1,-3.3934031597983045,GO:0046324,M1,1,0,GO Biological Processes,19,regulation of D-glucose import,19_GO:0051179 localization,-3.3934031597983045,6.230554056043579,5.176604157453984,21160,71,287,6,2.0905923344947737,0.8445122236887297,16337|16367|17869|20511|24014|216190,Insr|Irs1|Myc|Slc1a2|Rnasel|Appl2,-1.48208447868398,0,44,0,0,-3.7592537548746177,6.411149825783973,
1,-2.876240651004052,GO:0043279,M1,1,0,GO Biological Processes,19,response to alkaloid,19_GO:0050896 response to stimulus,-2.876240651004052,4.265269098971982,4.223720755758386,21160,121,287,7,2.4390243902439024,0.9105529182275091,16367|17869|17967|18569|20450|20511|21817,Irs1|Myc|Ncam1|Pdcd4|St8sia2|Slc1a2|Tgm2,-1.120587031433749,0,44,0,0,-3.7592537548746177,6.411149825783973,
1,-2.7989712556665047,GO:0010827,M1,1,0,GO Biological Processes,19,regulation of D-glucose transmembrane transport,19_GO:0051179 localization,-2.7989712556665047,4.80836236933798,4.29256228160193,21160,92,287,6,2.0905923344947737,0.8445122236887297,16337|16367|17869|20511|24014|216190,Insr|Irs1|Myc|Slc1a2|Rnasel|Appl2,-1.0684317147045137,0,44,0,0,-3.7592537548746177,6.411149825783973,
1,-2.4613726953824773,GO:0046326,M1,1,0,GO Biological Processes,19,positive regulation of D-glucose import,19_GO:0051179 localization,-2.4613726953824773,6.411149825783973,4.308035737203815,21160,46,287,4,1.3937282229965158,0.6919908761056754,16337|16367|20511|24014,Insr|Irs1|Slc1a2|Rnasel,-0.8335656060089484,0,44,0,0,-3.7592537548746177,6.411149825783973,
1,-2.348368737842752,GO:0034762,M1,1,0,GO Biological Processes,19,regulation of transmembrane transport,19_GO:0051179 localization,-2.348368737842752,2.160006533101045,3.115677521105139,21160,512,287,15,5.2264808362369335,1.313733384896961,11932|11933|12349|12389|14168|16337|16367|16513|17869|20511|20539|24014|66240|216190|216739,Atp1b2|Atp1b3|Car2|Cav1|Fgf13|Insr|Irs1|Kcnj10|Myc|Slc1a2|Slc7a5|Rnasel|Kcne5|Appl2|Acsl6,-0.7490501862806607,0,44,0,0,-3.7592537548746177,6.411149825783973,
1,-2.1548138211026546,GO:0010828,M1,1,0,GO Biological Processes,19,positive regulation of D-glucose transmembrane transport,19_GO:0051179 localization,-2.1548138211026546,5.266301642608263,3.74851509320444,21160,56,287,4,1.3937282229965158,0.6919908761056754,16337|16367|20511|24014,Insr|Irs1|Slc1a2|Rnasel,-0.6303879670564513,0,44,0,0,-3.7592537548746177,6.411149825783973,
1,-3.7095215010533895,GO:0046903,M1,1,0,GO Biological Processes,19,secretion,19_GO:0051179 localization,-3.7095215010533895,2.4782595965215353,4.288850560379646,21160,595,287,20,6.968641114982578,1.5029612494846223,11829|12306|12349|12389|13371|14284|14681|14756|16525|17869|18007|18111|18479|18784|19215|21817|22339|53883|54526|244723,Aqp4|Anxa2|Car2|Cav1|Dio2|Fosl2|Gnao1|Gpld1|Kcnk1|Myc|Neo1|Nnat|Pak1|Pla2g5|Ptgds|Tgm2|Vegfa|Celsr2|Syt10|Olfm2,-1.6725902360553093,0,45,1,1,-3.7095215010533895,2.503977384787325,
1,-3.4446734359473195,GO:0140352,M1,1,0,GO Biological Processes,19,export from cell,19_GO:0051179 localization,-3.4446734359473195,2.503977384787325,4.111740595411538,21160,530,287,18,6.2717770034843205,1.4311644750303303,11928|11932|11933|13371|14681|14756|16525|18007|18111|18479|19215|21817|27416|54403|54526|56455|66240|244723,Atp1a1|Atp1b2|Atp1b3|Dio2|Gnao1|Gpld1|Kcnk1|Neo1|Nnat|Pak1|Ptgds|Tgm2|Abcc5|Slc4a4|Syt10|Dynll1|Kcne5|Olfm2,-1.5084123328306023,0,45,0,0,-3.7095215010533895,2.503977384787325,
1,-3.699121308654383,GO:0043116,M1,1,0,GO Biological Processes,19,negative regulation of vascular permeability,19_GO:0032501 multicellular organismal process,-3.699121308654383,13.405131453911942,6.826166002090102,21160,22,287,4,1.3937282229965158,0.6919908761056754,11535|11816|22339|83397,Adm|Apoe|Vegfa|Akap12,-1.6675517720284108,0,46,1,1,-3.699121308654383,15.79890492782479,
1,-3.094473521477084,GO:0090036,M1,1,0,GO Biological Processes,19,regulation of protein kinase C signaling,19_GO:0050896 response to stimulus,-3.094473521477084,15.79890492782479,6.494946307052072,21160,14,287,3,1.0452961672473868,0.6003395457574546,22339|56747|83397,Vegfa|Sez6l|Akap12,-1.275598017078221,0,46,0,0,-3.699121308654383,15.79890492782479,
1,-2.361725064207379,GO:0043114,M1,1,0,GO Biological Processes,19,regulation of vascular permeability,19_GO:0032501 multicellular organismal process,-2.361725064207379,6.018630448695157,4.124059623264152,21160,49,287,4,1.3937282229965158,0.6919908761056754,11535|11816|22339|83397,Adm|Apoe|Vegfa|Akap12,-0.7554576526899596,0,46,0,0,-3.699121308654383,15.79890492782479,
1,-3.678801155863145,R-MMU-381426,M1,1,0,Reactome Gene Sets,6,Regulation of Insulin-like Growth Factor (IGF) transport and uptake by Insulin-like Growth Factor Binding Proteins (IGFBPs),,-3.678801155863145,4.998523592984114,5.107321999143086,21160,118,287,8,2.7874564459930316,0.97168220662184,11816|12268|14268|16002|16010|16011|17304|83554,Apoe|C4b|Fn1|Igf2|Igfbp4|Igfbp5|Mfge8|Fstl3,-1.6517072904255423,0,47,1,1,-3.678801155863145,7.134989322243453,
1,-3.0728087227086136,R-MMU-8957275,M1,1,0,Reactome Gene Sets,6,Post-translational protein phosphorylation,,-3.0728087227086136,4.60801393728223,4.489188910111919,21160,112,287,7,2.4390243902439024,0.9105529182275091,11816|12268|14268|16010|16011|17304|83554,Apoe|C4b|Fn1|Igfbp4|Igfbp5|Mfge8|Fstl3,-1.2591833990097427,0,47,0,0,-3.678801155863145,7.134989322243453,
1,-2.0766148459451195,WP3675,M1,1,0,WikiPathways,27,Factors and pathways affecting insulin like growth factor IGF1 Akt signaling,,-2.0766148459451195,7.134989322243453,4.008217387366292,21160,31,287,3,1.0452961672473868,0.6003395457574546,16010|16011|16367,Igfbp4|Igfbp5|Irs1,-0.58749709594343,0,47,0,0,-3.678801155863145,7.134989322243453,
1,-3.6714568726489247,GO:0097435,M1,1,0,GO Biological Processes,19,supramolecular fiber organization,19_GO:0009987 cellular process,-3.6714568726489247,2.4617102836900058,4.255481218938003,21160,599,287,20,6.968641114982578,1.5029612494846223,11852|12306|12389|12824|14086|14168|14580|18595|21346|22352|22793|50527|53318|74103|74194|80837|94352|109624|109711|326618,Rhob|Anxa2|Cav1|Col2a1|Fscn1|Fgf13|Gfap|Pdgfra|Tagln2|Vim|Zyx|Ero1a|Pdlim3|Nebl|Rnd3|Rhoj|Loxl2|Cald1|Actn1|Tpm4,-1.64780781965905,0,48,1,1,-3.6714568726489247,2.959892164093695,
1,-3.396352245934045,GO:0030036,M1,1,0,GO Biological Processes,19,actin cytoskeleton organization,19_GO:0009987 cellular process,-3.396352245934045,2.4805757269855744,4.067303857814278,21160,535,287,18,6.2717770034843205,1.4311644750303303,11852|13609|13822|14086|18479|18595|18645|21346|22793|50768|53318|74103|74194|80837|109270|109624|109711|326618,Rhob|S1pr1|Epb41l2|Fscn1|Pak1|Pdgfra|Pfn2|Tagln2|Zyx|Dlc1|Pdlim3|Nebl|Rnd3|Rhoj|Prr5|Cald1|Actn1|Tpm4,-1.4830088782533057,0,48,0,0,-3.6714568726489247,2.959892164093695,
1,-3.2947627181411088,GO:0030029,M1,1,0,GO Biological Processes,19,actin filament-based process,19_GO:0009987 cellular process,-3.2947627181411088,2.36228707746003,3.9455412725512393,21160,593,287,19,6.620209059233449,1.4676461254678037,11852|13609|13822|14086|18479|18595|18645|21346|22793|50768|53318|66240|74103|74194|80837|109270|109624|109711|326618,Rhob|S1pr1|Epb41l2|Fscn1|Pak1|Pdgfra|Pfn2|Tagln2|Zyx|Dlc1|Pdlim3|Kcne5|Nebl|Rnd3|Rhoj|Prr5|Cald1|Actn1|Tpm4,-1.4202214345213218,0,48,0,0,-3.6714568726489247,2.959892164093695,
1,-2.8657592651539057,GO:0007015,M1,1,0,GO Biological Processes,19,actin filament organization,19_GO:0009987 cellular process,-2.8657592651539057,2.959892164093695,3.828916559469257,21160,274,287,11,3.832752613240418,1.1332560297759222,11852|14086|21346|22793|53318|74103|74194|80837|109624|109711|326618,Rhob|Fscn1|Tagln2|Zyx|Pdlim3|Nebl|Rnd3|Rhoj|Cald1|Actn1|Tpm4,-1.1147625131508134,0,48,0,0,-3.6714568726489247,2.959892164093695,
1,-3.652221614624649,GO:0043534,M1,1,0,GO Biological Processes,19,blood vessel endothelial cell migration,19_GO:0009987 cellular process,-3.652221614624649,8.991246706892156,6.0057309560750864,21160,41,287,5,1.7421602787456445,0.7723012028131504,12822|14756|19876|20315|22339,Col18a1|Gpld1|Robo1|Cxcl12|Vegfa,-1.6468032716810974,0,49,1,1,-3.652221614624649,11.641298367870897,
1,-3.004001880686425,GO:0043542,M1,1,0,GO Biological Processes,19,endothelial cell migration,19_GO:0009987 cellular process,-3.004001880686425,5.266301642608263,4.594023236598567,21160,84,287,6,2.0905923344947737,0.8445122236887297,12822|14756|19876|20315|22339|94352,Col18a1|Gpld1|Robo1|Cxcl12|Vegfa|Loxl2,-1.216051211899321,0,49,0,0,-3.652221614624649,11.641298367870897,
1,-2.7852862161874006,GO:0002040,M1,1,0,GO Biological Processes,19,sprouting angiogenesis,19_GO:0032502 developmental process,-2.7852862161874006,5.851446269564736,4.521965350585712,21160,63,287,5,1.7421602787456445,0.7723012028131504,14756|19876|22339|68585|94352,Gpld1|Robo1|Vegfa|Rtn4|Loxl2,-1.0574029188691498,0,49,0,0,-3.652221614624649,11.641298367870897,
1,-2.691036712024956,R-MMU-376176,M1,1,0,Reactome Gene Sets,6,Signaling by ROBO receptors,,-2.691036712024956,11.641298367870897,5.441325909616027,21160,19,287,3,1.0452961672473868,0.6003395457574546,18645|19876|20315,Pfn2|Robo1|Cxcl12,-0.9876090457858996,0,49,0,0,-3.652221614624649,11.641298367870897,
1,-2.624803971690911,GO:0002042,M1,1,0,GO Biological Processes,19,cell migration involved in sprouting angiogenesis,19_GO:0032502 developmental process,-2.624803971690911,11.059233449477352,5.277442067473983,21160,20,287,3,1.0452961672473868,0.6003395457574546,14756|19876|22339,Gpld1|Robo1|Vegfa,-0.944115530897036,0,49,0,0,-3.652221614624649,11.641298367870897,
1,-3.604020068089285,GO:0045444,M1,1,0,GO Biological Processes,19,fat cell differentiation,19_GO:0032502 developmental process,-3.604020068089285,4.3369542939126875,4.857468992440068,21160,153,287,9,3.1358885017421603,1.0287759606825233,12609|13371|14284|15902|18595|24014|50527|71371|108012,Cebpd|Dio2|Fosl2|Id2|Pdgfra|Rnasel|Ero1a|Arid5b|Ap1s2,-1.6227140167897847,0,50,1,1,-3.604020068089285,4.998523592984114,
1,-2.0753793813008685,GO:0060612,M1,1,0,GO Biological Processes,19,adipose tissue development,19_GO:0032502 developmental process,-2.0753793813008685,4.998523592984114,3.6063695798291477,21160,59,287,4,1.3937282229965158,0.6919908761056754,14284|15902|71371|108012,Fosl2|Id2|Arid5b|Ap1s2,-0.58749709594343,0,50,0,0,-3.604020068089285,4.998523592984114,
1,-3.5735897779942993,GO:2001233,M1,1,0,GO Biological Processes,19,regulation of apoptotic signaling pathway,19_GO:0050896 response to stimulus,-3.5735897779942993,2.7561952522061937,4.303979204045952,21160,428,287,16,5.574912891986063,1.3543215582294061,12389|12759|12824|15937|17869|19125|19645|20315|22070|22339|27279|56312|75712|97998|117198|217558,Cav1|Clu|Col2a1|Ier3|Myc|Prodh|Rb1|Cxcl12|Tpt1|Vegfa|Tnfrsf12a|Nupr1|Tmem14a|Deptor|Ivns1abp|G2e3,-1.6085862379171982,0,51,1,1,-3.5735897779942993,8.507102653444118,
1,-2.8620728258561416,GO:2001242,M1,1,0,GO Biological Processes,19,regulation of intrinsic apoptotic signaling pathway,19_GO:0050896 response to stimulus,-2.8620728258561416,3.4203814792197997,3.971211124255531,21160,194,287,9,3.1358885017421603,1.0287759606825233,12389|12759|17869|19125|20315|22070|56312|117198|217558,Cav1|Clu|Myc|Prodh|Cxcl12|Tpt1|Nupr1|Ivns1abp|G2e3,-1.1138600223726602,0,51,0,0,-3.5735897779942993,8.507102653444118,
1,-2.616084157983923,GO:2001234,M1,1,0,GO Biological Processes,19,negative regulation of apoptotic signaling pathway,19_GO:0048519 negative regulation of biological process,-2.616084157983923,2.925723134782368,3.606068345652012,21160,252,287,10,3.484320557491289,1.082472917319835,12759|12824|15937|19645|20315|22070|22339|75712|117198|217558,Clu|Col2a1|Ier3|Rb1|Cxcl12|Tpt1|Vegfa|Tmem14a|Ivns1abp|G2e3,-0.944115530897036,0,51,0,0,-3.5735897779942993,8.507102653444118,
1,-2.475248327343177,GO:0097190,M1,1,0,GO Biological Processes,19,apoptotic signaling pathway,19_GO:0050896 response to stimulus,-2.475248327343177,2.5063418582384935,3.346587962923948,21160,353,287,12,4.181184668989547,1.1815010851268668,12389|12759|12824|15937|17869|27279|50527|56312|76747|77125|81535|117198,Cav1|Clu|Col2a1|Ier3|Myc|Tnfrsf12a|Ero1a|Nupr1|Dapl1|Il33|Sgpp1|Ivns1abp,-0.8421513494031272,0,51,0,0,-3.5735897779942993,8.507102653444118,
1,-2.2927633852104985,GO:1902230,M1,1,0,GO Biological Processes,19,negative regulation of intrinsic apoptotic signaling pathway in response to DNA damage,19_GO:0048519 negative regulation of biological process,-2.2927633852104985,8.507102653444118,4.49121926365274,21160,26,287,3,1.0452961672473868,0.6003395457574546,12759|20315|22070,Clu|Cxcl12|Tpt1,-0.7183231247466808,0,51,0,0,-3.5735897779942993,8.507102653444118,
1,-3.5549084301434504,GO:0045596,M1,1,0,GO Biological Processes,19,negative regulation of cell differentiation,19_GO:0048519 negative regulation of biological process,-3.5549084301434504,2.2430544033331494,4.081214845519125,21160,756,287,23,8.013937282229966,1.6026660469501974,12389|12677|14168|15902|16002|16011|17869|18479|18569|19242|19645|20378|20848|22339|68585|83554|211770|214685|216190|216616|216795|230126|231070,Cav1|Vsx2|Fgf13|Id2|Igf2|Igfbp5|Myc|Pak1|Pdcd4|Ptn|Rb1|Frzb|Stat3|Vegfa|Rtn4|Fstl3|Trib1|Chadl|Appl2|Efemp1|Wnt9a|Shb|Insig1,-1.5948870824473378,0,52,1,1,-3.5549084301434504,6.355881292803075,
1,-3.4030165592880515,GO:0010721,M1,1,0,GO Biological Processes,19,negative regulation of cell development,19_GO:0048519 negative regulation of biological process,-3.4030165592880515,3.042752060173663,4.283177430714073,21160,315,287,13,4.529616724738676,1.2275073817001454,12677|14168|15902|17869|19242|19645|20378|22339|68585|83554|211770|216190|230126,Vsx2|Fgf13|Id2|Myc|Ptn|Rb1|Frzb|Vegfa|Rtn4|Fstl3|Trib1|Appl2|Shb,-1.485595279186873,0,52,0,0,-3.5549084301434504,6.355881292803075,
1,-2.9472532563567,GO:0045687,M1,1,0,GO Biological Processes,19,positive regulation of glial cell differentiation,19_GO:0032502 developmental process,-2.9472532563567,6.355881292803075,4.789379062843014,21160,58,287,5,1.7421602787456445,0.7723012028131504,15902|18606|19242|68585|77125,Id2|Enpp2|Ptn|Rtn4|Il33,-1.1762525646439825,0,52,0,0,-3.5549084301434504,6.355881292803075,
1,-2.5921890717348335,GO:0051961,M1,1,0,GO Biological Processes,19,negative regulation of nervous system development,19_GO:0048519 negative regulation of biological process,-2.5921890717348335,3.409397595214598,3.7312334653819916,21160,173,287,8,2.7874564459930316,0.97168220662184,12677|14168|15902|19242|19645|19876|68585|216190,Vsx2|Fgf13|Id2|Ptn|Rb1|Robo1|Rtn4|Appl2,-0.9350192353766585,0,52,0,0,-3.5549084301434504,6.355881292803075,
1,-2.1578497057243524,GO:0050768,M1,1,0,GO Biological Processes,19,negative regulation of neurogenesis,19_GO:0048519 negative regulation of biological process,-2.1578497057243524,3.166242705371839,3.2555050431567483,21160,163,287,7,2.4390243902439024,0.9105529182275091,12677|14168|15902|19242|19645|68585|216190,Vsx2|Fgf13|Id2|Ptn|Rb1|Rtn4|Appl2,-0.6307337137632228,0,52,0,0,-3.5549084301434504,6.355881292803075,
1,-2.1085830173242157,GO:2000177,M1,1,0,GO Biological Processes,19,regulation of neural precursor cell proliferation,19_GO:0050789 regulation of biological process,-2.1085830173242157,3.483223133693654,3.2912667029823477,21160,127,287,6,2.0905923344947737,0.8445122236887297,12677|15902|18008|19242|22339|216190,Vsx2|Id2|Nes|Ptn|Vegfa|Appl2,-0.6043982207443777,0,52,0,0,-3.5549084301434504,6.355881292803075,
1,-2.0753793813008685,GO:0048713,M1,1,0,GO Biological Processes,19,regulation of oligodendrocyte differentiation,19_GO:0032502 developmental process,-2.0753793813008685,4.998523592984114,3.6063695798291477,21160,59,287,4,1.3937282229965158,0.6919908761056754,15902|18606|19242|77125,Id2|Enpp2|Ptn|Il33,-0.58749709594343,0,52,0,0,-3.5549084301434504,6.355881292803075,
1,-3.427094327223074,GO:0050804,M1,1,0,GO Biological Processes,19,modulation of chemical synaptic transmission,19_GO:0050789 regulation of biological process,-3.427094327223074,2.1965662291708044,3.9714962822448676,21160,772,287,23,8.013937282229966,1.6026660469501974,11784|11816|12349|14580|14645|14681|16513|17755|17967|18007|18479|18645|19242|19266|20848|65945|68585|73710|83397|104027|104080|109648|232333,Apba2|Apoe|Car2|Gfap|Glul|Gnao1|Kcnj10|Map1b|Ncam1|Neo1|Pak1|Pfn2|Ptn|Ptprd|Stat3|Clstn1|Rtn4|Tubb2b|Akap12|Synpo|Nxph4|Npy|Slc6a1,-1.4971979460499272,0,53,1,1,-3.427094327223074,2.1965662291708044,
1,-3.419254297266788,GO:0099177,M1,1,0,GO Biological Processes,19,regulation of trans-synaptic signaling,19_GO:0050789 regulation of biological process,-3.419254297266788,2.193724616972653,3.9647272573129406,21160,773,287,23,8.013937282229966,1.6026660469501974,11784|11816|12349|14580|14645|14681|16513|17755|17967|18007|18479|18645|19242|19266|20848|65945|68585|73710|83397|104027|104080|109648|232333,Apba2|Apoe|Car2|Gfap|Glul|Gnao1|Kcnj10|Map1b|Ncam1|Neo1|Pak1|Pfn2|Ptn|Ptprd|Stat3|Clstn1|Rtn4|Tubb2b|Akap12|Synpo|Nxph4|Npy|Slc6a1,-1.4956434423479121,0,53,0,0,-3.427094327223074,2.1965662291708044,
1,-3.4072303348246638,GO:0010894,M1,1,0,GO Biological Processes,19,negative regulation of steroid biosynthetic process,19_GO:0048519 negative regulation of biological process,-3.4072303348246638,11.342803537925489,6.187713240925972,21160,26,287,4,1.3937282229965158,0.6919908761056754,11816|11928|50781|231070,Apoe|Atp1a1|Dkk3|Insig1,-1.4877556490924264,0,54,1,1,-3.4072303348246638,11.342803537925489,
1,-3.2799033082345757,GO:0045939,M1,1,0,GO Biological Processes,19,negative regulation of steroid metabolic process,19_GO:0048519 negative regulation of biological process,-3.2799033082345757,10.532603285216526,5.918563551598066,21160,28,287,4,1.3937282229965158,0.6919908761056754,11816|11928|50781|231070,Apoe|Atp1a1|Dkk3|Insig1,-1.4127231242611578,0,54,0,0,-3.4072303348246638,11.342803537925489,
1,-2.624803971690911,GO:0090030,M1,1,0,GO Biological Processes,19,regulation of steroid hormone biosynthetic process,19_GO:0050789 regulation of biological process,-2.624803971690911,11.059233449477352,5.277442067473983,21160,20,287,3,1.0452961672473868,0.6003395457574546,11928|16002|50781,Atp1a1|Igf2|Dkk3,-0.944115530897036,0,54,0,0,-3.4072303348246638,11.342803537925489,
1,-2.6147864802974143,GO:0050810,M1,1,0,GO Biological Processes,19,regulation of steroid biosynthetic process,19_GO:0050789 regulation of biological process,-2.6147864802974143,4.423693379790941,4.024035104613875,21160,100,287,6,2.0905923344947737,0.8445122236887297,11816|11928|16002|20788|50781|231070,Apoe|Atp1a1|Igf2|Srebf2|Dkk3|Insig1,-0.944115530897036,0,54,0,0,-3.4072303348246638,11.342803537925489,
1,-2.2429829255823215,GO:0045833,M1,1,0,GO Biological Processes,19,negative regulation of lipid metabolic process,19_GO:0048519 negative regulation of biological process,-2.2429829255823215,3.717389394782303,3.485685900717686,21160,119,287,6,2.0905923344947737,0.8445122236887297,11816|11928|14756|50781|216190|231070,Apoe|Atp1a1|Gpld1|Dkk3|Appl2|Insig1,-0.6831729153039037,0,54,0,0,-3.4072303348246638,11.342803537925489,
1,-2.137972272996864,GO:0019216,M1,1,0,GO Biological Processes,19,regulation of lipid metabolic process,19_GO:0050789 regulation of biological process,-2.137972272996864,2.268560707585098,2.9649774299341636,21160,390,287,12,4.181184668989547,1.1815010851268668,11816|11928|12389|14756|15902|16002|16367|20788|50781|74205|216190|231070,Apoe|Atp1a1|Cav1|Gpld1|Id2|Igf2|Irs1|Srebf2|Dkk3|Acsl3|Appl2|Insig1,-0.6179295171282008,0,54,0,0,-3.4072303348246638,11.342803537925489,
1,-2.1165029674688363,GO:0046885,M1,1,0,GO Biological Processes,19,regulation of hormone biosynthetic process,19_GO:0050789 regulation of biological process,-2.1165029674688363,7.372822299651569,4.095800254685854,21160,30,287,3,1.0452961672473868,0.6003395457574546,11928|16002|50781,Atp1a1|Igf2|Dkk3,-0.6083447261370861,0,54,0,0,-3.4072303348246638,11.342803537925489,
1,-2.1085830173242157,GO:0019218,M1,1,0,GO Biological Processes,19,regulation of steroid metabolic process,19_GO:0050789 regulation of biological process,-2.1085830173242157,3.483223133693654,3.2912667029823477,21160,127,287,6,2.0905923344947737,0.8445122236887297,11816|11928|16002|20788|50781|231070,Apoe|Atp1a1|Igf2|Srebf2|Dkk3|Insig1,-0.6043982207443777,0,54,0,0,-3.4072303348246638,11.342803537925489,
1,-2.0499744061356893,GO:1902930,M1,1,0,GO Biological Processes,19,regulation of alcohol biosynthetic process,19_GO:0050789 regulation of biological process,-2.0499744061356893,4.915214866434379,3.561115664350131,21160,60,287,4,1.3937282229965158,0.6919908761056754,11816|18799|20788|50781,Apoe|Plcd1|Srebf2|Dkk3,-0.5696452586686966,0,54,0,0,-3.4072303348246638,11.342803537925489,
1,-3.304417633506148,GO:1901678,M1,1,0,GO Biological Processes,19,iron coordination entity transport,19_GO:0051179 localization,-3.304417633506148,18.43205574912892,7.082729559354406,21160,12,287,3,1.0452961672473868,0.6003395457574546,27416|59049|67739,Abcc5|Slc22a17|Slc48a1,-1.4261484773671176,0,55,1,1,-3.304417633506148,18.43205574912892,
1,-2.1277797563166874,GO:0006826,M1,1,0,GO Biological Processes,19,iron ion transport,19_GO:0051179 localization,-2.1277797563166874,5.173910385720399,3.7000239049259918,21160,57,287,4,1.3937282229965158,0.6919908761056754,27416|59049|67739|338365,Abcc5|Slc22a17|Slc48a1|Slc41a2,-0.6131874049795274,0,55,0,0,-3.304417633506148,18.43205574912892,
1,-3.304417633506148,R-MMU-9845614,M1,1,0,Reactome Gene Sets,6,Sphingolipid catabolism,,-3.304417633506148,18.43205574912892,7.082729559354406,21160,12,287,3,1.0452961672473868,0.6003395457574546,11671|67916|81535,Aldh3a2|Plpp3|Sgpp1,-1.4261484773671176,0,56,1,1,-3.304417633506148,18.43205574912892,
1,-2.0182400290018006,R-MMU-556833,M1,1,0,Reactome Gene Sets,6,Metabolism of lipids,,-2.0182400290018006,1.930689963902211,2.7373250442549177,21160,611,287,16,5.574912891986063,1.3543215582294061,11671|15486|18784|19215|20788|56448|67916|74205|74486|74754|81535|101490|216739|329910|330260|545260,Aldh3a2|Hsd17b2|Pla2g5|Ptgds|Srebf2|Cyp2d22|Plpp3|Acsl3|Osbpl10|Dhcr24|Sgpp1|Inpp5f|Acsl6|Acot11|Pon2|Arsi,-0.5489998537004201,0,56,0,0,-3.304417633506148,18.43205574912892,
1,-3.287671363995304,GO:0001666,M1,1,0,GO Biological Processes,19,response to hypoxia,19_GO:0050896 response to stimulus,-3.287671363995304,2.9582311696132835,4.165099405504373,21160,324,287,13,4.529616724738676,1.2275073817001454,11535|12389|14284|17869|17988|18479|19266|22339|50527|53417|68585|94352|112407,Adm|Cav1|Fosl2|Myc|Ndrg1|Pak1|Ptprd|Vegfa|Ero1a|Hif3a|Rtn4|Loxl2|Egln3,-1.4158519321151846,0,57,1,1,-3.287671363995304,4.2130413140866105,
1,-3.178938734358471,GO:0071456,M1,1,0,GO Biological Processes,19,cellular response to hypoxia,19_GO:0050896 response to stimulus,-3.178938734358471,4.2130413140866105,4.47259993286409,21160,140,287,8,2.7874564459930316,0.97168220662184,17869|17988|19266|22339|50527|53417|68585|112407,Myc|Ndrg1|Ptprd|Vegfa|Ero1a|Hif3a|Rtn4|Egln3,-1.3369058751917233,0,57,0,0,-3.287671363995304,4.2130413140866105,
1,-2.9570926274413796,GO:0071453,M1,1,0,GO Biological Processes,19,cellular response to oxygen levels,19_GO:0050896 response to stimulus,-2.9570926274413796,3.5295425902587296,4.085047185011985,21160,188,287,9,3.1358885017421603,1.0287759606825233,12389|17869|17988|19266|22339|50527|53417|68585|112407,Cav1|Myc|Ndrg1|Ptprd|Vegfa|Ero1a|Hif3a|Rtn4|Egln3,-1.1787183378598678,0,57,0,0,-3.287671363995304,4.2130413140866105,
1,-2.8689173798222734,GO:0036293,M1,1,0,GO Biological Processes,19,response to decreased oxygen levels,19_GO:0050896 response to stimulus,-2.8689173798222734,2.6624080526519553,3.7303819231084114,21160,360,287,13,4.529616724738676,1.2275073817001454,11535|12389|14284|17869|17988|18479|19266|22339|50527|53417|68585|94352|112407,Adm|Cav1|Fosl2|Myc|Ndrg1|Pak1|Ptprd|Vegfa|Ero1a|Hif3a|Rtn4|Loxl2|Egln3,-1.116521932626616,0,57,0,0,-3.287671363995304,4.2130413140866105,
1,-2.6656674467935195,GO:0070482,M1,1,0,GO Biological Processes,19,response to oxygen levels,19_GO:0050896 response to stimulus,-2.6656674467935195,2.4229932440169475,3.479062027159015,21160,426,287,14,4.878048780487805,1.2715179522683246,11535|12389|14284|17869|17988|18479|19266|20539|22339|50527|53417|68585|94352|112407,Adm|Cav1|Fosl2|Myc|Ndrg1|Pak1|Ptprd|Slc7a5|Vegfa|Ero1a|Hif3a|Rtn4|Loxl2|Egln3,-0.9659783501138652,0,57,0,0,-3.287671363995304,4.2130413140866105,
1,-2.639216534158544,GO:0036294,M1,1,0,GO Biological Processes,19,cellular response to decreased oxygen levels,19_GO:0050896 response to stimulus,-2.639216534158544,3.4695634351301496,3.7908317445056503,21160,170,287,8,2.7874564459930316,0.97168220662184,17869|17988|19266|22339|50527|53417|68585|112407,Myc|Ndrg1|Ptprd|Vegfa|Ero1a|Hif3a|Rtn4|Egln3,-0.945701726145166,0,57,0,0,-3.287671363995304,4.2130413140866105,
1,-3.2281140157395516,GO:0048568,M1,1,0,GO Biological Processes,19,embryonic organ development,19_GO:0032502 developmental process,-3.2281140157395516,2.399833659922753,3.911359129252163,21160,553,287,18,6.2717770034843205,1.4311644750303303,11535|12824|14367|15902|16002|17869|18008|18595|18799|20378|22295|22339|58998|73710|216616|216795|231070|232345,Adm|Col2a1|Fzd5|Id2|Igf2|Myc|Nes|Pdgfra|Plcd1|Frzb|Cdh23|Vegfa|Nectin3|Tubb2b|Efemp1|Wnt9a|Insig1|A2m,-1.374332753316439,0,58,1,1,-3.2281140157395516,3.072009291521487,
1,-3.117097858535651,GO:0090596,M1,1,0,GO Biological Processes,19,sensory organ morphogenesis,19_GO:0032502 developmental process,-3.117097858535651,2.8357008844813723,3.9892855816258432,21160,338,287,13,4.529616724738676,1.2275073817001454,12677|12824|14367|17869|19242|20378|20848|22295|22339|29815|58998|216616|231070,Vsx2|Col2a1|Fzd5|Myc|Ptn|Frzb|Stat3|Cdh23|Vegfa|Bcar3|Nectin3|Efemp1|Insig1,-1.2883140654765388,0,58,0,0,-3.2281140157395516,3.072009291521487,
1,-2.7572343433357913,GO:0007423,M1,1,0,GO Biological Processes,19,sensory organ development,19_GO:0032502 developmental process,-2.7572343433357913,2.076851352014526,3.4224282883615786,21160,710,287,20,6.968641114982578,1.5029612494846223,11924|12609|12677|12824|14367|17869|18008|18595|19242|20378|20848|22295|22339|22352|29815|58998|80837|216616|231070|234267,Neurog2|Cebpd|Vsx2|Col2a1|Fzd5|Myc|Nes|Pdgfra|Ptn|Frzb|Stat3|Cdh23|Vegfa|Vim|Bcar3|Nectin3|Rhoj|Efemp1|Insig1|Gpm6a,-1.039883227530082,0,58,0,0,-3.2281140157395516,3.072009291521487,
1,-2.355317990639817,GO:0043010,M1,1,0,GO Biological Processes,19,camera-type eye development,19_GO:0032502 developmental process,-2.355317990639817,2.3207430967426244,3.1784237911715496,21160,413,287,13,4.529616724738676,1.2275073817001454,12677|14367|18008|18595|19242|20848|22339|22352|29815|58998|80837|216616|234267,Vsx2|Fzd5|Nes|Pdgfra|Ptn|Stat3|Vegfa|Vim|Bcar3|Nectin3|Rhoj|Efemp1|Gpm6a,-0.7530330968488486,0,58,0,0,-3.2281140157395516,3.072009291521487,
1,-2.2806955425204616,GO:0048598,M1,1,0,GO Biological Processes,19,embryonic morphogenesis,19_GO:0032502 developmental process,-2.2806955425204616,1.9631775354101808,2.984478057969935,21160,676,287,18,6.2717770034843205,1.4311644750303303,11535|12824|14268|14367|14751|15902|16002|17869|18595|20378|22295|50768|58998|67916|216616|216795|231070|235320,Adm|Col2a1|Fn1|Fzd5|Gpi1|Id2|Igf2|Myc|Pdgfra|Frzb|Cdh23|Dlc1|Nectin3|Plpp3|Efemp1|Wnt9a|Insig1|Zbtb16,-0.7099593086194278,0,58,0,0,-3.2281140157395516,3.072009291521487,
1,-2.2390377075632335,GO:0048592,M1,1,0,GO Biological Processes,19,eye morphogenesis,19_GO:0032502 developmental process,-2.2390377075632335,2.9789181008693206,3.280500730863081,21160,198,287,8,2.7874564459930316,0.97168220662184,12677|14367|19242|20848|22339|29815|58998|216616,Vsx2|Fzd5|Ptn|Stat3|Vegfa|Bcar3|Nectin3|Efemp1,-0.6828095277479378,0,58,0,0,-3.2281140157395516,3.072009291521487,
1,-2.1011215623067945,GO:0048562,M1,1,0,GO Biological Processes,19,embryonic organ morphogenesis,19_GO:0032502 developmental process,-2.1011215623067945,2.343960846710036,2.955581721760264,21160,346,287,11,3.832752613240418,1.1332560297759222,12824|14367|15902|17869|18595|20378|22295|58998|216616|216795|231070,Col2a1|Fzd5|Id2|Myc|Pdgfra|Frzb|Cdh23|Nectin3|Efemp1|Wnt9a|Insig1,-0.5993034990060634,0,58,0,0,-3.2281140157395516,3.072009291521487,
1,-2.0888596973609403,GO:0048593,M1,1,0,GO Biological Processes,19,camera-type eye morphogenesis,19_GO:0032502 developmental process,-2.0888596973609403,3.072009291521487,3.161662525733623,21160,168,287,7,2.4390243902439024,0.9105529182275091,12677|14367|19242|20848|22339|29815|58998,Vsx2|Fzd5|Ptn|Stat3|Vegfa|Bcar3|Nectin3,-0.5893955394536866,0,58,0,0,-3.2281140157395516,3.072009291521487,
1,-3.2038807735505714,GO:0061035,M1,1,0,GO Biological Processes,19,regulation of cartilage development,19_GO:0032502 developmental process,-3.2038807735505714,5.7450563373908325,4.891213413890082,21160,77,287,6,2.0905923344947737,0.8445122236887297,20378|94352|214685|216616|216795|235320,Frzb|Loxl2|Chadl|Efemp1|Wnt9a|Zbtb16,-1.3563229796163778,0,59,1,1,-3.2038807735505714,8.936754302607962,
1,-3.0022947323625875,GO:0061037,M1,1,0,GO Biological Processes,19,negative regulation of cartilage development,19_GO:0048519 negative regulation of biological process,-3.0022947323625875,8.936754302607962,5.350286900359977,21160,33,287,4,1.3937282229965158,0.6919908761056754,20378|214685|216616|216795,Frzb|Chadl|Efemp1|Wnt9a,-1.216051211899321,0,59,0,0,-3.2038807735505714,8.936754302607962,
1,-2.9816304363406547,GO:0032330,M1,1,0,GO Biological Processes,19,regulation of chondrocyte differentiation,19_GO:0032502 developmental process,-2.9816304363406547,6.467387982150497,4.846646037411368,21160,57,287,5,1.7421602787456445,0.7723012028131504,94352|214685|216616|216795|235320,Loxl2|Chadl|Efemp1|Wnt9a|Zbtb16,-1.2002712932096808,0,59,0,0,-3.2038807735505714,8.936754302607962,
1,-2.2927633852104985,GO:0032331,M1,1,0,GO Biological Processes,19,negative regulation of chondrocyte differentiation,19_GO:0048519 negative regulation of biological process,-2.2927633852104985,8.507102653444118,4.49121926365274,21160,26,287,3,1.0452961672473868,0.6003395457574546,214685|216616|216795,Chadl|Efemp1|Wnt9a,-0.7183231247466808,0,59,0,0,-3.2038807735505714,8.936754302607962,
1,-3.1446038760883686,GO:0010632,M1,1,0,GO Biological Processes,19,regulation of epithelial cell migration,19_GO:0040011 locomotion,-3.1446038760883686,5.59961187315309,4.802697231302265,21160,79,287,6,2.0905923344947737,0.8445122236887297,16367|18606|18645|22352|26921|68585,Irs1|Enpp2|Pfn2|Vim|Map4k4|Rtn4,-1.310779858389733,0,60,1,1,-3.1446038760883686,7.372822299651569,
1,-3.0986962838904053,GO:0010811,M1,1,0,GO Biological Processes,19,positive regulation of cell-substrate adhesion,19_GO:0048518 positive regulation of biological process,-3.0986962838904053,4.096012388695316,4.371243374898808,21160,144,287,8,2.7874564459930316,0.97168220662184,14268|18606|19242|20130|22339|26921|109648|380924,Fn1|Enpp2|Ptn|Rras|Vegfa|Map4k4|Npy|Olfm4,-1.2765430697303064,0,60,0,0,-3.1446038760883686,7.372822299651569,
1,-3.0715767758806853,GO:0045785,M1,1,0,GO Biological Processes,19,positive regulation of cell adhesion,19_GO:0048518 positive regulation of biological process,-3.0715767758806853,2.3965196767509878,3.792020728413038,21160,523,287,17,5.923344947735192,1.393424677697697,12389|14268|14924|16002|18606|19242|20130|20315|21817|22339|26921|67916|70417|83554|109648|230126|380924,Cav1|Fn1|Magi1|Igf2|Enpp2|Ptn|Rras|Cxcl12|Tgm2|Vegfa|Map4k4|Plpp3|Megf10|Fstl3|Npy|Shb|Olfm4,-1.2591833990097427,0,60,0,0,-3.1446038760883686,7.372822299651569,
1,-3.0167254309344567,GO:0010634,M1,1,0,GO Biological Processes,19,positive regulation of epithelial cell migration,19_GO:0040011 locomotion,-3.0167254309344567,6.582877053260328,4.90530221507187,21160,56,287,5,1.7421602787456445,0.7723012028131504,16367|18606|22352|26921|68585,Irs1|Enpp2|Vim|Map4k4|Rtn4,-1.224754725428817,0,60,0,0,-3.1446038760883686,7.372822299651569,
1,-2.838462471363828,GO:0010810,M1,1,0,GO Biological Processes,19,regulation of cell-substrate adhesion,19_GO:0050789 regulation of biological process,-2.838462471363828,3.137371191341092,3.8634672071330356,21160,235,287,10,3.484320557491289,1.082472917319835,14268|14758|18606|19242|20130|22339|26921|50768|109648|380924,Fn1|Gpm6b|Enpp2|Ptn|Rras|Vegfa|Map4k4|Dlc1|Npy|Olfm4,-1.0991516757776196,0,60,0,0,-3.1446038760883686,7.372822299651569,
1,-2.7547236682823573,GO:0051893,M1,1,0,GO Biological Processes,19,regulation of focal adhesion assembly,19_GO:0050789 regulation of biological process,-2.7547236682823573,5.760017421602787,4.471925418809247,21160,64,287,5,1.7421602787456445,0.7723012028131504,14758|18606|22339|26921|50768,Gpm6b|Enpp2|Vegfa|Map4k4|Dlc1,-1.039883227530082,0,60,0,0,-3.1446038760883686,7.372822299651569,
1,-2.7547236682823573,GO:0090109,M1,1,0,GO Biological Processes,19,regulation of cell-substrate junction assembly,19_GO:0050789 regulation of biological process,-2.7547236682823573,5.760017421602787,4.471925418809247,21160,64,287,5,1.7421602787456445,0.7723012028131504,14758|18606|22339|26921|50768,Gpm6b|Enpp2|Vegfa|Map4k4|Dlc1,-1.039883227530082,0,60,0,0,-3.1446038760883686,7.372822299651569,
1,-2.6100298079060216,GO:0150116,M1,1,0,GO Biological Processes,19,regulation of cell-substrate junction organization,19_GO:0050789 regulation of biological process,-2.6100298079060216,5.342624854819976,4.2366672372057,21160,69,287,5,1.7421602787456445,0.7723012028131504,14758|18606|22339|26921|50768,Gpm6b|Enpp2|Vegfa|Map4k4|Dlc1,-0.944115530897036,0,60,0,0,-3.1446038760883686,7.372822299651569,
1,-2.1165029674688363,GO:0051894,M1,1,0,GO Biological Processes,19,positive regulation of focal adhesion assembly,19_GO:0048518 positive regulation of biological process,-2.1165029674688363,7.372822299651569,4.095800254685854,21160,30,287,3,1.0452961672473868,0.6003395457574546,18606|22339|26921,Enpp2|Vegfa|Map4k4,-0.6083447261370861,0,60,0,0,-3.1446038760883686,7.372822299651569,
1,-2.0301020257170466,GO:0001952,M1,1,0,GO Biological Processes,19,regulation of cell-matrix adhesion,19_GO:0050789 regulation of biological process,-2.0301020257170466,3.3512828634779854,3.1775247440724192,21160,132,287,6,2.0905923344947737,0.8445122236887297,14758|18606|20130|22339|26921|50768,Gpm6b|Enpp2|Rras|Vegfa|Map4k4|Dlc1,-0.5573261882681939,0,60,0,0,-3.1446038760883686,7.372822299651569,
1,-3.1071675800135705,GO:0030325,M1,1,0,GO Biological Processes,19,adrenal gland development,19_GO:0032502 developmental process,-3.1071675800135705,9.513319096324604,5.562068951345384,21160,31,287,4,1.3937282229965158,0.6919908761056754,16337|18595|50781|71371,Insr|Pdgfra|Dkk3|Arid5b,-1.281711730303386,0,61,1,1,-3.1071675800135705,9.513319096324604,
1,-2.1576531314936283,GO:0008585,M1,1,0,GO Biological Processes,19,female gonad development,19_GO:0022414 reproductive process,-2.1576531314936283,3.5674946611217266,3.3622878543820485,21160,124,287,6,2.0905923344947737,0.8445122236887297,16848|18595|22339|71371|93757|232345,Lfng|Pdgfra|Vegfa|Arid5b|Immp2l|A2m,-0.6307337137632228,0,61,0,0,-3.1071675800135705,9.513319096324604,
1,-2.1085830173242157,GO:0046545,M1,1,0,GO Biological Processes,19,development of primary female sexual characteristics,19_GO:0022414 reproductive process,-2.1085830173242157,3.483223133693654,3.2912667029823477,21160,127,287,6,2.0905923344947737,0.8445122236887297,16848|18595|22339|71371|93757|232345,Lfng|Pdgfra|Vegfa|Arid5b|Immp2l|A2m,-0.6043982207443777,0,61,0,0,-3.1071675800135705,9.513319096324604,
1,-3.087106446530686,GO:0007589,M1,1,0,GO Biological Processes,19,body fluid secretion,19_GO:0051179 localization,-3.087106446530686,5.461349851593754,4.7171519909229165,21160,81,287,6,2.0905923344947737,0.8445122236887297,11829|12306|12389|14284|22339|53883,Aqp4|Anxa2|Cav1|Fosl2|Vegfa|Celsr2,-1.2698605668653313,0,62,1,1,-3.087106446530686,5.461349851593754,
1,-2.755173760452196,GO:0048145,M1,1,0,GO Biological Processes,19,regulation of fibroblast proliferation,19_GO:0050789 regulation of biological process,-2.755173760452196,4.0637603226425965,4.060711338828891,21160,127,287,7,2.4390243902439024,0.9105529182275091,12306|12389|14268|14284|17869|18595|56312,Anxa2|Cav1|Fn1|Fosl2|Myc|Pdgfra|Nupr1,-1.039883227530082,0,62,0,0,-3.087106446530686,5.461349851593754,
1,-2.355316127374679,GO:0048146,M1,1,0,GO Biological Processes,19,positive regulation of fibroblast proliferation,19_GO:0048518 positive regulation of biological process,-2.355316127374679,4.666343227627574,3.8282222400343606,21160,79,287,5,1.7421602787456445,0.7723012028131504,12306|14268|14284|17869|18595,Anxa2|Fn1|Fosl2|Myc|Pdgfra,-0.7530330968488486,0,62,0,0,-3.087106446530686,5.461349851593754,
1,-3.0167254309344567,GO:0051954,M1,1,0,GO Biological Processes,19,positive regulation of amine transport,19_GO:0051179 localization,-3.0167254309344567,6.582877053260328,4.90530221507187,21160,56,287,5,1.7421602787456445,0.7723012028131504,18799|20315|20539|68585|232333,Plcd1|Cxcl12|Slc7a5|Rtn4|Slc6a1,-1.224754725428817,0,63,1,1,-3.0167254309344567,12.288037166085948,
1,-2.76131905907293,GO:0033605,M1,1,0,GO Biological Processes,19,positive regulation of catecholamine secretion,19_GO:0051179 localization,-2.76131905907293,12.288037166085948,5.617948194539884,21160,18,287,3,1.0452961672473868,0.6003395457574546,18799|20315|68585,Plcd1|Cxcl12|Rtn4,-1.04000615154932,0,63,0,0,-3.0167254309344567,12.288037166085948,
1,-3.0019264561952586,GO:0045651,M1,1,0,GO Biological Processes,19,positive regulation of macrophage differentiation,19_GO:0002376 immune system process,-3.0019264561952586,14.745644599303137,6.244576303523872,21160,15,287,3,1.0452961672473868,0.6003395457574546,15902|19645|211770,Id2|Rb1|Trib1,-1.216051211899321,0,64,1,1,-3.0019264561952586,14.745644599303137,
1,-2.606737730297197,GO:0071542,M1,1,0,GO Biological Processes,19,dopaminergic neuron differentiation,19_GO:0032502 developmental process,-2.606737730297197,7.021735523477684,4.580532941421479,21160,42,287,4,1.3937282229965158,0.6919908761056754,11924|15902|20315|22339,Neurog2|Id2|Cxcl12|Vegfa,-0.944115530897036,0,64,0,0,-3.0019264561952586,14.745644599303137,
1,-2.502875928777911,GO:0045649,M1,1,0,GO Biological Processes,19,regulation of macrophage differentiation,19_GO:0002376 immune system process,-2.502875928777911,10.053848590433956,4.9820571160978835,21160,22,287,3,1.0452961672473868,0.6003395457574546,15902|19645|211770,Id2|Rb1|Trib1,-0.8633448408324511,0,64,0,0,-3.0019264561952586,14.745644599303137,
1,-2.502875928777911,GO:0060749,M1,1,0,GO Biological Processes,19,mammary gland alveolus development,19_GO:0032502 developmental process,-2.502875928777911,10.053848590433956,4.9820571160978835,21160,22,287,3,1.0452961672473868,0.6003395457574546,15902|21802|22339,Id2|Tgfa|Vegfa,-0.8633448408324511,0,64,0,0,-3.0019264561952586,14.745644599303137,
1,-2.502875928777911,GO:0061377,M1,1,0,GO Biological Processes,19,mammary gland lobule development,19_GO:0032502 developmental process,-2.502875928777911,10.053848590433956,4.9820571160978835,21160,22,287,3,1.0452961672473868,0.6003395457574546,15902|21802|22339,Id2|Tgfa|Vegfa,-0.8633448408324511,0,64,0,0,-3.0019264561952586,14.745644599303137,
1,-2.299198981133586,WP512,M1,1,0,WikiPathways,27,ID signaling pathway,,-2.299198981133586,5.782605725216916,4.009700351345678,21160,51,287,4,1.3937282229965158,0.6919908761056754,15902|16367|19645|22339,Id2|Irs1|Rb1|Vegfa,-0.7191427654933041,0,64,0,0,-3.0019264561952586,14.745644599303137,
1,-2.062047533655269,GO:0030879,M1,1,0,GO Biological Processes,19,mammary gland development,19_GO:0032502 developmental process,-2.062047533655269,3.035868005738881,3.1251001508983833,21160,170,287,7,2.4390243902439024,0.9105529182275091,12389|15902|16011|16367|19876|21802|22339,Cav1|Id2|Igfbp5|Irs1|Robo1|Tgfa|Vegfa,-0.5776801599301428,0,64,0,0,-3.0019264561952586,14.745644599303137,
1,-2.9044574238704755,GO:0014009,M1,1,0,GO Biological Processes,19,glial cell proliferation,19_GO:0032502 developmental process,-2.9044574238704755,8.426082628173221,5.155746096804415,21160,35,287,4,1.3937282229965158,0.6919908761056754,12759|14580|19645|77125,Clu|Gfap|Rb1|Il33,-1.1450001221873314,0,65,1,1,-2.9044574238704755,8.426082628173221,
1,-2.1912381696749734,GO:0032760,M1,1,0,GO Biological Processes,19,positive regulation of tumor necrosis factor production,19_GO:0048518 positive regulation of biological process,-2.1912381696749734,3.625978180156509,3.410867776565618,21160,122,287,6,2.0905923344947737,0.8445122236887297,12759|14367|20848|67457|77125|83397,Clu|Fzd5|Stat3|Frmd8|Il33|Akap12,-0.6516315454848426,0,65,0,0,-2.9044574238704755,8.426082628173221,
1,-2.1576531314936283,GO:1903557,M1,1,0,GO Biological Processes,19,positive regulation of tumor necrosis factor superfamily cytokine production,19_GO:0048518 positive regulation of biological process,-2.1576531314936283,3.5674946611217266,3.3622878543820485,21160,124,287,6,2.0905923344947737,0.8445122236887297,12759|14367|20848|67457|77125|83397,Clu|Fzd5|Stat3|Frmd8|Il33|Akap12,-0.6307337137632228,0,65,0,0,-2.9044574238704755,8.426082628173221,
1,-2.0097079606065713,GO:0002274,M1,1,0,GO Biological Processes,19,myeloid leukocyte activation,19_GO:0002376 immune system process,-2.0097079606065713,2.9660779366414354,3.053561002486688,21160,174,287,7,2.4390243902439024,0.9105529182275091,11988|12759|17988|19215|77125|109648|216161,Slc7a2|Clu|Ndrg1|Ptgds|Il33|Npy|Sbno2,-0.5426520035650522,0,65,0,0,-2.9044574238704755,8.426082628173221,
1,-2.8361461037738707,GO:0015812,M1,1,0,GO Biological Processes,19,gamma-aminobutyric acid transport,19_GO:0051179 localization,-2.8361461037738707,13.010862881738062,5.809134687294797,21160,17,287,3,1.0452961672473868,0.6003395457574546,18479|232333|243616,Pak1|Slc6a1|Slc6a11,-1.0991516757776196,0,66,1,1,-2.8361461037738707,13.010862881738062,
1,-2.8361461037738707,GO:0001921,M1,1,0,GO Biological Processes,19,positive regulation of receptor recycling,19_GO:0048518 positive regulation of biological process,-2.8361461037738707,13.010862881738062,5.809134687294797,21160,17,287,3,1.0452961672473868,0.6003395457574546,12306|23828|101490,Anxa2|Popdc1|Inpp5f,-1.0991516757776196,0,67,1,1,-2.8361461037738707,13.010862881738062,
1,-2.1165029674688363,GO:0001919,M1,1,0,GO Biological Processes,19,regulation of receptor recycling,19_GO:0050789 regulation of biological process,-2.1165029674688363,7.372822299651569,4.095800254685854,21160,30,287,3,1.0452961672473868,0.6003395457574546,12306|23828|101490,Anxa2|Popdc1|Inpp5f,-0.6083447261370861,0,67,0,0,-2.8361461037738707,13.010862881738062,
1,-2.8247641817465783,GO:0050920,M1,1,0,GO Biological Processes,19,regulation of chemotaxis,19_GO:0040011 locomotion,-2.8247641817465783,3.1240772456150707,3.8476896352209913,21160,236,287,10,3.484320557491289,1.082472917319835,13609|14268|17965|18595|19242|19876|20315|22339|27226|73710,S1pr1|Fn1|Nbl1|Pdgfra|Ptn|Robo1|Cxcl12|Vegfa|Pla2g7|Tubb2b,-1.090209563047751,0,68,1,1,-2.8247641817465783,8.192024777390632,
1,-2.7326263307797762,GO:0040011,M1,1,0,GO Biological Processes,19,locomotion,19_GO:0040011 locomotion,-2.7326263307797762,2.569616351084997,3.5863122791371795,21160,373,287,13,4.529616724738676,1.2275073817001454,13609|14763|18595|18606|19242|19876|20315|20347|20351|22339|66102|104099|320701,S1pr1|Gpr37|Pdgfra|Enpp2|Ptn|Robo1|Cxcl12|Sema3b|Sema4a|Vegfa|Cxcl16|Itga9|Tafa4,-1.0203481067921014,0,68,0,0,-2.8247641817465783,8.192024777390632,
1,-2.627989273587629,GO:0006935,M1,1,0,GO Biological Processes,19,chemotaxis,19_GO:0040011 locomotion,-2.627989273587629,2.6175700472135746,3.5152507258512613,21160,338,287,12,4.181184668989547,1.1815010851268668,13609|18595|18606|19242|19876|20315|20347|20351|22339|66102|104099|320701,S1pr1|Pdgfra|Enpp2|Ptn|Robo1|Cxcl12|Sema3b|Sema4a|Vegfa|Cxcl16|Itga9|Tafa4,-0.944115530897036,0,68,0,0,-2.8247641817465783,8.192024777390632,
1,-2.616084157983923,GO:0050900,M1,1,0,GO Biological Processes,19,leukocyte migration,19_GO:0002376 immune system process,-2.616084157983923,2.925723134782368,3.606068345652012,21160,252,287,10,3.484320557491289,1.082472917319835,13609|19242|20315|22339|54725|66102|67374|68585|104099|320701,S1pr1|Ptn|Cxcl12|Vegfa|Cadm1|Cxcl16|Jam2|Rtn4|Itga9|Tafa4,-0.944115530897036,0,68,0,0,-2.8247641817465783,8.192024777390632,
1,-2.6070369169483696,GO:0042330,M1,1,0,GO Biological Processes,19,taxis,19_GO:0040011 locomotion,-2.6070369169483696,2.6021725763476122,3.4922431235730333,21160,340,287,12,4.181184668989547,1.1815010851268668,13609|18595|18606|19242|19876|20315|20347|20351|22339|66102|104099|320701,S1pr1|Pdgfra|Enpp2|Ptn|Robo1|Cxcl12|Sema3b|Sema4a|Vegfa|Cxcl16|Itga9|Tafa4,-0.944115530897036,0,68,0,0,-2.8247641817465783,8.192024777390632,
1,-2.4534722628834156,GO:0060326,M1,1,0,GO Biological Processes,19,cell chemotaxis,19_GO:0040011 locomotion,-2.4534722628834156,2.9755785065858347,3.4776476567620334,21160,223,287,9,3.1358885017421603,1.0287759606825233,13609|18595|18606|19242|20315|22339|66102|104099|320701,S1pr1|Pdgfra|Enpp2|Ptn|Cxcl12|Vegfa|Cxcl16|Itga9|Tafa4,-0.8286020009196443,0,68,0,0,-2.8247641817465783,8.192024777390632,
1,-2.4156455272440898,GO:0030595,M1,1,0,GO Biological Processes,19,leukocyte chemotaxis,19_GO:0040011 locomotion,-2.4156455272440898,3.534914801202807,3.603972863474559,21160,146,287,7,2.4390243902439024,0.9105529182275091,13609|19242|20315|22339|66102|104099|320701,S1pr1|Ptn|Cxcl12|Vegfa|Cxcl16|Itga9|Tafa4,-0.8012979853168787,0,68,0,0,-2.8247641817465783,8.192024777390632,
1,-2.2459384307094505,GO:0050927,M1,1,0,GO Biological Processes,19,positive regulation of positive chemotaxis,19_GO:0040011 locomotion,-2.2459384307094505,8.192024777390632,4.384787606870905,21160,27,287,3,1.0452961672473868,0.6003395457574546,13609|20315|22339,S1pr1|Cxcl12|Vegfa,-0.6852283279183702,0,68,0,0,-2.8247641817465783,8.192024777390632,
1,-2.157941899370497,GO:0050926,M1,1,0,GO Biological Processes,19,regulation of positive chemotaxis,19_GO:0040011 locomotion,-2.157941899370497,7.627057551363691,4.187509421670218,21160,29,287,3,1.0452961672473868,0.6003395457574546,13609|20315|22339,S1pr1|Cxcl12|Vegfa,-0.6307337137632228,0,68,0,0,-2.8247641817465783,8.192024777390632,
1,-2.1548138211026546,GO:0072676,M1,1,0,GO Biological Processes,19,lymphocyte migration,19_GO:0002376 immune system process,-2.1548138211026546,5.266301642608263,3.74851509320444,21160,56,287,4,1.3937282229965158,0.6919908761056754,13609|20315|54725|66102,S1pr1|Cxcl12|Cadm1|Cxcl16,-0.6303879670564513,0,68,0,0,-2.8247641817465783,8.192024777390632,
1,-2.062047533655269,GO:0050921,M1,1,0,GO Biological Processes,19,positive regulation of chemotaxis,19_GO:0040011 locomotion,-2.062047533655269,3.035868005738881,3.1251001508983833,21160,170,287,7,2.4390243902439024,0.9105529182275091,13609|14268|18595|19242|20315|22339|27226,S1pr1|Fn1|Pdgfra|Ptn|Cxcl12|Vegfa|Pla2g7,-0.5776801599301428,0,68,0,0,-2.8247641817465783,8.192024777390632,
1,-2.001092179937377,GO:0072678,M1,1,0,GO Biological Processes,19,T cell migration,19_GO:0002376 immune system process,-2.001092179937377,6.702565726955971,3.844186369401509,21160,33,287,3,1.0452961672473868,0.6003395457574546,13609|20315|66102,S1pr1|Cxcl12|Cxcl16,-0.540811952602715,0,68,0,0,-2.8247641817465783,8.192024777390632,
1,-2.76131905907293,WP578,M1,1,0,WikiPathways,27,Leptin insulin signaling overlap,,-2.76131905907293,12.288037166085948,5.617948194539884,21160,18,287,3,1.0452961672473868,0.6003395457574546,16337|16367|20848,Insr|Irs1|Stat3,-1.04000615154932,0,69,1,1,-2.76131905907293,12.288037166085948,
1,-2.691036712024956,R-MMU-201556,M1,1,0,Reactome Gene Sets,6,Signaling by ALK,,-2.691036712024956,11.641298367870897,5.441325909616027,21160,19,287,3,1.0452961672473868,0.6003395457574546,16367|19242|20848,Irs1|Ptn|Stat3,-0.9876090457858996,0,69,0,0,-2.76131905907293,12.288037166085948,
1,-2.6046738979583433,WP447,M1,1,0,WikiPathways,27,Adipogenesis genes,,-2.6046738979583433,3.822944896115628,3.858312179698078,21160,135,287,7,2.4390243902439024,0.9105529182275091,12609|12804|16367|19645|20378|20848|23849,Cebpd|Cntfr|Irs1|Rb1|Frzb|Stat3|Klf6,-0.944115530897036,0,69,0,0,-2.76131905907293,12.288037166085948,
1,-2.529135320973765,mmu04920,M1,1,0,KEGG Pathway,24,Adipocytokine signaling pathway - Mus musculus (house mouse),,-2.529135320973765,5.120015485869144,4.1062319822728,21160,72,287,5,1.7421602787456445,0.7723012028131504,16367|20848|74205|109648|216739,Irs1|Stat3|Acsl3|Npy|Acsl6,-0.8819752755702953,0,69,0,0,-2.76131905907293,12.288037166085948,
1,-2.502875928777911,R-MMU-6783589,M1,1,0,Reactome Gene Sets,6,Interleukin-6 family signaling,,-2.502875928777911,10.053848590433956,4.9820571160978835,21160,22,287,3,1.0452961672473868,0.6003395457574546,12804|18414|20848,Cntfr|Osmr|Stat3,-0.8633448408324511,0,69,0,0,-2.76131905907293,12.288037166085948,
1,-2.220738540442622,GO:0043491,M1,1,0,GO Biological Processes,19,phosphatidylinositol 3-kinase/protein kinase B signal transduction,19_GO:0050896 response to stimulus,-2.220738540442622,4.336954293912687,3.614697930785841,21160,85,287,5,1.7421602787456445,0.7723012028131504,16367|20848|101490|109270|109294,Irs1|Stat3|Inpp5f|Prr5|Prex2,-0.6695901176537757,0,69,0,0,-2.76131905907293,12.288037166085948,
1,-2.6952734766903905,GO:0032371,M1,1,0,GO Biological Processes,19,regulation of sterol transport,19_GO:0051179 localization,-2.6952734766903905,5.585471439129975,4.374944729703891,21160,66,287,5,1.7421602787456445,0.7723012028131504,11816|12306|12389|20788|217258,Apoe|Anxa2|Cav1|Srebf2|Abca8a,-0.9880747782319906,0,70,1,1,-2.6952734766903905,7.021735523477684,
1,-2.6952734766903905,GO:0032374,M1,1,0,GO Biological Processes,19,regulation of cholesterol transport,19_GO:0051179 localization,-2.6952734766903905,5.585471439129975,4.374944729703891,21160,66,287,5,1.7421602787456445,0.7723012028131504,11816|12306|12389|20788|217258,Apoe|Anxa2|Cav1|Srebf2|Abca8a,-0.9880747782319906,0,70,0,0,-2.6952734766903905,7.021735523477684,
1,-2.606737730297197,GO:0032373,M1,1,0,GO Biological Processes,19,positive regulation of sterol transport,19_GO:0051179 localization,-2.606737730297197,7.021735523477684,4.580532941421479,21160,42,287,4,1.3937282229965158,0.6919908761056754,11816|12306|12389|217258,Apoe|Anxa2|Cav1|Abca8a,-0.944115530897036,0,70,0,0,-2.6952734766903905,7.021735523477684,
1,-2.606737730297197,GO:0032376,M1,1,0,GO Biological Processes,19,positive regulation of cholesterol transport,19_GO:0051179 localization,-2.606737730297197,7.021735523477684,4.580532941421479,21160,42,287,4,1.3937282229965158,0.6919908761056754,11816|12306|12389|217258,Apoe|Anxa2|Cav1|Abca8a,-0.944115530897036,0,70,0,0,-2.6952734766903905,7.021735523477684,
1,-2.4962922832210603,GO:0010874,M1,1,0,GO Biological Processes,19,regulation of cholesterol efflux,19_GO:0051179 localization,-2.4962922832210603,6.5536198219125055,4.373034881526587,21160,45,287,4,1.3937282229965158,0.6919908761056754,11816|12389|20788|217258,Apoe|Cav1|Srebf2|Abca8a,-0.8578401883322399,0,70,0,0,-2.6952734766903905,7.021735523477684,
1,-2.1085830173242157,GO:1905954,M1,1,0,GO Biological Processes,19,positive regulation of lipid localization,19_GO:0051179 localization,-2.1085830173242157,3.483223133693654,3.2912667029823477,21160,127,287,6,2.0905923344947737,0.8445122236887297,11816|12306|12389|20788|216739|217258,Apoe|Anxa2|Cav1|Srebf2|Acsl6|Abca8a,-0.6043982207443777,0,70,0,0,-2.6952734766903905,7.021735523477684,
1,-2.0469051107326766,GO:0051051,M1,1,0,GO Biological Processes,19,negative regulation of transport,19_GO:0051179 localization,-2.0469051107326766,2.0561655815761344,2.8082502982224917,21160,502,287,14,4.878048780487805,1.2715179522683246,11816|12306|12389|14681|14758|16367|17755|17869|18007|20788|26921|66240|216190|231070,Apoe|Anxa2|Cav1|Gnao1|Gpm6b|Irs1|Map1b|Myc|Neo1|Srebf2|Map4k4|Kcne5|Appl2|Insig1,-0.5673241020930774,0,70,0,0,-2.6952734766903905,7.021735523477684,
1,-2.001092179937377,GO:0010875,M1,1,0,GO Biological Processes,19,positive regulation of cholesterol efflux,19_GO:0051179 localization,-2.001092179937377,6.702565726955971,3.844186369401509,21160,33,287,3,1.0452961672473868,0.6003395457574546,11816|12389|217258,Apoe|Cav1|Abca8a,-0.540811952602715,0,70,0,0,-2.6952734766903905,7.021735523477684,
1,-2.624803971690911,GO:1905809,M1,1,0,GO Biological Processes,19,negative regulation of synapse organization,19_GO:0048519 negative regulation of biological process,-2.624803971690911,11.059233449477352,5.277442067473983,21160,20,287,3,1.0452961672473868,0.6003395457574546,11816|19242|19876,Apoe|Ptn|Robo1,-0.944115530897036,0,71,1,1,-2.624803971690911,11.059233449477352,
1,-2.606737730297197,WP1983,M1,1,0,WikiPathways,27,Splicing factor NOVA regulated synaptic proteins,,-2.606737730297197,7.021735523477684,4.580532941421479,21160,42,287,4,1.3937282229965158,0.6919908761056754,13822|18007|54725|65945,Epb41l2|Neo1|Cadm1|Clstn1,-0.944115530897036,0,72,1,1,-2.606737730297197,7.021735523477684,
1,-2.606737730297197,GO:0006953,M1,1,0,GO Biological Processes,19,acute-phase response,19_GO:0050896 response to stimulus,-2.606737730297197,7.021735523477684,4.580532941421479,21160,42,287,4,1.3937282229965158,0.6919908761056754,11898|14268|20848|232345,Ass1|Fn1|Stat3|A2m,-0.944115530897036,0,73,1,1,-2.606737730297197,7.899452463912395,
1,-2.3090928003296995,GO:0002526,M1,1,0,GO Biological Processes,19,acute inflammatory response,19_GO:0050896 response to stimulus,-2.3090928003296995,4.551124876328128,3.7547370947389385,21160,81,287,5,1.7421602787456445,0.7723012028131504,11898|14268|20848|56312|232345,Ass1|Fn1|Stat3|Nupr1|A2m,-0.7233470559568821,0,73,0,0,-2.606737730297197,7.899452463912395,
1,-2.201044980218945,GO:0060416,M1,1,0,GO Biological Processes,19,response to growth hormone,19_GO:0050896 response to stimulus,-2.201044980218945,7.899452463912395,4.28370369112322,21160,28,287,3,1.0452961672473868,0.6003395457574546,11898|16011|20848,Ass1|Igfbp5|Stat3,-0.6584554296633122,0,73,0,0,-2.606737730297197,7.899452463912395,
1,-2.1247692099244753,GO:0032355,M1,1,0,GO Biological Processes,19,response to estradiol,19_GO:0050896 response to stimulus,-2.1247692099244753,3.510867761738842,3.3147002379279615,21160,126,287,6,2.0905923344947737,0.8445122236887297,11898|14284|14751|17755|19220|20848,Ass1|Fosl2|Gpi1|Map1b|Ptgfr|Stat3,-0.6120221990828804,0,73,0,0,-2.606737730297197,7.899452463912395,
1,-2.5614405649131307,mmu05225,M1,1,0,KEGG Pathway,24,Hepatocellular carcinoma - Mus musculus (house mouse),,-2.5614405649131307,3.370433051269288,3.6922263095240107,21160,175,287,8,2.7874564459930316,0.97168220662184,14367|14866|14871|16002|17869|19645|21802|216795,Fzd5|Gstm5|Gstt1|Igf2|Myc|Rb1|Tgfa|Wnt9a,-0.9076330252089084,0,74,1,1,-2.5614405649131307,6.702565726955971,
1,-2.361725064207379,GO:0045840,M1,1,0,GO Biological Processes,19,positive regulation of mitotic nuclear division,19_GO:0048518 positive regulation of biological process,-2.361725064207379,6.018630448695157,4.124059623264152,21160,49,287,4,1.3937282229965158,0.6919908761056754,16002|16337|19645|21802,Igf2|Insr|Rb1|Tgfa,-0.7554576526899596,0,74,0,0,-2.5614405649131307,6.702565726955971,
1,-2.1438221410385134,GO:0055123,M1,1,0,GO Biological Processes,19,digestive system development,19_GO:0032502 developmental process,-2.1438221410385134,3.1469363474122547,3.2364499233231765,21160,164,287,7,2.4390243902439024,0.9105529182275091,11898|14367|15902|16002|16337|18595|19645,Ass1|Fzd5|Id2|Igf2|Insr|Pdgfra|Rb1,-0.6202243034145404,0,74,0,0,-2.5614405649131307,6.702565726955971,
1,-2.0866249589029464,mmu05200,M1,1,0,KEGG Pathway,24,Pathways in cancer - Mus musculus (house mouse),,-2.0866249589029464,2.0181082937002466,2.8315241413986585,21160,548,287,15,5.2264808362369335,1.313733384896961,14268|14367|14866|14871|16002|17869|18595|19645|20315|20848|21802|22339|112407|216795|235320,Fn1|Fzd5|Gstm5|Gstt1|Igf2|Myc|Pdgfra|Rb1|Cxcl12|Stat3|Tgfa|Vegfa|Egln3|Wnt9a|Zbtb16,-0.5879426094550739,0,74,0,0,-2.5614405649131307,6.702565726955971,
1,-2.001092179937377,GO:0060669,M1,1,0,GO Biological Processes,19,embryonic placenta morphogenesis,19_GO:0032502 developmental process,-2.001092179937377,6.702565726955971,3.844186369401509,21160,33,287,3,1.0452961672473868,0.6003395457574546,11535|14367|16002,Adm|Fzd5|Igf2,-0.540811952602715,0,74,0,0,-2.5614405649131307,6.702565726955971,
1,-2.5321298358961966,GO:0042908,M1,1,0,GO Biological Processes,19,xenobiotic transport,19_GO:0051179 localization,-2.5321298358961966,6.702565726955971,4.440040098211236,21160,44,287,4,1.3937282229965158,0.6919908761056754,20539|27416|57738|217258,Slc7a5|Abcc5|Slc15a2|Abca8a,-0.8827652452416933,0,75,1,1,-2.5321298358961966,6.702565726955971,
1,-2.4794666014170628,GO:0010638,M1,1,0,GO Biological Processes,19,positive regulation of organelle organization,19_GO:0048518 positive regulation of biological process,-2.4794666014170628,2.164498289805965,3.2295463192708787,21160,545,287,16,5.574912891986063,1.3543215582294061,12306|12389|14086|16002|16337|17755|17869|18008|18479|18645|18784|19645|21802|27360|56455|104027,Anxa2|Cav1|Fscn1|Igf2|Insr|Map1b|Myc|Nes|Pak1|Pfn2|Pla2g5|Rb1|Tgfa|Add3|Dynll1|Synpo,-0.8453038696123528,0,76,1,1,-2.4794666014170628,2.164498289805965,
1,-2.4426608447908764,GO:0009410,M1,1,0,GO Biological Processes,19,response to xenobiotic stimulus,19_GO:0050896 response to stimulus,-2.4426608447908764,2.21184668989547,3.2156117402033217,21160,500,287,15,5.2264808362369335,1.313733384896961,11898|11928|14284|14756|14866|14871|16002|17755|17869|17967|19645|20511|27360|56448|243616,Ass1|Atp1a1|Fosl2|Gpld1|Gstm5|Gstt1|Igf2|Map1b|Myc|Ncam1|Rb1|Slc1a2|Add3|Cyp2d22|Slc6a11,-0.8242161547226203,0,77,1,1,-2.4426608447908764,2.21184668989547,
1,-2.4145261140765593,GO:0048762,M1,1,0,GO Biological Processes,19,mesenchymal cell differentiation,19_GO:0032502 developmental process,-2.4145261140765593,3.188247480930408,3.505317796211583,21160,185,287,8,2.7874564459930316,0.97168220662184,14268|17967|18569|20347|20351|20378|68585|94352,Fn1|Ncam1|Pdcd4|Sema3b|Sema4a|Frzb|Rtn4|Loxl2,-0.8011968480716531,0,78,1,1,-2.4145261140765593,5.564394188416278,
1,-2.3358116066781784,GO:0008037,M1,1,0,GO Biological Processes,19,cell recognition,19_GO:0009987 cellular process,-2.3358116066781784,3.417864642222581,3.4963415279626324,21160,151,287,7,2.4390243902439024,0.9105529182275091,11674|17967|19876|54725|68585|70417|319504,Aldoa|Ncam1|Robo1|Cadm1|Rtn4|Megf10|Nrcam,-0.7394374357628685,0,78,0,0,-2.4145261140765593,5.564394188416278,
1,-2.2395067542181466,GO:0008038,M1,1,0,GO Biological Processes,19,neuron recognition,19_GO:0032502 developmental process,-2.2395067542181466,5.564394188416278,3.901251103874178,21160,53,287,4,1.3937282229965158,0.6919908761056754,17967|19876|68585|319504,Ncam1|Robo1|Rtn4|Nrcam,-0.6828095277479378,0,78,0,0,-2.4145261140765593,5.564394188416278,
1,-2.0709730660832335,GO:0060485,M1,1,0,GO Biological Processes,19,mesenchyme development,19_GO:0032502 developmental process,-2.0709730660832335,2.5920078397212545,3.005014468976046,21160,256,287,9,3.1358885017421603,1.0287759606825233,14268|17967|18569|19876|20347|20351|20378|68585|94352,Fn1|Ncam1|Pdcd4|Robo1|Sema3b|Sema4a|Frzb|Rtn4|Loxl2,-0.5843550297475203,0,78,0,0,-2.4145261140765593,5.564394188416278,
1,-2.408488076662001,R-MMU-112316,M1,1,0,Reactome Gene Sets,6,Neuronal System,,-2.408488076662001,2.5828358374575555,3.3134880839683087,21160,314,287,11,3.832752613240418,1.1332560297759222,13822|14645|16513|16525|19266|20168|20511|21912|232333|243616|245450,Epb41l2|Glul|Kcnj10|Kcnk1|Ptprd|Rtn3|Slc1a2|Tspan7|Slc6a1|Slc6a11|Slitrk2,-0.796174704645243,0,79,1,1,-2.408488076662001,4.756659548162302,
1,-2.00066551435991,R-MMU-6794362,M1,1,0,Reactome Gene Sets,6,Protein-protein interactions at synapses,,-2.00066551435991,4.756659548162302,3.473546524990708,21160,62,287,4,1.3937282229965158,0.6919908761056754,13822|19266|20168|245450,Epb41l2|Ptprd|Rtn3|Slitrk2,-0.540811952602715,0,79,0,0,-2.408488076662001,4.756659548162302,
1,-2.3358116066781784,GO:0120161,M1,1,0,GO Biological Processes,19,regulation of cold-induced thermogenesis,19_GO:0042592 homeostatic process,-2.3358116066781784,3.417864642222581,3.4963415279626324,21160,151,287,7,2.4390243902439024,0.9105529182275091,12389|13371|19645|22339|94282|216190|329910,Cav1|Dio2|Rb1|Vegfa|Sfxn5|Appl2|Acot11,-0.7394374357628685,0,80,1,1,-2.3358116066781784,3.417864642222581,
1,-2.331480296739959,GO:0099175,M1,1,0,GO Biological Processes,19,regulation of postsynapse organization,19_GO:0050789 regulation of biological process,-2.331480296739959,3.088093109801704,3.3991768878964814,21160,191,287,8,2.7874564459930316,0.97168220662184,11816|13175|17755|19266|58998|68585|268932|319504,Apoe|Dclk1|Map1b|Ptprd|Nectin3|Rtn4|Caskin1|Nrcam,-0.7360831666909604,0,81,1,1,-2.331480296739959,5.362052581564777,
1,-2.1824313701986,GO:0150052,M1,1,0,GO Biological Processes,19,regulation of postsynapse assembly,19_GO:0032502 developmental process,-2.1824313701986,5.362052581564777,3.798180886837452,21160,55,287,4,1.3937282229965158,0.6919908761056754,13175|17755|58998|68585,Dclk1|Map1b|Nectin3|Rtn4,-0.6453920115054288,0,81,0,0,-2.331480296739959,5.362052581564777,
1,-2.3173785826132525,GO:0009636,M1,1,0,GO Biological Processes,19,response to toxic substance,19_GO:0050896 response to stimulus,-2.3173785826132525,2.8357008844813723,3.3110277183677193,21160,234,287,9,3.1358885017421603,1.0287759606825233,11758|11816|11898|14866|14871|17755|56312|232333|330260,Prdx6|Apoe|Ass1|Gstm5|Gstt1|Map1b|Nupr1|Slc6a1|Pon2,-0.7258677825866456,0,82,1,1,-2.3173785826132525,4.006968641114982,
1,-2.0779375137494847,WP4466,M1,1,0,WikiPathways,27,Oxidative stress and redox pathway,,-2.0779375137494847,4.006968641114982,3.3892783614112223,21160,92,287,5,1.7421602787456445,0.7723012028131504,11758|14866|14871|20511|27416,Prdx6|Gstm5|Gstt1|Slc1a2|Abcc5,-0.58749709594343,0,82,0,0,-2.3173785826132525,4.006968641114982,
1,-2.3048561044466704,GO:0016358,M1,1,0,GO Biological Processes,19,dendrite development,19_GO:0032502 developmental process,-2.3048561044466704,3.373186673043201,3.4545515647632006,21160,153,287,7,2.4390243902439024,0.9105529182275091,13175|14763|17755|18479|19242|53883|109294,Dclk1|Gpr37|Map1b|Pak1|Ptn|Celsr2|Prex2,-0.7210151634865907,0,83,1,1,-2.3048561044466704,6.702565726955971,
1,-2.001092179937377,GO:0031116,M1,1,0,GO Biological Processes,19,positive regulation of microtubule polymerization,19_GO:0048518 positive regulation of biological process,-2.001092179937377,6.702565726955971,3.844186369401509,21160,33,287,3,1.0452961672473868,0.6003395457574546,12389|17755|18479,Cav1|Map1b|Pak1,-0.540811952602715,0,83,0,0,-2.3048561044466704,6.702565726955971,
1,-2.299198981133586,GO:0061383,M1,1,0,GO Biological Processes,19,trabecula morphogenesis,19_GO:0032502 developmental process,-2.299198981133586,5.782605725216916,4.009700351345678,21160,51,287,4,1.3937282229965158,0.6919908761056754,13609|22339|215798|216161,S1pr1|Vegfa|Adgrg6|Sbno2,-0.7191427654933041,0,84,1,1,-2.299198981133586,5.782605725216916,
1,-2.128953929527067,GO:0003007,M1,1,0,GO Biological Processes,19,heart morphogenesis,19_GO:0032502 developmental process,-2.128953929527067,2.4908183444768808,3.028781038077811,21160,296,287,10,3.484320557491289,1.082472917319835,12824|13609|15902|16337|18569|19876|22339|50768|68585|215798,Col2a1|S1pr1|Id2|Insr|Pdcd4|Robo1|Vegfa|Dlc1|Rtn4|Adgrg6,-0.6131874049795274,0,84,0,0,-2.299198981133586,5.782605725216916,
1,-2.070716141984426,GO:0007507,M1,1,0,GO Biological Processes,19,heart development,19_GO:0032502 developmental process,-2.070716141984426,1.9106399252145831,2.778276025996314,21160,656,287,17,5.923344947735192,1.393424677697697,11535|12824|13609|14268|15902|16337|18569|18595|19645|19876|22339|23828|50768|53318|68585|74103|215798,Adm|Col2a1|S1pr1|Fn1|Id2|Insr|Pdcd4|Pdgfra|Rb1|Robo1|Vegfa|Popdc1|Dlc1|Pdlim3|Rtn4|Nebl|Adgrg6,-0.5843550297475203,0,84,0,0,-2.299198981133586,5.782605725216916,
1,-2.2654346438876924,GO:0031667,M1,1,0,GO Biological Processes,19,response to nutrient levels,19_GO:0050896 response to stimulus,-2.2654346438876924,2.055142104432493,3.00522502455643,21160,574,287,16,5.574912891986063,1.3543215582294061,11535|11816|11898|14645|14871|16337|17755|18479|19775|20539|20788|76747|109270|109648|216190|232345,Adm|Apoe|Ass1|Glul|Gstt1|Insr|Map1b|Pak1|Xpr1|Slc7a5|Srebf2|Dapl1|Prr5|Npy|Appl2|A2m,-0.6974558445318476,0,85,1,1,-2.2654346438876924,2.055142104432493,
1,-2.2636524775783933,GO:0002237,M1,1,0,GO Biological Processes,19,response to molecule of bacterial origin,19_GO:0044419 biological process involved in interspecies interaction between organisms,-2.2636524775783933,2.1822307017996185,3.0491593951835134,21160,473,287,14,4.878048780487805,1.2715179522683246,11535|11898|14284|14367|18569|19220|20539|22352|56722|59079|66102|83397|211770|216161,Adm|Ass1|Fosl2|Fzd5|Pdcd4|Ptgfr|Slc7a5|Vim|Litaf|Erbin|Cxcl16|Akap12|Trib1|Sbno2,-0.6965889461733299,0,86,1,1,-2.2636524775783933,2.1822307017996185,
1,-2.0172315518715407,GO:0032496,M1,1,0,GO Biological Processes,19,response to lipopolysaccharide,19_GO:0044419 biological process involved in interspecies interaction between organisms,-2.0172315518715407,2.1065206570433053,2.7978452380490775,21160,455,287,13,4.529616724738676,1.2275073817001454,11535|11898|14284|18569|19220|20539|22352|56722|59079|66102|83397|211770|216161,Adm|Ass1|Fosl2|Pdcd4|Ptgfr|Slc7a5|Vim|Litaf|Erbin|Cxcl16|Akap12|Trib1|Sbno2,-0.5487206705818471,0,86,0,0,-2.2636524775783933,2.1822307017996185,
1,-2.249080301910455,GO:0043523,M1,1,0,GO Biological Processes,19,regulation of neuron apoptotic process,19_GO:0050789 regulation of biological process,-2.249080301910455,2.457607433217189,3.129312899996342,21160,330,287,11,3.832752613240418,1.1332560297759222,11816|12759|12804|14751|18008|19125|20450|22339|56312|105827|112407,Apoe|Clu|Cntfr|Gpi1|Nes|Prodh|St8sia2|Vegfa|Nupr1|Amigo2|Egln3,-0.6852283279183702,0,87,1,1,-2.249080301910455,2.457607433217189,
1,-2.2297833837443295,mmu04150,M1,1,0,KEGG Pathway,24,mTOR signaling pathway - Mus musculus (house mouse),,-2.2297833837443295,3.2664402593393023,3.3530387584927888,21160,158,287,7,2.4390243902439024,0.9105529182275091,14367|16337|16367|20539|97998|109270|216795,Fzd5|Insr|Irs1|Slc7a5|Deptor|Prr5|Wnt9a,-0.6753351018380198,0,88,1,1,-2.2297833837443295,3.2664402593393023,
1,-2.2106545419764467,mmu00330,M1,1,0,KEGG Pathway,24,Arginine and proline metabolism - Mus musculus (house mouse),,-2.2106545419764467,5.461349851593754,3.8490741299847797,21160,54,287,4,1.3937282229965158,0.6919908761056754,11671|19125|20229|228608,Aldh3a2|Prodh|Sat1|Smox,-0.6632537896798489,0,89,1,1,-2.2106545419764467,5.461349851593754,
1,-2.201044980218945,GO:0046426,M1,1,0,GO Biological Processes,19,negative regulation of receptor signaling pathway via JAK-STAT,19_GO:0048519 negative regulation of biological process,-2.201044980218945,7.899452463912395,4.28370369112322,21160,28,287,3,1.0452961672473868,0.6003395457574546,12389|19266|101490,Cav1|Ptprd|Inpp5f,-0.6584554296633122,0,90,1,1,-2.201044980218945,7.899452463912395,
1,-2.0766148459451195,GO:0002026,M1,1,0,GO Biological Processes,19,regulation of the force of heart contraction,19_GO:0032501 multicellular organismal process,-2.0766148459451195,7.134989322243453,4.008217387366292,21160,31,287,3,1.0452961672473868,0.6003395457574546,11535|11928|12389,Adm|Atp1a1|Cav1,-0.58749709594343,0,90,0,0,-2.201044980218945,7.899452463912395,
1,-2.0766148459451195,GO:1904893,M1,1,0,GO Biological Processes,19,negative regulation of receptor signaling pathway via STAT,19_GO:0048519 negative regulation of biological process,-2.0766148459451195,7.134989322243453,4.008217387366292,21160,31,287,3,1.0452961672473868,0.6003395457574546,12389|19266|101490,Cav1|Ptprd|Inpp5f,-0.58749709594343,0,90,0,0,-2.201044980218945,7.899452463912395,
1,-2.1659261863064057,GO:0061024,M1,1,0,GO Biological Processes,19,membrane organization,19_GO:0009987 cellular process,-2.1659261863064057,1.872775717825933,2.849749952549488,21160,748,287,19,6.620209059233449,1.4676461254678037,11443|11816|12306|12389|12759|13476|15937|17869|17988|18784|19266|20848|68585|70417|74754|75712|108012|225362|319504,Chrnb1|Apoe|Anxa2|Cav1|Clu|Reep5|Ier3|Myc|Ndrg1|Pla2g5|Ptprd|Stat3|Rtn4|Megf10|Dhcr24|Tmem14a|Ap1s2|Reep2|Nrcam,-0.6322864103882919,0,91,1,1,-2.1659261863064057,1.872775717825933,
1,-2.1277797563166874,GO:0034109,M1,1,0,GO Biological Processes,19,homotypic cell-cell adhesion,19_GO:0009987 cellular process,-2.1277797563166874,5.173910385720399,3.7000239049259918,21160,57,287,4,1.3937282229965158,0.6919908761056754,17967|18595|67916|70417,Ncam1|Pdgfra|Plpp3|Megf10,-0.6131874049795274,0,92,1,1,-2.1277797563166874,5.173910385720399,
1,-2.1211876860135037,R-MMU-8953897,M1,1,0,Reactome Gene Sets,6,Cellular responses to stimuli,,-2.1211876860135037,2.0366912429976707,2.869674842739482,21160,543,287,15,5.2264808362369335,1.313733384896961,11535|11758|12013|12306|13627|14268|19645|22151|26921|50527|53417|56455|73710|109270|112407,Adm|Prdx6|Bach1|Anxa2|Eef1a1|Fn1|Rb1|Tubb2a|Map4k4|Ero1a|Hif3a|Dynll1|Tubb2b|Prr5|Egln3,-0.6098243048065423,0,93,1,1,-2.1211876860135037,2.0366912429976707,
1,-2.1100545742548538,GO:0001503,M1,1,0,GO Biological Processes,19,ossification,19_GO:0032501 multicellular organismal process,-2.1100545742548538,2.3507549361207896,2.966155972757204,21160,345,287,11,3.832752613240418,1.1332560297759222,12824|14284|14756|14758|16002|16011|19242|83554|94249|216161|235320,Col2a1|Fosl2|Gpld1|Gpm6b|Igf2|Igfbp5|Ptn|Fstl3|Slc24a3|Sbno2|Zbtb16,-0.6043982207443777,0,94,1,1,-2.1100545742548538,2.3507549361207896,
1,-2.1024309788587354,GO:0050953,M1,1,0,GO Biological Processes,19,sensory perception of light stimulus,19_GO:0032501 multicellular organismal process,-2.1024309788587354,3.0904045567401783,3.1801485508804745,21160,167,287,7,2.4390243902439024,0.9105529182275091,12677|12824|16513|19771|20132|22295|244723,Vsx2|Col2a1|Kcnj10|Rlbp1|Rrh|Cdh23|Olfm2,-0.5993034990060634,0,95,1,1,-2.1024309788587354,3.0904045567401783,
1,-2.0766148459451195,GO:0036315,M1,1,0,GO Biological Processes,19,cellular response to sterol,19_GO:0050896 response to stimulus,-2.0766148459451195,7.134989322243453,4.008217387366292,21160,31,287,3,1.0452961672473868,0.6003395457574546,14756|170790|231070,Gpld1|Mlc1|Insig1,-0.58749709594343,0,96,1,1,-2.0766148459451195,7.134989322243453,
1,-2.0766148459451195,WP374,M1,1,0,WikiPathways,27,Prostaglandin synthesis and regulation,,-2.0766148459451195,7.134989322243453,4.008217387366292,21160,31,287,3,1.0452961672473868,0.6003395457574546,12306|19215|19220,Anxa2|Ptgds|Ptgfr,-0.58749709594343,0,97,1,1,-2.0766148459451195,7.134989322243453,
1,-2.038175381468923,WP4347,M1,1,0,WikiPathways,27,Eicosanoid metabolism via cyclooxygenases COX,,-2.038175381468923,6.912020905923345,3.924441298144375,21160,32,287,3,1.0452961672473868,0.6003395457574546,18784|19215|19220,Pla2g5|Ptgds|Ptgfr,-0.5630563416866075,0,97,0,0,-2.0766148459451195,7.134989322243453,
1,-2.0250754392596186,GO:0030514,M1,1,0,GO Biological Processes,19,negative regulation of BMP signaling pathway,19_GO:0048519 negative regulation of biological process,-2.0250754392596186,4.834637573542012,3.5168543779780688,21160,61,287,4,1.3937282229965158,0.6919908761056754,12389|17965|56213|83554,Cav1|Nbl1|Htra1|Fstl3,-0.5536400049526085,0,98,1,1,-2.0250754392596186,4.834637573542012,
1,-2.00066551435991,WP1270,M1,1,0,WikiPathways,27,Endochondral ossification,,-2.00066551435991,4.756659548162302,3.473546524990708,21160,62,287,4,1.3937282229965158,0.6919908761056754,12824|16002|20378|22339,Col2a1|Igf2|Frzb|Vegfa,-0.540811952602715,0,99,1,1,-2.00066551435991,4.756659548162302,
