Category,CategoryID,GO,Description,PARENT_GO,LogP,Enrichment,Z-score,#TotalGeneInLibrary,#GeneInGO,#GeneInHitList,#GeneInGOAndHitList,%InGO,STDV %InGO,GeneID,Hits,Log(q-value),GeneList
GO Biological Processes,19,GO:0051493,regulation of cytoskeleton organization,19_GO:0050789 regulation of biological process,-6.4,2.3,5.8,21160,557,758,45,5.9,0.86,11465|12562|12576|12632|13169|13494|15182|15461|16202|17886|17926|18484|18596|18708|18709|18754|18763|18846|19062|20194|20356|20410|20740|20742|21803|26419|27360|30948|56430|66616|68041|68810|72042|76123|76441|76709|99889|100732|101497|102774|110380|208177|213556|225523|234094,Actg1|Cdh5|Cdkn1b|Cfl2|Dbnl|Drg1|Hdac2|Hras|Ilk|Myh9|Myoc|Pam|Pdgfrb|Pik3r1|Pik3r2|Prkce|Pkd1|Plxna3|Inpp5k|S100a10|Sema5a|Sorbs3|Sptan1|Sptbn1|Tgfb1|Mapk8|Add3|Bin1|Clip1|Snx9|Mid1ip1|Nexn|Cotl1|Gpsm2|Daam2|Arpc2|Arfip1|Mapre3|Plekhg2|Bbs4|Shroom2|Phldb2|Plekhh2|Cep120|Arhgef10,-2.6,hits
Reactome Gene Sets,6,R-MMU-9716542,"Signaling by Rho GTPases, Miro GTPases and RHOBTB3",,-6.4,2.2,5.8,21160,577,758,46,6.1,0.87,11465|11671|12461|15516|16443|16449|16563|17886|17978|18708|18709|19053|19386|20619|20742|21873|22142|22143|27360|56389|56430|59009|64652|67037|69668|70827|75669|76709|77480|94190|98932|101497|106628|170791|192662|213498|219140|226849|227613|227937|233489|234094|238505|242202|319899|330177,Actg1|Aldh3a2|Cct2|Hsp90ab1|Itsn1|Jag1|Kif2a|Myh9|Ncoa2|Pik3r1|Pik3r2|Ppp2cb|Ranbp2|Snap23|Sptbn1|Tjp2|Tuba1a|Tuba1b|Add3|Stx5a|Clip1|Sh3rf1|Nisch|Pmf1|Ccdc115|Trak2|Pik3r4|Arpc2|Kidins220|Ophn1|Myl9|Plekhg2|Trip10|Rbm39|Arhgdia|Arhgef11|Spata13|Ppp2r5a|Tubb4b|Pkp4|Picalm|Arhgef10|Mtr|Pde5a|Dock6|Taok3,-2.6,hits
Reactome Gene Sets,6,R-MMU-194315,Signaling by Rho GTPases,,-6.3,2.2,5.7,21160,562,758,45,5.9,0.86,11465|11671|12461|15516|16443|16449|16563|17886|17978|18708|18709|19053|19386|20619|20742|21873|22142|22143|27360|56389|56430|59009|64652|67037|69668|75669|76709|77480|94190|98932|101497|106628|170791|192662|213498|219140|226849|227613|227937|233489|234094|238505|242202|319899|330177,Actg1|Aldh3a2|Cct2|Hsp90ab1|Itsn1|Jag1|Kif2a|Myh9|Ncoa2|Pik3r1|Pik3r2|Ppp2cb|Ranbp2|Snap23|Sptbn1|Tjp2|Tuba1a|Tuba1b|Add3|Stx5a|Clip1|Sh3rf1|Nisch|Pmf1|Ccdc115|Pik3r4|Arpc2|Kidins220|Ophn1|Myl9|Plekhg2|Trip10|Rbm39|Arhgdia|Arhgef11|Spata13|Ppp2r5a|Tubb4b|Pkp4|Picalm|Arhgef10|Mtr|Pde5a|Dock6|Taok3,-2.6,hits
GO Biological Processes,19,GO:1902903,regulation of supramolecular fiber organization,19_GO:0050789 regulation of biological process,-6.2,2.5,5.8,21160,408,758,36,4.7,0.77,11465|12562|12576|12632|13169|13494|15182|17886|17926|18708|18709|18754|19062|20194|20356|20410|20740|20742|26419|27360|30948|56430|66616|68041|72042|76441|76709|99889|100732|101497|102774|110380|208177|213556|234094|234407,Actg1|Cdh5|Cdkn1b|Cfl2|Dbnl|Drg1|Hdac2|Myh9|Myoc|Pik3r1|Pik3r2|Prkce|Inpp5k|S100a10|Sema5a|Sorbs3|Sptan1|Sptbn1|Mapk8|Add3|Bin1|Clip1|Snx9|Mid1ip1|Cotl1|Daam2|Arpc2|Arfip1|Mapre3|Plekhg2|Bbs4|Shroom2|Phldb2|Plekhh2|Arhgef10|Colgalt1,-2.5,hits
GO Biological Processes,19,GO:0035239,tube morphogenesis,19_GO:0032502 developmental process,-5.8,2,5.3,21160,782,758,55,7.3,0.94,11465|12306|12505|13666|13805|13809|13819|13844|13845|14182|14368|14595|14645|14726|15213|15229|15446|16000|16202|16372|16449|16911|17286|17313|17684|17886|18081|18208|18596|18763|18799|19211|20315|20356|20397|21803|21810|21817|27428|53417|57875|59308|66515|67122|67836|74123|74143|74533|102774|105278|216274|234366|269152|320736|320878,Actg1|Anxa2|Cd44|Eif2ak3|Eng|Enpep|Epas1|Ephb2|Ephb3|Fgfr1|Fzd6|B4galt1|Glul|Pdpn|Hey1|Foxd1|Hpgd|Igf1|Ilk|Irx2|Jag1|Lmo4|Meox2|Mgp|Cited2|Myh9|Ninj1|Ntn1|Pdgfrb|Pkd1|Plcd1|Pten|Cxcl12|Sema5a|Sgpl1|Tgfb1|Tgfbi|Tgm2|Shroom3|Hif3a|Angptl4|Emcn|Cul7|Nrarp|Wdr83|Foxp4|Opa1|Gzf1|Bbs4|Cdk20|Cep290|Gatad2a|Kif26b|Vstm4|Mical2,-2.3,hits
GO Biological Processes,19,GO:0032956,regulation of actin cytoskeleton organization,19_GO:0050789 regulation of biological process,-5.8,2.5,5.6,21160,371,758,33,4.4,0.74,11465|12632|13169|15182|15461|16202|17886|17926|18484|18596|18708|18709|18754|19062|20194|20356|20410|20740|20742|21803|27360|30948|66616|72042|76441|76709|99889|101497|102774|110380|208177|213556|234094,Actg1|Cfl2|Dbnl|Hdac2|Hras|Ilk|Myh9|Myoc|Pam|Pdgfrb|Pik3r1|Pik3r2|Prkce|Inpp5k|S100a10|Sema5a|Sorbs3|Sptan1|Sptbn1|Tgfb1|Add3|Bin1|Snx9|Cotl1|Daam2|Arpc2|Arfip1|Plekhg2|Bbs4|Shroom2|Phldb2|Plekhh2|Arhgef10,-2.3,hits
GO Biological Processes,19,GO:0042176,regulation of protein catabolic process,19_GO:0050789 regulation of biological process,-5.7,2.5,5.5,21160,374,758,33,4.4,0.74,12306|12328|12576|13010|13194|13666|14694|15516|18550|18763|19186|19188|19358|20620|24086|26419|28075|56371|56389|59009|66498|66616|68077|69807|70247|77125|83814|94190|101240|210992|229317|260302|414872,Anxa2|Caml|Cdkn1b|Cst3|Ddb1|Eif2ak3|Rack1|Hsp90ab1|Furin|Pkd1|Psme1|Psme2|Rad23a|Plk2|Tlk2|Mapk8|Desi1|Fzr1|Stx5a|Sh3rf1|Dda1|Snx9|Nop53|Trim32|Psmd1|Il33|Nedd4l|Ophn1|Wdr91|Lpcat1|Eif2a|Gga3|Zyg11b,-2.3,hits
Reactome Gene Sets,6,R-MMU-109582,Hemostasis,,-5.6,2.2,5.3,21160,505,758,40,5.3,0.81,11465|12258|12306|12505|12527|14697|14701|14726|15182|15461|16000|16440|16563|17540|18708|18709|18754|19053|19091|20194|20655|21803|21824|22142|22143|22612|56248|60595|66053|66066|67072|68038|226849|227613|242202|268373|268936|269152|271457|319899,Actg1|Serping1|Anxa2|Cd44|Cd9|Gnb5|Gng12|Pdpn|Hdac2|Hras|Igf1|Itpr3|Kif2a|Irag1|Pik3r1|Pik3r2|Prkce|Ppp2cb|Prkg1|S100a10|Sod1|Tgfb1|Thbd|Tuba1a|Tuba1b|Yes1|Ak3|Actn4|Ppil2|Gng11|Cdc37l1|Chid1|Ppp2r5a|Tubb4b|Pde5a|Ppia|Brpf3|Kif26b|Rab5a|Dock6,-2.3,hits
GO Biological Processes,19,GO:0051960,regulation of nervous system development,19_GO:0032502 developmental process,-5.6,2.1,5.2,21160,581,758,44,5.8,0.85,12010|12306|12724|13169|13666|13844|13845|14567|15182|15213|16000|16202|17344|18208|18708|18846|19211|19280|20182|20194|20315|20356|20869|20893|21803|21817|22059|22241|26419|30948|56708|56710|64085|66515|69807|70827|71436|74143|76441|77125|228357|233489|239250|399558,B2m|Anxa2|Clcn2|Dbnl|Eif2ak3|Ephb2|Ephb3|Gdi1|Hdac2|Hey1|Igf1|Ilk|Pias2|Ntn1|Pik3r1|Plxna3|Pten|Ptprs|Rxrb|S100a10|Cxcl12|Sema5a|Stk11|Bhlhe40|Tgfb1|Tgm2|Trp53|Ulk1|Mapk8|Bin1|Clcf1|Brinp1|Clstn2|Cul7|Trim32|Trak2|Flrt3|Opa1|Daam2|Il33|Lrp4|Picalm|Slitrk6|Flrt2,-2.3,hits
GO Biological Processes,19,GO:0110053,regulation of actin filament organization,19_GO:0050789 regulation of biological process,-5.3,2.6,5.4,21160,286,758,27,3.6,0.67,11465|12632|13169|17886|17926|18708|18709|18754|19062|20194|20356|20410|20740|20742|27360|30948|66616|72042|76441|76709|99889|101497|102774|110380|208177|213556|234094,Actg1|Cfl2|Dbnl|Myh9|Myoc|Pik3r1|Pik3r2|Prkce|Inpp5k|S100a10|Sema5a|Sorbs3|Sptan1|Sptbn1|Add3|Bin1|Snx9|Cotl1|Daam2|Arpc2|Arfip1|Plekhg2|Bbs4|Shroom2|Phldb2|Plekhh2|Arhgef10,-2.1,hits
WikiPathways,27,WP2841,Focal adhesion PI3K Akt mTOR signaling pathway,,-5.3,2.5,5.3,21160,322,758,29,3.8,0.7,12015|12576|13639|13819|14182|14701|15461|15516|16000|16779|18596|18708|18709|19053|19211|20525|20869|21827|21828|22241|23928|53417|66066|67605|75669|213119|226849|240752|384783,Bad|Cdkn1b|Efna4|Epas1|Fgfr1|Gng12|Hras|Hsp90ab1|Igf1|Lamb2|Pdgfrb|Pik3r1|Pik3r2|Ppp2cb|Pten|Slc2a1|Stk11|Thbs3|Thbs4|Ulk1|Lamc3|Hif3a|Gng11|Akt1s1|Pik3r4|Itga10|Ppp2r5a|Pik3c2b|Irs2,-2.1,hits
Reactome Gene Sets,6,R-MMU-8953897,Cellular responses to stimuli,,-5.2,2.1,5,21160,543,758,41,5.4,0.82,11966|12306|12567|12576|13627|13666|13819|13875|14697|14701|15270|15516|17684|17978|19175|19386|20463|20655|20657|22059|22142|22143|26419|27354|53417|53598|56371|64384|66066|66403|67605|68024|70247|76650|77891|84682|112407|216805|216850|227613|333182,Atp6v1b2|Anxa2|Cdk4|Cdkn1b|Eef1a1|Eif2ak3|Epas1|Erf|Gnb5|Gng12|H2ax|Hsp90ab1|Cited2|Ncoa2|Psmb6|Ranbp2|Cox7a2l|Sod1|Sod3|Trp53|Tuba1a|Tuba1b|Mapk8|Nbn|Hif3a|Dctn3|Fzr1|Sirt3|Gng11|Asf1a|Akt1s1|H2bc4|Psmd1|Srxn1|Ube2s|Cox4i2|Egln3|Flcn|Kdm6b|Tubb4b|Cox6b2,-2,hits
GO Biological Processes,19,GO:0010638,positive regulation of organelle organization,19_GO:0048518 positive regulation of biological process,-5.2,2.1,5,21160,545,758,41,5.4,0.82,12015|12306|12461|12464|12576|12632|13494|16000|16600|17281|17926|18596|18754|18846|20194|20356|20410|22059|22241|22632|26419|27354|27360|30948|56430|66616|69714|69807|74143|76123|76709|102774|114874|225523|230872|231225|232944|234094|234776|245474|387524,Bad|Anxa2|Cct2|Cct4|Cdkn1b|Cfl2|Drg1|Igf1|Klf4|Fyco1|Myoc|Pdgfrb|Prkce|Plxna3|S100a10|Sema5a|Sorbs3|Trp53|Ulk1|Yy1|Mapk8|Nbn|Add3|Bin1|Clip1|Snx9|Tfpt|Trim32|Opa1|Gpsm2|Arpc2|Bbs4|Ddhd1|Cep120|Crocc|Tapt1|Mark4|Arhgef10|Atmin|Dkc1|Znrf2,-2,hits
GO Biological Processes,19,GO:0120039,plasma membrane bounded cell projection morphogenesis,19_GO:0032502 developmental process,-5.1,2.1,5,21160,565,758,42,5.5,0.83,11465|13169|13639|13823|13844|13845|15229|16202|16779|16911|18032|18208|18227|18846|19091|19211|20315|20348|20356|20869|20910|21828|22142|22241|22359|23928|26419|27965|66225|67220|68810|70827|71436|75770|77480|108902|228357|233489|239250|244152|330177|399558,Actg1|Dbnl|Efna4|Epb41l3|Ephb2|Ephb3|Foxd1|Ilk|Lamb2|Lmo4|Nfix|Ntn1|Nr4a2|Plxna3|Prkg1|Pten|Cxcl12|Sema3c|Sema5a|Stk11|Stxbp1|Thbs4|Tuba1a|Ulk1|Vldlr|Lamc3|Mapk8|Spg21|Llph|Plekho1|Nexn|Trak2|Flrt3|Brsk2|Kidins220|B4gat1|Lrp4|Picalm|Slitrk6|Tsku|Taok3|Flrt2,-2,hits
GO Biological Processes,19,GO:0032970,regulation of actin filament-based process,19_GO:0050789 regulation of biological process,-5,2.3,5,21160,421,758,34,4.5,0.75,11465|12632|13169|14726|15182|15461|16202|17886|17926|18484|18596|18708|18709|18754|19062|20194|20356|20410|20740|20742|21803|27360|30948|66616|72042|76441|76709|99889|101497|102774|110380|208177|213556|234094,Actg1|Cfl2|Dbnl|Pdpn|Hdac2|Hras|Ilk|Myh9|Myoc|Pam|Pdgfrb|Pik3r1|Pik3r2|Prkce|Inpp5k|S100a10|Sema5a|Sorbs3|Sptan1|Sptbn1|Tgfb1|Add3|Bin1|Snx9|Cotl1|Daam2|Arpc2|Arfip1|Plekhg2|Bbs4|Shroom2|Phldb2|Plekhh2|Arhgef10,-2,hits
GO Biological Processes,19,GO:0001944,vasculature development,19_GO:0032502 developmental process,-5,2,4.8,21160,633,758,45,5.9,0.86,11465|11607|12306|12562|13666|13805|13809|13819|13844|13845|14182|14595|14645|14726|15213|15446|16000|16449|17286|17684|17886|18081|18596|18763|18799|19211|20315|20348|20356|20397|20869|20928|21803|21810|53417|57875|59308|66515|67122|67836|81702|226841|234366|268977|320736,Actg1|Agtr1a|Anxa2|Cdh5|Eif2ak3|Eng|Enpep|Epas1|Ephb2|Ephb3|Fgfr1|B4galt1|Glul|Pdpn|Hey1|Hpgd|Igf1|Jag1|Meox2|Cited2|Myh9|Ninj1|Pdgfrb|Pkd1|Plcd1|Pten|Cxcl12|Sema3c|Sema5a|Sgpl1|Stk11|Abcc9|Tgfb1|Tgfbi|Hif3a|Angptl4|Emcn|Cul7|Nrarp|Wdr83|Ankrd17|Vash2|Gatad2a|Ltbp1|Vstm4,-2,hits
GO Biological Processes,19,GO:0048858,cell projection morphogenesis,19_GO:0032502 developmental process,-5,2,4.9,21160,575,758,42,5.5,0.83,11465|13169|13639|13823|13844|13845|15229|16202|16779|16911|18032|18208|18227|18846|19091|19211|20315|20348|20356|20869|20910|21828|22142|22241|22359|23928|26419|27965|66225|67220|68810|70827|71436|75770|77480|108902|228357|233489|239250|244152|330177|399558,Actg1|Dbnl|Efna4|Epb41l3|Ephb2|Ephb3|Foxd1|Ilk|Lamb2|Lmo4|Nfix|Ntn1|Nr4a2|Plxna3|Prkg1|Pten|Cxcl12|Sema3c|Sema5a|Stk11|Stxbp1|Thbs4|Tuba1a|Ulk1|Vldlr|Lamc3|Mapk8|Spg21|Llph|Plekho1|Nexn|Trak2|Flrt3|Brsk2|Kidins220|B4gat1|Lrp4|Picalm|Slitrk6|Tsku|Taok3|Flrt2,-2,hits
Reactome Gene Sets,6,R-MMU-2262752,Cellular responses to stress,,-4.9,2.2,4.9,21160,480,758,37,4.9,0.78,11966|12567|12576|13627|13666|13819|13875|15270|15516|17684|17978|19175|19386|20463|20655|20657|22059|22142|22143|26419|27354|53417|53598|56371|64384|66403|67605|68024|70247|76650|77891|84682|112407|216805|216850|227613|333182,Atp6v1b2|Cdk4|Cdkn1b|Eef1a1|Eif2ak3|Epas1|Erf|H2ax|Hsp90ab1|Cited2|Ncoa2|Psmb6|Ranbp2|Cox7a2l|Sod1|Sod3|Trp53|Tuba1a|Tuba1b|Mapk8|Nbn|Hif3a|Dctn3|Fzr1|Sirt3|Asf1a|Akt1s1|H2bc4|Psmd1|Srxn1|Ube2s|Cox4i2|Egln3|Flcn|Kdm6b|Tubb4b|Cox6b2,-2,hits
Reactome Gene Sets,6,R-MMU-9012999,RHO GTPase cycle,,-4.9,2.3,5,21160,388,758,32,4.2,0.73,11465|11671|12461|15516|16443|16449|18708|18709|20619|20742|21873|22143|27360|56389|59009|64652|69668|77480|94190|101497|106628|170791|192662|213498|219140|227937|233489|234094|238505|242202|319899|330177,Actg1|Aldh3a2|Cct2|Hsp90ab1|Itsn1|Jag1|Pik3r1|Pik3r2|Snap23|Sptbn1|Tjp2|Tuba1b|Add3|Stx5a|Sh3rf1|Nisch|Ccdc115|Kidins220|Ophn1|Plekhg2|Trip10|Rbm39|Arhgdia|Arhgef11|Spata13|Pkp4|Picalm|Arhgef10|Mtr|Pde5a|Dock6|Taok3,-2,hits
Reactome Gene Sets,6,R-MMU-190236,Signaling by FGFR,,-4.9,4.5,5.9,21160,74,758,12,1.6,0.45,14182|15461|17346|18708|19053|20020|20021|66420|71436|231329|245841|399558,Fgfr1|Hras|Mknk1|Pik3r1|Ppp2cb|Polr2a|Polr2c|Polr2e|Flrt3|Polr2b|Polr2h|Flrt2,-2,hits
GO Biological Processes,19,GO:0048812,neuron projection morphogenesis,19_GO:0032502 developmental process,-4.9,2,4.8,21160,559,758,41,5.4,0.82,11465|13169|13639|13823|13844|13845|15229|16202|16779|16911|18032|18208|18227|18846|19091|19211|20315|20348|20356|20869|20910|21828|22142|22241|22359|23928|26419|27965|66225|68810|70827|71436|75770|77480|108902|228357|233489|239250|244152|330177|399558,Actg1|Dbnl|Efna4|Epb41l3|Ephb2|Ephb3|Foxd1|Ilk|Lamb2|Lmo4|Nfix|Ntn1|Nr4a2|Plxna3|Prkg1|Pten|Cxcl12|Sema3c|Sema5a|Stk11|Stxbp1|Thbs4|Tuba1a|Ulk1|Vldlr|Lamc3|Mapk8|Spg21|Llph|Nexn|Trak2|Flrt3|Brsk2|Kidins220|B4gat1|Lrp4|Picalm|Slitrk6|Tsku|Taok3|Flrt2,-2,hits
GO Biological Processes,19,GO:0001822,kidney development,19_GO:0032502 developmental process,-4.8,2.3,4.9,21160,359,758,30,4,0.71,11607|12161|12505|13003|13809|14182|14561|15213|15229|15446|16202|16372|16449|16779|18596|18763|19126|20397|21803|60595|72135|74055|74533|75691|83396|216274|216805|228357|246221|269152,Agtr1a|Bmp6|Cd44|Vcan|Enpep|Fgfr1|Gdf11|Hey1|Foxd1|Hpgd|Ilk|Irx2|Jag1|Lamb2|Pdgfrb|Pkd1|Prom1|Sgpl1|Tgfb1|Actn4|Pygo1|Plce1|Gzf1|Anks6|Glis2|Cep290|Flcn|Lrp4|Mpst|Kif26b,-1.9,hits
GO Biological Processes,19,GO:0050767,regulation of neurogenesis,19_GO:0032502 developmental process,-4.7,2.1,4.8,21160,473,758,36,4.7,0.77,12010|12306|12724|13169|13844|14567|15182|15213|16000|16202|17344|18208|18846|19211|19280|20194|20315|20356|20869|20893|21803|21817|22059|22241|26419|30948|56708|56710|66515|69807|70827|74143|76441|77125|228357|233489,B2m|Anxa2|Clcn2|Dbnl|Ephb2|Gdi1|Hdac2|Hey1|Igf1|Ilk|Pias2|Ntn1|Plxna3|Pten|Ptprs|S100a10|Cxcl12|Sema5a|Stk11|Bhlhe40|Tgfb1|Tgm2|Trp53|Ulk1|Mapk8|Bin1|Clcf1|Brinp1|Cul7|Trim32|Trak2|Opa1|Daam2|Il33|Lrp4|Picalm,-1.8,hits
GO Biological Processes,19,GO:0001568,blood vessel development,19_GO:0032502 developmental process,-4.6,2,4.7,21160,593,758,42,5.5,0.83,11465|11607|12306|12562|13666|13805|13809|13819|13844|13845|14182|14595|14645|15213|15446|16449|17286|17684|17886|18081|18596|18763|18799|19211|20315|20348|20356|20397|20928|21803|21810|53417|57875|59308|66515|67122|67836|81702|226841|234366|268977|320736,Actg1|Agtr1a|Anxa2|Cdh5|Eif2ak3|Eng|Enpep|Epas1|Ephb2|Ephb3|Fgfr1|B4galt1|Glul|Hey1|Hpgd|Jag1|Meox2|Cited2|Myh9|Ninj1|Pdgfrb|Pkd1|Plcd1|Pten|Cxcl12|Sema3c|Sema5a|Sgpl1|Abcc9|Tgfb1|Tgfbi|Hif3a|Angptl4|Emcn|Cul7|Nrarp|Wdr83|Ankrd17|Vash2|Gatad2a|Ltbp1|Vstm4,-1.8,hits
GO Biological Processes,19,GO:0090066,regulation of anatomical structure size,19_GO:0065007 biological regulation,-4.6,2,4.6,21160,594,758,42,5.5,0.83,11607|12567|12632|13169|14567|15516|16202|17540|18208|18709|18754|18846|19091|19211|19280|20315|20356|20655|20657|20740|20742|20928|22241|27360|30948|60596|66616|67605|72042|75620|76441|76709|101497|102774|110380|213556|214063|233489|240672|242202|271457|320736,Agtr1a|Cdk4|Cfl2|Dbnl|Gdi1|Hsp90ab1|Ilk|Irag1|Ntn1|Pik3r2|Prkce|Plxna3|Prkg1|Pten|Ptprs|Cxcl12|Sema5a|Sod1|Sod3|Sptan1|Sptbn1|Abcc9|Ulk1|Add3|Bin1|Gucy1a1|Snx9|Akt1s1|Cotl1|Kxd1|Daam2|Arpc2|Plekhg2|Bbs4|Shroom2|Plekhh2|Dnajc16|Picalm|Dusp5|Pde5a|Rab5a|Vstm4,-1.8,hits
KEGG Pathway,24,mmu04919,Thyroid hormone signaling pathway - Mus musculus (house mouse),,-4.6,3.5,5.3,21160,120,758,15,2,0.51,11465|12015|15182|15461|17978|18708|18709|18799|20182|20525|22059|53901|56421|68975|74055,Actg1|Bad|Hdac2|Hras|Ncoa2|Pik3r1|Pik3r2|Plcd1|Rxrb|Slc2a1|Trp53|Rcan2|Pfkp|Med27|Plce1,-1.8,hits
GO Biological Processes,19,GO:0061136,regulation of proteasomal protein catabolic process,19_GO:0050789 regulation of biological process,-4.5,2.8,5,21160,197,758,20,2.6,0.58,12328|13666|14694|15516|18763|19186|19188|19358|20620|24086|26419|28075|56371|59009|66498|68077|77125|94190|229317|414872,Caml|Eif2ak3|Rack1|Hsp90ab1|Pkd1|Psme1|Psme2|Rad23a|Plk2|Tlk2|Mapk8|Desi1|Fzr1|Sh3rf1|Dda1|Nop53|Il33|Ophn1|Eif2a|Zyg11b,-1.8,hits
GO Biological Processes,19,GO:0120035,regulation of plasma membrane bounded cell projection organization,19_GO:0050789 regulation of biological process,-4.5,1.8,4.5,21160,782,758,51,6.7,0.91,12010|12505|13169|13844|13845|13865|14182|14299|14567|14726|15182|15461|16202|16600|17344|18208|18708|18846|19211|19280|20315|20356|20869|22241|22359|24047|56392|56401|56430|66515|69807|70314|70827|74055|74143|75770|76441|76709|77480|83814|102774|225523|228357|230872|231225|231580|232944|233489|234776|244152|271457,B2m|Cd44|Dbnl|Ephb2|Ephb3|Nr2f1|Fgfr1|Ncs1|Gdi1|Pdpn|Hdac2|Hras|Ilk|Klf4|Pias2|Ntn1|Pik3r1|Plxna3|Pten|Ptprs|Cxcl12|Sema5a|Stk11|Ulk1|Vldlr|Ccl19|Shoc2|P3h1|Clip1|Cul7|Trim32|Rabep2|Trak2|Plce1|Opa1|Brsk2|Daam2|Arpc2|Kidins220|Nedd4l|Bbs4|Cep120|Lrp4|Crocc|Tapt1|Gak|Mark4|Picalm|Atmin|Tsku|Rab5a,-1.8,hits
GO Biological Processes,19,GO:0044089,positive regulation of cellular component biogenesis,19_GO:0048518 positive regulation of biological process,-4.5,2,4.6,21160,560,758,40,5.3,0.81,12562|12576|13494|13844|13845|14694|15461|17886|17926|18708|18754|20194|20410|21803|22059|22241|24047|26419|30948|56430|58799|64085|66616|69807|71436|74055|76123|76709|102774|110829|208177|208643|225523|230872|231225|232944|234094|234776|239250|399558,Cdh5|Cdkn1b|Drg1|Ephb2|Ephb3|Rack1|Hras|Myh9|Myoc|Pik3r1|Prkce|S100a10|Sorbs3|Tgfb1|Trp53|Ulk1|Ccl19|Mapk8|Bin1|Clip1|Crbn|Clstn2|Snx9|Trim32|Flrt3|Plce1|Gpsm2|Arpc2|Bbs4|Lims1|Phldb2|Eif4g1|Cep120|Crocc|Tapt1|Mark4|Arhgef10|Atmin|Slitrk6|Flrt2,-1.8,hits
GO Biological Processes,19,GO:0007264,small GTPase-mediated signal transduction,19_GO:0050896 response to stimulus,-4.5,2.6,4.9,21160,247,758,23,3,0.62,11607|13169|14567|14726|15461|16443|16706|18032|18208|20620|22059|22241|54366|64652|69159|74055|78255|105445|140580|192662|192786|213498|319899,Agtr1a|Dbnl|Gdi1|Pdpn|Hras|Itsn1|Ksr1|Nfix|Ntn1|Plk2|Trp53|Ulk1|Ctnnal1|Nisch|Rhebl1|Plce1|Ralgps2|Dock9|Elmo1|Arhgdia|Rapgef6|Arhgef11|Dock6,-1.8,hits
KEGG Pathway,24,mmu05230,Central carbon metabolism in cancer - Mus musculus (house mouse),,-4.5,4.5,5.5,21160,69,758,11,1.5,0.43,14182|15277|15461|18596|18708|18709|19211|20525|22059|56421|64384,Fgfr1|Hk2|Hras|Pdgfrb|Pik3r1|Pik3r2|Pten|Slc2a1|Trp53|Pfkp|Sirt3,-1.8,hits
KEGG Pathway,24,mmu04140,Autophagy - animal - Mus musculus (house mouse),,-4.5,3,5,21160,167,758,18,2.4,0.55,12015|13666|15461|16783|18708|18709|19053|19211|20869|22241|26419|57436|67605|75669|75909|77040|235040|384783,Bad|Eif2ak3|Hras|Lamp1|Pik3r1|Pik3r2|Ppp2cb|Pten|Stk11|Ulk1|Mapk8|Gabarapl1|Akt1s1|Pik3r4|Vmp1|Atg16l1|Atg4d|Irs2,-1.8,hits
GO Biological Processes,19,GO:0032535,regulation of cellular component size,19_GO:0065007 biological regulation,-4.5,2.2,4.7,21160,409,758,32,4.2,0.73,12567|12632|13169|14567|15516|16202|18208|18709|18754|18846|19211|19280|20315|20356|20740|20742|22241|27360|30948|66616|67605|72042|75620|76441|76709|101497|102774|110380|213556|214063|233489|271457,Cdk4|Cfl2|Dbnl|Gdi1|Hsp90ab1|Ilk|Ntn1|Pik3r2|Prkce|Plxna3|Pten|Ptprs|Cxcl12|Sema5a|Sptan1|Sptbn1|Ulk1|Add3|Bin1|Snx9|Akt1s1|Cotl1|Kxd1|Daam2|Arpc2|Plekhg2|Bbs4|Shroom2|Plekhh2|Dnajc16|Picalm|Rab5a,-1.8,hits
Reactome Gene Sets,6,R-MMU-8939211,ESR-mediated signaling,,-4.4,3.1,5,21160,153,758,17,2.2,0.54,12400|12576|14697|14701|15461|15516|17978|18708|18709|20020|20021|66066|66420|68024|83602|231329|245841,Cbfb|Cdkn1b|Gnb5|Gng12|Hras|Hsp90ab1|Ncoa2|Pik3r1|Pik3r2|Polr2a|Polr2c|Gng11|Polr2e|H2bc4|Gtf2a1|Polr2b|Polr2h,-1.8,hits
GO Biological Processes,19,GO:0072001,renal system development,19_GO:0032502 developmental process,-4.4,2.2,4.7,21160,374,758,30,4,0.71,11607|12161|12505|13003|13809|14182|14561|15213|15229|15446|16202|16372|16449|16779|18596|18763|19126|20397|21803|60595|72135|74055|74533|75691|83396|216274|216805|228357|246221|269152,Agtr1a|Bmp6|Cd44|Vcan|Enpep|Fgfr1|Gdf11|Hey1|Foxd1|Hpgd|Ilk|Irx2|Jag1|Lamb2|Pdgfrb|Pkd1|Prom1|Sgpl1|Tgfb1|Actn4|Pygo1|Plce1|Gzf1|Anks6|Glis2|Cep290|Flcn|Lrp4|Mpst|Kif26b,-1.8,hits
GO Biological Processes,19,GO:0009896,positive regulation of catabolic process,19_GO:0048518 positive regulation of biological process,-4.4,2,4.5,21160,546,758,39,5.1,0.8,12576|12894|13194|13666|14694|15277|16000|16549|17281|18555|18754|19211|19358|20620|20773|20869|22241|26419|56371|56389|59009|66498|66616|67269|68077|69807|72287|74203|77040|77125|83814|93679|210992|216805|225929|229317|260302|384783|414872,Cdkn1b|Cpt1a|Ddb1|Eif2ak3|Rack1|Hk2|Igf1|Khsrp|Fyco1|Cdk16|Prkce|Pten|Rad23a|Plk2|Sptlc2|Stk11|Ulk1|Mapk8|Fzr1|Stx5a|Sh3rf1|Dda1|Snx9|Agtpbp1|Nop53|Trim32|Plekhf1|Eif4enif1|Atg16l1|Il33|Nedd4l|Trim8|Lpcat1|Flcn|Patl1|Eif2a|Gga3|Irs2|Zyg11b,-1.8,hits
GO Biological Processes,19,GO:0061024,membrane organization,19_GO:0009987 cellular process,-4.4,1.8,4.4,21160,748,758,49,6.5,0.89,11982|12015|12306|12328|12527|12724|13400|13823|13844|15277|16202|17886|17926|18810|19153|19211|20194|20334|20619|20655|20742|20910|22059|22317|30948|52538|53413|54208|56389|56430|66098|66616|66821|67181|68099|68385|71678|74143|75909|76614|77053|77371|140580|223697|228357|233489|235527|328370|387524,Atp10a|Bad|Anxa2|Caml|Cd9|Clcn2|Dmpk|Epb41l3|Ephb2|Hk2|Ilk|Myh9|Myoc|Plec|Prx|Pten|S100a10|Sec23a|Snap23|Sod1|Sptbn1|Stxbp1|Trp53|Vamp1|Bin1|Acaa2|Exoc7|Arl6ip1|Stx5a|Clip1|Chchd6|Snx9|Bcs1l|Ctdnep1|Cibar1|Tlcd1|Brox|Opa1|Vmp1|Immt|Sun1|Sec24a|Elmo1|Sun2|Lrp4|Picalm|Plscr4|Rft1|Znrf2,-1.8,hits
GO Biological Processes,19,GO:1903050,regulation of proteolysis involved in protein catabolic process,19_GO:0050789 regulation of biological process,-4.4,2.6,4.8,21160,234,758,22,2.9,0.61,12328|13666|14694|15516|18763|19186|19188|19211|19358|20620|24086|26419|28075|56371|59009|66498|67269|68077|77125|94190|229317|414872,Caml|Eif2ak3|Rack1|Hsp90ab1|Pkd1|Psme1|Psme2|Pten|Rad23a|Plk2|Tlk2|Mapk8|Desi1|Fzr1|Sh3rf1|Dda1|Agtpbp1|Nop53|Il33|Ophn1|Eif2a|Zyg11b,-1.8,hits
GO Biological Processes,19,GO:0048880,sensory system development,19_GO:0032502 developmental process,-4.4,2.1,4.6,21160,470,758,35,4.6,0.76,12161|12724|13844|14561|15182|16449|16600|16779|17132|17150|17684|18032|18081|18185|18596|19126|19893|21803|22241|22632|23928|24013|50530|56371|67269|71997|77593|102774|105278|110380|210992|216274|239250|244152|320736,Bmp6|Clcn2|Ephb2|Gdf11|Hdac2|Jag1|Klf4|Lamb2|Maf|Mfap2|Cited2|Nfix|Ninj1|Nrl|Pdgfrb|Prom1|Rpgr|Tgfb1|Ulk1|Yy1|Lamc3|Grk1|Mfap5|Fzr1|Agtpbp1|Smg9|Usp45|Bbs4|Cdk20|Shroom2|Lpcat1|Cep290|Slitrk6|Tsku|Vstm4,-1.8,hits
GO Biological Processes,19,GO:0048667,cell morphogenesis involved in neuron differentiation,19_GO:0032502 developmental process,-4.4,2,4.5,21160,509,758,37,4.9,0.78,11465|13639|13844|13845|15229|16779|16911|18032|18208|18227|18846|19091|19211|20315|20348|20356|20655|20869|20910|22241|22359|23928|24013|26419|27965|68810|70827|71436|75770|77480|94190|108902|228357|233489|239250|244152|399558,Actg1|Efna4|Ephb2|Ephb3|Foxd1|Lamb2|Lmo4|Nfix|Ntn1|Nr4a2|Plxna3|Prkg1|Pten|Cxcl12|Sema3c|Sema5a|Sod1|Stk11|Stxbp1|Ulk1|Vldlr|Lamc3|Grk1|Mapk8|Spg21|Nexn|Trak2|Flrt3|Brsk2|Kidins220|Ophn1|B4gat1|Lrp4|Picalm|Slitrk6|Tsku|Flrt2,-1.8,hits
GO Biological Processes,19,GO:0050771,negative regulation of axonogenesis,19_GO:0048519 negative regulation of biological process,-4.4,4.7,5.5,21160,59,758,10,1.3,0.41,13844|14567|18208|18846|19211|19280|20356|22241|70827|228357,Ephb2|Gdi1|Ntn1|Plxna3|Pten|Ptprs|Sema5a|Ulk1|Trak2|Lrp4,-1.7,hits
GO Biological Processes,19,GO:0031344,regulation of cell projection organization,19_GO:0050789 regulation of biological process,-4.3,1.8,4.4,21160,798,758,51,6.7,0.91,12010|12505|13169|13844|13845|13865|14182|14299|14567|14726|15182|15461|16202|16600|17344|18208|18708|18846|19211|19280|20315|20356|20869|22241|22359|24047|56392|56401|56430|66515|69807|70314|70827|74055|74143|75770|76441|76709|77480|83814|102774|225523|228357|230872|231225|231580|232944|233489|234776|244152|271457,B2m|Cd44|Dbnl|Ephb2|Ephb3|Nr2f1|Fgfr1|Ncs1|Gdi1|Pdpn|Hdac2|Hras|Ilk|Klf4|Pias2|Ntn1|Pik3r1|Plxna3|Pten|Ptprs|Cxcl12|Sema5a|Stk11|Ulk1|Vldlr|Ccl19|Shoc2|P3h1|Clip1|Cul7|Trim32|Rabep2|Trak2|Plce1|Opa1|Brsk2|Daam2|Arpc2|Kidins220|Nedd4l|Bbs4|Cep120|Lrp4|Crocc|Tapt1|Gak|Mark4|Picalm|Atmin|Tsku|Rab5a,-1.7,hits
GO Biological Processes,19,GO:0060087,relaxation of vascular associated smooth muscle,19_GO:0048519 negative regulation of biological process,-4.3,16,7.6,21160,7,758,4,0.53,0.26,17540|19091|20655|60596,Irag1|Prkg1|Sod1|Gucy1a1,-1.7,hits
GO Biological Processes,19,GO:0045732,positive regulation of protein catabolic process,19_GO:0048518 positive regulation of biological process,-4.3,2.7,4.8,21160,206,758,20,2.6,0.58,12576|13194|13666|14694|19358|20620|26419|56371|56389|59009|66498|66616|68077|69807|77125|83814|210992|229317|260302|414872,Cdkn1b|Ddb1|Eif2ak3|Rack1|Rad23a|Plk2|Mapk8|Fzr1|Stx5a|Sh3rf1|Dda1|Snx9|Nop53|Trim32|Il33|Nedd4l|Lpcat1|Eif2a|Gga3|Zyg11b,-1.7,hits
GO Biological Processes,19,GO:0007167,enzyme-linked receptor protein signaling pathway,19_GO:0050896 response to stimulus,-4.3,1.9,4.4,21160,636,758,43,5.7,0.84,12161|12328|12562|13639|13666|13805|13844|13845|14182|14561|15446|15461|16000|17684|17926|18596|18708|18709|19211|19663|20397|20411|20851|21803|22059|22612|23938|26419|27965|54721|56338|67605|71436|74055|78388|108075|213053|216805|228357|268977|268996|384783|399558,Bmp6|Caml|Cdh5|Efna4|Eif2ak3|Eng|Ephb2|Ephb3|Fgfr1|Gdf11|Hpgd|Hras|Igf1|Cited2|Myoc|Pdgfrb|Pik3r1|Pik3r2|Pten|Rbpms|Sgpl1|Sorbs1|Stat5b|Tgfb1|Trp53|Yes1|Map2k5|Mapk8|Spg21|Tyk2|Txnip|Akt1s1|Flrt3|Plce1|Mvp|Ltbp4|Slc39a14|Flcn|Lrp4|Ltbp1|Ss18|Irs2|Flrt2,-1.7,hits
Reactome Gene Sets,6,R-MMU-3700989,Transcriptional Regulation by TP53,,-4.2,2.4,4.6,21160,275,758,24,3.2,0.64,12576|12905|14751|15182|19053|20020|20021|20463|20620|20869|22059|23894|26992|27354|56187|66420|67956|84682|216848|231329|234366|245841|268936|333182,Cdkn1b|Cradd|Gpi1|Hdac2|Ppp2cb|Polr2a|Polr2c|Cox7a2l|Plk2|Stk11|Trp53|Gtf2h2|Brd7|Nbn|Rabggta|Polr2e|Kmt5a|Cox4i2|Chd3|Polr2b|Gatad2a|Polr2h|Brpf3|Cox6b2,-1.7,hits
GO Biological Processes,19,GO:0034504,protein localization to nucleus,19_GO:0051179 localization,-4.2,2.7,4.7,21160,207,758,20,2.6,0.58,18708|19386|20869|22059|56338|67181|68077|71983|72135|74203|75751|77053|77125|102774|106021|110750|110809|223697|235320|238799,Pik3r1|Ranbp2|Stk11|Trp53|Txnip|Ctdnep1|Nop53|Tmco6|Pygo1|Eif4enif1|Ipo4|Sun1|Il33|Bbs4|Topors|Cse1l|Srsf1|Sun2|Zbtb16|Tnpo1,-1.7,hits
GO Biological Processes,19,GO:0001654,eye development,19_GO:0032502 developmental process,-4.2,2.1,4.4,21160,460,758,34,4.5,0.75,12161|12724|13844|14561|15182|16449|16600|16779|17132|17150|17684|18032|18081|18185|18596|19126|19893|21803|22632|23928|24013|50530|56371|67269|71997|77593|102774|105278|110380|210992|216274|239250|244152|320736,Bmp6|Clcn2|Ephb2|Gdf11|Hdac2|Jag1|Klf4|Lamb2|Maf|Mfap2|Cited2|Nfix|Ninj1|Nrl|Pdgfrb|Prom1|Rpgr|Tgfb1|Yy1|Lamc3|Grk1|Mfap5|Fzr1|Agtpbp1|Smg9|Usp45|Bbs4|Cdk20|Shroom2|Lpcat1|Cep290|Slitrk6|Tsku|Vstm4,-1.7,hits
KEGG Pathway,24,mmu04933,AGE-RAGE signaling pathway in diabetic complications - Mus musculus (house mouse),,-4.2,3.6,5,21160,101,758,13,1.7,0.47,11607|12567|12576|15461|18708|18709|18754|18799|20851|21803|21824|26419|74055,Agtr1a|Cdk4|Cdkn1b|Hras|Pik3r1|Pik3r2|Prkce|Plcd1|Stat5b|Tgfb1|Thbd|Mapk8|Plce1,-1.6,hits
GO Biological Processes,19,GO:0150063,visual system development,19_GO:0032502 developmental process,-4.2,2,4.4,21160,463,758,34,4.5,0.75,12161|12724|13844|14561|15182|16449|16600|16779|17132|17150|17684|18032|18081|18185|18596|19126|19893|21803|22632|23928|24013|50530|56371|67269|71997|77593|102774|105278|110380|210992|216274|239250|244152|320736,Bmp6|Clcn2|Ephb2|Gdf11|Hdac2|Jag1|Klf4|Lamb2|Maf|Mfap2|Cited2|Nfix|Ninj1|Nrl|Pdgfrb|Prom1|Rpgr|Tgfb1|Yy1|Lamc3|Grk1|Mfap5|Fzr1|Agtpbp1|Smg9|Usp45|Bbs4|Cdk20|Shroom2|Lpcat1|Cep290|Slitrk6|Tsku|Vstm4,-1.6,hits
WikiPathways,27,WP567,Eukaryotic transcription initiation,,-4.1,5.4,5.5,21160,41,758,8,1.1,0.37,16202|20020|20021|23894|66420|67005|231329|245841,Ilk|Polr2a|Polr2c|Gtf2h2|Polr2e|Polr3k|Polr2b|Polr2h,-1.5,hits
GO Biological Processes,19,GO:0061484,hematopoietic stem cell homeostasis,19_GO:0042592 homeostatic process,-4,6.3,5.7,21160,31,758,7,0.92,0.35,18952|59308|71591|78248|83396|83691|231670,Septin4|Emcn|Zfp251|Armcx1|Glis2|Crispld1|Fbxo21,-1.5,hits
GO Biological Processes,19,GO:0044557,relaxation of smooth muscle,19_GO:0032501 multicellular organismal process,-4,14,7.1,21160,8,758,4,0.53,0.26,17540|19091|20655|60596,Irag1|Prkg1|Sod1|Gucy1a1,-1.5,hits
GO Biological Processes,19,GO:0070201,regulation of establishment of protein localization,19_GO:0051179 localization,-4,1.8,4.2,21160,635,758,42,5.5,0.83,12015|12461|12464|12894|14567|14645|14694|15461|15516|16000|17886|18555|18708|18709|18754|18769|19062|19134|20866|21803|22228|50790|52055|56401|59090|64384|66691|70297|74551|75770|76273|76709|77371|99889|170756|216274|225523|228355|233489|245474|268373|384783,Bad|Cct2|Cct4|Cpt1a|Gdi1|Glul|Rack1|Hras|Hsp90ab1|Igf1|Myh9|Cdk16|Pik3r1|Pik3r2|Prkce|Pkig|Inpp5k|Prpf4b|Stim1|Tgfb1|Ucp2|Acsl4|Rab11fip5|P3h1|Midn|Sirt3|Gapvd1|Gcc2|Pck2|Brsk2|Ndfip2|Arpc2|Sec24a|Arfip1|Slc8b1|Cep290|Cep120|Madd|Picalm|Dkc1|Ppia|Irs2,-1.5,hits
KEGG Pathway,24,mmu05132,Salmonella infection - Mus musculus (house mouse),,-3.9,2.4,4.4,21160,252,758,22,2.9,0.61,11465|12306|15461|15516|17281|20194|22142|22143|26419|53413|53598|66395|66616|70297|76709|98932|110750|140580|227613|240752|266632|271457,Actg1|Anxa2|Hras|Hsp90ab1|Fyco1|S100a10|Tuba1a|Tuba1b|Mapk8|Exoc7|Dctn3|Ahnak|Snx9|Gcc2|Arpc2|Myl9|Cse1l|Elmo1|Tubb4b|Pik3c2b|Irak4|Rab5a,-1.5,hits
Reactome Gene Sets,6,R-MMU-112382,Formation of RNA Pol II elongation complex,,-3.9,4.7,5.2,21160,54,758,9,1.2,0.39,20020|20021|23894|66420|73473|93736|214498|231329|245841,Polr2a|Polr2c|Gtf2h2|Polr2e|Iws1|Aff4|Cdc73|Polr2b|Polr2h,-1.5,hits
Reactome Gene Sets,6,R-MMU-75955,RNA Polymerase II Transcription Elongation,,-3.9,4.7,5.2,21160,54,758,9,1.2,0.39,20020|20021|23894|66420|73473|93736|214498|231329|245841,Polr2a|Polr2c|Gtf2h2|Polr2e|Iws1|Aff4|Cdc73|Polr2b|Polr2h,-1.5,hits
GO Biological Processes,19,GO:0008064,regulation of actin polymerization or depolymerization,19_GO:0050789 regulation of biological process,-3.9,2.8,4.6,21160,168,758,17,2.2,0.54,12632|13169|18709|18754|20356|20740|20742|27360|30948|66616|72042|76441|76709|101497|102774|110380|213556,Cfl2|Dbnl|Pik3r2|Prkce|Sema5a|Sptan1|Sptbn1|Add3|Bin1|Snx9|Cotl1|Daam2|Arpc2|Plekhg2|Bbs4|Shroom2|Plekhh2,-1.5,hits
GO Biological Processes,19,GO:0001666,response to hypoxia,19_GO:0050896 response to stimulus,-3.9,2.2,4.3,21160,324,758,26,3.4,0.66,11670|12015|12576|12894|13805|13819|15277|17684|18227|18754|19211|20525|20657|20928|21803|22059|22228|22359|52538|53417|57875|66925|67836|68077|69573|112407,Aldh3a1|Bad|Cdkn1b|Cpt1a|Eng|Epas1|Hk2|Cited2|Nr4a2|Prkce|Pten|Slc2a1|Sod3|Abcc9|Tgfb1|Trp53|Ucp2|Vldlr|Acaa2|Hif3a|Angptl4|Sdhd|Wdr83|Nop53|Hilpda|Egln3,-1.5,hits
GO Biological Processes,19,GO:1903829,positive regulation of protein localization,19_GO:0051179 localization,-3.9,1.9,4.2,21160,556,758,38,5,0.79,12015|12461|12464|13666|13844|14645|14694|15461|15516|16000|17886|18708|18709|18754|19134|20411|20742|20866|20869|21803|50790|54721|64384|74551|76123|76709|77371|83396|93679|208643|216274|225523|228357|230872|232944|245474|268373|384783,Bad|Cct2|Cct4|Eif2ak3|Ephb2|Glul|Rack1|Hras|Hsp90ab1|Igf1|Myh9|Pik3r1|Pik3r2|Prkce|Prpf4b|Sorbs1|Sptbn1|Stim1|Stk11|Tgfb1|Acsl4|Tyk2|Sirt3|Pck2|Gpsm2|Arpc2|Sec24a|Glis2|Trim8|Eif4g1|Cep290|Cep120|Lrp4|Crocc|Mark4|Dkc1|Ppia|Irs2,-1.5,hits
Reactome Gene Sets,6,R-MMU-9006934,Signaling by Receptor Tyrosine Kinases,,-3.9,2.1,4.3,21160,400,758,30,4,0.71,11465|11966|12562|14182|15182|15461|16000|17346|18550|18596|18708|18709|18754|19053|20020|20021|20851|21827|21828|22612|66420|71436|75669|77480|140580|231329|245841|260302|384783|399558,Actg1|Atp6v1b2|Cdh5|Fgfr1|Hdac2|Hras|Igf1|Mknk1|Furin|Pdgfrb|Pik3r1|Pik3r2|Prkce|Ppp2cb|Polr2a|Polr2c|Stat5b|Thbs3|Thbs4|Yes1|Polr2e|Flrt3|Pik3r4|Kidins220|Elmo1|Polr2b|Polr2h|Gga3|Irs2|Flrt2,-1.5,hits
Reactome Gene Sets,6,R-MMU-9006931,Signaling by Nuclear Receptors,,-3.9,2.6,4.5,21160,203,758,19,2.5,0.57,12400|12576|13382|14697|14701|15461|15516|17978|18708|18709|20020|20021|20182|66066|66420|68024|83602|231329|245841,Cbfb|Cdkn1b|Dld|Gnb5|Gng12|Hras|Hsp90ab1|Ncoa2|Pik3r1|Pik3r2|Polr2a|Polr2c|Rxrb|Gng11|Polr2e|H2bc4|Gtf2a1|Polr2b|Polr2h,-1.4,hits
Reactome Gene Sets,6,R-MMU-422475,Axon guidance,,-3.8,2.5,4.4,21160,238,758,21,2.8,0.6,11465|13639|13844|13845|14182|15461|15516|16443|18708|18709|18846|20315|20742|22142|22143|22359|22612|76709|213498|227613|384783,Actg1|Efna4|Ephb2|Ephb3|Fgfr1|Hras|Hsp90ab1|Itsn1|Pik3r1|Pik3r2|Plxna3|Cxcl12|Sptbn1|Tuba1a|Tuba1b|Vldlr|Yes1|Arpc2|Arhgef11|Tubb4b|Irs2,-1.4,hits
GO Biological Processes,19,GO:0050821,protein stabilization,19_GO:0065007 biological regulation,-3.8,2.5,4.4,21160,221,758,20,2.6,0.58,12328|12461|12464|14252|15516|16000|16783|18708|19211|20910|22059|28199|56401|56710|67072|68077|69747|74126|76498|80985,Caml|Cct2|Cct4|Flot2|Hsp90ab1|Igf1|Lamp1|Pik3r1|Pten|Stxbp1|Trp53|Dcaf11|P3h1|Brinp1|Cdc37l1|Nop53|Zswim7|Syvn1|Paqr4|Trim44,-1.4,hits
GO Biological Processes,19,GO:0030832,regulation of actin filament length,19_GO:0050789 regulation of biological process,-3.8,2.8,4.5,21160,171,758,17,2.2,0.54,12632|13169|18709|18754|20356|20740|20742|27360|30948|66616|72042|76441|76709|101497|102774|110380|213556,Cfl2|Dbnl|Pik3r2|Prkce|Sema5a|Sptan1|Sptbn1|Add3|Bin1|Snx9|Cotl1|Daam2|Arpc2|Plekhg2|Bbs4|Shroom2|Plekhh2,-1.4,hits
Reactome Gene Sets,6,R-MMU-9675108,Nervous system development,,-3.8,2.5,4.4,21160,239,758,21,2.8,0.6,11465|13639|13844|13845|14182|15461|15516|16443|18708|18709|18846|20315|20742|22142|22143|22359|22612|76709|213498|227613|384783,Actg1|Efna4|Ephb2|Ephb3|Fgfr1|Hras|Hsp90ab1|Itsn1|Pik3r1|Pik3r2|Plxna3|Cxcl12|Sptbn1|Tuba1a|Tuba1b|Vldlr|Yes1|Arpc2|Arhgef11|Tubb4b|Irs2,-1.4,hits
GO Biological Processes,19,GO:0071453,cellular response to oxygen levels,19_GO:0050896 response to stimulus,-3.8,2.7,4.4,21160,188,758,18,2.4,0.55,12015|12576|13819|17684|18754|19211|20020|21803|22059|22359|26419|52538|53417|66925|68077|69573|69668|112407,Bad|Cdkn1b|Epas1|Cited2|Prkce|Pten|Polr2a|Tgfb1|Trp53|Vldlr|Mapk8|Acaa2|Hif3a|Sdhd|Nop53|Hilpda|Ccdc115|Egln3,-1.4,hits
GO Biological Processes,19,GO:0071456,cellular response to hypoxia,19_GO:0050896 response to stimulus,-3.8,3,4.6,21160,140,758,15,2,0.51,12015|12576|13819|17684|18754|19211|21803|22059|22359|52538|53417|66925|68077|69573|112407,Bad|Cdkn1b|Epas1|Cited2|Prkce|Pten|Tgfb1|Trp53|Vldlr|Acaa2|Hif3a|Sdhd|Nop53|Hilpda|Egln3,-1.4,hits
GO Biological Processes,19,GO:0007423,sensory organ development,19_GO:0032502 developmental process,-3.8,1.8,4,21160,710,758,45,5.9,0.86,12161|12576|12724|13844|14182|14368|14561|15182|15213|16000|16449|16600|16779|17132|17150|17684|18032|18081|18185|18208|18596|19126|19893|20655|21803|22632|23928|24013|50530|56371|57265|67269|71997|72747|77593|102774|105278|109181|110380|210992|216274|239250|242509|244152|320736,Bmp6|Cdkn1b|Clcn2|Ephb2|Fgfr1|Fzd6|Gdf11|Hdac2|Hey1|Igf1|Jag1|Klf4|Lamb2|Maf|Mfap2|Cited2|Nfix|Ninj1|Nrl|Ntn1|Pdgfrb|Prom1|Rpgr|Sod1|Tgfb1|Yy1|Lamc3|Grk1|Mfap5|Fzr1|Fzd2|Agtpbp1|Smg9|Ttc39c|Usp45|Bbs4|Cdk20|Trip11|Shroom2|Lpcat1|Cep290|Slitrk6|Bnc2|Tsku|Vstm4,-1.4,hits
GO Biological Processes,19,GO:0061564,axon development,19_GO:0032502 developmental process,-3.8,2,4.1,21160,466,758,33,4.4,0.74,11465|13639|13823|13844|13845|15229|16779|16911|18032|18208|18227|18846|19091|19211|20315|20348|20356|20869|20910|22241|23928|27965|68810|69807|71436|75770|108902|226841|233489|238505|239250|244152|399558,Actg1|Efna4|Epb41l3|Ephb2|Ephb3|Foxd1|Lamb2|Lmo4|Nfix|Ntn1|Nr4a2|Plxna3|Prkg1|Pten|Cxcl12|Sema3c|Sema5a|Stk11|Stxbp1|Ulk1|Lamc3|Spg21|Nexn|Trim32|Flrt3|Brsk2|B4gat1|Vash2|Picalm|Mtr|Slitrk6|Tsku|Flrt2,-1.4,hits
GO Biological Processes,19,GO:1904874,positive regulation of telomerase RNA localization to Cajal body,19_GO:0051179 localization,-3.7,21,7.7,21160,4,758,3,0.4,0.23,12461|12464|245474,Cct2|Cct4|Dkc1,-1.4,hits
GO Biological Processes,19,GO:0043087,regulation of GTPase activity,19_GO:0065007 biological regulation,-3.7,2.5,4.3,21160,208,758,19,2.5,0.57,13845|14020|14694|14697|15461|19091|20194|20655|21817|24047|26569|66616|102774|105445|110829|192786|227800|227937|234094,Ephb3|Evi5|Rack1|Gnb5|Hras|Prkg1|S100a10|Sod1|Tgm2|Ccl19|Slc27a4|Snx9|Bbs4|Dock9|Lims1|Rapgef6|Rabgap1|Pkp4|Arhgef10,-1.3,hits
GO Biological Processes,19,GO:0050770,regulation of axonogenesis,19_GO:0032502 developmental process,-3.7,2.7,4.4,21160,175,758,17,2.2,0.54,13169|13844|13845|14567|16202|18208|18846|19211|19280|20315|20356|20869|22241|70827|75770|228357|233489,Dbnl|Ephb2|Ephb3|Gdi1|Ilk|Ntn1|Plxna3|Pten|Ptprs|Cxcl12|Sema5a|Stk11|Ulk1|Trak2|Brsk2|Lrp4|Picalm,-1.3,hits
GO Biological Processes,19,GO:0002009,morphogenesis of an epithelium,19_GO:0032502 developmental process,-3.7,1.9,4,21160,550,758,37,4.9,0.78,11465|12505|13805|14182|14368|14726|15213|15229|16000|16202|16372|16449|16600|16911|17313|17684|18208|18763|20315|20348|20356|21803|21817|27428|67122|67836|71436|74143|74533|75770|94190|102774|105278|216274|234366|269152|320878,Actg1|Cd44|Eng|Fgfr1|Fzd6|Pdpn|Hey1|Foxd1|Igf1|Ilk|Irx2|Jag1|Klf4|Lmo4|Mgp|Cited2|Ntn1|Pkd1|Cxcl12|Sema3c|Sema5a|Tgfb1|Tgm2|Shroom3|Nrarp|Wdr83|Flrt3|Opa1|Gzf1|Brsk2|Ophn1|Bbs4|Cdk20|Cep290|Gatad2a|Kif26b|Mical2,-1.3,hits
GO Biological Processes,19,GO:0030162,regulation of proteolysis,19_GO:0050789 regulation of biological process,-3.7,1.8,4,21160,653,758,42,5.5,0.83,12015|12258|12306|12328|12505|12905|13010|13666|14694|15182|15516|16600|17886|18550|18708|18763|19186|19188|19211|19358|20194|20620|22059|24086|26419|28075|30948|54208|56371|59009|66498|66616|67269|67770|68077|69807|77125|94190|112407|229317|241576|414872,Bad|Serping1|Anxa2|Caml|Cd44|Cradd|Cst3|Eif2ak3|Rack1|Hdac2|Hsp90ab1|Klf4|Myh9|Furin|Pik3r1|Pkd1|Psme1|Psme2|Pten|Rad23a|S100a10|Plk2|Trp53|Tlk2|Mapk8|Desi1|Bin1|Arl6ip1|Fzr1|Sh3rf1|Dda1|Snx9|Agtpbp1|Caap1|Nop53|Trim32|Il33|Ophn1|Egln3|Eif2a|Ldlrad3|Zyg11b,-1.3,hits
KEGG Pathway,24,mmu03420,Nucleotide excision repair - Mus musculus (house mouse),,-3.7,4.3,4.9,21160,58,758,9,1.2,0.39,13194|19358|20020|20021|22592|23894|66420|231329|245841,Ddb1|Rad23a|Polr2a|Polr2c|Ercc5|Gtf2h2|Polr2e|Polr2b|Polr2h,-1.3,hits
GO Biological Processes,19,GO:0071375,cellular response to peptide hormone stimulus,19_GO:0050896 response to stimulus,-3.7,2.2,4.2,21160,317,758,25,3.3,0.65,11607|13844|13845|14182|15461|16000|18227|18596|18708|18709|19062|19211|20411|20851|21803|22228|26569|51788|54721|56392|64898|74551|107508|213053|384783,Agtr1a|Ephb2|Ephb3|Fgfr1|Hras|Igf1|Nr4a2|Pdgfrb|Pik3r1|Pik3r2|Inpp5k|Pten|Sorbs1|Stat5b|Tgfb1|Ucp2|Slc27a4|H2az1|Tyk2|Shoc2|Lpin2|Pck2|Eprs1|Slc39a14|Irs2,-1.3,hits
Reactome Gene Sets,6,R-MMU-3928662,EPHB-mediated forward signaling,,-3.7,5.6,5.2,21160,35,758,7,0.92,0.35,11465|13844|13845|15461|16443|22612|76709,Actg1|Ephb2|Ephb3|Hras|Itsn1|Yes1|Arpc2,-1.3,hits
GO Biological Processes,19,GO:0043010,camera-type eye development,19_GO:0032502 developmental process,-3.7,2,4.1,21160,413,758,30,4,0.71,12724|13844|14561|15182|16449|16600|16779|17132|17684|18032|18081|18185|18596|19126|19893|21803|22632|23928|24013|56371|67269|77593|102774|105278|110380|210992|216274|239250|244152|320736,Clcn2|Ephb2|Gdf11|Hdac2|Jag1|Klf4|Lamb2|Maf|Cited2|Nfix|Ninj1|Nrl|Pdgfrb|Prom1|Rpgr|Tgfb1|Yy1|Lamc3|Grk1|Fzr1|Agtpbp1|Usp45|Bbs4|Cdk20|Shroom2|Lpcat1|Cep290|Slitrk6|Tsku|Vstm4,-1.3,hits
Reactome Gene Sets,6,R-MMU-9006925,Intracellular signaling by second messengers,,-3.7,2.4,4.2,21160,228,758,20,2.6,0.58,11513|12576|14182|15182|18596|18708|18709|18754|19053|19175|19211|67605|68877|70247|77125|216848|226849|234366|266632|384783,Adcy7|Cdkn1b|Fgfr1|Hdac2|Pdgfrb|Pik3r1|Pik3r2|Prkce|Ppp2cb|Psmb6|Pten|Akt1s1|Maf1|Psmd1|Il33|Chd3|Ppp2r5a|Gatad2a|Irak4|Irs2,-1.3,hits
GO Biological Processes,19,GO:0032271,regulation of protein polymerization,19_GO:0050789 regulation of biological process,-3.7,2.5,4.3,21160,211,758,19,2.5,0.57,12562|12576|13169|13494|18709|18754|20740|20742|26419|27360|30948|56430|66616|72042|76441|76709|100732|101497|102774,Cdh5|Cdkn1b|Dbnl|Drg1|Pik3r2|Prkce|Sptan1|Sptbn1|Mapk8|Add3|Bin1|Clip1|Snx9|Cotl1|Daam2|Arpc2|Mapre3|Plekhg2|Bbs4,-1.3,hits
KEGG Pathway,24,mmu05218,Melanoma - Mus musculus (house mouse),,-3.6,3.9,4.7,21160,72,758,10,1.3,0.41,12015|12567|14182|15461|16000|18596|18708|18709|19211|22059,Bad|Cdk4|Fgfr1|Hras|Igf1|Pdgfrb|Pik3r1|Pik3r2|Pten|Trp53,-1.3,hits
GO Biological Processes,19,GO:0001558,regulation of cell growth,19_GO:0040007 growth,-3.6,2,4,21160,456,758,32,4.2,0.73,12505|12576|13169|14567|14694|16000|16202|18208|18846|19211|19280|20315|20356|20869|21803|22059|22241|22632|23938|50790|56401|67778|67866|69807|70834|74116|83814|106628|107250|208643|214498|233489,Cd44|Cdkn1b|Dbnl|Gdi1|Rack1|Igf1|Ilk|Ntn1|Plxna3|Pten|Ptprs|Cxcl12|Sema5a|Stk11|Tgfb1|Trp53|Ulk1|Yy1|Map2k5|Acsl4|P3h1|Zfp639|Wfdc1|Trim32|Spag9|Pi16|Nedd4l|Trip10|Kazald1|Eif4g1|Cdc73|Picalm,-1.3,hits
Reactome Gene Sets,6,R-MMU-6803529,FGFR2 alternative splicing,,-3.6,8.2,5.7,21160,17,758,5,0.66,0.29,20020|20021|66420|231329|245841,Polr2a|Polr2c|Polr2e|Polr2b|Polr2h,-1.3,hits
KEGG Pathway,24,mmu05165,Human papillomavirus infection - Mus musculus (house mouse),,-3.6,2.1,4,21160,359,758,27,3.6,0.67,11966|12015|12567|12576|14368|14369|15015|15039|15182|15213|15461|16449|16779|18596|18708|18709|19053|19211|21827|21828|22059|23928|54721|57265|93737|213119|226849,Atp6v1b2|Bad|Cdk4|Cdkn1b|Fzd6|Fzd7|H2-Q4|H2-T22|Hdac2|Hey1|Hras|Jag1|Lamb2|Pdgfrb|Pik3r1|Pik3r2|Ppp2cb|Pten|Thbs3|Thbs4|Trp53|Lamc3|Tyk2|Fzd2|Pard6g|Itga10|Ppp2r5a,-1.3,hits
Reactome Gene Sets,6,R-MMU-77075,RNA Pol II CTD phosphorylation and interaction with CE,,-3.6,6.4,5.4,21160,26,758,6,0.79,0.32,20020|20021|23894|66420|231329|245841,Polr2a|Polr2c|Gtf2h2|Polr2e|Polr2b|Polr2h,-1.3,hits
GO Biological Processes,19,GO:2000060,positive regulation of ubiquitin-dependent protein catabolic process,19_GO:0048518 positive regulation of biological process,-3.6,3.3,4.5,21160,101,758,12,1.6,0.45,14694|19211|19358|20620|26419|56371|59009|66498|67269|68077|77125|414872,Rack1|Pten|Rad23a|Plk2|Mapk8|Fzr1|Sh3rf1|Dda1|Agtpbp1|Nop53|Il33|Zyg11b,-1.3,hits
GO Biological Processes,19,GO:0036293,response to decreased oxygen levels,19_GO:0050896 response to stimulus,-3.6,2.1,4,21160,360,758,27,3.6,0.67,11670|12015|12576|12894|13805|13819|15277|17684|18227|18754|19211|20525|20657|20928|21803|22059|22228|22359|26419|52538|53417|57875|66925|67836|68077|69573|112407,Aldh3a1|Bad|Cdkn1b|Cpt1a|Eng|Epas1|Hk2|Cited2|Nr4a2|Prkce|Pten|Slc2a1|Sod3|Abcc9|Tgfb1|Trp53|Ucp2|Vldlr|Mapk8|Acaa2|Hif3a|Angptl4|Sdhd|Wdr83|Nop53|Hilpda|Egln3,-1.3,hits
Reactome Gene Sets,6,R-MMU-5654738,Signaling by FGFR2,,-3.6,4.2,4.8,21160,60,758,9,1.2,0.39,15461|17346|18708|19053|20020|20021|66420|231329|245841,Hras|Mknk1|Pik3r1|Ppp2cb|Polr2a|Polr2c|Polr2e|Polr2b|Polr2h,-1.3,hits
GO Biological Processes,19,GO:0071709,membrane assembly,19_GO:0009987 cellular process,-3.6,4.2,4.8,21160,60,758,9,1.2,0.39,12306|13844|16202|19211|20194|20742|68385|71678|228357,Anxa2|Ephb2|Ilk|Pten|S100a10|Sptbn1|Tlcd1|Brox|Lrp4,-1.3,hits
GO Biological Processes,19,GO:0010256,endomembrane system organization,19_GO:0009987 cellular process,-3.6,1.9,3.9,21160,539,758,36,4.7,0.77,11765|12328|12527|13400|13666|13823|16202|17886|18810|19153|19211|20168|20619|20655|20742|20910|30948|54208|56389|66515|66616|67181|68385|70297|71678|72287|75909|76338|77053|103694|109181|207352|223697|231580|232664|235527,Ap1g1|Caml|Cd9|Dmpk|Eif2ak3|Epb41l3|Ilk|Myh9|Plec|Prx|Pten|Rtn3|Snap23|Sod1|Sptbn1|Stxbp1|Bin1|Arl6ip1|Stx5a|Cul7|Snx9|Ctdnep1|Tlcd1|Gcc2|Brox|Plekhf1|Vmp1|Rab2b|Sun1|Tmed4|Trip11|Sec23ip|Sun2|Gak|Ccdc136|Plscr4,-1.3,hits
GO Biological Processes,19,GO:0014044,Schwann cell development,19_GO:0032502 developmental process,-3.6,4.7,4.9,21160,48,758,8,1.1,0.37,15461|16202|16779|17926|18810|19153|20655|234094,Hras|Ilk|Lamb2|Myoc|Plec|Prx|Sod1|Arhgef10,-1.3,hits
GO Biological Processes,19,GO:0006366,transcription by RNA polymerase II,19_GO:0009987 cellular process,-3.6,2,4,21160,400,758,29,3.8,0.7,12306|13819|16600|17978|18032|18227|18708|19656|20020|20021|20182|20194|20851|22059|23894|26992|50794|53417|56200|66420|67367|67674|68975|73473|83602|94246|214498|231329|245841,Anxa2|Epas1|Klf4|Ncoa2|Nfix|Nr4a2|Pik3r1|Rbmxl1|Polr2a|Polr2c|Rxrb|S100a10|Stat5b|Trp53|Gtf2h2|Brd7|Klf13|Hif3a|Ddx21|Polr2e|Paxbp1|Trmt112|Med27|Iws1|Gtf2a1|Arid4b|Cdc73|Polr2b|Polr2h,-1.3,hits
GO Biological Processes,19,GO:1903052,positive regulation of proteolysis involved in protein catabolic process,19_GO:0048518 positive regulation of biological process,-3.6,3,4.4,21160,132,758,14,1.8,0.49,13666|14694|19211|19358|20620|26419|56371|59009|66498|67269|68077|77125|229317|414872,Eif2ak3|Rack1|Pten|Rad23a|Plk2|Mapk8|Fzr1|Sh3rf1|Dda1|Agtpbp1|Nop53|Il33|Eif2a|Zyg11b,-1.3,hits
GO Biological Processes,19,GO:0032434,regulation of proteasomal ubiquitin-dependent protein catabolic process,19_GO:0050789 regulation of biological process,-3.6,3,4.4,21160,132,758,14,1.8,0.49,12328|14694|15516|19358|20620|24086|26419|28075|56371|59009|66498|68077|77125|414872,Caml|Rack1|Hsp90ab1|Rad23a|Plk2|Tlk2|Mapk8|Desi1|Fzr1|Sh3rf1|Dda1|Nop53|Il33|Zyg11b,-1.3,hits
KEGG Pathway,24,mmu04213,Longevity regulating pathway - multiple species - Mus musculus (house mouse),,-3.5,4.1,4.7,21160,61,758,9,1.2,0.39,11513|15182|15461|16000|18708|18709|20655|67605|384783,Adcy7|Hdac2|Hras|Igf1|Pik3r1|Pik3r2|Sod1|Akt1s1|Irs2,-1.3,hits
GO Biological Processes,19,GO:0019318,hexose metabolic process,19_GO:0009987 cellular process,-3.5,2.6,4.2,21160,182,758,17,2.2,0.54,12015|12894|12952|14595|14751|15277|17448|18708|22059|27376|56421|64652|69976|70974|74551|77590|213053,Bad|Cpt1a|Cry1|B4galt1|Gpi1|Hk2|Mdh2|Pik3r1|Trp53|Slc25a10|Pfkp|Nisch|Galk2|Pgm2l1|Pck2|Chst15|Slc39a14,-1.3,hits
GO Biological Processes,19,GO:0009612,response to mechanical stimulus,19_GO:0050896 response to stimulus,-3.5,2.3,4.1,21160,270,758,22,2.9,0.61,12015|12161|12905|13805|14751|16000|17684|18763|18810|20315|20525|21803|22142|26419|56338|67760|77053|77125|99526|192662|239250|667742,Bad|Bmp6|Cradd|Eng|Gpi1|Igf1|Cited2|Pkd1|Plec|Cxcl12|Slc2a1|Tgfb1|Tuba1a|Mapk8|Txnip|Slc38a2|Sun1|Il33|Usp53|Arhgdia|Slitrk6|Piezo2,-1.3,hits
GO Biological Processes,19,GO:0043434,response to peptide hormone,19_GO:0050896 response to stimulus,-3.5,1.9,3.9,21160,482,758,33,4.4,0.74,11607|12576|12952|13844|13845|14182|15461|16000|18227|18596|18708|18709|18799|19062|19211|20411|20525|20716|20851|20869|21803|22228|26569|51788|54721|56392|64898|67996|74551|107508|170574|213053|384783,Agtr1a|Cdkn1b|Cry1|Ephb2|Ephb3|Fgfr1|Hras|Igf1|Nr4a2|Pdgfrb|Pik3r1|Pik3r2|Plcd1|Inpp5k|Pten|Sorbs1|Slc2a1|Serpina3n|Stat5b|Stk11|Tgfb1|Ucp2|Slc27a4|H2az1|Tyk2|Shoc2|Lpin2|Srsf6|Pck2|Eprs1|Sp7|Slc39a14|Irs2,-1.3,hits
WikiPathways,27,WP307,Translation factors,,-3.5,4.6,4.8,21160,49,758,8,1.1,0.37,13627|13664|13666|54709|66085|67160|208643|218693,Eef1a1|Eif1a|Eif2ak3|Eif3i|Eif3f|Eef1g|Eif4g1|Paip1,-1.3,hits
Reactome Gene Sets,6,R-MMU-6804758,Regulation of TP53 Activity through Acetylation,,-3.5,6.2,5.2,21160,27,758,6,0.79,0.32,15182|22059|26992|216848|234366|268936,Hdac2|Trp53|Brd7|Chd3|Gatad2a|Brpf3,-1.3,hits
GO Biological Processes,19,GO:0051962,positive regulation of nervous system development,19_GO:0032502 developmental process,-3.5,2,3.9,21160,384,758,28,3.7,0.69,12724|13169|13844|13845|14567|15182|16000|16202|17344|18208|18708|20315|20356|20869|21803|21817|26419|30948|56708|64085|66515|69807|71436|74143|77125|233489|239250|399558,Clcn2|Dbnl|Ephb2|Ephb3|Gdi1|Hdac2|Igf1|Ilk|Pias2|Ntn1|Pik3r1|Cxcl12|Sema5a|Stk11|Tgfb1|Tgm2|Mapk8|Bin1|Clcf1|Clstn2|Cul7|Trim32|Flrt3|Opa1|Il33|Picalm|Slitrk6|Flrt2,-1.3,hits
GO Biological Processes,19,GO:1903530,regulation of secretion by cell,19_GO:0051179 localization,-3.5,1.7,3.8,21160,711,758,44,5.8,0.85,11607|11765|12015|12161|12306|12894|12952|14182|14299|14645|16000|16443|16783|17886|18555|18754|18799|18952|19091|20194|20315|20619|20866|20910|21803|22228|50790|52055|56401|56708|59090|64384|66925|67760|74551|75770|76338|77371|99889|170756|228355|268373|271457|384783,Agtr1a|Ap1g1|Bad|Bmp6|Anxa2|Cpt1a|Cry1|Fgfr1|Ncs1|Glul|Igf1|Itsn1|Lamp1|Myh9|Cdk16|Prkce|Plcd1|Septin4|Prkg1|S100a10|Cxcl12|Snap23|Stim1|Stxbp1|Tgfb1|Ucp2|Acsl4|Rab11fip5|P3h1|Clcf1|Midn|Sirt3|Sdhd|Slc38a2|Pck2|Brsk2|Rab2b|Sec24a|Arfip1|Slc8b1|Madd|Ppia|Rab5a|Irs2,-1.3,hits
KEGG Pathway,24,mmu05016,Huntington disease - Mus musculus (house mouse),,-3.5,2.2,4,21160,308,758,24,3.2,0.64,15182|19175|20020|20021|20463|20655|21817|22059|22142|22143|22241|26419|53598|66091|66420|66925|70247|75669|84682|227613|231329|245841|269881|333182,Hdac2|Psmb6|Polr2a|Polr2c|Cox7a2l|Sod1|Tgm2|Trp53|Tuba1a|Tuba1b|Ulk1|Mapk8|Dctn3|Ndufa3|Polr2e|Sdhd|Psmd1|Pik3r4|Cox4i2|Tubb4b|Polr2b|Polr2h|Map3k10|Cox6b2,-1.3,hits
Reactome Gene Sets,6,R-MMU-674695,RNA Polymerase II Pre-transcription Events,,-3.5,3.7,4.6,21160,75,758,10,1.3,0.41,20020|20021|23894|66420|73473|83602|93736|214498|231329|245841,Polr2a|Polr2c|Gtf2h2|Polr2e|Iws1|Gtf2a1|Aff4|Cdc73|Polr2b|Polr2h,-1.3,hits
GO Biological Processes,19,GO:0034248,regulation of amide metabolic process,19_GO:0050789 regulation of biological process,-3.5,3.7,4.6,21160,75,758,10,1.3,0.41,13666|14694|16000|20168|22059|30948|64384|76498|233489|260302,Eif2ak3|Rack1|Igf1|Rtn3|Trp53|Bin1|Sirt3|Paqr4|Picalm|Gga3,-1.3,hits
GO Biological Processes,19,GO:0043217,myelin maintenance,19_GO:0032502 developmental process,-3.5,7.8,5.5,21160,18,758,5,0.66,0.29,13823|18810|19153|19211|20655,Epb41l3|Plec|Prx|Pten|Sod1,-1.3,hits
WikiPathways,27,WP1270,Endochondral ossification,,-3.5,4.1,4.6,21160,62,758,9,1.2,0.39,12161|14182|16000|17313|19228|20851|21803|67760|240913,Bmp6|Fgfr1|Igf1|Mgp|Pth1r|Stat5b|Tgfb1|Slc38a2|Adamts4,-1.3,hits
GO Biological Processes,19,GO:0007409,axonogenesis,19_GO:0032502 developmental process,-3.5,2,3.9,21160,405,758,29,3.8,0.7,11465|13639|13844|13845|15229|16779|16911|18032|18208|18227|18846|19091|19211|20315|20348|20356|20869|20910|22241|23928|27965|68810|71436|75770|108902|233489|239250|244152|399558,Actg1|Efna4|Ephb2|Ephb3|Foxd1|Lamb2|Lmo4|Nfix|Ntn1|Nr4a2|Plxna3|Prkg1|Pten|Cxcl12|Sema3c|Sema5a|Stk11|Stxbp1|Ulk1|Lamc3|Spg21|Nexn|Flrt3|Brsk2|B4gat1|Picalm|Slitrk6|Tsku|Flrt2,-1.3,hits
GO Biological Processes,19,GO:0051495,positive regulation of cytoskeleton organization,19_GO:0048518 positive regulation of biological process,-3.5,2.5,4.1,21160,201,758,18,2.4,0.55,12576|12632|13494|17926|18754|18846|20194|20356|20410|26419|27360|30948|56430|66616|76123|76709|225523|234094,Cdkn1b|Cfl2|Drg1|Myoc|Prkce|Plxna3|S100a10|Sema5a|Sorbs3|Mapk8|Add3|Bin1|Clip1|Snx9|Gpsm2|Arpc2|Cep120|Arhgef10,-1.3,hits
GO Biological Processes,19,GO:0045596,negative regulation of cell differentiation,19_GO:0048519 negative regulation of biological process,-3.5,1.7,3.8,21160,756,758,46,6.1,0.87,12010|12400|12505|13844|14182|14369|14561|14567|15213|16000|16449|18208|18708|18846|19211|19280|20356|20851|21803|21873|22059|22241|22632|27354|50794|56392|56710|67122|67996|68952|70827|70834|74116|74123|74203|76441|81702|83554|171463|214498|216805|228357|239114|243937|244152|268996,B2m|Cbfb|Cd44|Ephb2|Fgfr1|Fzd7|Gdf11|Gdi1|Hey1|Igf1|Jag1|Ntn1|Pik3r1|Plxna3|Pten|Ptprs|Sema5a|Stat5b|Tgfb1|Tjp2|Trp53|Ulk1|Yy1|Nbn|Klf13|Shoc2|Brinp1|Nrarp|Srsf6|Tlcd3b|Trak2|Spag9|Pi16|Foxp4|Eif4enif1|Daam2|Ankrd17|Fstl3|Il17rd|Cdc73|Flcn|Lrp4|Il17d|Zfp536|Tsku|Ss18,-1.3,hits
GO Biological Processes,19,GO:0051129,negative regulation of cellular component organization,19_GO:0048519 negative regulation of biological process,-3.5,1.7,3.8,21160,778,758,47,6.2,0.88,12010|12161|12306|12562|13010|13844|13865|14567|14694|15182|16000|16911|17926|18208|18708|18846|19062|19211|19280|20356|20740|20742|20910|21803|22059|22241|26949|27354|27360|52538|58799|68041|68077|69807|70827|74143|102774|110380|208177|213556|216805|225020|228357|231580|233489|244152|327959,B2m|Bmp6|Anxa2|Cdh5|Cst3|Ephb2|Nr2f1|Gdi1|Rack1|Hdac2|Igf1|Lmo4|Myoc|Ntn1|Pik3r1|Plxna3|Inpp5k|Pten|Ptprs|Sema5a|Sptan1|Sptbn1|Stxbp1|Tgfb1|Trp53|Ulk1|Vat1|Nbn|Add3|Acaa2|Crbn|Mid1ip1|Nop53|Trim32|Trak2|Opa1|Bbs4|Shroom2|Phldb2|Plekhh2|Flcn|Fez2|Lrp4|Gak|Picalm|Tsku|Xaf1,-1.3,hits
GO Biological Processes,19,GO:0062012,regulation of small molecule metabolic process,19_GO:0050789 regulation of biological process,-3.4,2,3.9,21160,406,758,29,3.8,0.7,12161|12724|12894|12952|13194|13350|13666|14261|16000|17886|17978|18754|18799|19091|19228|19386|20411|20655|20869|22059|26569|50790|59090|68041|69080|216805|244373|320717|384783,Bmp6|Clcn2|Cpt1a|Cry1|Ddb1|Dgat1|Eif2ak3|Fmo1|Igf1|Myh9|Ncoa2|Prkce|Plcd1|Prkg1|Pth1r|Ranbp2|Sorbs1|Sod1|Stk11|Trp53|Slc27a4|Acsl4|Midn|Mid1ip1|Gmppa|Flcn|Erlin2|Pptc7|Irs2,-1.3,hits
GO Biological Processes,19,GO:0070482,response to oxygen levels,19_GO:0050896 response to stimulus,-3.4,2,3.9,21160,426,758,30,4,0.71,11670|12015|12576|12894|13805|13819|15277|17684|18227|18754|19211|20020|20525|20657|20928|21803|22059|22228|22359|26419|52538|53417|57875|60596|66925|67836|68077|69573|69668|112407,Aldh3a1|Bad|Cdkn1b|Cpt1a|Eng|Epas1|Hk2|Cited2|Nr4a2|Prkce|Pten|Polr2a|Slc2a1|Sod3|Abcc9|Tgfb1|Trp53|Ucp2|Vldlr|Mapk8|Acaa2|Hif3a|Angptl4|Gucy1a1|Sdhd|Wdr83|Nop53|Hilpda|Ccdc115|Egln3,-1.3,hits
GO Biological Processes,19,GO:0043254,regulation of protein-containing complex assembly,19_GO:0050789 regulation of biological process,-3.4,1.9,3.9,21160,466,758,32,4.2,0.73,12562|12576|13169|13494|14694|16911|18709|18754|20740|20742|20910|20977|21803|22059|22241|26419|27360|30948|56430|58799|66616|68077|72042|76441|76709|100732|101497|102774|208643|231580|232944|327959,Cdh5|Cdkn1b|Dbnl|Drg1|Rack1|Lmo4|Pik3r2|Prkce|Sptan1|Sptbn1|Stxbp1|Syp|Tgfb1|Trp53|Ulk1|Mapk8|Add3|Bin1|Clip1|Crbn|Snx9|Nop53|Cotl1|Daam2|Arpc2|Mapre3|Plekhg2|Bbs4|Eif4g1|Gak|Mark4|Xaf1,-1.3,hits
KEGG Pathway,24,mmu04510,Focal adhesion - Mus musculus (house mouse),,-3.4,2.5,4.1,21160,202,758,18,2.4,0.55,11465|12015|15461|16000|16202|16779|18596|18708|18709|19211|21827|21828|23928|26419|60595|98932|213119|286940,Actg1|Bad|Hras|Igf1|Ilk|Lamb2|Pdgfrb|Pik3r1|Pik3r2|Pten|Thbs3|Thbs4|Lamc3|Mapk8|Actn4|Myl9|Itga10|Flnb,-1.3,hits
KEGG Pathway,24,mmu05220,Chronic myeloid leukemia - Mus musculus (house mouse),,-3.4,3.7,4.5,21160,76,758,10,1.3,0.41,12015|12567|12576|15182|15461|18708|18709|20851|21803|22059,Bad|Cdk4|Cdkn1b|Hdac2|Hras|Pik3r1|Pik3r2|Stat5b|Tgfb1|Trp53,-1.3,hits
KEGG Pathway,24,mmu05200,Pathways in cancer - Mus musculus (house mouse),,-3.4,1.8,3.8,21160,548,758,36,4.7,0.77,11513|11607|12015|12567|12576|13819|14182|14368|14369|14697|14701|14873|15182|15213|15461|15516|16000|16449|16779|18596|18708|18709|19211|20182|20315|20525|20851|21803|22059|23928|26419|57265|66066|112407|213498|235320,Adcy7|Agtr1a|Bad|Cdk4|Cdkn1b|Epas1|Fgfr1|Fzd6|Fzd7|Gnb5|Gng12|Gsto1|Hdac2|Hey1|Hras|Hsp90ab1|Igf1|Jag1|Lamb2|Pdgfrb|Pik3r1|Pik3r2|Pten|Rxrb|Cxcl12|Slc2a1|Stat5b|Tgfb1|Trp53|Lamc3|Mapk8|Fzd2|Gng11|Egln3|Arhgef11|Zbtb16,-1.3,hits
GO Biological Processes,19,GO:0001895,retina homeostasis,19_GO:0042592 homeostatic process,-3.4,4,4.6,21160,63,758,9,1.2,0.39,19126|20525|20655|77593|102774|216274|230872|320234|320736,Prom1|Slc2a1|Sod1|Usp45|Bbs4|Cep290|Crocc|Ccdc66|Vstm4,-1.2,hits
GO Biological Processes,19,GO:2001233,regulation of apoptotic signaling pathway,19_GO:0050896 response to stimulus,-3.4,2,3.9,21160,428,758,30,4,0.71,12015|12505|12905|13666|14182|14373|14694|15182|16000|16600|18227|18952|19211|20315|20655|22059|23938|26419|50996|52538|59009|69807|72287|74126|74143|109815|117198|216805|228355|268373,Bad|Cd44|Cradd|Eif2ak3|Fgfr1|G0s2|Rack1|Hdac2|Igf1|Klf4|Nr4a2|Septin4|Pten|Cxcl12|Sod1|Trp53|Map2k5|Mapk8|Pdcd7|Acaa2|Sh3rf1|Trim32|Plekhf1|Syvn1|Opa1|Selenos|Ivns1abp|Flcn|Madd|Ppia,-1.2,hits
Reactome Gene Sets,6,R-MMU-72086,mRNA Capping,,-3.4,6,5.1,21160,28,758,6,0.79,0.32,20020|20021|23894|66420|231329|245841,Polr2a|Polr2c|Gtf2h2|Polr2e|Polr2b|Polr2h,-1.2,hits
Reactome Gene Sets,6,R-MMU-1257604,PIP3 activates AKT signaling,,-3.4,2.5,4,21160,204,758,18,2.4,0.55,12576|14182|15182|18596|18708|18709|19053|19175|19211|67605|68877|70247|77125|216848|226849|234366|266632|384783,Cdkn1b|Fgfr1|Hdac2|Pdgfrb|Pik3r1|Pik3r2|Ppp2cb|Psmb6|Pten|Akt1s1|Maf1|Psmd1|Il33|Chd3|Ppp2r5a|Gatad2a|Irak4|Irs2,-1.2,hits
KEGG Pathway,24,mmu04530,Tight junction - Mus musculus (house mouse),,-3.4,2.6,4.1,21160,170,758,16,2.1,0.52,11465|12567|17886|18754|19053|20869|21873|22142|22143|26419|60595|76709|83814|93737|98932|192786,Actg1|Cdk4|Myh9|Prkce|Ppp2cb|Stk11|Tjp2|Tuba1a|Tuba1b|Mapk8|Actn4|Arpc2|Nedd4l|Pard6g|Myl9|Rapgef6,-1.2,hits
GO Biological Processes,19,GO:0036294,cellular response to decreased oxygen levels,19_GO:0050896 response to stimulus,-3.4,2.6,4.1,21160,170,758,16,2.1,0.52,12015|12576|13819|17684|18754|19211|21803|22059|22359|26419|52538|53417|66925|68077|69573|112407,Bad|Cdkn1b|Epas1|Cited2|Prkce|Pten|Tgfb1|Trp53|Vldlr|Mapk8|Acaa2|Hif3a|Sdhd|Nop53|Hilpda|Egln3,-1.2,hits
GO Biological Processes,19,GO:2000058,regulation of ubiquitin-dependent protein catabolic process,19_GO:0050789 regulation of biological process,-3.4,2.6,4.1,21160,170,758,16,2.1,0.52,12328|14694|15516|19211|19358|20620|24086|26419|28075|56371|59009|66498|67269|68077|77125|414872,Caml|Rack1|Hsp90ab1|Pten|Rad23a|Plk2|Tlk2|Mapk8|Desi1|Fzr1|Sh3rf1|Dda1|Agtpbp1|Nop53|Il33|Zyg11b,-1.2,hits
GO Biological Processes,19,GO:0048729,tissue morphogenesis,19_GO:0032502 developmental process,-3.4,1.7,3.7,21160,677,758,42,5.5,0.83,11465|12505|13805|14182|14368|14726|14751|15213|15229|16000|16202|16372|16449|16600|16911|17313|17684|18208|18763|18952|20315|20348|20356|21803|21817|27428|57265|63958|67122|67836|71436|74143|74533|75770|94190|102774|105278|216274|216850|234366|269152|320878,Actg1|Cd44|Eng|Fgfr1|Fzd6|Pdpn|Gpi1|Hey1|Foxd1|Igf1|Ilk|Irx2|Jag1|Klf4|Lmo4|Mgp|Cited2|Ntn1|Pkd1|Septin4|Cxcl12|Sema3c|Sema5a|Tgfb1|Tgm2|Shroom3|Fzd2|Ube4b|Nrarp|Wdr83|Flrt3|Opa1|Gzf1|Brsk2|Ophn1|Bbs4|Cdk20|Cep290|Kdm6b|Gatad2a|Kif26b|Mical2,-1.2,hits
GO Biological Processes,19,GO:0090670,RNA localization to Cajal body,19_GO:0051179 localization,-3.4,17,6.8,21160,5,758,3,0.4,0.23,12461|12464|245474,Cct2|Cct4|Dkc1,-1.2,hits
GO Biological Processes,19,GO:0090666,scaRNA localization to Cajal body,19_GO:0051179 localization,-3.4,17,6.8,21160,5,758,3,0.4,0.23,12461|12464|245474,Cct2|Cct4|Dkc1,-1.2,hits
Reactome Gene Sets,6,R-MMU-1234158,Regulation of gene expression by Hypoxia-inducible Factor,,-3.4,17,6.8,21160,5,758,3,0.4,0.23,13819|17684|53417,Epas1|Cited2|Hif3a,-1.2,hits
GO Biological Processes,19,GO:0090685,RNA localization to nucleus,19_GO:0051179 localization,-3.4,17,6.8,21160,5,758,3,0.4,0.23,12461|12464|245474,Cct2|Cct4|Dkc1,-1.2,hits
GO Biological Processes,19,GO:0005996,monosaccharide metabolic process,19_GO:0009987 cellular process,-3.3,2.4,4,21160,206,758,18,2.4,0.55,12015|12894|12952|14595|14751|14873|15277|17448|18708|22059|27376|56421|64652|69976|70974|74551|77590|213053,Bad|Cpt1a|Cry1|B4galt1|Gpi1|Gsto1|Hk2|Mdh2|Pik3r1|Trp53|Slc25a10|Pfkp|Nisch|Galk2|Pgm2l1|Pck2|Chst15|Slc39a14,-1.2,hits
GO Biological Processes,19,GO:0051896,regulation of phosphatidylinositol 3-kinase/protein kinase B signal transduction,19_GO:0050896 response to stimulus,-3.3,2.2,3.9,21160,297,758,23,3,0.62,13805|14182|14694|15182|16000|16202|16443|16600|17926|18596|19062|19211|20315|20356|20869|21803|24047|56708|68077|68861|101240|216805|384783,Eng|Fgfr1|Rack1|Hdac2|Igf1|Ilk|Itsn1|Klf4|Myoc|Pdgfrb|Inpp5k|Pten|Cxcl12|Sema5a|Stk11|Tgfb1|Ccl19|Clcf1|Nop53|Dipk2a|Wdr91|Flcn|Irs2,-1.2,hits
GO Biological Processes,19,GO:0050678,regulation of epithelial cell proliferation,19_GO:0050789 regulation of biological process,-3.3,1.9,3.8,21160,433,758,30,4,0.71,11607|12010|12015|12161|12567|12576|13805|14182|14369|14595|14645|15213|15461|16000|16449|19211|20315|20356|20869|21803|21828|23938|67122|67866|67996|110829|214498|216805|226841|384783,Agtr1a|B2m|Bad|Bmp6|Cdk4|Cdkn1b|Eng|Fgfr1|Fzd7|B4galt1|Glul|Hey1|Hras|Igf1|Jag1|Pten|Cxcl12|Sema5a|Stk11|Tgfb1|Thbs4|Map2k5|Nrarp|Wfdc1|Srsf6|Lims1|Cdc73|Flcn|Vash2|Irs2,-1.2,hits
KEGG Pathway,24,mmu01522,Endocrine resistance - Mus musculus (house mouse),,-3.3,3.3,4.3,21160,93,758,11,1.5,0.43,11513|12015|12567|12576|15461|16000|16449|18708|18709|22059|26419,Adcy7|Bad|Cdk4|Cdkn1b|Hras|Igf1|Jag1|Pik3r1|Pik3r2|Trp53|Mapk8,-1.2,hits
GO Biological Processes,19,GO:0090100,positive regulation of transmembrane receptor protein serine/threonine kinase signaling pathway,19_GO:0048518 positive regulation of biological process,-3.3,3.1,4.2,21160,108,758,12,1.6,0.45,12161|12562|13805|14561|15229|15516|16202|17684|18550|20869|21803|216805,Bmp6|Cdh5|Eng|Gdf11|Foxd1|Hsp90ab1|Ilk|Cited2|Furin|Stk11|Tgfb1|Flcn,-1.2,hits
GO Biological Processes,19,GO:0140694,membraneless organelle assembly,19_GO:0009987 cellular process,-3.3,2,3.8,21160,356,758,26,3.4,0.66,11465|12632|13006|13169|13194|13664|16563|18596|18810|19211|21841|66235|66645|68077|68794|74203|98932|100732|109359|110816|218629|225929|229317|233871|234094|234384,Actg1|Cfl2|Smc3|Dbnl|Ddb1|Eif1a|Kif2a|Pdgfrb|Plec|Pten|Tia1|Eif1ax|Pspc1|Nop53|Flnc|Eif4enif1|Myl9|Mapre3|Abraxas2|Pwp2|Dhx29|Patl1|Eif2a|Atxn2l|Arhgef10|Mpv17l2,-1.2,hits
GO Biological Processes,19,GO:0043255,regulation of carbohydrate biosynthetic process,19_GO:0050789 regulation of biological process,-3.3,2.9,4.1,21160,124,758,13,1.7,0.47,12952|13194|16000|17886|18799|19062|19091|19228|19386|20411|20869|21803|384783,Cry1|Ddb1|Igf1|Myh9|Plcd1|Inpp5k|Prkg1|Pth1r|Ranbp2|Sorbs1|Stk11|Tgfb1|Irs2,-1.2,hits
GO Biological Processes,19,GO:0048514,blood vessel morphogenesis,19_GO:0032502 developmental process,-3.3,1.9,3.7,21160,476,758,32,4.2,0.73,11465|12306|13666|13805|13809|13819|13844|13845|14182|14595|14645|15213|15446|16449|17286|17684|17886|18081|18596|18799|19211|20315|20356|20397|21803|21810|53417|57875|59308|66515|67122|320736,Actg1|Anxa2|Eif2ak3|Eng|Enpep|Epas1|Ephb2|Ephb3|Fgfr1|B4galt1|Glul|Hey1|Hpgd|Jag1|Meox2|Cited2|Myh9|Ninj1|Pdgfrb|Plcd1|Pten|Cxcl12|Sema5a|Sgpl1|Tgfb1|Tgfbi|Hif3a|Angptl4|Emcn|Cul7|Nrarp|Vstm4,-1.2,hits
GO Biological Processes,19,GO:1902117,positive regulation of organelle assembly,19_GO:0048518 positive regulation of biological process,-3.3,3.3,4.2,21160,94,758,11,1.5,0.43,22241|26419|69807|76123|76709|102774|225523|230872|231225|232944|234776,Ulk1|Mapk8|Trim32|Gpsm2|Arpc2|Bbs4|Cep120|Crocc|Tapt1|Mark4|Atmin,-1.2,hits
GO Biological Processes,19,GO:0060562,epithelial tube morphogenesis,19_GO:0032502 developmental process,-3.3,2,3.8,21160,377,758,27,3.6,0.67,12505|13805|14368|15213|15229|16000|16202|16372|16911|17313|17684|18208|18763|20315|20356|21803|27428|67122|67836|74143|74533|102774|105278|216274|234366|269152|320878,Cd44|Eng|Fzd6|Hey1|Foxd1|Igf1|Ilk|Irx2|Lmo4|Mgp|Cited2|Ntn1|Pkd1|Cxcl12|Sema5a|Tgfb1|Shroom3|Nrarp|Wdr83|Opa1|Gzf1|Bbs4|Cdk20|Cep290|Gatad2a|Kif26b|Mical2,-1.2,hits
GO Biological Processes,19,GO:0001525,angiogenesis,19_GO:0032502 developmental process,-3.3,2,3.8,21160,358,758,26,3.4,0.66,11465|12306|13666|13805|13809|13819|13844|13845|14182|14595|14645|17286|17886|18081|18596|18799|19211|20315|20356|21803|21810|53417|57875|59308|67122|320736,Actg1|Anxa2|Eif2ak3|Eng|Enpep|Epas1|Ephb2|Ephb3|Fgfr1|B4galt1|Glul|Meox2|Myh9|Ninj1|Pdgfrb|Plcd1|Pten|Cxcl12|Sema5a|Tgfb1|Tgfbi|Hif3a|Angptl4|Emcn|Nrarp|Vstm4,-1.2,hits
GO Biological Processes,19,GO:0006886,intracellular protein transport,19_GO:0051179 localization,-3.3,1.8,3.7,21160,539,758,35,4.6,0.76,11765|18634|18708|18763|19386|20334|20910|21803|22059|22142|28075|54160|56338|56389|56430|66616|70297|71983|74126|74203|74204|74718|75669|75751|77125|77371|99889|103694|103737|109815|110750|231834|238799|260302|271457,Ap1g1|Pex7|Pik3r1|Pkd1|Ranbp2|Sec23a|Stxbp1|Tgfb1|Trp53|Tuba1a|Desi1|Copg2|Txnip|Stx5a|Clip1|Snx9|Gcc2|Tmco6|Syvn1|Eif4enif1|Xpo6|Snx16|Pik3r4|Ipo4|Il33|Sec24a|Arfip1|Tmed4|Pex12|Selenos|Cse1l|Snx8|Tnpo1|Gga3|Rab5a,-1.2,hits
Reactome Gene Sets,6,R-MMU-186797,Signaling by PDGF,,-3.3,4.2,4.5,21160,53,758,8,1.1,0.37,15461|18550|18596|18708|18709|20851|21827|21828,Hras|Furin|Pdgfrb|Pik3r1|Pik3r2|Stat5b|Thbs3|Thbs4,-1.2,hits
GO Biological Processes,19,GO:0014037,Schwann cell differentiation,19_GO:0032502 developmental process,-3.3,4.2,4.5,21160,53,758,8,1.1,0.37,15461|16202|16779|17926|18810|19153|20655|234094,Hras|Ilk|Lamb2|Myoc|Plec|Prx|Sod1|Arhgef10,-1.2,hits
GO Biological Processes,19,GO:0032436,positive regulation of proteasomal ubiquitin-dependent protein catabolic process,19_GO:0048518 positive regulation of biological process,-3.3,3.5,4.3,21160,80,758,10,1.3,0.41,14694|19358|20620|26419|56371|59009|66498|68077|77125|414872,Rack1|Rad23a|Plk2|Mapk8|Fzr1|Sh3rf1|Dda1|Nop53|Il33|Zyg11b,-1.2,hits
GO Biological Processes,19,GO:0072006,nephron development,19_GO:0032502 developmental process,-3.2,2.7,4,21160,158,758,15,2,0.51,12505|13809|15213|15229|16202|16372|16449|16779|18596|18763|19126|60595|74055|74533|269152,Cd44|Enpep|Hey1|Foxd1|Ilk|Irx2|Jag1|Lamb2|Pdgfrb|Pkd1|Prom1|Actn4|Plce1|Gzf1|Kif26b,-1.2,hits
KEGG Pathway,24,mmu04150,mTOR signaling pathway - Mus musculus (house mouse),,-3.2,2.7,4,21160,158,758,15,2,0.51,11966|14368|14369|15461|16000|18708|18709|19211|20869|22241|56430|57265|64898|67605|216805,Atp6v1b2|Fzd6|Fzd7|Hras|Igf1|Pik3r1|Pik3r2|Pten|Stk11|Ulk1|Clip1|Fzd2|Lpin2|Akt1s1|Flcn,-1.2,hits
GO Biological Processes,19,GO:0090075,relaxation of muscle,19_GO:0032501 multicellular organismal process,-3.2,7,5.2,21160,20,758,5,0.66,0.29,17540|19091|20655|60596|242202,Irag1|Prkg1|Sod1|Gucy1a1|Pde5a,-1.2,hits
GO Biological Processes,19,GO:0045932,negative regulation of muscle contraction,19_GO:0048519 negative regulation of biological process,-3.2,5.6,4.8,21160,30,758,6,0.79,0.32,17540|19091|20655|30948|60596|242202,Irag1|Prkg1|Sod1|Bin1|Gucy1a1|Pde5a,-1.2,hits
GO Biological Processes,19,GO:0045664,regulation of neuron differentiation,19_GO:0032502 developmental process,-3.2,2.3,3.8,21160,247,758,20,2.6,0.58,12010|12161|14182|14561|15213|16449|19211|20315|21413|26419|27354|30948|56392|56710|69807|70834|74143|74203|208643|243937,B2m|Bmp6|Fgfr1|Gdf11|Hey1|Jag1|Pten|Cxcl12|Tcf4|Mapk8|Nbn|Bin1|Shoc2|Brinp1|Trim32|Spag9|Opa1|Eif4enif1|Eif4g1|Zfp536,-1.1,hits
GO Biological Processes,19,GO:2001242,regulation of intrinsic apoptotic signaling pathway,19_GO:0050896 response to stimulus,-3.2,2.4,3.9,21160,194,758,17,2.2,0.54,12015|12505|13666|14694|15182|18952|20315|20655|22059|69807|72287|74126|74143|109815|117198|216805|268373,Bad|Cd44|Eif2ak3|Rack1|Hdac2|Septin4|Cxcl12|Sod1|Trp53|Trim32|Plekhf1|Syvn1|Opa1|Selenos|Ivns1abp|Flcn|Ppia,-1.1,hits
GO Biological Processes,19,GO:0048145,regulation of fibroblast proliferation,19_GO:0050789 regulation of biological process,-3.2,2.9,4,21160,127,758,13,1.7,0.47,12306|12567|13134|14319|15461|16000|18596|21803|22059|27354|69807|214498|218271,Anxa2|Cdk4|Dach1|Fth1|Hras|Igf1|Pdgfrb|Tgfb1|Trp53|Nbn|Trim32|Cdc73|B4galt7,-1.1,hits
GO Biological Processes,19,GO:0010977,negative regulation of neuron projection development,19_GO:0048519 negative regulation of biological process,-3.2,2.6,4,21160,160,758,15,2,0.51,12010|13844|13865|14567|15182|18208|18846|19211|19280|20356|22241|70827|228357|231580|244152,B2m|Ephb2|Nr2f1|Gdi1|Hdac2|Ntn1|Plxna3|Pten|Ptprs|Sema5a|Ulk1|Trak2|Lrp4|Gak|Tsku,-1.1,hits
GO Biological Processes,19,GO:0072073,kidney epithelium development,19_GO:0032502 developmental process,-3.2,2.6,4,21160,160,758,15,2,0.51,12505|13003|14182|14561|15213|15229|16202|16372|16449|16779|18763|19126|21803|74533|269152,Cd44|Vcan|Fgfr1|Gdf11|Hey1|Foxd1|Ilk|Irx2|Jag1|Lamb2|Pkd1|Prom1|Tgfb1|Gzf1|Kif26b,-1.1,hits
GO Biological Processes,19,GO:1903034,regulation of response to wounding,19_GO:0050896 response to stimulus,-3.2,2.5,3.9,21160,177,758,16,2.1,0.52,11465|12258|12306|12527|13844|15461|16600|18754|19091|19211|19280|21824|67866|67996|77125|208177,Actg1|Serping1|Anxa2|Cd9|Ephb2|Hras|Klf4|Prkce|Prkg1|Pten|Ptprs|Thbd|Wfdc1|Srsf6|Il33|Phldb2,-1.1,hits
Reactome Gene Sets,6,R-MMU-9696270,RND2 GTPase cycle,,-3.2,4.7,4.6,21160,42,758,7,0.92,0.35,11671|18708|18709|64652|77480|170791|227937,Aldh3a2|Pik3r1|Pik3r2|Nisch|Kidins220|Rbm39|Pkp4,-1.1,hits
GO Biological Processes,19,GO:0007169,cell surface receptor protein tyrosine kinase signaling pathway,19_GO:0050896 response to stimulus,-3.2,1.9,3.7,21160,422,758,29,3.8,0.7,12328|13639|13666|13844|13845|14182|15461|16000|17926|18596|18708|18709|19211|20397|20411|20851|22612|23938|27965|54721|56338|67605|71436|74055|78388|213053|268996|384783|399558,Caml|Efna4|Eif2ak3|Ephb2|Ephb3|Fgfr1|Hras|Igf1|Myoc|Pdgfrb|Pik3r1|Pik3r2|Pten|Sgpl1|Sorbs1|Stat5b|Yes1|Map2k5|Spg21|Tyk2|Txnip|Akt1s1|Flrt3|Plce1|Mvp|Slc39a14|Ss18|Irs2|Flrt2,-1.1,hits
GO Biological Processes,19,GO:1901800,positive regulation of proteasomal protein catabolic process,19_GO:0048518 positive regulation of biological process,-3.2,3,4.1,21160,112,758,12,1.6,0.45,13666|14694|19358|20620|26419|56371|59009|66498|68077|77125|229317|414872,Eif2ak3|Rack1|Rad23a|Plk2|Mapk8|Fzr1|Sh3rf1|Dda1|Nop53|Il33|Eif2a|Zyg11b,-1.1,hits
GO Biological Processes,19,GO:0010564,regulation of cell cycle process,19_GO:0050789 regulation of biological process,-3.2,1.6,3.5,21160,781,758,46,6.1,0.87,12567|12576|12905|12952|13134|13194|13494|14182|14726|15270|16000|16600|18555|18596|18754|18763|19134|19186|19188|19211|20184|20620|21803|22059|26419|26992|27354|30948|50784|53413|56190|56371|66515|68077|69068|75669|75770|76123|81702|102774|208643|214498|225523|227937|232944|330177,Cdk4|Cdkn1b|Cradd|Cry1|Dach1|Ddb1|Drg1|Fgfr1|Pdpn|H2ax|Igf1|Klf4|Cdk16|Pdgfrb|Prkce|Pkd1|Prpf4b|Psme1|Psme2|Pten|Uimc1|Plk2|Tgfb1|Trp53|Mapk8|Brd7|Nbn|Bin1|Plpp2|Exoc7|Rbm38|Fzr1|Cul7|Nop53|Tcim|Pik3r4|Brsk2|Gpsm2|Ankrd17|Bbs4|Eif4g1|Cdc73|Cep120|Pkp4|Mark4|Taok3,-1.1,hits
GO Biological Processes,19,GO:0030834,regulation of actin filament depolymerization,19_GO:0050789 regulation of biological process,-3.1,4.1,4.4,21160,55,758,8,1.1,0.37,12632|20356|20740|20742|27360|76709|110380|213556,Cfl2|Sema5a|Sptan1|Sptbn1|Add3|Arpc2|Shroom2|Plekhh2,-1.1,hits
GO Biological Processes,19,GO:0043547,positive regulation of GTPase activity,19_GO:0065007 biological regulation,-3.1,2.7,3.9,21160,145,758,14,1.8,0.49,14020|14694|14697|15461|20194|21817|24047|26569|66616|105445|110829|192786|227937|234094,Evi5|Rack1|Gnb5|Hras|S100a10|Tgm2|Ccl19|Slc27a4|Snx9|Dock9|Lims1|Rapgef6|Pkp4|Arhgef10,-1.1,hits
GO Biological Processes,19,GO:1902992,negative regulation of amyloid precursor protein catabolic process,19_GO:0048519 negative regulation of biological process,-3.1,6.6,5,21160,21,758,5,0.66,0.29,14252|16000|20168|30948|260302,Flot2|Igf1|Rtn3|Bin1|Gga3,-1.1,hits
GO Biological Processes,19,GO:0007422,peripheral nervous system development,19_GO:0032502 developmental process,-3.1,3.4,4.2,21160,83,758,10,1.3,0.41,11671|15461|16202|16779|17684|17926|18810|19153|20655|234094,Aldh3a2|Hras|Ilk|Lamb2|Cited2|Myoc|Plec|Prx|Sod1|Arhgef10,-1.1,hits
Reactome Gene Sets,6,R-MMU-9013148,CDC42 GTPase cycle,,-3.1,3.4,4.2,21160,83,758,10,1.3,0.41,16443|18708|18709|94190|101497|192662|213498|219140|234094|319899,Itsn1|Pik3r1|Pik3r2|Ophn1|Plekhg2|Arhgdia|Arhgef11|Spata13|Arhgef10|Dock6,-1.1,hits
Reactome Gene Sets,6,R-MMU-5696398,Nucleotide Excision Repair,,-3.1,3.1,4.1,21160,98,758,11,1.5,0.43,13194|19358|20020|20021|22632|23894|66420|69714|77593|231329|245841,Ddb1|Rad23a|Polr2a|Polr2c|Yy1|Gtf2h2|Polr2e|Tfpt|Usp45|Polr2b|Polr2h,-1.1,hits
GO Biological Processes,19,GO:0044091,membrane biogenesis,19_GO:0009987 cellular process,-3.1,3.6,4.2,21160,69,758,9,1.2,0.39,12306|13844|16202|19211|20194|20742|68385|71678|228357,Anxa2|Ephb2|Ilk|Pten|S100a10|Sptbn1|Tlcd1|Brox|Lrp4,-1.1,hits
GO Biological Processes,19,GO:0021543,pallium development,19_GO:0032502 developmental process,-3.1,2.3,3.8,21160,215,758,18,2.4,0.55,13865|14182|15182|15270|18032|18846|19211|19280|20525|22142|67760|77040|77053|102774|216850|223697|225523|244152,Nr2f1|Fgfr1|Hdac2|H2ax|Nfix|Plxna3|Pten|Ptprs|Slc2a1|Tuba1a|Slc38a2|Atg16l1|Sun1|Bbs4|Kdm6b|Sun2|Cep120|Tsku,-1.1,hits
GO Biological Processes,19,GO:0032868,response to insulin,19_GO:0050896 response to stimulus,-3.1,2.1,3.7,21160,289,758,22,2.9,0.61,12952|13844|13845|14182|15461|18596|18708|18709|19062|19211|20411|20525|22228|26569|51788|64898|67996|74551|107508|170574|213053|384783,Cry1|Ephb2|Ephb3|Fgfr1|Hras|Pdgfrb|Pik3r1|Pik3r2|Inpp5k|Pten|Sorbs1|Slc2a1|Ucp2|Slc27a4|H2az1|Lpin2|Srsf6|Pck2|Eprs1|Sp7|Slc39a14|Irs2,-1.1,hits
GO Biological Processes,19,GO:0006006,glucose metabolic process,19_GO:0009987 cellular process,-3.1,2.7,3.9,21160,146,758,14,1.8,0.49,12015|12894|12952|14751|15277|17448|18708|22059|27376|56421|64652|70974|74551|213053,Bad|Cpt1a|Cry1|Gpi1|Hk2|Mdh2|Pik3r1|Trp53|Slc25a10|Pfkp|Nisch|Pgm2l1|Pck2|Slc39a14,-1.1,hits
GO Biological Processes,19,GO:0050768,negative regulation of neurogenesis,19_GO:0048519 negative regulation of biological process,-3.1,2.6,3.9,21160,163,758,15,2,0.51,12010|13844|14567|18208|18846|19211|19280|20356|21803|22059|22241|56710|70827|76441|228357,B2m|Ephb2|Gdi1|Ntn1|Plxna3|Pten|Ptprs|Sema5a|Tgfb1|Trp53|Ulk1|Brinp1|Trak2|Daam2|Lrp4,-1.1,hits
GO Biological Processes,19,GO:0007507,heart development,19_GO:0032502 developmental process,-3.1,1.7,3.5,21160,656,758,40,5.3,0.81,11607|12576|13003|13805|14182|14726|15182|15213|16202|16449|16911|17684|18032|18596|18763|18810|19091|19211|20182|20348|20928|21803|22059|23863|23938|57265|63958|68861|71436|71458|71997|74123|75691|77087|109181|216274|216850|268977|320878|399558,Agtr1a|Cdkn1b|Vcan|Eng|Fgfr1|Pdpn|Hdac2|Hey1|Ilk|Jag1|Lmo4|Cited2|Nfix|Pdgfrb|Pkd1|Plec|Prkg1|Pten|Rxrb|Sema3c|Abcc9|Tgfb1|Trp53|Dand5|Map2k5|Fzd2|Ube4b|Dipk2a|Flrt3|Bcor|Smg9|Foxp4|Anks6|Ankrd11|Trip11|Cep290|Kdm6b|Ltbp1|Mical2|Flrt2,-1.1,hits
GO Biological Processes,19,GO:0032869,cellular response to insulin stimulus,19_GO:0050896 response to stimulus,-3.1,2.3,3.8,21160,216,758,18,2.4,0.55,13844|13845|14182|15461|18596|18708|18709|19062|19211|20411|22228|26569|51788|64898|74551|107508|213053|384783,Ephb2|Ephb3|Fgfr1|Hras|Pdgfrb|Pik3r1|Pik3r2|Inpp5k|Pten|Sorbs1|Ucp2|Slc27a4|H2az1|Lpin2|Pck2|Eprs1|Slc39a14|Irs2,-1.1,hits
GO Biological Processes,19,GO:1905684,regulation of plasma membrane repair,19_GO:0050896 response to stimulus,-3.1,14,6.1,21160,6,758,3,0.4,0.23,12306|17886|20194,Anxa2|Myh9|S100a10,-1.1,hits
Reactome Gene Sets,6,R-MMU-113418,Formation of the Early Elongation Complex,,-3.1,5.2,4.6,21160,32,758,6,0.79,0.32,20020|20021|23894|66420|231329|245841,Polr2a|Polr2c|Gtf2h2|Polr2e|Polr2b|Polr2h,-1.1,hits
KEGG Pathway,24,mmu03020,RNA polymerase - Mus musculus (house mouse),,-3.1,5.2,4.6,21160,32,758,6,0.79,0.32,20020|20021|66420|67005|231329|245841,Polr2a|Polr2c|Polr2e|Polr3k|Polr2b|Polr2h,-1.1,hits
GO Biological Processes,19,GO:0060348,bone development,19_GO:0032502 developmental process,-3.1,2.3,3.7,21160,235,758,19,2.5,0.57,12161|12306|13805|16000|17684|17926|18032|18634|21803|21817|21827|22059|23850|56401|77087|102866|109181|235320|242509,Bmp6|Anxa2|Eng|Igf1|Cited2|Myoc|Nfix|Pex7|Tgfb1|Tgm2|Thbs3|Trp53|Pappa2|P3h1|Ankrd11|Pls3|Trip11|Zbtb16|Bnc2,-1.1,hits
GO Biological Processes,19,GO:0016055,Wnt signaling pathway,19_GO:0050896 response to stimulus,-3.1,2.1,3.7,21160,291,758,22,2.9,0.61,12505|13194|14368|14369|14735|15229|16600|17926|18763|19211|21803|26992|57265|67181|72135|74775|76441|102774|214498|214897|228357|271457,Cd44|Ddb1|Fzd6|Fzd7|Gpc4|Foxd1|Klf4|Myoc|Pkd1|Pten|Tgfb1|Brd7|Fzd2|Ctdnep1|Pygo1|Lmbr1l|Daam2|Bbs4|Cdc73|Csnk1g1|Lrp4|Rab5a,-1.1,hits
GO Biological Processes,19,GO:0007265,Ras protein signal transduction,19_GO:0050896 response to stimulus,-3.1,3.6,4.2,21160,70,758,9,1.2,0.39,15461|16706|18208|20620|22059|22241|74055|78255|192786,Hras|Ksr1|Ntn1|Plk2|Trp53|Ulk1|Plce1|Ralgps2|Rapgef6,-1.1,hits
KEGG Pathway,24,mmu05211,Renal cell carcinoma - Mus musculus (house mouse),,-3.1,3.6,4.2,21160,70,758,9,1.2,0.39,12015|13819|15461|18708|18709|20525|21803|112407|216805,Bad|Epas1|Hras|Pik3r1|Pik3r2|Slc2a1|Tgfb1|Egln3|Flcn,-1.1,hits
GO Biological Processes,19,GO:1901888,regulation of cell junction assembly,19_GO:0050789 regulation of biological process,-3.1,2.1,3.6,21160,311,758,23,3,0.62,11465|13844|13845|14182|14735|17886|17926|18208|18708|19211|19280|20194|22359|64085|71436|83814|110829|140580|208177|208643|228357|239250|399558,Actg1|Ephb2|Ephb3|Fgfr1|Gpc4|Myh9|Myoc|Ntn1|Pik3r1|Pten|Ptprs|S100a10|Vldlr|Clstn2|Flrt3|Nedd4l|Lims1|Elmo1|Phldb2|Eif4g1|Lrp4|Slitrk6|Flrt2,-1.1,hits
Reactome Gene Sets,6,R-MMU-73776,RNA Polymerase II Promoter Escape,,-3.1,4.4,4.4,21160,44,758,7,0.92,0.35,20020|20021|23894|66420|83602|231329|245841,Polr2a|Polr2c|Gtf2h2|Polr2e|Gtf2a1|Polr2b|Polr2h,-1.1,hits
Reactome Gene Sets,6,R-MMU-72165,mRNA Splicing - Minor Pathway,,-3.1,4.4,4.4,21160,44,758,7,0.92,0.35,20020|20021|66420|110809|231329|245841|320632,Polr2a|Polr2c|Polr2e|Srsf1|Polr2b|Polr2h|Snrnp200,-1.1,hits
Reactome Gene Sets,6,R-MMU-76042,RNA Polymerase II Transcription Initiation And Promoter Clearance,,-3.1,4.4,4.4,21160,44,758,7,0.92,0.35,20020|20021|23894|66420|83602|231329|245841,Polr2a|Polr2c|Gtf2h2|Polr2e|Gtf2a1|Polr2b|Polr2h,-1.1,hits
Reactome Gene Sets,6,R-MMU-75953,RNA Polymerase II Transcription Initiation,,-3.1,4.4,4.4,21160,44,758,7,0.92,0.35,20020|20021|23894|66420|83602|231329|245841,Polr2a|Polr2c|Gtf2h2|Polr2e|Gtf2a1|Polr2b|Polr2h,-1.1,hits
Reactome Gene Sets,6,R-MMU-73779,RNA Polymerase II Transcription Pre-Initiation And Promoter Opening,,-3.1,4.4,4.4,21160,44,758,7,0.92,0.35,20020|20021|23894|66420|83602|231329|245841,Polr2a|Polr2c|Gtf2h2|Polr2e|Gtf2a1|Polr2b|Polr2h,-1.1,hits
Reactome Gene Sets,6,R-MMU-199991,Membrane Trafficking,,-3,1.8,3.5,21160,533,758,34,4.5,0.75,11465|11607|11765|14319|14567|16443|16563|20334|20619|20742|22142|22143|22241|30948|53598|54160|56389|66616|66691|70297|76709|77371|77929|106628|108148|109181|227613|227800|228355|231580|231874|233489|269152|271457,Actg1|Agtr1a|Ap1g1|Fth1|Gdi1|Itsn1|Kif2a|Sec23a|Snap23|Sptbn1|Tuba1a|Tuba1b|Ulk1|Bin1|Dctn3|Copg2|Stx5a|Snx9|Gapvd1|Gcc2|Arpc2|Sec24a|Yipf6|Trip10|Galnt2|Trip11|Tubb4b|Rabgap1|Madd|Gak|Ccz1|Picalm|Kif26b|Rab5a,-1.1,hits
KEGG Pathway,24,mmu05215,Prostate cancer - Mus musculus (house mouse),,-3,3.1,4,21160,100,758,11,1.5,0.43,12015|12576|14182|15461|15516|16000|18596|18708|18709|19211|22059,Bad|Cdkn1b|Fgfr1|Hras|Hsp90ab1|Igf1|Pdgfrb|Pik3r1|Pik3r2|Pten|Trp53,-1.1,hits
GO Biological Processes,19,GO:0061041,regulation of wound healing,19_GO:0050896 response to stimulus,-3,2.7,3.9,21160,132,758,13,1.7,0.47,11465|12258|12306|12527|13844|15461|18754|19091|19211|21824|67866|67996|208177,Actg1|Serping1|Anxa2|Cd9|Ephb2|Hras|Prkce|Prkg1|Pten|Thbd|Wfdc1|Srsf6|Phldb2,-1.1,hits
GO Biological Processes,19,GO:0048640,negative regulation of developmental growth,19_GO:0040007 growth,-3,2.9,3.9,21160,116,758,12,1.6,0.45,12576|15182|17684|18208|18846|19211|19280|20356|22241|22632|70834|74116,Cdkn1b|Hdac2|Cited2|Ntn1|Plxna3|Pten|Ptprs|Sema5a|Ulk1|Yy1|Spag9|Pi16,-1.1,hits
GO Biological Processes,19,GO:0010498,proteasomal protein catabolic process,19_GO:0009987 cellular process,-3,1.8,3.5,21160,493,758,32,4.2,0.73,11907|13194|13666|14794|19053|19175|19358|22670|28199|56371|56710|58799|59090|63958|66349|67118|70247|70382|74126|75770|77087|77891|83814|106021|109815|117198|223455|227619|242736|244373|269514|387524,Ate1|Ddb1|Eif2ak3|Spsb2|Ppp2cb|Psmb6|Rad23a|Trim26|Dcaf11|Fzr1|Brinp1|Crbn|Midn|Ube4b|Dmac2|Bfar|Psmd1|Kctd2|Syvn1|Brsk2|Ankrd11|Ube2s|Nedd4l|Topors|Selenos|Ivns1abp|Marchf6|Man1b1|Pramel12|Erlin2|Fbxl4|Znrf2,-1.1,hits
WikiPathways,27,WP2573,Primary focal segmental glomerulosclerosis FSGS,,-3,3.5,4.1,21160,71,758,9,1.2,0.39,12576|16202|16449|16779|17886|21803|60595|74055|110829,Cdkn1b|Ilk|Jag1|Lamb2|Myh9|Tgfb1|Actn4|Plce1|Lims1,-1.1,hits
KEGG Pathway,24,mmu04068,FoxO signaling pathway - Mus musculus (house mouse),,-3,2.7,3.9,21160,133,758,13,1.7,0.47,12576|15461|16000|18708|18709|19211|20620|20869|21803|26419|57436|74551|384783,Cdkn1b|Hras|Igf1|Pik3r1|Pik3r2|Pten|Plk2|Stk11|Tgfb1|Mapk8|Gabarapl1|Pck2|Irs2,-1,hits
KEGG Pathway,24,mmu04540,Gap junction - Mus musculus (house mouse),,-3,3.2,4,21160,86,758,10,1.3,0.41,11513|15461|16440|18596|19091|22142|22143|23938|60596|227613,Adcy7|Hras|Itpr3|Pdgfrb|Prkg1|Tuba1a|Tuba1b|Map2k5|Gucy1a1|Tubb4b,-1,hits
GO Biological Processes,19,GO:0072210,metanephric nephron development,19_GO:0032502 developmental process,-3,5.1,4.5,21160,33,758,6,0.79,0.32,15229|16372|16779|18596|18763|269152,Foxd1|Irx2|Lamb2|Pdgfrb|Pkd1|Kif26b,-1,hits
GO Biological Processes,19,GO:0045724,positive regulation of cilium assembly,19_GO:0048518 positive regulation of biological process,-3,5.1,4.5,21160,33,758,6,0.79,0.32,102774|225523|230872|231225|232944|234776,Bbs4|Cep120|Crocc|Tapt1|Mark4|Atmin,-1,hits
GO Biological Processes,19,GO:0046578,regulation of Ras protein signal transduction,19_GO:0050896 response to stimulus,-3,3.9,4.2,21160,58,758,8,1.1,0.37,13844|15461|16000|19053|54402|56392|216805|233489,Ephb2|Hras|Igf1|Ppp2cb|Stk19|Shoc2|Flcn|Picalm,-1,hits
GO Biological Processes,19,GO:0010721,negative regulation of cell development,19_GO:0048519 negative regulation of biological process,-3,2,3.6,21160,315,758,23,3,0.62,12010|12400|12505|13844|14567|16000|18208|18708|18846|19211|19280|20356|21803|21873|22059|22241|56710|67122|70827|76441|83554|228357|239114,B2m|Cbfb|Cd44|Ephb2|Gdi1|Igf1|Ntn1|Pik3r1|Plxna3|Pten|Ptprs|Sema5a|Tgfb1|Tjp2|Trp53|Ulk1|Brinp1|Nrarp|Trak2|Daam2|Fstl3|Lrp4|Il17d,-1,hits
WikiPathways,27,WP85,Focal adhesion,,-3,2.4,3.7,21160,185,758,16,2.1,0.52,11465|12015|16000|16202|16779|18596|18708|18709|19211|21827|21828|23928|23938|26419|75669|213119,Actg1|Bad|Igf1|Ilk|Lamb2|Pdgfrb|Pik3r1|Pik3r2|Pten|Thbs3|Thbs4|Lamc3|Map2k5|Mapk8|Pik3r4|Itga10,-1,hits
GO Biological Processes,19,GO:0006109,regulation of carbohydrate metabolic process,19_GO:0050789 regulation of biological process,-3,2.3,3.7,21160,221,758,18,2.4,0.55,12952|13194|16000|17886|17978|18754|18799|19062|19091|19228|19386|20411|20869|21803|22059|59090|216805|384783,Cry1|Ddb1|Igf1|Myh9|Ncoa2|Prkce|Plcd1|Inpp5k|Prkg1|Pth1r|Ranbp2|Sorbs1|Stk11|Tgfb1|Trp53|Midn|Flcn|Irs2,-1,hits
KEGG Pathway,24,mmu04210,Apoptosis - Mus musculus (house mouse),,-3,2.7,3.8,21160,134,758,13,1.7,0.47,11465|12015|13666|15461|16440|18708|18709|18952|20740|22059|22142|22143|26419,Actg1|Bad|Eif2ak3|Hras|Itpr3|Pik3r1|Pik3r2|Septin4|Sptan1|Trp53|Tuba1a|Tuba1b|Mapk8,-1,hits
GO Biological Processes,19,GO:0019725,cellular homeostasis,19_GO:0042592 homeostatic process,-3,1.6,3.4,21160,732,758,43,5.7,0.84,11966|12010|12161|12562|12632|13400|14299|14319|14645|14694|15277|16000|16783|18708|18709|18754|18799|19228|20530|20655|20866|21803|21817|22059|22228|52055|66972|67809|69668|69807|72961|73658|74551|76614|77891|106957|109815|170756|213053|230872|233489|240660|384783,Atp6v1b2|B2m|Bmp6|Cdh5|Cfl2|Dmpk|Ncs1|Fth1|Glul|Rack1|Hk2|Igf1|Lamp1|Pik3r1|Pik3r2|Prkce|Plcd1|Pth1r|Slc31a2|Sod1|Stim1|Tgfb1|Tgm2|Trp53|Ucp2|Rab11fip5|Slc25a23|Rmdn3|Ccdc115|Trim32|Slc17a7|Spns1|Pck2|Immt|Ube2s|Slc39a6|Selenos|Slc8b1|Slc39a14|Crocc|Picalm|Slc35g1|Irs2,-1,hits
GO Biological Processes,19,GO:0043085,positive regulation of catalytic activity,19_GO:0065007 biological regulation,-3,1.6,3.4,21160,733,758,43,5.7,0.84,11513|11607|12015|12905|13666|14020|14182|14694|14697|15461|16000|16911|18227|18596|19211|20194|20655|20866|20869|21817|22359|24047|26419|26569|27354|56371|64384|66616|68041|69068|77891|100732|105445|106021|110829|112407|192786|227937|234094|242202|268373|269881|330177,Adcy7|Agtr1a|Bad|Cradd|Eif2ak3|Evi5|Fgfr1|Rack1|Gnb5|Hras|Igf1|Lmo4|Nr4a2|Pdgfrb|Pten|S100a10|Sod1|Stim1|Stk11|Tgm2|Vldlr|Ccl19|Mapk8|Slc27a4|Nbn|Fzr1|Sirt3|Snx9|Mid1ip1|Tcim|Ube2s|Mapre3|Dock9|Topors|Lims1|Egln3|Rapgef6|Pkp4|Arhgef10|Pde5a|Ppia|Map3k10|Taok3,-1,hits
GO Biological Processes,19,GO:0150105,protein localization to cell-cell junction,19_GO:0051179 localization,-2.9,6.1,4.7,21160,23,758,5,0.66,0.29,11465|12562|21873|26419|60595,Actg1|Cdh5|Tjp2|Mapk8|Actn4,-1,hits
GO Biological Processes,19,GO:0050679,positive regulation of epithelial cell proliferation,19_GO:0048518 positive regulation of biological process,-2.9,2.2,3.6,21160,241,758,19,2.5,0.57,11607|12015|12161|12567|14182|14369|14595|14645|15461|16000|20315|20356|21803|21828|23938|67122|67996|226841|384783,Agtr1a|Bad|Bmp6|Cdk4|Fgfr1|Fzd7|B4galt1|Glul|Hras|Igf1|Cxcl12|Sema5a|Tgfb1|Thbs4|Map2k5|Nrarp|Srsf6|Vash2|Irs2,-1,hits
Reactome Gene Sets,6,R-MMU-418346,Platelet homeostasis,,-2.9,3.4,4,21160,73,758,9,1.2,0.39,14697|14701|16440|17540|19053|19091|66066|226849|242202,Gnb5|Gng12|Itpr3|Irag1|Ppp2cb|Prkg1|Gng11|Ppp2r5a|Pde5a,-1,hits
GO Biological Processes,19,GO:0008285,negative regulation of cell population proliferation,19_GO:0048519 negative regulation of biological process,-2.9,1.6,3.4,21160,757,758,44,5.8,0.85,12010|12505|12527|12562|12576|13134|13805|14319|14561|14595|14726|15182|15461|16000|16202|16600|17684|18708|18952|19091|19211|19228|20315|20869|21803|21843|22059|22241|50794|56190|56392|67269|67866|69807|77125|102657|110829|207259|214498|216805|218271|235320|242202|242608,B2m|Cd44|Cd9|Cdh5|Cdkn1b|Dach1|Eng|Fth1|Gdf11|B4galt1|Pdpn|Hdac2|Hras|Igf1|Ilk|Klf4|Cited2|Pik3r1|Septin4|Prkg1|Pten|Pth1r|Cxcl12|Stk11|Tgfb1|Tial1|Trp53|Ulk1|Klf13|Rbm38|Shoc2|Agtpbp1|Wfdc1|Trim32|Il33|Cd276|Lims1|Zbtb7c|Cdc73|Flcn|B4galt7|Zbtb16|Pde5a|Podn,-1,hits
GO Biological Processes,19,GO:0022011,myelination in peripheral nervous system,19_GO:0032502 developmental process,-2.9,4.9,4.4,21160,34,758,6,0.79,0.32,16202|17926|18810|19153|20655|234094,Ilk|Myoc|Plec|Prx|Sod1|Arhgef10,-1,hits
GO Biological Processes,19,GO:0032292,peripheral nervous system axon ensheathment,19_GO:0032502 developmental process,-2.9,4.9,4.4,21160,34,758,6,0.79,0.32,16202|17926|18810|19153|20655|234094,Ilk|Myoc|Plec|Prx|Sod1|Arhgef10,-1,hits
Reactome Gene Sets,6,R-MMU-9018519,Estrogen-dependent gene expression,,-2.9,3.2,3.9,21160,88,758,10,1.3,0.41,12400|15516|17978|20020|20021|66420|68024|83602|231329|245841,Cbfb|Hsp90ab1|Ncoa2|Polr2a|Polr2c|Polr2e|H2bc4|Gtf2a1|Polr2b|Polr2h,-1,hits
GO Biological Processes,19,GO:0090596,sensory organ morphogenesis,19_GO:0032502 developmental process,-2.9,2,3.5,21160,338,758,24,3.2,0.64,13844|14182|14368|14561|15182|16449|17150|17684|18185|18208|19126|19893|20655|22632|24013|50530|57265|67269|72747|102774|110380|216274|239250|244152,Ephb2|Fgfr1|Fzd6|Gdf11|Hdac2|Jag1|Mfap2|Cited2|Nrl|Ntn1|Prom1|Rpgr|Sod1|Yy1|Grk1|Mfap5|Fzd2|Agtpbp1|Ttc39c|Bbs4|Shroom2|Cep290|Slitrk6|Tsku,-1,hits
GO Biological Processes,19,GO:0016358,dendrite development,19_GO:0032502 developmental process,-2.9,2.6,3.7,21160,153,758,14,1.8,0.49,13844|13845|15182|18208|19091|19211|22359|26419|50790|70827|77480|102774|228357|233489,Ephb2|Ephb3|Hdac2|Ntn1|Prkg1|Pten|Vldlr|Mapk8|Acsl4|Trak2|Kidins220|Bbs4|Lrp4|Picalm,-0.99,hits
GO Biological Processes,19,GO:0071260,cellular response to mechanical stimulus,19_GO:0050896 response to stimulus,-2.9,3,3.8,21160,104,758,11,1.5,0.43,12015|12161|12905|13805|18810|20525|21803|67760|77125|192662|667742,Bad|Bmp6|Cradd|Eng|Plec|Slc2a1|Tgfb1|Slc38a2|Il33|Arhgdia|Piezo2,-0.98,hits
Reactome Gene Sets,6,R-MMU-2029480,Fcgamma receptor (FCGR) dependent phagocytosis,,-2.9,3.4,4,21160,74,758,9,1.2,0.39,11465|15516|17886|18708|18709|18754|22612|76709|140580,Actg1|Hsp90ab1|Myh9|Pik3r1|Pik3r2|Prkce|Yes1|Arpc2|Elmo1,-0.98,hits
Reactome Gene Sets,6,R-MMU-2682334,EPH-Ephrin signaling,,-2.9,3.7,4.1,21160,60,758,8,1.1,0.37,11465|13639|13844|13845|15461|16443|22612|76709,Actg1|Efna4|Ephb2|Ephb3|Hras|Itsn1|Yes1|Arpc2,-0.98,hits
GO Biological Processes,19,GO:1902930,regulation of alcohol biosynthetic process,19_GO:0050789 regulation of biological process,-2.9,3.7,4.1,21160,60,758,8,1.1,0.37,12161|12724|17886|18799|19091|19228|20655|244373,Bmp6|Clcn2|Myh9|Plcd1|Prkg1|Pth1r|Sod1|Erlin2,-0.98,hits
GO Biological Processes,19,GO:1903532,positive regulation of secretion by cell,19_GO:0051179 localization,-2.9,1.9,3.4,21160,400,758,27,3.6,0.67,11765|12015|12161|12306|14182|14299|14645|16000|16443|16783|17886|18754|18799|20194|20315|20866|20910|21803|50790|56708|64384|74551|76338|77371|268373|271457|384783,Ap1g1|Bad|Bmp6|Anxa2|Fgfr1|Ncs1|Glul|Igf1|Itsn1|Lamp1|Myh9|Prkce|Plcd1|S100a10|Cxcl12|Stim1|Stxbp1|Tgfb1|Acsl4|Clcf1|Sirt3|Pck2|Rab2b|Sec24a|Ppia|Rab5a|Irs2,-0.97,hits
Reactome Gene Sets,6,R-MMU-1660499,Synthesis of PIPs at the plasma membrane,,-2.9,4.2,4.2,21160,47,758,7,0.92,0.35,18708|18709|19062|19211|240752|240753|271457,Pik3r1|Pik3r2|Inpp5k|Pten|Pik3c2b|Plekha6|Rab5a,-0.97,hits
GO Biological Processes,19,GO:0072164,mesonephric tubule development,19_GO:0032502 developmental process,-2.9,2.9,3.8,21160,105,758,11,1.5,0.43,12505|13003|14182|14561|15213|15229|16202|18763|21803|74533|269152,Cd44|Vcan|Fgfr1|Gdf11|Hey1|Foxd1|Ilk|Pkd1|Tgfb1|Gzf1|Kif26b,-0.96,hits
GO Biological Processes,19,GO:0072163,mesonephric epithelium development,19_GO:0032502 developmental process,-2.9,2.9,3.8,21160,105,758,11,1.5,0.43,12505|13003|14182|14561|15213|15229|16202|18763|21803|74533|269152,Cd44|Vcan|Fgfr1|Gdf11|Hey1|Foxd1|Ilk|Pkd1|Tgfb1|Gzf1|Kif26b,-0.96,hits
GO Biological Processes,19,GO:0046579,positive regulation of Ras protein signal transduction,19_GO:0048518 positive regulation of biological process,-2.9,5.8,4.5,21160,24,758,5,0.66,0.29,15461|16000|54402|56392|233489,Hras|Igf1|Stk19|Shoc2|Picalm,-0.95,hits
WikiPathways,27,WP1244,Estrogen signaling,,-2.9,3.3,3.9,21160,75,758,9,1.2,0.39,15182|15461|16202|20020|20021|23894|66420|231329|245841,Hdac2|Hras|Ilk|Polr2a|Polr2c|Gtf2h2|Polr2e|Polr2b|Polr2h,-0.95,hits
Reactome Gene Sets,6,R-MMU-1169410,Antiviral mechanism by IFN-stimulated genes,,-2.8,3.1,3.9,21160,90,758,10,1.3,0.41,19053|21357|22059|22142|22143|67781|208643|226849|227613|286940,Ppp2cb|Tarbp2|Trp53|Tuba1a|Tuba1b|Ilf2|Eif4g1|Ppp2r5a|Tubb4b|Flnb,-0.95,hits
KEGG Pathway,24,mmu04211,Longevity regulating pathway - Mus musculus (house mouse),,-2.8,3.1,3.9,21160,90,758,10,1.3,0.41,11513|15461|16000|18708|18709|20869|22059|22241|67605|384783,Adcy7|Hras|Igf1|Pik3r1|Pik3r2|Stk11|Trp53|Ulk1|Akt1s1|Irs2,-0.95,hits
GO Biological Processes,19,GO:1990928,response to amino acid starvation,19_GO:0050896 response to stimulus,-2.8,3.7,4,21160,61,758,8,1.1,0.37,13666|22228|22241|26419|67760|69807|216805|229317,Eif2ak3|Ucp2|Ulk1|Mapk8|Slc38a2|Trim32|Flcn|Eif2a,-0.95,hits
GO Biological Processes,19,GO:1904872,regulation of telomerase RNA localization to Cajal body,19_GO:0051179 localization,-2.8,12,5.6,21160,7,758,3,0.4,0.23,12461|12464|245474,Cct2|Cct4|Dkc1,-0.95,hits
GO Biological Processes,19,GO:1902396,protein localization to bicellular tight junction,19_GO:0051179 localization,-2.8,12,5.6,21160,7,758,3,0.4,0.23,11465|12562|60595,Actg1|Cdh5|Actn4,-0.95,hits
GO Biological Processes,19,GO:0051961,negative regulation of nervous system development,19_GO:0048519 negative regulation of biological process,-2.8,2.4,3.6,21160,173,758,15,2,0.51,12010|13844|14567|18208|18846|19211|19280|20356|21803|22059|22241|56710|70827|76441|228357,B2m|Ephb2|Gdi1|Ntn1|Plxna3|Pten|Ptprs|Sema5a|Tgfb1|Trp53|Ulk1|Brinp1|Trak2|Daam2|Lrp4,-0.95,hits
GO Biological Processes,19,GO:0071496,cellular response to external stimulus,19_GO:0050896 response to stimulus,-2.8,2.9,3.8,21160,106,758,11,1.5,0.43,12015|12161|12905|13805|18810|20525|21803|67760|77125|192662|667742,Bad|Bmp6|Cradd|Eng|Plec|Slc2a1|Tgfb1|Slc38a2|Il33|Arhgdia|Piezo2,-0.95,hits
Reactome Gene Sets,6,R-MMU-6781823,Formation of TC-NER Pre-Incision Complex,,-2.8,4.1,4.1,21160,48,758,7,0.92,0.35,13194|20020|20021|23894|66420|231329|245841,Ddb1|Polr2a|Polr2c|Gtf2h2|Polr2e|Polr2b|Polr2h,-0.94,hits
Reactome Gene Sets,6,R-MMU-5654736,Signaling by FGFR1,,-2.8,4.1,4.1,21160,48,758,7,0.92,0.35,14182|15461|17346|18708|19053|71436|399558,Fgfr1|Hras|Mknk1|Pik3r1|Ppp2cb|Flrt3|Flrt2,-0.94,hits
GO Biological Processes,19,GO:0051640,organelle localization,19_GO:0051179 localization,-2.8,1.7,3.3,21160,571,758,35,4.6,0.76,17281|17886|18208|18763|20619|20869|20910|22142|24086|30948|53413|54160|56389|60595|64540|67037|67269|68861|70827|70834|74143|75620|75909|76123|77053|109181|109359|110380|216274|216805|223697|225523|228355|230872|233489,Fyco1|Myh9|Ntn1|Pkd1|Snap23|Stk11|Stxbp1|Tuba1a|Tlk2|Bin1|Exoc7|Copg2|Stx5a|Actn4|Tspan4|Pmf1|Agtpbp1|Dipk2a|Trak2|Spag9|Opa1|Kxd1|Vmp1|Gpsm2|Sun1|Trip11|Abraxas2|Shroom2|Cep290|Flcn|Sun2|Cep120|Madd|Crocc|Picalm,-0.94,hits
GO Biological Processes,19,GO:0021537,telencephalon development,19_GO:0032502 developmental process,-2.8,2,3.4,21160,324,758,23,3,0.62,13844|13845|13865|14182|15182|15270|18032|18846|19211|19280|20315|20525|22142|67269|67760|69080|77040|77053|102774|216850|223697|225523|244152,Ephb2|Ephb3|Nr2f1|Fgfr1|Hdac2|H2ax|Nfix|Plxna3|Pten|Ptprs|Cxcl12|Slc2a1|Tuba1a|Agtpbp1|Slc38a2|Gmppa|Atg16l1|Sun1|Bbs4|Kdm6b|Sun2|Cep120|Tsku,-0.94,hits
GO Biological Processes,19,GO:0051223,regulation of protein transport,19_GO:0051179 localization,-2.8,1.7,3.3,21160,550,758,34,4.5,0.75,12015|12894|14645|14694|15516|16000|17886|18555|18708|18709|18754|18769|19134|20866|21803|22228|50790|52055|56401|59090|64384|66691|70297|74551|75770|76273|77371|99889|170756|216274|228355|233489|268373|384783,Bad|Cpt1a|Glul|Rack1|Hsp90ab1|Igf1|Myh9|Cdk16|Pik3r1|Pik3r2|Prkce|Pkig|Prpf4b|Stim1|Tgfb1|Ucp2|Acsl4|Rab11fip5|P3h1|Midn|Sirt3|Gapvd1|Gcc2|Pck2|Brsk2|Ndfip2|Sec24a|Arfip1|Slc8b1|Cep290|Madd|Picalm|Ppia|Irs2,-0.94,hits
GO Biological Processes,19,GO:0030029,actin filament-based process,19_GO:0009987 cellular process,-2.8,1.7,3.3,21160,593,758,36,4.7,0.77,11465|12632|13169|13823|14453|14726|17886|18596|18810|20411|20740|20742|20928|27361|27428|60595|64652|66938|68794|69807|71994|75770|76441|76709|83814|94190|98932|102866|109624|110380|140580|215789|223697|234094|286940|320878,Actg1|Cfl2|Dbnl|Epb41l3|Gas2|Pdpn|Myh9|Pdgfrb|Plec|Sorbs1|Sptan1|Sptbn1|Abcc9|Msrb1|Shroom3|Actn4|Nisch|Sh3d21|Flnc|Trim32|Cnn3|Brsk2|Daam2|Arpc2|Nedd4l|Ophn1|Myl9|Pls3|Cald1|Shroom2|Elmo1|Phactr2|Sun2|Arhgef10|Flnb|Mical2,-0.94,hits
GO Biological Processes,19,GO:1903035,negative regulation of response to wounding,19_GO:0048519 negative regulation of biological process,-2.8,3.1,3.8,21160,91,758,10,1.3,0.41,12258|12306|12527|19091|19211|19280|21824|67866|77125|208177,Serping1|Anxa2|Cd9|Prkg1|Pten|Ptprs|Thbd|Wfdc1|Il33|Phldb2,-0.94,hits
GO Biological Processes,19,GO:0016051,carbohydrate biosynthetic process,19_GO:0009987 cellular process,-2.8,2.7,3.7,21160,123,758,12,1.6,0.45,12952|14595|14751|14873|17448|26879|27357|27376|59031|74551|77590|213053,Cry1|B4galt1|Gpi1|Gsto1|Mdh2|B3galnt1|Gyg1|Slc25a10|Chst12|Pck2|Chst15|Slc39a14,-0.94,hits
KEGG Pathway,24,mmu04910,Insulin signaling pathway - Mus musculus (house mouse),,-2.8,2.6,3.6,21160,140,758,13,1.7,0.47,12015|14252|15277|15461|17346|18708|18709|20411|26419|53413|74551|106628|384783,Bad|Flot2|Hk2|Hras|Mknk1|Pik3r1|Pik3r2|Sorbs1|Mapk8|Exoc7|Pck2|Trip10|Irs2,-0.93,hits
GO Biological Processes,19,GO:0060041,retina development in camera-type eye,19_GO:0032502 developmental process,-2.8,2.2,3.5,21160,212,758,17,2.2,0.54,12724|14561|16779|18032|18185|18596|19126|19893|21803|23928|24013|67269|77593|102774|210992|216274|320736,Clcn2|Gdf11|Lamb2|Nfix|Nrl|Pdgfrb|Prom1|Rpgr|Tgfb1|Lamc3|Grk1|Agtpbp1|Usp45|Bbs4|Lpcat1|Cep290|Vstm4,-0.91,hits
Reactome Gene Sets,6,R-MMU-1614635,Sulfur amino acid metabolism,,-2.8,5.6,4.4,21160,25,758,5,0.66,0.29,14261|27376|104923|238505|246221,Fmo1|Slc25a10|Adi1|Mtr|Mpst,-0.91,hits
GO Biological Processes,19,GO:0042659,regulation of cell fate specification,19_GO:0032502 developmental process,-2.8,5.6,4.4,21160,25,758,5,0.66,0.29,14182|14369|15182|16911|234366,Fgfr1|Fzd7|Hdac2|Lmo4|Gatad2a,-0.91,hits
GO Biological Processes,19,GO:0001823,mesonephros development,19_GO:0032502 developmental process,-2.8,2.8,3.7,21160,108,758,11,1.5,0.43,12505|13003|14182|14561|15213|15229|16202|18763|21803|74533|269152,Cd44|Vcan|Fgfr1|Gdf11|Hey1|Foxd1|Ilk|Pkd1|Tgfb1|Gzf1|Kif26b,-0.91,hits
GO Biological Processes,19,GO:0001501,skeletal system development,19_GO:0032502 developmental process,-2.8,1.7,3.3,21160,554,758,34,4.5,0.75,11694|12161|12306|13003|13666|13805|14182|14561|16000|17313|17684|17926|18032|18596|18634|18763|19228|20397|21803|21810|21817|21827|22059|23850|56401|77087|102866|105278|109181|213053|217935|231225|235320|242509,Alx3|Bmp6|Anxa2|Vcan|Eif2ak3|Eng|Fgfr1|Gdf11|Igf1|Mgp|Cited2|Myoc|Nfix|Pdgfrb|Pex7|Pkd1|Pth1r|Sgpl1|Tgfb1|Tgfbi|Tgm2|Thbs3|Trp53|Pappa2|P3h1|Ankrd11|Pls3|Cdk20|Trip11|Slc39a14|Dync2i1|Tapt1|Zbtb16|Bnc2,-0.91,hits
KEGG Pathway,24,mmu04151,PI3K-Akt signaling pathway - Mus musculus (house mouse),,-2.8,1.9,3.4,21160,367,758,25,3.3,0.65,12015|12567|12576|13639|14182|14697|14701|15461|15516|16000|16779|18596|18708|18709|19053|19211|20869|21827|21828|22059|23928|66066|74551|213119|226849,Bad|Cdk4|Cdkn1b|Efna4|Fgfr1|Gnb5|Gng12|Hras|Hsp90ab1|Igf1|Lamb2|Pdgfrb|Pik3r1|Pik3r2|Ppp2cb|Pten|Stk11|Thbs3|Thbs4|Trp53|Lamc3|Gng11|Pck2|Itga10|Ppp2r5a,-0.91,hits
GO Biological Processes,19,GO:0055082,intracellular chemical homeostasis,19_GO:0042592 homeostatic process,-2.8,1.7,3.3,21160,619,758,37,4.9,0.78,11966|12010|12161|12562|13400|14299|14319|14645|14694|15277|16000|16783|18708|18709|18754|18799|19228|20530|20655|20866|21803|21817|22059|22228|52055|66972|67809|69668|73658|74551|76614|106957|170756|213053|233489|240660|384783,Atp6v1b2|B2m|Bmp6|Cdh5|Dmpk|Ncs1|Fth1|Glul|Rack1|Hk2|Igf1|Lamp1|Pik3r1|Pik3r2|Prkce|Plcd1|Pth1r|Slc31a2|Sod1|Stim1|Tgfb1|Tgm2|Trp53|Ucp2|Rab11fip5|Slc25a23|Rmdn3|Ccdc115|Spns1|Pck2|Immt|Slc39a6|Slc8b1|Slc39a14|Picalm|Slc35g1|Irs2,-0.9,hits
GO Biological Processes,19,GO:0044092,negative regulation of molecular function,19_GO:0065007 biological regulation,-2.8,1.6,3.2,21160,773,758,44,5.8,0.85,12010|12258|12505|12576|13010|13805|13844|14368|14664|14694|14697|14873|15182|15461|16600|17344|18769|18810|19053|19062|19211|20893|26419|26569|30948|54208|57267|57875|58799|59009|59090|67605|67770|68235|76273|78388|83396|83814|102774|226849|232431|268373|269881|384783,B2m|Serping1|Cd44|Cdkn1b|Cst3|Eng|Ephb2|Fzd6|Slc6a9|Rack1|Gnb5|Gsto1|Hdac2|Hras|Klf4|Pias2|Pkig|Plec|Ppp2cb|Inpp5k|Pten|Bhlhe40|Mapk8|Slc27a4|Bin1|Arl6ip1|Apba3|Angptl4|Crbn|Sh3rf1|Midn|Akt1s1|Caap1|Mturn|Ndfip2|Mvp|Glis2|Nedd4l|Bbs4|Ppp2r5a|Gprc5a|Ppia|Map3k10|Irs2,-0.9,hits
Reactome Gene Sets,6,R-MMU-9833482,PKR-mediated signaling,,-2.8,3.5,3.9,21160,63,758,8,1.1,0.37,19053|21357|22059|22142|22143|67781|226849|227613,Ppp2cb|Tarbp2|Trp53|Tuba1a|Tuba1b|Ilf2|Ppp2r5a|Tubb4b,-0.9,hits
WikiPathways,27,WP65,Insulin signaling,,-2.8,2.5,3.6,21160,159,758,14,1.8,0.49,14252|15461|18708|18709|19211|20411|20525|20619|20910|23938|26419|27357|75669|269881,Flot2|Hras|Pik3r1|Pik3r2|Pten|Sorbs1|Slc2a1|Snap23|Stxbp1|Map2k5|Mapk8|Gyg1|Pik3r4|Map3k10,-0.9,hits
GO Biological Processes,19,GO:0018209,peptidyl-serine modification,19_GO:0009987 cellular process,-2.7,2.7,3.6,21160,125,758,12,1.6,0.45,13666|16202|17346|18754|18763|20620|22241|24086|26419|75770|108148|269881,Eif2ak3|Ilk|Mknk1|Prkce|Pkd1|Plk2|Ulk1|Tlk2|Mapk8|Brsk2|Galnt2|Map3k10,-0.9,hits
KEGG Pathway,24,mmu05010,Alzheimer disease - Mus musculus (house mouse),,-2.7,1.9,3.3,21160,389,758,26,3.4,0.66,12015|13666|14368|14369|15461|16440|18708|18709|19175|20168|20463|22142|22143|22241|26419|57265|66091|66925|70247|75669|84682|106957|213053|227613|333182|384783,Bad|Eif2ak3|Fzd6|Fzd7|Hras|Itpr3|Pik3r1|Pik3r2|Psmb6|Rtn3|Cox7a2l|Tuba1a|Tuba1b|Ulk1|Mapk8|Fzd2|Ndufa3|Sdhd|Psmd1|Pik3r4|Cox4i2|Slc39a6|Slc39a14|Tubb4b|Cox6b2|Irs2,-0.89,hits
GO Biological Processes,19,GO:0021700,developmental maturation,19_GO:0032502 developmental process,-2.7,1.9,3.3,21160,349,758,24,3.2,0.64,11765|11966|12400|12562|13382|13819|14182|14561|16000|17926|18032|18227|18952|19211|19228|20910|21803|21827|24047|27965|72961|81702|233489|235320,Ap1g1|Atp6v1b2|Cbfb|Cdh5|Dld|Epas1|Fgfr1|Gdf11|Igf1|Myoc|Nfix|Nr4a2|Septin4|Pten|Pth1r|Stxbp1|Tgfb1|Thbs3|Ccl19|Spg21|Slc17a7|Ankrd17|Picalm|Zbtb16,-0.89,hits
Reactome Gene Sets,6,R-MMU-9013149,RAC1 GTPase cycle,,-2.7,2.4,3.5,21160,160,758,14,1.8,0.49,16449|18708|18709|20619|64652|94190|101497|170791|192662|213498|219140|234094|319899|330177,Jag1|Pik3r1|Pik3r2|Snap23|Nisch|Ophn1|Plekhg2|Rbm39|Arhgdia|Arhgef11|Spata13|Arhgef10|Dock6|Taok3,-0.88,hits
GO Biological Processes,19,GO:0019216,regulation of lipid metabolic process,19_GO:0050789 regulation of biological process,-2.7,1.9,3.3,21160,390,758,26,3.4,0.66,12161|12724|12894|13350|13666|14261|14694|15446|16000|17978|18754|19091|20411|20655|20851|50790|57875|64384|67181|68041|76498|102774|210992|226849|244373|384783,Bmp6|Clcn2|Cpt1a|Dgat1|Eif2ak3|Fmo1|Rack1|Hpgd|Igf1|Ncoa2|Prkce|Prkg1|Sorbs1|Sod1|Stat5b|Acsl4|Angptl4|Sirt3|Ctdnep1|Mid1ip1|Paqr4|Bbs4|Lpcat1|Ppp2r5a|Erlin2|Irs2,-0.88,hits
GO Biological Processes,19,GO:0001894,tissue homeostasis,19_GO:0042592 homeostatic process,-2.7,2.1,3.4,21160,252,758,19,2.5,0.57,18032|18596|19126|19228|20525|20655|20869|21873|22142|56710|69807|73137|77087|77593|102774|216274|230872|320234|320736,Nfix|Pdgfrb|Prom1|Pth1r|Slc2a1|Sod1|Stk11|Tjp2|Tuba1a|Brinp1|Trim32|Prrc1|Ankrd11|Usp45|Bbs4|Cep290|Crocc|Ccdc66|Vstm4,-0.88,hits
GO Biological Processes,19,GO:0060249,anatomical structure homeostasis,19_GO:0042592 homeostatic process,-2.7,2.1,3.4,21160,252,758,19,2.5,0.57,18032|18596|19126|19228|20525|20655|20869|21873|22142|56710|69807|73137|77087|77593|102774|216274|230872|320234|320736,Nfix|Pdgfrb|Prom1|Pth1r|Slc2a1|Sod1|Stk11|Tjp2|Tuba1a|Brinp1|Trim32|Prrc1|Ankrd11|Usp45|Bbs4|Cep290|Crocc|Ccdc66|Vstm4,-0.88,hits
GO Biological Processes,19,GO:0046364,monosaccharide biosynthetic process,19_GO:0009987 cellular process,-2.7,3.5,3.8,21160,64,758,8,1.1,0.37,12952|14751|14873|17448|27376|74551|77590|213053,Cry1|Gpi1|Gsto1|Mdh2|Slc25a10|Pck2|Chst15|Slc39a14,-0.87,hits
GO Biological Processes,19,GO:0007009,plasma membrane organization,19_GO:0009987 cellular process,-2.7,2.4,3.5,21160,161,758,14,1.8,0.49,12527|13823|16202|17886|18810|19153|19211|20655|20742|30948|66616|68385|75909|235527,Cd9|Epb41l3|Ilk|Myh9|Plec|Prx|Pten|Sod1|Sptbn1|Bin1|Snx9|Tlcd1|Vmp1|Plscr4,-0.86,hits
KEGG Pathway,24,mmu04152,AMPK signaling pathway - Mus musculus (house mouse),,-2.7,2.6,3.6,21160,127,758,12,1.6,0.45,12894|16000|18708|18709|19053|20869|22241|56421|67605|74551|226849|384783,Cpt1a|Igf1|Pik3r1|Pik3r2|Ppp2cb|Stk11|Ulk1|Pfkp|Akt1s1|Pck2|Ppp2r5a|Irs2,-0.86,hits
WikiPathways,27,WP3855,Dysregulated miRNA targeting in insulin PI3K AKT signaling,,-2.7,5.4,4.3,21160,26,758,5,0.66,0.29,12015|12576|14252|18708|53413,Bad|Cdkn1b|Flot2|Pik3r1|Exoc7,-0.86,hits
GO Biological Processes,19,GO:0010810,regulation of cell-substrate adhesion,19_GO:0050789 regulation of biological process,-2.7,2.1,3.4,21160,235,758,18,2.4,0.55,11465|13612|14369|14726|16202|16449|17886|17926|18081|18708|18754|19211|20194|60595|74199|76709|110829|208177,Actg1|Edil3|Fzd7|Pdpn|Ilk|Jag1|Myh9|Myoc|Ninj1|Pik3r1|Prkce|Pten|S100a10|Actn4|Vit|Arpc2|Lims1|Phldb2,-0.85,hits
Reactome Gene Sets,6,R-MMU-446353,Cell-extracellular matrix interactions,,-2.7,7,4.6,21160,16,758,4,0.53,0.26,11465|16202|68794|110829,Actg1|Ilk|Flnc|Lims1,-0.85,hits
GO Biological Processes,19,GO:0009404,toxin metabolic process,19_GO:0009987 cellular process,-2.7,7,4.6,21160,16,758,4,0.53,0.26,12894|14261|18484|18754,Cpt1a|Fmo1|Pam|Prkce,-0.85,hits
GO Biological Processes,19,GO:1902806,regulation of cell cycle G1/S phase transition,19_GO:0050789 regulation of biological process,-2.7,2.3,3.4,21160,198,758,16,2.1,0.52,12576|12905|14726|16600|18763|19186|19188|19211|22059|26992|50784|56190|69068|81702|208643|214498,Cdkn1b|Cradd|Pdpn|Klf4|Pkd1|Psme1|Psme2|Pten|Trp53|Brd7|Plpp2|Rbm38|Tcim|Ankrd17|Eif4g1|Cdc73,-0.85,hits
GO Biological Processes,19,GO:0048592,eye morphogenesis,19_GO:0032502 developmental process,-2.7,2.3,3.4,21160,198,758,16,2.1,0.52,13844|14561|16449|17150|17684|18185|19126|19893|22632|24013|50530|67269|102774|110380|216274|244152,Ephb2|Gdf11|Jag1|Mfap2|Cited2|Nrl|Prom1|Rpgr|Yy1|Grk1|Mfap5|Agtpbp1|Bbs4|Shroom2|Cep290|Tsku,-0.85,hits
WikiPathways,27,WP5051,Na K ATPase Src signaling,,-2.7,2.9,3.6,21160,95,758,10,1.3,0.41,12015|15461|16202|18596|18708|18709|19211|23938|26419|75669,Bad|Hras|Ilk|Pdgfrb|Pik3r1|Pik3r2|Pten|Map2k5|Mapk8|Pik3r4,-0.85,hits
GO Biological Processes,19,GO:0034766,negative regulation of monoatomic ion transmembrane transport,19_GO:0051179 localization,-2.7,2.9,3.6,21160,95,758,10,1.3,0.41,13844|14664|14697|14873|18754|21803|22228|30948|58799|83814,Ephb2|Slc6a9|Gnb5|Gsto1|Prkce|Tgfb1|Ucp2|Bin1|Crbn|Nedd4l,-0.85,hits
GO Biological Processes,19,GO:0061351,neural precursor cell proliferation,19_GO:0009987 cellular process,-2.7,2.5,3.5,21160,145,758,13,1.7,0.47,14182|14368|16000|16202|18032|21357|22059|27354|77087|110829|140887|225523|231580,Fgfr1|Fzd6|Igf1|Ilk|Nfix|Tarbp2|Trp53|Nbn|Ankrd11|Lims1|Lnx2|Cep120|Gak,-0.84,hits
Reactome Gene Sets,6,R-MMU-196836,Vitamin C (ascorbate) metabolism,,-2.6,10,5.2,21160,8,758,3,0.4,0.23,14873|20525|109754,Gsto1|Slc2a1|Cyb5r3,-0.83,hits
KEGG Pathway,24,mmu04360,Axon guidance - Mus musculus (house mouse),,-2.6,2.3,3.4,21160,181,758,15,2,0.51,12632|13639|13844|13845|15461|16202|18208|18708|18709|18846|20315|20348|20356|93737|98932,Cfl2|Efna4|Ephb2|Ephb3|Hras|Ilk|Ntn1|Pik3r1|Pik3r2|Plxna3|Cxcl12|Sema3c|Sema5a|Pard6g|Myl9,-0.83,hits
GO Biological Processes,19,GO:0009141,nucleoside triphosphate metabolic process,19_GO:0009987 cellular process,-2.6,2.2,3.4,21160,218,758,17,2.2,0.54,11636|11966|12015|14751|15277|20928|21803|22169|22228|23918|55936|56045|56248|56421|66091|66925|74143,Ak1|Atp6v1b2|Bad|Gpi1|Hk2|Abcc9|Tgfb1|Cmpk2|Ucp2|Impdh2|Ctps2|Samhd1|Ak3|Pfkp|Ndufa3|Sdhd|Opa1,-0.83,hits
GO Biological Processes,19,GO:1904951,positive regulation of establishment of protein localization,19_GO:0051179 localization,-2.6,1.9,3.2,21160,375,758,25,3.3,0.65,12015|12461|12464|14645|14694|15461|15516|16000|17886|18708|18709|18754|19134|20866|21803|50790|64384|74551|76709|77371|216274|225523|245474|268373|384783,Bad|Cct2|Cct4|Glul|Rack1|Hras|Hsp90ab1|Igf1|Myh9|Pik3r1|Pik3r2|Prkce|Prpf4b|Stim1|Tgfb1|Acsl4|Sirt3|Pck2|Arpc2|Sec24a|Cep290|Cep120|Dkc1|Ppia|Irs2,-0.83,hits
Reactome Gene Sets,6,R-MMU-5684996,MAPK1/MAPK3 signaling,,-2.6,2.1,3.3,21160,256,758,19,2.5,0.57,11465|14182|15461|16706|18596|18708|18709|19053|19175|20742|54721|56392|67836|70247|171463|208884|226849|240672|384783,Actg1|Fgfr1|Hras|Ksr1|Pdgfrb|Pik3r1|Pik3r2|Ppp2cb|Psmb6|Sptbn1|Tyk2|Shoc2|Wdr83|Psmd1|Il17rd|Zdhhc9|Ppp2r5a|Dusp5|Irs2,-0.83,hits
GO Biological Processes,19,GO:0061045,negative regulation of wound healing,19_GO:0048519 negative regulation of biological process,-2.6,3.4,3.7,21160,66,758,8,1.1,0.37,12258|12306|12527|19091|19211|21824|67866|208177,Serping1|Anxa2|Cd9|Prkg1|Pten|Thbd|Wfdc1|Phldb2,-0.82,hits
WikiPathways,27,WP488,Alpha 6 beta 4 integrin signaling pathway,,-2.6,3.4,3.7,21160,66,758,8,1.1,0.37,12015|16779|18208|18708|18709|18810|22612|384783,Bad|Lamb2|Ntn1|Pik3r1|Pik3r2|Plec|Yes1|Irs2,-0.82,hits
GO Biological Processes,19,GO:0048009,insulin-like growth factor receptor signaling pathway,19_GO:0050896 response to stimulus,-2.6,3.1,3.7,21160,81,758,9,1.2,0.39,13666|13844|13845|14182|15461|16000|18596|18708|23938,Eif2ak3|Ephb2|Ephb3|Fgfr1|Hras|Igf1|Pdgfrb|Pik3r1|Map2k5,-0.82,hits
GO Biological Processes,19,GO:0048813,dendrite morphogenesis,19_GO:0032502 developmental process,-2.6,3.1,3.7,21160,81,758,9,1.2,0.39,13844|13845|19211|22359|26419|70827|77480|228357|233489,Ephb2|Ephb3|Pten|Vldlr|Mapk8|Trak2|Kidins220|Lrp4|Picalm,-0.82,hits
GO Biological Processes,19,GO:0051560,mitochondrial calcium ion homeostasis,19_GO:0042592 homeostatic process,-2.6,5.2,4.2,21160,27,758,5,0.66,0.29,18754|21817|66972|76614|170756,Prkce|Tgm2|Slc25a23|Immt|Slc8b1,-0.82,hits
Reactome Gene Sets,6,R-MMU-186763,Downstream signal transduction,,-2.6,5.2,4.2,21160,27,758,5,0.66,0.29,15461|18596|18708|18709|20851,Hras|Pdgfrb|Pik3r1|Pik3r2|Stat5b,-0.82,hits
GO Biological Processes,19,GO:0110020,regulation of actomyosin structure organization,19_GO:0050789 regulation of biological process,-2.6,2.7,3.5,21160,113,758,11,1.5,0.43,11465|15182|17926|18708|18709|19062|20194|20410|102774|208177|234094,Actg1|Hdac2|Myoc|Pik3r1|Pik3r2|Inpp5k|S100a10|Sorbs3|Bbs4|Phldb2|Arhgef10,-0.82,hits
GO Biological Processes,19,GO:0018105,peptidyl-serine phosphorylation,19_GO:0009987 cellular process,-2.6,2.7,3.5,21160,113,758,11,1.5,0.43,13666|16202|17346|18754|18763|20620|22241|24086|26419|75770|269881,Eif2ak3|Ilk|Mknk1|Prkce|Pkd1|Plk2|Ulk1|Tlk2|Mapk8|Brsk2|Map3k10,-0.82,hits
KEGG Pathway,24,mmu05224,Breast cancer - Mus musculus (house mouse),,-2.6,2.5,3.4,21160,147,758,13,1.7,0.47,12567|14182|14368|14369|15213|15461|16000|16449|18708|18709|19211|22059|57265,Cdk4|Fgfr1|Fzd6|Fzd7|Hey1|Hras|Igf1|Jag1|Pik3r1|Pik3r2|Pten|Trp53|Fzd2,-0.82,hits
Reactome Gene Sets,6,R-MMU-9696264,RND3 GTPase cycle,,-2.6,4.3,4,21160,39,758,6,0.79,0.32,18708|18709|64652|170791|227937|233489,Pik3r1|Pik3r2|Nisch|Rbm39|Pkp4|Picalm,-0.82,hits
Reactome Gene Sets,6,R-MMU-1566948,Elastic fibre formation,,-2.6,4.3,4,21160,39,758,6,0.79,0.32,17150|18550|21803|50530|108075|268977,Mfap2|Furin|Tgfb1|Mfap5|Ltbp4|Ltbp1,-0.82,hits
GO Biological Processes,19,GO:0048598,embryonic morphogenesis,19_GO:0032502 developmental process,-2.6,1.6,3.1,21160,676,758,39,5.1,0.8,11694|13382|13805|13844|13875|14182|14368|14694|14751|15182|16372|16911|17150|17684|17886|18208|20655|21803|22059|27428|50530|57265|67836|71436|72747|74123|74143|102774|105278|214498|216274|216850|217935|228357|234366|235320|239250|240672|320878,Alx3|Dld|Eng|Ephb2|Erf|Fgfr1|Fzd6|Rack1|Gpi1|Hdac2|Irx2|Lmo4|Mfap2|Cited2|Myh9|Ntn1|Sod1|Tgfb1|Trp53|Shroom3|Mfap5|Fzd2|Wdr83|Flrt3|Ttc39c|Foxp4|Opa1|Bbs4|Cdk20|Cdc73|Cep290|Kdm6b|Dync2i1|Lrp4|Gatad2a|Zbtb16|Slitrk6|Dusp5|Mical2,-0.81,hits
Reactome Gene Sets,6,R-MMU-5653656,Vesicle-mediated transport,,-2.6,1.7,3.1,21160,567,758,34,4.5,0.75,11465|11607|11765|14319|14567|16443|16563|20334|20619|20742|22142|22143|22241|30948|53598|54160|56389|66616|66691|70297|76709|77371|77929|106628|108148|109181|227613|227800|228355|231580|231874|233489|269152|271457,Actg1|Agtr1a|Ap1g1|Fth1|Gdi1|Itsn1|Kif2a|Sec23a|Snap23|Sptbn1|Tuba1a|Tuba1b|Ulk1|Bin1|Dctn3|Copg2|Stx5a|Snx9|Gapvd1|Gcc2|Arpc2|Sec24a|Yipf6|Trip10|Galnt2|Trip11|Tubb4b|Rabgap1|Madd|Gak|Ccz1|Picalm|Kif26b|Rab5a,-0.81,hits
GO Biological Processes,19,GO:0010970,transport along microtubule,19_GO:0051179 localization,-2.6,2.3,3.4,21160,183,758,15,2,0.51,14252|16563|17281|19893|20655|22142|54160|67269|70827|75620|77040|77053|217935|223697|228355,Flot2|Kif2a|Fyco1|Rpgr|Sod1|Tuba1a|Copg2|Agtpbp1|Trak2|Kxd1|Atg16l1|Sun1|Dync2i1|Sun2|Madd,-0.81,hits
Reactome Gene Sets,6,R-MMU-76002,"Platelet activation, signaling and aggregation",,-2.6,2.1,3.3,21160,239,758,18,2.4,0.55,11465|12258|12527|14697|14701|14726|16000|16440|18708|18709|18754|20655|21803|60595|66066|67072|68038|268936,Actg1|Serping1|Cd9|Gnb5|Gng12|Pdpn|Igf1|Itpr3|Pik3r1|Pik3r2|Prkce|Sod1|Tgfb1|Actn4|Gng11|Cdc37l1|Chid1|Brpf3,-0.81,hits
GO Biological Processes,19,GO:0030833,regulation of actin filament polymerization,19_GO:0050789 regulation of biological process,-2.6,2.5,3.4,21160,148,758,13,1.7,0.47,13169|18709|18754|20740|20742|27360|30948|66616|72042|76441|76709|101497|102774,Dbnl|Pik3r2|Prkce|Sptan1|Sptbn1|Add3|Bin1|Snx9|Cotl1|Daam2|Arpc2|Plekhg2|Bbs4,-0.8,hits
WikiPathways,27,WP265,Delta Notch signaling pathway,,-2.6,3.1,3.6,21160,82,758,9,1.2,0.39,12804|15182|15213|16449|18550|18708|18709|22059|22632,Cntfr|Hdac2|Hey1|Jag1|Furin|Pik3r1|Pik3r2|Trp53|Yy1,-0.8,hits
WikiPathways,27,WP2316,PPAR signaling pathway,,-2.6,3.1,3.6,21160,82,758,9,1.2,0.39,12894|16202|20182|20411|26569|50790|56473|57875|74551,Cpt1a|Ilk|Rxrb|Sorbs1|Slc27a4|Acsl4|Fads2|Angptl4|Pck2,-0.8,hits
GO Biological Processes,19,GO:1904375,regulation of protein localization to cell periphery,19_GO:0051179 localization,-2.6,2.4,3.4,21160,166,758,14,1.8,0.49,13844|14694|14735|15461|18708|18709|20411|20742|21803|23888|76123|208643|226849|233489,Ephb2|Rack1|Gpc4|Hras|Pik3r1|Pik3r2|Sorbs1|Sptbn1|Tgfb1|Gpc6|Gpsm2|Eif4g1|Ppp2r5a|Picalm,-0.8,hits
GO Biological Processes,19,GO:0061000,negative regulation of dendritic spine development,19_GO:0048519 negative regulation of biological process,-2.6,6.6,4.4,21160,17,758,4,0.53,0.26,15182|19211|19280|20620,Hdac2|Pten|Ptprs|Plk2,-0.8,hits
GO Biological Processes,19,GO:0071378,cellular response to growth hormone stimulus,19_GO:0050896 response to stimulus,-2.6,6.6,4.4,21160,17,758,4,0.53,0.26,18708|20851|54721|56392,Pik3r1|Stat5b|Tyk2|Shoc2,-0.8,hits
GO Biological Processes,19,GO:1903729,regulation of plasma membrane organization,19_GO:0050789 regulation of biological process,-2.6,6.6,4.4,21160,17,758,4,0.53,0.26,11982|12306|17886|20194,Atp10a|Anxa2|Myh9|S100a10,-0.8,hits
GO Biological Processes,19,GO:0090051,negative regulation of cell migration involved in sprouting angiogenesis,19_GO:0040011 locomotion,-2.6,6.6,4.4,21160,17,758,4,0.53,0.26,16600|17286|18709|23938,Klf4|Meox2|Pik3r2|Map2k5,-0.8,hits
GO Biological Processes,19,GO:0045862,positive regulation of proteolysis,19_GO:0048518 positive regulation of biological process,-2.6,1.9,3.2,21160,339,758,23,3,0.62,12015|12306|12905|13666|14694|15182|17886|19211|19358|20194|20620|26419|56371|59009|66498|66616|67269|68077|69807|77125|112407|229317|414872,Bad|Anxa2|Cradd|Eif2ak3|Rack1|Hdac2|Myh9|Pten|Rad23a|S100a10|Plk2|Mapk8|Fzr1|Sh3rf1|Dda1|Snx9|Agtpbp1|Nop53|Trim32|Il33|Egln3|Eif2a|Zyg11b,-0.79,hits
GO Biological Processes,19,GO:0050769,positive regulation of neurogenesis,19_GO:0032502 developmental process,-2.6,1.9,3.2,21160,319,758,22,2.9,0.61,12724|13169|13844|14567|15182|16000|16202|17344|18208|20315|20356|20869|21803|21817|26419|30948|56708|66515|69807|74143|77125|233489,Clcn2|Dbnl|Ephb2|Gdi1|Hdac2|Igf1|Ilk|Pias2|Ntn1|Cxcl12|Sema5a|Stk11|Tgfb1|Tgm2|Mapk8|Bin1|Clcf1|Cul7|Trim32|Opa1|Il33|Picalm,-0.79,hits
GO Biological Processes,19,GO:0030705,cytoskeleton-dependent intracellular transport,19_GO:0051179 localization,-2.6,2.2,3.3,21160,203,758,16,2.1,0.52,14252|16563|17281|19893|20655|22142|54160|60595|67269|70827|75620|77040|77053|217935|223697|228355,Flot2|Kif2a|Fyco1|Rpgr|Sod1|Tuba1a|Copg2|Actn4|Agtpbp1|Trak2|Kxd1|Atg16l1|Sun1|Dync2i1|Sun2|Madd,-0.79,hits
Reactome Gene Sets,6,R-MMU-6798695,Neutrophil degranulation,,-2.6,1.7,3.1,21160,506,758,31,4.1,0.72,11593|12010|12306|12461|12505|13010|13350|13627|14319|14595|14751|15015|15039|15516|16783|20619|23918|26949|27357|67706|67781|70247|72042|78388|109154|109754|208795|210992|216274|227613|268373,Aga|B2m|Anxa2|Cct2|Cd44|Cst3|Dgat1|Eef1a1|Fth1|B4galt1|Gpi1|H2-Q4|H2-T22|Hsp90ab1|Lamp1|Snap23|Impdh2|Vat1|Gyg1|Tmem179b|Ilf2|Psmd1|Cotl1|Mvp|Mlec|Cyb5r3|Tmem63a|Lpcat1|Cep290|Tubb4b|Ppia,-0.79,hits
GO Biological Processes,19,GO:0051147,regulation of muscle cell differentiation,19_GO:0032502 developmental process,-2.6,2.3,3.4,21160,167,758,14,1.8,0.49,13400|13805|14369|15213|16000|16779|21357|21803|22632|56190|69807|74116|81702|106628,Dmpk|Eng|Fzd7|Hey1|Igf1|Lamb2|Tarbp2|Tgfb1|Yy1|Rbm38|Trim32|Pi16|Ankrd17|Trip10,-0.79,hits
Reactome Gene Sets,6,R-MMU-9696273,RND1 GTPase cycle,,-2.6,4.2,3.9,21160,40,758,6,0.79,0.32,11671|18708|18709|77480|170791|227937,Aldh3a2|Pik3r1|Pik3r2|Kidins220|Rbm39|Pkp4,-0.79,hits
Reactome Gene Sets,6,R-MMU-73762,RNA Polymerase I Transcription Initiation,,-2.6,4.2,3.9,21160,40,758,6,0.79,0.32,15182|23894|66420|216848|234366|245841,Hdac2|Gtf2h2|Polr2e|Chd3|Gatad2a|Polr2h,-0.79,hits
GO Biological Processes,19,GO:0034763,negative regulation of transmembrane transport,19_GO:0051179 localization,-2.5,2.5,3.4,21160,132,758,12,1.6,0.45,13844|14664|14697|14873|18754|19062|21803|22228|30948|58799|83814|384783,Ephb2|Slc6a9|Gnb5|Gsto1|Prkce|Inpp5k|Tgfb1|Ucp2|Bin1|Crbn|Nedd4l|Irs2,-0.78,hits
GO Biological Processes,19,GO:0072384,organelle transport along microtubule,19_GO:0051179 localization,-2.5,3,3.6,21160,83,758,9,1.2,0.39,17281|22142|54160|67269|70827|75620|77053|223697|228355,Fyco1|Tuba1a|Copg2|Agtpbp1|Trak2|Kxd1|Sun1|Sun2|Madd,-0.78,hits
WikiPathways,27,WP1560,MicroRNAs in cardiomyocyte hypertrophy,,-2.5,3,3.6,21160,83,758,9,1.2,0.39,16000|17876|18708|18709|19091|21803|23938|26419|57265,Igf1|Myef2|Pik3r1|Pik3r2|Prkg1|Tgfb1|Map2k5|Mapk8|Fzd2,-0.78,hits
GO Biological Processes,19,GO:0031346,positive regulation of cell projection organization,19_GO:0048518 positive regulation of biological process,-2.5,1.7,3.1,21160,465,758,29,3.8,0.7,13169|13844|14182|14567|15461|16202|17344|18208|18708|20315|20356|20869|22359|24047|56392|56401|56430|66515|74055|74143|76709|77480|102774|225523|230872|231225|232944|233489|234776,Dbnl|Ephb2|Fgfr1|Gdi1|Hras|Ilk|Pias2|Ntn1|Pik3r1|Cxcl12|Sema5a|Stk11|Vldlr|Ccl19|Shoc2|P3h1|Clip1|Cul7|Plce1|Opa1|Arpc2|Kidins220|Bbs4|Cep120|Crocc|Tapt1|Mark4|Picalm|Atmin,-0.78,hits
Reactome Gene Sets,6,R-MMU-5654687,Downstream signaling of activated FGFR1,,-2.5,5,4.1,21160,28,758,5,0.66,0.29,14182|15461|18708|71436|399558,Fgfr1|Hras|Pik3r1|Flrt3|Flrt2,-0.78,hits
GO Biological Processes,19,GO:0051492,regulation of stress fiber assembly,19_GO:0050789 regulation of biological process,-2.5,2.8,3.5,21160,99,758,10,1.3,0.41,11465|17926|18708|18709|19062|20194|20410|102774|208177|234094,Actg1|Myoc|Pik3r1|Pik3r2|Inpp5k|S100a10|Sorbs3|Bbs4|Phldb2|Arhgef10,-0.78,hits
WikiPathways,27,WP387,IL 6 signaling pathway,,-2.5,2.8,3.5,21160,99,758,10,1.3,0.41,12015|15461|18708|18709|19053|20851|26419|54721|226849|229317,Bad|Hras|Pik3r1|Pik3r2|Ppp2cb|Stat5b|Mapk8|Tyk2|Ppp2r5a|Eif2a,-0.78,hits
WikiPathways,27,WP385,Myometrial relaxation and contraction pathways,,-2.5,2.4,3.4,21160,150,758,13,1.7,0.47,11465|11513|14697|14701|14873|16012|16440|18754|18769|18799|60596|66066|109624,Actg1|Adcy7|Gnb5|Gng12|Gsto1|Igfbp6|Itpr3|Prkce|Pkig|Plcd1|Gucy1a1|Gng11|Cald1,-0.78,hits
GO Biological Processes,19,GO:0098657,import into cell,19_GO:0051179 localization,-2.5,1.6,3,21160,683,758,39,5.1,0.8,12505|12527|12724|13169|14664|15461|16443|16529|17886|18032|20525|20928|20977|21817|22241|22359|26569|30948|52055|56392|66616|66691|67760|70314|73182|74143|74775|83814|94190|106628|106957|140580|213053|214897|228357|231580|233489|241576|271457,Cd44|Cd9|Clcn2|Dbnl|Slc6a9|Hras|Itsn1|Kcnk5|Myh9|Nfix|Slc2a1|Abcc9|Syp|Tgm2|Ulk1|Vldlr|Slc27a4|Bin1|Rab11fip5|Shoc2|Snx9|Gapvd1|Slc38a2|Rabep2|Pear1|Opa1|Lmbr1l|Nedd4l|Ophn1|Trip10|Slc39a6|Elmo1|Slc39a14|Csnk1g1|Lrp4|Gak|Picalm|Ldlrad3|Rab5a,-0.78,hits
GO Biological Processes,19,GO:0040013,negative regulation of locomotion,19_GO:0040011 locomotion,-2.5,1.9,3.1,21160,362,758,24,3.2,0.64,13134|13805|15182|16202|16449|16600|17286|17684|17886|18709|18846|19091|19211|20315|20356|21803|23938|64652|67103|77125|94246|192662|208177|242608,Dach1|Eng|Hdac2|Ilk|Jag1|Klf4|Meox2|Cited2|Myh9|Pik3r2|Plxna3|Prkg1|Pten|Cxcl12|Sema5a|Tgfb1|Map2k5|Nisch|Ptgr1|Il33|Arid4b|Arhgdia|Phldb2|Podn,-0.77,hits
GO Biological Processes,19,GO:0051046,regulation of secretion,19_GO:0051179 localization,-2.5,1.5,3,21160,796,758,44,5.8,0.85,11607|11765|12015|12161|12306|12894|12952|14182|14299|14645|16000|16443|16783|17886|18555|18754|18799|18952|19091|20194|20315|20619|20866|20910|21803|22228|50790|52055|56401|56708|59090|64384|66925|67760|74551|75770|76338|77371|99889|170756|228355|268373|271457|384783,Agtr1a|Ap1g1|Bad|Bmp6|Anxa2|Cpt1a|Cry1|Fgfr1|Ncs1|Glul|Igf1|Itsn1|Lamp1|Myh9|Cdk16|Prkce|Plcd1|Septin4|Prkg1|S100a10|Cxcl12|Snap23|Stim1|Stxbp1|Tgfb1|Ucp2|Acsl4|Rab11fip5|P3h1|Clcf1|Midn|Sirt3|Sdhd|Slc38a2|Pck2|Brsk2|Rab2b|Sec24a|Arfip1|Slc8b1|Madd|Ppia|Rab5a|Irs2,-0.77,hits
GO Biological Processes,19,GO:0042063,gliogenesis,19_GO:0032502 developmental process,-2.5,1.9,3.2,21160,322,758,22,2.9,0.61,12527|13003|15182|15461|16000|16202|16779|17926|18032|18208|18810|19153|19211|20655|21803|22059|22142|23928|77053|77125|223697|234094,Cd9|Vcan|Hdac2|Hras|Igf1|Ilk|Lamb2|Myoc|Nfix|Ntn1|Plec|Prx|Pten|Sod1|Tgfb1|Trp53|Tuba1a|Lamc3|Sun1|Il33|Sun2|Arhgef10,-0.77,hits
GO Biological Processes,19,GO:0050708,regulation of protein secretion,19_GO:0051179 localization,-2.5,1.9,3.1,21160,343,758,23,3,0.62,12015|12894|14645|16000|17886|18555|18754|20866|21803|22228|50790|52055|56401|59090|64384|74551|75770|77371|99889|170756|228355|268373|384783,Bad|Cpt1a|Glul|Igf1|Myh9|Cdk16|Prkce|Stim1|Tgfb1|Ucp2|Acsl4|Rab11fip5|P3h1|Midn|Sirt3|Pck2|Brsk2|Sec24a|Arfip1|Slc8b1|Madd|Ppia|Irs2,-0.76,hits
GO Biological Processes,19,GO:0150116,regulation of cell-substrate junction organization,19_GO:0050789 regulation of biological process,-2.5,3.2,3.6,21160,69,758,8,1.1,0.37,11465|17886|17926|18708|19211|20194|110829|208177,Actg1|Myh9|Myoc|Pik3r1|Pten|S100a10|Lims1|Phldb2,-0.75,hits
Reactome Gene Sets,6,R-MMU-73854,RNA Polymerase I Promoter Clearance,,-2.5,4.1,3.8,21160,41,758,6,0.79,0.32,15182|23894|66420|216848|234366|245841,Hdac2|Gtf2h2|Polr2e|Chd3|Gatad2a|Polr2h,-0.75,hits
Reactome Gene Sets,6,R-MMU-198203,PI3K/AKT activation,,-2.5,9.3,4.8,21160,9,758,3,0.4,0.23,18708|18709|384783,Pik3r1|Pik3r2|Irs2,-0.74,hits
GO Biological Processes,19,GO:0032287,peripheral nervous system myelin maintenance,19_GO:0032502 developmental process,-2.5,9.3,4.8,21160,9,758,3,0.4,0.23,18810|19153|20655,Plec|Prx|Sod1,-0.74,hits
GO Biological Processes,19,GO:2000045,regulation of G1/S transition of mitotic cell cycle,19_GO:0050789 regulation of biological process,-2.5,2.3,3.3,21160,170,758,14,1.8,0.49,12576|12905|14726|16600|18763|19186|19188|19211|22059|26992|56190|81702|208643|214498,Cdkn1b|Cradd|Pdpn|Klf4|Pkd1|Psme1|Psme2|Pten|Trp53|Brd7|Rbm38|Ankrd17|Eif4g1|Cdc73,-0.74,hits
GO Biological Processes,19,GO:0001764,neuron migration,19_GO:0032502 developmental process,-2.5,2.3,3.3,21160,170,758,14,1.8,0.49,13865|18208|18227|18634|18846|18952|19091|20315|22142|22241|26419|59009|102774|215494,Nr2f1|Ntn1|Nr4a2|Pex7|Plxna3|Septin4|Prkg1|Cxcl12|Tuba1a|Ulk1|Mapk8|Sh3rf1|Bbs4|Pomgnt2,-0.74,hits
GO Biological Processes,19,GO:0031647,regulation of protein stability,19_GO:0065007 biological regulation,-2.5,1.8,3.1,21160,365,758,24,3.2,0.64,12328|12461|12464|14252|15516|16000|16783|18708|19211|19358|20910|22059|28199|56401|56710|67072|68077|69747|74126|76498|80985|83814|214498|260302,Caml|Cct2|Cct4|Flot2|Hsp90ab1|Igf1|Lamp1|Pik3r1|Pten|Rad23a|Stxbp1|Trp53|Dcaf11|P3h1|Brinp1|Cdc37l1|Nop53|Zswim7|Syvn1|Paqr4|Trim44|Nedd4l|Cdc73|Gga3,-0.74,hits
GO Biological Processes,19,GO:0010919,regulation of inositol phosphate biosynthetic process,19_GO:0050789 regulation of biological process,-2.5,6.2,4.3,21160,18,758,4,0.53,0.26,17886|18799|19091|19228,Myh9|Plcd1|Prkg1|Pth1r,-0.74,hits
GO Biological Processes,19,GO:0001657,ureteric bud development,19_GO:0032502 developmental process,-2.5,2.8,3.4,21160,101,758,10,1.3,0.41,12505|13003|14182|14561|15213|15229|16202|21803|74533|269152,Cd44|Vcan|Fgfr1|Gdf11|Hey1|Foxd1|Ilk|Tgfb1|Gzf1|Kif26b,-0.74,hits
KEGG Pathway,24,mmu04137,Mitophagy - animal - Mus musculus (house mouse),,-2.5,2.8,3.4,21160,101,758,10,1.3,0.41,13666|15461|17684|22059|22241|26419|57436|74143|231874|271457,Eif2ak3|Hras|Cited2|Trp53|Ulk1|Mapk8|Gabarapl1|Opa1|Ccz1|Rab5a,-0.74,hits
GO Biological Processes,19,GO:0043491,phosphatidylinositol 3-kinase/protein kinase B signal transduction,19_GO:0050896 response to stimulus,-2.5,3,3.5,21160,85,758,9,1.2,0.39,16000|16202|18708|18709|19211|73182|75669|216805|240752,Igf1|Ilk|Pik3r1|Pik3r2|Pten|Pear1|Pik3r4|Flcn|Pik3c2b,-0.74,hits
GO Biological Processes,19,GO:0010975,regulation of neuron projection development,19_GO:0032502 developmental process,-2.5,1.6,3,21160,578,758,34,4.5,0.75,12010|13169|13844|13845|13865|14182|14299|14567|15182|16202|16600|17344|18208|18846|19211|19280|20315|20356|20869|22241|22359|56392|56401|56430|66515|70827|74143|75770|77480|83814|228357|231580|233489|244152,B2m|Dbnl|Ephb2|Ephb3|Nr2f1|Fgfr1|Ncs1|Gdi1|Hdac2|Ilk|Klf4|Pias2|Ntn1|Plxna3|Pten|Ptprs|Cxcl12|Sema5a|Stk11|Ulk1|Vldlr|Shoc2|P3h1|Clip1|Cul7|Trak2|Opa1|Brsk2|Kidins220|Nedd4l|Lrp4|Gak|Picalm|Tsku,-0.74,hits
GO Biological Processes,19,GO:0006984,ER-nucleus signaling pathway,19_GO:0050896 response to stimulus,-2.5,4.8,4,21160,29,758,5,0.66,0.29,13666|22059|109815|229317|244373,Eif2ak3|Trp53|Selenos|Eif2a|Erlin2,-0.74,hits
WikiPathways,27,WP447,Adipogenesis genes,,-2.5,2.5,3.3,21160,135,758,12,1.6,0.45,12804|13591|13819|13865|16000|17978|20851|21803|23849|64898|74551|384783,Cntfr|Ebf1|Epas1|Nr2f1|Igf1|Ncoa2|Stat5b|Tgfb1|Klf6|Lpin2|Pck2|Irs2,-0.74,hits
GO Biological Processes,19,GO:1902905,positive regulation of supramolecular fiber organization,19_GO:0048518 positive regulation of biological process,-2.5,2.2,3.2,21160,189,758,15,2,0.51,12576|12632|13494|17926|18754|20194|20356|20410|26419|30948|56430|66616|76709|234094|234407,Cdkn1b|Cfl2|Drg1|Myoc|Prkce|S100a10|Sema5a|Sorbs3|Mapk8|Bin1|Clip1|Snx9|Arpc2|Arhgef10|Colgalt1,-0.74,hits
GO Biological Processes,19,GO:0030036,actin cytoskeleton organization,19_GO:0009987 cellular process,-2.5,1.7,3,21160,535,758,32,4.2,0.73,11465|12632|13169|13823|14453|17886|18596|18810|20411|20740|20742|27361|27428|60595|64652|66938|68794|69807|71994|75770|76441|76709|94190|98932|102866|109624|110380|140580|215789|234094|286940|320878,Actg1|Cfl2|Dbnl|Epb41l3|Gas2|Myh9|Pdgfrb|Plec|Sorbs1|Sptan1|Sptbn1|Msrb1|Shroom3|Actn4|Nisch|Sh3d21|Flnc|Trim32|Cnn3|Brsk2|Daam2|Arpc2|Ophn1|Myl9|Pls3|Cald1|Shroom2|Elmo1|Phactr2|Arhgef10|Flnb|Mical2,-0.74,hits
GO Biological Processes,19,GO:0061061,muscle structure development,19_GO:0032502 developmental process,-2.5,1.6,3,21160,579,758,34,4.5,0.75,11465|12527|12632|12804|13805|13819|15182|15213|16000|17286|17684|17886|18032|18081|18596|18810|19091|20182|20866|20928|21803|30948|57265|60595|63958|66403|67220|67367|68794|69080|70834|98932|216850|286940,Actg1|Cd9|Cfl2|Cntfr|Eng|Epas1|Hdac2|Hey1|Igf1|Meox2|Cited2|Myh9|Nfix|Ninj1|Pdgfrb|Plec|Prkg1|Rxrb|Stim1|Abcc9|Tgfb1|Bin1|Fzd2|Actn4|Ube4b|Asf1a|Plekho1|Paxbp1|Flnc|Gmppa|Spag9|Myl9|Kdm6b|Flnb,-0.74,hits
GO Biological Processes,19,GO:0009179,purine ribonucleoside diphosphate metabolic process,19_GO:0009987 cellular process,-2.5,3.2,3.5,21160,70,758,8,1.1,0.37,11636|12015|12496|14751|15277|22228|56248|56421,Ak1|Bad|Entpd2|Gpi1|Hk2|Ucp2|Ak3|Pfkp,-0.74,hits
GO Biological Processes,19,GO:0009135,purine nucleoside diphosphate metabolic process,19_GO:0009987 cellular process,-2.5,3.2,3.5,21160,70,758,8,1.1,0.37,11636|12015|12496|14751|15277|22228|56248|56421,Ak1|Bad|Entpd2|Gpi1|Hk2|Ucp2|Ak3|Pfkp,-0.74,hits
GO Biological Processes,19,GO:0034329,cell junction assembly,19_GO:0009987 cellular process,-2.5,1.9,3.1,21160,306,758,21,2.8,0.6,11465|12527|12562|13169|13823|13844|18810|18846|19211|19280|20411|60595|64085|71436|75909|94190|216805|227937|228357|239250|246316,Actg1|Cd9|Cdh5|Dbnl|Epb41l3|Ephb2|Plec|Plxna3|Pten|Ptprs|Sorbs1|Actn4|Clstn2|Flrt3|Vmp1|Ophn1|Flcn|Pkp4|Lrp4|Slitrk6|Lgi2,-0.73,hits
GO Biological Processes,19,GO:0021766,hippocampus development,19_GO:0032502 developmental process,-2.4,2.7,3.4,21160,102,758,10,1.3,0.41,15182|18032|18846|19211|19280|22142|77040|102774|216850|244152,Hdac2|Nfix|Plxna3|Pten|Ptprs|Tuba1a|Atg16l1|Bbs4|Kdm6b|Tsku,-0.73,hits
GO Biological Processes,19,GO:0040008,regulation of growth,19_GO:0040007 growth,-2.4,1.6,3,21160,691,758,39,5.1,0.8,12505|12576|13169|14182|14567|14694|15182|16000|16202|17684|18208|18846|19211|19280|20315|20356|20397|20655|20851|20869|21803|22059|22241|22632|23938|50790|56401|67778|67866|69807|70834|74116|83814|102774|106628|107250|208643|214498|233489,Cd44|Cdkn1b|Dbnl|Fgfr1|Gdi1|Rack1|Hdac2|Igf1|Ilk|Cited2|Ntn1|Plxna3|Pten|Ptprs|Cxcl12|Sema5a|Sgpl1|Sod1|Stat5b|Stk11|Tgfb1|Trp53|Ulk1|Yy1|Map2k5|Acsl4|P3h1|Zfp639|Wfdc1|Trim32|Spag9|Pi16|Nedd4l|Bbs4|Trip10|Kazald1|Eif4g1|Cdc73|Picalm,-0.73,hits
Reactome Gene Sets,6,R-MMU-6796648,TP53 Regulates Transcription of DNA Repair Genes,,-2.4,4,3.7,21160,42,758,6,0.79,0.32,20020|20021|23894|66420|231329|245841,Polr2a|Polr2c|Gtf2h2|Polr2e|Polr2b|Polr2h,-0.73,hits
Reactome Gene Sets,6,R-MMU-73864,RNA Polymerase I Transcription,,-2.4,4,3.7,21160,42,758,6,0.79,0.32,15182|23894|66420|216848|234366|245841,Hdac2|Gtf2h2|Polr2e|Chd3|Gatad2a|Polr2h,-0.73,hits
GO Biological Processes,19,GO:0034198,cellular response to amino acid starvation,19_GO:0050896 response to stimulus,-2.4,3.5,3.6,21160,56,758,7,0.92,0.35,13666|22228|22241|26419|67760|69807|216805,Eif2ak3|Ucp2|Ulk1|Mapk8|Slc38a2|Trim32|Flcn,-0.72,hits
GO Biological Processes,19,GO:0019319,hexose biosynthetic process,19_GO:0009987 cellular process,-2.4,3.5,3.6,21160,56,758,7,0.92,0.35,12952|14751|17448|27376|74551|77590|213053,Cry1|Gpi1|Mdh2|Slc25a10|Pck2|Chst15|Slc39a14,-0.72,hits
GO Biological Processes,19,GO:1901987,regulation of cell cycle phase transition,19_GO:0050789 regulation of biological process,-2.4,1.7,3,21160,474,758,29,3.8,0.7,12567|12576|12905|12952|13194|14726|15270|16600|18555|18763|19134|19186|19188|19211|20184|21803|22059|26992|27354|50784|56190|56371|68077|69068|75770|81702|208643|214498|330177,Cdk4|Cdkn1b|Cradd|Cry1|Ddb1|Pdpn|H2ax|Klf4|Cdk16|Pkd1|Prpf4b|Psme1|Psme2|Pten|Uimc1|Tgfb1|Trp53|Brd7|Nbn|Plpp2|Rbm38|Fzr1|Nop53|Tcim|Brsk2|Ankrd17|Eif4g1|Cdc73|Taok3,-0.71,hits
GO Biological Processes,19,GO:1902115,regulation of organelle assembly,19_GO:0050789 regulation of biological process,-2.4,2,3.1,21160,249,758,18,2.4,0.55,13494|13844|14182|19280|20620|22241|26419|69807|70314|76123|76709|102774|225020|225523|230872|231225|232944|234776,Drg1|Ephb2|Fgfr1|Ptprs|Plk2|Ulk1|Mapk8|Trim32|Rabep2|Gpsm2|Arpc2|Bbs4|Fez2|Cep120|Crocc|Tapt1|Mark4|Atmin,-0.7,hits
GO Biological Processes,19,GO:0009132,nucleoside diphosphate metabolic process,19_GO:0009987 cellular process,-2.4,2.9,3.4,21160,87,758,9,1.2,0.39,11636|12015|12496|14751|15277|22169|22228|56248|56421,Ak1|Bad|Entpd2|Gpi1|Hk2|Cmpk2|Ucp2|Ak3|Pfkp,-0.7,hits
Reactome Gene Sets,6,R-MMU-5626467,RHO GTPases activate IQGAPs,,-2.4,4.7,3.9,21160,30,758,5,0.66,0.29,11465|22142|22143|56430|227613,Actg1|Tuba1a|Tuba1b|Clip1|Tubb4b,-0.7,hits
GO Biological Processes,19,GO:1901137,carbohydrate derivative biosynthetic process,19_GO:0009987 cellular process,-2.4,1.6,3,21160,562,758,33,4.4,0.74,11513|11636|14595|14751|16000|17448|18596|21803|22169|23918|26879|27376|55936|55981|56248|59031|60596|66091|66925|67556|69080|70827|100910|108148|108902|109154|109181|215494|218271|227619|228812|269181|328370,Adcy7|Ak1|B4galt1|Gpi1|Igf1|Mdh2|Pdgfrb|Tgfb1|Cmpk2|Impdh2|B3galnt1|Slc25a10|Ctps2|Pigb|Ak3|Chst12|Gucy1a1|Ndufa3|Sdhd|Pigm|Gmppa|Trak2|Chpf2|Galnt2|B4gat1|Mlec|Trip11|Pomgnt2|B4galt7|Man1b1|Pigu|Mgat4a|Rft1,-0.7,hits
GO Biological Processes,19,GO:0046883,regulation of hormone secretion,19_GO:0051179 localization,-2.4,1.8,3,21160,350,758,23,3,0.62,11607|12015|12161|12894|12952|14182|14645|16443|17886|18555|18754|20866|22228|50790|52055|56708|59090|64384|74551|75770|170756|228355|384783,Agtr1a|Bad|Bmp6|Cpt1a|Cry1|Fgfr1|Glul|Itsn1|Myh9|Cdk16|Prkce|Stim1|Ucp2|Acsl4|Rab11fip5|Clcf1|Midn|Sirt3|Pck2|Brsk2|Slc8b1|Madd|Irs2,-0.69,hits
Reactome Gene Sets,6,R-MMU-5673001,RAF/MAP kinase cascade,,-2.4,2,3.1,21160,250,758,18,2.4,0.55,11465|14182|15461|16706|18596|18708|18709|19053|19175|20742|56392|67836|70247|171463|208884|226849|240672|384783,Actg1|Fgfr1|Hras|Ksr1|Pdgfrb|Pik3r1|Pik3r2|Ppp2cb|Psmb6|Sptbn1|Shoc2|Wdr83|Psmd1|Il17rd|Zdhhc9|Ppp2r5a|Dusp5|Irs2,-0.69,hits
GO Biological Processes,19,GO:0005975,carbohydrate metabolic process,19_GO:0009987 cellular process,-2.4,1.7,3,21160,434,758,27,3.6,0.67,12015|12894|12952|14376|14595|14751|14873|15277|17448|18708|22059|22228|26879|27357|27376|56421|57436|59031|64652|68038|69976|70974|74551|77590|213053|218271|227619,Bad|Cpt1a|Cry1|Ganab|B4galt1|Gpi1|Gsto1|Hk2|Mdh2|Pik3r1|Trp53|Ucp2|B3galnt1|Gyg1|Slc25a10|Pfkp|Gabarapl1|Chst12|Nisch|Chid1|Galk2|Pgm2l1|Pck2|Chst15|Slc39a14|B4galt7|Man1b1,-0.69,hits
GO Biological Processes,19,GO:0051647,nucleus localization,19_GO:0051179 localization,-2.4,3.9,3.7,21160,43,758,6,0.79,0.32,18208|24086|30948|77053|223697|225523,Ntn1|Tlk2|Bin1|Sun1|Sun2|Cep120,-0.69,hits
GO Biological Processes,19,GO:0104004,cellular response to environmental stimulus,19_GO:0050896 response to stimulus,-2.4,1.8,3,21160,392,758,25,3.3,0.65,12015|12161|12724|12905|13194|13805|14697|15270|15461|18081|18708|18810|19211|19893|20525|20869|21803|22059|22632|24086|52055|67760|77125|192662|667742,Bad|Bmp6|Clcn2|Cradd|Ddb1|Eng|Gnb5|H2ax|Hras|Ninj1|Pik3r1|Plec|Pten|Rpgr|Slc2a1|Stk11|Tgfb1|Trp53|Yy1|Tlk2|Rab11fip5|Slc38a2|Il33|Arhgdia|Piezo2,-0.69,hits
GO Biological Processes,19,GO:0071214,cellular response to abiotic stimulus,19_GO:0050896 response to stimulus,-2.4,1.8,3,21160,392,758,25,3.3,0.65,12015|12161|12724|12905|13194|13805|14697|15270|15461|18081|18708|18810|19211|19893|20525|20869|21803|22059|22632|24086|52055|67760|77125|192662|667742,Bad|Bmp6|Clcn2|Cradd|Ddb1|Eng|Gnb5|H2ax|Hras|Ninj1|Pik3r1|Plec|Pten|Rpgr|Slc2a1|Stk11|Tgfb1|Trp53|Yy1|Tlk2|Rab11fip5|Slc38a2|Il33|Arhgdia|Piezo2,-0.69,hits
GO Biological Processes,19,GO:0045986,negative regulation of smooth muscle contraction,19_GO:0048519 negative regulation of biological process,-2.4,5.9,4.1,21160,19,758,4,0.53,0.26,17540|19091|20655|60596,Irag1|Prkg1|Sod1|Gucy1a1,-0.69,hits
GO Biological Processes,19,GO:1902430,negative regulation of amyloid-beta formation,19_GO:0048519 negative regulation of biological process,-2.4,5.9,4.1,21160,19,758,4,0.53,0.26,16000|20168|30948|260302,Igf1|Rtn3|Bin1|Gga3,-0.69,hits
KEGG Pathway,24,mmu04920,Adipocytokine signaling pathway - Mus musculus (house mouse),,-2.4,3.1,3.4,21160,72,758,8,1.1,0.37,12894|20182|20525|20869|26419|50790|74551|384783,Cpt1a|Rxrb|Slc2a1|Stk11|Mapk8|Acsl4|Pck2|Irs2,-0.69,hits
KEGG Pathway,24,mmu05223,Non-small cell lung cancer - Mus musculus (house mouse),,-2.4,3.1,3.4,21160,72,758,8,1.1,0.37,12015|12567|15461|18708|18709|20182|20851|22059,Bad|Cdk4|Hras|Pik3r1|Pik3r2|Rxrb|Stat5b|Trp53,-0.69,hits
GO Biological Processes,19,GO:0060998,regulation of dendritic spine development,19_GO:0032502 developmental process,-2.4,2.9,3.4,21160,88,758,9,1.2,0.39,13169|13844|15182|16443|19211|19280|20620|66225|74143,Dbnl|Ephb2|Hdac2|Itsn1|Pten|Ptprs|Plk2|Llph|Opa1,-0.68,hits
KEGG Pathway,24,mmu05225,Hepatocellular carcinoma - Mus musculus (house mouse),,-2.4,2.2,3.2,21160,175,758,14,1.8,0.49,11465|12015|12567|14368|14369|14873|15461|18708|18709|19211|21803|22059|26992|57265,Actg1|Bad|Cdk4|Fzd6|Fzd7|Gsto1|Hras|Pik3r1|Pik3r2|Pten|Tgfb1|Trp53|Brd7|Fzd2,-0.68,hits
GO Biological Processes,19,GO:0051338,regulation of transferase activity,19_GO:0065007 biological regulation,-2.4,1.6,2.9,21160,587,758,34,4.5,0.75,11607|12576|13844|14182|15461|16000|16706|16911|18596|18769|18810|19062|19211|20655|20869|22359|24047|27354|56371|59090|66616|67605|69068|77891|78388|100732|106021|226849|232431|242202|268373|269881|330177|384783,Agtr1a|Cdkn1b|Ephb2|Fgfr1|Hras|Igf1|Ksr1|Lmo4|Pdgfrb|Pkig|Plec|Inpp5k|Pten|Sod1|Stk11|Vldlr|Ccl19|Nbn|Fzr1|Midn|Snx9|Akt1s1|Tcim|Ube2s|Mvp|Mapre3|Topors|Ppp2r5a|Gprc5a|Pde5a|Ppia|Map3k10|Taok3|Irs2,-0.68,hits
GO Biological Processes,19,GO:0006897,endocytosis,19_GO:0051179 localization,-2.4,1.7,2.9,21160,500,758,30,4,0.71,12505|12527|12724|13169|15461|16443|17886|18032|20977|21817|22241|22359|30948|52055|66616|66691|70314|73182|74143|74775|83814|94190|106628|140580|214897|228357|231580|233489|241576|271457,Cd44|Cd9|Clcn2|Dbnl|Hras|Itsn1|Myh9|Nfix|Syp|Tgm2|Ulk1|Vldlr|Bin1|Rab11fip5|Snx9|Gapvd1|Rabep2|Pear1|Opa1|Lmbr1l|Nedd4l|Ophn1|Trip10|Elmo1|Csnk1g1|Lrp4|Gak|Picalm|Ldlrad3|Rab5a,-0.68,hits
GO Biological Processes,19,GO:0060021,roof of mouth development,19_GO:0032502 developmental process,-2.4,2.7,3.3,21160,105,758,10,1.3,0.41,13844|13845|14561|17286|20397|57265|71458|77087|105278|242509,Ephb2|Ephb3|Gdf11|Meox2|Sgpl1|Fzd2|Bcor|Ankrd11|Cdk20|Bnc2,-0.67,hits
GO Biological Processes,19,GO:0120034,positive regulation of plasma membrane bounded cell projection assembly,19_GO:0048518 positive regulation of biological process,-2.4,2.5,3.2,21160,122,758,11,1.5,0.43,15461|18708|24047|74055|76709|102774|225523|230872|231225|232944|234776,Hras|Pik3r1|Ccl19|Plce1|Arpc2|Bbs4|Cep120|Crocc|Tapt1|Mark4|Atmin,-0.67,hits
GO Biological Processes,19,GO:0072009,nephron epithelium development,19_GO:0032502 developmental process,-2.4,2.5,3.2,21160,122,758,11,1.5,0.43,12505|15213|15229|16202|16372|16449|16779|18763|19126|74533|269152,Cd44|Hey1|Foxd1|Ilk|Irx2|Jag1|Lamb2|Pkd1|Prom1|Gzf1|Kif26b,-0.67,hits
GO Biological Processes,19,GO:0097190,apoptotic signaling pathway,19_GO:0050896 response to stimulus,-2.4,1.8,3,21160,353,758,23,3,0.62,12015|12905|13666|14373|15461|16000|17346|18708|20397|20869|21803|22059|26419|27354|63958|66626|69714|74126|75770|77125|106021|117198|216805,Bad|Cradd|Eif2ak3|G0s2|Hras|Igf1|Mknk1|Pik3r1|Sgpl1|Stk11|Tgfb1|Trp53|Mapk8|Nbn|Ube4b|Cdip1|Tfpt|Syvn1|Brsk2|Il33|Topors|Ivns1abp|Flcn,-0.67,hits
GO Biological Processes,19,GO:0045785,positive regulation of cell adhesion,19_GO:0048518 positive regulation of biological process,-2.3,1.7,2.9,21160,523,758,31,4.1,0.72,12010|12015|12400|12505|13612|14252|14726|16000|16202|16779|17684|17886|17926|18081|18709|18754|20194|20315|20851|21803|21817|24047|26992|54721|74143|74199|76709|83554|102657|110829|269152,B2m|Bad|Cbfb|Cd44|Edil3|Flot2|Pdpn|Igf1|Ilk|Lamb2|Cited2|Myh9|Myoc|Ninj1|Pik3r2|Prkce|S100a10|Cxcl12|Stat5b|Tgfb1|Tgm2|Ccl19|Brd7|Tyk2|Opa1|Vit|Arpc2|Fstl3|Cd276|Lims1|Kif26b,-0.67,hits
Reactome Gene Sets,6,R-MMU-1483255,PI Metabolism,,-2.3,3.1,3.4,21160,73,758,8,1.1,0.37,18708|18709|19062|19211|75669|240752|240753|271457,Pik3r1|Pik3r2|Inpp5k|Pten|Pik3r4|Pik3c2b|Plekha6|Rab5a,-0.67,hits
GO Biological Processes,19,GO:2001244,positive regulation of intrinsic apoptotic signaling pathway,19_GO:0048518 positive regulation of biological process,-2.3,3.1,3.4,21160,73,758,8,1.1,0.37,12015|13666|14694|18952|20655|22059|72287|216805,Bad|Eif2ak3|Rack1|Septin4|Sod1|Trp53|Plekhf1|Flcn,-0.67,hits
Reactome Gene Sets,6,R-MMU-6782210,Gap-filling DNA repair synthesis and ligation in TC-NER,,-2.3,3.4,3.5,21160,58,758,7,0.92,0.35,13194|20020|20021|23894|66420|231329|245841,Ddb1|Polr2a|Polr2c|Gtf2h2|Polr2e|Polr2b|Polr2h,-0.67,hits
KEGG Pathway,24,mmu05213,Endometrial cancer - Mus musculus (house mouse),,-2.3,3.4,3.5,21160,58,758,7,0.92,0.35,12015|15461|16202|18708|18709|19211|22059,Bad|Hras|Ilk|Pik3r1|Pik3r2|Pten|Trp53,-0.67,hits
GO Biological Processes,19,GO:1904668,positive regulation of ubiquitin protein ligase activity,19_GO:0048518 positive regulation of biological process,-2.3,8.4,4.5,21160,10,758,3,0.4,0.23,19211|56371|77891,Pten|Fzr1|Ube2s,-0.67,hits
GO Biological Processes,19,GO:2000491,positive regulation of hepatic stellate cell activation,19_GO:0048518 positive regulation of biological process,-2.3,8.4,4.5,21160,10,758,3,0.4,0.23,13350|14182|18596,Dgat1|Fgfr1|Pdgfrb,-0.67,hits
GO Biological Processes,19,GO:0032933,SREBP signaling pathway,19_GO:0050896 response to stimulus,-2.3,8.4,4.5,21160,10,758,3,0.4,0.23,13666|229317|244373,Eif2ak3|Eif2a|Erlin2,-0.67,hits
Reactome Gene Sets,6,R-MMU-418457,cGMP effects,,-2.3,8.4,4.5,21160,10,758,3,0.4,0.23,17540|19091|242202,Irag1|Prkg1|Pde5a,-0.67,hits
GO Biological Processes,19,GO:1904851,positive regulation of establishment of protein localization to telomere,19_GO:0051179 localization,-2.3,8.4,4.5,21160,10,758,3,0.4,0.23,12461|12464|245474,Cct2|Cct4|Dkc1,-0.67,hits
Reactome Gene Sets,6,R-MMU-381676,Glucagon-like Peptide-1 (GLP1) regulates insulin secretion,,-2.3,4.5,3.8,21160,31,758,5,0.66,0.29,14697|14701|16440|66066|238076,Gnb5|Gng12|Itpr3|Gng11|Kcns3,-0.67,hits
GO Biological Processes,19,GO:0032989,cellular anatomical entity morphogenesis,19_GO:0009987 cellular process,-2.3,2.4,3.2,21160,140,758,12,1.6,0.45,11465|12527|12632|13823|16202|18596|18810|19153|68794|98932|207352|232664,Actg1|Cd9|Cfl2|Epb41l3|Ilk|Pdgfrb|Plec|Prx|Flnc|Myl9|Sec23ip|Ccdc136,-0.67,hits
GO Biological Processes,19,GO:0010927,cellular component assembly involved in morphogenesis,19_GO:0032502 developmental process,-2.3,2.4,3.2,21160,140,758,12,1.6,0.45,11465|12527|12632|13823|16202|18596|18810|19153|68794|98932|207352|232664,Actg1|Cd9|Cfl2|Epb41l3|Ilk|Pdgfrb|Plec|Prx|Flnc|Myl9|Sec23ip|Ccdc136,-0.67,hits
GO Biological Processes,19,GO:0030308,negative regulation of cell growth,19_GO:0040007 growth,-2.3,2.1,3.1,21160,195,758,15,2,0.51,12576|14694|18208|18846|19211|19280|20356|20869|21803|22059|22241|22632|56401|70834|74116,Cdkn1b|Rack1|Ntn1|Plxna3|Pten|Ptprs|Sema5a|Stk11|Tgfb1|Trp53|Ulk1|Yy1|P3h1|Spag9|Pi16,-0.67,hits
KEGG Pathway,24,mmu03320,PPAR signaling pathway - Mus musculus (house mouse),,-2.3,2.8,3.3,21160,89,758,9,1.2,0.39,12894|16202|20182|20411|26569|50790|56473|57875|74551,Cpt1a|Ilk|Rxrb|Sorbs1|Slc27a4|Acsl4|Fads2|Angptl4|Pck2,-0.67,hits
WikiPathways,27,WP297,IL 7 signaling pathway,,-2.3,3.8,3.6,21160,44,758,6,0.79,0.32,12015|12567|15461|18708|20851|384783,Bad|Cdk4|Hras|Pik3r1|Stat5b|Irs2,-0.67,hits
GO Biological Processes,19,GO:1901990,regulation of mitotic cell cycle phase transition,19_GO:0050789 regulation of biological process,-2.3,1.8,3,21160,355,758,23,3,0.62,12567|12576|12905|13194|14726|16600|18763|19134|19186|19188|19211|20184|21803|22059|26992|27354|56190|56371|68077|81702|208643|214498|330177,Cdk4|Cdkn1b|Cradd|Ddb1|Pdpn|Klf4|Pkd1|Prpf4b|Psme1|Psme2|Pten|Uimc1|Tgfb1|Trp53|Brd7|Nbn|Rbm38|Fzr1|Nop53|Ankrd17|Eif4g1|Cdc73|Taok3,-0.66,hits
Reactome Gene Sets,6,R-MMU-71387,Metabolism of carbohydrates,,-2.3,2,3,21160,254,758,18,2.4,0.55,12505|14595|14735|14751|15277|17022|19386|20525|23888|27357|56421|59031|70974|74551|77590|100910|108902|218271,Cd44|B4galt1|Gpc4|Gpi1|Hk2|Lum|Ranbp2|Slc2a1|Gpc6|Gyg1|Pfkp|Chst12|Pgm2l1|Pck2|Chst15|Chpf2|B4gat1|B4galt7,-0.66,hits
GO Biological Processes,19,GO:0061448,connective tissue development,19_GO:0032502 developmental process,-2.3,1.9,3,21160,274,758,19,2.5,0.57,12161|13666|14182|15229|15461|16000|17313|18596|18763|19228|20773|21803|21810|21827|102774|109181|213053|231225|235320,Bmp6|Eif2ak3|Fgfr1|Foxd1|Hras|Igf1|Mgp|Pdgfrb|Pkd1|Pth1r|Sptlc2|Tgfb1|Tgfbi|Thbs3|Bbs4|Trip11|Slc39a14|Tapt1|Zbtb16,-0.66,hits
Reactome Gene Sets,6,R-MMU-1280218,Adaptive Immune System,,-2.3,1.6,2.9,21160,636,758,36,4.7,0.77,11765|12010|14794|15015|15039|15461|16440|16563|18708|18709|19053|19091|19175|19211|20334|20619|20866|22142|22143|22612|53598|56371|59009|66515|69807|70247|77371|77891|224170|226849|227613|231670|269152|269514|269529|387524,Ap1g1|B2m|Spsb2|H2-Q4|H2-T22|Hras|Itpr3|Kif2a|Pik3r1|Pik3r2|Ppp2cb|Prkg1|Psmb6|Pten|Sec23a|Snap23|Stim1|Tuba1a|Tuba1b|Yes1|Dctn3|Fzr1|Sh3rf1|Cul7|Trim32|Psmd1|Sec24a|Ube2s|Dzip3|Ppp2r5a|Tubb4b|Fbxo21|Kif26b|Fbxl4|Fbxo10|Znrf2,-0.66,hits
Reactome Gene Sets,6,R-MMU-2559583,Cellular Senescence,,-2.3,2.4,3.2,21160,141,758,12,1.6,0.45,12567|12576|13875|15270|22059|26419|27354|56371|66403|68024|77891|216850,Cdk4|Cdkn1b|Erf|H2ax|Trp53|Mapk8|Nbn|Fzr1|Asf1a|H2bc4|Ube2s|Kdm6b,-0.66,hits
GO Biological Processes,19,GO:0046488,phosphatidylinositol metabolic process,19_GO:0009987 cellular process,-2.3,2.4,3.2,21160,141,758,12,1.6,0.45,18596|18708|18799|19062|19211|55981|67556|74055|75669|114874|228812|240752,Pdgfrb|Pik3r1|Plcd1|Inpp5k|Pten|Pigb|Pigm|Plce1|Pik3r4|Ddhd1|Pigu|Pik3c2b,-0.66,hits
GO Biological Processes,19,GO:0018193,peptidyl-amino acid modification,19_GO:0009987 cellular process,-2.3,1.7,2.9,21160,461,758,28,3.7,0.69,13666|13844|14182|16202|17344|17346|18596|18754|18763|19038|19386|20620|20869|22241|24086|26419|28075|64384|67269|67956|72096|75770|106021|108148|208884|268373|269881|320213,Eif2ak3|Ephb2|Fgfr1|Ilk|Pias2|Mknk1|Pdgfrb|Prkce|Pkd1|Ppic|Ranbp2|Plk2|Stk11|Ulk1|Tlk2|Mapk8|Desi1|Sirt3|Agtpbp1|Kmt5a|Eef1akmt2|Brsk2|Topors|Galnt2|Zdhhc9|Ppia|Map3k10|Senp5,-0.66,hits
KEGG Pathway,24,mmu05214,Glioma - Mus musculus (house mouse),,-2.3,3,3.4,21160,74,758,8,1.1,0.37,12567|15461|16000|18596|18708|18709|19211|22059,Cdk4|Hras|Igf1|Pdgfrb|Pik3r1|Pik3r2|Pten|Trp53,-0.65,hits
GO Biological Processes,19,GO:0048638,regulation of developmental growth,19_GO:0040007 growth,-2.3,1.8,2.9,21160,398,758,25,3.3,0.65,12576|13169|14182|14567|15182|16000|16202|17684|18208|18846|19211|19280|20315|20356|20397|20655|20851|22241|22632|70834|74116|83814|102774|106628|233489,Cdkn1b|Dbnl|Fgfr1|Gdi1|Hdac2|Igf1|Ilk|Cited2|Ntn1|Plxna3|Pten|Ptprs|Cxcl12|Sema5a|Sgpl1|Sod1|Stat5b|Ulk1|Yy1|Spag9|Pi16|Nedd4l|Bbs4|Trip10|Picalm,-0.65,hits
Reactome Gene Sets,6,R-MMU-6782135,Dual incision in TC-NER,,-2.3,3.3,3.4,21160,59,758,7,0.92,0.35,13194|20020|20021|23894|66420|231329|245841,Ddb1|Polr2a|Polr2c|Gtf2h2|Polr2e|Polr2b|Polr2h,-0.65,hits
GO Biological Processes,19,GO:1900024,regulation of substrate adhesion-dependent cell spreading,19_GO:0050789 regulation of biological process,-2.3,3.3,3.4,21160,59,758,7,0.92,0.35,14726|16202|17926|20194|60595|76709|110829,Pdpn|Ilk|Myoc|S100a10|Actn4|Arpc2|Lims1,-0.65,hits
Reactome Gene Sets,6,R-MMU-422356,Regulation of insulin secretion,,-2.3,3.3,3.4,21160,59,758,7,0.92,0.35,14697|14701|16440|20525|50790|66066|238076,Gnb5|Gng12|Itpr3|Slc2a1|Acsl4|Gng11|Kcns3,-0.65,hits
GO Biological Processes,19,GO:0048668,collateral sprouting,19_GO:0040007 growth,-2.3,5.6,4,21160,20,758,4,0.53,0.26,18032|19091|22241|27965,Nfix|Prkg1|Ulk1|Spg21,-0.65,hits
GO Biological Processes,19,GO:0006275,regulation of DNA replication,19_GO:0050789 regulation of biological process,-2.3,2.5,3.2,21160,124,758,11,1.5,0.43,13006|13010|13134|14182|15461|22059|22632|26419|69714|81702|268936,Smc3|Cst3|Dach1|Fgfr1|Hras|Trp53|Yy1|Mapk8|Tfpt|Ankrd17|Brpf3,-0.65,hits
GO Biological Processes,19,GO:0038127,ERBB signaling pathway,19_GO:0050896 response to stimulus,-2.3,2.6,3.2,21160,107,758,10,1.3,0.41,12328|13844|13845|14182|15461|17926|18596|27965|74055|78388,Caml|Ephb2|Ephb3|Fgfr1|Hras|Myoc|Pdgfrb|Spg21|Plce1|Mvp,-0.65,hits
GO Biological Processes,19,GO:2000008,regulation of protein localization to cell surface,19_GO:0051179 localization,-2.3,3.7,3.5,21160,45,758,6,0.79,0.32,13844|15516|20620|52055|83814|233489,Ephb2|Hsp90ab1|Plk2|Rab11fip5|Nedd4l|Picalm,-0.64,hits
Reactome Gene Sets,6,R-MMU-193648,NRAGE signals death through JNK,,-2.3,3.7,3.5,21160,45,758,6,0.79,0.32,12015|16443|26419|101497|213498|234094,Bad|Itsn1|Mapk8|Plekhg2|Arhgef11|Arhgef10,-0.64,hits
GO Biological Processes,19,GO:0010453,regulation of cell fate commitment,19_GO:0032502 developmental process,-2.3,3.7,3.5,21160,45,758,6,0.79,0.32,14182|14369|15182|16911|74143|234366,Fgfr1|Fzd7|Hdac2|Lmo4|Opa1|Gatad2a,-0.64,hits
GO Biological Processes,19,GO:0090092,regulation of transmembrane receptor protein serine/threonine kinase signaling pathway,19_GO:0050896 response to stimulus,-2.3,1.9,3,21160,276,758,19,2.5,0.57,12161|12562|13805|14561|15182|15229|15516|16202|17684|18550|20869|21803|22059|23863|83554|94246|171463|216805|268977,Bmp6|Cdh5|Eng|Gdf11|Hdac2|Foxd1|Hsp90ab1|Ilk|Cited2|Furin|Stk11|Tgfb1|Trp53|Dand5|Fstl3|Arid4b|Il17rd|Flcn|Ltbp1,-0.64,hits
GO Biological Processes,19,GO:0043583,ear development,19_GO:0032502 developmental process,-2.3,1.9,3,21160,276,758,19,2.5,0.57,12576|13844|14182|14368|15213|16000|16449|17132|18032|18208|20655|21803|57265|72747|109181|110380|216274|239250|244152,Cdkn1b|Ephb2|Fgfr1|Fzd6|Hey1|Igf1|Jag1|Maf|Nfix|Ntn1|Sod1|Tgfb1|Fzd2|Ttc39c|Trip11|Shroom2|Cep290|Slitrk6|Tsku,-0.64,hits
GO Biological Processes,19,GO:0061117,negative regulation of heart growth,19_GO:0040007 growth,-2.3,4.4,3.7,21160,32,758,5,0.66,0.29,15182|17684|19211|22632|74116,Hdac2|Cited2|Pten|Yy1|Pi16,-0.64,hits
Reactome Gene Sets,6,R-MMU-2129379,Molecules associated with elastic fibres,,-2.3,4.4,3.7,21160,32,758,5,0.66,0.29,17150|21803|50530|108075|268977,Mfap2|Tgfb1|Mfap5|Ltbp4|Ltbp1,-0.64,hits
GO Biological Processes,19,GO:1903846,positive regulation of cellular response to transforming growth factor beta stimulus,19_GO:0048518 positive regulation of biological process,-2.3,4.4,3.7,21160,32,758,5,0.66,0.29,15516|17684|18550|20869|216805,Hsp90ab1|Cited2|Furin|Stk11|Flcn,-0.64,hits
GO Biological Processes,19,GO:1903055,positive regulation of extracellular matrix organization,19_GO:0048518 positive regulation of biological process,-2.3,4.4,3.7,21160,32,758,5,0.66,0.29,14726|20356|21803|208177|234407,Pdpn|Sema5a|Tgfb1|Phldb2|Colgalt1,-0.64,hits
GO Biological Processes,19,GO:0030511,positive regulation of transforming growth factor beta receptor signaling pathway,19_GO:0048518 positive regulation of biological process,-2.3,4.4,3.7,21160,32,758,5,0.66,0.29,15516|17684|18550|20869|216805,Hsp90ab1|Cited2|Furin|Stk11|Flcn,-0.64,hits
KEGG Pathway,24,mmu04136,Autophagy - other - Mus musculus (house mouse),,-2.3,4.4,3.7,21160,32,758,5,0.66,0.29,19053|57436|75669|77040|235040,Ppp2cb|Gabarapl1|Pik3r4|Atg16l1|Atg4d,-0.64,hits
GO Biological Processes,19,GO:0055022,negative regulation of cardiac muscle tissue growth,19_GO:0040007 growth,-2.3,4.4,3.7,21160,32,758,5,0.66,0.29,15182|17684|19211|22632|74116,Hdac2|Cited2|Pten|Yy1|Pi16,-0.64,hits
GO Biological Processes,19,GO:0010565,regulation of ketone metabolic process,19_GO:0050789 regulation of biological process,-2.3,2.3,3.1,21160,161,758,13,1.7,0.47,12161|12724|12894|13350|13666|14261|18754|19091|50790|68041|244373|320717|384783,Bmp6|Clcn2|Cpt1a|Dgat1|Eif2ak3|Fmo1|Prkce|Prkg1|Acsl4|Mid1ip1|Erlin2|Pptc7|Irs2,-0.64,hits
GO Biological Processes,19,GO:0001843,neural tube closure,19_GO:0032502 developmental process,-2.3,2.6,3.2,21160,108,758,10,1.3,0.41,14368|16911|17684|21803|27428|67836|74143|102774|105278|234366,Fzd6|Lmo4|Cited2|Tgfb1|Shroom3|Wdr83|Opa1|Bbs4|Cdk20|Gatad2a,-0.63,hits
GO Biological Processes,19,GO:0120032,regulation of plasma membrane bounded cell projection assembly,19_GO:0050789 regulation of biological process,-2.3,2,3,21160,218,758,16,2.1,0.52,13844|15461|18708|24047|69807|70314|74055|76441|76709|102774|225523|230872|231225|232944|234776|271457,Ephb2|Hras|Pik3r1|Ccl19|Trim32|Rabep2|Plce1|Daam2|Arpc2|Bbs4|Cep120|Crocc|Tapt1|Mark4|Atmin|Rab5a,-0.63,hits
GO Biological Processes,19,GO:0006753,nucleoside phosphate metabolic process,19_GO:0009987 cellular process,-2.3,1.6,2.8,21160,575,758,33,4.4,0.74,11513|11636|11966|12015|12496|13350|13382|14261|14751|15277|17448|20928|21803|22169|22228|23918|50790|52538|55936|56045|56248|56421|60596|66091|66925|68087|68106|69080|73724|74143|74551|76355|242202,Adcy7|Ak1|Atp6v1b2|Bad|Entpd2|Dgat1|Dld|Fmo1|Gpi1|Hk2|Mdh2|Abcc9|Tgfb1|Cmpk2|Ucp2|Impdh2|Acsl4|Acaa2|Ctps2|Samhd1|Ak3|Pfkp|Gucy1a1|Ndufa3|Sdhd|Dcakd|Nt5c3b|Gmppa|Mcee|Opa1|Pck2|Tgds|Pde5a,-0.63,hits
GO Biological Processes,19,GO:1901873,regulation of post-translational protein modification,19_GO:0050789 regulation of biological process,-2.3,1.9,3,21160,258,758,18,2.4,0.55,12328|12952|13819|15516|18754|18952|19211|26419|56371|56401|68077|76273|77891|80985|106021|117198|216805|268373,Caml|Cry1|Epas1|Hsp90ab1|Prkce|Septin4|Pten|Mapk8|Fzr1|P3h1|Nop53|Ndfip2|Ube2s|Trim44|Topors|Ivns1abp|Flcn|Ppia,-0.62,hits
KEGG Pathway,24,mmu04071,Sphingolipid signaling pathway - Mus musculus (house mouse),,-2.2,2.4,3.1,21160,126,758,11,1.5,0.43,15461|18708|18709|18754|19053|19211|20397|20773|22059|26419|226849,Hras|Pik3r1|Pik3r2|Prkce|Ppp2cb|Pten|Sgpl1|Sptlc2|Trp53|Mapk8|Ppp2r5a,-0.62,hits
Reactome Gene Sets,6,R-MMU-1793185,Chondroitin sulfate/dermatan sulfate metabolism,,-2.2,3.6,3.5,21160,46,758,6,0.79,0.32,14735|23888|59031|77590|100910|218271,Gpc4|Gpc6|Chst12|Chst15|Chpf2|B4galt7,-0.62,hits
Reactome Gene Sets,6,R-MMU-2428928,IRS-related events triggered by IGF1R,,-2.2,3.6,3.5,21160,46,758,6,0.79,0.32,14182|16000|18708|18709|75669|384783,Fgfr1|Igf1|Pik3r1|Pik3r2|Pik3r4|Irs2,-0.62,hits
Reactome Gene Sets,6,R-MMU-2428924,IGF1R signaling cascade,,-2.2,3.6,3.5,21160,46,758,6,0.79,0.32,14182|16000|18708|18709|75669|384783,Fgfr1|Igf1|Pik3r1|Pik3r2|Pik3r4|Irs2,-0.62,hits
Reactome Gene Sets,6,R-MMU-4086398,Ca2+ pathway,,-2.2,3.6,3.5,21160,46,758,6,0.79,0.32,14368|14697|14701|18588|57265|66066,Fzd6|Gnb5|Gng12|Pde6g|Fzd2|Gng11,-0.62,hits
GO Biological Processes,19,GO:0048147,negative regulation of fibroblast proliferation,19_GO:0048519 negative regulation of biological process,-2.2,3.6,3.5,21160,46,758,6,0.79,0.32,13134|14319|22059|69807|214498|218271,Dach1|Fth1|Trp53|Trim32|Cdc73|B4galt7,-0.62,hits
GO Biological Processes,19,GO:1902991,regulation of amyloid precursor protein catabolic process,19_GO:0050789 regulation of biological process,-2.2,3.6,3.5,21160,46,758,6,0.79,0.32,14252|16000|20168|30948|233489|260302,Flot2|Igf1|Rtn3|Bin1|Picalm|Gga3,-0.62,hits
GO Biological Processes,19,GO:0043112,receptor metabolic process,19_GO:0009987 cellular process,-2.2,3.6,3.5,21160,46,758,6,0.79,0.32,12328|21803|74718|75669|83814|103737,Caml|Tgfb1|Snx16|Pik3r4|Nedd4l|Pex12,-0.62,hits
GO Biological Processes,19,GO:0045494,photoreceptor cell maintenance,19_GO:0042592 homeostatic process,-2.2,3.6,3.5,21160,46,758,6,0.79,0.32,19126|20525|77593|102774|216274|230872,Prom1|Slc2a1|Usp45|Bbs4|Cep290|Crocc,-0.62,hits
GO Biological Processes,19,GO:0051336,regulation of hydrolase activity,19_GO:0065007 biological regulation,-2.2,1.6,2.8,21160,621,758,35,4.6,0.76,11607|12015|12258|12505|12905|13010|13666|13845|14020|14694|14697|15461|16600|18550|19091|20194|20655|21817|24047|26569|30948|54208|57875|59009|66616|67770|102774|105445|110829|112407|170574|192786|227800|227937|234094,Agtr1a|Bad|Serping1|Cd44|Cradd|Cst3|Eif2ak3|Ephb3|Evi5|Rack1|Gnb5|Hras|Klf4|Furin|Prkg1|S100a10|Sod1|Tgm2|Ccl19|Slc27a4|Bin1|Arl6ip1|Angptl4|Sh3rf1|Snx9|Caap1|Bbs4|Dock9|Lims1|Egln3|Sp7|Rapgef6|Rabgap1|Pkp4|Arhgef10,-0.62,hits
WikiPathways,27,WP450,IL 2 signaling pathway,,-2.2,2.9,3.3,21160,76,758,8,1.1,0.37,14694|16432|17346|18708|18709|20851|26419|384783,Rack1|Itm2b|Mknk1|Pik3r1|Pik3r2|Stat5b|Mapk8|Irs2,-0.62,hits
GO Biological Processes,19,GO:0060606,tube closure,19_GO:0032502 developmental process,-2.2,2.6,3.1,21160,109,758,10,1.3,0.41,14368|16911|17684|21803|27428|67836|74143|102774|105278|234366,Fzd6|Lmo4|Cited2|Tgfb1|Shroom3|Wdr83|Opa1|Bbs4|Cdk20|Gatad2a,-0.62,hits
Reactome Gene Sets,6,R-MMU-5683057,MAPK family signaling cascades,,-2.2,1.9,2.9,21160,279,758,19,2.5,0.57,11465|14182|15461|16706|18596|18708|18709|19053|19175|20742|54721|56392|67836|70247|171463|208884|226849|240672|384783,Actg1|Fgfr1|Hras|Ksr1|Pdgfrb|Pik3r1|Pik3r2|Ppp2cb|Psmb6|Sptbn1|Tyk2|Shoc2|Wdr83|Psmd1|Il17rd|Zdhhc9|Ppp2r5a|Dusp5|Irs2,-0.62,hits
GO Biological Processes,19,GO:0003018,vascular process in circulatory system,19_GO:0032501 multicellular organismal process,-2.2,1.9,2.9,21160,259,758,18,2.4,0.55,11607|12161|12562|17540|18810|19091|20525|20655|20657|20928|21803|21873|26569|27360|60596|240672|242202|320736,Agtr1a|Bmp6|Cdh5|Irag1|Plec|Prkg1|Slc2a1|Sod1|Sod3|Abcc9|Tgfb1|Tjp2|Slc27a4|Add3|Gucy1a1|Dusp5|Pde5a|Vstm4,-0.62,hits
GO Biological Processes,19,GO:0098727,maintenance of cell number,19_GO:0032502 developmental process,-2.2,2.2,3,21160,163,758,13,1.7,0.47,13006|14182|14369|16000|16449|16600|18032|26419|68975|74203|93679|214498|268996,Smc3|Fgfr1|Fzd7|Igf1|Jag1|Klf4|Nfix|Mapk8|Med27|Eif4enif1|Trim8|Cdc73|Ss18,-0.62,hits
GO Biological Processes,19,GO:0031345,negative regulation of cell projection organization,19_GO:0048519 negative regulation of biological process,-2.2,2,3,21160,220,758,16,2.1,0.52,12010|13844|13865|14567|15182|18208|18846|19211|19280|20356|22241|69807|70827|228357|231580|244152,B2m|Ephb2|Nr2f1|Gdi1|Hdac2|Ntn1|Plxna3|Pten|Ptprs|Sema5a|Ulk1|Trim32|Trak2|Lrp4|Gak|Tsku,-0.62,hits
GO Biological Processes,19,GO:0055086,nucleobase-containing small molecule metabolic process,19_GO:0009987 cellular process,-2.2,1.6,2.8,21160,600,758,34,4.5,0.75,11513|11636|11966|12015|12496|13350|13382|14261|14751|15277|17448|20928|21803|22169|22228|23918|50790|52538|55936|56045|56248|56421|60596|66091|66194|66925|68087|68106|69080|73724|74143|74551|76355|242202,Adcy7|Ak1|Atp6v1b2|Bad|Entpd2|Dgat1|Dld|Fmo1|Gpi1|Hk2|Mdh2|Abcc9|Tgfb1|Cmpk2|Ucp2|Impdh2|Acsl4|Acaa2|Ctps2|Samhd1|Ak3|Pfkp|Gucy1a1|Ndufa3|Pycr3|Sdhd|Dcakd|Nt5c3b|Gmppa|Mcee|Opa1|Pck2|Tgds|Pde5a,-0.62,hits
GO Biological Processes,19,GO:0001678,intracellular glucose homeostasis,19_GO:0042592 homeostatic process,-2.2,2.4,3.1,21160,127,758,11,1.5,0.43,14694|15277|16000|18708|18709|21803|22228|52055|74551|213053|384783,Rack1|Hk2|Igf1|Pik3r1|Pik3r2|Tgfb1|Ucp2|Rab11fip5|Pck2|Slc39a14|Irs2,-0.62,hits
Reactome Gene Sets,6,R-MMU-8852276,The role of GTSE1 in G2/M progression after G2 checkpoint,,-2.2,3.2,3.3,21160,61,758,7,0.92,0.35,15516|19175|22059|22142|22143|70247|227613,Hsp90ab1|Psmb6|Trp53|Tuba1a|Tuba1b|Psmd1|Tubb4b,-0.62,hits
GO Biological Processes,19,GO:0032410,negative regulation of transporter activity,19_GO:0051179 localization,-2.2,3.2,3.3,21160,61,758,7,0.92,0.35,13844|14664|14697|14873|58799|76273|83814,Ephb2|Slc6a9|Gnb5|Gsto1|Crbn|Ndfip2|Nedd4l,-0.62,hits
GO Biological Processes,19,GO:0043549,regulation of kinase activity,19_GO:0050789 regulation of biological process,-2.2,1.6,2.8,21160,512,758,30,4,0.71,12576|13844|14182|15461|16000|16706|16911|18596|18769|18810|19062|19211|20655|20869|22359|24047|27354|59090|66616|67605|69068|78388|100732|226849|232431|242202|268373|269881|330177|384783,Cdkn1b|Ephb2|Fgfr1|Hras|Igf1|Ksr1|Lmo4|Pdgfrb|Pkig|Plec|Inpp5k|Pten|Sod1|Stk11|Vldlr|Ccl19|Nbn|Midn|Snx9|Akt1s1|Tcim|Mvp|Mapre3|Ppp2r5a|Gprc5a|Pde5a|Ppia|Map3k10|Taok3|Irs2,-0.62,hits
GO Biological Processes,19,GO:1900242,regulation of synaptic vesicle endocytosis,19_GO:0051179 localization,-2.2,4.2,3.6,21160,33,758,5,0.66,0.29,11465|66616|72961|94190|233489,Actg1|Snx9|Slc17a7|Ophn1|Picalm,-0.62,hits
GO Biological Processes,19,GO:0034405,response to fluid shear stress,19_GO:0050896 response to stimulus,-2.2,4.2,3.6,21160,33,758,5,0.66,0.29,16600|17684|18763|18810|21803,Klf4|Cited2|Pkd1|Plec|Tgfb1,-0.62,hits
GO Biological Processes,19,GO:0022038,corpus callosum development,19_GO:0032502 developmental process,-2.2,4.2,3.6,21160,33,758,5,0.66,0.29,13844|13845|19280|77040|244152,Ephb2|Ephb3|Ptprs|Atg16l1|Tsku,-0.62,hits
GO Biological Processes,19,GO:0034392,negative regulation of smooth muscle cell apoptotic process,19_GO:0048519 negative regulation of biological process,-2.2,5.3,3.8,21160,21,758,4,0.53,0.26,11607|16000|23938|68861,Agtr1a|Igf1|Map2k5|Dipk2a,-0.62,hits
GO Biological Processes,19,GO:0051443,positive regulation of ubiquitin-protein transferase activity,19_GO:0048518 positive regulation of biological process,-2.2,5.3,3.8,21160,21,758,4,0.53,0.26,19211|56371|77891|106021,Pten|Fzr1|Ube2s|Topors,-0.62,hits
KEGG Pathway,24,mmu00532,Glycosaminoglycan biosynthesis - chondroitin sulfate / dermatan sulfate - Mus musculus (house mouse),,-2.2,5.3,3.8,21160,21,758,4,0.53,0.26,59031|77590|100910|218271,Chst12|Chst15|Chpf2|B4galt7,-0.62,hits
GO Biological Processes,19,GO:0048660,regulation of smooth muscle cell proliferation,19_GO:0050789 regulation of biological process,-2.2,2.1,3,21160,201,758,15,2,0.51,11607|12576|15446|16000|16202|16600|18596|18708|19091|19211|20851|21803|21817|22059|266632,Agtr1a|Cdkn1b|Hpgd|Igf1|Ilk|Klf4|Pdgfrb|Pik3r1|Prkg1|Pten|Stat5b|Tgfb1|Tgm2|Trp53|Irak4,-0.62,hits
GO Biological Processes,19,GO:0009199,ribonucleoside triphosphate metabolic process,19_GO:0009987 cellular process,-2.2,2.1,3,21160,201,758,15,2,0.51,11636|11966|12015|14751|15277|20928|21803|22228|23918|55936|56248|56421|66091|66925|74143,Ak1|Atp6v1b2|Bad|Gpi1|Hk2|Abcc9|Tgfb1|Ucp2|Impdh2|Ctps2|Ak3|Pfkp|Ndufa3|Sdhd|Opa1,-0.62,hits
KEGG Pathway,24,mmu05162,Measles - Mus musculus (house mouse),,-2.2,2.3,3.1,21160,145,758,12,1.6,0.45,12015|12567|12576|13666|14694|18708|18709|20851|22059|26419|54721|266632,Bad|Cdk4|Cdkn1b|Eif2ak3|Rack1|Pik3r1|Pik3r2|Stat5b|Trp53|Mapk8|Tyk2|Irak4,-0.62,hits
GO Biological Processes,19,GO:0021987,cerebral cortex development,19_GO:0032502 developmental process,-2.2,2.3,3.1,21160,145,758,12,1.6,0.45,13865|14182|15270|18032|19280|20525|22142|67760|77053|102774|223697|225523,Nr2f1|Fgfr1|H2ax|Nfix|Ptprs|Slc2a1|Tuba1a|Slc38a2|Sun1|Bbs4|Sun2|Cep120,-0.62,hits
GO Biological Processes,19,GO:0021707,cerebellar granule cell differentiation,19_GO:0032502 developmental process,-2.2,7.6,4.2,21160,11,758,3,0.4,0.23,18032|22241|94190,Nfix|Ulk1|Ophn1,-0.62,hits
GO Biological Processes,19,GO:0046940,nucleoside monophosphate phosphorylation,19_GO:0009987 cellular process,-2.2,7.6,4.2,21160,11,758,3,0.4,0.23,11636|22169|56248,Ak1|Cmpk2|Ak3,-0.62,hits
GO Biological Processes,19,GO:0021684,cerebellar granular layer formation,19_GO:0032502 developmental process,-2.2,7.6,4.2,21160,11,758,3,0.4,0.23,18032|22241|94190,Nfix|Ulk1|Ophn1,-0.62,hits
GO Biological Processes,19,GO:0042118,endothelial cell activation,19_GO:0032501 multicellular organismal process,-2.2,7.6,4.2,21160,11,758,3,0.4,0.23,21413|69068|268373,Tcf4|Tcim|Ppia,-0.62,hits
GO Biological Processes,19,GO:0090160,Golgi to lysosome transport,19_GO:0051179 localization,-2.2,7.6,4.2,21160,11,758,3,0.4,0.23,11765|16783|231580,Ap1g1|Lamp1|Gak,-0.62,hits
GO Biological Processes,19,GO:0032908,regulation of transforming growth factor beta1 production,19_GO:0032501 multicellular organismal process,-2.2,7.6,4.2,21160,11,758,3,0.4,0.23,17022|18550|244152,Lum|Furin|Tsku,-0.62,hits
GO Biological Processes,19,GO:0071501,cellular response to sterol depletion,19_GO:0050896 response to stimulus,-2.2,7.6,4.2,21160,11,758,3,0.4,0.23,13666|229317|244373,Eif2ak3|Eif2a|Erlin2,-0.62,hits
GO Biological Processes,19,GO:0045665,negative regulation of neuron differentiation,19_GO:0048519 negative regulation of biological process,-2.2,2.7,3.2,21160,93,758,9,1.2,0.39,12010|14561|15213|16449|27354|56392|70834|74203|243937,B2m|Gdf11|Hey1|Jag1|Nbn|Shoc2|Spag9|Eif4enif1|Zfp536,-0.62,hits
GO Biological Processes,19,GO:2001243,negative regulation of intrinsic apoptotic signaling pathway,19_GO:0048519 negative regulation of biological process,-2.2,2.5,3.1,21160,110,758,10,1.3,0.41,12505|14694|15182|20315|69807|74126|74143|109815|117198|268373,Cd44|Rack1|Hdac2|Cxcl12|Trim32|Syvn1|Opa1|Selenos|Ivns1abp|Ppia,-0.62,hits
Reactome Gene Sets,6,R-MMU-73887,Death Receptor Signaling,,-2.2,2.5,3.1,21160,110,758,10,1.3,0.41,12015|14694|16443|22241|26419|101497|192662|213498|228355|234094,Bad|Rack1|Itsn1|Ulk1|Mapk8|Plekhg2|Arhgdia|Arhgef11|Madd|Arhgef10,-0.62,hits
KEGG Pathway,24,mmu04931,Insulin resistance - Mus musculus (house mouse),,-2.2,2.5,3.1,21160,110,758,10,1.3,0.41,12894|18708|18709|18754|19211|20525|26419|26569|74551|384783,Cpt1a|Pik3r1|Pik3r2|Prkce|Pten|Slc2a1|Mapk8|Slc27a4|Pck2|Irs2,-0.62,hits
GO Biological Processes,19,GO:0051603,proteolysis involved in protein catabolic process,19_GO:0009987 cellular process,-2.2,1.5,2.7,21160,714,758,39,5.1,0.8,11907|13194|13666|14794|19053|19175|19358|19893|22670|28199|56371|56710|58799|59090|63958|66349|66515|67118|67509|69807|70247|70382|74126|75770|76273|77087|77891|83814|106021|109815|117198|223455|227619|242736|244373|269514|269529|387524|414872,Ate1|Ddb1|Eif2ak3|Spsb2|Ppp2cb|Psmb6|Rad23a|Rpgr|Trim26|Dcaf11|Fzr1|Brinp1|Crbn|Midn|Ube4b|Dmac2|Cul7|Bfar|Saysd1|Trim32|Psmd1|Kctd2|Syvn1|Brsk2|Ndfip2|Ankrd11|Ube2s|Nedd4l|Topors|Selenos|Ivns1abp|Marchf6|Man1b1|Pramel12|Erlin2|Fbxl4|Fbxo10|Znrf2|Zyg11b,-0.62,hits
GO Biological Processes,19,GO:0030003,intracellular monoatomic cation homeostasis,19_GO:0042592 homeostatic process,-2.2,1.7,2.8,21160,448,758,27,3.6,0.67,11966|12010|12161|12562|13400|14299|14319|16783|18754|18799|19228|20530|20655|20866|21803|21817|22059|66972|67809|69668|73658|76614|106957|170756|213053|233489|240660,Atp6v1b2|B2m|Bmp6|Cdh5|Dmpk|Ncs1|Fth1|Lamp1|Prkce|Plcd1|Pth1r|Slc31a2|Sod1|Stim1|Tgfb1|Tgm2|Trp53|Slc25a23|Rmdn3|Ccdc115|Spns1|Immt|Slc39a6|Slc8b1|Slc39a14|Picalm|Slc35g1,-0.62,hits
GO Biological Processes,19,GO:0060491,regulation of cell projection assembly,19_GO:0050789 regulation of biological process,-2.2,2,2.9,21160,221,758,16,2.1,0.52,13844|15461|18708|24047|69807|70314|74055|76441|76709|102774|225523|230872|231225|232944|234776|271457,Ephb2|Hras|Pik3r1|Ccl19|Trim32|Rabep2|Plce1|Daam2|Arpc2|Bbs4|Cep120|Crocc|Tapt1|Mark4|Atmin|Rab5a,-0.62,hits
KEGG Pathway,24,mmu05170,Human immunodeficiency virus 1 infection - Mus musculus (house mouse),,-2.2,2,2.9,21160,241,758,17,2.2,0.54,11765|12010|12015|12632|13194|14697|14701|15015|15039|15461|16440|18708|18709|26419|56045|66066|266632,Ap1g1|B2m|Bad|Cfl2|Ddb1|Gnb5|Gng12|H2-Q4|H2-T22|Hras|Itpr3|Pik3r1|Pik3r2|Mapk8|Samhd1|Gng11|Irak4,-0.62,hits
GO Biological Processes,19,GO:0009144,purine nucleoside triphosphate metabolic process,19_GO:0009987 cellular process,-2.2,2.1,3,21160,202,758,15,2,0.51,11636|11966|12015|14751|15277|20928|21803|22228|23918|56045|56248|56421|66091|66925|74143,Ak1|Atp6v1b2|Bad|Gpi1|Hk2|Abcc9|Tgfb1|Ucp2|Impdh2|Samhd1|Ak3|Pfkp|Ndufa3|Sdhd|Opa1,-0.62,hits
GO Biological Processes,19,GO:0007162,negative regulation of cell adhesion,19_GO:0048519 negative regulation of biological process,-2.2,1.8,2.9,21160,322,758,21,2.8,0.6,12161|12400|12505|12527|13844|14369|16449|16600|17926|18708|19091|19211|20315|20356|21803|23938|60595|67122|102657|208177|242202,Bmp6|Cbfb|Cd44|Cd9|Ephb2|Fzd7|Jag1|Klf4|Myoc|Pik3r1|Prkg1|Pten|Cxcl12|Sema5a|Tgfb1|Map2k5|Actn4|Nrarp|Cd276|Phldb2|Pde5a,-0.62,hits
GO Biological Processes,19,GO:0055080,monoatomic cation homeostasis,19_GO:0042592 homeostatic process,-2.2,1.6,2.8,21160,536,758,31,4.1,0.72,11607|11966|12010|12161|12562|13400|13819|14182|14299|14319|16440|16783|18754|18799|19228|20530|20655|20866|21803|21817|22059|66972|67809|69668|73658|76614|106957|170756|213053|233489|240660,Agtr1a|Atp6v1b2|B2m|Bmp6|Cdh5|Dmpk|Epas1|Fgfr1|Ncs1|Fth1|Itpr3|Lamp1|Prkce|Plcd1|Pth1r|Slc31a2|Sod1|Stim1|Tgfb1|Tgm2|Trp53|Slc25a23|Rmdn3|Ccdc115|Spns1|Immt|Slc39a6|Slc8b1|Slc39a14|Picalm|Slc35g1,-0.62,hits
Reactome Gene Sets,6,R-MMU-212436,Generic Transcription Pathway,,-2.2,1.5,2.7,21160,761,758,41,5.4,0.82,12400|12567|12576|12905|13865|14751|15182|15270|17684|18227|18550|19053|19175|20020|20021|20182|20463|20620|20869|21803|22059|23894|24132|26992|27354|56187|64384|66420|67956|68024|70247|84682|170938|208292|216848|231329|233060|234366|245841|268936|333182,Cbfb|Cdk4|Cdkn1b|Cradd|Nr2f1|Gpi1|Hdac2|H2ax|Cited2|Nr4a2|Furin|Ppp2cb|Psmb6|Polr2a|Polr2c|Rxrb|Cox7a2l|Plk2|Stk11|Tgfb1|Trp53|Gtf2h2|Zfp53|Brd7|Nbn|Rabggta|Sirt3|Polr2e|Kmt5a|H2bc4|Psmd1|Cox4i2|Zfp617|Zfp871|Chd3|Polr2b|Zfp382|Gatad2a|Polr2h|Brpf3|Cox6b2,-0.62,hits
Reactome Gene Sets,6,R-MMU-2404192,Signaling by Type 1 Insulin-like Growth Factor 1 Receptor (IGF1R),,-2.2,3.6,3.4,21160,47,758,6,0.79,0.32,14182|16000|18708|18709|75669|384783,Fgfr1|Igf1|Pik3r1|Pik3r2|Pik3r4|Irs2,-0.62,hits
GO Biological Processes,19,GO:0060070,canonical Wnt signaling pathway,19_GO:0050896 response to stimulus,-2.2,2.5,3.1,21160,111,758,10,1.3,0.41,14368|14369|15229|16600|19211|21803|57265|67181|72135|271457,Fzd6|Fzd7|Foxd1|Klf4|Pten|Tgfb1|Fzd2|Ctdnep1|Pygo1|Rab5a,-0.61,hits
GO Biological Processes,19,GO:0045913,positive regulation of carbohydrate metabolic process,19_GO:0048518 positive regulation of biological process,-2.2,2.5,3.1,21160,111,758,10,1.3,0.41,12952|13194|16000|17886|18754|18799|19228|20411|20869|384783,Cry1|Ddb1|Igf1|Myh9|Prkce|Plcd1|Pth1r|Sorbs1|Stk11|Irs2,-0.61,hits
GO Biological Processes,19,GO:0034976,response to endoplasmic reticulum stress,19_GO:0050896 response to stimulus,-2.2,2,2.9,21160,242,758,17,2.2,0.54,13666|18708|18709|19053|21828|22059|63958|74126|75770|93736|109815|208643|216274|223455|227619|229317|244373,Eif2ak3|Pik3r1|Pik3r2|Ppp2cb|Thbs4|Trp53|Ube4b|Syvn1|Brsk2|Aff4|Selenos|Eif4g1|Cep290|Marchf6|Man1b1|Eif2a|Erlin2,-0.61,hits
KEGG Pathway,24,mmu05222,Small cell lung cancer - Mus musculus (house mouse),,-2.2,2.7,3.1,21160,94,758,9,1.2,0.39,12567|12576|16779|18708|18709|19211|20182|22059|23928,Cdk4|Cdkn1b|Lamb2|Pik3r1|Pik3r2|Pten|Rxrb|Trp53|Lamc3,-0.61,hits
GO Biological Processes,19,GO:0021782,glial cell development,19_GO:0032502 developmental process,-2.2,2.3,3,21160,147,758,12,1.6,0.45,15461|16202|16779|17926|18032|18810|19153|19211|20655|21803|23928|234094,Hras|Ilk|Lamb2|Myoc|Nfix|Plec|Prx|Pten|Sod1|Tgfb1|Lamc3|Arhgef10,-0.6,hits
Reactome Gene Sets,6,R-MMU-5673000,RAF activation,,-2.2,4.1,3.5,21160,34,758,5,0.66,0.29,15461|16706|19053|56392|226849,Hras|Ksr1|Ppp2cb|Shoc2|Ppp2r5a,-0.59,hits
GO Biological Processes,19,GO:2000178,negative regulation of neural precursor cell proliferation,19_GO:0048519 negative regulation of biological process,-2.2,4.1,3.5,21160,34,758,5,0.66,0.29,16202|21803|22059|56392|110829,Ilk|Tgfb1|Trp53|Shoc2|Lims1,-0.59,hits
KEGG Pathway,24,mmu05205,Proteoglycans in cancer - Mus musculus (house mouse),,-2.2,2.1,2.9,21160,204,758,15,2,0.51,11465|12505|14182|14368|14369|15461|16000|16440|17022|18708|18709|21803|22059|57265|74055,Actg1|Cd44|Fgfr1|Fzd6|Fzd7|Hras|Igf1|Itpr3|Lum|Pik3r1|Pik3r2|Tgfb1|Trp53|Fzd2|Plce1,-0.59,hits
GO Biological Processes,19,GO:0061138,morphogenesis of a branching epithelium,19_GO:0032502 developmental process,-2.2,2.1,2.9,21160,204,758,15,2,0.51,12505|13805|14182|15229|16000|16202|17313|18763|20315|20348|20356|21803|21817|67122|74533,Cd44|Eng|Fgfr1|Foxd1|Igf1|Ilk|Mgp|Pkd1|Cxcl12|Sema3c|Sema5a|Tgfb1|Tgm2|Nrarp|Gzf1,-0.59,hits
GO Biological Processes,19,GO:0051047,positive regulation of secretion,19_GO:0051179 localization,-2.2,1.7,2.8,21160,452,758,27,3.6,0.67,11765|12015|12161|12306|14182|14299|14645|16000|16443|16783|17886|18754|18799|20194|20315|20866|20910|21803|50790|56708|64384|74551|76338|77371|268373|271457|384783,Ap1g1|Bad|Bmp6|Anxa2|Fgfr1|Ncs1|Glul|Igf1|Itsn1|Lamp1|Myh9|Prkce|Plcd1|S100a10|Cxcl12|Stim1|Stxbp1|Tgfb1|Acsl4|Clcf1|Sirt3|Pck2|Rab2b|Sec24a|Ppia|Rab5a|Irs2,-0.59,hits
GO Biological Processes,19,GO:0048762,mesenchymal cell differentiation,19_GO:0032502 developmental process,-2.2,2.1,2.9,21160,185,758,14,1.8,0.49,13805|14182|15213|15384|16449|17684|20348|20356|21803|66515|77087|106628|106957|231225,Eng|Fgfr1|Hey1|Hnrnpab|Jag1|Cited2|Sema3c|Sema5a|Tgfb1|Cul7|Ankrd11|Trip10|Slc39a6|Tapt1,-0.59,hits
GO Biological Processes,19,GO:0048589,developmental growth,19_GO:0040007 growth,-2.2,1.6,2.7,21160,584,758,33,4.4,0.74,12527|14182|14369|14453|15182|16000|16779|18032|18081|18596|18810|18846|19091|19211|20182|20356|20869|21357|21803|21827|22059|22241|22592|27354|27965|66225|68861|71436|77087|228357|239250|242509|269152,Cd9|Fgfr1|Fzd7|Gas2|Hdac2|Igf1|Lamb2|Nfix|Ninj1|Pdgfrb|Plec|Plxna3|Prkg1|Pten|Rxrb|Sema5a|Stk11|Tarbp2|Tgfb1|Thbs3|Trp53|Ulk1|Ercc5|Nbn|Spg21|Llph|Dipk2a|Flrt3|Ankrd11|Lrp4|Slitrk6|Bnc2|Kif26b,-0.59,hits
KEGG Pathway,24,mmu04930,Type II diabetes mellitus - Mus musculus (house mouse),,-2.2,3.5,3.3,21160,48,758,6,0.79,0.32,15277|18708|18709|18754|26419|384783,Hk2|Pik3r1|Pik3r2|Prkce|Mapk8|Irs2,-0.59,hits
GO Biological Processes,19,GO:0017015,regulation of transforming growth factor beta receptor signaling pathway,19_GO:0050896 response to stimulus,-2.2,2.3,3,21160,148,758,12,1.6,0.45,13805|15182|15516|17684|18550|20869|22059|23863|94246|171463|216805|268977,Eng|Hdac2|Hsp90ab1|Cited2|Furin|Stk11|Trp53|Dand5|Arid4b|Il17rd|Flcn|Ltbp1,-0.59,hits
GO Biological Processes,19,GO:0051402,neuron apoptotic process,19_GO:0009987 cellular process,-2.2,2.3,3,21160,148,758,12,1.6,0.45,11607|12804|15461|16443|18227|20910|21803|22059|22142|24013|69080|99526,Agtr1a|Cntfr|Hras|Itsn1|Nr4a2|Stxbp1|Tgfb1|Trp53|Tuba1a|Grk1|Gmppa|Usp53,-0.59,hits
GO Biological Processes,19,GO:0048839,inner ear development,19_GO:0032502 developmental process,-2.1,1.9,2.9,21160,244,758,17,2.2,0.54,12576|13844|14182|14368|15213|16000|16449|17132|18208|20655|21803|57265|72747|109181|216274|239250|244152,Cdkn1b|Ephb2|Fgfr1|Fzd6|Hey1|Igf1|Jag1|Maf|Ntn1|Sod1|Tgfb1|Fzd2|Ttc39c|Trip11|Cep290|Slitrk6|Tsku,-0.59,hits
GO Biological Processes,19,GO:0003279,cardiac septum development,19_GO:0032502 developmental process,-2.1,2.4,3,21160,130,758,11,1.5,0.43,13805|15213|16449|16911|17684|20348|22059|23863|57265|109181|268977,Eng|Hey1|Jag1|Lmo4|Cited2|Sema3c|Trp53|Dand5|Fzd2|Trip11|Ltbp1,-0.59,hits
Reactome Gene Sets,6,R-MMU-9013106,RHOC GTPase cycle,,-2.1,3.1,3.2,21160,63,758,7,0.92,0.35,18708|21873|56389|94190|192662|213498|234094,Pik3r1|Tjp2|Stx5a|Ophn1|Arhgdia|Arhgef11|Arhgef10,-0.59,hits
GO Biological Processes,19,GO:0042255,ribosome assembly,19_GO:0009987 cellular process,-2.1,3.1,3.2,21160,63,758,7,0.92,0.35,13664|66235|68077|110816|218629|229317|234384,Eif1a|Eif1ax|Nop53|Pwp2|Dhx29|Eif2a|Mpv17l2,-0.59,hits
GO Biological Processes,19,GO:0010812,negative regulation of cell-substrate adhesion,19_GO:0048519 negative regulation of biological process,-2.1,3.1,3.2,21160,63,758,7,0.92,0.35,14369|16449|17926|18708|19211|60595|208177,Fzd7|Jag1|Myoc|Pik3r1|Pten|Actn4|Phldb2,-0.59,hits
GO Biological Processes,19,GO:0046031,ADP metabolic process,19_GO:0009987 cellular process,-2.1,3.1,3.2,21160,63,758,7,0.92,0.35,11636|12015|14751|15277|22228|56248|56421,Ak1|Bad|Gpi1|Hk2|Ucp2|Ak3|Pfkp,-0.59,hits
Reactome Gene Sets,6,R-MMU-2467813,Separation of Sister Chromatids,,-2.1,2.2,2.9,21160,167,758,13,1.7,0.47,13006|16563|19053|19175|19386|22142|22143|56430|67037|70247|77891|226849|227613,Smc3|Kif2a|Ppp2cb|Psmb6|Ranbp2|Tuba1a|Tuba1b|Clip1|Pmf1|Psmd1|Ube2s|Ppp2r5a|Tubb4b,-0.58,hits
GO Biological Processes,19,GO:0072078,nephron tubule morphogenesis,19_GO:0032502 developmental process,-2.1,2.8,3.1,21160,79,758,8,1.1,0.37,12505|15213|15229|16202|16372|18763|74533|269152,Cd44|Hey1|Foxd1|Ilk|Irx2|Pkd1|Gzf1|Kif26b,-0.58,hits
GO Biological Processes,19,GO:0051057,positive regulation of small GTPase mediated signal transduction,19_GO:0048518 positive regulation of biological process,-2.1,2.8,3.1,21160,79,758,8,1.1,0.37,15461|16000|18596|21817|54402|56392|228357|233489,Hras|Igf1|Pdgfrb|Tgm2|Stk19|Shoc2|Lrp4|Picalm,-0.58,hits
GO Biological Processes,19,GO:0051056,regulation of small GTPase mediated signal transduction,19_GO:0050896 response to stimulus,-2.1,1.9,2.8,21160,245,758,17,2.2,0.54,13844|15461|16000|17926|18596|19053|21817|54402|56392|94190|105445|192662|216805|228355|228357|233489|319899,Ephb2|Hras|Igf1|Myoc|Pdgfrb|Ppp2cb|Tgm2|Stk19|Shoc2|Ophn1|Dock9|Arhgdia|Flcn|Madd|Lrp4|Picalm|Dock6,-0.58,hits
GO Biological Processes,19,GO:0006351,DNA-templated transcription,19_GO:0009987 cellular process,-2.1,1.6,2.7,21160,542,758,31,4.1,0.72,12306|13819|16600|17344|17978|18032|18227|18708|19656|20020|20021|20182|20194|20851|22059|23894|26992|50794|53417|56200|66420|67005|67367|67674|68975|73473|83602|94246|214498|231329|245841,Anxa2|Epas1|Klf4|Pias2|Ncoa2|Nfix|Nr4a2|Pik3r1|Rbmxl1|Polr2a|Polr2c|Rxrb|S100a10|Stat5b|Trp53|Gtf2h2|Brd7|Klf13|Hif3a|Ddx21|Polr2e|Polr3k|Paxbp1|Trmt112|Med27|Iws1|Gtf2a1|Arid4b|Cdc73|Polr2b|Polr2h,-0.58,hits
Reactome Gene Sets,6,R-MMU-199418,Negative regulation of the PI3K/AKT network,,-2.1,2.5,3,21160,113,758,10,1.3,0.41,14182|18596|18708|18709|19053|19211|77125|226849|266632|384783,Fgfr1|Pdgfrb|Pik3r1|Pik3r2|Ppp2cb|Pten|Il33|Ppp2r5a|Irak4|Irs2,-0.58,hits
GO Biological Processes,19,GO:0072080,nephron tubule development,19_GO:0032502 developmental process,-2.1,2.6,3.1,21160,96,758,9,1.2,0.39,12505|15213|15229|16202|16372|16449|18763|74533|269152,Cd44|Hey1|Foxd1|Ilk|Irx2|Jag1|Pkd1|Gzf1|Kif26b,-0.57,hits
Reactome Gene Sets,6,R-MMU-8856828,Clathrin-mediated endocytosis,,-2.1,2.3,3,21160,131,758,11,1.5,0.43,11465|11607|16443|30948|66616|66691|76709|106628|231580|233489|271457,Actg1|Agtr1a|Itsn1|Bin1|Snx9|Gapvd1|Arpc2|Trip10|Gak|Picalm|Rab5a,-0.57,hits
GO Biological Processes,19,GO:0006898,receptor-mediated endocytosis,19_GO:0051179 localization,-2.1,2.2,2.9,21160,168,758,13,1.7,0.47,12505|12527|16443|22241|22359|52055|66616|74775|83814|231580|233489|241576|271457,Cd44|Cd9|Itsn1|Ulk1|Vldlr|Rab11fip5|Snx9|Lmbr1l|Nedd4l|Gak|Picalm|Ldlrad3|Rab5a,-0.57,hits
GO Biological Processes,19,GO:0006913,nucleocytoplasmic transport,19_GO:0051179 localization,-2.1,1.9,2.8,21160,266,758,18,2.4,0.55,12576|18708|18763|19386|21803|22059|28075|56338|66118|71983|73473|74203|74204|75751|77125|110750|230082|238799,Cdkn1b|Pik3r1|Pkd1|Ranbp2|Tgfb1|Trp53|Desi1|Txnip|Sarnp|Tmco6|Iws1|Eif4enif1|Xpo6|Ipo4|Il33|Cse1l|Nol6|Tnpo1,-0.57,hits
GO Biological Processes,19,GO:0030336,negative regulation of cell migration,19_GO:0040011 locomotion,-2.1,1.8,2.8,21160,328,758,21,2.8,0.6,13134|13805|15182|16202|16449|16600|17286|17684|17886|18709|19091|19211|20315|21803|23938|64652|77125|94246|192662|208177|242608,Dach1|Eng|Hdac2|Ilk|Jag1|Klf4|Meox2|Cited2|Myh9|Pik3r2|Prkg1|Pten|Cxcl12|Tgfb1|Map2k5|Nisch|Il33|Arid4b|Arhgdia|Phldb2|Podn,-0.57,hits
GO Biological Processes,19,GO:0043086,negative regulation of catalytic activity,19_GO:0065007 biological regulation,-2.1,1.7,2.7,21160,456,758,27,3.6,0.67,12258|12505|12576|13010|13805|13844|15461|16600|18769|18810|19062|19211|26569|30948|54208|57267|57875|59009|59090|67605|67770|78388|102774|226849|232431|268373|384783,Serping1|Cd44|Cdkn1b|Cst3|Eng|Ephb2|Hras|Klf4|Pkig|Plec|Inpp5k|Pten|Slc27a4|Bin1|Arl6ip1|Apba3|Angptl4|Sh3rf1|Midn|Akt1s1|Caap1|Mvp|Bbs4|Ppp2r5a|Gprc5a|Ppia|Irs2,-0.57,hits
GO Biological Processes,19,GO:0070670,response to interleukin-4,19_GO:0050896 response to stimulus,-2.1,4,3.4,21160,35,758,5,0.66,0.29,12567|15516|20851|22143|23918,Cdk4|Hsp90ab1|Stat5b|Tuba1b|Impdh2,-0.57,hits
GO Biological Processes,19,GO:0150117,positive regulation of cell-substrate junction organization,19_GO:0048518 positive regulation of biological process,-2.1,4,3.4,21160,35,758,5,0.66,0.29,17886|17926|18708|20194|110829,Myh9|Myoc|Pik3r1|S100a10|Lims1,-0.57,hits
Reactome Gene Sets,6,R-MMU-9013026,RHOB GTPase cycle,,-2.1,3.1,3.2,21160,64,758,7,0.92,0.35,18708|18709|20619|21873|94190|213498|234094,Pik3r1|Pik3r2|Snap23|Tjp2|Ophn1|Arhgef11|Arhgef10,-0.57,hits
GO Biological Processes,19,GO:0090109,regulation of cell-substrate junction assembly,19_GO:0050789 regulation of biological process,-2.1,3.1,3.2,21160,64,758,7,0.92,0.35,11465|17886|17926|19211|20194|110829|208177,Actg1|Myh9|Myoc|Pten|S100a10|Lims1|Phldb2,-0.57,hits
GO Biological Processes,19,GO:0051893,regulation of focal adhesion assembly,19_GO:0050789 regulation of biological process,-2.1,3.1,3.2,21160,64,758,7,0.92,0.35,11465|17886|17926|19211|20194|110829|208177,Actg1|Myh9|Myoc|Pten|S100a10|Lims1|Phldb2,-0.57,hits
WikiPathways,27,WP157,Glycolysis and gluconeogenesis,,-2.1,3.4,3.3,21160,49,758,6,0.79,0.32,13382|14751|15277|17448|20525|56421,Dld|Gpi1|Hk2|Mdh2|Slc2a1|Pfkp,-0.57,hits
GO Biological Processes,19,GO:0009267,cellular response to starvation,19_GO:0050896 response to stimulus,-2.1,2,2.9,21160,207,758,15,2,0.51,13666|14645|20525|22059|22228|22241|26419|57436|57875|67760|69807|75669|170574|216805|240752,Eif2ak3|Glul|Slc2a1|Trp53|Ucp2|Ulk1|Mapk8|Gabarapl1|Angptl4|Slc38a2|Trim32|Pik3r4|Sp7|Flcn|Pik3c2b,-0.57,hits
GO Biological Processes,19,GO:0043482,cellular pigment accumulation,19_GO:0043473 pigmentation,-2.1,7,4,21160,12,758,3,0.4,0.23,11765|27428|110380,Ap1g1|Shroom3|Shroom2,-0.57,hits
GO Biological Processes,19,GO:2000009,negative regulation of protein localization to cell surface,19_GO:0051179 localization,-2.1,7,4,21160,12,758,3,0.4,0.23,20620|83814|233489,Plk2|Nedd4l|Picalm,-0.57,hits
GO Biological Processes,19,GO:0072070,loop of Henle development,19_GO:0032502 developmental process,-2.1,7,4,21160,12,758,3,0.4,0.23,16372|16449|18763,Irx2|Jag1|Pkd1,-0.57,hits
Reactome Gene Sets,6,R-MMU-4419969,Depolymerization of the Nuclear Lamina,,-2.1,7,4,21160,12,758,3,0.4,0.23,64898|67181|170791,Lpin2|Ctdnep1|Rbm39,-0.57,hits
Reactome Gene Sets,6,R-MMU-9845614,Sphingolipid catabolism,,-2.1,7,4,21160,12,758,3,0.4,0.23,11671|20397|50784,Aldh3a2|Sgpl1|Plpp2,-0.57,hits
GO Biological Processes,19,GO:0070203,regulation of establishment of protein localization to telomere,19_GO:0051179 localization,-2.1,7,4,21160,12,758,3,0.4,0.23,12461|12464|245474,Cct2|Cct4|Dkc1,-0.57,hits
GO Biological Processes,19,GO:0015824,proline transport,19_GO:0051179 localization,-2.1,7,4,21160,12,758,3,0.4,0.23,67760|229706|234967,Slc38a2|Slc6a17|Slc36a4,-0.57,hits
GO Biological Processes,19,GO:0051169,nuclear transport,19_GO:0051179 localization,-2.1,1.9,2.8,21160,267,758,18,2.4,0.55,12576|18708|18763|19386|21803|22059|28075|56338|66118|71983|73473|74203|74204|75751|77125|110750|230082|238799,Cdkn1b|Pik3r1|Pkd1|Ranbp2|Tgfb1|Trp53|Desi1|Txnip|Sarnp|Tmco6|Iws1|Eif4enif1|Xpo6|Ipo4|Il33|Cse1l|Nol6|Tnpo1,-0.57,hits
GO Biological Processes,19,GO:0001952,regulation of cell-matrix adhesion,19_GO:0050789 regulation of biological process,-2.1,2.3,2.9,21160,132,758,11,1.5,0.43,11465|16202|16449|17886|17926|18081|18708|19211|20194|110829|208177,Actg1|Ilk|Jag1|Myh9|Myoc|Ninj1|Pik3r1|Pten|S100a10|Lims1|Phldb2,-0.57,hits
GO Biological Processes,19,GO:2001235,positive regulation of apoptotic signaling pathway,19_GO:0048518 positive regulation of biological process,-2.1,2.1,2.9,21160,169,758,13,1.7,0.47,12015|12905|13666|14373|14694|18952|19211|20655|22059|26419|50996|72287|216805,Bad|Cradd|Eif2ak3|G0s2|Rack1|Septin4|Pten|Sod1|Trp53|Mapk8|Pdcd7|Plekhf1|Flcn,-0.57,hits
GO Biological Processes,19,GO:0042594,response to starvation,19_GO:0050896 response to stimulus,-2.1,1.9,2.8,21160,247,758,17,2.2,0.54,13666|14645|20525|22059|22228|22241|26419|57436|57875|67760|69807|74551|75669|170574|216805|229317|240752,Eif2ak3|Glul|Slc2a1|Trp53|Ucp2|Ulk1|Mapk8|Gabarapl1|Angptl4|Slc38a2|Trim32|Pck2|Pik3r4|Sp7|Flcn|Eif2a|Pik3c2b,-0.57,hits
GO Biological Processes,19,GO:0051301,cell division,19_GO:0009987 cellular process,-2.1,1.6,2.7,21160,523,758,30,4,0.71,12567|13006|14020|14182|14369|16563|17886|18754|18810|18952|20742|21843|53413|53598|56371|66515|66616|67037|67956|75770|76123|77891|93737|100732|102774|105278|109359|232944|235320|320213,Cdk4|Smc3|Evi5|Fgfr1|Fzd7|Kif2a|Myh9|Prkce|Plec|Septin4|Sptbn1|Tial1|Exoc7|Dctn3|Fzr1|Cul7|Snx9|Pmf1|Kmt5a|Brsk2|Gpsm2|Ube2s|Pard6g|Mapre3|Bbs4|Cdk20|Abraxas2|Mark4|Zbtb16|Senp5,-0.56,hits
GO Biological Processes,19,GO:0014823,response to activity,19_GO:0050896 response to stimulus,-2.1,2.6,3,21160,97,758,9,1.2,0.39,11607|12161|12306|12952|20869|20928|67760|210029|216850,Agtr1a|Bmp6|Anxa2|Cry1|Stk11|Abcc9|Slc38a2|Metrnl|Kdm6b,-0.56,hits
GO Biological Processes,19,GO:0040007,growth,19_GO:0040007 growth,-2.1,1.6,2.7,21160,590,758,33,4.4,0.74,12527|14182|14369|14453|15182|16000|16779|18032|18081|18596|18810|18846|19091|19211|20182|20356|20869|21357|21803|21827|22059|22241|22592|27354|27965|66225|68861|71436|77087|228357|239250|242509|269152,Cd9|Fgfr1|Fzd7|Gas2|Hdac2|Igf1|Lamb2|Nfix|Ninj1|Pdgfrb|Plec|Plxna3|Prkg1|Pten|Rxrb|Sema5a|Stk11|Tarbp2|Tgfb1|Thbs3|Trp53|Ulk1|Ercc5|Nbn|Spg21|Llph|Dipk2a|Flrt3|Ankrd11|Lrp4|Slitrk6|Bnc2|Kif26b,-0.56,hits
GO Biological Processes,19,GO:0045937,positive regulation of phosphate metabolic process,19_GO:0048518 positive regulation of biological process,-2.1,1.5,2.6,21160,704,758,38,5,0.79,12161|12306|12505|12576|13805|14182|14369|14694|15182|15461|16000|16202|16911|17886|18596|18708|18799|19228|20869|21803|21828|22059|22359|22612|24013|24047|26936|27354|56708|66616|69068|100732|208643|228357|242202|268373|269881|330177,Bmp6|Anxa2|Cd44|Cdkn1b|Eng|Fgfr1|Fzd7|Rack1|Hdac2|Hras|Igf1|Ilk|Lmo4|Myh9|Pdgfrb|Pik3r1|Plcd1|Pth1r|Stk11|Tgfb1|Thbs4|Trp53|Vldlr|Yes1|Grk1|Ccl19|Mprip|Nbn|Clcf1|Snx9|Tcim|Mapre3|Eif4g1|Lrp4|Pde5a|Ppia|Map3k10|Taok3,-0.56,hits
GO Biological Processes,19,GO:0010562,positive regulation of phosphorus metabolic process,19_GO:0048518 positive regulation of biological process,-2.1,1.5,2.6,21160,704,758,38,5,0.79,12161|12306|12505|12576|13805|14182|14369|14694|15182|15461|16000|16202|16911|17886|18596|18708|18799|19228|20869|21803|21828|22059|22359|22612|24013|24047|26936|27354|56708|66616|69068|100732|208643|228357|242202|268373|269881|330177,Bmp6|Anxa2|Cd44|Cdkn1b|Eng|Fgfr1|Fzd7|Rack1|Hdac2|Hras|Igf1|Ilk|Lmo4|Myh9|Pdgfrb|Pik3r1|Plcd1|Pth1r|Stk11|Tgfb1|Thbs4|Trp53|Vldlr|Yes1|Grk1|Ccl19|Mprip|Nbn|Clcf1|Snx9|Tcim|Mapre3|Eif4g1|Lrp4|Pde5a|Ppia|Map3k10|Taok3,-0.56,hits
GO Biological Processes,19,GO:0030900,forebrain development,19_GO:0032502 developmental process,-2.1,1.6,2.7,21160,480,758,28,3.7,0.69,13844|13845|13865|14182|15182|15270|18032|18227|18846|19091|19211|19280|20315|20356|20525|22142|67269|67760|69080|77040|77053|94190|102774|216850|223697|225523|231580|244152,Ephb2|Ephb3|Nr2f1|Fgfr1|Hdac2|H2ax|Nfix|Nr4a2|Plxna3|Prkg1|Pten|Ptprs|Cxcl12|Sema5a|Slc2a1|Tuba1a|Agtpbp1|Slc38a2|Gmppa|Atg16l1|Sun1|Ophn1|Bbs4|Kdm6b|Sun2|Cep120|Gak|Tsku,-0.56,hits
GO Biological Processes,19,GO:0032870,cellular response to hormone stimulus,19_GO:0050896 response to stimulus,-2.1,1.6,2.7,21160,591,758,33,4.4,0.74,11607|13844|13845|14182|15461|16000|17344|17978|18227|18596|18708|18709|18754|19062|19211|20182|20411|20851|21803|22228|26569|51788|54721|56392|60595|64898|67788|74551|78656|102774|107508|213053|384783,Agtr1a|Ephb2|Ephb3|Fgfr1|Hras|Igf1|Pias2|Ncoa2|Nr4a2|Pdgfrb|Pik3r1|Pik3r2|Prkce|Inpp5k|Pten|Rxrb|Sorbs1|Stat5b|Tgfb1|Ucp2|Slc27a4|H2az1|Tyk2|Shoc2|Actn4|Lpin2|Sfr1|Pck2|Brd8|Bbs4|Eprs1|Slc39a14|Irs2,-0.56,hits
GO Biological Processes,19,GO:1903844,regulation of cellular response to transforming growth factor beta stimulus,19_GO:0050896 response to stimulus,-2.1,2.2,2.9,21160,151,758,12,1.6,0.45,13805|15182|15516|17684|18550|20869|22059|23863|94246|171463|216805|268977,Eng|Hdac2|Hsp90ab1|Cited2|Furin|Stk11|Trp53|Dand5|Arid4b|Il17rd|Flcn|Ltbp1,-0.56,hits
KEGG Pathway,24,mmu05203,Viral carcinogenesis - Mus musculus (house mouse),,-2.1,2,2.8,21160,228,758,16,2.1,0.52,12015|12567|12576|13194|15015|15039|15182|15461|18708|18709|20851|22059|23894|60595|68024|83602,Bad|Cdk4|Cdkn1b|Ddb1|H2-Q4|H2-T22|Hdac2|Hras|Pik3r1|Pik3r2|Stat5b|Trp53|Gtf2h2|Actn4|H2bc4|Gtf2a1,-0.56,hits
GO Biological Processes,19,GO:0032231,regulation of actin filament bundle assembly,19_GO:0050789 regulation of biological process,-2.1,2.4,3,21160,115,758,10,1.3,0.41,11465|17926|18708|18709|19062|20194|20410|102774|208177|234094,Actg1|Myoc|Pik3r1|Pik3r2|Inpp5k|S100a10|Sorbs3|Bbs4|Phldb2|Arhgef10,-0.56,hits
GO Biological Processes,19,GO:0014020,primary neural tube formation,19_GO:0032502 developmental process,-2.1,2.4,3,21160,115,758,10,1.3,0.41,14368|16911|17684|21803|27428|67836|74143|102774|105278|234366,Fzd6|Lmo4|Cited2|Tgfb1|Shroom3|Wdr83|Opa1|Bbs4|Cdk20|Gatad2a,-0.56,hits
Reactome Gene Sets,6,R-MMU-114608,Platelet degranulation,,-2.1,2.4,3,21160,115,758,10,1.3,0.41,11465|12258|12527|16000|20655|21803|60595|67072|68038|268936,Actg1|Serping1|Cd9|Igf1|Sod1|Tgfb1|Actn4|Cdc37l1|Chid1|Brpf3,-0.56,hits
GO Biological Processes,19,GO:0007051,spindle organization,19_GO:0009987 cellular process,-2.1,2.1,2.9,21160,170,758,13,1.7,0.47,13006|13194|16202|16563|17886|19211|20620|76123|100732|109359|216848|225523|234094,Smc3|Ddb1|Ilk|Kif2a|Myh9|Pten|Plk2|Gpsm2|Mapre3|Abraxas2|Chd3|Cep120|Arhgef10,-0.56,hits
GO Biological Processes,19,GO:0051656,establishment of organelle localization,19_GO:0051179 localization,-2.1,1.7,2.7,21160,437,758,26,3.4,0.66,17281|17886|18208|18763|20619|20910|22142|53413|54160|60595|64540|67037|67269|68861|70827|75620|76123|77053|109181|109359|110380|223697|225523|228355|230872|233489,Fyco1|Myh9|Ntn1|Pkd1|Snap23|Stxbp1|Tuba1a|Exoc7|Copg2|Actn4|Tspan4|Pmf1|Agtpbp1|Dipk2a|Trak2|Kxd1|Gpsm2|Sun1|Trip11|Abraxas2|Shroom2|Sun2|Cep120|Madd|Crocc|Picalm,-0.56,hits
Reactome Gene Sets,6,R-MMU-913531,Interferon Signaling,,-2.1,2.3,2.9,21160,133,758,11,1.5,0.43,19053|21357|22059|22142|22143|54721|67781|208643|226849|227613|286940,Ppp2cb|Tarbp2|Trp53|Tuba1a|Tuba1b|Tyk2|Ilf2|Eif4g1|Ppp2r5a|Tubb4b|Flnb,-0.56,hits
GO Biological Processes,19,GO:0034249,negative regulation of amide metabolic process,19_GO:0048519 negative regulation of biological process,-2.1,4.9,3.6,21160,23,758,4,0.53,0.26,16000|20168|30948|260302,Igf1|Rtn3|Bin1|Gga3,-0.56,hits
GO Biological Processes,19,GO:0019432,triglyceride biosynthetic process,19_GO:0009987 cellular process,-2.1,4.9,3.6,21160,23,758,4,0.53,0.26,13350|50790|64898|74551,Dgat1|Acsl4|Lpin2|Pck2,-0.56,hits
GO Biological Processes,19,GO:0010566,regulation of ketone biosynthetic process,19_GO:0050789 regulation of biological process,-2.1,4.9,3.6,21160,23,758,4,0.53,0.26,12161|12724|19091|320717,Bmp6|Clcn2|Prkg1|Pptc7,-0.56,hits
GO Biological Processes,19,GO:0006873,intracellular monoatomic ion homeostasis,19_GO:0042592 homeostatic process,-2.1,1.6,2.7,21160,459,758,27,3.6,0.67,11966|12010|12161|12562|13400|14299|14319|16783|18754|18799|19228|20530|20655|20866|21803|21817|22059|66972|67809|69668|73658|76614|106957|170756|213053|233489|240660,Atp6v1b2|B2m|Bmp6|Cdh5|Dmpk|Ncs1|Fth1|Lamp1|Prkce|Plcd1|Pth1r|Slc31a2|Sod1|Stim1|Tgfb1|Tgm2|Trp53|Slc25a23|Rmdn3|Ccdc115|Spns1|Immt|Slc39a6|Slc8b1|Slc39a14|Picalm|Slc35g1,-0.56,hits
GO Biological Processes,19,GO:0072088,nephron epithelium morphogenesis,19_GO:0032502 developmental process,-2.1,2.8,3.1,21160,81,758,8,1.1,0.37,12505|15213|15229|16202|16372|18763|74533|269152,Cd44|Hey1|Foxd1|Ilk|Irx2|Pkd1|Gzf1|Kif26b,-0.56,hits
GO Biological Processes,19,GO:1902017,regulation of cilium assembly,19_GO:0050789 regulation of biological process,-2.1,2.8,3.1,21160,81,758,8,1.1,0.37,69807|70314|102774|225523|230872|231225|232944|234776,Trim32|Rabep2|Bbs4|Cep120|Crocc|Tapt1|Mark4|Atmin,-0.56,hits
GO Biological Processes,19,GO:0032835,glomerulus development,19_GO:0032502 developmental process,-2.1,3,3.1,21160,65,758,7,0.92,0.35,13809|16449|16779|18596|19126|60595|74055,Enpep|Jag1|Lamb2|Pdgfrb|Prom1|Actn4|Plce1,-0.56,hits
GO Biological Processes,19,GO:0051963,regulation of synapse assembly,19_GO:0032502 developmental process,-2.1,2,2.8,21160,209,758,15,2,0.51,13844|13845|14182|14735|18208|18708|19280|22359|64085|71436|140580|208643|228357|239250|399558,Ephb2|Ephb3|Fgfr1|Gpc4|Ntn1|Pik3r1|Ptprs|Vldlr|Clstn2|Flrt3|Elmo1|Eif4g1|Lrp4|Slitrk6|Flrt2,-0.56,hits
Reactome Gene Sets,6,R-MMU-6814122,Cooperation of PDCL (PhLP1) and TRiC/CCT in G-protein beta folding,,-2.1,3.9,3.3,21160,36,758,5,0.66,0.29,12461|12464|14697|14701|66066,Cct2|Cct4|Gnb5|Gng12|Gng11,-0.55,hits
GO Biological Processes,19,GO:0006611,protein export from nucleus,19_GO:0051179 localization,-2.1,3.9,3.3,21160,36,758,5,0.66,0.29,18763|21803|28075|74204|110750,Pkd1|Tgfb1|Desi1|Xpo6|Cse1l,-0.55,hits
GO Biological Processes,19,GO:0050801,monoatomic ion homeostasis,19_GO:0042592 homeostatic process,-2.1,1.6,2.6,21160,549,758,31,4.1,0.72,11607|11966|12010|12161|12562|13400|13819|14182|14299|14319|16440|16783|18754|18799|19228|20530|20655|20866|21803|21817|22059|66972|67809|69668|73658|76614|106957|170756|213053|233489|240660,Agtr1a|Atp6v1b2|B2m|Bmp6|Cdh5|Dmpk|Epas1|Fgfr1|Ncs1|Fth1|Itpr3|Lamp1|Prkce|Plcd1|Pth1r|Slc31a2|Sod1|Stim1|Tgfb1|Tgm2|Trp53|Slc25a23|Rmdn3|Ccdc115|Spns1|Immt|Slc39a6|Slc8b1|Slc39a14|Picalm|Slc35g1,-0.54,hits
GO Biological Processes,19,GO:1901890,positive regulation of cell junction assembly,19_GO:0048518 positive regulation of biological process,-2.1,2.3,2.9,21160,134,758,11,1.5,0.43,13844|13845|17886|17926|18708|20194|64085|71436|110829|239250|399558,Ephb2|Ephb3|Myh9|Myoc|Pik3r1|S100a10|Clstn2|Flrt3|Lims1|Slitrk6|Flrt2,-0.54,hits
GO Biological Processes,19,GO:0007411,axon guidance,19_GO:0032502 developmental process,-2,1.9,2.8,21160,250,758,17,2.2,0.54,13639|13844|13845|15229|16779|16911|18208|18846|20315|20348|20356|22241|23928|68810|71436|108902|399558,Efna4|Ephb2|Ephb3|Foxd1|Lamb2|Lmo4|Ntn1|Plxna3|Cxcl12|Sema3c|Sema5a|Ulk1|Lamc3|Nexn|Flrt3|B4gat1|Flrt2,-0.54,hits
GO Biological Processes,19,GO:1905475,regulation of protein localization to membrane,19_GO:0051179 localization,-2,1.9,2.8,21160,230,758,16,2.1,0.52,13844|14567|14694|14735|15461|18708|18709|19062|20411|20742|21803|23888|76709|226849|228357|233489,Ephb2|Gdi1|Rack1|Gpc4|Hras|Pik3r1|Pik3r2|Inpp5k|Sorbs1|Sptbn1|Tgfb1|Gpc6|Arpc2|Ppp2r5a|Lrp4|Picalm,-0.54,hits
GO Biological Processes,19,GO:0006417,regulation of translation,19_GO:0050789 regulation of biological process,-2,1.7,2.7,21160,375,758,23,3,0.62,12567|13666|14694|16000|17346|21357|21841|66084|66118|66399|66912|67557|69956|74203|78697|107508|208643|218629|218693|225929|229317|234384|269037,Cdk4|Eif2ak3|Rack1|Igf1|Mknk1|Tarbp2|Tia1|Rmnd1|Sarnp|Tsfm|Bzw2|Larp6|Ptcd3|Eif4enif1|Pus7|Eprs1|Eif4g1|Dhx29|Paip1|Patl1|Eif2a|Mpv17l2|Ctif,-0.54,hits
GO Biological Processes,19,GO:0042327,positive regulation of phosphorylation,19_GO:0048518 positive regulation of biological process,-2,1.5,2.6,21160,640,758,35,4.6,0.76,12161|12306|12505|12576|13805|14182|14369|14694|15182|15461|16000|16202|16911|18596|18708|20869|21803|21828|22059|22359|22612|24013|24047|26936|27354|56708|66616|69068|100732|208643|228357|242202|268373|269881|330177,Bmp6|Anxa2|Cd44|Cdkn1b|Eng|Fgfr1|Fzd7|Rack1|Hdac2|Hras|Igf1|Ilk|Lmo4|Pdgfrb|Pik3r1|Stk11|Tgfb1|Thbs4|Trp53|Vldlr|Yes1|Grk1|Ccl19|Mprip|Nbn|Clcf1|Snx9|Tcim|Mapre3|Eif4g1|Lrp4|Pde5a|Ppia|Map3k10|Taok3,-0.54,hits
GO Biological Processes,19,GO:0044773,mitotic DNA damage checkpoint signaling,19_GO:0048519 negative regulation of biological process,-2,2.7,3,21160,82,758,8,1.1,0.37,12905|20184|22059|27354|56190|56371|68077|330177,Cradd|Uimc1|Trp53|Nbn|Rbm38|Fzr1|Nop53|Taok3,-0.54,hits
GO Biological Processes,19,GO:0009185,ribonucleoside diphosphate metabolic process,19_GO:0009987 cellular process,-2,2.7,3,21160,82,758,8,1.1,0.37,11636|12015|12496|14751|15277|22228|56248|56421,Ak1|Bad|Entpd2|Gpi1|Hk2|Ucp2|Ak3|Pfkp,-0.54,hits
GO Biological Processes,19,GO:0007346,regulation of mitotic cell cycle,19_GO:0050789 regulation of biological process,-2,1.6,2.6,21160,528,758,30,4,0.71,12567|12576|12905|13194|14182|14726|16000|16600|18596|18763|19134|19186|19188|19211|20184|20851|21803|22059|26992|27354|56190|56371|56710|66515|68077|75770|81702|208643|214498|330177,Cdk4|Cdkn1b|Cradd|Ddb1|Fgfr1|Pdpn|Igf1|Klf4|Pdgfrb|Pkd1|Prpf4b|Psme1|Psme2|Pten|Uimc1|Stat5b|Tgfb1|Trp53|Brd7|Nbn|Rbm38|Fzr1|Brinp1|Cul7|Nop53|Brsk2|Ankrd17|Eif4g1|Cdc73|Taok3,-0.54,hits
WikiPathways,27,WP373,IL 3 signaling pathway,,-2,2.5,3,21160,99,758,9,1.2,0.39,12015|14694|15461|18708|18709|20525|20851|26419|54721,Bad|Rack1|Hras|Pik3r1|Pik3r2|Slc2a1|Stat5b|Mapk8|Tyk2,-0.54,hits
GO Biological Processes,19,GO:1905037,autophagosome organization,19_GO:0009987 cellular process,-2,2.5,3,21160,99,758,9,1.2,0.39,22241|57436|69807|75909|77040|80877|214063|235040|240752,Ulk1|Gabarapl1|Trim32|Vmp1|Atg16l1|Lrba|Dnajc16|Atg4d|Pik3c2b,-0.54,hits
WikiPathways,27,WP2185,Purine metabolism,,-2,2.1,2.8,21160,172,758,13,1.7,0.47,11513|11636|12496|18588|20020|20021|23918|60596|66420|67005|231329|242202|245841,Adcy7|Ak1|Entpd2|Pde6g|Polr2a|Polr2c|Impdh2|Gucy1a1|Polr2e|Polr3k|Polr2b|Pde5a|Polr2h,-0.53,hits
Reactome Gene Sets,6,R-MMU-9009391,Extra-nuclear estrogen signaling,,-2,3,3.1,21160,66,758,7,0.92,0.35,12576|14697|14701|15461|18708|18709|66066,Cdkn1b|Gnb5|Gng12|Hras|Pik3r1|Pik3r2|Gng11,-0.53,hits
GO Biological Processes,19,GO:0030307,positive regulation of cell growth,19_GO:0040007 growth,-2,2,2.8,21160,211,758,15,2,0.51,13169|14567|16000|16202|18208|20315|20356|23938|50790|67778|69807|83814|106628|208643|233489,Dbnl|Gdi1|Igf1|Ilk|Ntn1|Cxcl12|Sema5a|Map2k5|Acsl4|Zfp639|Trim32|Nedd4l|Trip10|Eif4g1|Picalm,-0.53,hits
GO Biological Processes,19,GO:0000209,protein polyubiquitination,19_GO:0009987 cellular process,-2,1.9,2.7,21160,251,758,17,2.2,0.54,12400|22670|63958|66053|66498|67118|69807|74126|77891|83814|93679|103737|106021|223455|224170|272359|387524,Cbfb|Trim26|Ube4b|Ppil2|Dda1|Bfar|Trim32|Syvn1|Ube2s|Nedd4l|Trim8|Pex12|Topors|Marchf6|Dzip3|Irf2bp1|Znrf2,-0.53,hits
GO Biological Processes,19,GO:0097485,neuron projection guidance,19_GO:0032502 developmental process,-2,1.9,2.7,21160,251,758,17,2.2,0.54,13639|13844|13845|15229|16779|16911|18208|18846|20315|20348|20356|22241|23928|68810|71436|108902|399558,Efna4|Ephb2|Ephb3|Foxd1|Lamb2|Lmo4|Ntn1|Plxna3|Cxcl12|Sema3c|Sema5a|Ulk1|Lamc3|Nexn|Flrt3|B4gat1|Flrt2,-0.53,hits
GO Biological Processes,19,GO:0021761,limbic system development,19_GO:0032502 developmental process,-2,2.3,2.9,21160,135,758,11,1.5,0.43,14182|15182|18032|18846|19211|19280|22142|77040|102774|216850|244152,Fgfr1|Hdac2|Nfix|Plxna3|Pten|Ptprs|Tuba1a|Atg16l1|Bbs4|Kdm6b|Tsku,-0.53,hits
GO Biological Processes,19,GO:0045666,positive regulation of neuron differentiation,19_GO:0032502 developmental process,-2,2.4,2.9,21160,117,758,10,1.3,0.41,12161|14182|19211|20315|21413|56392|56710|69807|70834|208643,Bmp6|Fgfr1|Pten|Cxcl12|Tcf4|Shoc2|Brinp1|Trim32|Spag9|Eif4g1,-0.53,hits
KEGG Pathway,24,mmu04066,HIF-1 signaling pathway - Mus musculus (house mouse),,-2,2.4,2.9,21160,117,758,10,1.3,0.41,12576|13819|15277|16000|17346|18708|18709|20525|56421|112407,Cdkn1b|Epas1|Hk2|Igf1|Mknk1|Pik3r1|Pik3r2|Slc2a1|Pfkp|Egln3,-0.53,hits
Reactome Gene Sets,6,R-MMU-2500257,Resolution of Sister Chromatid Cohesion,,-2,2.4,2.9,21160,117,758,10,1.3,0.41,13006|16563|19053|19386|22142|22143|56430|67037|226849|227613,Smc3|Kif2a|Ppp2cb|Ranbp2|Tuba1a|Tuba1b|Clip1|Pmf1|Ppp2r5a|Tubb4b,-0.53,hits
GO Biological Processes,19,GO:2000772,regulation of cellular senescence,19_GO:0050896 response to stimulus,-2,3.3,3.1,21160,51,758,6,0.79,0.32,12010|16202|19211|20620|22059|56371,B2m|Ilk|Pten|Plk2|Trp53|Fzr1,-0.53,hits
GO Biological Processes,19,GO:2001234,negative regulation of apoptotic signaling pathway,19_GO:0048519 negative regulation of biological process,-2,1.9,2.7,21160,252,758,17,2.2,0.54,12505|14694|15182|16000|16600|18227|20315|23938|52538|59009|69807|74126|74143|109815|117198|228355|268373,Cd44|Rack1|Hdac2|Igf1|Klf4|Nr4a2|Cxcl12|Map2k5|Acaa2|Sh3rf1|Trim32|Syvn1|Opa1|Selenos|Ivns1abp|Madd|Ppia,-0.52,hits
GO Biological Processes,19,GO:1901879,regulation of protein depolymerization,19_GO:0050789 regulation of biological process,-2,2.5,2.9,21160,100,758,9,1.2,0.39,12632|20356|20740|20742|27360|68041|76709|110380|213556,Cfl2|Sema5a|Sptan1|Sptbn1|Add3|Mid1ip1|Arpc2|Shroom2|Plekhh2,-0.52,hits
GO Biological Processes,19,GO:0072028,nephron morphogenesis,19_GO:0032502 developmental process,-2,2.7,3,21160,83,758,8,1.1,0.37,12505|15213|15229|16202|16372|18763|74533|269152,Cd44|Hey1|Foxd1|Ilk|Irx2|Pkd1|Gzf1|Kif26b,-0.52,hits
WikiPathways,27,WP10,IL 9 signaling pathway,,-2,4.7,3.5,21160,24,758,4,0.53,0.26,18708|20851|54721|384783,Pik3r1|Stat5b|Tyk2|Irs2,-0.52,hits
GO Biological Processes,19,GO:0043537,negative regulation of blood vessel endothelial cell migration,19_GO:0040011 locomotion,-2,3.8,3.3,21160,37,758,5,0.66,0.29,16600|17286|18709|21803|23938,Klf4|Meox2|Pik3r2|Tgfb1|Map2k5,-0.52,hits
Reactome Gene Sets,6,R-MMU-1433557,Signaling by SCF-KIT,,-2,3.8,3.3,21160,37,758,5,0.66,0.29,15461|18708|18709|20851|22612,Hras|Pik3r1|Pik3r2|Stat5b|Yes1,-0.52,hits
GO Biological Processes,19,GO:0007007,inner mitochondrial membrane organization,19_GO:0009987 cellular process,-2,3.8,3.3,21160,37,758,5,0.66,0.29,66098|66821|68099|74143|76614,Chchd6|Bcs1l|Cibar1|Opa1|Immt,-0.52,hits
GO Biological Processes,19,GO:0032967,positive regulation of collagen biosynthetic process,19_GO:0048518 positive regulation of biological process,-2,3.8,3.3,21160,37,758,5,0.66,0.29,13805|18596|21803|67557|268977,Eng|Pdgfrb|Tgfb1|Larp6|Ltbp1,-0.52,hits
Reactome Gene Sets,6,R-MMU-390466,Chaperonin-mediated protein folding,,-2,3.8,3.3,21160,37,758,5,0.66,0.29,12461|12464|14697|14701|66066,Cct2|Cct4|Gnb5|Gng12|Gng11,-0.52,hits
GO Biological Processes,19,GO:0001953,negative regulation of cell-matrix adhesion,19_GO:0048519 negative regulation of biological process,-2,3.8,3.3,21160,37,758,5,0.66,0.29,16449|17926|18708|19211|208177,Jag1|Myoc|Pik3r1|Pten|Phldb2,-0.52,hits
Reactome Gene Sets,6,R-MMU-391251,Protein folding,,-2,3.8,3.3,21160,37,758,5,0.66,0.29,12461|12464|14697|14701|66066,Cct2|Cct4|Gnb5|Gng12|Gng11,-0.52,hits
KEGG Pathway,24,mmu03082,ATP-dependent chromatin remodeling - Mus musculus (house mouse),,-2,2.3,2.8,21160,136,758,11,1.5,0.43,11465|15182|15270|22632|26992|51788|69714|78656|216848|234366|268996,Actg1|Hdac2|H2ax|Yy1|Brd7|H2az1|Tfpt|Brd8|Chd3|Gatad2a|Ss18,-0.52,hits
GO Biological Processes,19,GO:0098771,inorganic ion homeostasis,19_GO:0042592 homeostatic process,-2,1.6,2.6,21160,465,758,27,3.6,0.67,12010|12161|12562|13400|13819|14182|14299|14319|16440|18754|18799|19228|20530|20655|20866|21803|21817|66972|67809|69668|72961|76614|106957|170756|213053|233489|240660,B2m|Bmp6|Cdh5|Dmpk|Epas1|Fgfr1|Ncs1|Fth1|Itpr3|Prkce|Plcd1|Pth1r|Slc31a2|Sod1|Stim1|Tgfb1|Tgm2|Slc25a23|Rmdn3|Ccdc115|Slc17a7|Immt|Slc39a6|Slc8b1|Slc39a14|Picalm|Slc35g1,-0.52,hits
GO Biological Processes,19,GO:0097435,supramolecular fiber organization,19_GO:0009987 cellular process,-2,1.5,2.6,21160,599,758,33,4.4,0.74,11465|12010|12306|12632|13010|14453|15516|16202|17886|18596|18810|20411|22142|27361|27428|50530|56401|56430|60595|66938|68794|71994|76709|78785|98932|102866|108075|109624|110380|140580|218271|225523|320878,Actg1|B2m|Anxa2|Cfl2|Cst3|Gas2|Hsp90ab1|Ilk|Myh9|Pdgfrb|Plec|Sorbs1|Tuba1a|Msrb1|Shroom3|Mfap5|P3h1|Clip1|Actn4|Sh3d21|Flnc|Cnn3|Arpc2|Clip4|Myl9|Pls3|Ltbp4|Cald1|Shroom2|Elmo1|B4galt7|Cep120|Mical2,-0.52,hits
GO Biological Processes,19,GO:1903053,regulation of extracellular matrix organization,19_GO:0050789 regulation of biological process,-2,2.9,3,21160,67,758,7,0.92,0.35,13010|14726|16779|20356|21803|208177|234407,Cst3|Pdpn|Lamb2|Sema5a|Tgfb1|Phldb2|Colgalt1,-0.52,hits
KEGG Pathway,24,mmu00010,Glycolysis / Gluconeogenesis - Mus musculus (house mouse),,-2,2.9,3,21160,67,758,7,0.92,0.35,11670|11671|13382|14751|15277|56421|74551,Aldh3a1|Aldh3a2|Dld|Gpi1|Hk2|Pfkp|Pck2,-0.52,hits
WikiPathways,27,WP407,Kit receptor signaling pathway,,-2,2.9,3,21160,67,758,7,0.92,0.35,12015|15461|18708|18709|20851|22612|74055,Bad|Hras|Pik3r1|Pik3r2|Stat5b|Yes1|Plce1,-0.52,hits
Reactome Gene Sets,6,R-MMU-199992,trans-Golgi Network Vesicle Budding,,-2,2.9,3,21160,67,758,7,0.92,0.35,11765|14319|20619|66616|77929|231580|233489,Ap1g1|Fth1|Snap23|Snx9|Yipf6|Gak|Picalm,-0.52,hits
GO Biological Processes,19,GO:0045926,negative regulation of growth,19_GO:0040007 growth,-2,1.9,2.7,21160,253,758,17,2.2,0.54,12576|14694|15182|17684|18208|18846|19211|19280|20356|20869|21803|22059|22241|22632|56401|70834|74116,Cdkn1b|Rack1|Hdac2|Cited2|Ntn1|Plxna3|Pten|Ptprs|Sema5a|Stk11|Tgfb1|Trp53|Ulk1|Yy1|P3h1|Spag9|Pi16,-0.52,hits
