_MEMBER_hits,_LogP_hits,GO,_PATTERN_,_RANK_,GiniIndex,Category,CategoryID,Description,PARENT_GO,LogP,Enrichment,Z-score,#TotalGeneInLibrary,#GeneInGO,#GeneInHitList,#GeneInGOAndHitList,%InGO,STDV %InGO,GeneID,Hits,Log(q-value),EvidenceCutoff,GROUP_ID,FirstInGroupByEnrichment,FirstInGroupByLogP,BestLogPInGroup,BestEnrichmentInGroup,URL
1,-17.019136987634962,mmu00190,M1,1,0,KEGG Pathway,24,Oxidative phosphorylation - Mus musculus (house mouse),,-17.019136987634962,9.053002254364745,13.834337947655289,21160,141,431,26,6.0324825986078885,1.1468279803913675,11984|12857|12859|12861|12864|12867|12868|22272|54405|57423|66046|66142|66152|66377|66414|66445|66594|67126|67184|68194|68197|68375|78330|108664|110323|407785,Atp6v0c|Cox4i1|Cox5b|Cox6a1|Cox6c|Cox7c|Cox8a|Uqcrq|Ndufa1|Atp5mf|Ndufb5|Cox7b|Uqcr10|Ndufc1|Ndufa12|Cyc1|Uqcr11|Atp5f1e|Ndufa13|Ndufb4|Ndufc2|Ndufa8|Ndufv3|Atp6v1h|Cox6b1|Ndufs6,-12.775379846605032,0,1,1,1,-17.019136987634962,10.414117977923084,
1,-16.429775255937454,GO:0006119,M1,1,0,GO Biological Processes,19,oxidative phosphorylation,19_GO:0009987 cellular process,-16.429775255937454,9.658057890532884,13.829140974725956,21160,122,431,24,5.568445475638051,1.1045539173174717,12857|12859|12861|12864|12867|12868|22272|54405|57423|66046|66142|66152|66377|66414|66445|66594|67126|67184|68194|68197|68375|78330|110323|407785,Cox4i1|Cox5b|Cox6a1|Cox6c|Cox7c|Cox8a|Uqcrq|Ndufa1|Atp5mf|Ndufb5|Cox7b|Uqcr10|Ndufc1|Ndufa12|Cyc1|Uqcr11|Atp5f1e|Ndufa13|Ndufb4|Ndufc2|Ndufa8|Ndufv3|Cox6b1|Ndufs6,-12.487048110571505,0,1,0,0,-17.019136987634962,10.414117977923084,
1,-16.065844189851784,GO:0009060,M1,1,0,GO Biological Processes,19,aerobic respiration,19_GO:0009987 cellular process,-16.065844189851784,7.890288365926417,12.928917332456006,21160,168,431,27,6.2645011600928076,1.1672305863967631,11429|12857|12859|12861|12864|12867|12868|20917|22272|54405|57423|66046|66142|66152|66377|66414|66445|66594|67126|67184|68194|68197|68375|78330|110323|235339|407785,Aco2|Cox4i1|Cox5b|Cox6a1|Cox6c|Cox7c|Cox8a|Suclg2|Uqcrq|Ndufa1|Atp5mf|Ndufb5|Cox7b|Uqcr10|Ndufc1|Ndufa12|Cyc1|Uqcr11|Atp5f1e|Ndufa13|Ndufb4|Ndufc2|Ndufa8|Ndufv3|Cox6b1|Dlat|Ndufs6,-12.299208303541517,0,1,0,0,-17.019136987634962,10.414117977923084,
1,-15.148030498954693,WP295,M1,1,0,WikiPathways,27,Electron transport chain,,-15.148030498954693,10.414117977923084,13.53800806294764,21160,99,431,21,4.872389791183295,1.0370165094783361,12857|12859|12861|12864|12868|22272|54405|57423|66046|66142|66152|66377|66414|66594|67126|68194|68197|68375|78330|110323|407785,Cox4i1|Cox5b|Cox6a1|Cox6c|Cox8a|Uqcrq|Ndufa1|Atp5mf|Ndufb5|Cox7b|Uqcr10|Ndufc1|Ndufa12|Uqcr11|Atp5f1e|Ndufb4|Ndufc2|Ndufa8|Ndufv3|Cox6b1|Ndufs6,-11.506333349252726,0,1,0,0,-17.019136987634962,10.414117977923084,
1,-14.280932167107768,R-MMU-1428517,M1,1,0,Reactome Gene Sets,6,Aerobic respiration and respiratory electron transport,,-14.280932167107768,6.163457578770804,11.378090739086156,21160,231,431,29,6.728538283062645,1.2066911296265153,11429|12857|12861|12864|12867|12868|18604|18746|20917|22272|54405|57423|66046|66142|66152|66359|66377|66414|66445|67126|67184|68194|68197|68375|78330|110323|226757|235339|407785,Aco2|Cox4i1|Cox6a1|Cox6c|Cox7c|Cox8a|Pdk2|Pkm|Suclg2|Uqcrq|Ndufa1|Atp5mf|Ndufb5|Cox7b|Uqcr10|Cox20|Ndufc1|Ndufa12|Cyc1|Atp5f1e|Ndufa13|Ndufb4|Ndufc2|Ndufa8|Ndufv3|Cox6b1|Wdr26|Dlat|Ndufs6,-10.736145030413857,0,1,0,0,-17.019136987634962,10.414117977923084,
1,-14.141904786645767,mmu05010,M1,1,0,KEGG Pathway,24,Alzheimer disease - Mus musculus (house mouse),,-14.141904786645767,4.669716507911892,10.53357136427593,21160,389,431,37,8.584686774941995,1.3493762677608265,11816|11820|12313|12857|12859|12861|12864|12867|12868|13001|14368|18174|19164|20168|21937|22143|22272|23996|26442|54405|56208|66046|66142|66152|66377|66414|66445|66594|67126|67184|68194|68197|68375|78330|110323|277468|407785,Apoe|App|Calm1|Cox4i1|Cox5b|Cox6a1|Cox6c|Cox7c|Cox8a|Csnk2b|Fzd6|Slc11a2|Psen1|Rtn3|Tnfrsf1a|Tuba1b|Uqcrq|Psmc4|Psma5|Ndufa1|Becn1|Ndufb5|Cox7b|Uqcr10|Ndufc1|Ndufa12|Cyc1|Uqcr11|Atp5f1e|Ndufa13|Ndufb4|Ndufc2|Ndufa8|Ndufv3|Cox6b1|Slc39a12|Ndufs6,-10.676298895999482,0,1,0,0,-17.019136987634962,10.414117977923084,
1,-13.61232250325149,GO:0006091,M1,1,0,GO Biological Processes,19,generation of precursor metabolites and energy,19_GO:0009987 cellular process,-13.61232250325149,4.614685623936078,10.293795295795404,21160,383,431,36,8.352668213457077,1.332704588370779,11429|11430|11674|12857|12859|12861|12864|12867|12868|15275|18655|18746|20917|21351|21881|22272|26384|27357|54405|57423|66046|66142|66152|66377|66414|66445|66594|67126|67184|68194|68197|68375|78330|110323|235339|407785,Aco2|Acox1|Aldoa|Cox4i1|Cox5b|Cox6a1|Cox6c|Cox7c|Cox8a|Hk1|Pgk1|Pkm|Suclg2|Taldo1|Tkt|Uqcrq|Gnpda1|Gyg1|Ndufa1|Atp5mf|Ndufb5|Cox7b|Uqcr10|Ndufc1|Ndufa12|Cyc1|Uqcr11|Atp5f1e|Ndufa13|Ndufb4|Ndufc2|Ndufa8|Ndufv3|Cox6b1|Dlat|Ndufs6,-10.213663402235817,0,1,0,0,-17.019136987634962,10.414117977923084,
1,-13.537623449741412,GO:0045333,M1,1,0,GO Biological Processes,19,cellular respiration,19_GO:0009987 cellular process,-13.537623449741412,6.282314907467479,11.119388291497058,21160,211,431,27,6.2645011600928076,1.1672305863967631,11429|12857|12859|12861|12864|12867|12868|20917|22272|54405|57423|66046|66142|66152|66377|66414|66445|66594|67126|67184|68194|68197|68375|78330|110323|235339|407785,Aco2|Cox4i1|Cox5b|Cox6a1|Cox6c|Cox7c|Cox8a|Suclg2|Uqcrq|Ndufa1|Atp5mf|Ndufb5|Cox7b|Uqcr10|Ndufc1|Ndufa12|Cyc1|Uqcr11|Atp5f1e|Ndufa13|Ndufb4|Ndufc2|Ndufa8|Ndufv3|Cox6b1|Dlat|Ndufs6,-10.196956295703426,0,1,0,0,-17.019136987634962,10.414117977923084,
1,-13.235693159763082,mmu05415,M1,1,0,KEGG Pathway,24,Diabetic cardiomyopathy - Mus musculus (house mouse),,-13.235693159763082,6.108610347814,10.907123431242656,21160,217,431,27,6.2645011600928076,1.1672305863967631,12857|12859|12861|12864|12867|12868|13033|18604|19211|20525|22272|54405|66046|66142|66152|66377|66414|66445|66594|67126|67184|68194|68197|68375|78330|110323|407785,Cox4i1|Cox5b|Cox6a1|Cox6c|Cox7c|Cox8a|Ctsd|Pdk2|Pten|Slc2a1|Uqcrq|Ndufa1|Ndufb5|Cox7b|Uqcr10|Ndufc1|Ndufa12|Cyc1|Uqcr11|Atp5f1e|Ndufa13|Ndufb4|Ndufc2|Ndufa8|Ndufv3|Cox6b1|Ndufs6,-9.946305989761285,0,1,0,0,-17.019136987634962,10.414117977923084,
1,-13.190063130791215,mmu05020,M1,1,0,KEGG Pathway,24,Prion disease - Mus musculus (house mouse),,-13.190063130791215,5.395068968154814,10.539160374555681,21160,273,431,30,6.960556844547564,1.2257923550124263,12857|12859|12861|12864|12867|12868|13001|14828|15481|20867|22143|22272|23996|26442|54405|66046|66142|66152|66377|66414|66445|66594|67126|67184|68194|68197|68375|78330|110323|407785,Cox4i1|Cox5b|Cox6a1|Cox6c|Cox7c|Cox8a|Csnk2b|Hspa5|Hspa8|Stip1|Tuba1b|Uqcrq|Psmc4|Psma5|Ndufa1|Ndufb5|Cox7b|Uqcr10|Ndufc1|Ndufa12|Cyc1|Uqcr11|Atp5f1e|Ndufa13|Ndufb4|Ndufc2|Ndufa8|Ndufv3|Cox6b1|Ndufs6,-9.946305989761285,0,1,0,0,-17.019136987634962,10.414117977923084,
1,-13.147798268423639,mmu05012,M1,1,0,KEGG Pathway,24,Parkinson disease - Mus musculus (house mouse),,-13.147798268423639,5.375378935424322,10.511394718516323,21160,274,431,30,6.960556844547564,1.2257923550124263,12313|12857|12859|12861|12864|12867|12868|14828|18174|22143|22272|23996|26442|54405|66046|66142|66152|66377|66414|66445|66594|67126|67184|68194|68197|68375|78330|110323|277468|407785,Calm1|Cox4i1|Cox5b|Cox6a1|Cox6c|Cox7c|Cox8a|Hspa5|Slc11a2|Tuba1b|Uqcrq|Psmc4|Psma5|Ndufa1|Ndufb5|Cox7b|Uqcr10|Ndufc1|Ndufa12|Cyc1|Uqcr11|Atp5f1e|Ndufa13|Ndufb4|Ndufc2|Ndufa8|Ndufv3|Cox6b1|Slc39a12|Ndufs6,-9.945433812551935,0,1,0,0,-17.019136987634962,10.414117977923084,
1,-12.661846197654768,mmu05208,M1,1,0,KEGG Pathway,24,Chemical carcinogenesis - reactive oxygen species - Mus musculus (house mouse),,-12.661846197654768,5.788508495526804,10.505580215542055,21160,229,431,27,6.2645011600928076,1.1672305863967631,12857|12859|12861|12864|12867|12868|14859|17295|19211|22272|22339|54405|66046|66142|66152|66377|66414|66445|66594|67126|67184|68194|68197|68375|78330|110323|407785,Cox4i1|Cox5b|Cox6a1|Cox6c|Cox7c|Cox8a|Gsta3|Met|Pten|Uqcrq|Vegfa|Ndufa1|Ndufb5|Cox7b|Uqcr10|Ndufc1|Ndufa12|Cyc1|Uqcr11|Atp5f1e|Ndufa13|Ndufb4|Ndufc2|Ndufa8|Ndufv3|Cox6b1|Ndufs6,-9.497270302672463,0,1,0,0,-17.019136987634962,10.414117977923084,
1,-12.581800602417655,mmu04932,M1,1,0,KEGG Pathway,24,Non-alcoholic fatty liver disease - Mus musculus (house mouse),,-12.581800602417655,6.97029589527656,10.999208283086102,21160,162,431,23,5.336426914153132,1.0826251064545795,12857|12859|12861|12864|12867|12868|21937|22272|54405|66046|66142|66152|66377|66414|66445|66594|67184|68194|68197|68375|78330|110323|407785,Cox4i1|Cox5b|Cox6a1|Cox6c|Cox7c|Cox8a|Tnfrsf1a|Uqcrq|Ndufa1|Ndufb5|Cox7b|Uqcr10|Ndufc1|Ndufa12|Cyc1|Uqcr11|Ndufa13|Ndufb4|Ndufc2|Ndufa8|Ndufv3|Cox6b1|Ndufs6,-9.451986813694562,0,1,0,0,-17.019136987634962,10.414117977923084,
1,-12.46310511833081,R-MMU-611105,M1,1,0,Reactome Gene Sets,6,Respiratory electron transport,,-12.46310511833081,7.751862254243498,11.263095469003519,21160,133,431,21,4.872389791183295,1.0370165094783361,12857|12861|12864|12867|12868|22272|54405|66046|66142|66152|66359|66377|66414|66445|67184|68194|68197|68375|78330|110323|407785,Cox4i1|Cox6a1|Cox6c|Cox7c|Cox8a|Uqcrq|Ndufa1|Ndufb5|Cox7b|Uqcr10|Cox20|Ndufc1|Ndufa12|Cyc1|Ndufa13|Ndufb4|Ndufc2|Ndufa8|Ndufv3|Cox6b1|Ndufs6,-9.36547601297912,0,1,0,0,-17.019136987634962,10.414117977923084,
1,-11.817442370532426,mmu05016,M1,1,0,KEGG Pathway,24,Huntington disease - Mus musculus (house mouse),,-11.817442370532426,4.781992949046313,9.640936969662835,21160,308,431,30,6.960556844547564,1.2257923550124263,11773|12857|12859|12861|12864|12867|12868|14775|22143|22272|23996|26442|54405|56208|66046|66142|66152|66377|66414|66445|66594|67126|67184|68194|68197|68375|73916|78330|110323|407785,Ap2m1|Cox4i1|Cox5b|Cox6a1|Cox6c|Cox7c|Cox8a|Gpx1|Tuba1b|Uqcrq|Psmc4|Psma5|Ndufa1|Becn1|Ndufb5|Cox7b|Uqcr10|Ndufc1|Ndufa12|Cyc1|Uqcr11|Atp5f1e|Ndufa13|Ndufb4|Ndufc2|Ndufa8|Ift57|Ndufv3|Cox6b1|Ndufs6,-8.749776488558178,0,1,0,0,-17.019136987634962,10.414117977923084,
1,-11.718895995499363,mmu05014,M1,1,0,KEGG Pathway,24,Amyotrophic lateral sclerosis - Mus musculus (house mouse),,-11.718895995499363,4.320371229698376,9.354579930244723,21160,375,431,33,7.65661252900232,1.2808037802964627,12857|12859|12861|12864|12867|12868|14775|14828|18643|21937|22143|22272|23996|26442|54405|56208|66046|66142|66152|66377|66414|66445|66594|66734|67126|67184|68194|68197|68375|78330|110323|110379|407785,Cox4i1|Cox5b|Cox6a1|Cox6c|Cox7c|Cox8a|Gpx1|Hspa5|Pfn1|Tnfrsf1a|Tuba1b|Uqcrq|Psmc4|Psma5|Ndufa1|Becn1|Ndufb5|Cox7b|Uqcr10|Ndufc1|Ndufa12|Cyc1|Uqcr11|Map1lc3a|Atp5f1e|Ndufa13|Ndufb4|Ndufc2|Ndufa8|Ndufv3|Cox6b1|Sec13|Ndufs6,-8.679258837125358,0,1,0,0,-17.019136987634962,10.414117977923084,
1,-11.321132614983272,mmu05022,M1,1,0,KEGG Pathway,24,Pathways of neurodegeneration - multiple diseases - Mus musculus (house mouse),,-11.321132614983272,3.7765482777083705,8.881984877681228,21160,481,431,37,8.584686774941995,1.3493762677608265,11820|12313|12857|12859|12861|12864|12867|12868|13001|14368|14775|14828|19164|21937|22143|22272|23996|26442|54405|56208|66046|66142|66152|66377|66414|66445|66594|66734|67126|67184|68194|68197|68375|73916|78330|110323|407785,App|Calm1|Cox4i1|Cox5b|Cox6a1|Cox6c|Cox7c|Cox8a|Csnk2b|Fzd6|Gpx1|Hspa5|Psen1|Tnfrsf1a|Tuba1b|Uqcrq|Psmc4|Psma5|Ndufa1|Becn1|Ndufb5|Cox7b|Uqcr10|Ndufc1|Ndufa12|Cyc1|Uqcr11|Map1lc3a|Atp5f1e|Ndufa13|Ndufb4|Ndufc2|Ndufa8|Ift57|Ndufv3|Cox6b1|Ndufs6,-8.307824395331616,0,1,0,0,-17.019136987634962,10.414117977923084,
1,-10.865835457976381,GO:0015980,M1,1,0,GO Biological Processes,19,energy derivation by oxidation of organic compounds,19_GO:0009987 cellular process,-10.865835457976381,4.691684549781047,9.175408628067348,21160,293,431,28,6.496519721577727,1.1871774356530376,11429|12857|12859|12861|12864|12867|12868|20917|22272|27357|54405|57423|66046|66142|66152|66377|66414|66445|66594|67126|67184|68194|68197|68375|78330|110323|235339|407785,Aco2|Cox4i1|Cox5b|Cox6a1|Cox6c|Cox7c|Cox8a|Suclg2|Uqcrq|Gyg1|Ndufa1|Atp5mf|Ndufb5|Cox7b|Uqcr10|Ndufc1|Ndufa12|Cyc1|Uqcr11|Atp5f1e|Ndufa13|Ndufb4|Ndufc2|Ndufa8|Ndufv3|Cox6b1|Dlat|Ndufs6,-7.877350822049757,0,1,0,0,-17.019136987634962,10.414117977923084,
1,-10.776273721977123,GO:0042775,M1,1,0,GO Biological Processes,19,mitochondrial ATP synthesis coupled electron transport,19_GO:0009987 cellular process,-10.776273721977123,10.08803991990592,11.215568331549665,21160,73,431,15,3.480278422273782,0.882828590924201,12857|12859|12861|12867|12868|22272|66142|66152|66414|66445|66594|68197|68375|78330|407785,Cox4i1|Cox5b|Cox6a1|Cox7c|Cox8a|Uqcrq|Cox7b|Uqcr10|Ndufa12|Cyc1|Uqcr11|Ndufc2|Ndufa8|Ndufv3|Ndufs6,-7.8112701819000225,0,1,0,0,-17.019136987634962,10.414117977923084,
1,-10.648772957146967,mmu04714,M1,1,0,KEGG Pathway,24,Thermogenesis - Mus musculus (house mouse),,-10.648772957146967,5.157051219559749,9.299707386513393,21160,238,431,25,5.800464037122969,1.1259448423830345,12857|12859|12861|12864|12867|12868|22272|54405|57423|66046|66142|66152|66359|66377|66414|66445|66594|67126|67184|68194|68197|68375|78330|110323|407785,Cox4i1|Cox5b|Cox6a1|Cox6c|Cox7c|Cox8a|Uqcrq|Ndufa1|Atp5mf|Ndufb5|Cox7b|Uqcr10|Cox20|Ndufc1|Ndufa12|Cyc1|Uqcr11|Atp5f1e|Ndufa13|Ndufb4|Ndufc2|Ndufa8|Ndufv3|Cox6b1|Ndufs6,-7.706045811781018,0,1,0,0,-17.019136987634962,10.414117977923084,
1,-10.597121414522864,GO:0042773,M1,1,0,GO Biological Processes,19,ATP synthesis coupled electron transport,19_GO:0009987 cellular process,-10.597121414522864,9.819025522041763,11.032182995508192,21160,75,431,15,3.480278422273782,0.882828590924201,12857|12859|12861|12867|12868|22272|66142|66152|66414|66445|66594|68197|68375|78330|407785,Cox4i1|Cox5b|Cox6a1|Cox7c|Cox8a|Uqcrq|Cox7b|Uqcr10|Ndufa12|Cyc1|Uqcr11|Ndufc2|Ndufa8|Ndufv3|Ndufs6,-7.675583568226853,0,1,0,0,-17.019136987634962,10.414117977923084,
1,-9.486340703005462,mmu04260,M1,1,0,KEGG Pathway,24,Cardiac muscle contraction - Mus musculus (house mouse),,-9.486340703005462,8.274459709585756,9.91631242338581,21160,89,431,15,3.480278422273782,0.882828590924201,11931|11932|12857|12859|12861|12864|12867|12868|22272|66142|66152|66445|66594|110323|232975,Atp1b1|Atp1b2|Cox4i1|Cox5b|Cox6a1|Cox6c|Cox7c|Cox8a|Uqcrq|Cox7b|Uqcr10|Cyc1|Uqcr11|Cox6b1|Atp1a3,-6.585006242797738,0,1,0,0,-17.019136987634962,10.414117977923084,
1,-9.443096905937152,GO:0019646,M1,1,0,GO Biological Processes,19,aerobic electron transport chain,19_GO:0009987 cellular process,-9.443096905937152,10.130740617979596,10.46557170433207,21160,63,431,13,3.0162412993039442,0.8238419677523642,12857|12859|12861|12867|12868|22272|66142|66152|66445|66594|68197|68375|407785,Cox4i1|Cox5b|Cox6a1|Cox7c|Cox8a|Uqcrq|Cox7b|Uqcr10|Cyc1|Uqcr11|Ndufc2|Ndufa8|Ndufs6,-6.561067600924814,0,1,0,0,-17.019136987634962,10.414117977923084,
1,-8.72944077031627,GO:0046034,M1,1,0,GO Biological Processes,19,ATP metabolic process,19_GO:0009987 cellular process,-8.72944077031627,5.519570559727618,8.50591400336309,21160,169,431,19,4.408352668213457,0.9888023804094944,11674|11931|12628|15275|15481|18655|18746|54405|57423|66046|66377|66414|67126|67184|68194|68197|68375|78330|407785,Aldoa|Atp1b1|Cfh|Hk1|Hspa8|Pgk1|Pkm|Ndufa1|Atp5mf|Ndufb5|Ndufc1|Ndufa12|Atp5f1e|Ndufa13|Ndufb4|Ndufc2|Ndufa8|Ndufv3|Ndufs6,-5.865894870997946,0,1,0,0,-17.019136987634962,10.414117977923084,
1,-8.493731656609839,GO:0009205,M1,1,0,GO Biological Processes,19,purine ribonucleoside triphosphate metabolic process,19_GO:0009987 cellular process,-8.493731656609839,5.061353361877198,8.19428151644881,21160,194,431,20,4.640371229698376,1.0132579118225804,11674|11931|12628|15275|15481|18102|18655|18746|54405|57423|66046|66377|66414|67126|67184|68194|68197|68375|78330|407785,Aldoa|Atp1b1|Cfh|Hk1|Hspa8|Nme1|Pgk1|Pkm|Ndufa1|Atp5mf|Ndufb5|Ndufc1|Ndufa12|Atp5f1e|Ndufa13|Ndufb4|Ndufc2|Ndufa8|Ndufv3|Ndufs6,-5.665868788303,0,1,0,0,-17.019136987634962,10.414117977923084,
1,-8.340041621538385,GO:0042776,M1,1,0,GO Biological Processes,19,proton motive force-driven mitochondrial ATP synthesis,19_GO:0009987 cellular process,-8.340041621538385,9.351452878135014,9.572359197168,21160,63,431,12,2.7842227378190256,0.7924679907141544,54405|57423|66046|66377|66414|67126|67184|68194|68197|68375|78330|407785,Ndufa1|Atp5mf|Ndufb5|Ndufc1|Ndufa12|Atp5f1e|Ndufa13|Ndufb4|Ndufc2|Ndufa8|Ndufv3|Ndufs6,-5.558682478407411,0,1,0,0,-17.019136987634962,10.414117977923084,
1,-8.226742273774033,GO:0009199,M1,1,0,GO Biological Processes,19,ribonucleoside triphosphate metabolic process,19_GO:0009987 cellular process,-8.226742273774033,4.885087324398888,7.980140970029938,21160,201,431,20,4.640371229698376,1.0132579118225804,11674|11931|12628|15275|15481|18102|18655|18746|54405|57423|66046|66377|66414|67126|67184|68194|68197|68375|78330|407785,Aldoa|Atp1b1|Cfh|Hk1|Hspa8|Nme1|Pgk1|Pkm|Ndufa1|Atp5mf|Ndufb5|Ndufc1|Ndufa12|Atp5f1e|Ndufa13|Ndufb4|Ndufc2|Ndufa8|Ndufv3|Ndufs6,-5.460106387463765,0,1,0,0,-17.019136987634962,10.414117977923084,
1,-8.189570933941077,GO:0009144,M1,1,0,GO Biological Processes,19,purine nucleoside triphosphate metabolic process,19_GO:0009987 cellular process,-8.189570933941077,4.860903723783051,7.95035950643877,21160,202,431,20,4.640371229698376,1.0132579118225804,11674|11931|12628|15275|15481|18102|18655|18746|54405|57423|66046|66377|66414|67126|67184|68194|68197|68375|78330|407785,Aldoa|Atp1b1|Cfh|Hk1|Hspa8|Nme1|Pgk1|Pkm|Ndufa1|Atp5mf|Ndufb5|Ndufc1|Ndufa12|Atp5f1e|Ndufa13|Ndufb4|Ndufc2|Ndufa8|Ndufv3|Ndufs6,-5.43717548674542,0,1,0,0,-17.019136987634962,10.414117977923084,
1,-8.16837607124709,GO:0009206,M1,1,0,GO Biological Processes,19,purine ribonucleoside triphosphate biosynthetic process,19_GO:0009987 cellular process,-8.16837607124709,7.312040282371526,8.843815572032904,21160,94,431,14,3.2482598607888633,0.8539179445623846,11674|18102|54405|57423|66046|66377|66414|67126|67184|68194|68197|68375|78330|407785,Aldoa|Nme1|Ndufa1|Atp5mf|Ndufb5|Ndufc1|Ndufa12|Atp5f1e|Ndufa13|Ndufb4|Ndufc2|Ndufa8|Ndufv3|Ndufs6,-5.429768908537066,0,1,0,0,-17.019136987634962,10.414117977923084,
1,-8.111929981385039,GO:0022904,M1,1,0,GO Biological Processes,19,respiratory electron transport chain,19_GO:0009987 cellular process,-8.111929981385039,6.634476704082272,8.582155347991078,21160,111,431,15,3.480278422273782,0.882828590924201,12857|12859|12861|12867|12868|22272|66142|66152|66414|66445|66594|68197|68375|78330|407785,Cox4i1|Cox5b|Cox6a1|Cox7c|Cox8a|Uqcrq|Cox7b|Uqcr10|Ndufa12|Cyc1|Uqcr11|Ndufc2|Ndufa8|Ndufv3|Ndufs6,-5.3948961695666915,0,1,0,0,-17.019136987634962,10.414117977923084,
1,-8.107174393554367,GO:0009145,M1,1,0,GO Biological Processes,19,purine nucleoside triphosphate biosynthetic process,19_GO:0009987 cellular process,-8.107174393554367,7.23507143729393,8.78252780067395,21160,95,431,14,3.2482598607888633,0.8539179445623846,11674|18102|54405|57423|66046|66377|66414|67126|67184|68194|68197|68375|78330|407785,Aldoa|Nme1|Ndufa1|Atp5mf|Ndufb5|Ndufc1|Ndufa12|Atp5f1e|Ndufa13|Ndufb4|Ndufc2|Ndufa8|Ndufv3|Ndufs6,-5.3948961695666915,0,1,0,0,-17.019136987634962,10.414117977923084,
1,-7.965864940596258,GO:0006754,M1,1,0,GO Biological Processes,19,ATP biosynthetic process,19_GO:0009987 cellular process,-7.965864940596258,7.783373889423348,8.874318470556423,21160,82,431,13,3.0162412993039442,0.8238419677523642,11674|54405|57423|66046|66377|66414|67126|67184|68194|68197|68375|78330|407785,Aldoa|Ndufa1|Atp5mf|Ndufb5|Ndufc1|Ndufa12|Atp5f1e|Ndufa13|Ndufb4|Ndufc2|Ndufa8|Ndufv3|Ndufs6,-5.278410300333615,0,1,0,0,-17.019136987634962,10.414117977923084,
1,-7.870003339510889,GO:0009201,M1,1,0,GO Biological Processes,19,ribonucleoside triphosphate biosynthetic process,19_GO:0009987 cellular process,-7.870003339510889,6.942745318615388,8.545987444403027,21160,99,431,14,3.2482598607888633,0.8539179445623846,11674|18102|54405|57423|66046|66377|66414|67126|67184|68194|68197|68375|78330|407785,Aldoa|Nme1|Ndufa1|Atp5mf|Ndufb5|Ndufc1|Ndufa12|Atp5f1e|Ndufa13|Ndufb4|Ndufc2|Ndufa8|Ndufv3|Ndufs6,-5.216280827862843,0,1,0,0,-17.019136987634962,10.414117977923084,
1,-7.868973361866274,GO:0015986,M1,1,0,GO Biological Processes,19,proton motive force-driven ATP synthesis,19_GO:0009987 cellular process,-7.868973361866274,8.538283062645013,9.043685046788818,21160,69,431,12,2.7842227378190256,0.7924679907141544,54405|57423|66046|66377|66414|67126|67184|68194|68197|68375|78330|407785,Ndufa1|Atp5mf|Ndufb5|Ndufc1|Ndufa12|Atp5f1e|Ndufa13|Ndufb4|Ndufc2|Ndufa8|Ndufv3|Ndufs6,-5.216280827862843,0,1,0,0,-17.019136987634962,10.414117977923084,
1,-7.642877873158238,GO:0022900,M1,1,0,GO Biological Processes,19,electron transport chain,19_GO:0009987 cellular process,-7.642877873158238,6.136890951276102,8.137015256122607,21160,120,431,15,3.480278422273782,0.882828590924201,12857|12859|12861|12867|12868|22272|66142|66152|66414|66445|66594|68197|68375|78330|407785,Cox4i1|Cox5b|Cox6a1|Cox7c|Cox8a|Uqcrq|Cox7b|Uqcr10|Ndufa12|Cyc1|Uqcr11|Ndufc2|Ndufa8|Ndufv3|Ndufs6,-5.042573408614495,0,1,0,0,-17.019136987634962,10.414117977923084,
1,-7.625209845162548,GO:0009141,M1,1,0,GO Biological Processes,19,nucleoside triphosphate metabolic process,19_GO:0009987 cellular process,-7.625209845162548,4.50414014772558,7.498901778090226,21160,218,431,20,4.640371229698376,1.0132579118225804,11674|11931|12628|15275|15481|18102|18655|18746|54405|57423|66046|66377|66414|67126|67184|68194|68197|68375|78330|407785,Aldoa|Atp1b1|Cfh|Hk1|Hspa8|Nme1|Pgk1|Pkm|Ndufa1|Atp5mf|Ndufb5|Ndufc1|Ndufa12|Atp5f1e|Ndufa13|Ndufb4|Ndufc2|Ndufa8|Ndufv3|Ndufs6,-5.034665217907961,0,1,0,0,-17.019136987634962,10.414117977923084,
1,-7.481910433947916,GO:0009142,M1,1,0,GO Biological Processes,19,nucleoside triphosphate biosynthetic process,19_GO:0009987 cellular process,-7.481910433947916,6.4842621371973905,8.162080184526143,21160,106,431,14,3.2482598607888633,0.8539179445623846,11674|18102|54405|57423|66046|66377|66414|67126|67184|68194|68197|68375|78330|407785,Aldoa|Nme1|Ndufa1|Atp5mf|Ndufb5|Ndufc1|Ndufa12|Atp5f1e|Ndufa13|Ndufb4|Ndufc2|Ndufa8|Ndufv3|Ndufs6,-4.9102511508537035,0,1,0,0,-17.019136987634962,10.414117977923084,
1,-6.629614104820875,GO:0072521,M1,1,0,GO Biological Processes,19,purine-containing compound metabolic process,19_GO:0009987 cellular process,-6.629614104820875,2.8879486829534597,6.2231787288853635,21160,510,431,30,6.960556844547564,1.2257923550124263,11674|11931|12628|15275|15481|15488|18102|18655|18746|20917|21351|21881|22139|52538|54325|54405|57423|66046|66377|66414|67126|67184|68194|68197|68375|68801|78330|83603|235339|407785,Aldoa|Atp1b1|Cfh|Hk1|Hspa8|Hsd17b4|Nme1|Pgk1|Pkm|Suclg2|Taldo1|Tkt|Ttr|Acaa2|Elovl1|Ndufa1|Atp5mf|Ndufb5|Ndufc1|Ndufa12|Atp5f1e|Ndufa13|Ndufb4|Ndufc2|Ndufa8|Elovl5|Ndufv3|Elovl4|Dlat|Ndufs6,-4.149284957353882,0,1,0,0,-17.019136987634962,10.414117977923084,
1,-6.56574973292544,GO:0055086,M1,1,0,GO Biological Processes,19,nucleobase-containing small molecule metabolic process,19_GO:0009987 cellular process,-6.56574973292544,2.700232018561485,6.092131780748968,21160,600,431,33,7.65661252900232,1.2808037802964627,11674|11931|12628|15275|15481|15488|18102|18655|18746|20917|21351|21881|22139|26384|52538|54325|54405|57423|66046|66377|66414|67126|67184|68194|68197|68375|68801|69064|78330|83603|83965|235339|407785,Aldoa|Atp1b1|Cfh|Hk1|Hspa8|Hsd17b4|Nme1|Pgk1|Pkm|Suclg2|Taldo1|Tkt|Ttr|Gnpda1|Acaa2|Elovl1|Ndufa1|Atp5mf|Ndufb5|Ndufc1|Ndufa12|Atp5f1e|Ndufa13|Ndufb4|Ndufc2|Ndufa8|Elovl5|Fuom|Ndufv3|Elovl4|Enpp5|Dlat|Ndufs6,-4.114384281393764,0,1,0,0,-17.019136987634962,10.414117977923084,
1,-6.495565629407697,GO:0006753,M1,1,0,GO Biological Processes,19,nucleoside phosphate metabolic process,19_GO:0009987 cellular process,-6.495565629407697,2.7322505800464034,6.072481923830825,21160,575,431,32,7.424593967517401,1.2628318646035614,11674|11931|12628|15275|15481|15488|18102|18655|18746|20917|21351|21881|26384|52538|54325|54405|57423|66046|66377|66414|67126|67184|68194|68197|68375|68801|69064|78330|83603|83965|235339|407785,Aldoa|Atp1b1|Cfh|Hk1|Hspa8|Hsd17b4|Nme1|Pgk1|Pkm|Suclg2|Taldo1|Tkt|Gnpda1|Acaa2|Elovl1|Ndufa1|Atp5mf|Ndufb5|Ndufc1|Ndufa12|Atp5f1e|Ndufa13|Ndufb4|Ndufc2|Ndufa8|Elovl5|Fuom|Ndufv3|Elovl4|Enpp5|Dlat|Ndufs6,-4.064721845020622,0,1,0,0,-17.019136987634962,10.414117977923084,
1,-6.425314028172104,GO:1901293,M1,1,0,GO Biological Processes,19,nucleoside phosphate biosynthetic process,19_GO:0009987 cellular process,-6.425314028172104,3.6560201411857634,6.474533766623308,21160,282,431,21,4.872389791183295,1.0370165094783361,11674|15275|18102|26384|54325|54405|57423|66046|66377|66414|67126|67184|68194|68197|68375|68801|69064|78330|83603|235339|407785,Aldoa|Hk1|Nme1|Gnpda1|Elovl1|Ndufa1|Atp5mf|Ndufb5|Ndufc1|Ndufa12|Atp5f1e|Ndufa13|Ndufb4|Ndufc2|Ndufa8|Elovl5|Fuom|Ndufv3|Elovl4|Dlat|Ndufs6,-4.01406579984841,0,1,0,0,-17.019136987634962,10.414117977923084,
1,-6.201722773484975,R-MMU-6799198,M1,1,0,Reactome Gene Sets,6,Complex I biogenesis,,-6.201722773484975,7.671113689095128,7.706998938180665,21160,64,431,10,2.320185614849188,0.7251454773598325,54405|66046|66377|66414|67184|68194|68197|68375|78330|407785,Ndufa1|Ndufb5|Ndufc1|Ndufa12|Ndufa13|Ndufb4|Ndufc2|Ndufa8|Ndufv3|Ndufs6,-3.8152981288863135,0,1,0,0,-17.019136987634962,10.414117977923084,
1,-6.152388062952911,GO:0072522,M1,1,0,GO Biological Processes,19,purine-containing compound biosynthetic process,19_GO:0009987 cellular process,-6.152388062952911,3.998698176397099,6.461717282299263,21160,221,431,18,4.176334106728539,0.9635968533717362,11674|18102|54325|54405|57423|66046|66377|66414|67126|67184|68194|68197|68375|68801|78330|83603|235339|407785,Aldoa|Nme1|Elovl1|Ndufa1|Atp5mf|Ndufb5|Ndufc1|Ndufa12|Atp5f1e|Ndufa13|Ndufb4|Ndufc2|Ndufa8|Elovl5|Ndufv3|Elovl4|Dlat|Ndufs6,-3.777862641653957,0,1,0,0,-17.019136987634962,10.414117977923084,
1,-5.8176454995891556,GO:0009152,M1,1,0,GO Biological Processes,19,purine ribonucleotide biosynthetic process,19_GO:0009987 cellular process,-5.8176454995891556,4.773137406548079,6.550973852030256,21160,144,431,14,3.2482598607888633,0.8539179445623846,11674|18102|54405|57423|66046|66377|66414|67126|67184|68194|68197|68375|78330|407785,Aldoa|Nme1|Ndufa1|Atp5mf|Ndufb5|Ndufc1|Ndufa12|Atp5f1e|Ndufa13|Ndufb4|Ndufc2|Ndufa8|Ndufv3|Ndufs6,-3.4831970791518514,0,1,0,0,-17.019136987634962,10.414117977923084,
1,-5.65338482696475,GO:0009150,M1,1,0,GO Biological Processes,19,purine ribonucleotide metabolic process,19_GO:0009987 cellular process,-5.65338482696475,3.3975866858275996,5.917641333627749,21160,289,431,20,4.640371229698376,1.0132579118225804,11674|11931|12628|15275|15481|18102|18655|18746|54405|57423|66046|66377|66414|67126|67184|68194|68197|68375|78330|407785,Aldoa|Atp1b1|Cfh|Hk1|Hspa8|Nme1|Pgk1|Pkm|Ndufa1|Atp5mf|Ndufb5|Ndufc1|Ndufa12|Atp5f1e|Ndufa13|Ndufb4|Ndufc2|Ndufa8|Ndufv3|Ndufs6,-3.3491469385534387,0,1,0,0,-17.019136987634962,10.414117977923084,
1,-5.335070224638178,GO:0090407,M1,1,0,GO Biological Processes,19,organophosphate biosynthetic process,19_GO:0009987 cellular process,-5.335070224638178,2.5986078886310904,5.369164089321242,21160,529,431,28,6.496519721577727,1.1871774356530376,11674|15212|15275|17434|18102|18655|21881|26384|27388|54325|54405|55980|56208|57423|66046|66377|66414|67126|67184|68194|68197|68375|68801|69064|78330|83603|235339|407785,Aldoa|Hexb|Hk1|Mocs2|Nme1|Pgk1|Tkt|Gnpda1|Ptdss2|Elovl1|Ndufa1|Impa1|Becn1|Atp5mf|Ndufb5|Ndufc1|Ndufa12|Atp5f1e|Ndufa13|Ndufb4|Ndufc2|Ndufa8|Elovl5|Fuom|Ndufv3|Elovl4|Dlat|Ndufs6,-3.0735843166478167,0,1,0,0,-17.019136987634962,10.414117977923084,
1,-5.2920152113706145,GO:1901137,M1,1,0,GO Biological Processes,19,carbohydrate derivative biosynthetic process,19_GO:0009987 cellular process,-5.2920152113706145,2.533378470989423,5.312537648966439,21160,562,431,29,6.728538283062645,1.2066911296265153,11674|13200|14426|15275|18102|18655|19164|20014|20442|21881|26384|54405|56375|57423|66046|66357|66377|66414|67126|67184|68194|68197|68375|69064|78330|107895|108148|140481|407785,Aldoa|Ddost|Galnt4|Hk1|Nme1|Pgk1|Psen1|Rpn2|St3gal1|Tkt|Gnpda1|Ndufa1|B4galt4|Atp5mf|Ndufb5|Ostc|Ndufc1|Ndufa12|Atp5f1e|Ndufa13|Ndufb4|Ndufc2|Ndufa8|Fuom|Ndufv3|Mgat5|Galnt2|Man2a2|Ndufs6,-3.0350298046069293,0,1,0,0,-17.019136987634962,10.414117977923084,
1,-5.275963922713646,GO:0009260,M1,1,0,GO Biological Processes,19,ribonucleotide biosynthetic process,19_GO:0009987 cellular process,-5.275963922713646,4.295823665893272,6.034083844267718,21160,160,431,14,3.2482598607888633,0.8539179445623846,11674|18102|54405|57423|66046|66377|66414|67126|67184|68194|68197|68375|78330|407785,Aldoa|Nme1|Ndufa1|Atp5mf|Ndufb5|Ndufc1|Ndufa12|Atp5f1e|Ndufa13|Ndufb4|Ndufc2|Ndufa8|Ndufv3|Ndufs6,-3.0234328573762106,0,1,0,0,-17.019136987634962,10.414117977923084,
1,-5.173037681504993,GO:0009259,M1,1,0,GO Biological Processes,19,ribonucleotide metabolic process,19_GO:0009987 cellular process,-5.173037681504993,3.1572429331324,5.526289898181475,21160,311,431,20,4.640371229698376,1.0132579118225804,11674|11931|12628|15275|15481|18102|18655|18746|54405|57423|66046|66377|66414|67126|67184|68194|68197|68375|78330|407785,Aldoa|Atp1b1|Cfh|Hk1|Hspa8|Nme1|Pgk1|Pkm|Ndufa1|Atp5mf|Ndufb5|Ndufc1|Ndufa12|Atp5f1e|Ndufa13|Ndufb4|Ndufc2|Ndufa8|Ndufv3|Ndufs6,-2.9378807122369803,0,1,0,0,-17.019136987634962,10.414117977923084,
1,-5.1333778750777865,GO:0010257,M1,1,0,GO Biological Processes,19,NADH dehydrogenase complex assembly,19_GO:0009987 cellular process,-5.1333778750777865,6.69479012866484,6.681396559205073,21160,66,431,9,2.0881670533642693,0.6887499414793933,54405|66046|66377|66414|67184|68194|68197|68375|407785,Ndufa1|Ndufb5|Ndufc1|Ndufa12|Ndufa13|Ndufb4|Ndufc2|Ndufa8|Ndufs6,-2.910810033117795,0,1,0,0,-17.019136987634962,10.414117977923084,
1,-5.1333778750777865,GO:0032981,M1,1,0,GO Biological Processes,19,mitochondrial respiratory chain complex I assembly,19_GO:0009987 cellular process,-5.1333778750777865,6.69479012866484,6.681396559205073,21160,66,431,9,2.0881670533642693,0.6887499414793933,54405|66046|66377|66414|67184|68194|68197|68375|407785,Ndufa1|Ndufb5|Ndufc1|Ndufa12|Ndufa13|Ndufb4|Ndufc2|Ndufa8|Ndufs6,-2.910810033117795,0,1,0,0,-17.019136987634962,10.414117977923084,
1,-5.030863860517778,GO:0046390,M1,1,0,GO Biological Processes,19,ribose phosphate biosynthetic process,19_GO:0009987 cellular process,-5.030863860517778,4.091260634184068,5.800432590032496,21160,168,431,14,3.2482598607888633,0.8539179445623846,11674|18102|54405|57423|66046|66377|66414|67126|67184|68194|68197|68375|78330|407785,Aldoa|Nme1|Ndufa1|Atp5mf|Ndufb5|Ndufc1|Ndufa12|Atp5f1e|Ndufa13|Ndufb4|Ndufc2|Ndufa8|Ndufv3|Ndufs6,-2.8546582625783588,0,1,0,0,-17.019136987634962,10.414117977923084,
1,-5.012484410649646,GO:0006163,M1,1,0,GO Biological Processes,19,purine nucleotide metabolic process,19_GO:0009987 cellular process,-5.012484410649646,2.8879486829534597,5.3117491077566665,21160,374,431,22,5.104408352668213,1.0601250316270292,11674|11931|12628|15275|15481|18102|18655|18746|21351|21881|54405|57423|66046|66377|66414|67126|67184|68194|68197|68375|78330|407785,Aldoa|Atp1b1|Cfh|Hk1|Hspa8|Nme1|Pgk1|Pkm|Taldo1|Tkt|Ndufa1|Atp5mf|Ndufb5|Ndufc1|Ndufa12|Atp5f1e|Ndufa13|Ndufb4|Ndufc2|Ndufa8|Ndufv3|Ndufs6,-2.850644862210066,0,1,0,0,-17.019136987634962,10.414117977923084,
1,-4.9902563310566945,GO:0019693,M1,1,0,GO Biological Processes,19,ribose phosphate metabolic process,19_GO:0009987 cellular process,-4.9902563310566945,3.0684454756380513,5.376098754973983,21160,320,431,20,4.640371229698376,1.0132579118225804,11674|11931|12628|15275|15481|18102|18655|18746|54405|57423|66046|66377|66414|67126|67184|68194|68197|68375|78330|407785,Aldoa|Atp1b1|Cfh|Hk1|Hspa8|Nme1|Pgk1|Pkm|Ndufa1|Atp5mf|Ndufb5|Ndufc1|Ndufa12|Atp5f1e|Ndufa13|Ndufb4|Ndufc2|Ndufa8|Ndufv3|Ndufs6,-2.8364043014661626,0,1,0,0,-17.019136987634962,10.414117977923084,
1,-4.981069972836325,GO:0009117,M1,1,0,GO Biological Processes,19,nucleotide metabolic process,19_GO:0009987 cellular process,-4.981069972836325,2.721207996870697,5.218024432152467,21160,433,431,24,5.568445475638051,1.1045539173174717,11674|11931|12628|15275|15481|18102|18655|18746|21351|21881|54405|57423|66046|66377|66414|67126|67184|68194|68197|68375|69064|78330|83965|407785,Aldoa|Atp1b1|Cfh|Hk1|Hspa8|Nme1|Pgk1|Pkm|Taldo1|Tkt|Ndufa1|Atp5mf|Ndufb5|Ndufc1|Ndufa12|Atp5f1e|Ndufa13|Ndufb4|Ndufc2|Ndufa8|Fuom|Ndufv3|Enpp5|Ndufs6,-2.8342228448144513,0,1,0,0,-17.019136987634962,10.414117977923084,
1,-4.828694717787538,GO:0006164,M1,1,0,GO Biological Processes,19,purine nucleotide biosynthetic process,19_GO:0009987 cellular process,-4.828694717787538,3.9276102088167053,5.607571490411022,21160,175,431,14,3.2482598607888633,0.8539179445623846,11674|18102|54405|57423|66046|66377|66414|67126|67184|68194|68197|68375|78330|407785,Aldoa|Nme1|Ndufa1|Atp5mf|Ndufb5|Ndufc1|Ndufa12|Atp5f1e|Ndufa13|Ndufb4|Ndufc2|Ndufa8|Ndufv3|Ndufs6,-2.718476485127826,0,1,0,0,-17.019136987634962,10.414117977923084,
1,-4.661129048177716,WP1248,M1,1,0,WikiPathways,27,Oxidative phosphorylation,,-4.661129048177716,6.771741739339147,6.346818895981402,21160,58,431,8,1.8561484918793503,0.650128600457108,57423|66046|66377|67126|68197|68375|78330|407785,Atp5mf|Ndufb5|Ndufc1|Atp5f1e|Ndufc2|Ndufa8|Ndufv3|Ndufs6,-2.59055817556006,0,1,0,0,-17.019136987634962,10.414117977923084,
1,-4.5941466580422405,GO:0097250,M1,1,0,GO Biological Processes,19,mitochondrial respirasome assembly,19_GO:0009987 cellular process,-4.5941466580422405,4.655572445795664,5.692686554918464,21160,116,431,11,2.5522041763341066,0.75963520289345,54405|66046|66359|66377|66414|67184|68194|68197|68375|70544|407785,Ndufa1|Ndufb5|Cox20|Ndufc1|Ndufa12|Ndufa13|Ndufb4|Ndufc2|Ndufa8|Tmem242|Ndufs6,-2.5350809478299094,0,1,0,0,-17.019136987634962,10.414117977923084,
1,-4.427671713745278,GO:0009165,M1,1,0,GO Biological Processes,19,nucleotide biosynthetic process,19_GO:0009987 cellular process,-4.427671713745278,3.425241461177359,5.153841525622998,21160,215,431,15,3.480278422273782,0.882828590924201,11674|18102|54405|57423|66046|66377|66414|67126|67184|68194|68197|68375|69064|78330|407785,Aldoa|Nme1|Ndufa1|Atp5mf|Ndufb5|Ndufc1|Ndufa12|Atp5f1e|Ndufa13|Ndufb4|Ndufc2|Ndufa8|Fuom|Ndufv3|Ndufs6,-2.416910683107502,0,1,0,0,-17.019136987634962,10.414117977923084,
1,-4.174017441848065,GO:0033108,M1,1,0,GO Biological Processes,19,mitochondrial respiratory chain complex assembly,19_GO:0009987 cellular process,-4.174017441848065,4.5883296831970855,5.3656737155710035,21160,107,431,10,2.320185614849188,0.7251454773598325,54405|66046|66359|66377|66414|67184|68194|68197|68375|407785,Ndufa1|Ndufb5|Cox20|Ndufc1|Ndufa12|Ndufa13|Ndufb4|Ndufc2|Ndufa8|Ndufs6,-2.2269254910796663,0,1,0,0,-17.019136987634962,10.414117977923084,
1,-2.921786031729921,mmu04723,M1,1,0,KEGG Pathway,24,Retrograde endocannabinoid signaling - Mus musculus (house mouse),,-2.921786031729921,3.2088318699482885,3.9538791057105636,21160,153,431,10,2.320185614849188,0.7251454773598325,54405|66046|66377|66414|67184|68194|68197|68375|78330|407785,Ndufa1|Ndufb5|Ndufc1|Ndufa12|Ndufa13|Ndufb4|Ndufc2|Ndufa8|Ndufv3|Ndufs6,-1.3214815671861784,0,1,0,0,-17.019136987634962,10.414117977923084,
1,-2.802995501744528,GO:0007005,M1,1,0,GO Biological Processes,19,mitochondrion organization,19_GO:0009987 cellular process,-2.802995501744528,2.1493258631197407,3.488408420324422,21160,434,431,19,4.408352668213457,0.9888023804094944,12628|14630|15519|30055|52538|54405|66046|66092|66359|66377|66414|67067|67184|67811|68194|68197|68375|70544|407785,Cfh|Gclm|Hsp90aa1|Timm13|Acaa2|Ndufa1|Ndufb5|Ghitm|Cox20|Ndufc1|Ndufa12|Romo1|Ndufa13|Poldip2|Ndufb4|Ndufc2|Ndufa8|Tmem242|Ndufs6,-1.2422853989534475,0,1,0,0,-17.019136987634962,10.414117977923084,
1,-8.691199564918923,GO:0051651,M1,1,0,GO Biological Processes,19,maintenance of location in cell,19_GO:0051179 localization,-8.691199564918923,7.291355585674577,9.138671686765479,21160,101,431,15,3.480278422273782,0.882828590924201,11816|14609|14828|15183|15212|15275|18643|19164|19230|19241|20660|56334|79235|231070|433667,Apoe|Gja1|Hspa5|Hdac3|Hexb|Hk1|Pfn1|Psen1|Twf1|Tmsb4x|Sorl1|Tmed2|Lrat|Insig1|Ankrd13c,-5.845382432561031,0,2,1,1,-8.691199564918923,15.10619311083348,
1,-6.8556864441517655,GO:0045185,M1,1,0,GO Biological Processes,19,maintenance of protein location,19_GO:0051179 localization,-6.8556864441517655,6.319174840917967,7.726505337949384,21160,101,431,13,3.0162412993039442,0.8238419677523642,14118|14609|14828|15183|15275|18643|19230|19241|20660|56334|192176|231070|433667,Fbn1|Gja1|Hspa5|Hdac3|Hk1|Pfn1|Twf1|Tmsb4x|Sorl1|Tmed2|Flna|Insig1|Ankrd13c,-4.327932646756635,0,2,0,0,-8.691199564918923,15.10619311083348,
1,-6.683669923734532,GO:0051235,M1,1,0,GO Biological Processes,19,maintenance of location,19_GO:0051179 localization,-6.683669923734532,4.585808622931593,7.005478253975311,21160,182,431,17,3.9443155452436196,0.937580844964498,11816|14118|14609|14828|15183|15212|15275|18643|19164|19230|19241|20660|56334|79235|192176|231070|433667,Apoe|Fbn1|Gja1|Hspa5|Hdac3|Hexb|Hk1|Pfn1|Psen1|Twf1|Tmsb4x|Sorl1|Tmed2|Lrat|Flna|Insig1|Ankrd13c,-4.195787638377093,0,2,0,0,-8.691199564918923,15.10619311083348,
1,-6.475257349104889,GO:0032507,M1,1,0,GO Biological Processes,19,maintenance of protein location in cell,19_GO:0051179 localization,-6.475257349104889,7.20061871616396,7.7566801673408206,21160,75,431,11,2.5522041763341066,0.75963520289345,14609|14828|15183|15275|18643|19230|19241|20660|56334|231070|433667,Gja1|Hspa5|Hdac3|Hk1|Pfn1|Twf1|Tmsb4x|Sorl1|Tmed2|Insig1|Ankrd13c,-4.051044143616828,0,2,0,0,-8.691199564918923,15.10619311083348,
1,-4.491882150680756,GO:0072595,M1,1,0,GO Biological Processes,19,maintenance of protein localization in organelle,19_GO:0051179 localization,-4.491882150680756,7.637019850476927,6.426593925035404,21160,45,431,7,1.6241299303944317,0.608858036876225,14609|14828|15183|15275|56334|231070|433667,Gja1|Hspa5|Hdac3|Hk1|Tmed2|Insig1|Ankrd13c,-2.458247040232156,0,2,0,0,-8.691199564918923,15.10619311083348,
1,-3.9792467213418217,GO:0035437,M1,1,0,GO Biological Processes,19,maintenance of protein localization in endoplasmic reticulum,19_GO:0051179 localization,-3.9792467213418217,15.10619311083348,7.335912575328632,21160,13,431,4,0.9280742459396751,0.4618787990697793,14609|14828|231070|433667,Gja1|Hspa5|Insig1|Ankrd13c,-2.08184255476253,0,2,0,0,-8.691199564918923,15.10619311083348,
1,-3.0100127349286248,GO:0070972,M1,1,0,GO Biological Processes,19,protein localization to endoplasmic reticulum,19_GO:0051179 localization,-3.0100127349286248,4.463193419109892,4.389882887249071,21160,77,431,7,1.6241299303944317,0.608858036876225,14609|14828|75608|76687|231070|433667|665155,Gja1|Hspa5|Chmp4b|Spcs3|Insig1|Ankrd13c|Srp54b,-1.3863916488724524,0,2,0,0,-8.691199564918923,15.10619311083348,
1,-8.478262165173943,GO:0051129,M1,1,0,GO Biological Processes,19,negative regulation of cellular component organization,19_GO:0048519 negative regulation of biological process,-8.478262165173943,2.713483916759613,7.021719246637867,21160,778,431,43,9.976798143851509,1.4435578254153336,11816|11820|12010|12759|13010|14183|14569|14775|14828|15205|15481|16410|16423|17295|18643|19062|19164|19211|19230|19241|19261|19268|20333|20393|20660|20682|20742|20745|21937|22339|22601|24010|27360|52538|56208|66092|67199|83964|102098|107351|192176|225020|233977,Apoe|App|B2m|Clu|Cst3|Fgfr2|Gdi2|Gpx1|Hspa5|Hes1|Hspa8|Itgav|Cd47|Met|Pfn1|Inpp5k|Psen1|Pten|Twf1|Tmsb4x|Sirpa|Ptprf|Sec22b|Sgk1|Sorl1|Sox9|Sptbn1|Spock1|Tnfrsf1a|Vegfa|Yap1|Ik|Add3|Acaa2|Becn1|Ghitm|Pfdn1|Jam3|Arhgef18|Kank1|Flna|Fez2|Ppfia1,-5.665868788303,0,3,1,1,-8.478262165173943,12.273781902552207,
1,-5.468376120414949,GO:1902904,M1,1,0,GO Biological Processes,19,negative regulation of supramolecular fiber organization,19_GO:0048519 negative regulation of biological process,-5.468376120414949,4.184243830415524,6.116676889814565,21160,176,431,15,3.480278422273782,0.882828590924201,11816|12759|15481|17295|18643|19062|19230|19241|20393|20742|27360|67199|102098|107351|233977,Apoe|Clu|Hspa8|Met|Pfn1|Inpp5k|Twf1|Tmsb4x|Sgk1|Sptbn1|Add3|Pfdn1|Arhgef18|Kank1|Ppfia1,-3.174008986029932,0,3,0,0,-8.478262165173943,12.273781902552207,
1,-5.415705066356571,GO:1902903,M1,1,0,GO Biological Processes,19,regulation of supramolecular fiber organization,19_GO:0050789 regulation of biological process,-5.415705066356571,2.88794868295346,5.55248400517303,21160,408,431,24,5.568445475638051,1.1045539173174717,11816|11820|12759|14609|15481|16423|17295|18643|19062|19164|19230|19241|19303|20393|20742|27360|30948|58859|67199|102098|107351|192176|233977|277468,Apoe|App|Clu|Gja1|Hspa8|Cd47|Met|Pfn1|Inpp5k|Psen1|Twf1|Tmsb4x|Pxn|Sgk1|Sptbn1|Add3|Bin1|Efemp2|Pfdn1|Arhgef18|Kank1|Flna|Ppfia1|Slc39a12,-3.1435945650323776,0,3,0,0,-8.478262165173943,12.273781902552207,
1,-4.615314346051175,GO:0010639,M1,1,0,GO Biological Processes,19,negative regulation of organelle organization,19_GO:0048519 negative regulation of biological process,-4.615314346051175,2.801624129930395,5.0273253790260295,21160,368,431,21,4.872389791183295,1.0370165094783361,14183|14569|14775|17295|18643|19062|19230|19241|20333|20393|20742|22601|24010|27360|52538|56208|66092|102098|107351|225020|233977,Fgfr2|Gdi2|Gpx1|Met|Pfn1|Inpp5k|Twf1|Tmsb4x|Sec22b|Sgk1|Sptbn1|Yap1|Ik|Add3|Acaa2|Becn1|Ghitm|Arhgef18|Kank1|Fez2|Ppfia1,-2.5534007929660176,0,3,0,0,-8.478262165173943,12.273781902552207,
1,-4.483507232181093,GO:0031333,M1,1,0,GO Biological Processes,19,negative regulation of protein-containing complex assembly,19_GO:0048519 negative regulation of biological process,-4.483507232181093,3.891686944711674,5.360458582914704,21160,164,431,13,3.0162412993039442,0.8238419677523642,12759|14828|15481|18643|19230|19241|20393|20660|20682|20742|27360|83964|107351,Clu|Hspa5|Hspa8|Pfn1|Twf1|Tmsb4x|Sgk1|Sorl1|Sox9|Sptbn1|Add3|Jam3|Kank1,-2.458247040232156,0,3,0,0,-8.478262165173943,12.273781902552207,
1,-3.6008481470494975,GO:0043254,M1,1,0,GO Biological Processes,19,regulation of protein-containing complex assembly,19_GO:0050789 regulation of biological process,-3.6008481470494975,2.3177957240871114,4.147781388987504,21160,466,431,22,5.104408352668213,1.0601250316270292,11816|12759|14828|15205|15481|15519|17295|18643|19230|19241|20393|20660|20682|20742|22339|27360|30948|83964|107351|215449|234839|277468,Apoe|Clu|Hspa5|Hes1|Hspa8|Hsp90aa1|Met|Pfn1|Twf1|Tmsb4x|Sgk1|Sorl1|Sox9|Sptbn1|Vegfa|Add3|Bin1|Jam3|Kank1|Rap1b|Piezo1|Slc39a12,-1.8073401143389285,0,3,0,0,-8.478262165173943,12.273781902552207,
1,-3.0807778509989117,GO:0110053,M1,1,0,GO Biological Processes,19,regulation of actin filament organization,19_GO:0050789 regulation of biological process,-3.0807778509989117,2.574919280255707,3.8666557224646536,21160,286,431,15,3.480278422273782,0.882828590924201,14609|16423|17295|18643|19062|19230|19241|19303|20742|27360|30948|102098|107351|192176|233977,Gja1|Cd47|Met|Pfn1|Inpp5k|Twf1|Tmsb4x|Pxn|Sptbn1|Add3|Bin1|Arhgef18|Kank1|Flna|Ppfia1,-1.4314132603444083,0,3,0,0,-8.478262165173943,12.273781902552207,
1,-3.0202236861702745,GO:0051494,M1,1,0,GO Biological Processes,19,negative regulation of cytoskeleton organization,19_GO:0048519 negative regulation of biological process,-3.0202236861702745,3.085979449784554,3.995504202358618,21160,175,431,11,2.5522041763341066,0.75963520289345,17295|18643|19062|19230|19241|20393|20742|27360|102098|107351|233977,Met|Pfn1|Inpp5k|Twf1|Tmsb4x|Sgk1|Sptbn1|Add3|Arhgef18|Kank1|Ppfia1,-1.3941431481842892,0,3,0,0,-8.478262165173943,12.273781902552207,
1,-2.9767113771192166,GO:0032272,M1,1,0,GO Biological Processes,19,negative regulation of protein polymerization,19_GO:0048519 negative regulation of biological process,-2.9767113771192166,4.405972990659765,4.345398650266552,21160,78,431,7,1.6241299303944317,0.608858036876225,18643|19230|19241|20393|20742|27360|107351,Pfn1|Twf1|Tmsb4x|Sgk1|Sptbn1|Add3|Kank1,-1.3633821111143105,0,3,0,0,-8.478262165173943,12.273781902552207,
1,-2.9364227129361034,GO:0051493,M1,1,0,GO Biological Processes,19,regulation of cytoskeleton organization,19_GO:0050789 regulation of biological process,-2.9364227129361034,2.027267387854224,3.5427694899691846,21160,557,431,23,5.336426914153132,1.0826251064545795,14609|16423|17295|18008|18643|19062|19230|19241|19303|20393|20742|27360|30948|52004|75608|83964|102098|107351|192176|233977|235611|246710|277468,Gja1|Cd47|Met|Nes|Pfn1|Inpp5k|Twf1|Tmsb4x|Pxn|Sgk1|Sptbn1|Add3|Bin1|Cdk2ap2|Chmp4b|Jam3|Arhgef18|Kank1|Flna|Ppfia1|Plxnb1|Rhobtb2|Slc39a12,-1.3328193102101331,0,3,0,0,-8.478262165173943,12.273781902552207,
1,-2.7931769687346533,GO:0042989,M1,1,0,GO Biological Processes,19,sequestering of actin monomers,19_GO:0051179 localization,-2.7931769687346533,12.273781902552207,5.632777929527202,21160,12,431,3,0.6960556844547564,0.4004668821945242,18643|19230|19241,Pfn1|Twf1|Tmsb4x,-1.235161566306987,0,3,0,0,-8.478262165173943,12.273781902552207,
1,-2.790798075161327,GO:0030837,M1,1,0,GO Biological Processes,19,negative regulation of actin filament polymerization,19_GO:0048519 negative regulation of biological process,-2.790798075161327,4.751141381633112,4.265163288887148,21160,62,431,6,1.3921113689095128,0.564357349289637,18643|19230|19241|20742|27360|107351,Pfn1|Twf1|Tmsb4x|Sptbn1|Add3|Kank1,-1.2336772033936905,0,3,0,0,-8.478262165173943,12.273781902552207,
1,-2.771023148063965,GO:0032956,M1,1,0,GO Biological Processes,19,regulation of actin cytoskeleton organization,19_GO:0050789 regulation of biological process,-2.771023148063965,2.2496419659664415,3.501489152076512,21160,371,431,17,3.9443155452436196,0.937580844964498,14609|16423|17295|18643|19062|19230|19241|19303|20742|27360|30948|83964|102098|107351|192176|233977|246710,Gja1|Cd47|Met|Pfn1|Inpp5k|Twf1|Tmsb4x|Pxn|Sptbn1|Add3|Bin1|Jam3|Arhgef18|Kank1|Flna|Ppfia1|Rhobtb2,-1.2183474991570036,0,3,0,0,-8.478262165173943,12.273781902552207,
1,-2.3830952453647356,GO:0032271,M1,1,0,GO Biological Processes,19,regulation of protein polymerization,19_GO:0050789 regulation of biological process,-2.3830952453647356,2.559461628968232,3.282700801058792,21160,211,431,11,2.5522041763341066,0.75963520289345,15519|17295|18643|19230|19241|20393|20742|27360|30948|107351|277468,Hsp90aa1|Met|Pfn1|Twf1|Tmsb4x|Sgk1|Sptbn1|Add3|Bin1|Kank1|Slc39a12,-0.9634639382513546,0,3,0,0,-8.478262165173943,12.273781902552207,
1,-2.3388204345764696,GO:0032535,M1,1,0,GO Biological Processes,19,regulation of cellular component size,19_GO:0065007 biological regulation,-2.3388204345764696,2.0406287759744495,3.0643262284026114,21160,409,431,17,3.9443155452436196,0.937580844964498,11773|11816|11855|15516|15519|17919|18643|19211|19230|19241|20742|22339|26941|27360|30948|107351|232341,Ap2m1|Apoe|Arhgap5|Hsp90ab1|Hsp90aa1|Myo5b|Pfn1|Pten|Twf1|Tmsb4x|Sptbn1|Vegfa|Nherf1|Add3|Bin1|Kank1|Wnk1,-0.9339490587550655,0,3,0,0,-8.478262165173943,12.273781902552207,
1,-2.2659152980112465,GO:0090066,M1,1,0,GO Biological Processes,19,regulation of anatomical structure size,19_GO:0065007 biological regulation,-2.2659152980112465,1.8183380596373635,2.917078291806232,21160,594,431,22,5.104408352668213,1.0601250316270292,11553|11773|11816|11855|14609|14630|14775|15516|15519|17919|18643|19211|19224|19230|19241|20742|22339|26941|27360|30948|107351|232341,Adra2c|Ap2m1|Apoe|Arhgap5|Gja1|Gclm|Gpx1|Hsp90ab1|Hsp90aa1|Myo5b|Pfn1|Pten|Ptgs1|Twf1|Tmsb4x|Sptbn1|Vegfa|Nherf1|Add3|Bin1|Kank1|Wnk1,-0.8812964542758472,0,3,0,0,-8.478262165173943,12.273781902552207,
1,-2.2165441307198144,GO:0032970,M1,1,0,GO Biological Processes,19,regulation of actin filament-based process,19_GO:0050789 regulation of biological process,-2.2165441307198144,1.982463585210332,2.93603097481001,21160,421,431,17,3.9443155452436196,0.937580844964498,14609|16423|17295|18643|19062|19230|19241|19303|20742|27360|30948|83964|102098|107351|192176|233977|246710,Gja1|Cd47|Met|Pfn1|Inpp5k|Twf1|Tmsb4x|Pxn|Sptbn1|Add3|Bin1|Jam3|Arhgef18|Kank1|Flna|Ppfia1|Rhobtb2,-0.8466885875543457,0,3,0,0,-8.478262165173943,12.273781902552207,
1,-2.1496367701963544,GO:0030036,M1,1,0,GO Biological Processes,19,actin cytoskeleton organization,19_GO:0009987 cellular process,-2.1496367701963544,1.8353318732788342,2.8218634462722445,21160,535,431,20,4.640371229698376,1.0132579118225804,12317|14107|16691|17919|18643|19230|19241|19261|20377|20742|22027|22041|26941|67199|72333|102098|107351|192176|208846|246710,Calr|Fat1|Krt8|Myo5b|Pfn1|Twf1|Tmsb4x|Sirpa|Sfrp1|Sptbn1|Hsp90b1|Trf|Nherf1|Pfdn1|Palld|Arhgef18|Kank1|Flna|Daam1|Rhobtb2,-0.7990863822262724,0,3,0,0,-8.478262165173943,12.273781902552207,
1,-8.412071699503189,GO:0035239,M1,1,0,GO Biological Processes,19,tube morphogenesis,19_GO:0032502 developmental process,-8.412071699503189,2.6996042036304084,6.983408106776349,21160,782,431,43,9.976798143851509,1.4435578254153336,11816|12628|12822|12837|13001|14183|14368|14609|14645|14725|14734|14775|15205|15902|16410|16423|17295|18212|18643|19164|19211|19303|20351|20377|20397|20682|20733|22339|22601|54612|56208|56334|58859|66042|69683|73916|83964|98711|114249|192176|277468|320910|329941,Apoe|Cfh|Col18a1|Col8a1|Csnk2b|Fgfr2|Fzd6|Gja1|Glul|Lrp2|Gpc3|Gpx1|Hes1|Id2|Itgav|Cd47|Met|Ntrk2|Pfn1|Psen1|Pten|Pxn|Sema4a|Sfrp1|Sgpl1|Sox9|Spint2|Vegfa|Yap1|Sfrp5|Becn1|Tmed2|Efemp2|Sostdc1|Emc10|Ift57|Jam3|Rdh10|Npnt|Flna|Slc39a12|Itgb8|Col8a2,-5.615472589815478,0,4,1,1,-8.412071699503189,2.6996042036304084,
1,-4.766975946481125,GO:0048514,M1,1,0,GO Biological Processes,19,blood vessel morphogenesis,19_GO:0032502 developmental process,-4.766975946481125,2.5785256097798746,5.02267263206439,21160,476,431,25,5.800464037122969,1.1259448423830345,11816|12628|12822|12837|14183|14609|14645|14725|14775|15205|16410|16423|18212|19211|20351|20397|22339|22601|56208|58859|69683|83964|192176|320910|329941,Apoe|Cfh|Col18a1|Col8a1|Fgfr2|Gja1|Glul|Lrp2|Gpx1|Hes1|Itgav|Cd47|Ntrk2|Pten|Sema4a|Sgpl1|Vegfa|Yap1|Becn1|Efemp2|Emc10|Jam3|Flna|Itgb8|Col8a2,-2.681581297546445,0,4,0,0,-8.412071699503189,2.6996042036304084,
1,-4.4316135698951875,GO:0001568,M1,1,0,GO Biological Processes,19,blood vessel development,19_GO:0032502 developmental process,-4.4316135698951875,2.3181510507349863,4.694659313057924,21160,593,431,28,6.496519721577727,1.1871774356530376,11816|12628|12822|12837|14183|14609|14645|14725|14734|14775|15205|16410|16423|18212|19164|19211|20351|20397|22339|22601|56208|56334|58859|69683|83964|192176|320910|329941,Apoe|Cfh|Col18a1|Col8a1|Fgfr2|Gja1|Glul|Lrp2|Gpc3|Gpx1|Hes1|Itgav|Cd47|Ntrk2|Psen1|Pten|Sema4a|Sgpl1|Vegfa|Yap1|Becn1|Tmed2|Efemp2|Emc10|Jam3|Flna|Itgb8|Col8a2,-2.4183053502435317,0,4,0,0,-8.412071699503189,2.6996042036304084,
1,-3.944666698358642,GO:0001944,M1,1,0,GO Biological Processes,19,vasculature development,19_GO:0032502 developmental process,-3.944666698358642,2.171664412457894,4.315582084548214,21160,633,431,28,6.496519721577727,1.1871774356530376,11816|12628|12822|12837|14183|14609|14645|14725|14734|14775|15205|16410|16423|18212|19164|19211|20351|20397|22339|22601|56208|56334|58859|69683|83964|192176|320910|329941,Apoe|Cfh|Col18a1|Col8a1|Fgfr2|Gja1|Glul|Lrp2|Gpc3|Gpx1|Hes1|Itgav|Cd47|Ntrk2|Psen1|Pten|Sema4a|Sgpl1|Vegfa|Yap1|Becn1|Tmed2|Efemp2|Emc10|Jam3|Flna|Itgb8|Col8a2,-2.0569354145218344,0,4,0,0,-8.412071699503189,2.6996042036304084,
1,-2.5330003584029868,GO:0001525,M1,1,0,GO Biological Processes,19,angiogenesis,19_GO:0032502 developmental process,-2.5330003584029868,2.194195647383634,3.2859540027174368,21160,358,431,16,3.7122969837587005,0.9106848975099868,12628|12822|12837|14183|14645|14775|16410|16423|19211|20351|22339|56208|69683|83964|192176|329941,Cfh|Col18a1|Col8a1|Fgfr2|Glul|Gpx1|Itgav|Cd47|Pten|Sema4a|Vegfa|Becn1|Emc10|Jam3|Flna|Col8a2,-1.0511710557935858,0,4,0,0,-8.412071699503189,2.6996042036304084,
1,-8.05590099592301,GO:0043603,M1,1,0,GO Biological Processes,19,amide metabolic process,19_GO:0009987 cellular process,-8.05590099592301,3.4390306780097966,7.226820623537932,21160,414,431,29,6.728538283062645,1.2066911296265153,13039|14598|14630|14775|14859|14870|15212|15488|18550|19156|19164|20397|20442|20597|20917|22027|26384|52538|54325|56208|56375|67180|68801|71949|72621|83603|104725|235339|320910,Ctsl|Ggt1|Gclm|Gpx1|Gsta3|Gstp1|Hexb|Hsd17b4|Furin|Psap|Psen1|Sgpl1|St3gal1|Smpd1|Suclg2|Hsp90b1|Gnpda1|Acaa2|Elovl1|Becn1|B4galt4|Yipf5|Elovl5|Cers5|Pdzd11|Elovl4|Sptssa|Dlat|Itgb8,-5.356211899243355,0,5,1,1,-8.05590099592301,5.061353361877198,
1,-5.023454835584237,GO:0006665,M1,1,0,GO Biological Processes,19,sphingolipid metabolic process,19_GO:0009987 cellular process,-5.023454835584237,4.371483965292565,5.8944079651430945,21160,146,431,13,3.0162412993039442,0.8238419677523642,15212|19156|20397|20442|20597|54325|56375|60527|68801|71949|83603|104725|320910,Hexb|Psap|Sgpl1|St3gal1|Smpd1|Elovl1|B4galt4|Fads3|Elovl5|Cers5|Elovl4|Sptssa|Itgb8,-2.851579701860433,0,5,0,0,-8.05590099592301,5.061353361877198,
1,-4.5418821933598,GO:0006672,M1,1,0,GO Biological Processes,19,ceramide metabolic process,19_GO:0009987 cellular process,-4.5418821933598,5.061353361877198,5.780874739983678,21160,97,431,10,2.320185614849188,0.7251454773598325,15212|19156|20397|20442|20597|54325|56375|71949|104725|320910,Hexb|Psap|Sgpl1|St3gal1|Smpd1|Elovl1|B4galt4|Cers5|Sptssa|Itgb8,-2.488456750500162,0,5,0,0,-8.05590099592301,5.061353361877198,
1,-4.093220941019696,GO:0006790,M1,1,0,GO Biological Processes,19,sulfur compound metabolic process,19_GO:0009987 cellular process,-4.093220941019696,2.735505643970579,4.658759762742317,21160,341,431,19,4.408352668213457,0.9888023804094944,14598|14630|14775|14859|14870|15212|15488|15932|20917|52538|54325|56375|68801|72621|74340|83603|232087|235339|240725,Ggt1|Gclm|Gpx1|Gsta3|Gstp1|Hexb|Hsd17b4|Idua|Suclg2|Acaa2|Elovl1|B4galt4|Elovl5|Pdzd11|Ahcyl2|Elovl4|Mat2a|Dlat|Sulf1,-2.1657443963492926,0,5,0,0,-8.05590099592301,5.061353361877198,
1,-3.875124436790318,GO:0043604,M1,1,0,GO Biological Processes,19,amide biosynthetic process,19_GO:0009987 cellular process,-3.875124436790318,3.885225925987748,4.921047631150866,21160,139,431,11,2.5522041763341066,0.75963520289345,14598|14630|20442|20597|54325|56375|68801|71949|83603|104725|235339,Ggt1|Gclm|St3gal1|Smpd1|Elovl1|B4galt4|Elovl5|Cers5|Elovl4|Sptssa|Dlat,-2.0024351580321245,0,5,0,0,-8.05590099592301,5.061353361877198,
1,-3.8069619349590025,GO:0006643,M1,1,0,GO Biological Processes,19,membrane lipid metabolic process,19_GO:0009987 cellular process,-3.8069619349590025,3.341553188129396,4.687366151360137,21160,191,431,13,3.0162412993039442,0.8238419677523642,15212|19156|20397|20442|20597|54325|56375|60527|68801|71949|83603|104725|320910,Hexb|Psap|Sgpl1|St3gal1|Smpd1|Elovl1|B4galt4|Fads3|Elovl5|Cers5|Elovl4|Sptssa|Itgb8,-1.9523708782936051,0,5,0,0,-8.05590099592301,5.061353361877198,
1,-3.1735724905922473,GO:0030148,M1,1,0,GO Biological Processes,19,sphingolipid biosynthetic process,19_GO:0009987 cellular process,-3.1735724905922473,4.178308732783729,4.453136387963636,21160,94,431,8,1.8561484918793503,0.650128600457108,20442|20597|54325|56375|68801|71949|83603|104725,St3gal1|Smpd1|Elovl1|B4galt4|Elovl5|Cers5|Elovl4|Sptssa,-1.4971465287373018,0,5,0,0,-8.05590099592301,5.061353361877198,
1,-2.8651790216465973,GO:0046513,M1,1,0,GO Biological Processes,19,ceramide biosynthetic process,19_GO:0009987 cellular process,-2.8651790216465973,4.909512761020882,4.372744086939312,21160,60,431,6,1.3921113689095128,0.564357349289637,20442|20597|54325|56375|71949|104725,St3gal1|Smpd1|Elovl1|B4galt4|Cers5|Sptssa,-1.2879398611715482,0,5,0,0,-8.05590099592301,5.061353361877198,
1,-2.5506505990672794,GO:0044272,M1,1,0,GO Biological Processes,19,sulfur compound biosynthetic process,19_GO:0009987 cellular process,-2.5506505990672794,3.0684454756380517,3.5912639178576633,21160,144,431,9,2.0881670533642693,0.6887499414793933,14598|14630|14870|54325|56375|68801|83603|232087|235339,Ggt1|Gclm|Gstp1|Elovl1|B4galt4|Elovl5|Elovl4|Mat2a|Dlat,-1.0642894868303736,0,5,0,0,-8.05590099592301,5.061353361877198,
1,-2.321055066027313,GO:0006687,M1,1,0,GO Biological Processes,19,glycosphingolipid metabolic process,19_GO:0009987 cellular process,-2.321055066027313,4.545845149093409,3.761929974024335,21160,54,431,5,1.160092807424594,0.5157911622136253,15212|19156|20442|56375|320910,Hexb|Psap|St3gal1|B4galt4|Itgb8,-0.9242518939312238,0,5,0,0,-8.05590099592301,5.061353361877198,
1,-2.243955006352177,GO:0046467,M1,1,0,GO Biological Processes,19,membrane lipid biosynthetic process,19_GO:0009987 cellular process,-2.243955006352177,2.9754622794065946,3.282870500616101,21160,132,431,8,1.8561484918793503,0.650128600457108,20442|20597|54325|56375|68801|71949|83603|104725,St3gal1|Smpd1|Elovl1|B4galt4|Elovl5|Cers5|Elovl4|Sptssa,-0.8664638678390225,0,5,0,0,-8.05590099592301,5.061353361877198,
1,-7.897884000922808,R-MMU-114608,M1,1,0,Reactome Gene Sets,6,Platelet degranulation,,-7.897884000922808,6.403712296983758,8.378450382598732,21160,115,431,15,3.480278422273782,0.882828590924201,11674|12313|12527|12759|14456|19039|19156|19241|21859|22041|22339|27999|67988|68038|232345,Aldoa|Calm1|Cd9|Clu|Gas6|Lgals3bp|Psap|Tmsb4x|Timp3|Trf|Vegfa|Fam3c|Tmx3|Chid1|A2m,-5.2223285839598725,0,6,1,1,-7.897884000922808,6.403712296983758,
1,-7.692817295518339,R-MMU-76005,M1,1,0,Reactome Gene Sets,6,Response to elevated platelet cytosolic Ca2+,,-7.692817295518339,6.1884614634716995,8.184194020519417,21160,119,431,15,3.480278422273782,0.882828590924201,11674|12313|12527|12759|14456|19039|19156|19241|21859|22041|22339|27999|67988|68038|232345,Aldoa|Calm1|Cd9|Clu|Gas6|Lgals3bp|Psap|Tmsb4x|Timp3|Trf|Vegfa|Fam3c|Tmx3|Chid1|A2m,-5.078599452612967,0,6,0,0,-7.897884000922808,6.403712296983758,
1,-6.212487579720389,R-MMU-109582,M1,1,0,Reactome Gene Sets,6,Hemostasis,,-6.212487579720389,2.81932415979417,5.9667824651942,21160,505,431,29,6.728538283062645,1.2066911296265153,11553|11674|11931|11932|12313|12527|12759|14456|14673|16410|16423|16561|17289|17319|19039|19156|19241|19261|20720|21859|22041|22143|22339|27999|67988|68038|83964|215449|232345,Adra2c|Aldoa|Atp1b1|Atp1b2|Calm1|Cd9|Clu|Gas6|Gna12|Itgav|Cd47|Kif1b|Mertk|Mif|Lgals3bp|Psap|Tmsb4x|Sirpa|Serpine2|Timp3|Trf|Tuba1b|Vegfa|Fam3c|Tmx3|Chid1|Jam3|Rap1b|A2m,-3.819988787409535,0,6,0,0,-7.897884000922808,6.403712296983758,
1,-5.661825383166895,R-MMU-76002,M1,1,0,Reactome Gene Sets,6,"Platelet activation, signaling and aggregation",,-5.661825383166895,3.6975409915638444,6.047457323112512,21160,239,431,18,4.176334106728539,0.9635968533717362,11553|11674|12313|12527|12759|14456|14673|19039|19156|19241|21859|22041|22339|27999|67988|68038|215449|232345,Adra2c|Aldoa|Calm1|Cd9|Clu|Gas6|Gna12|Lgals3bp|Psap|Tmsb4x|Timp3|Trf|Vegfa|Fam3c|Tmx3|Chid1|Rap1b|A2m,-3.352566693380533,0,6,0,0,-7.897884000922808,6.403712296983758,
1,-7.811471860159946,GO:0042176,M1,1,0,GO Biological Processes,19,regulation of protein catabolic process,19_GO:0050789 regulation of biological process,-7.811471860159946,3.5443006563519734,7.1583972929286706,21160,374,431,27,6.2645011600928076,1.1672305863967631,11816|11820|12520|12759|13001|13010|14609|14673|14734|14775|15516|15519|18263|18550|19164|19186|20333|20660|20682|20720|21859|22041|22284|67184|72736|114128|192176,Apoe|App|Cd81|Clu|Csnk2b|Cst3|Gja1|Gna12|Gpc3|Gpx1|Hsp90ab1|Hsp90aa1|Odc1|Furin|Psen1|Psme1|Sec22b|Sorl1|Sox9|Serpine2|Timp3|Trf|Usp9x|Ndufa13|Tmx1|Laptm4b|Flna,-5.169774710457978,0,7,1,1,-7.811471860159946,3.5443006563519734,
1,-4.048869530456008,GO:0045732,M1,1,0,GO Biological Processes,19,positive regulation of protein catabolic process,19_GO:0048518 positive regulation of biological process,-4.048869530456008,3.3365620705967154,4.859308721227648,21160,206,431,14,3.2482598607888633,0.8539179445623846,11816|11820|12520|12759|14609|14734|15519|19164|20333|20660|20682|22041|67184|72736,Apoe|App|Cd81|Clu|Gja1|Gpc3|Hsp90aa1|Psen1|Sec22b|Sorl1|Sox9|Trf|Ndufa13|Tmx1,-2.135526162775269,0,7,0,0,-7.811471860159946,3.5443006563519734,
1,-2.610440932029279,GO:0061136,M1,1,0,GO Biological Processes,19,regulation of proteasomal protein catabolic process,19_GO:0050789 regulation of biological process,-2.610440932029279,2.7413523031081066,3.5407076487522353,21160,197,431,11,2.5522041763341066,0.75963520289345,11816|12759|13001|14673|14775|15516|19164|19186|22041|22284|72736,Apoe|Clu|Csnk2b|Gna12|Gpx1|Hsp90ab1|Psen1|Psme1|Trf|Usp9x|Tmx1,-1.1022826906975292,0,7,0,0,-7.811471860159946,3.5443006563519734,
1,-2.4940153450383824,GO:1903050,M1,1,0,GO Biological Processes,19,regulation of proteolysis involved in protein catabolic process,19_GO:0050789 regulation of biological process,-2.4940153450383824,2.517698851805581,3.366258417327733,21160,234,431,12,2.7842227378190256,0.7924679907141544,11816|12759|13001|14673|14775|15516|19164|19186|19211|22041|22284|72736,Apoe|Clu|Csnk2b|Gna12|Gpx1|Hsp90ab1|Psen1|Psme1|Pten|Trf|Usp9x|Tmx1,-1.0368373075293038,0,7,0,0,-7.811471860159946,3.5443006563519734,
1,-2.057617226226353,GO:0009896,M1,1,0,GO Biological Processes,19,positive regulation of catabolic process,19_GO:0048518 positive regulation of biological process,-2.057617226226353,1.7983563227182717,2.7252665342577713,21160,546,431,20,4.640371229698376,1.0132579118225804,11816|11820|12520|12759|14609|14734|15519|15932|19164|19211|20333|20660|20682|22041|22057|56208|67184|72736|75747|229096,Apoe|App|Cd81|Clu|Gja1|Gpc3|Hsp90aa1|Idua|Psen1|Pten|Sec22b|Sorl1|Sox9|Trf|Tob1|Becn1|Ndufa13|Tmx1|Sesn3|Ythdf3,-0.7318904219813029,0,7,0,0,-7.811471860159946,3.5443006563519734,
1,-7.765160102599761,R-MMU-6798695,M1,1,0,Reactome Gene Sets,6,Neutrophil degranulation,,-7.765160102599761,3.1048302045981857,6.910146709294074,21160,506,431,32,7.424593967517401,1.2628318646035614,11674|11984|12010|12654|13001|13010|13014|13030|13033|13200|14319|14569|14870|15212|15481|15516|15519|16410|16423|17319|18746|19156|19261|22139|26442|27357|56455|68197|76299|96979|108015|215449,Aldoa|Atp6v0c|B2m|Chi3l1|Csnk2b|Cst3|Cstb|Ctsb|Ctsd|Ddost|Fth1|Gdi2|Gstp1|Hexb|Hspa8|Hsp90ab1|Hsp90aa1|Itgav|Cd47|Mif|Pkm|Psap|Sirpa|Ttr|Psma5|Gyg1|Dynll1|Ndufc2|Erp44|Ptges2|Chrnb4|Rap1b,-5.134186818289567,0,8,1,1,-7.765160102599761,3.1048302045981857,
1,-7.6888881380633105,mmu04141,M1,1,0,KEGG Pathway,24,Protein processing in endoplasmic reticulum - Mus musculus (house mouse),,-7.6888881380633105,5.049784554192907,7.756994541147561,21160,175,431,18,4.176334106728539,0.9635968533717362,12317|13200|14827|14828|15481|15516|15519|20014|22027|54197|66105|66357|67838|70361|71853|81910|110379|386649,Calr|Ddost|Pdia3|Hspa5|Hspa8|Hsp90ab1|Hsp90aa1|Rpn2|Hsp90b1|Rnf5|Ube2d3|Ostc|Dnajb11|Lman1|Pdia6|Rrbp1|Sec13|Nsfl1c,-5.078599452612967,0,9,1,1,-7.6888881380633105,5.049784554192907,
1,-2.83545908611668,GO:0034976,M1,1,0,GO Biological Processes,19,response to endoplasmic reticulum stress,19_GO:0050896 response to stimulus,-2.83545908611668,2.6373415658376635,3.693889666647277,21160,242,431,13,3.0162412993039442,0.8238419677523642,12317|14827|14828|22027|27362|54197|56334|63913|68212|71853|72736|76299|93736,Calr|Pdia3|Hspa5|Hsp90b1|Dnajb9|Rnf5|Tmed2|Niban1|Tmbim4|Pdia6|Tmx1|Erp44|Aff4,-1.265643943720838,0,9,0,0,-7.6888881380633105,5.049784554192907,
1,-7.522729206598042,GO:0061024,M1,1,0,GO Biological Processes,19,membrane organization,19_GO:0009987 cellular process,-7.522729206598042,2.6254078935940544,6.526305691137312,21160,748,431,40,9.280742459396752,1.3976630024948729,11773|11816|12527|12759|14456|15183|15481|15519|18830|19156|19211|19261|20333|20597|20742|26941|30055|30948|52538|54208|56041|56208|56334|56494|57394|66092|67067|67180|67184|67511|69683|69804|73024|74754|75608|110379|114128|208263|232341|386649,Ap2m1|Apoe|Cd9|Clu|Gas6|Hdac3|Hspa8|Hsp90aa1|Pltp|Psap|Pten|Sirpa|Sec22b|Smpd1|Sptbn1|Nherf1|Timm13|Bin1|Acaa2|Arl6ip1|Uso1|Becn1|Tmed2|Gosr2|Cltrn|Ghitm|Romo1|Yipf5|Ndufa13|Tmed9|Emc10|Tmem147|Emc7|Dhcr24|Chmp4b|Sec13|Laptm4b|Tor1aip1|Wnk1|Nsfl1c,-4.941729897249686,0,10,1,1,-7.522729206598042,2.8236529794368708,
1,-6.618248639331536,GO:0010256,M1,1,0,GO Biological Processes,19,endomembrane system organization,19_GO:0009987 cellular process,-6.618248639331536,2.8236529794368708,6.184131994000991,21160,539,431,31,7.192575406032483,1.24450010429349,12527|12759|15183|19156|19211|20168|20333|20597|20720|20742|26941|29813|30948|52898|54208|56041|56334|66111|67180|67511|69470|69683|69804|70361|73024|75608|104001|114128|208263|232341|386649,Cd9|Clu|Hdac3|Psap|Pten|Rtn3|Sec22b|Smpd1|Serpine2|Sptbn1|Nherf1|Zfp385a|Bin1|Rnasek|Arl6ip1|Uso1|Tmed2|Tmed3|Yipf5|Tmed9|Tmem127|Emc10|Tmem147|Lman1|Emc7|Chmp4b|Rtn1|Laptm4b|Tor1aip1|Wnk1|Nsfl1c,-4.149249056444156,0,10,0,0,-7.522729206598042,2.8236529794368708,
1,-3.6030375744746737,GO:0016050,M1,1,0,GO Biological Processes,19,vesicle organization,19_GO:0009987 cellular process,-3.6030375744746737,2.583954084747833,4.25826973403579,21160,342,431,18,4.176334106728539,0.9635968533717362,11773|11816|11984|20333|20431|20720|29813|52898|56041|56494|57394|67180|67511|69470|75608|108664|110379|114128,Ap2m1|Apoe|Atp6v0c|Sec22b|Pmel|Serpine2|Zfp385a|Rnasek|Uso1|Gosr2|Cltrn|Yipf5|Tmed9|Tmem127|Chmp4b|Atp6v1h|Sec13|Laptm4b,-1.8079867533498235,0,10,0,0,-7.522729206598042,2.8236529794368708,
1,-7.247868685943838,GO:1902430,M1,1,0,GO Biological Processes,19,negative regulation of amyloid-beta formation,19_GO:0048519 negative regulation of biological process,-7.247868685943838,18.087678593234827,10.744696003169821,21160,19,431,7,1.6241299303944317,0.608858036876225,11816|12759|18212|20168|20660|30948|104001,Apoe|Clu|Ntrk2|Rtn3|Sorl1|Bin1|Rtn1,-4.685352782289495,0,11,1,1,-7.247868685943838,49.09512761020883,
1,-6.900012197805682,GO:1902992,M1,1,0,GO Biological Processes,19,negative regulation of amyloid precursor protein catabolic process,19_GO:0048519 negative regulation of biological process,-6.900012197805682,16.365042536736272,10.157766456666069,21160,21,431,7,1.6241299303944317,0.608858036876225,11816|12759|18212|20168|20660|30948|104001,Apoe|Clu|Ntrk2|Rtn3|Sorl1|Bin1|Rtn1,-4.363825232873689,0,11,0,0,-7.247868685943838,49.09512761020883,
1,-6.591386468657285,GO:0034249,M1,1,0,GO Biological Processes,19,negative regulation of amide metabolic process,19_GO:0048519 negative regulation of biological process,-6.591386468657285,14.94199535962877,9.646376460783072,21160,23,431,7,1.6241299303944317,0.608858036876225,11816|12759|18212|20168|20660|30948|104001,Apoe|Clu|Ntrk2|Rtn3|Sorl1|Bin1|Rtn1,-4.132959162638122,0,11,0,0,-7.247868685943838,49.09512761020883,
1,-5.434520760257963,GO:1902991,M1,1,0,GO Biological Processes,19,regulation of amyloid precursor protein catabolic process,19_GO:0050789 regulation of biological process,-5.434520760257963,8.53828306264501,7.38011496220306,21160,46,431,8,1.8561484918793503,0.650128600457108,11816|11820|12759|18212|20168|20660|30948|104001,Apoe|App|Clu|Ntrk2|Rtn3|Sorl1|Bin1|Rtn1,-3.1498050115491267,0,11,0,0,-7.247868685943838,49.09512761020883,
1,-5.076082396794999,GO:1902996,M1,1,0,GO Biological Processes,19,regulation of neurofibrillary tangle assembly,19_GO:0050789 regulation of biological process,-5.076082396794999,49.09512761020883,12.012452802163509,21160,3,431,3,0.6960556844547564,0.4004668821945242,11816|12759|20660,Apoe|Clu|Sorl1,-2.8776482345517267,0,11,0,0,-7.247868685943838,49.09512761020883,
1,-4.916065793612174,GO:1902003,M1,1,0,GO Biological Processes,19,regulation of amyloid-beta formation,19_GO:0050789 regulation of biological process,-4.916065793612174,8.81194598131953,7.040951055242277,21160,39,431,7,1.6241299303944317,0.608858036876225,11816|12759|18212|20168|20660|30948|104001,Apoe|Clu|Ntrk2|Rtn3|Sorl1|Bin1|Rtn1,-2.7862520048890804,0,11,0,0,-7.247868685943838,49.09512761020883,
1,-4.9054779168148706,GO:1905906,M1,1,0,GO Biological Processes,19,regulation of amyloid fibril formation,19_GO:0050789 regulation of biological process,-4.9054779168148706,15.342227378190255,8.275229523119414,21160,16,431,5,1.160092807424594,0.5157911622136253,11816|11820|12759|19164|67199,Apoe|App|Clu|Psen1|Pfdn1,-2.7789920714407046,0,11,0,0,-7.247868685943838,49.09512761020883,
1,-4.672901102655838,GO:0034248,M1,1,0,GO Biological Processes,19,regulation of amide metabolic process,19_GO:0050789 regulation of biological process,-4.672901102655838,5.891415313225059,6.118928753257135,21160,75,431,9,2.0881670533642693,0.6887499414793933,11816|12759|18212|18604|20168|20660|21937|30948|104001,Apoe|Clu|Ntrk2|Pdk2|Rtn3|Sorl1|Tnfrsf1a|Bin1|Rtn1,-2.5994056770208656,0,11,0,0,-7.247868685943838,49.09512761020883,
1,-3.7668058315354247,GO:0045428,M1,1,0,GO Biological Processes,19,regulation of nitric oxide biosynthetic process,19_GO:0050789 regulation of biological process,-3.7668058315354247,5.100792478982734,5.198092208281241,21160,77,431,8,1.8561484918793503,0.650128600457108,11816|11820|12759|15516|15519|16423|19261|56455,Apoe|App|Clu|Hsp90ab1|Hsp90aa1|Cd47|Sirpa|Dynll1,-1.9236263017404156,0,11,0,0,-7.247868685943838,49.09512761020883,
1,-3.6507052524588928,GO:0080164,M1,1,0,GO Biological Processes,19,regulation of nitric oxide metabolic process,19_GO:0050789 regulation of biological process,-3.6507052524588928,4.909512761020881,5.051604644404736,21160,80,431,8,1.8561484918793503,0.650128600457108,11816|11820|12759|15516|15519|16423|19261|56455,Apoe|App|Clu|Hsp90ab1|Hsp90aa1|Cd47|Sirpa|Dynll1,-1.8446986742493507,0,11,0,0,-7.247868685943838,49.09512761020883,
1,-3.0432394318330562,GO:0017038,M1,1,0,GO Biological Processes,19,protein import,19_GO:0051179 localization,-3.0432394318330562,14.728538283062647,6.26132348642668,21160,10,431,3,0.6960556844547564,0.4004668821945242,11816|12759|14725,Apoe|Clu|Lrp2,-1.4101424538930063,0,11,0,0,-7.247868685943838,49.09512761020883,
1,-2.7931769687346533,GO:1905907,M1,1,0,GO Biological Processes,19,negative regulation of amyloid fibril formation,19_GO:0048519 negative regulation of biological process,-2.7931769687346533,12.273781902552207,5.632777929527202,21160,12,431,3,0.6960556844547564,0.4004668821945242,11816|12759|67199,Apoe|Clu|Pfdn1,-1.235161566306987,0,11,0,0,-7.247868685943838,49.09512761020883,
1,-2.3560775176438393,GO:0045429,M1,1,0,GO Biological Processes,19,positive regulation of nitric oxide biosynthetic process,19_GO:0048518 positive regulation of biological process,-2.3560775176438393,4.631615812283851,3.816995137491736,21160,53,431,5,1.160092807424594,0.5157911622136253,11816|11820|12759|15516|15519,Apoe|App|Clu|Hsp90ab1|Hsp90aa1,-0.9461047512703882,0,11,0,0,-7.247868685943838,49.09512761020883,
1,-2.28683362644078,GO:1904407,M1,1,0,GO Biological Processes,19,positive regulation of nitric oxide metabolic process,19_GO:0048518 positive regulation of biological process,-2.28683362644078,4.463193419109892,3.7081939638951913,21160,55,431,5,1.160092807424594,0.5157911622136253,11816|11820|12759|15516|15519,Apoe|App|Clu|Hsp90ab1|Hsp90aa1,-0.8961660152627153,0,11,0,0,-7.247868685943838,49.09512761020883,
1,-2.2632820267539118,GO:1900221,M1,1,0,GO Biological Processes,19,regulation of amyloid-beta clearance,19_GO:0032501 multicellular organismal process,-2.2632820267539118,8.182521268368138,4.395792336708119,21160,18,431,3,0.6960556844547564,0.4004668821945242,11816|11820|12759,Apoe|App|Clu,-0.8810592965830195,0,11,0,0,-7.247868685943838,49.09512761020883,
1,-2.070713132875805,GO:0090083,M1,1,0,GO Biological Processes,19,regulation of inclusion body assembly,19_GO:0050789 regulation of biological process,-2.070713132875805,7.01358965860126,3.9755594019506684,21160,21,431,3,0.6960556844547564,0.4004668821945242,11816|12759|20660,Apoe|Clu|Sorl1,-0.7402398936062935,0,11,0,0,-7.247868685943838,49.09512761020883,
1,-6.988235815254739,R-MMU-446203,M1,1,0,Reactome Gene Sets,6,Asparagine N-linked glycosylation,,-6.988235815254739,3.9501826812811696,6.915179193262756,21160,261,431,21,4.872389791183295,1.0370165094783361,11842|12317|14827|15275|20333|20442|20742|22143|56041|56334|56375|56395|56455|56494|66111|67511|69064|70361|107895|110379|140481,Arf3|Calr|Pdia3|Hk1|Sec22b|St3gal1|Sptbn1|Tuba1b|Uso1|Tmed2|B4galt4|Tmem115|Dynll1|Gosr2|Tmed3|Tmed9|Fuom|Lman1|Mgat5|Sec13|Man2a2,-4.434674754253322,0,12,1,1,-6.988235815254739,5.950924558813189,
1,-6.267577209887602,R-MMU-948021,M1,1,0,Reactome Gene Sets,6,Transport to the Golgi and subsequent modification,,-6.267577209887602,4.540589836782318,6.742493202448823,21160,173,431,16,3.7122969837587005,0.9106848975099868,11842|20333|20742|22143|56041|56334|56375|56395|56455|56494|66111|67511|70361|107895|110379|140481,Arf3|Sec22b|Sptbn1|Tuba1b|Uso1|Tmed2|B4galt4|Tmem115|Dynll1|Gosr2|Tmed3|Tmed9|Lman1|Mgat5|Sec13|Man2a2,-3.8689181088719287,0,12,0,0,-6.988235815254739,5.950924558813189,
1,-5.05598442886951,R-MMU-199977,M1,1,0,Reactome Gene Sets,6,ER to Golgi Anterograde Transport,,-5.05598442886951,4.401632130570445,5.926573538169956,21160,145,431,13,3.0162412993039442,0.8238419677523642,11842|20333|20742|22143|56041|56334|56395|56455|56494|66111|67511|70361|110379,Arf3|Sec22b|Sptbn1|Tuba1b|Uso1|Tmed2|Tmem115|Dynll1|Gosr2|Tmed3|Tmed9|Lman1|Sec13,-2.869132139176053,0,12,0,0,-6.988235815254739,5.950924558813189,
1,-4.786373263934747,R-MMU-6807878,M1,1,0,Reactome Gene Sets,6,COPI-mediated anterograde transport,,-4.786373263934747,5.395068968154815,6.058449018377004,21160,91,431,10,2.320185614849188,0.7251454773598325,11842|20742|22143|56041|56334|56395|56455|56494|66111|67511,Arf3|Sptbn1|Tuba1b|Uso1|Tmed2|Tmem115|Dynll1|Gosr2|Tmed3|Tmed9,-2.6887441585830554,0,12,0,0,-6.988235815254739,5.950924558813189,
1,-4.778718120264541,R-MMU-5653656,M1,1,0,Reactome Gene Sets,6,Vesicle-mediated transport,,-4.778718120264541,2.4244507461831515,4.957653677364822,21160,567,431,28,6.496519721577727,1.1871774356530376,11773|11816|11842|12317|14319|14569|14609|14725|15481|16561|20333|20742|22027|22041|22143|26894|30948|56041|56334|56395|56455|56494|66111|67511|70361|75608|108148|110379,Ap2m1|Apoe|Arf3|Calr|Fth1|Gdi2|Gja1|Lrp2|Hspa8|Kif1b|Sec22b|Sptbn1|Hsp90b1|Trf|Tuba1b|Cops7a|Bin1|Uso1|Tmed2|Tmem115|Dynll1|Gosr2|Tmed3|Tmed9|Lman1|Chmp4b|Galnt2|Sec13,-2.6844756207734264,0,12,0,0,-6.988235815254739,5.950924558813189,
1,-3.971092167237058,R-MMU-199991,M1,1,0,Reactome Gene Sets,6,Membrane Trafficking,,-3.971092167237058,2.3027733400660795,4.39249687710592,21160,533,431,25,5.800464037122969,1.1259448423830345,11773|11842|14319|14569|14609|14725|15481|16561|20333|20742|22041|22143|26894|30948|56041|56334|56395|56455|56494|66111|67511|70361|75608|108148|110379,Ap2m1|Arf3|Fth1|Gdi2|Gja1|Lrp2|Hspa8|Kif1b|Sec22b|Sptbn1|Trf|Tuba1b|Cops7a|Bin1|Uso1|Tmed2|Tmem115|Dynll1|Gosr2|Tmed3|Tmed9|Lman1|Chmp4b|Galnt2|Sec13,-2.077583044541291,0,12,0,0,-6.988235815254739,5.950924558813189,
1,-3.2389887166900477,GO:0048193,M1,1,0,GO Biological Processes,19,Golgi vesicle transport,19_GO:0051179 localization,-3.2389887166900477,2.668213457076566,4.022502730540354,21160,276,431,15,3.480278422273782,0.882828590924201,11842|16668|20333|20660|20742|56041|56334|56395|56494|66111|67180|67511|68090|70361|110379,Arf3|Krt18|Sec22b|Sorl1|Sptbn1|Uso1|Tmed2|Tmem115|Gosr2|Tmed3|Yipf5|Tmed9|Yif1a|Lman1|Sec13,-1.5485500868979858,0,12,0,0,-6.988235815254739,5.950924558813189,
1,-3.2350168050419743,GO:0006888,M1,1,0,GO Biological Processes,19,endoplasmic reticulum to Golgi vesicle-mediated transport,19_GO:0051179 localization,-3.2350168050419743,3.842227378190256,4.406870639194266,21160,115,431,9,2.0881670533642693,0.6887499414793933,20333|56041|56334|66111|67180|67511|68090|70361|110379,Sec22b|Uso1|Tmed2|Tmed3|Yipf5|Tmed9|Yif1a|Lman1|Sec13,-1.5485500868979858,0,12,0,0,-6.988235815254739,5.950924558813189,
1,-3.0246017347724465,R-MMU-8856688,M1,1,0,Reactome Gene Sets,6,Golgi-to-ER retrograde transport,,-3.0246017347724465,3.5923264105030848,4.157644625576821,21160,123,431,9,2.0881670533642693,0.6887499414793933,11842|16561|20333|22143|56334|56455|66111|67511|108148,Arf3|Kif1b|Sec22b|Tuba1b|Tmed2|Dynll1|Tmed3|Tmed9|Galnt2,-1.3958190812184743,0,12,0,0,-6.988235815254739,5.950924558813189,
1,-2.588194159879699,R-MMU-6811434,M1,1,0,Reactome Gene Sets,6,COPI-dependent Golgi-to-ER retrograde traffic,,-2.588194159879699,3.77654827770837,3.8273747942164498,21160,91,431,7,1.6241299303944317,0.608858036876225,11842|16561|20333|22143|56334|66111|67511,Arf3|Kif1b|Sec22b|Tuba1b|Tmed2|Tmed3|Tmed9,-1.086617962398818,0,12,0,0,-6.988235815254739,5.950924558813189,
1,-2.52087460670831,R-MMU-204005,M1,1,0,Reactome Gene Sets,6,COPII-mediated vesicle transport,,-2.52087460670831,4.208153795160756,3.8767066426954138,21160,70,431,6,1.3921113689095128,0.564357349289637,20333|56041|56334|56494|70361|110379,Sec22b|Uso1|Tmed2|Gosr2|Lman1|Sec13,-1.0435303127907793,0,12,0,0,-6.988235815254739,5.950924558813189,
1,-2.4394844317486717,R-MMU-6811442,M1,1,0,Reactome Gene Sets,6,Intra-Golgi and retrograde Golgi-to-ER traffic,,-2.4394844317486717,2.7581532365285852,3.3965679937418236,21160,178,431,10,2.320185614849188,0.7251454773598325,11842|16561|20333|22143|56334|56455|56494|66111|67511|108148,Arf3|Kif1b|Sec22b|Tuba1b|Tmed2|Dynll1|Gosr2|Tmed3|Tmed9|Galnt2,-1.000547969439904,0,12,0,0,-6.988235815254739,5.950924558813189,
1,-2.385635889203079,GO:0007030,M1,1,0,GO Biological Processes,19,Golgi organization,19_GO:0009987 cellular process,-2.385635889203079,3.1420881670533642,3.463523343779056,21160,125,431,8,1.8561484918793503,0.650128600457108,20333|56041|56334|66111|67180|67511|70361|386649,Sec22b|Uso1|Tmed2|Tmed3|Yipf5|Tmed9|Lman1|Nsfl1c,-0.9647003934762536,0,12,0,0,-6.988235815254739,5.950924558813189,
1,-2.361245436354559,R-MMU-5694530,M1,1,0,Reactome Gene Sets,6,Cargo concentration in the ER,,-2.361245436354559,5.950924558813189,4.104132667648585,21160,33,431,4,0.9280742459396751,0.4618787990697793,20333|56334|56494|70361,Sec22b|Tmed2|Gosr2|Lman1,-0.9487179891916924,0,12,0,0,-6.988235815254739,5.950924558813189,
1,-6.960060996841044,R-MMU-1474244,M1,1,0,Reactome Gene Sets,6,Extracellular matrix organization,,-6.960060996841044,3.9351056481465085,6.893170964124655,21160,262,431,21,4.872389791183295,1.0370165094783361,12336|12822|12828|12829|12837|13030|13033|13039|14118|16410|16423|16998|18542|18550|23876|56213|58859|83964|232345|320910|329941,Capns1|Col18a1|Col4a3|Col4a4|Col8a1|Ctsb|Ctsd|Ctsl|Fbn1|Itgav|Cd47|Ltbp3|Pcolce|Furin|Fbln5|Htra1|Efemp2|Jam3|A2m|Itgb8|Col8a2,-4.415273860147133,0,13,1,1,-6.960060996841044,8.53828306264501,
1,-5.889917795702498,R-MMU-216083,M1,1,0,Reactome Gene Sets,6,Integrin cell surface interactions,,-5.889917795702498,7.11523588553751,7.336454054063731,21160,69,431,10,2.320185614849188,0.7251454773598325,12822|12828|12829|12837|14118|16410|16423|83964|320910|329941,Col18a1|Col4a3|Col4a4|Col8a1|Fbn1|Itgav|Cd47|Jam3|Itgb8|Col8a2,-3.5382552573630486,0,13,0,0,-6.960060996841044,8.53828306264501,
1,-5.813939726757476,R-MMU-1474228,M1,1,0,Reactome Gene Sets,6,Degradation of the extracellular matrix,,-5.813939726757476,5.147069830102537,6.678326356775517,21160,124,431,13,3.0162412993039442,0.8238419677523642,12336|12822|12828|12829|12837|13030|13033|13039|14118|18550|56213|232345|329941,Capns1|Col18a1|Col4a3|Col4a4|Col8a1|Ctsb|Ctsd|Ctsl|Fbn1|Furin|Htra1|A2m|Col8a2,-3.4831970791518514,0,13,0,0,-6.960060996841044,8.53828306264501,
1,-5.434520760257963,R-MMU-2022090,M1,1,0,Reactome Gene Sets,6,Assembly of collagen fibrils and other multimeric structures,,-5.434520760257963,8.53828306264501,7.38011496220306,21160,46,431,8,1.8561484918793503,0.650128600457108,12822|12828|12829|12837|13030|13039|18542|329941,Col18a1|Col4a3|Col4a4|Col8a1|Ctsb|Ctsl|Pcolce|Col8a2,-3.1498050115491267,0,13,0,0,-6.960060996841044,8.53828306264501,
1,-5.152085684894111,R-MMU-1442490,M1,1,0,Reactome Gene Sets,6,Collagen degradation,,-5.152085684894111,7.85522041763341,6.997764735543416,21160,50,431,8,1.8561484918793503,0.650128600457108,12822|12828|12829|12837|13030|13033|18550|329941,Col18a1|Col4a3|Col4a4|Col8a1|Ctsb|Ctsd|Furin|Col8a2,-2.921165768569353,0,13,0,0,-6.960060996841044,8.53828306264501,
1,-4.061122839593519,R-MMU-1474290,M1,1,0,Reactome Gene Sets,6,Collagen formation,,-4.061122839593519,5.610871726881007,5.57173944689905,21160,70,431,8,1.8561484918793503,0.650128600457108,12822|12828|12829|12837|13030|13039|18542|329941,Col18a1|Col4a3|Col4a4|Col8a1|Ctsb|Ctsl|Pcolce|Col8a2,-2.145745302002327,0,13,0,0,-6.960060996841044,8.53828306264501,
1,-3.435662504797977,mmu04974,M1,1,0,KEGG Pathway,24,Protein digestion and absorption - Mus musculus (house mouse),,-3.435662504797977,4.091260634184069,4.644060288424831,21160,108,431,9,2.0881670533642693,0.6887499414793933,11931|11932|12822|12828|12829|12837|232975|329941|100040591,Atp1b1|Atp1b2|Col18a1|Col4a3|Col4a4|Col8a1|Atp1a3|Col8a2|Kcnj13,-1.6874497013144956,0,13,0,0,-6.960060996841044,8.53828306264501,
1,-3.0236261705920033,R-MMU-1650814,M1,1,0,Reactome Gene Sets,6,Collagen biosynthesis and modifying enzymes,,-3.0236261705920033,5.260192243950946,4.60296688381379,21160,56,431,6,1.3921113689095128,0.564357349289637,12822|12828|12829|12837|18542|329941,Col18a1|Col4a3|Col4a4|Col8a1|Pcolce|Col8a2,-1.3958190812184743,0,13,0,0,-6.960060996841044,8.53828306264501,
1,-2.952809353661584,R-MMU-8948216,M1,1,0,Reactome Gene Sets,6,Collagen chain trimerization,,-2.952809353661584,6.294247129513951,4.771734853569507,21160,39,431,5,1.160092807424594,0.5157911622136253,12822|12828|12829|12837|329941,Col18a1|Col4a3|Col4a4|Col8a1|Col8a2,-1.3449852192047675,0,13,0,0,-6.960060996841044,8.53828306264501,
1,-2.022987468204505,GO:0001935,M1,1,0,GO Biological Processes,19,endothelial cell proliferation,19_GO:0009987 cellular process,-2.022987468204505,4.789768547337445,3.502393747780954,21160,41,431,4,0.9280742459396751,0.4618787990697793,12822|12837|22339|329941,Col18a1|Col8a1|Vegfa|Col8a2,-0.7071137375052821,0,13,0,0,-6.960060996841044,8.53828306264501,
1,-6.839178804322551,GO:0051604,M1,1,0,GO Biological Processes,19,protein maturation,19_GO:0009987 cellular process,-6.839178804322551,2.830710060408436,6.301976492894139,21160,555,431,32,7.424593967517401,1.2628318646035614,12010|12317|12759|13039|14227|14598|14827|14828|15481|15516|15519|18550|18655|19035|19141|19164|20660|21371|22027|66286|66411|67180|67199|67838|73046|74754|76299|76687|108148|192176|208634|272589,B2m|Calr|Clu|Ctsl|Fkbp2|Ggt1|Pdia3|Hspa5|Hspa8|Hsp90ab1|Hsp90aa1|Furin|Pgk1|Ppib|Lgmn|Psen1|Sorl1|Tbca|Hsp90b1|Sec11c|Tbcb|Yipf5|Pfdn1|Dnajb11|Glrx5|Dhcr24|Erp44|Spcs3|Galnt2|Flna|Tspan10|Tbcel,-4.31969753289341,0,14,1,1,-6.839178804322551,9.351452878135012,
1,-6.7181834193229495,GO:0006457,M1,1,0,GO Biological Processes,19,protein folding,19_GO:0009987 cellular process,-6.7181834193229495,4.611144582174308,7.0354001146012175,21160,181,431,17,3.9443155452436196,0.937580844964498,12010|12317|12759|14227|14827|14828|15481|15516|15519|19035|21371|22027|66411|67199|67838|76299|272589,B2m|Calr|Clu|Fkbp2|Pdia3|Hspa5|Hspa8|Hsp90ab1|Hsp90aa1|Ppib|Tbca|Hsp90b1|Tbcb|Pfdn1|Dnajb11|Erp44|Tbcel,-4.22261430529922,0,14,0,0,-6.839178804322551,9.351452878135012,
1,-5.813140367798065,mmu04612,M1,1,0,KEGG Pathway,24,Antigen processing and presentation - Mus musculus (house mouse),,-5.813140367798065,6.207429927727551,7.018057239680814,21160,87,431,11,2.5522041763341066,0.75963520289345,12010|12317|13030|13039|14827|14828|15481|15516|15519|19141|19186,B2m|Calr|Ctsb|Ctsl|Pdia3|Hspa5|Hspa8|Hsp90ab1|Hsp90aa1|Lgmn|Psme1,-3.4831970791518514,0,14,0,0,-6.839178804322551,9.351452878135012,
1,-3.112575679760286,GO:0042026,M1,1,0,GO Biological Processes,19,protein refolding,19_GO:0009987 cellular process,-3.112575679760286,9.351452878135012,5.521111165629518,21160,21,431,4,0.9280742459396751,0.4618787990697793,12010|14828|15481|15519,B2m|Hspa5|Hspa8|Hsp90aa1,-1.4554058434021109,0,14,0,0,-6.839178804322551,9.351452878135012,
1,-6.829474147310607,GO:0045807,M1,1,0,GO Biological Processes,19,positive regulation of endocytosis,19_GO:0051179 localization,-6.829474147310607,4.440765311476175,7.031898914089939,21160,199,431,18,4.176334106728539,0.9635968533717362,11773|11816|11820|12010|12317|12476|12759|14456|14725|14734|15481|16423|17289|19261|20597|22041|22339|30948,Ap2m1|Apoe|App|B2m|Calr|Cd151|Clu|Gas6|Lrp2|Gpc3|Hspa8|Cd47|Mertk|Sirpa|Smpd1|Trf|Vegfa|Bin1,-4.318110766103645,0,15,1,1,-6.829474147310607,4.440765311476175,
1,-4.919677940757042,GO:0098657,M1,1,0,GO Biological Processes,19,import into cell,19_GO:0051179 localization,-4.919677940757042,2.300210956847265,4.980673082597169,21160,683,431,32,7.424593967517401,1.2628318646035614,11773|11803|11816|11820|11931|11932|12313|12520|12527|14412|14456|14725|16410|16975|17289|17364|17919|18102|18174|19164|19261|20525|20660|26941|30948|52898|56208|81907|108664|232975|277468|100040591,Ap2m1|Aplp1|Apoe|App|Atp1b1|Atp1b2|Calm1|Cd81|Cd9|Slc6a13|Gas6|Lrp2|Itgav|Lrp8|Mertk|Trpm1|Myo5b|Nme1|Slc11a2|Psen1|Sirpa|Slc2a1|Sorl1|Nherf1|Bin1|Rnasek|Becn1|Tmem108|Atp6v1h|Atp1a3|Slc39a12|Kcnj13,-2.7862520048890804,0,15,0,0,-6.829474147310607,4.440765311476175,
1,-4.396667687588085,GO:0030100,M1,1,0,GO Biological Processes,19,regulation of endocytosis,19_GO:0051179 localization,-4.396667687588085,2.789495886943683,4.881843976393662,21160,352,431,20,4.640371229698376,1.0132579118225804,11773|11816|11820|12010|12317|12476|12759|14456|14725|14734|15481|16410|16423|17289|19211|19261|20597|22041|22339|30948,Ap2m1|Apoe|App|B2m|Calr|Cd151|Clu|Gas6|Lrp2|Gpc3|Hspa8|Itgav|Cd47|Mertk|Pten|Sirpa|Smpd1|Trf|Vegfa|Bin1,-2.398423214372305,0,15,0,0,-6.829474147310607,4.440765311476175,
1,-3.6256028768610875,GO:0060627,M1,1,0,GO Biological Processes,19,regulation of vesicle-mediated transport,19_GO:0051179 localization,-3.6256028768610875,2.1107777794198057,4.074632135053266,21160,628,431,27,6.2645011600928076,1.1672305863967631,11773|11816|11820|12010|12317|12476|12759|14456|14725|14734|15481|16410|16423|17289|17919|19164|19211|19261|20597|20660|22041|22339|29873|30948|56508|67180|215449,Ap2m1|Apoe|App|B2m|Calr|Cd151|Clu|Gas6|Lrp2|Gpc3|Hspa8|Itgav|Cd47|Mertk|Myo5b|Psen1|Pten|Sirpa|Smpd1|Sorl1|Trf|Vegfa|Cspg5|Bin1|Rapgef4|Yipf5|Rap1b,-1.8258905317492338,0,15,0,0,-6.829474147310607,4.440765311476175,
1,-2.8175540468463516,GO:0006897,M1,1,0,GO Biological Processes,19,endocytosis,19_GO:0051179 localization,-2.8175540468463516,2.0619953596287703,3.4652892497194134,21160,500,431,21,4.872389791183295,1.0370165094783361,11773|11803|11816|11820|12313|12520|12527|14456|14725|16410|16975|17289|17919|18102|19261|20660|30948|52898|56208|81907|108664,Ap2m1|Aplp1|Apoe|App|Calm1|Cd81|Cd9|Gas6|Lrp2|Itgav|Lrp8|Mertk|Myo5b|Nme1|Sirpa|Sorl1|Bin1|Rnasek|Becn1|Tmem108|Atp6v1h,-1.2523152848565355,0,15,0,0,-6.829474147310607,4.440765311476175,
1,-6.770802347626168,GO:0006636,M1,1,0,GO Biological Processes,19,unsaturated fatty acid biosynthetic process,19_GO:0009987 cellular process,-6.770802347626168,10.27572438353208,8.779362513016434,21160,43,431,9,2.0881670533642693,0.6887499414793933,17319|19215|19224|54325|56473|60527|68801|83603|96979,Mif|Ptgds|Ptgs1|Elovl1|Fads2|Fads3|Elovl5|Elovl4|Ptges2,-4.267407896090481,0,16,1,1,-6.770802347626168,10.520384487901891,
1,-6.16977190500222,GO:0032787,M1,1,0,GO Biological Processes,19,monocarboxylic acid metabolic process,19_GO:0009987 cellular process,-6.16977190500222,2.6404102244145915,5.852529642654892,21160,595,431,32,7.424593967517401,1.2628318646035614,11430|11674|13167|14775|14870|14979|15212|15275|15488|15932|16922|17319|18655|18746|19215|19224|20397|21937|52538|54325|54608|56473|60527|66253|68801|72621|77219|83603|96979|98711|235339|407785,Acox1|Aldoa|Dbi|Gpx1|Gstp1|Hsd17b8|Hexb|Hk1|Hsd17b4|Idua|Phyh|Mif|Pgk1|Pkm|Ptgds|Ptgs1|Sgpl1|Tnfrsf1a|Acaa2|Elovl1|Abhd2|Fads2|Fads3|Aig1|Elovl5|Pdzd11|Ptgr2|Elovl4|Ptges2|Rdh10|Dlat|Ndufs6,-3.7893376240927457,0,16,0,0,-6.770802347626168,10.520384487901891,
1,-5.745792278978842,GO:0033559,M1,1,0,GO Biological Processes,19,unsaturated fatty acid metabolic process,19_GO:0009987 cellular process,-5.745792278978842,4.707751962622763,6.482309548626922,21160,146,431,14,3.2482598607888633,0.8539179445623846,11430|14775|14870|17319|19215|19224|21937|54325|56473|60527|68801|77219|83603|96979,Acox1|Gpx1|Gstp1|Mif|Ptgds|Ptgs1|Tnfrsf1a|Elovl1|Fads2|Fads3|Elovl5|Ptgr2|Elovl4|Ptges2,-3.4211132303249854,0,16,0,0,-6.770802347626168,10.520384487901891,
1,-5.72027057077818,R-MMU-8978868,M1,1,0,Reactome Gene Sets,6,Fatty acid metabolism,,-5.72027057077818,4.383493536625787,6.348777570218919,21160,168,431,15,3.480278422273782,0.882828590924201,11430|13167|14598|14775|14979|15488|16922|19215|19224|52538|54325|56473|68801|96979|330260,Acox1|Dbi|Ggt1|Gpx1|Hsd17b8|Hsd17b4|Phyh|Ptgds|Ptgs1|Acaa2|Elovl1|Fads2|Elovl5|Ptges2|Pon2,-3.400792715810131,0,16,0,0,-6.770802347626168,10.520384487901891,
1,-5.400284085085498,GO:0044283,M1,1,0,GO Biological Processes,19,small molecule biosynthetic process,19_GO:0009987 cellular process,-5.400284085085498,2.739213128466586,5.474198856377208,21160,466,431,26,6.0324825986078885,1.1468279803913675,11674|14598|14645|14870|14979|17319|18242|18655|18746|18830|19215|19224|26384|54325|54608|55980|56473|60527|67389|68801|74754|83603|96979|98711|104725|231070,Aldoa|Ggt1|Glul|Gstp1|Hsd17b8|Mif|Oat|Pgk1|Pkm|Pltp|Ptgds|Ptgs1|Gnpda1|Elovl1|Abhd2|Impa1|Fads2|Fads3|C1qtnf12|Elovl5|Dhcr24|Elovl4|Ptges2|Rdh10|Sptssa|Insig1,-3.1342505493444155,0,16,0,0,-6.770802347626168,10.520384487901891,
1,-5.214037788219357,GO:0006631,M1,1,0,GO Biological Processes,19,fatty acid metabolic process,19_GO:0009987 cellular process,-5.214037788219357,2.8879486829534593,5.433351471895609,21160,391,431,23,5.336426914153132,1.0826251064545795,11430|13167|14775|14870|14979|15488|16922|17319|19215|19224|20397|21937|52538|54325|54608|56473|60527|66253|68801|77219|83603|96979|407785,Acox1|Dbi|Gpx1|Gstp1|Hsd17b8|Hsd17b4|Phyh|Mif|Ptgds|Ptgs1|Sgpl1|Tnfrsf1a|Acaa2|Elovl1|Abhd2|Fads2|Fads3|Aig1|Elovl5|Ptgr2|Elovl4|Ptges2|Ndufs6,-2.9711026022158737,0,16,0,0,-6.770802347626168,10.520384487901891,
1,-5.086292126472885,GO:0006633,M1,1,0,GO Biological Processes,19,fatty acid biosynthetic process,19_GO:0009987 cellular process,-5.086292126472885,4.789768547337446,6.078135364890177,21160,123,431,12,2.7842227378190256,0.7924679907141544,14870|14979|17319|19215|19224|54325|54608|56473|60527|68801|83603|96979,Gstp1|Hsd17b8|Mif|Ptgds|Ptgs1|Elovl1|Abhd2|Fads2|Fads3|Elovl5|Elovl4|Ptges2,-2.8776482345517267,0,16,0,0,-6.770802347626168,10.520384487901891,
1,-5.060654450975335,GO:0072330,M1,1,0,GO Biological Processes,19,monocarboxylic acid biosynthetic process,19_GO:0009987 cellular process,-5.060654450975335,4.115759200855829,5.82883682215612,21160,167,431,14,3.2482598607888633,0.8539179445623846,14870|14979|17319|18746|19215|19224|54325|54608|56473|60527|68801|83603|96979|98711,Gstp1|Hsd17b8|Mif|Pkm|Ptgds|Ptgs1|Elovl1|Abhd2|Fads2|Fads3|Elovl5|Elovl4|Ptges2|Rdh10,-2.869132139176053,0,16,0,0,-6.770802347626168,10.520384487901891,
1,-5.032673420903692,R-MMU-556833,M1,1,0,Reactome Gene Sets,6,Metabolism of lipids,,-5.032673420903692,2.4105627304521513,5.101697364810344,21160,611,431,30,6.960556844547564,1.2257923550124263,11430|11842|13001|13167|14598|14775|14979|15183|15212|15488|16922|19062|19156|19211|19215|19224|20397|20467|20597|27388|28250|52538|54325|56473|68801|71949|74754|96979|104725|330260,Acox1|Arf3|Csnk2b|Dbi|Ggt1|Gpx1|Hsd17b8|Hdac3|Hexb|Hsd17b4|Phyh|Inpp5k|Psap|Pten|Ptgds|Ptgs1|Sgpl1|Sin3b|Smpd1|Ptdss2|Slco1a4|Acaa2|Elovl1|Fads2|Elovl5|Cers5|Dhcr24|Ptges2|Sptssa|Pon2,-2.8546582625783588,0,16,0,0,-6.770802347626168,10.520384487901891,
1,-4.551117927747499,GO:0006693,M1,1,0,GO Biological Processes,19,prostaglandin metabolic process,19_GO:0009987 cellular process,-4.551117927747499,6.546017014694509,6.20315486596277,21160,60,431,8,1.8561484918793503,0.650128600457108,11430|14870|17319|19215|19224|21937|77219|96979,Acox1|Gstp1|Mif|Ptgds|Ptgs1|Tnfrsf1a|Ptgr2|Ptges2,-2.494881507554032,0,16,0,0,-6.770802347626168,10.520384487901891,
1,-4.497770652857838,GO:0006692,M1,1,0,GO Biological Processes,19,prostanoid metabolic process,19_GO:0009987 cellular process,-4.497770652857838,6.438705260355254,6.1337565361042286,21160,61,431,8,1.8561484918793503,0.650128600457108,11430|14870|17319|19215|19224|21937|77219|96979,Acox1|Gstp1|Mif|Ptgds|Ptgs1|Tnfrsf1a|Ptgr2|Ptges2,-2.458247040232156,0,16,0,0,-6.770802347626168,10.520384487901891,
1,-4.450854895497438,GO:0046394,M1,1,0,GO Biological Processes,19,carboxylic acid biosynthetic process,19_GO:0009987 cellular process,-4.450854895497438,3.1376585314795107,5.059008209373376,21160,266,431,17,3.9443155452436196,0.937580844964498,14598|14645|14870|14979|17319|18242|18746|19215|19224|54325|54608|56473|60527|68801|83603|96979|98711,Ggt1|Glul|Gstp1|Hsd17b8|Mif|Oat|Pkm|Ptgds|Ptgs1|Elovl1|Abhd2|Fads2|Fads3|Elovl5|Elovl4|Ptges2|Rdh10,-2.4324070361933705,0,16,0,0,-6.770802347626168,10.520384487901891,
1,-4.369395507988525,GO:0016053,M1,1,0,GO Biological Processes,19,organic acid biosynthetic process,19_GO:0009987 cellular process,-4.369395507988525,3.091174701383518,4.986548035254858,21160,270,431,17,3.9443155452436196,0.937580844964498,14598|14645|14870|14979|17319|18242|18746|19215|19224|54325|54608|56473|60527|68801|83603|96979|98711,Ggt1|Glul|Gstp1|Hsd17b8|Mif|Oat|Pkm|Ptgds|Ptgs1|Elovl1|Abhd2|Fads2|Fads3|Elovl5|Elovl4|Ptges2|Rdh10,-2.376058369267489,0,16,0,0,-6.770802347626168,10.520384487901891,
1,-3.2872632470651872,WP318,M1,1,0,WikiPathways,27,Eicosanoid synthesis,,-3.2872632470651872,10.335816338991329,5.870341483576448,21160,19,431,4,0.9280742459396751,0.4618787990697793,14598|19215|19224|96979,Ggt1|Ptgds|Ptgs1|Ptges2,-1.5850853499818383,0,16,0,0,-6.770802347626168,10.520384487901891,
1,-3.2753637839164456,GO:0008610,M1,1,0,GO Biological Processes,19,lipid biosynthetic process,19_GO:0009987 cellular process,-3.2753637839164456,2.1078408991860678,3.8276848730821724,21160,559,431,24,5.568445475638051,1.1045539173174717,14870|14979|15212|17319|19215|19224|20442|20597|27388|54325|54608|55980|56208|56375|56473|60527|68801|71949|74754|83603|96979|98711|104725|231070,Gstp1|Hsd17b8|Hexb|Mif|Ptgds|Ptgs1|St3gal1|Smpd1|Ptdss2|Elovl1|Abhd2|Impa1|Becn1|B4galt4|Fads2|Fads3|Elovl5|Cers5|Dhcr24|Elovl4|Ptges2|Rdh10|Sptssa|Insig1,-1.5756746872367913,0,16,0,0,-6.770802347626168,10.520384487901891,
1,-2.8842225568220723,GO:0001516,M1,1,0,GO Biological Processes,19,prostaglandin biosynthetic process,19_GO:0009987 cellular process,-2.8842225568220723,8.182521268368136,5.076544178576603,21160,24,431,4,0.9280742459396751,0.4618787990697793,17319|19215|19224|96979,Mif|Ptgds|Ptgs1|Ptges2,-1.3007887480590212,0,16,0,0,-6.770802347626168,10.520384487901891,
1,-2.8842225568220723,GO:0046457,M1,1,0,GO Biological Processes,19,prostanoid biosynthetic process,19_GO:0009987 cellular process,-2.8842225568220723,8.182521268368136,5.076544178576603,21160,24,431,4,0.9280742459396751,0.4618787990697793,17319|19215|19224|96979,Mif|Ptgds|Ptgs1|Ptges2,-1.3007887480590212,0,16,0,0,-6.770802347626168,10.520384487901891,
1,-2.8651790216465973,R-MMU-2142753,M1,1,0,Reactome Gene Sets,6,Arachidonate metabolism,,-2.8651790216465973,4.909512761020882,4.372744086939312,21160,60,431,6,1.3921113689095128,0.564357349289637,14598|14775|19215|19224|96979|330260,Ggt1|Gpx1|Ptgds|Ptgs1|Ptges2|Pon2,-1.2879398611715482,0,16,0,0,-6.770802347626168,10.520384487901891,
1,-2.5876499721240496,R-MMU-2162123,M1,1,0,Reactome Gene Sets,6,Synthesis of Prostaglandins (PG) and Thromboxanes (TX),,-2.5876499721240496,10.520384487901891,5.138086608586074,21160,14,431,3,0.6960556844547564,0.4004668821945242,19215|19224|96979,Ptgds|Ptgs1|Ptges2,-1.086617962398818,0,16,0,0,-6.770802347626168,10.520384487901891,
1,-2.5105319510372426,GO:0006690,M1,1,0,GO Biological Processes,19,icosanoid metabolic process,19_GO:0009987 cellular process,-2.5105319510372426,3.0264119759717767,3.542801631207786,21160,146,431,9,2.0881670533642693,0.6887499414793933,11430|14775|14870|17319|19215|19224|21937|77219|96979,Acox1|Gpx1|Gstp1|Mif|Ptgds|Ptgs1|Tnfrsf1a|Ptgr2|Ptges2,-1.039964357185712,0,16,0,0,-6.770802347626168,10.520384487901891,
1,-2.4104272738726165,WP4347,M1,1,0,WikiPathways,27,Eicosanoid metabolism via cyclooxygenases COX,,-2.4104272738726165,6.136890951276102,4.1931767591284315,21160,32,431,4,0.9280742459396751,0.4618787990697793,11430|19215|19224|77219,Acox1|Ptgds|Ptgs1|Ptgr2,-0.984896026456642,0,16,0,0,-6.770802347626168,10.520384487901891,
1,-6.614854947090443,GO:2001233,M1,1,0,GO Biological Processes,19,regulation of apoptotic signaling pathway,19_GO:0050896 response to stimulus,-6.614854947090443,3.097122536158033,6.3200733737855765,21160,428,431,27,6.2645011600928076,1.1672305863967631,11820|12759|14630|14775|14827|14870|16410|17319|18611|19125|19164|19211|20377|21672|22070|22339|22601|26941|29813|52538|56208|56449|66092|66168|67184|67991|170755,App|Clu|Gclm|Gpx1|Pdia3|Gstp1|Itgav|Mif|Pea15a|Prodh|Psen1|Pten|Sfrp1|Prdx2|Tpt1|Vegfa|Yap1|Nherf1|Zfp385a|Acaa2|Becn1|Ybx3|Ghitm|Grina|Ndufa13|Nacc2|Sgk3,-4.149249056444156,0,17,1,1,-6.614854947090443,4.720685347135463,
1,-5.950513652060739,GO:2001234,M1,1,0,GO Biological Processes,19,negative regulation of apoptotic signaling pathway,19_GO:0048519 negative regulation of biological process,-5.950513652060739,3.7016167642617757,6.221065813397519,21160,252,431,19,4.408352668213457,0.9888023804094944,12759|14630|14775|14870|16410|17319|18611|19164|21672|22070|22339|22601|29813|52538|56449|66092|66168|67184|170755,Clu|Gclm|Gpx1|Gstp1|Itgav|Mif|Pea15a|Psen1|Prdx2|Tpt1|Vegfa|Yap1|Zfp385a|Acaa2|Ybx3|Ghitm|Grina|Ndufa13|Sgk3,-3.5932472362032906,0,17,0,0,-6.614854947090443,4.720685347135463,
1,-4.279639142203923,GO:2001237,M1,1,0,GO Biological Processes,19,negative regulation of extrinsic apoptotic signaling pathway,19_GO:0048519 negative regulation of biological process,-4.279639142203923,4.720685347135463,5.484647318644856,21160,104,431,10,2.320185614849188,0.7251454773598325,14630|14775|14870|16410|18611|21672|22339|22601|66168|170755,Gclm|Gpx1|Gstp1|Itgav|Pea15a|Prdx2|Vegfa|Yap1|Grina|Sgk3,-2.307723607710492,0,17,0,0,-6.614854947090443,4.720685347135463,
1,-4.140254894331062,GO:2001236,M1,1,0,GO Biological Processes,19,regulation of extrinsic apoptotic signaling pathway,19_GO:0050896 response to stimulus,-4.140254894331062,3.605856830128331,5.019961919356594,21160,177,431,13,3.0162412993039442,0.8238419677523642,11820|14630|14775|14827|14870|16410|18611|20377|21672|22339|22601|66168|170755,App|Gclm|Gpx1|Pdia3|Gstp1|Itgav|Pea15a|Sfrp1|Prdx2|Vegfa|Yap1|Grina|Sgk3,-2.1996938107216213,0,17,0,0,-6.614854947090443,4.720685347135463,
1,-3.640021011085543,GO:0097191,M1,1,0,GO Biological Processes,19,extrinsic apoptotic signaling pathway,19_GO:0050896 response to stimulus,-3.640021011085543,3.9592844846942596,4.765549744997151,21160,124,431,10,2.320185614849188,0.7251454773598325,14183|14827|16410|16668|16691|20377|21672|21937|22601|67184,Fgfr2|Pdia3|Itgav|Krt18|Krt8|Sfrp1|Prdx2|Tnfrsf1a|Yap1|Ndufa13,-1.8371729521208309,0,17,0,0,-6.614854947090443,4.720685347135463,
1,-3.002735000075423,GO:0097190,M1,1,0,GO Biological Processes,19,apoptotic signaling pathway,19_GO:0050896 response to stimulus,-3.002735000075423,2.364354587460481,3.7274077442168863,21160,353,431,17,3.9443155452436196,0.937580844964498,12759|14183|14775|14827|16410|16668|16691|18604|19164|20377|20397|21672|21937|21981|22601|66168|67184,Clu|Fgfr2|Gpx1|Pdia3|Itgav|Krt18|Krt8|Pdk2|Psen1|Sfrp1|Sgpl1|Prdx2|Tnfrsf1a|Ppp1r13b|Yap1|Grina|Ndufa13,-1.3832599548811615,0,17,0,0,-6.614854947090443,4.720685347135463,
1,-6.548326117381575,R-MMU-8953897,M1,1,0,Reactome Gene Sets,6,Cellular responses to stimuli,,-6.548326117381575,2.8028525891647758,6.136834706425074,21160,543,431,31,7.192575406032483,1.24450010429349,11984|12313|12336|12857|12861|12864|12867|12868|14775|14828|14870|15183|15481|15516|15519|16410|17750|20467|20867|21672|22143|22601|23996|26442|56455|66105|66142|108664|109333|110323|110379,Atp6v0c|Calm1|Capns1|Cox4i1|Cox6a1|Cox6c|Cox7c|Cox8a|Gpx1|Hspa5|Gstp1|Hdac3|Hspa8|Hsp90ab1|Hsp90aa1|Itgav|Mt2|Sin3b|Stip1|Prdx2|Tuba1b|Yap1|Psmc4|Psma5|Dynll1|Ube2d3|Cox7b|Atp6v1h|Pkn2|Cox6b1|Sec13,-4.103909525805227,0,18,1,1,-6.548326117381575,14.728538283062647,
1,-6.503433379548015,R-MMU-9707564,M1,1,0,Reactome Gene Sets,6,Cytoprotection by HMOX1,,-6.503433379548015,9.60556844547564,8.425006585044983,21160,46,431,9,2.0881670533642693,0.6887499414793933,12857|12861|12864|12867|12868|15183|20467|66142|110323,Cox4i1|Cox6a1|Cox6c|Cox7c|Cox8a|Hdac3|Sin3b|Cox7b|Cox6b1,-4.065856212501972,0,18,0,0,-6.548326117381575,14.728538283062647,
1,-5.965253205095888,R-MMU-9711123,M1,1,0,Reactome Gene Sets,6,Cellular response to chemical stress,,-5.965253205095888,4.909512761020881,6.692175561151527,21160,140,431,14,3.2482598607888633,0.8539179445623846,12857|12861|12864|12867|12868|14775|14870|15183|20467|21672|23996|26442|66142|110323,Cox4i1|Cox6a1|Cox6c|Cox7c|Cox8a|Gpx1|Gstp1|Hdac3|Sin3b|Prdx2|Psmc4|Psma5|Cox7b|Cox6b1,-3.60230965634675,0,18,0,0,-6.548326117381575,14.728538283062647,
1,-5.832148986853031,R-MMU-9864848,M1,1,0,Reactome Gene Sets,6,Complex IV assembly,,-5.832148986853031,9.57953709467489,7.928958379359445,21160,41,431,8,1.8561484918793503,0.650128600457108,12857|12861|12864|12867|12868|66142|66359|110323,Cox4i1|Cox6a1|Cox6c|Cox7c|Cox8a|Cox7b|Cox20|Cox6b1,-3.486018937113543,0,18,0,0,-6.548326117381575,14.728538283062647,
1,-5.6781060225941165,GO:0006123,M1,1,0,GO Biological Processes,19,"mitochondrial electron transport, cytochrome c to oxygen",19_GO:0009987 cellular process,-5.6781060225941165,14.728538283062647,8.856942680344284,21160,20,431,6,1.3921113689095128,0.564357349289637,12857|12859|12861|12867|12868|66142,Cox4i1|Cox5b|Cox6a1|Cox7c|Cox8a|Cox7b,-3.3637678072784793,0,18,0,0,-6.548326117381575,14.728538283062647,
1,-5.078528931539322,R-MMU-5628897,M1,1,0,Reactome Gene Sets,6,TP53 Regulates Metabolic Genes,,-5.078528931539322,6.5948678879384985,6.613861399496427,21160,67,431,9,2.0881670533642693,0.6887499414793933,12857|12861|12864|12867|12868|21672|66142|75747|110323,Cox4i1|Cox6a1|Cox6c|Cox7c|Cox8a|Prdx2|Cox7b|Sesn3|Cox6b1,-2.8776482345517267,0,18,0,0,-6.548326117381575,14.728538283062647,
1,-4.706217569488127,R-MMU-2262752,M1,1,0,Reactome Gene Sets,6,Cellular responses to stress,,-4.706217569488127,2.5570378963650424,4.975555362501296,21160,480,431,25,5.800464037122969,1.1259448423830345,11984|12857|12861|12864|12867|12868|14775|14828|14870|15183|15481|15516|15519|20467|20867|21672|22143|23996|26442|56455|66105|66142|108664|110323|110379,Atp6v0c|Cox4i1|Cox6a1|Cox6c|Cox7c|Cox8a|Gpx1|Hspa5|Gstp1|Hdac3|Hspa8|Hsp90ab1|Hsp90aa1|Sin3b|Stip1|Prdx2|Tuba1b|Psmc4|Psma5|Dynll1|Ube2d3|Cox7b|Atp6v1h|Cox6b1|Sec13,-2.6268132842426346,0,18,0,0,-6.548326117381575,14.728538283062647,
1,-3.255290504089557,R-MMU-3700989,M1,1,0,Reactome Gene Sets,6,Transcriptional Regulation by TP53,,-3.255290504089557,2.6779160514659353,4.038465381429598,21160,275,431,15,3.480278422273782,0.882828590924201,12450|12857|12861|12864|12867|12868|13001|18538|20393|21672|29813|66142|66467|75747|110323,Ccng1|Cox4i1|Cox6a1|Cox6c|Cox7c|Cox8a|Csnk2b|Pcna|Sgk1|Prdx2|Zfp385a|Cox7b|Gtf2h5|Sesn3|Cox6b1,-1.5580760265377578,0,18,0,0,-6.548326117381575,14.728538283062647,
1,-2.1312077726789473,R-MMU-212436,M1,1,0,Reactome Gene Sets,6,Generic Transcription Pathway,,-2.1312077726789473,1.6773630983776993,2.7441411812899013,21160,761,431,26,6.0324825986078885,1.1468279803913675,12450|12857|12861|12864|12867|12868|13001|13039|15183|18538|18550|20393|20467|20682|21672|22284|22601|23996|26442|29813|66105|66142|66467|75747|109594|110323,Ccng1|Cox4i1|Cox6a1|Cox6c|Cox7c|Cox8a|Csnk2b|Ctsl|Hdac3|Pcna|Furin|Sgk1|Sin3b|Sox9|Prdx2|Usp9x|Yap1|Psmc4|Psma5|Zfp385a|Ube2d3|Cox7b|Gtf2h5|Sesn3|Lmo1|Cox6b1,-0.7882919912072361,0,18,0,0,-6.548326117381575,14.728538283062647,
1,-6.427818588240534,GO:0002009,M1,1,0,GO Biological Processes,19,morphogenesis of an epithelium,19_GO:0032502 developmental process,-6.427818588240534,2.7671799198481333,6.0550836263155485,21160,550,431,31,7.192575406032483,1.24450010429349,12476|13001|13039|14107|14183|14368|14609|14725|14734|15205|16011|16410|17295|18643|18844|19164|19303|20377|20682|20733|22339|22601|26941|54612|56334|66042|73916|98711|114249|192176|277468,Cd151|Csnk2b|Ctsl|Fat1|Fgfr2|Fzd6|Gja1|Lrp2|Gpc3|Hes1|Igfbp5|Itgav|Met|Pfn1|Plxna1|Psen1|Pxn|Sfrp1|Sox9|Spint2|Vegfa|Yap1|Nherf1|Sfrp5|Tmed2|Sostdc1|Ift57|Rdh10|Npnt|Flna|Slc39a12,-4.01406579984841,0,19,1,1,-6.427818588240534,4.148884023397929,
1,-4.996420084775454,GO:0048729,M1,1,0,GO Biological Processes,19,tissue morphogenesis,19_GO:0032502 developmental process,-4.996420084775454,2.3205968737469456,5.03575792953853,21160,677,431,32,7.424593967517401,1.2628318646035614,12476|13001|13039|14107|14183|14368|14609|14725|14734|15205|16011|16410|17295|18643|18844|19164|19303|20377|20682|20733|22339|22601|26941|54612|56334|58859|66042|73916|98711|114249|192176|277468,Cd151|Csnk2b|Ctsl|Fat1|Fgfr2|Fzd6|Gja1|Lrp2|Gpc3|Hes1|Igfbp5|Itgav|Met|Pfn1|Plxna1|Psen1|Pxn|Sfrp1|Sox9|Spint2|Vegfa|Yap1|Nherf1|Sfrp5|Tmed2|Efemp2|Sostdc1|Ift57|Rdh10|Npnt|Flna|Slc39a12,-2.839022774420272,0,19,0,0,-6.427818588240534,4.148884023397929,
1,-4.958236841728132,GO:0060562,M1,1,0,GO Biological Processes,19,epithelial tube morphogenesis,19_GO:0032502 developmental process,-4.958236841728132,2.8649676589511777,5.268474590864259,21160,377,431,22,5.104408352668213,1.0601250316270292,13001|14183|14368|14609|14725|14734|15205|17295|18643|19164|19303|20377|20682|20733|22339|22601|56334|66042|73916|98711|114249|277468,Csnk2b|Fgfr2|Fzd6|Gja1|Lrp2|Gpc3|Hes1|Met|Pfn1|Psen1|Pxn|Sfrp1|Sox9|Spint2|Vegfa|Yap1|Tmed2|Sostdc1|Ift57|Rdh10|Npnt|Slc39a12,-2.814850245815765,0,19,0,0,-6.427818588240534,4.148884023397929,
1,-3.727426074931526,GO:0050673,M1,1,0,GO Biological Processes,19,epithelial cell proliferation,19_GO:0009987 cellular process,-3.727426074931526,3.110098581642187,4.54692658956915,21160,221,431,14,3.2482598607888633,0.8539179445623846,12822|12837|13039|14183|14734|15902|16011|19164|20682|22339|22601|27999|73916|329941,Col18a1|Col8a1|Ctsl|Fgfr2|Gpc3|Id2|Igfbp5|Psen1|Sox9|Vegfa|Yap1|Fam3c|Ift57|Col8a2,-1.8986422818724138,0,19,0,0,-6.427818588240534,4.148884023397929,
1,-3.526496555237256,GO:0061138,M1,1,0,GO Biological Processes,19,morphogenesis of a branching epithelium,19_GO:0032502 developmental process,-3.526496555237256,3.1286110731995813,4.405084407110117,21160,204,431,13,3.0162412993039442,0.8238419677523642,14183|14734|17295|18844|19303|20377|20682|20733|22339|22601|56334|98711|114249,Fgfr2|Gpc3|Met|Plxna1|Pxn|Sfrp1|Sox9|Spint2|Vegfa|Yap1|Tmed2|Rdh10|Npnt,-1.7540311252662646,0,19,0,0,-6.427818588240534,4.148884023397929,
1,-3.3082571704608825,GO:0001763,M1,1,0,GO Biological Processes,19,morphogenesis of a branching structure,19_GO:0032502 developmental process,-3.3082571704608825,2.9685425996870447,4.183318138681199,21160,215,431,13,3.0162412993039442,0.8238419677523642,14183|14734|17295|18844|19303|20377|20682|20733|22339|22601|56334|98711|114249,Fgfr2|Gpc3|Met|Plxna1|Pxn|Sfrp1|Sox9|Spint2|Vegfa|Yap1|Tmed2|Rdh10|Npnt,-1.5972544084234503,0,19,0,0,-6.427818588240534,4.148884023397929,
1,-3.000016488340846,GO:0035148,M1,1,0,GO Biological Processes,19,tube formation,19_GO:0032502 developmental process,-3.000016488340846,3.068445475638051,3.9733177835900064,21160,176,431,11,2.5522041763341066,0.75963520289345,14183|14368|14725|18643|20377|20682|20733|22339|56334|73916|277468,Fgfr2|Fzd6|Lrp2|Pfn1|Sfrp1|Sox9|Spint2|Vegfa|Tmed2|Ift57|Slc39a12,-1.3831962612364237,0,19,0,0,-6.427818588240534,4.148884023397929,
1,-2.9207915079895277,GO:0016331,M1,1,0,GO Biological Processes,19,morphogenesis of embryonic epithelium,19_GO:0032502 developmental process,-2.9207915079895277,3.00025779840165,3.886122723601333,21160,180,431,11,2.5522041763341066,0.75963520289345,14183|14368|14725|18643|20377|20682|20733|56334|73916|98711|277468,Fgfr2|Fzd6|Lrp2|Pfn1|Sfrp1|Sox9|Spint2|Tmed2|Ift57|Rdh10|Slc39a12,-1.3214729564274363,0,19,0,0,-6.427818588240534,4.148884023397929,
1,-2.805737801890624,GO:0048598,M1,1,0,GO Biological Processes,19,embryonic morphogenesis,19_GO:0032502 developmental process,-2.805737801890624,1.8882741388541853,3.3846207392743173,21160,676,431,26,6.0324825986078885,1.1468279803913675,12837|14118|14183|14368|14609|14673|14725|14734|15205|15902|16410|18424|18643|19164|20377|20682|20733|22601|26941|56334|60613|73916|98711|231070|277468|319520,Col8a1|Fbn1|Fgfr2|Fzd6|Gja1|Gna12|Lrp2|Gpc3|Hes1|Id2|Itgav|Otx2|Pfn1|Psen1|Sfrp1|Sox9|Spint2|Yap1|Nherf1|Tmed2|Kcnq4|Ift57|Rdh10|Insig1|Slc39a12|Dusp4,-1.243221898236281,0,19,0,0,-6.427818588240534,4.148884023397929,
1,-2.755898418405895,GO:0072175,M1,1,0,GO Biological Processes,19,epithelial tube formation,19_GO:0032502 developmental process,-2.755898418405895,3.049386808087504,3.7638698370962254,21160,161,431,10,2.320185614849188,0.7251454773598325,14183|14368|14725|18643|20377|20682|20733|56334|73916|277468,Fgfr2|Fzd6|Lrp2|Pfn1|Sfrp1|Sox9|Spint2|Tmed2|Ift57|Slc39a12,-1.2067464763095337,0,19,0,0,-6.427818588240534,4.148884023397929,
1,-2.6796469665760307,GO:0048562,M1,1,0,GO Biological Processes,19,embryonic organ morphogenesis,19_GO:0032502 developmental process,-2.6796469665760307,2.270294918391159,3.4352778064272993,21160,346,431,16,3.7122969837587005,0.9106848975099868,14118|14183|14368|14609|15205|15902|18424|19164|20682|22601|26941|56334|60613|73916|98711|231070,Fbn1|Fgfr2|Fzd6|Gja1|Hes1|Id2|Otx2|Psen1|Sox9|Yap1|Nherf1|Tmed2|Kcnq4|Ift57|Rdh10|Insig1,-1.1535603285483629,0,19,0,0,-6.427818588240534,4.148884023397929,
1,-2.6323790736482775,GO:0048568,M1,1,0,GO Biological Processes,19,embryonic organ development,19_GO:0032502 developmental process,-2.6323790736482775,1.9531515504965533,3.2750215902059217,21160,553,431,22,5.104408352668213,1.0601250316270292,14118|14183|14368|14609|15205|15902|16410|16691|18008|18424|19164|20682|20733|22339|22601|26941|56334|60613|73916|98711|231070|232345,Fbn1|Fgfr2|Fzd6|Gja1|Hes1|Id2|Itgav|Krt8|Nes|Otx2|Psen1|Sox9|Spint2|Vegfa|Yap1|Nherf1|Tmed2|Kcnq4|Ift57|Rdh10|Insig1|A2m,-1.116163189646904,0,19,0,0,-6.427818588240534,4.148884023397929,
1,-2.489895283943213,GO:0003143,M1,1,0,GO Biological Processes,19,embryonic heart tube morphogenesis,19_GO:0032502 developmental process,-2.489895283943213,4.148884023397929,3.8322591953828136,21160,71,431,6,1.3921113689095128,0.564357349289637,14609|15205|19164|22601|56334|73916,Gja1|Hes1|Psen1|Yap1|Tmed2|Ift57,-1.0357188550777086,0,19,0,0,-6.427818588240534,4.148884023397929,
1,-2.3760320583398165,GO:0001838,M1,1,0,GO Biological Processes,19,embryonic epithelial tube formation,19_GO:0032502 developmental process,-2.3760320583398165,2.88794868295346,3.3794880233950173,21160,153,431,9,2.0881670533642693,0.6887499414793933,14368|14725|18643|20377|20682|20733|56334|73916|277468,Fzd6|Lrp2|Pfn1|Sfrp1|Sox9|Spint2|Tmed2|Ift57|Slc39a12,-0.9570513797854322,0,19,0,0,-6.427818588240534,4.148884023397929,
1,-2.3033563950335223,GO:0001841,M1,1,0,GO Biological Processes,19,neural tube formation,19_GO:0032502 developmental process,-2.3033563950335223,3.044659076602097,3.35878980905001,21160,129,431,8,1.8561484918793503,0.650128600457108,14368|14725|18643|20377|20733|56334|73916|277468,Fzd6|Lrp2|Pfn1|Sfrp1|Spint2|Tmed2|Ift57|Slc39a12,-0.9096325116933613,0,19,0,0,-6.427818588240534,4.148884023397929,
1,-2.1781584010991164,GO:0001843,M1,1,0,GO Biological Processes,19,neural tube closure,19_GO:0032502 developmental process,-2.1781584010991164,3.182091604365386,3.2781981737406314,21160,108,431,7,1.6241299303944317,0.608858036876225,14368|14725|18643|20377|20733|56334|73916,Fzd6|Lrp2|Pfn1|Sfrp1|Spint2|Tmed2|Ift57,-0.8214556381201434,0,19,0,0,-6.427818588240534,4.148884023397929,
1,-2.164530482789561,GO:0021915,M1,1,0,GO Biological Processes,19,neural tube development,19_GO:0032502 developmental process,-2.164530482789561,2.5176988518055805,3.070099892727477,21160,195,431,10,2.320185614849188,0.7251454773598325,14368|14725|15205|18643|19164|20377|20733|56334|73916|277468,Fzd6|Lrp2|Hes1|Pfn1|Psen1|Sfrp1|Spint2|Tmed2|Ift57|Slc39a12,-0.8100750442659411,0,19,0,0,-6.427818588240534,4.148884023397929,
1,-2.1567871750863863,GO:0060606,M1,1,0,GO Biological Processes,19,tube closure,19_GO:0032502 developmental process,-2.1567871750863863,3.1528981034079053,3.2493566866584196,21160,109,431,7,1.6241299303944317,0.608858036876225,14368|14725|18643|20377|20733|56334|73916,Fzd6|Lrp2|Pfn1|Sfrp1|Spint2|Tmed2|Ift57,-0.8045674917290209,0,19,0,0,-6.427818588240534,4.148884023397929,
1,-2.0963005234436136,GO:0003007,M1,1,0,GO Biological Processes,19,heart morphogenesis,19_GO:0032502 developmental process,-2.0963005234436136,2.1562049288267384,2.8885435088224964,21160,296,431,13,3.0162412993039442,0.8238419677523642,14183|14609|14725|15205|15902|19164|20682|22339|22601|56334|73916|192176|399558,Fgfr2|Gja1|Lrp2|Hes1|Id2|Psen1|Sox9|Vegfa|Yap1|Tmed2|Ift57|Flna|Flrt2,-0.7583392627815522,0,19,0,0,-6.427818588240534,4.148884023397929,
1,-2.0676399817612285,GO:0048754,M1,1,0,GO Biological Processes,19,branching morphogenesis of an epithelial tube,19_GO:0032502 developmental process,-2.0676399817612285,2.583954084747833,2.998760614596708,21160,171,431,9,2.0881670533642693,0.6887499414793933,14183|14734|17295|19303|20682|22339|22601|98711|114249,Fgfr2|Gpc3|Met|Pxn|Sox9|Vegfa|Yap1|Rdh10|Npnt,-0.7384873190555944,0,19,0,0,-6.427818588240534,4.148884023397929,
1,-2.034018615549085,GO:0014020,M1,1,0,GO Biological Processes,19,primary neural tube formation,19_GO:0032502 developmental process,-2.034018615549085,2.988399071925754,3.083010724726111,21160,115,431,7,1.6241299303944317,0.608858036876225,14368|14725|18643|20377|20733|56334|73916,Fzd6|Lrp2|Pfn1|Sfrp1|Spint2|Tmed2|Ift57,-0.7135054931494317,0,19,0,0,-6.427818588240534,4.148884023397929,
1,-6.417912467576335,GO:1902532,M1,1,0,GO Biological Processes,19,negative regulation of intracellular signal transduction,19_GO:0048519 negative regulation of biological process,-6.417912467576335,2.4883831802434604,5.901182269628175,21160,730,431,37,8.584686774941995,1.3493762677608265,11816|12317|12759|14775|14828|14870|15183|15481|17295|17319|19062|19211|19241|19261|20377|20597|20720|22070|23980|26558|26941|27362|29813|54612|56449|66168|67184|67603|68197|69470|71853|75747|77889|83997|107351|231070|319520,Apoe|Calr|Clu|Gpx1|Hspa5|Gstp1|Hdac3|Hspa8|Met|Mif|Inpp5k|Pten|Tmsb4x|Sirpa|Sfrp1|Smpd1|Serpine2|Tpt1|Pebp1|Homer3|Nherf1|Dnajb9|Zfp385a|Sfrp5|Ybx3|Grina|Ndufa13|Dusp6|Ndufc2|Tmem127|Pdia6|Sesn3|Lbh|Slmap|Kank1|Insig1|Dusp4,-4.0130044172836605,0,20,1,1,-6.417912467576335,2.4883831802434604,
1,-3.5366345283644396,GO:0080135,M1,1,0,GO Biological Processes,19,regulation of cellular response to stress,19_GO:0050896 response to stimulus,-3.5366345283644396,2.1982892959794995,4.0518620724477605,21160,536,431,24,5.568445475638051,1.1045539173174717,11820|12759|14828|14870|17295|17319|18538|19211|19268|22070|23876|27362|28019|29813|56334|56449|56473|66168|66911|67991|71853|72736|192176|231070,App|Clu|Hspa5|Gstp1|Met|Mif|Pcna|Pten|Ptprf|Tpt1|Fbln5|Dnajb9|Ing4|Zfp385a|Tmed2|Ybx3|Fads2|Grina|Nudt16l1|Nacc2|Pdia6|Tmx1|Flna|Insig1,-1.761224717746667,0,20,0,0,-6.417912467576335,2.4883831802434604,
1,-6.118327987234517,mmu04142,M1,1,0,KEGG Pathway,24,Lysosome - Mus musculus (house mouse),,-6.118327987234517,5.053910195168554,6.838847705583301,21160,136,431,14,3.2482598607888633,0.8539179445623846,11984|12751|13030|13033|13039|15212|15932|17775|18174|19141|19156|20597|108664|114128,Atp6v0c|Tpp1|Ctsb|Ctsd|Ctsl|Hexb|Idua|Laptm4a|Slc11a2|Lgmn|Psap|Smpd1|Atp6v1h|Laptm4b,-3.7496321095962872,0,21,1,1,-6.118327987234517,9.205336426914155,
1,-3.8572632252713546,GO:0007040,M1,1,0,GO Biological Processes,19,lysosome organization,19_GO:0009987 cellular process,-3.8572632252713546,4.651117352546099,5.142850402717452,21160,95,431,9,2.0881670533642693,0.6887499414793933,11984|12751|15212|15481|15932|18431|56208|75608|114128,Atp6v0c|Tpp1|Hexb|Hspa8|Idua|Oca2|Becn1|Chmp4b|Laptm4b,-1.9882544302515284,0,21,0,0,-6.118327987234517,9.205336426914155,
1,-3.8572632252713546,GO:0080171,M1,1,0,GO Biological Processes,19,lytic vacuole organization,19_GO:0009987 cellular process,-3.8572632252713546,4.651117352546099,5.142850402717452,21160,95,431,9,2.0881670533642693,0.6887499414793933,11984|12751|15212|15481|15932|18431|56208|75608|114128,Atp6v0c|Tpp1|Hexb|Hspa8|Idua|Oca2|Becn1|Chmp4b|Laptm4b,-1.9882544302515284,0,21,0,0,-6.118327987234517,9.205336426914155,
1,-3.5471681126058345,GO:0007033,M1,1,0,GO Biological Processes,19,vacuole organization,19_GO:0009987 cellular process,-3.5471681126058345,3.144022950407461,4.425984826833531,21160,203,431,13,3.0162412993039442,0.8238419677523642,11984|12751|13033|15212|15481|15932|18431|19164|56208|66734|75608|114128|386649,Atp6v0c|Tpp1|Ctsd|Hexb|Hspa8|Idua|Oca2|Psen1|Becn1|Map1lc3a|Chmp4b|Laptm4b|Nsfl1c,-1.7687938230243228,0,21,0,0,-6.118327987234517,9.205336426914155,
1,-2.4136875729507246,GO:0097212,M1,1,0,GO Biological Processes,19,lysosomal membrane organization,19_GO:0009987 cellular process,-2.4136875729507246,9.205336426914155,4.73434428674461,21160,16,431,3,0.6960556844547564,0.4004668821945242,15481|75608|114128,Hspa8|Chmp4b|Laptm4b,-0.9861717319125777,0,21,0,0,-6.118327987234517,9.205336426914155,
1,-5.563297043029428,R-MMU-9006934,M1,1,0,Reactome Gene Sets,6,Signaling by Receptor Tyrosine Kinases,,-5.563297043029428,2.9457076566125293,5.664882908817135,21160,400,431,24,5.568445475638051,1.1045539173174717,11773|11984|12313|12828|12829|13033|14183|15183|15519|16410|17242|18212|18550|19268|19303|20393|20733|22339|22601|67603|108664|215449|319520|399558,Ap2m1|Atp6v0c|Calm1|Col4a3|Col4a4|Ctsd|Fgfr2|Hdac3|Hsp90aa1|Itgav|Mdk|Ntrk2|Furin|Ptprf|Pxn|Sgk1|Spint2|Vegfa|Yap1|Dusp6|Atp6v1h|Rap1b|Dusp4|Flrt2,-3.264022574149667,0,22,1,1,-5.563297043029428,2.9457076566125293,
1,-2.428322425144157,mmu04151,M1,1,0,KEGG Pathway,24,PI3K-Akt signaling pathway - Mus musculus (house mouse),,-2.428322425144157,2.140387034777496,3.1777794706236566,21160,367,431,16,3.7122969837587005,0.9106848975099868,12828|12829|14183|15516|15519|16410|17295|18212|18414|19211|20393|22027|22339|109333|170755|320910,Col4a3|Col4a4|Fgfr2|Hsp90ab1|Hsp90aa1|Itgav|Met|Ntrk2|Osmr|Pten|Sgk1|Hsp90b1|Vegfa|Pkn2|Sgk3|Itgb8,-0.9933177833676996,0,22,0,0,-5.563297043029428,2.9457076566125293,
1,-5.414223852462609,R-MMU-2046104,M1,1,0,Reactome Gene Sets,6,alpha-linolenic (omega3) and linoleic (omega6) acid metabolism,,-5.414223852462609,18.882741388541852,9.299902986072384,21160,13,431,5,1.160092807424594,0.5157911622136253,11430|15488|54325|56473|68801,Acox1|Hsd17b4|Elovl1|Fads2|Elovl5,-3.1435945650323776,0,23,1,1,-5.414223852462609,21.040768975803783,
1,-5.414223852462609,R-MMU-2046106,M1,1,0,Reactome Gene Sets,6,alpha-linolenic acid (ALA) metabolism,,-5.414223852462609,18.882741388541852,9.299902986072384,21160,13,431,5,1.160092807424594,0.5157911622136253,11430|15488|54325|56473|68801,Acox1|Hsd17b4|Elovl1|Fads2|Elovl5,-3.1435945650323776,0,23,0,0,-5.414223852462609,21.040768975803783,
1,-4.445477658122231,mmu01212,M1,1,0,KEGG Pathway,24,Fatty acid metabolism - Mus musculus (house mouse),,-4.445477658122231,6.334855175510815,6.065894652099743,21160,62,431,8,1.8561484918793503,0.650128600457108,11430|14979|15488|52538|54325|56473|68801|83603,Acox1|Hsd17b8|Hsd17b4|Acaa2|Elovl1|Fads2|Elovl5|Elovl4,-2.4296072217059743,0,23,0,0,-5.414223852462609,21.040768975803783,
1,-4.242678559816105,mmu01040,M1,1,0,KEGG Pathway,24,Biosynthesis of unsaturated fatty acids - Mus musculus (house mouse),,-4.242678559816105,8.66384604886038,6.448736347536452,21160,34,431,6,1.3921113689095128,0.564357349289637,11430|15488|54325|56473|68801|83603,Acox1|Hsd17b4|Elovl1|Fads2|Elovl5|Elovl4,-2.282222647489725,0,23,0,0,-5.414223852462609,21.040768975803783,
1,-3.8401463490307166,WP4491,M1,1,0,WikiPathways,27,Elongation of very long chain fatty acids,,-3.8401463490307166,14.027179317202519,7.030679872480538,21160,14,431,4,0.9280742459396751,0.4618787990697793,54325|56473|68801|83603,Elovl1|Fads2|Elovl5|Elovl4,-1.980204573981218,0,23,0,0,-5.414223852462609,21.040768975803783,
1,-3.558533483006703,GO:0019368,M1,1,0,GO Biological Processes,19,"fatty acid elongation, unsaturated fatty acid",19_GO:0009987 cellular process,-3.558533483006703,21.040768975803783,7.646706928902789,21160,7,431,3,0.6960556844547564,0.4004668821945242,54325|68801|83603,Elovl1|Elovl5|Elovl4,-1.777174339875729,0,23,0,0,-5.414223852462609,21.040768975803783,
1,-3.558533483006703,GO:0034625,M1,1,0,GO Biological Processes,19,"fatty acid elongation, monounsaturated fatty acid",19_GO:0009987 cellular process,-3.558533483006703,21.040768975803783,7.646706928902789,21160,7,431,3,0.6960556844547564,0.4004668821945242,54325|68801|83603,Elovl1|Elovl5|Elovl4,-1.777174339875729,0,23,0,0,-5.414223852462609,21.040768975803783,
1,-3.558533483006703,GO:0034626,M1,1,0,GO Biological Processes,19,"fatty acid elongation, polyunsaturated fatty acid",19_GO:0009987 cellular process,-3.558533483006703,21.040768975803783,7.646706928902789,21160,7,431,3,0.6960556844547564,0.4004668821945242,54325|68801|83603,Elovl1|Elovl5|Elovl4,-1.777174339875729,0,23,0,0,-5.414223852462609,21.040768975803783,
1,-3.361026610206722,GO:0019367,M1,1,0,GO Biological Processes,19,"fatty acid elongation, saturated fatty acid",19_GO:0009987 cellular process,-3.361026610206722,18.41067285382831,7.102019467076637,21160,8,431,3,0.6960556844547564,0.4004668821945242,54325|68801|83603,Elovl1|Elovl5|Elovl4,-1.6423142762136371,0,23,0,0,-5.414223852462609,21.040768975803783,
1,-3.361026610206722,R-MMU-2046105,M1,1,0,Reactome Gene Sets,6,Linoleic acid (LA) metabolism,,-3.361026610206722,18.41067285382831,7.102019467076637,21160,8,431,3,0.6960556844547564,0.4004668821945242,54325|56473|68801,Elovl1|Fads2|Elovl5,-1.6423142762136371,0,23,0,0,-5.414223852462609,21.040768975803783,
1,-3.2324006028918033,GO:0000038,M1,1,0,GO Biological Processes,19,very long-chain fatty acid metabolic process,19_GO:0009987 cellular process,-3.2324006028918033,7.21987170738365,5.233705439892414,21160,34,431,5,1.160092807424594,0.5157911622136253,11430|15488|54325|68801|83603,Acox1|Hsd17b4|Elovl1|Elovl5|Elovl4,-1.5485500868979858,0,23,0,0,-5.414223852462609,21.040768975803783,
1,-3.0432394318330562,GO:0035338,M1,1,0,GO Biological Processes,19,long-chain fatty-acyl-CoA biosynthetic process,19_GO:0009987 cellular process,-3.0432394318330562,14.728538283062647,6.26132348642668,21160,10,431,3,0.6960556844547564,0.4004668821945242,54325|68801|83603,Elovl1|Elovl5|Elovl4,-1.4101424538930063,0,23,0,0,-5.414223852462609,21.040768975803783,
1,-2.7931769687346533,GO:0046949,M1,1,0,GO Biological Processes,19,fatty-acyl-CoA biosynthetic process,19_GO:0009987 cellular process,-2.7931769687346533,12.273781902552207,5.632777929527202,21160,12,431,3,0.6960556844547564,0.4004668821945242,54325|68801|83603,Elovl1|Elovl5|Elovl4,-1.235161566306987,0,23,0,0,-5.414223852462609,21.040768975803783,
1,-2.7498948513579426,GO:0035337,M1,1,0,GO Biological Processes,19,fatty-acyl-CoA metabolic process,19_GO:0009987 cellular process,-2.7498948513579426,7.55309655541674,4.821025382931659,21160,26,431,4,0.9280742459396751,0.4618787990697793,15488|54325|68801|83603,Hsd17b4|Elovl1|Elovl5|Elovl4,-1.2051077146640314,0,23,0,0,-5.414223852462609,21.040768975803783,
1,-2.685812890001228,GO:0042761,M1,1,0,GO Biological Processes,19,very long-chain fatty acid biosynthetic process,19_GO:0009987 cellular process,-2.685812890001228,11.329644833125114,5.371922164584881,21160,13,431,3,0.6960556844547564,0.4004668821945242,54325|68801|83603,Elovl1|Elovl5|Elovl4,-1.1577616205648649,0,23,0,0,-5.414223852462609,21.040768975803783,
1,-2.5876499721240496,WP4351,M1,1,0,WikiPathways,27,Omega 9 fatty acid synthesis,,-2.5876499721240496,10.520384487901891,5.138086608586074,21160,14,431,3,0.6960556844547564,0.4004668821945242,54325|56473|68801,Elovl1|Fads2|Elovl5,-1.086617962398818,0,23,0,0,-5.414223852462609,21.040768975803783,
1,-2.5697322631585617,mmu00062,M1,1,0,KEGG Pathway,24,Fatty acid elongation - Mus musculus (house mouse),,-2.5697322631585617,6.771741739339147,4.484798060225789,21160,29,431,4,0.9280742459396751,0.4618787990697793,52538|54325|68801|83603,Acaa2|Elovl1|Elovl5|Elovl4,-1.0757114376976928,0,23,0,0,-5.414223852462609,21.040768975803783,
1,-2.534838144124457,GO:0006637,M1,1,0,GO Biological Processes,19,acyl-CoA metabolic process,19_GO:0009987 cellular process,-2.534838144124457,3.695332185714642,3.7562064370409844,21160,93,431,7,1.6241299303944317,0.608858036876225,15488|20917|52538|54325|68801|83603|235339,Hsd17b4|Suclg2|Acaa2|Elovl1|Elovl5|Elovl4|Dlat,-1.0522568162502584,0,23,0,0,-5.414223852462609,21.040768975803783,
1,-2.534838144124457,GO:0035383,M1,1,0,GO Biological Processes,19,thioester metabolic process,19_GO:0009987 cellular process,-2.534838144124457,3.695332185714642,3.7562064370409844,21160,93,431,7,1.6241299303944317,0.608858036876225,15488|20917|52538|54325|68801|83603|235339,Hsd17b4|Suclg2|Acaa2|Elovl1|Elovl5|Elovl4|Dlat,-1.0522568162502584,0,23,0,0,-5.414223852462609,21.040768975803783,
1,-2.514533682309745,GO:0035384,M1,1,0,GO Biological Processes,19,thioester biosynthetic process,19_GO:0009987 cellular process,-2.514533682309745,6.546017014694509,4.383177973971001,21160,30,431,4,0.9280742459396751,0.4618787990697793,54325|68801|83603|235339,Elovl1|Elovl5|Elovl4|Dlat,-1.0408918360669166,0,23,0,0,-5.414223852462609,21.040768975803783,
1,-2.514533682309745,GO:0071616,M1,1,0,GO Biological Processes,19,acyl-CoA biosynthetic process,19_GO:0009987 cellular process,-2.514533682309745,6.546017014694509,4.383177973971001,21160,30,431,4,0.9280742459396751,0.4618787990697793,54325|68801|83603|235339,Elovl1|Elovl5|Elovl4|Dlat,-1.0408918360669166,0,23,0,0,-5.414223852462609,21.040768975803783,
1,-2.497305526267157,GO:0030497,M1,1,0,GO Biological Processes,19,fatty acid elongation,19_GO:0009987 cellular process,-2.497305526267157,9.819025522041764,4.926737380220034,21160,15,431,3,0.6960556844547564,0.4004668821945242,54325|68801|83603,Elovl1|Elovl5|Elovl4,-1.0388782202479938,0,23,0,0,-5.414223852462609,21.040768975803783,
1,-2.497305526267157,WP4350,M1,1,0,WikiPathways,27,Omega 3 omega 6 fatty acid synthesis,,-2.497305526267157,9.819025522041764,4.926737380220034,21160,15,431,3,0.6960556844547564,0.4004668821945242,11430|56473|68801,Acox1|Fads2|Elovl5,-1.0388782202479938,0,23,0,0,-5.414223852462609,21.040768975803783,
1,-2.2632820267539118,GO:0035336,M1,1,0,GO Biological Processes,19,long-chain fatty-acyl-CoA metabolic process,19_GO:0009987 cellular process,-2.2632820267539118,8.182521268368138,4.395792336708119,21160,18,431,3,0.6960556844547564,0.4004668821945242,54325|68801|83603,Elovl1|Elovl5|Elovl4,-0.8810592965830195,0,23,0,0,-5.414223852462609,21.040768975803783,
1,-5.268903929337922,R-MMU-9012999,M1,1,0,Reactome Gene Sets,6,RHO GTPase cycle,,-5.268903929337922,2.9102781830793885,5.4760871372045585,21160,388,431,23,5.336426914153132,1.0826251064545795,11855|14609|15516|15519|18844|19230|20742|20867|22143|22284|27360|53382|58909|70350|70361|71704|102098|109333|208263|208846|235611|246710|386649,Arhgap5|Gja1|Hsp90ab1|Hsp90aa1|Plxna1|Twf1|Sptbn1|Stip1|Tuba1b|Usp9x|Add3|Txnl1|Fam13a|Basp1|Lman1|Arhgef3|Arhgef18|Pkn2|Tor1aip1|Daam1|Plxnb1|Rhobtb2|Nsfl1c,-3.0207819829055422,0,24,1,1,-5.268903929337922,2.9102781830793885,
1,-4.421303310538065,R-MMU-194315,M1,1,0,Reactome Gene Sets,6,Signaling by Rho GTPases,,-4.421303310538065,2.358662714369463,4.707218054051115,21160,562,431,27,6.2645011600928076,1.1672305863967631,11855|12313|14609|15516|15519|18643|18844|19230|20742|20867|22143|22284|27360|53382|56455|58909|70350|70361|71704|102098|109333|110379|208263|208846|235611|246710|386649,Arhgap5|Calm1|Gja1|Hsp90ab1|Hsp90aa1|Pfn1|Plxna1|Twf1|Sptbn1|Stip1|Tuba1b|Usp9x|Add3|Txnl1|Dynll1|Fam13a|Basp1|Lman1|Arhgef3|Arhgef18|Pkn2|Sec13|Tor1aip1|Daam1|Plxnb1|Rhobtb2|Nsfl1c,-2.4130746164156838,0,24,0,0,-5.268903929337922,2.9102781830793885,
1,-4.226950817613409,R-MMU-9716542,M1,1,0,Reactome Gene Sets,6,"Signaling by Rho GTPases, Miro GTPases and RHOBTB3",,-4.226950817613409,2.297345659403186,4.5560271272883135,21160,577,431,27,6.2645011600928076,1.1672305863967631,11855|12313|14609|15516|15519|18643|18844|19230|20742|20867|22143|22284|27360|53382|56455|58909|70350|70361|71704|102098|109333|110379|208263|208846|235611|246710|386649,Arhgap5|Calm1|Gja1|Hsp90ab1|Hsp90aa1|Pfn1|Plxna1|Twf1|Sptbn1|Stip1|Tuba1b|Usp9x|Add3|Txnl1|Dynll1|Fam13a|Basp1|Lman1|Arhgef3|Arhgef18|Pkn2|Sec13|Tor1aip1|Daam1|Plxnb1|Rhobtb2|Nsfl1c,-2.2709954065137055,0,24,0,0,-5.268903929337922,2.9102781830793885,
1,-5.210538369463161,GO:0090287,M1,1,0,GO Biological Processes,19,regulation of cellular response to growth factor stimulus,19_GO:0050896 response to stimulus,-5.210538369463161,3.0684454756380513,5.510977870254767,21160,336,431,21,4.872389791183295,1.0370165094783361,12560|14118|14725|14734|14828|15205|15516|18550|19245|19268|20377|20660|22057|22339|50766|56213|66042|81907|114249|240725|246154,Cdh3|Fbn1|Lrp2|Gpc3|Hspa5|Hes1|Hsp90ab1|Furin|Ptp4a3|Ptprf|Sfrp1|Sorl1|Tob1|Vegfa|Crim1|Htra1|Sostdc1|Tmem108|Npnt|Sulf1|Vasn,-2.9711026022158737,0,25,1,1,-5.210538369463161,6.438705260355254,
1,-4.850348819859714,GO:0030510,M1,1,0,GO Biological Processes,19,regulation of BMP signaling pathway,19_GO:0050896 response to stimulus,-4.850348819859714,4.9545541624981375,5.968585782265232,21160,109,431,11,2.5522041763341066,0.75963520289345,14118|14725|14734|15205|20377|20660|22057|50766|56213|66042|240725,Fbn1|Lrp2|Gpc3|Hes1|Sfrp1|Sorl1|Tob1|Crim1|Htra1|Sostdc1|Sulf1,-2.7336964771945915,0,25,0,0,-5.210538369463161,6.438705260355254,
1,-4.79613422722878,GO:0090092,M1,1,0,GO Biological Processes,19,regulation of transmembrane receptor protein serine/threonine kinase signaling pathway,19_GO:0050896 response to stimulus,-4.79613422722878,3.20185614849188,5.309256037945474,21160,276,431,18,4.176334106728539,0.9635968533717362,12560|13001|14118|14725|14734|14828|15205|15516|18550|20377|20660|22057|50766|56213|66042|114249|240725|246154,Cdh3|Csnk2b|Fbn1|Lrp2|Gpc3|Hspa5|Hes1|Hsp90ab1|Furin|Sfrp1|Sorl1|Tob1|Crim1|Htra1|Sostdc1|Npnt|Sulf1|Vasn,-2.695391886452945,0,25,0,0,-5.210538369463161,6.438705260355254,
1,-4.497770652857838,GO:0030514,M1,1,0,GO Biological Processes,19,negative regulation of BMP signaling pathway,19_GO:0048519 negative regulation of biological process,-4.497770652857838,6.438705260355254,6.1337565361042286,21160,61,431,8,1.8561484918793503,0.650128600457108,14118|14725|20377|20660|22057|50766|56213|66042,Fbn1|Lrp2|Sfrp1|Sorl1|Tob1|Crim1|Htra1|Sostdc1,-2.458247040232156,0,25,0,0,-5.210538369463161,6.438705260355254,
1,-4.072115063809619,GO:0090288,M1,1,0,GO Biological Processes,19,negative regulation of cellular response to growth factor stimulus,19_GO:0048519 negative regulation of biological process,-4.072115063809619,4.463193419109892,5.251024790477925,21160,110,431,10,2.320185614849188,0.7251454773598325,14118|14725|19268|20377|20660|22057|50766|56213|66042|240725,Fbn1|Lrp2|Ptprf|Sfrp1|Sorl1|Tob1|Crim1|Htra1|Sostdc1|Sulf1,-2.154693783708441,0,25,0,0,-5.210538369463161,6.438705260355254,
1,-3.414088960175644,GO:0090101,M1,1,0,GO Biological Processes,19,negative regulation of transmembrane receptor protein serine/threonine kinase signaling pathway,19_GO:0048519 negative regulation of biological process,-3.414088960175644,3.4397860109063503,4.424436082486472,21160,157,431,11,2.5522041763341066,0.75963520289345,12560|14118|14725|14828|20377|20660|22057|50766|56213|66042|246154,Cdh3|Fbn1|Lrp2|Hspa5|Sfrp1|Sorl1|Tob1|Crim1|Htra1|Sostdc1|Vasn,-1.6741225022028952,0,25,0,0,-5.210538369463161,6.438705260355254,
1,-2.45946925168783,GO:0045668,M1,1,0,GO Biological Processes,19,negative regulation of osteoblast differentiation,19_GO:0048519 negative regulation of biological process,-2.45946925168783,4.091260634184069,3.788621362363949,21160,72,431,6,1.3921113689095128,0.564357349289637,15902|16011|20377|20682|22057|50766,Id2|Igfbp5|Sfrp1|Sox9|Tob1|Crim1,-1.0165682622238696,0,25,0,0,-5.210538369463161,6.438705260355254,
1,-2.18165395515549,GO:0045667,M1,1,0,GO Biological Processes,19,regulation of osteoblast differentiation,19_GO:0032502 developmental process,-2.18165395515549,2.6942448078773134,3.140702743965309,21160,164,431,9,2.0881670533642693,0.6887499414793933,15902|16011|20377|20682|22057|22339|22601|50766|114249,Id2|Igfbp5|Sfrp1|Sox9|Tob1|Vegfa|Yap1|Crim1|Npnt,-0.8216411085799489,0,25,0,0,-5.210538369463161,6.438705260355254,
1,-5.11478430288935,GO:0019725,M1,1,0,GO Biological Processes,19,cellular homeostasis,19_GO:0042592 homeostatic process,-5.11478430288935,2.2803747797091525,5.083663028307777,21160,732,431,34,7.888631090487239,1.2984307935647987,11674|11816|11820|11931|11932|11984|12010|14319|14456|14630|14645|14775|15212|15275|17748|17750|18174|18431|19164|20393|21672|22041|22282|26941|52898|57394|66168|78829|98396|108664|224088|232341|232975|277468,Aldoa|Apoe|App|Atp1b1|Atp1b2|Atp6v0c|B2m|Fth1|Gas6|Gclm|Glul|Gpx1|Hexb|Hk1|Mt1|Mt2|Slc11a2|Oca2|Psen1|Sgk1|Prdx2|Trf|Usf2|Nherf1|Rnasek|Cltrn|Grina|Tsc22d4|Slc41a1|Atp6v1h|Atp13a3|Wnk1|Atp1a3|Slc39a12,-2.8963330271241903,0,26,1,1,-5.11478430288935,7.141109470575827,
1,-4.924078132926409,GO:0055082,M1,1,0,GO Biological Processes,19,intracellular chemical homeostasis,19_GO:0042592 homeostatic process,-4.924078132926409,2.3794084463752254,5.02255201052374,21160,619,431,30,6.960556844547564,1.2257923550124263,11816|11820|11931|11932|11984|12010|14319|14456|14630|14645|14775|15212|15275|17748|17750|18174|18431|19164|20393|22041|22282|26941|52898|57394|66168|98396|224088|232341|232975|277468,Apoe|App|Atp1b1|Atp1b2|Atp6v0c|B2m|Fth1|Gas6|Gclm|Glul|Gpx1|Hexb|Hk1|Mt1|Mt2|Slc11a2|Oca2|Psen1|Sgk1|Trf|Usf2|Nherf1|Rnasek|Cltrn|Grina|Slc41a1|Atp13a3|Wnk1|Atp1a3|Slc39a12,-2.7862520048890804,0,26,0,0,-5.11478430288935,7.141109470575827,
1,-4.835071664837467,mmu04978,M1,1,0,KEGG Pathway,24,Mineral absorption - Mus musculus (house mouse),,-4.835071664837467,7.141109470575827,6.575556809720963,21160,55,431,8,1.8561484918793503,0.650128600457108,11931|11932|14319|17748|17750|18174|22041|232975,Atp1b1|Atp1b2|Fth1|Mt1|Mt2|Slc11a2|Trf|Atp1a3,-2.721648292302543,0,26,0,0,-5.11478430288935,7.141109470575827,
1,-4.092889717146809,GO:0034220,M1,1,0,GO Biological Processes,19,monoatomic ion transmembrane transport,19_GO:0051179 localization,-4.092889717146809,2.05601422733108,4.356252783361356,21160,788,431,33,7.65661252900232,1.2808037802964627,11931|11932|11984|14412|14456|14609|16410|17364|18174|18431|18674|19164|20516|21452|52898|57423|57776|60613|66092|66445|67067|67126|98396|108015|108664|192176|209195|224088|232341|232975|234839|277468|100040591,Atp1b1|Atp1b2|Atp6v0c|Slc6a13|Gas6|Gja1|Itgav|Trpm1|Slc11a2|Oca2|Slc25a3|Psen1|Slc20a2|Tcn2|Rnasek|Atp5mf|Ttyh1|Kcnq4|Ghitm|Cyc1|Romo1|Atp5f1e|Slc41a1|Chrnb4|Atp6v1h|Flna|Clic6|Atp13a3|Wnk1|Atp1a3|Piezo1|Slc39a12|Kcnj13,-2.1657443963492926,0,26,0,0,-5.11478430288935,7.141109470575827,
1,-3.989710657330356,GO:0006812,M1,1,0,GO Biological Processes,19,monoatomic cation transport,19_GO:0051179 localization,-3.989710657330356,2.030249638016154,4.2779009851364975,21160,798,431,33,7.65661252900232,1.2808037802964627,11931|11932|11984|12010|14319|14412|14456|14725|16410|17364|18174|18674|19164|20516|21452|22041|26941|52898|57423|60613|66092|66445|67067|67126|98396|108664|192176|224088|232341|232975|234839|277468|100040591,Atp1b1|Atp1b2|Atp6v0c|B2m|Fth1|Slc6a13|Gas6|Lrp2|Itgav|Trpm1|Slc11a2|Slc25a3|Psen1|Slc20a2|Tcn2|Trf|Nherf1|Rnasek|Atp5mf|Kcnq4|Ghitm|Cyc1|Romo1|Atp5f1e|Slc41a1|Atp6v1h|Flna|Atp13a3|Wnk1|Atp1a3|Piezo1|Slc39a12|Kcnj13,-2.0844100099050307,0,26,0,0,-5.11478430288935,7.141109470575827,
1,-3.842322067271048,GO:0098655,M1,1,0,GO Biological Processes,19,monoatomic cation transmembrane transport,19_GO:0051179 localization,-3.842322067271048,2.1412205188253064,4.234153529899363,21160,642,431,28,6.496519721577727,1.1871774356530376,11931|11932|11984|14412|14456|16410|17364|18174|18674|19164|20516|21452|52898|57423|60613|66092|66445|67067|67126|98396|108664|192176|224088|232341|232975|234839|277468|100040591,Atp1b1|Atp1b2|Atp6v0c|Slc6a13|Gas6|Itgav|Trpm1|Slc11a2|Slc25a3|Psen1|Slc20a2|Tcn2|Rnasek|Atp5mf|Kcnq4|Ghitm|Cyc1|Romo1|Atp5f1e|Slc41a1|Atp6v1h|Flna|Atp13a3|Wnk1|Atp1a3|Piezo1|Slc39a12|Kcnj13,-1.980204573981218,0,26,0,0,-5.11478430288935,7.141109470575827,
1,-3.7659829019888016,GO:1902600,M1,1,0,GO Biological Processes,19,proton transmembrane transport,19_GO:0051179 localization,-3.7659829019888016,3.7765482777083705,4.803799962773433,21160,143,431,11,2.5522041763341066,0.75963520289345,11931|11984|18174|18674|52898|57423|66092|66445|67126|108664|232975,Atp1b1|Atp6v0c|Slc11a2|Slc25a3|Rnasek|Atp5mf|Ghitm|Cyc1|Atp5f1e|Atp6v1h|Atp1a3,-1.9236263017404156,0,26,0,0,-5.11478430288935,7.141109470575827,
1,-3.6922704767477863,GO:0006873,M1,1,0,GO Biological Processes,19,intracellular monoatomic ion homeostasis,19_GO:0042592 homeostatic process,-3.6922704767477863,2.3531433712954115,4.22621437668031,21160,459,431,22,5.104408352668213,1.0601250316270292,11816|11820|11931|11932|11984|12010|14319|15212|17748|17750|18174|18431|19164|20393|22041|52898|66168|98396|224088|232341|232975|277468,Apoe|App|Atp1b1|Atp1b2|Atp6v0c|B2m|Fth1|Hexb|Mt1|Mt2|Slc11a2|Oca2|Psen1|Sgk1|Trf|Rnasek|Grina|Slc41a1|Atp13a3|Wnk1|Atp1a3|Slc39a12,-1.8760230966200808,0,26,0,0,-5.11478430288935,7.141109470575827,
1,-3.421868327747191,GO:0030003,M1,1,0,GO Biological Processes,19,intracellular monoatomic cation homeostasis,19_GO:0042592 homeostatic process,-3.421868327747191,2.3013341067285387,4.014337008715043,21160,448,431,21,4.872389791183295,1.0370165094783361,11816|11820|11931|11932|11984|12010|14319|15212|17748|17750|18174|18431|19164|20393|22041|52898|66168|98396|224088|232975|277468,Apoe|App|Atp1b1|Atp1b2|Atp6v0c|B2m|Fth1|Hexb|Mt1|Mt2|Slc11a2|Oca2|Psen1|Sgk1|Trf|Rnasek|Grina|Slc41a1|Atp13a3|Atp1a3|Slc39a12,-1.677798269335665,0,26,0,0,-5.11478430288935,7.141109470575827,
1,-3.3866198072252653,GO:0050801,M1,1,0,GO Biological Processes,19,monoatomic ion homeostasis,19_GO:0042592 homeostatic process,-3.3866198072252653,2.1462350867850852,3.923804559004567,21160,549,431,24,5.568445475638051,1.1045539173174717,11816|11820|11931|11932|11984|12010|14319|15212|17748|17750|18174|18431|18604|19164|20393|22041|52840|52898|66168|98396|224088|232341|232975|277468,Apoe|App|Atp1b1|Atp1b2|Atp6v0c|B2m|Fth1|Hexb|Mt1|Mt2|Slc11a2|Oca2|Pdk2|Psen1|Sgk1|Trf|Dbndd2|Rnasek|Grina|Slc41a1|Atp13a3|Wnk1|Atp1a3|Slc39a12,-1.6537125077654766,0,26,0,0,-5.11478430288935,7.141109470575827,
1,-3.1586568454474357,GO:0055080,M1,1,0,GO Biological Processes,19,monoatomic cation homeostasis,19_GO:0042592 homeostatic process,-3.1586568454474357,2.1066939086470198,3.742143979171908,21160,536,431,23,5.336426914153132,1.0826251064545795,11816|11820|11931|11932|11984|12010|14319|15212|17748|17750|18174|18431|18604|19164|20393|22041|52898|66168|98396|224088|232341|232975|277468,Apoe|App|Atp1b1|Atp1b2|Atp6v0c|B2m|Fth1|Hexb|Mt1|Mt2|Slc11a2|Oca2|Pdk2|Psen1|Sgk1|Trf|Rnasek|Grina|Slc41a1|Atp13a3|Wnk1|Atp1a3|Slc39a12,-1.4866085362261934,0,26,0,0,-5.11478430288935,7.141109470575827,
1,-2.980370903305813,GO:0098660,M1,1,0,GO Biological Processes,19,inorganic ion transmembrane transport,19_GO:0051179 localization,-2.980370903305813,1.888274138854185,3.516853654533726,21160,728,431,28,6.496519721577727,1.1871774356530376,11931|11932|11984|14412|14456|16410|17364|18174|18431|18674|19164|20516|21452|52898|57423|57776|60613|66092|66445|67126|98396|108664|192176|209195|232341|232975|277468|100040591,Atp1b1|Atp1b2|Atp6v0c|Slc6a13|Gas6|Itgav|Trpm1|Slc11a2|Oca2|Slc25a3|Psen1|Slc20a2|Tcn2|Rnasek|Atp5mf|Ttyh1|Kcnq4|Ghitm|Cyc1|Atp5f1e|Slc41a1|Atp6v1h|Flna|Clic6|Wnk1|Atp1a3|Slc39a12|Kcnj13,-1.3650026923261946,0,26,0,0,-5.11478430288935,7.141109470575827,
1,-2.883680411085082,GO:0098662,M1,1,0,GO Biological Processes,19,inorganic cation transmembrane transport,19_GO:0051179 localization,-2.883680411085082,1.9420540985050954,3.46703392749732,21160,632,431,25,5.800464037122969,1.1259448423830345,11931|11932|11984|14412|14456|16410|17364|18174|18674|19164|20516|21452|52898|57423|60613|66092|66445|67126|98396|108664|192176|232341|232975|277468|100040591,Atp1b1|Atp1b2|Atp6v0c|Slc6a13|Gas6|Itgav|Trpm1|Slc11a2|Slc25a3|Psen1|Slc20a2|Tcn2|Rnasek|Atp5mf|Kcnq4|Ghitm|Cyc1|Atp5f1e|Slc41a1|Atp6v1h|Flna|Wnk1|Atp1a3|Slc39a12|Kcnj13,-1.3007887480590212,0,26,0,0,-5.11478430288935,7.141109470575827,
1,-2.470347258436918,GO:0098771,M1,1,0,GO Biological Processes,19,inorganic ion homeostasis,19_GO:0042592 homeostatic process,-2.470347258436918,2.006037472245091,3.1630419151056595,21160,465,431,19,4.408352668213457,0.9888023804094944,11816|11820|11931|11932|12010|14319|15212|17748|17750|18174|19164|20393|22041|26941|66168|98396|224088|232341|232975,Apoe|App|Atp1b1|Atp1b2|B2m|Fth1|Hexb|Mt1|Mt2|Slc11a2|Psen1|Sgk1|Trf|Nherf1|Grina|Slc41a1|Atp13a3|Wnk1|Atp1a3,-1.018280766427106,0,26,0,0,-5.11478430288935,7.141109470575827,
1,-2.0247679318443277,GO:0030001,M1,1,0,GO Biological Processes,19,metal ion transport,19_GO:0051179 localization,-2.0247679318443277,1.7057219562459254,2.660136414227568,21160,662,431,23,5.336426914153132,1.0826251064545795,11931|11932|12010|14319|14412|14456|14725|16410|17364|18174|19164|20516|21452|22041|26941|60613|66092|98396|192176|232341|232975|277468|100040591,Atp1b1|Atp1b2|B2m|Fth1|Slc6a13|Gas6|Lrp2|Itgav|Trpm1|Slc11a2|Psen1|Slc20a2|Tcn2|Trf|Nherf1|Kcnq4|Ghitm|Slc41a1|Flna|Wnk1|Atp1a3|Slc39a12|Kcnj13,-0.7071137375052821,0,26,0,0,-5.11478430288935,7.141109470575827,
1,-5.1010708867278725,GO:0030198,M1,1,0,GO Biological Processes,19,extracellular matrix organization,19_GO:0009987 cellular process,-5.1010708867278725,3.2389146687290538,5.516311485057176,21160,288,431,19,4.408352668213457,0.9888023804094944,11803|11820|12822|12828|12829|12837|14456|15932|20682|20733|23876|57764|58859|74199|114249|229595|240725|329941|399558,Aplp1|App|Col18a1|Col4a3|Col4a4|Col8a1|Gas6|Idua|Sox9|Spint2|Fbln5|Ntn4|Efemp2|Vit|Npnt|Adamtsl4|Sulf1|Col8a2|Flrt2,-2.886697523383152,0,27,1,1,-5.1010708867278725,7.013589658601259,
1,-5.079615841148277,GO:0045229,M1,1,0,GO Biological Processes,19,external encapsulating structure organization,19_GO:0009987 cellular process,-5.079615841148277,3.2277073515362193,5.49835097959209,21160,289,431,19,4.408352668213457,0.9888023804094944,11803|11820|12822|12828|12829|12837|14456|15932|20682|20733|23876|57764|58859|74199|114249|229595|240725|329941|399558,Aplp1|App|Col18a1|Col4a3|Col4a4|Col8a1|Gas6|Idua|Sox9|Spint2|Fbln5|Ntn4|Efemp2|Vit|Npnt|Adamtsl4|Sulf1|Col8a2|Flrt2,-2.8776482345517267,0,27,0,0,-5.1010708867278725,7.013589658601259,
1,-5.058265881124909,GO:0043062,M1,1,0,GO Biological Processes,19,extracellular structure organization,19_GO:0009987 cellular process,-5.058265881124909,3.2165773261860946,5.480468544664537,21160,290,431,19,4.408352668213457,0.9888023804094944,11803|11820|12822|12828|12829|12837|14456|15932|20682|20733|23876|57764|58859|74199|114249|229595|240725|329941|399558,Aplp1|App|Col18a1|Col4a3|Col4a4|Col8a1|Gas6|Idua|Sox9|Spint2|Fbln5|Ntn4|Efemp2|Vit|Npnt|Adamtsl4|Sulf1|Col8a2|Flrt2,-2.869132139176053,0,27,0,0,-5.1010708867278725,7.013589658601259,
1,-3.172701945700237,GO:0085029,M1,1,0,GO Biological Processes,19,extracellular matrix assembly,19_GO:0009987 cellular process,-3.172701945700237,7.013589658601259,5.134125522107124,21160,35,431,5,1.160092807424594,0.5157911622136253,14456|20682|23876|57764|58859,Gas6|Sox9|Fbln5|Ntn4|Efemp2,-1.4971465287373018,0,27,0,0,-5.1010708867278725,7.013589658601259,
1,-5.030229541862127,GO:0051222,M1,1,0,GO Biological Processes,19,positive regulation of protein transport,19_GO:0051179 localization,-5.030229541862127,3.0877438748559003,5.409014068353281,21160,318,431,20,4.640371229698376,1.0132579118225804,11816|11820|12520|14456|14607|14609|14645|14725|15183|15516|15519|19164|20660|21937|56455|56508|66259|67389|192176|245049,Apoe|App|Cd81|Gas6|Gip|Gja1|Glul|Lrp2|Hdac3|Hsp90ab1|Hsp90aa1|Psen1|Sorl1|Tnfrsf1a|Dynll1|Rapgef4|Camk2n1|C1qtnf12|Flna|Myrip,-2.8546582625783588,0,28,1,1,-5.030229541862127,5.455014178912092,
1,-4.495287807648744,GO:1904951,M1,1,0,GO Biological Processes,19,positive regulation of establishment of protein localization,19_GO:0051179 localization,-4.495287807648744,2.749327146171694,4.928431034049328,21160,375,431,21,4.872389791183295,1.0370165094783361,11816|11820|12520|14456|14607|14609|14645|14725|15183|15516|15519|19164|19245|20660|21937|56455|56508|66259|67389|192176|245049,Apoe|App|Cd81|Gas6|Gip|Gja1|Glul|Lrp2|Hdac3|Hsp90ab1|Hsp90aa1|Psen1|Ptp4a3|Sorl1|Tnfrsf1a|Dynll1|Rapgef4|Camk2n1|C1qtnf12|Flna|Myrip,-2.458247040232156,0,28,0,0,-5.030229541862127,5.455014178912092,
1,-3.6884164734910234,GO:1903829,M1,1,0,GO Biological Processes,19,positive regulation of protein localization,19_GO:0051179 localization,-3.6884164734910234,2.2075147306748564,4.160553311745817,21160,556,431,25,5.800464037122969,1.1259448423830345,11816|11820|12520|14456|14607|14609|14645|14725|15183|15516|15519|17919|19164|19245|20660|20742|21937|22339|22601|56455|56508|66259|67389|192176|245049,Apoe|App|Cd81|Gas6|Gip|Gja1|Glul|Lrp2|Hdac3|Hsp90ab1|Hsp90aa1|Myo5b|Psen1|Ptp4a3|Sorl1|Sptbn1|Tnfrsf1a|Vegfa|Yap1|Dynll1|Rapgef4|Camk2n1|C1qtnf12|Flna|Myrip,-1.8760230966200808,0,28,0,0,-5.030229541862127,5.455014178912092,
1,-3.5496574123258426,GO:0070201,M1,1,0,GO Biological Processes,19,regulation of establishment of protein localization,19_GO:0051179 localization,-3.5496574123258426,2.0875093629537607,4.012132924708355,21160,635,431,27,6.2645011600928076,1.1672305863967631,11816|11820|12520|13033|14118|14456|14607|14609|14645|14725|15183|15516|15519|15932|19062|19164|19245|20377|20660|21937|56455|56508|66259|67389|192176|231070|245049,Apoe|App|Cd81|Ctsd|Fbn1|Gas6|Gip|Gja1|Glul|Lrp2|Hdac3|Hsp90ab1|Hsp90aa1|Idua|Inpp5k|Psen1|Ptp4a3|Sfrp1|Sorl1|Tnfrsf1a|Dynll1|Rapgef4|Camk2n1|C1qtnf12|Flna|Insig1|Myrip,-1.7697932602818198,0,28,0,0,-5.030229541862127,5.455014178912092,
1,-3.375335064380495,GO:0051223,M1,1,0,GO Biological Processes,19,regulation of protein transport,19_GO:0051179 localization,-3.375335064380495,2.142332841172749,3.9141011080422703,21160,550,431,24,5.568445475638051,1.1045539173174717,11816|11820|12520|14118|14456|14607|14609|14645|14725|15183|15516|15519|15932|19164|20377|20660|21937|56455|56508|66259|67389|192176|231070|245049,Apoe|App|Cd81|Fbn1|Gas6|Gip|Gja1|Glul|Lrp2|Hdac3|Hsp90ab1|Hsp90aa1|Idua|Psen1|Sfrp1|Sorl1|Tnfrsf1a|Dynll1|Rapgef4|Camk2n1|C1qtnf12|Flna|Insig1|Myrip,-1.6500918632284525,0,28,0,0,-5.030229541862127,5.455014178912092,
1,-3.290673022895321,GO:0090316,M1,1,0,GO Biological Processes,19,positive regulation of intracellular protein transport,19_GO:0051179 localization,-3.290673022895321,3.910231402583004,4.47268870182363,21160,113,431,9,2.0881670533642693,0.6887499414793933,12520|14456|15183|15516|15519|19164|20660|21937|192176,Cd81|Gas6|Hdac3|Hsp90ab1|Hsp90aa1|Psen1|Sorl1|Tnfrsf1a|Flna,-1.5850853499818383,0,28,0,0,-5.030229541862127,5.455014178912092,
1,-3.1081850300702873,GO:0042307,M1,1,0,GO Biological Processes,19,positive regulation of protein import into nucleus,19_GO:0051179 localization,-3.1081850300702873,5.455014178912092,4.726504026448479,21160,54,431,6,1.3921113689095128,0.564357349289637,15183|15516|15519|19164|21937|192176,Hdac3|Hsp90ab1|Hsp90aa1|Psen1|Tnfrsf1a|Flna,-1.4521388540592688,0,28,0,0,-5.030229541862127,5.455014178912092,
1,-2.9767113771192166,GO:0046824,M1,1,0,GO Biological Processes,19,positive regulation of nucleocytoplasmic transport,19_GO:0051179 localization,-2.9767113771192166,4.405972990659765,4.345398650266552,21160,78,431,7,1.6241299303944317,0.608858036876225,14456|15183|15516|15519|19164|21937|192176,Gas6|Hdac3|Hsp90ab1|Hsp90aa1|Psen1|Tnfrsf1a|Flna,-1.3633821111143105,0,28,0,0,-5.030229541862127,5.455014178912092,
1,-2.4497835496735205,GO:0032024,M1,1,0,GO Biological Processes,19,positive regulation of insulin secretion,19_GO:0051179 localization,-2.4497835496735205,3.219352630177627,3.5448758582354833,21160,122,431,8,1.8561484918793503,0.650128600457108,14607|14609|14645|56455|56508|66259|67389|245049,Gip|Gja1|Glul|Dynll1|Rapgef4|Camk2n1|C1qtnf12|Myrip,-1.010165840978941,0,28,0,0,-5.030229541862127,5.455014178912092,
1,-2.4051433552879904,GO:0033157,M1,1,0,GO Biological Processes,19,regulation of intracellular protein transport,19_GO:0051179 localization,-2.4051433552879904,2.7275070894560454,3.356219663726322,21160,180,431,10,2.320185614849188,0.7251454773598325,12520|14456|15183|15516|15519|19164|20660|21937|192176|231070,Cd81|Gas6|Hdac3|Hsp90ab1|Hsp90aa1|Psen1|Sorl1|Tnfrsf1a|Flna|Insig1,-0.980930149799929,0,28,0,0,-5.030229541862127,5.455014178912092,
1,-2.3210537099413298,GO:0032388,M1,1,0,GO Biological Processes,19,positive regulation of intracellular transport,19_GO:0051179 localization,-2.3210537099413298,2.8324112082812785,3.312312187096236,21160,156,431,9,2.0881670533642693,0.6887499414793933,12520|14456|15183|15516|15519|19164|20660|21937|192176,Cd81|Gas6|Hdac3|Hsp90ab1|Hsp90aa1|Psen1|Sorl1|Tnfrsf1a|Flna,-0.9242518939312238,0,28,0,0,-5.030229541862127,5.455014178912092,
1,-2.289224003829698,GO:1900182,M1,1,0,GO Biological Processes,19,positive regulation of protein localization to nucleus,19_GO:0051179 localization,-2.289224003829698,3.3365620705967154,3.42763615290251,21160,103,431,7,1.6241299303944317,0.608858036876225,15183|15516|15519|19164|21937|22601|192176,Hdac3|Hsp90ab1|Hsp90aa1|Psen1|Tnfrsf1a|Yap1|Flna,-0.8967252115188431,0,28,0,0,-5.030229541862127,5.455014178912092,
1,-2.2081094280801588,GO:0042306,M1,1,0,GO Biological Processes,19,regulation of protein import into nucleus,19_GO:0051179 localization,-2.2081094280801588,3.636676119274728,3.428240820851254,21160,81,431,6,1.3921113689095128,0.564357349289637,15183|15516|15519|19164|21937|192176,Hdac3|Hsp90ab1|Hsp90aa1|Psen1|Tnfrsf1a|Flna,-0.8388341047496952,0,28,0,0,-5.030229541862127,5.455014178912092,
1,-2.164928630332752,GO:1900180,M1,1,0,GO Biological Processes,19,regulation of protein localization to nucleus,19_GO:0051179 localization,-2.164928630332752,2.6779160514659357,3.1199762629112233,21160,165,431,9,2.0881670533642693,0.6887499414793933,11820|14645|15183|15516|15519|19164|21937|22601|192176,App|Glul|Hdac3|Hsp90ab1|Hsp90aa1|Psen1|Tnfrsf1a|Yap1|Flna,-0.8100750442659411,0,28,0,0,-5.030229541862127,5.455014178912092,
1,-2.0944901563229177,GO:0046822,M1,1,0,GO Biological Processes,19,regulation of nucleocytoplasmic transport,19_GO:0051179 localization,-2.0944901563229177,2.8054358634405037,3.0904858229412775,21160,140,431,8,1.8561484918793503,0.650128600457108,14456|15183|15516|15519|19164|21937|192176|232341,Gas6|Hdac3|Hsp90ab1|Hsp90aa1|Psen1|Tnfrsf1a|Flna|Wnk1,-0.7576065500150582,0,28,0,0,-5.030229541862127,5.455014178912092,
1,-5.012484410649646,GO:0072001,M1,1,0,GO Biological Processes,19,renal system development,19_GO:0032502 developmental process,-5.012484410649646,2.8879486829534597,5.3117491077566665,21160,374,431,22,5.104408352668213,1.0601250316270292,12628|12828|12829|14118|14183|14725|14734|14859|15205|15481|15902|18263|19156|20377|20397|20682|22339|70350|98711|114249|240725|407785,Cfh|Col4a3|Col4a4|Fbn1|Fgfr2|Lrp2|Gpc3|Gsta3|Hes1|Hspa8|Id2|Odc1|Psap|Sfrp1|Sgpl1|Sox9|Vegfa|Basp1|Rdh10|Npnt|Sulf1|Ndufs6,-2.850644862210066,0,29,1,1,-5.012484410649646,4.531857933250046,
1,-4.774765725281307,GO:0001822,M1,1,0,GO Biological Processes,19,kidney development,19_GO:0032502 developmental process,-4.774765725281307,2.871859832352048,5.15793032062869,21160,359,431,21,4.872389791183295,1.0370165094783361,12628|12828|12829|14118|14183|14725|14734|14859|15205|15481|15902|18263|20377|20397|20682|22339|70350|98711|114249|240725|407785,Cfh|Col4a3|Col4a4|Fbn1|Fgfr2|Lrp2|Gpc3|Gsta3|Hes1|Hspa8|Id2|Odc1|Sfrp1|Sgpl1|Sox9|Vegfa|Basp1|Rdh10|Npnt|Sulf1|Ndufs6,-2.6844756207734264,0,29,0,0,-5.012484410649646,4.531857933250046,
1,-2.6846810382952704,GO:0032835,M1,1,0,GO Biological Processes,19,glomerulus development,19_GO:0032502 developmental process,-2.6846810382952704,4.531857933250046,4.112133145383263,21160,65,431,6,1.3921113689095128,0.564357349289637,12628|12828|12829|15205|70350|240725,Cfh|Col4a3|Col4a4|Hes1|Basp1|Sulf1,-1.1577616205648649,0,29,0,0,-5.012484410649646,4.531857933250046,
1,-2.2852423328563174,GO:0072006,M1,1,0,GO Biological Processes,19,nephron development,19_GO:0032502 developmental process,-2.2852423328563174,2.796557901847338,3.2684094971916986,21160,158,431,9,2.0881670533642693,0.6887499414793933,12628|12828|12829|14734|15205|20682|70350|114249|240725,Cfh|Col4a3|Col4a4|Gpc3|Hes1|Sox9|Basp1|Npnt|Sulf1,-0.895791233627468,0,29,0,0,-5.012484410649646,4.531857933250046,
1,-2.1781584010991164,GO:0090100,M1,1,0,GO Biological Processes,19,positive regulation of transmembrane receptor protein serine/threonine kinase signaling pathway,19_GO:0048518 positive regulation of biological process,-2.1781584010991164,3.182091604365386,3.2781981737406314,21160,108,431,7,1.6241299303944317,0.608858036876225,13001|14734|15205|15516|18550|114249|240725,Csnk2b|Gpc3|Hes1|Hsp90ab1|Furin|Npnt|Sulf1,-0.8214556381201434,0,29,0,0,-5.012484410649646,4.531857933250046,
1,-5.011616632923546,GO:0044092,M1,1,0,GO Biological Processes,19,negative regulation of molecular function,19_GO:0065007 biological regulation,-5.011616632923546,2.2229359202552508,4.994750688678037,21160,773,431,35,8.120649651972158,1.3157267666293482,11816|12010|12313|13010|13014|14368|14456|14775|14870|15183|15205|15902|16410|17295|18008|19062|19164|19211|19268|20377|20597|20720|20745|21672|21859|22339|26941|30948|52840|54208|54612|56334|192176|232341|319433,Apoe|B2m|Calm1|Cst3|Cstb|Fzd6|Gas6|Gpx1|Gstp1|Hdac3|Hes1|Id2|Itgav|Met|Nes|Inpp5k|Psen1|Pten|Ptprf|Sfrp1|Smpd1|Serpine2|Spock1|Prdx2|Timp3|Vegfa|Nherf1|Bin1|Dbndd2|Arl6ip1|Sfrp5|Tmed2|Flna|Wnk1|Serpine3,-2.850644862210066,0,30,1,1,-5.011616632923546,3.3543254888962544,
1,-4.4873214617803265,GO:0030162,M1,1,0,GO Biological Processes,19,regulation of proteolysis,19_GO:0050789 regulation of biological process,-4.4873214617803265,2.2555188794889194,4.699220255791477,21160,653,431,30,6.960556844547564,1.2257923550124263,11816|11820|12759|12828|13001|13010|13014|13033|14456|14673|14775|15481|15516|18174|18550|19141|19164|19186|19211|20720|20745|21859|22041|22284|22339|30948|54208|72736|73916|319433,Apoe|App|Clu|Col4a3|Csnk2b|Cst3|Cstb|Ctsd|Gas6|Gna12|Gpx1|Hspa8|Hsp90ab1|Slc11a2|Furin|Lgmn|Psen1|Psme1|Pten|Serpine2|Spock1|Timp3|Trf|Usp9x|Vegfa|Bin1|Arl6ip1|Tmx1|Ift57|Serpine3,-2.458247040232156,0,30,0,0,-5.011616632923546,3.3543254888962544,
1,-4.163176103400035,GO:0043086,M1,1,0,GO Biological Processes,19,negative regulation of catalytic activity,19_GO:0065007 biological regulation,-4.163176103400035,2.4762893312166723,4.595405097511512,21160,456,431,23,5.336426914153132,1.0826251064545795,11816|13010|13014|14456|14775|14870|18008|19062|19164|19211|20377|20597|20720|20745|21859|22339|30948|52840|54208|54612|56334|232341|319433,Apoe|Cst3|Cstb|Gas6|Gpx1|Gstp1|Nes|Inpp5k|Psen1|Pten|Sfrp1|Smpd1|Serpine2|Spock1|Timp3|Vegfa|Bin1|Dbndd2|Arl6ip1|Sfrp5|Tmed2|Wnk1|Serpine3,-2.218272038779812,0,30,0,0,-5.011616632923546,3.3543254888962544,
1,-3.713118143429729,GO:0045861,M1,1,0,GO Biological Processes,19,negative regulation of proteolysis,19_GO:0048519 negative regulation of biological process,-3.713118143429729,2.8358196453550217,4.434763678006881,21160,277,431,16,3.7122969837587005,0.9106848975099868,13001|13010|13014|14456|14775|15516|18550|19164|20720|20745|21859|22284|22339|30948|54208|319433,Csnk2b|Cst3|Cstb|Gas6|Gpx1|Hsp90ab1|Furin|Psen1|Serpine2|Spock1|Timp3|Usp9x|Vegfa|Bin1|Arl6ip1|Serpine3,-1.888669288539764,0,30,0,0,-5.011616632923546,3.3543254888962544,
1,-3.703061595607385,GO:0051336,M1,1,0,GO Biological Processes,19,regulation of hydrolase activity,19_GO:0065007 biological regulation,-3.703061595607385,2.134570765661253,4.1379455364242945,21160,621,431,27,6.2645011600928076,1.1672305863967631,12313|12828|13010|13014|13033|14183|14456|14775|17295|18174|18212|18538|18550|19141|19156|20720|20745|21859|22339|30948|54208|56334|73916|114249|232341|235611|319433,Calm1|Col4a3|Cst3|Cstb|Ctsd|Fgfr2|Gas6|Gpx1|Met|Slc11a2|Ntrk2|Pcna|Furin|Lgmn|Psap|Serpine2|Spock1|Timp3|Vegfa|Bin1|Arl6ip1|Tmed2|Ift57|Npnt|Wnk1|Plxnb1|Serpine3,-1.8809083814472862,0,30,0,0,-5.011616632923546,3.3543254888962544,
1,-3.496656668509259,GO:0052547,M1,1,0,GO Biological Processes,19,regulation of peptidase activity,19_GO:0050789 regulation of biological process,-3.496656668509259,2.6163547629264885,4.194399381096641,21160,319,431,17,3.9443155452436196,0.937580844964498,12828|13010|13014|13033|14456|14775|18174|18550|19141|20720|20745|21859|22339|30948|54208|73916|319433,Col4a3|Cst3|Cstb|Ctsd|Gas6|Gpx1|Slc11a2|Furin|Lgmn|Serpine2|Spock1|Timp3|Vegfa|Bin1|Arl6ip1|Ift57|Serpine3,-1.7271157915555841,0,30,0,0,-5.011616632923546,3.3543254888962544,
1,-3.3213133237270323,GO:0010466,M1,1,0,GO Biological Processes,19,negative regulation of peptidase activity,19_GO:0048519 negative regulation of biological process,-3.3213133237270323,3.3543254888962544,4.323915163010591,21160,161,431,11,2.5522041763341066,0.75963520289345,13010|13014|14456|14775|20720|20745|21859|22339|30948|54208|319433,Cst3|Cstb|Gas6|Gpx1|Serpine2|Spock1|Timp3|Vegfa|Bin1|Arl6ip1|Serpine3,-1.6077558809001844,0,30,0,0,-5.011616632923546,3.3543254888962544,
1,-3.251507526797421,GO:0051346,M1,1,0,GO Biological Processes,19,negative regulation of hydrolase activity,19_GO:0065007 biological regulation,-3.251507526797421,2.9276910960216265,4.125281974508896,21160,218,431,13,3.0162412993039442,0.8238419677523642,13010|13014|14456|14775|20720|20745|21859|22339|30948|54208|56334|232341|319433,Cst3|Cstb|Gas6|Gpx1|Serpine2|Spock1|Timp3|Vegfa|Bin1|Arl6ip1|Tmed2|Wnk1|Serpine3,-1.5555250911553136,0,30,0,0,-5.011616632923546,3.3543254888962544,
1,-3.0198521925021264,GO:0052548,M1,1,0,GO Biological Processes,19,regulation of endopeptidase activity,19_GO:0050789 regulation of biological process,-3.0198521925021264,2.53940315225218,3.806161171914469,21160,290,431,15,3.480278422273782,0.882828590924201,12828|13033|14456|14775|18174|18550|19141|20720|20745|21859|22339|30948|54208|73916|319433,Col4a3|Ctsd|Gas6|Gpx1|Slc11a2|Furin|Lgmn|Serpine2|Spock1|Timp3|Vegfa|Bin1|Arl6ip1|Ift57|Serpine3,-1.3941431481842892,0,30,0,0,-5.011616632923546,3.3543254888962544,
1,-2.5506505990672794,GO:0010951,M1,1,0,GO Biological Processes,19,negative regulation of endopeptidase activity,19_GO:0048519 negative regulation of biological process,-2.5506505990672794,3.0684454756380517,3.5912639178576633,21160,144,431,9,2.0881670533642693,0.6887499414793933,14456|14775|20720|20745|21859|22339|30948|54208|319433,Gas6|Gpx1|Serpine2|Spock1|Timp3|Vegfa|Bin1|Arl6ip1|Serpine3,-1.0642894868303736,0,30,0,0,-5.011616632923546,3.3543254888962544,
1,-4.981069972836325,GO:0050678,M1,1,0,GO Biological Processes,19,regulation of epithelial cell proliferation,19_GO:0050789 regulation of biological process,-4.981069972836325,2.721207996870697,5.218024432152467,21160,433,431,24,5.568445475638051,1.1045539173174717,11816|12010|12560|12822|12828|13039|14183|14609|14645|14734|14775|15205|15312|17242|18102|19211|20377|20682|22339|22601|56213|69683|73916|240725,Apoe|B2m|Cdh3|Col18a1|Col4a3|Ctsl|Fgfr2|Gja1|Glul|Gpc3|Gpx1|Hes1|Hmgn1|Mdk|Nme1|Pten|Sfrp1|Sox9|Vegfa|Yap1|Htra1|Emc10|Ift57|Sulf1,-2.8342228448144513,0,31,1,1,-4.981069972836325,3.4452721129971104,
1,-4.810752080410484,GO:0008285,M1,1,0,GO Biological Processes,19,negative regulation of cell population proliferation,19_GO:0048519 negative regulation of biological process,-4.810752080410484,2.2050651766804488,4.868649274694196,21160,757,431,34,7.888631090487239,1.2984307935647987,11816|11820|12010|12527|12828|13039|14183|14319|14609|14673|14734|14870|15205|16011|19211|19215|19268|20377|20682|20720|20733|21859|22057|26941|28019|54612|56208|58859|67991|69470|73916|74754|235611|240725,Apoe|App|B2m|Cd9|Col4a3|Ctsl|Fgfr2|Fth1|Gja1|Gna12|Gpc3|Gstp1|Hes1|Igfbp5|Pten|Ptgds|Ptprf|Sfrp1|Sox9|Serpine2|Spint2|Timp3|Tob1|Nherf1|Ing4|Sfrp5|Becn1|Efemp2|Nacc2|Tmem127|Ift57|Dhcr24|Plxnb1|Sulf1,-2.706874025781791,0,31,0,0,-4.981069972836325,3.4452721129971104,
1,-3.6802092559942094,GO:0050680,M1,1,0,GO Biological Processes,19,negative regulation of epithelial cell proliferation,19_GO:0048519 negative regulation of biological process,-3.6802092559942094,3.4452721129971104,4.629418096797164,21160,171,431,12,2.7842227378190256,0.7924679907141544,11816|12010|12828|13039|14183|14609|14734|19211|20377|20682|73916|240725,Apoe|B2m|Col4a3|Ctsl|Fgfr2|Gja1|Gpc3|Pten|Sfrp1|Sox9|Ift57|Sulf1,-1.8710210189984782,0,31,0,0,-4.981069972836325,3.4452721129971104,
1,-4.916065793612174,R-MMU-1566948,M1,1,0,Reactome Gene Sets,6,Elastic fibre formation,,-4.916065793612174,8.81194598131953,7.040951055242277,21160,39,431,7,1.6241299303944317,0.608858036876225,14118|16410|16998|18550|23876|58859|320910,Fbn1|Itgav|Ltbp3|Furin|Fbln5|Efemp2|Itgb8,-2.7862520048890804,0,32,1,1,-4.916065793612174,9.205336426914155,
1,-4.399198898435187,R-MMU-2129379,M1,1,0,Reactome Gene Sets,6,Molecules associated with elastic fibres,,-4.399198898435187,9.205336426914155,6.697908585662917,21160,32,431,6,1.3921113689095128,0.564357349289637,14118|16410|16998|23876|58859|320910,Fbn1|Itgav|Ltbp3|Fbln5|Efemp2|Itgb8,-2.3984798060915513,0,32,0,0,-4.916065793612174,9.205336426914155,
1,-4.106138536513664,R-MMU-170834,M1,1,0,Reactome Gene Sets,6,Signaling by TGF-beta Receptor Complex,,-4.106138536513664,5.692188708430007,5.629223061338644,21160,69,431,8,1.8561484918793503,0.650128600457108,14118|16410|16998|18550|22284|66105|102098|320910,Fbn1|Itgav|Ltbp3|Furin|Usp9x|Ube2d3|Arhgef18|Itgb8,-2.1698774333969473,0,32,0,0,-4.916065793612174,9.205336426914155,
1,-3.1150055630854845,R-MMU-2173789,M1,1,0,Reactome Gene Sets,6,TGF-beta receptor signaling activates SMADs,,-3.1150055630854845,6.818767723640113,5.038383496405581,21160,36,431,5,1.160092807424594,0.5157911622136253,14118|16410|16998|18550|320910,Fbn1|Itgav|Ltbp3|Furin|Itgb8,-1.4554058434021109,0,32,0,0,-4.916065793612174,9.205336426914155,
1,-2.7548829901178373,R-MMU-9006936,M1,1,0,Reactome Gene Sets,6,Signaling by TGFB family members,,-2.7548829901178373,3.6033121181804635,3.9291639605601225,21160,109,431,8,1.8561484918793503,0.650128600457108,14118|16410|16998|18550|22284|66105|102098|320910,Fbn1|Itgav|Ltbp3|Furin|Usp9x|Ube2d3|Arhgef18|Itgb8,-1.2066075255781048,0,32,0,0,-4.916065793612174,9.205336426914155,
1,-4.89617558350691,GO:0016032,M1,1,0,GO Biological Processes,19,viral process,19_GO:0016032 viral process,-4.89617558350691,4.25491105955143,5.768577847969089,21160,150,431,13,3.0162412993039442,0.8238419677523642,11816|12520|13030|14456|15516|16410|18550|20516|20597|52898|75608|76687|229663,Apoe|Cd81|Ctsb|Gas6|Hsp90ab1|Itgav|Furin|Slc20a2|Smpd1|Rnasek|Chmp4b|Spcs3|Csde1,-2.77299237368283,0,33,1,1,-4.89617558350691,5.287167588791719,
1,-4.4903101725854935,GO:0019058,M1,1,0,GO Biological Processes,19,viral life cycle,19_GO:0016032 viral process,-4.4903101725854935,4.53820507321258,5.581106655108879,21160,119,431,11,2.5522041763341066,0.75963520289345,11816|12520|13030|14456|15516|16410|18550|20516|20597|52898|75608,Apoe|Cd81|Ctsb|Gas6|Hsp90ab1|Itgav|Furin|Slc20a2|Smpd1|Rnasek|Chmp4b,-2.458247040232156,0,33,0,0,-4.89617558350691,5.287167588791719,
1,-4.358361675518953,GO:0044403,M1,1,0,GO Biological Processes,19,biological process involved in symbiotic interaction,19_GO:0044419 biological process involved in interspecies interaction between organisms,-4.358361675518953,3.3781051107941846,5.089173346960704,21160,218,431,15,3.480278422273782,0.882828590924201,11816|12520|13030|14456|14775|15481|15516|16410|19035|19062|20516|20597|52898|67067|75608,Apoe|Cd81|Ctsb|Gas6|Gpx1|Hspa8|Hsp90ab1|Itgav|Ppib|Inpp5k|Slc20a2|Smpd1|Rnasek|Romo1|Chmp4b,-2.3722831093582077,0,33,0,0,-4.89617558350691,5.287167588791719,
1,-3.4577595942302795,GO:0044409,M1,1,0,GO Biological Processes,19,symbiont entry into host,19_GO:0044419 biological process involved in interspecies interaction between organisms,-3.4577595942302795,5.287167588791719,4.991538242723299,21160,65,431,7,1.6241299303944317,0.608858036876225,12520|13030|14456|16410|20516|20597|52898,Cd81|Ctsb|Gas6|Itgav|Slc20a2|Smpd1|Rnasek,-1.7025531697007938,0,33,0,0,-4.89617558350691,5.287167588791719,
1,-3.4577595942302795,GO:0046718,M1,1,0,GO Biological Processes,19,symbiont entry into host cell,19_GO:0016032 viral process,-3.4577595942302795,5.287167588791719,4.991538242723299,21160,65,431,7,1.6241299303944317,0.608858036876225,12520|13030|14456|16410|20516|20597|52898,Cd81|Ctsb|Gas6|Itgav|Slc20a2|Smpd1|Rnasek,-1.7025531697007938,0,33,0,0,-4.89617558350691,5.287167588791719,
1,-3.318989995026002,GO:0051701,M1,1,0,GO Biological Processes,19,biological process involved in interaction with host,19_GO:0044419 biological process involved in interspecies interaction between organisms,-3.318989995026002,3.945144182963209,4.50616596910367,21160,112,431,9,2.0881670533642693,0.6887499414793933,12520|13030|14456|15516|16410|20516|20597|52898|75608,Cd81|Ctsb|Gas6|Hsp90ab1|Itgav|Slc20a2|Smpd1|Rnasek|Chmp4b,-1.606711771038327,0,33,0,0,-4.89617558350691,5.287167588791719,
1,-4.861788673354795,GO:0030855,M1,1,0,GO Biological Processes,19,epithelial cell differentiation,19_GO:0032502 developmental process,-4.861788673354795,2.2501933488012376,4.921528621770222,21160,720,431,33,7.65661252900232,1.2808037802964627,12560|12751|12822|13030|13039|14107|14183|14598|14609|14775|15205|15488|15902|17295|18424|18538|18655|19156|19224|20682|20733|22339|22601|26941|27999|66042|70350|72333|77889|100121|192176|215449|229595,Cdh3|Tpp1|Col18a1|Ctsb|Ctsl|Fat1|Fgfr2|Ggt1|Gja1|Gpx1|Hes1|Hsd17b4|Id2|Met|Otx2|Pcna|Pgk1|Psap|Ptgs1|Sox9|Spint2|Vegfa|Yap1|Nherf1|Fam3c|Sostdc1|Basp1|Palld|Lbh|Tdrd7|Flna|Rap1b|Adamtsl4,-2.7418831732919506,0,34,1,1,-4.861788673354795,4.813247804922433,
1,-4.464972891085662,GO:0002064,M1,1,0,GO Biological Processes,19,epithelial cell development,19_GO:0032502 developmental process,-4.464972891085662,3.2867031036123056,5.126424203736537,21160,239,431,16,3.7122969837587005,0.9106848975099868,12822|14107|14183|14609|14775|15488|17295|19156|20682|20733|22339|22601|72333|192176|215449|229595,Col18a1|Fat1|Fgfr2|Gja1|Gpx1|Hsd17b4|Met|Psap|Sox9|Spint2|Vegfa|Yap1|Palld|Flna|Rap1b|Adamtsl4,-2.443932221203315,0,34,0,0,-4.861788673354795,4.813247804922433,
1,-2.428655290277833,GO:0003382,M1,1,0,GO Biological Processes,19,epithelial cell morphogenesis,19_GO:0032502 developmental process,-2.428655290277833,4.813247804922433,3.931364535632573,21160,51,431,5,1.160092807424594,0.5157911622136253,12822|14107|17295|20733|72333,Col18a1|Fat1|Met|Spint2|Palld,-0.9933177833676996,0,34,0,0,-4.861788673354795,4.813247804922433,
1,-4.814910986776746,GO:0072657,M1,1,0,GO Biological Processes,19,protein localization to membrane,19_GO:0051179 localization,-4.814910986776746,2.5377203138477715,5.032974707926466,21160,503,431,26,6.0324825986078885,1.1468279803913675,11816|11931|12520|14456|14828|15519|16668|17919|19062|20660|20742|21937|26941|30055|54208|56334|67067|67184|69683|69804|73024|75608|83997|110379|192176|232341,Apoe|Atp1b1|Cd81|Gas6|Hspa5|Hsp90aa1|Krt18|Myo5b|Inpp5k|Sorl1|Sptbn1|Tnfrsf1a|Nherf1|Timm13|Arl6ip1|Tmed2|Romo1|Ndufa13|Emc10|Tmem147|Emc7|Chmp4b|Slmap|Sec13|Flna|Wnk1,-2.7078744129032226,0,35,1,1,-4.814910986776746,3.2730085073472543,
1,-4.201682473129571,GO:0090150,M1,1,0,GO Biological Processes,19,establishment of protein localization to membrane,19_GO:0051179 localization,-4.201682473129571,3.2730085073472543,4.942570425938485,21160,225,431,15,3.480278422273782,0.882828590924201,14828|15519|16668|17919|20660|20742|30055|54208|67067|67184|69683|69804|73024|75608|232341,Hspa5|Hsp90aa1|Krt18|Myo5b|Sorl1|Sptbn1|Timm13|Arl6ip1|Romo1|Ndufa13|Emc10|Tmem147|Emc7|Chmp4b|Wnk1,-2.247959943462159,0,35,0,0,-4.814910986776746,3.2730085073472543,
1,-4.102010371537015,GO:0051668,M1,1,0,GO Biological Processes,19,localization within membrane,19_GO:0051179 localization,-4.102010371537015,2.2582085953588384,4.457793163881159,21160,587,431,27,6.2645011600928076,1.1672305863967631,11816|11931|12520|14456|14828|15519|16668|17919|19062|19156|20660|20742|21937|26941|30055|54208|56334|67067|67184|69683|69804|73024|75608|83997|110379|192176|232341,Apoe|Atp1b1|Cd81|Gas6|Hspa5|Hsp90aa1|Krt18|Myo5b|Inpp5k|Psap|Sorl1|Sptbn1|Tnfrsf1a|Nherf1|Timm13|Arl6ip1|Tmed2|Romo1|Ndufa13|Emc10|Tmem147|Emc7|Chmp4b|Slmap|Sec13|Flna|Wnk1,-2.167883397932984,0,35,0,0,-4.814910986776746,3.2730085073472543,
1,-3.7478861160119843,GO:0072659,M1,1,0,GO Biological Processes,19,protein localization to plasma membrane,19_GO:0051179 localization,-3.7478861160119843,3.1242353933769245,4.566912291595093,21160,220,431,14,3.2482598607888633,0.8539179445623846,11931|12520|14456|16668|17919|19062|20660|20742|21937|26941|56334|83997|110379|192176,Atp1b1|Cd81|Gas6|Krt18|Myo5b|Inpp5k|Sorl1|Sptbn1|Tnfrsf1a|Nherf1|Tmed2|Slmap|Sec13|Flna,-1.914062098313349,0,35,0,0,-4.814910986776746,3.2730085073472543,
1,-3.1273414480184094,GO:1990778,M1,1,0,GO Biological Processes,19,protein localization to cell periphery,19_GO:0051179 localization,-3.1273414480184094,2.6022152443573576,3.91270459421323,21160,283,431,15,3.480278422273782,0.882828590924201,11931|12520|14456|16561|16668|17919|19062|20660|20742|21937|26941|56334|83997|110379|192176,Atp1b1|Cd81|Gas6|Kif1b|Krt18|Myo5b|Inpp5k|Sorl1|Sptbn1|Tnfrsf1a|Nherf1|Tmed2|Slmap|Sec13|Flna,-1.4599256571942725,0,35,0,0,-4.814910986776746,3.2730085073472543,
1,-4.7728967243382945,GO:0007613,M1,1,0,GO Biological Processes,19,memory,19_GO:0032501 multicellular organismal process,-4.7728967243382945,3.883230432445895,5.554298612366838,21160,177,431,14,3.2482598607888633,0.8539179445623846,11816|11820|14607|15932|17242|18212|19141|19164|19211|19224|20393|28199|66259|232975,Apoe|App|Gip|Idua|Mdk|Ntrk2|Lgmn|Psen1|Pten|Ptgs1|Sgk1|Dcaf11|Camk2n1|Atp1a3,-2.6844756207734264,0,36,1,1,-4.7728967243382945,11.329644833125114,
1,-3.3795228366173378,GO:0007611,M1,1,0,GO Biological Processes,19,learning or memory,19_GO:0032501 multicellular organismal process,-3.3795228366173378,2.4753845853886802,4.053903382104131,21160,357,431,18,4.176334106728539,0.9635968533717362,11816|11820|12010|13167|14607|15932|17242|18174|18212|19141|19164|19211|19224|20393|28199|29813|66259|232975,Apoe|App|B2m|Dbi|Gip|Idua|Mdk|Slc11a2|Ntrk2|Lgmn|Psen1|Pten|Ptgs1|Sgk1|Dcaf11|Zfp385a|Camk2n1|Atp1a3,-1.652961593537382,0,36,0,0,-4.7728967243382945,11.329644833125114,
1,-3.0236261705920033,GO:0106027,M1,1,0,GO Biological Processes,19,neuron projection organization,19_GO:0009987 cellular process,-3.0236261705920033,5.260192243950946,4.60296688381379,21160,56,431,6,1.3921113689095128,0.564357349289637,11820|17919|19141|19164|19211|232975,App|Myo5b|Lgmn|Psen1|Pten|Atp1a3,-1.3958190812184743,0,36,0,0,-4.7728967243382945,11.329644833125114,
1,-2.7789133485381523,GO:0050890,M1,1,0,GO Biological Processes,19,cognition,19_GO:0032501 multicellular organismal process,-2.7789133485381523,2.192834483830667,3.4861610371130274,21160,403,431,18,4.176334106728539,0.9635968533717362,11816|11820|12010|13167|14607|15932|17242|18174|18212|19141|19164|19211|19224|20393|28199|29813|66259|232975,Apoe|App|B2m|Dbi|Gip|Idua|Mdk|Slc11a2|Ntrk2|Lgmn|Psen1|Pten|Ptgs1|Sgk1|Dcaf11|Zfp385a|Camk2n1|Atp1a3,-1.225352287536736,0,36,0,0,-4.7728967243382945,11.329644833125114,
1,-2.758498695103466,GO:1904646,M1,1,0,GO Biological Processes,19,cellular response to amyloid-beta,19_GO:0050896 response to stimulus,-2.758498695103466,5.708735768628932,4.456762251818746,21160,43,431,5,1.160092807424594,0.5157911622136253,11820|14609|19141|19164|232975,App|Gja1|Lgmn|Psen1|Atp1a3,-1.2075884733507658,0,36,0,0,-4.7728967243382945,11.329644833125114,
1,-2.685812890001228,GO:1990535,M1,1,0,GO Biological Processes,19,neuron projection maintenance,19_GO:0009987 cellular process,-2.685812890001228,11.329644833125114,5.371922164584881,21160,13,431,3,0.6960556844547564,0.4004668821945242,11820|19164|232975,App|Psen1|Atp1a3,-1.1577616205648649,0,36,0,0,-4.7728967243382945,11.329644833125114,
1,-2.5048470262129023,GO:1904645,M1,1,0,GO Biological Processes,19,response to amyloid-beta,19_GO:0050896 response to stimulus,-2.5048470262129023,5.0097068990009,4.051849385787404,21160,49,431,5,1.160092807424594,0.5157911622136253,11820|14609|19141|19164|232975,App|Gja1|Lgmn|Psen1|Atp1a3,-1.039964357185712,0,36,0,0,-4.7728967243382945,11.329644833125114,
1,-2.2659945271963484,GO:0007626,M1,1,0,GO Biological Processes,19,locomotory behavior,19_GO:0032501 multicellular organismal process,-2.2659945271963484,2.2632505635911864,3.0794037676331847,21160,282,431,13,3.0162412993039442,0.8238419677523642,11816|11820|13014|14607|15212|15902|15932|19156|19211|29813|68212|108015|232975,Apoe|App|Cstb|Gip|Hexb|Id2|Idua|Psap|Pten|Zfp385a|Tmbim4|Chrnb4|Atp1a3,-0.8812964542758472,0,36,0,0,-4.7728967243382945,11.329644833125114,
1,-4.756755657951919,GO:0050878,M1,1,0,GO Biological Processes,19,regulation of body fluid levels,19_GO:0065007 biological regulation,-4.756755657951919,2.863882443928848,5.143220327191366,21160,360,431,21,4.872389791183295,1.0370165094783361,11553|11816|12527|12628|14368|14456|14609|14827|17289|18102|19062|20720|21672|22139|22282|22339|29813|71853|72736|192176|232341,Adra2c|Apoe|Cd9|Cfh|Fzd6|Gas6|Gja1|Pdia3|Mertk|Nme1|Inpp5k|Serpine2|Prdx2|Ttr|Usf2|Vegfa|Zfp385a|Pdia6|Tmx1|Flna|Wnk1,-2.6743665191569637,0,37,1,1,-4.756755657951919,5.455014178912091,
1,-3.5424162617211956,GO:0030168,M1,1,0,GO Biological Processes,19,platelet activation,19_GO:0032501 multicellular organismal process,-3.5424162617211956,5.455014178912091,5.106296661347645,21160,63,431,7,1.6241299303944317,0.608858036876225,11553|12628|14368|14827|17289|20720|71853,Adra2c|Cfh|Fzd6|Pdia3|Mertk|Serpine2|Pdia6,-1.765526741045375,0,37,0,0,-4.756755657951919,5.455014178912091,
1,-3.4897001823730185,GO:0042060,M1,1,0,GO Biological Processes,19,wound healing,19_GO:0050896 response to stimulus,-3.4897001823730185,2.7086966957356586,4.224738015101986,21160,290,431,16,3.7122969837587005,0.9106848975099868,11553|12476|12628|14368|14456|14775|14827|16410|17289|20597|20720|22339|22601|71853|75608|192176,Adra2c|Cd151|Cfh|Fzd6|Gas6|Gpx1|Pdia3|Itgav|Mertk|Smpd1|Serpine2|Vegfa|Yap1|Pdia6|Chmp4b|Flna,-1.721614229667518,0,37,0,0,-4.756755657951919,5.455014178912091,
1,-3.218751183551577,GO:0007599,M1,1,0,GO Biological Processes,19,hemostasis,19_GO:0065007 biological regulation,-3.218751183551577,3.5067948293006297,4.29104906901136,21160,140,431,10,2.320185614849188,0.7251454773598325,11553|12628|14368|14456|14827|17289|20720|29813|71853|192176,Adra2c|Cfh|Fzd6|Gas6|Pdia3|Mertk|Serpine2|Zfp385a|Pdia6|Flna,-1.5360954261707032,0,37,0,0,-4.756755657951919,5.455014178912091,
1,-2.8302446742806024,GO:0009611,M1,1,0,GO Biological Processes,19,response to wounding,19_GO:0050896 response to stimulus,-2.8302446742806024,2.1116183918369384,3.494994633883766,21160,465,431,20,4.640371229698376,1.0132579118225804,11553|12476|12628|14368|14456|14607|14775|14827|16410|17242|17289|20597|20720|22339|22601|29873|54608|71853|75608|192176,Adra2c|Cd151|Cfh|Fzd6|Gas6|Gip|Gpx1|Pdia3|Itgav|Mdk|Mertk|Smpd1|Serpine2|Vegfa|Yap1|Cspg5|Abhd2|Pdia6|Chmp4b|Flna,-1.263181142875539,0,37,0,0,-4.756755657951919,5.455014178912091,
1,-2.6974527150616394,GO:0007596,M1,1,0,GO Biological Processes,19,blood coagulation,19_GO:0032501 multicellular organismal process,-2.6974527150616394,3.2252273612545945,3.7677697791770357,21160,137,431,9,2.0881670533642693,0.6887499414793933,11553|12628|14368|14456|14827|17289|20720|71853|192176,Adra2c|Cfh|Fzd6|Gas6|Pdia3|Mertk|Serpine2|Pdia6|Flna,-1.1621164741664223,0,37,0,0,-4.756755657951919,5.455014178912091,
1,-2.6974527150616394,GO:0050817,M1,1,0,GO Biological Processes,19,coagulation,19_GO:0032501 multicellular organismal process,-2.6974527150616394,3.2252273612545945,3.7677697791770357,21160,137,431,9,2.0881670533642693,0.6887499414793933,11553|12628|14368|14456|14827|17289|20720|71853|192176,Adra2c|Cfh|Fzd6|Gas6|Pdia3|Mertk|Serpine2|Pdia6|Flna,-1.1621164741664223,0,37,0,0,-4.756755657951919,5.455014178912091,
1,-4.675208238838123,R-MMU-382551,M1,1,0,Reactome Gene Sets,6,Transport of small molecules,,-4.675208238838123,2.3085483202292547,4.839352869850427,21160,638,431,30,6.960556844547564,1.2257923550124263,11773|11816|11931|11932|11984|12313|14319|14412|17364|18174|18550|18830|19879|20393|20516|20525|22041|23996|26442|27360|28250|54197|57776|72621|74340|98396|108664|170755|232345|232975,Ap2m1|Apoe|Atp1b1|Atp1b2|Atp6v0c|Calm1|Fth1|Slc6a13|Trpm1|Slc11a2|Furin|Pltp|Slc22a8|Sgk1|Slc20a2|Slc2a1|Trf|Psmc4|Psma5|Add3|Slco1a4|Rnf5|Ttyh1|Pdzd11|Ahcyl2|Slc41a1|Atp6v1h|Sgk3|A2m|Atp1a3,-2.5994056770208656,0,38,1,1,-4.675208238838123,3.233810800672437,
1,-3.1879626930490135,R-MMU-983712,M1,1,0,Reactome Gene Sets,6,Ion channel transport,,-3.1879626930490135,3.233810800672437,4.178923276584757,21160,167,431,11,2.5522041763341066,0.75963520289345,11931|11932|11984|12313|17364|20393|57776|72621|108664|170755|232975,Atp1b1|Atp1b2|Atp6v0c|Calm1|Trpm1|Sgk1|Ttyh1|Pdzd11|Atp6v1h|Sgk3|Atp1a3,-1.5100533706926011,0,38,0,0,-4.675208238838123,3.233810800672437,
1,-4.650560116257946,GO:0022604,M1,1,0,GO Biological Processes,19,regulation of cell morphogenesis,19_GO:0032502 developmental process,-4.650560116257946,3.12265829322883,5.18365736757953,21160,283,431,18,4.176334106728539,0.9635968533717362,11674|14673|15212|16975|17295|17919|19211|19268|19303|20351|20393|22339|26941|102098|107351|207214|235611|246710,Aldoa|Gna12|Hexb|Lrp8|Met|Myo5b|Pten|Ptprf|Pxn|Sema4a|Sgk1|Vegfa|Nherf1|Arhgef18|Kank1|Larp4|Plxnb1|Rhobtb2,-2.585460430361498,0,39,1,1,-4.650560116257946,3.3858708696695734,
1,-3.100214781043291,GO:0008360,M1,1,0,GO Biological Processes,19,regulation of cell shape,19_GO:0032502 developmental process,-3.100214781043291,3.3858708696695734,4.156839604905479,21160,145,431,10,2.320185614849188,0.7251454773598325,11674|14673|15212|19303|20351|22339|26941|102098|235611|246710,Aldoa|Gna12|Hexb|Pxn|Sema4a|Vegfa|Nherf1|Arhgef18|Plxnb1|Rhobtb2,-1.4497437070338184,0,39,0,0,-4.650560116257946,3.3858708696695734,
1,-4.650240624098259,GO:0009895,M1,1,0,GO Biological Processes,19,negative regulation of catabolic process,19_GO:0048519 negative regulation of biological process,-4.650240624098259,2.816933551405424,5.056006180078515,21160,366,431,21,4.872389791183295,1.0370165094783361,13001|13010|13167|15516|18550|19164|20333|20660|20720|21859|22057|22284|22339|54197|56208|67811|114128|192176|225020|229663|232341,Csnk2b|Cst3|Dbi|Hsp90ab1|Furin|Psen1|Sec22b|Sorl1|Serpine2|Timp3|Tob1|Usp9x|Vegfa|Rnf5|Becn1|Poldip2|Laptm4b|Flna|Fez2|Csde1|Wnk1,-2.585460430361498,0,40,1,1,-4.650240624098259,3.621771708949831,
1,-3.049890629095726,GO:0042177,M1,1,0,GO Biological Processes,19,negative regulation of protein catabolic process,19_GO:0048519 negative regulation of biological process,-3.049890629095726,3.621771708949831,4.1876424280161375,21160,122,431,9,2.0881670533642693,0.6887499414793933,13001|13010|15516|18550|20720|21859|22284|114128|192176,Csnk2b|Cst3|Hsp90ab1|Furin|Serpine2|Timp3|Usp9x|Laptm4b|Flna,-1.4101424538930063,0,40,0,0,-4.650240624098259,3.621771708949831,
1,-4.530078174847342,GO:0006979,M1,1,0,GO Biological Processes,19,response to oxidative stress,19_GO:0050896 response to stimulus,-4.530078174847342,2.6867980284193878,4.923573052441992,21160,402,431,22,5.104408352668213,1.0601250316270292,11816|11820|13010|14598|14630|14775|14870|15481|18174|18538|18604|19156|19164|19224|19261|21672|28199|56208|66414|66734|67067|68194,Apoe|App|Cst3|Ggt1|Gclm|Gpx1|Gstp1|Hspa8|Slc11a2|Pcna|Pdk2|Psap|Psen1|Ptgs1|Sirpa|Prdx2|Dcaf11|Becn1|Ndufa12|Map1lc3a|Romo1|Ndufb4,-2.479445632171874,0,41,1,1,-4.530078174847342,3.0264119759717767,
1,-2.6934938029920197,GO:0062197,M1,1,0,GO Biological Processes,19,cellular response to chemical stress,19_GO:0050896 response to stimulus,-2.6934938029920197,2.352801642661764,3.476814627340715,21160,313,431,15,3.480278422273782,0.882828590924201,13010|14598|15481|18174|18538|18604|19156|19261|20525|21672|56208|56449|66734|67067|232341,Cst3|Ggt1|Hspa8|Slc11a2|Pcna|Pdk2|Psap|Sirpa|Slc2a1|Prdx2|Becn1|Ybx3|Map1lc3a|Romo1|Wnk1,-1.1590066229379206,0,41,0,0,-4.530078174847342,3.0264119759717767,
1,-2.5105319510372426,GO:0034614,M1,1,0,GO Biological Processes,19,cellular response to reactive oxygen species,19_GO:0050896 response to stimulus,-2.5105319510372426,3.0264119759717767,3.542801631207786,21160,146,431,9,2.0881670533642693,0.6887499414793933,15481|18538|18604|19156|19261|21672|56208|66734|67067,Hspa8|Pcna|Pdk2|Psap|Sirpa|Prdx2|Becn1|Map1lc3a|Romo1,-1.039964357185712,0,41,0,0,-4.530078174847342,3.0264119759717767,
1,-2.4938430264136726,GO:0000302,M1,1,0,GO Biological Processes,19,response to reactive oxygen species,19_GO:0050896 response to stimulus,-2.4938430264136726,2.647286292707338,3.4090000063487187,21160,204,431,11,2.5522041763341066,0.75963520289345,14775|14870|15481|18538|18604|19156|19261|21672|56208|66734|67067,Gpx1|Gstp1|Hspa8|Pcna|Pdk2|Psap|Sirpa|Prdx2|Becn1|Map1lc3a|Romo1,-1.0368373075293038,0,41,0,0,-4.530078174847342,3.0264119759717767,
1,-2.479078840739468,GO:0034599,M1,1,0,GO Biological Processes,19,cellular response to oxidative stress,19_GO:0050896 response to stimulus,-2.479078840739468,2.5069852396702377,3.3497101173809916,21160,235,431,12,2.7842227378190256,0.7924679907141544,13010|14598|15481|18174|18538|18604|19156|19261|21672|56208|66734|67067,Cst3|Ggt1|Hspa8|Slc11a2|Pcna|Pdk2|Psap|Sirpa|Prdx2|Becn1|Map1lc3a|Romo1,-1.0256068637427798,0,41,0,0,-4.530078174847342,3.0264119759717767,
1,-4.511950001766151,GO:2000147,M1,1,0,GO Biological Processes,19,positive regulation of cell motility,19_GO:0040011 locomotion,-4.511950001766151,2.262448276968148,4.71768428961005,21160,651,431,30,6.960556844547564,1.2257923550124263,11674|11820|11855|12317|12476|12822|14107|14456|14828|16011|16410|16423|17242|17295|18550|18643|19141|19241|20347|20351|20682|22041|22339|56508|69683|83964|107895|171486|192176|232341,Aldoa|App|Arhgap5|Calr|Cd151|Col18a1|Fat1|Gas6|Hspa5|Igfbp5|Itgav|Cd47|Mdk|Met|Furin|Pfn1|Lgmn|Tmsb4x|Sema3b|Sema4a|Sox9|Trf|Vegfa|Rapgef4|Emc10|Jam3|Mgat5|Cd99l2|Flna|Wnk1,-2.464092513145455,0,42,1,1,-4.511950001766151,8.53828306264501,
1,-4.4833334964219045,GO:0030335,M1,1,0,GO Biological Processes,19,positive regulation of cell migration,19_GO:0040011 locomotion,-4.4833334964219045,2.2926871186731974,4.714619003592415,21160,621,431,29,6.728538283062645,1.2066911296265153,11674|11820|11855|12317|12476|12822|14107|14456|14828|16011|16410|16423|17242|17295|18550|18643|19141|19241|20347|20351|20682|22339|56508|69683|83964|107895|171486|192176|232341,Aldoa|App|Arhgap5|Calr|Cd151|Col18a1|Fat1|Gas6|Hspa5|Igfbp5|Itgav|Cd47|Mdk|Met|Furin|Pfn1|Lgmn|Tmsb4x|Sema3b|Sema4a|Sox9|Vegfa|Rapgef4|Emc10|Jam3|Mgat5|Cd99l2|Flna|Wnk1,-2.458247040232156,0,42,0,0,-4.511950001766151,8.53828306264501,
1,-4.30662738437372,GO:0040017,M1,1,0,GO Biological Processes,19,positive regulation of locomotion,19_GO:0040011 locomotion,-4.30662738437372,2.2048710004584797,4.562823166343394,21160,668,431,30,6.960556844547564,1.2257923550124263,11674|11820|11855|12317|12476|12822|14107|14456|14828|16011|16410|16423|17242|17295|18550|18643|19141|19241|20347|20351|20682|22041|22339|56508|69683|83964|107895|171486|192176|232341,Aldoa|App|Arhgap5|Calr|Cd151|Col18a1|Fat1|Gas6|Hspa5|Igfbp5|Itgav|Cd47|Mdk|Met|Furin|Pfn1|Lgmn|Tmsb4x|Sema3b|Sema4a|Sox9|Trf|Vegfa|Rapgef4|Emc10|Jam3|Mgat5|Cd99l2|Flna|Wnk1,-2.3276880663533266,0,42,0,0,-4.511950001766151,8.53828306264501,
1,-4.083863963957555,GO:0071675,M1,1,0,GO Biological Processes,19,regulation of mononuclear cell migration,19_GO:0040011 locomotion,-4.083863963957555,3.8009131053064897,5.046626575420307,21160,155,431,12,2.7842227378190256,0.7924679907141544,11820|12317|12520|12527|14456|16423|17242|17319|19141|83964|171486|232341,App|Calr|Cd81|Cd9|Gas6|Cd47|Mdk|Mif|Lgmn|Jam3|Cd99l2|Wnk1,-2.162326117661544,0,42,0,0,-4.511950001766151,8.53828306264501,
1,-3.4657147749773065,GO:0071677,M1,1,0,GO Biological Processes,19,positive regulation of mononuclear cell migration,19_GO:0040011 locomotion,-3.4657147749773065,4.129496714877377,4.679575108333508,21160,107,431,9,2.0881670533642693,0.6887499414793933,11820|12317|14456|16423|17242|19141|83964|171486|232341,App|Calr|Gas6|Cd47|Mdk|Lgmn|Jam3|Cd99l2|Wnk1,-1.7062574732941624,0,42,0,0,-4.511950001766151,8.53828306264501,
1,-2.956424542315766,GO:0002693,M1,1,0,GO Biological Processes,19,positive regulation of cellular extravasation,19_GO:0040011 locomotion,-2.956424542315766,8.53828306264501,5.215689319534731,21160,23,431,4,0.9280742459396751,0.4618787990697793,16423|17242|83964|171486,Cd47|Mdk|Jam3|Cd99l2,-1.3471446714465674,0,42,0,0,-4.511950001766151,8.53828306264501,
1,-2.6056864153682553,GO:0002685,M1,1,0,GO Biological Processes,19,regulation of leukocyte migration,19_GO:0040011 locomotion,-2.6056864153682553,2.4834111242518078,3.4500136350633825,21160,257,431,13,3.0162412993039442,0.8238419677523642,11820|12317|12520|12527|14456|16423|17242|17319|19141|22339|83964|171486|232341,App|Calr|Cd81|Cd9|Gas6|Cd47|Mdk|Mif|Lgmn|Vegfa|Jam3|Cd99l2|Wnk1,-1.0991219170430626,0,42,0,0,-4.511950001766151,8.53828306264501,
1,-2.5710051870603303,GO:0002688,M1,1,0,GO Biological Processes,19,regulation of leukocyte chemotaxis,19_GO:0040011 locomotion,-2.5710051870603303,3.089903136306849,3.6158120098228665,21160,143,431,9,2.0881670533642693,0.6887499414793933,11820|12317|14456|17242|17319|19141|22339|83964|232341,App|Calr|Gas6|Mdk|Mif|Lgmn|Vegfa|Jam3|Wnk1,-1.0757114376976928,0,42,0,0,-4.511950001766151,8.53828306264501,
1,-2.4642401030762877,GO:0050920,M1,1,0,GO Biological Processes,19,regulation of chemotaxis,19_GO:0040011 locomotion,-2.4642401030762877,2.496362420858076,3.3332467730433764,21160,236,431,12,2.7842227378190256,0.7924679907141544,11820|12317|14456|14870|17242|17295|17319|19141|19241|22339|83964|232341,App|Calr|Gas6|Gstp1|Mdk|Met|Mif|Lgmn|Tmsb4x|Vegfa|Jam3|Wnk1,-1.0170634320567098,0,42,0,0,-4.511950001766151,8.53828306264501,
1,-2.4051433552879904,GO:0002687,M1,1,0,GO Biological Processes,19,positive regulation of leukocyte migration,19_GO:0040011 locomotion,-2.4051433552879904,2.7275070894560454,3.356219663726322,21160,180,431,10,2.320185614849188,0.7251454773598325,11820|12317|14456|16423|17242|19141|22339|83964|171486|232341,App|Calr|Gas6|Cd47|Mdk|Lgmn|Vegfa|Jam3|Cd99l2|Wnk1,-0.980930149799929,0,42,0,0,-4.511950001766151,8.53828306264501,
1,-2.0834990728957656,GO:0050921,M1,1,0,GO Biological Processes,19,positive regulation of chemotaxis,19_GO:0040011 locomotion,-2.0834990728957656,2.599153814658114,3.0185995875779326,21160,170,431,9,2.0881670533642693,0.6887499414793933,11820|12317|14456|17242|17295|19141|19241|22339|232341,App|Calr|Gas6|Mdk|Met|Lgmn|Tmsb4x|Vegfa|Wnk1,-0.7487627860769918,0,42,0,0,-4.511950001766151,8.53828306264501,
1,-2.034018615549085,GO:0002690,M1,1,0,GO Biological Processes,19,positive regulation of leukocyte chemotaxis,19_GO:0040011 locomotion,-2.034018615549085,2.988399071925754,3.083010724726111,21160,115,431,7,1.6241299303944317,0.608858036876225,11820|12317|14456|17242|19141|22339|232341,App|Calr|Gas6|Mdk|Lgmn|Vegfa|Wnk1,-0.7135054931494317,0,42,0,0,-4.511950001766151,8.53828306264501,
1,-4.481896093222031,GO:0010039,M1,1,0,GO Biological Processes,19,response to iron ion,19_GO:0050896 response to stimulus,-4.481896093222031,9.502282763266225,6.8308374111629755,21160,31,431,6,1.3921113689095128,0.564357349289637,12010|18174|22041|56208|66734|68066,B2m|Slc11a2|Trf|Becn1|Map1lc3a|Slc25a39,-2.458247040232156,0,43,1,1,-4.481896093222031,14.728538283062647,
1,-4.094209627185017,GO:0071248,M1,1,0,GO Biological Processes,19,cellular response to metal ion,19_GO:0050896 response to stimulus,-4.094209627185017,3.369273463445703,4.903126607490815,21160,204,431,14,3.2482598607888633,0.8539179445623846,12010|12317|15481|15902|17748|17750|19141|20597|22041|56208|66734|68066|98396|232341,B2m|Calr|Hspa8|Id2|Mt1|Mt2|Lgmn|Smpd1|Trf|Becn1|Map1lc3a|Slc25a39|Slc41a1|Wnk1,-2.1657443963492926,0,43,0,0,-4.481896093222031,14.728538283062647,
1,-3.420384700006613,GO:0010038,M1,1,0,GO Biological Processes,19,response to metal ion,19_GO:0050896 response to stimulus,-3.420384700006613,2.4228764275167984,4.062787070623258,21160,385,431,19,4.408352668213457,0.9888023804094944,12010|12313|12317|15481|15902|17748|17750|18174|18538|19141|20597|22041|56208|66734|67860|68066|98396|232341|232975,B2m|Calm1|Calr|Hspa8|Id2|Mt1|Mt2|Slc11a2|Pcna|Lgmn|Smpd1|Trf|Becn1|Map1lc3a|S100a16|Slc25a39|Slc41a1|Wnk1|Atp1a3,-1.6776868211944345,0,43,0,0,-4.481896093222031,14.728538283062647,
1,-3.0432394318330562,GO:0071281,M1,1,0,GO Biological Processes,19,cellular response to iron ion,19_GO:0050896 response to stimulus,-3.0432394318330562,14.728538283062647,6.26132348642668,21160,10,431,3,0.6960556844547564,0.4004668821945242,12010|22041|68066,B2m|Trf|Slc25a39,-1.4101424538930063,0,43,0,0,-4.481896093222031,14.728538283062647,
1,-4.401578038079415,GO:0048732,M1,1,0,GO Biological Processes,19,gland development,19_GO:0032502 developmental process,-4.401578038079415,2.399385935837273,4.7136983664623635,21160,532,431,26,6.0324825986078885,1.1468279803913675,11429|11855|14183|14598|14609|15205|15902|16011|17242|17295|18102|18538|18746|18844|19156|19164|19211|20377|20682|20720|21672|22282|22339|26941|66042|77889,Aco2|Arhgap5|Fgfr2|Ggt1|Gja1|Hes1|Id2|Igfbp5|Mdk|Met|Nme1|Pcna|Pkm|Plxna1|Psap|Psen1|Pten|Sfrp1|Sox9|Serpine2|Prdx2|Usf2|Vegfa|Nherf1|Sostdc1|Lbh,-2.3984798060915513,0,44,1,1,-4.401578038079415,14.728538283062647,
1,-3.7562163984706958,GO:0008544,M1,1,0,GO Biological Processes,19,epidermis development,19_GO:0032502 developmental process,-3.7562163984706958,2.576816090038584,4.363365262487403,21160,362,431,19,4.408352668213457,0.9888023804094944,12560|13039|13167|14183|14368|15183|15205|16011|17295|19156|19164|19224|20682|22601|26941|27999|54325|66042|72333,Cdh3|Ctsl|Dbi|Fgfr2|Fzd6|Hdac3|Hes1|Igfbp5|Met|Psap|Psen1|Ptgs1|Sox9|Yap1|Nherf1|Fam3c|Elovl1|Sostdc1|Palld,-1.9187892277775018,0,44,0,0,-4.401578038079415,14.728538283062647,
1,-3.480965974151445,GO:0043588,M1,1,0,GO Biological Processes,19,skin development,19_GO:0032502 developmental process,-3.480965974151445,2.608178654292343,4.1798187880441295,21160,320,431,17,3.9443155452436196,0.937580844964498,12560|13039|13167|14183|14368|15183|16011|17295|19156|19164|19224|20682|22601|54325|66042|72333|74754,Cdh3|Ctsl|Dbi|Fgfr2|Fzd6|Hdac3|Igfbp5|Met|Psap|Psen1|Ptgs1|Sox9|Yap1|Elovl1|Sostdc1|Palld|Dhcr24,-1.7198803650595547,0,44,0,0,-4.401578038079415,14.728538283062647,
1,-3.461701243260476,GO:0098773,M1,1,0,GO Biological Processes,19,skin epidermis development,19_GO:0032502 developmental process,-3.461701243260476,3.484170346530948,4.475926105998327,21160,155,431,11,2.5522041763341066,0.75963520289345,13039|13167|14183|14368|15183|16011|17295|19164|20682|54325|66042,Ctsl|Dbi|Fgfr2|Fzd6|Hdac3|Igfbp5|Met|Psen1|Sox9|Elovl1|Sostdc1,-1.7036655287121258,0,44,0,0,-4.401578038079415,14.728538283062647,
1,-3.2350168050419743,GO:0022404,M1,1,0,GO Biological Processes,19,molting cycle process,19_GO:0032501 multicellular organismal process,-3.2350168050419743,3.842227378190256,4.406870639194266,21160,115,431,9,2.0881670533642693,0.6887499414793933,12560|13039|13167|14183|14368|16011|19164|20682|66042,Cdh3|Ctsl|Dbi|Fgfr2|Fzd6|Igfbp5|Psen1|Sox9|Sostdc1,-1.5485500868979858,0,44,0,0,-4.401578038079415,14.728538283062647,
1,-3.2350168050419743,GO:0022405,M1,1,0,GO Biological Processes,19,hair cycle process,19_GO:0032501 multicellular organismal process,-3.2350168050419743,3.842227378190256,4.406870639194266,21160,115,431,9,2.0881670533642693,0.6887499414793933,12560|13039|13167|14183|14368|16011|19164|20682|66042,Cdh3|Ctsl|Dbi|Fgfr2|Fzd6|Igfbp5|Psen1|Sox9|Sostdc1,-1.5485500868979858,0,44,0,0,-4.401578038079415,14.728538283062647,
1,-3.1237626789907567,GO:0030879,M1,1,0,GO Biological Processes,19,mammary gland development,19_GO:0032502 developmental process,-3.1237626789907567,3.176743551248806,4.108871282946184,21160,170,431,11,2.5522041763341066,0.75963520289345,11855|14183|14609|15902|16011|18102|20682|22282|22339|66042|77889,Arhgap5|Fgfr2|Gja1|Id2|Igfbp5|Nme1|Sox9|Usf2|Vegfa|Sostdc1|Lbh,-1.459497919853043,0,44,0,0,-4.401578038079415,14.728538283062647,
1,-3.0432394318330562,GO:0060572,M1,1,0,GO Biological Processes,19,morphogenesis of an epithelial bud,19_GO:0032502 developmental process,-3.0432394318330562,14.728538283062647,6.26132348642668,21160,10,431,3,0.6960556844547564,0.4004668821945242,14183|66042|98711,Fgfr2|Sostdc1|Rdh10,-1.4101424538930063,0,44,0,0,-4.401578038079415,14.728538283062647,
1,-2.999587545673621,GO:0042303,M1,1,0,GO Biological Processes,19,molting cycle,19_GO:0032501 multicellular organismal process,-2.999587545673621,3.563356036224834,4.127957541071029,21160,124,431,9,2.0881670533642693,0.6887499414793933,12560|13039|13167|14183|14368|16011|19164|20682|66042,Cdh3|Ctsl|Dbi|Fgfr2|Fzd6|Igfbp5|Psen1|Sox9|Sostdc1,-1.3831962612364237,0,44,0,0,-4.401578038079415,14.728538283062647,
1,-2.999587545673621,GO:0042633,M1,1,0,GO Biological Processes,19,hair cycle,19_GO:0032501 multicellular organismal process,-2.999587545673621,3.563356036224834,4.127957541071029,21160,124,431,9,2.0881670533642693,0.6887499414793933,12560|13039|13167|14183|14368|16011|19164|20682|66042,Cdh3|Ctsl|Dbi|Fgfr2|Fzd6|Igfbp5|Psen1|Sox9|Sostdc1,-1.3831962612364237,0,44,0,0,-4.401578038079415,14.728538283062647,
1,-2.7048278191446222,GO:0001942,M1,1,0,GO Biological Processes,19,hair follicle development,19_GO:0032502 developmental process,-2.7048278191446222,3.538387575510545,3.866346007014006,21160,111,431,8,1.8561484918793503,0.650128600457108,13039|13167|14183|14368|16011|19164|20682|66042,Ctsl|Dbi|Fgfr2|Fzd6|Igfbp5|Psen1|Sox9|Sostdc1,-1.1660786374480283,0,44,0,0,-4.401578038079415,14.728538283062647,
1,-2.06067692307783,GO:0031069,M1,1,0,GO Biological Processes,19,hair follicle morphogenesis,19_GO:0032502 developmental process,-2.06067692307783,4.909512761020881,3.5686396984143998,21160,40,431,4,0.9280742459396751,0.4618787990697793,13039|14183|16011|66042,Ctsl|Fgfr2|Igfbp5|Sostdc1,-0.7338998293682824,0,44,0,0,-4.401578038079415,14.728538283062647,
1,-4.399198898435187,GO:0003401,M1,1,0,GO Biological Processes,19,axis elongation,19_GO:0040007 growth,-4.399198898435187,9.205336426914155,6.697908585662917,21160,32,431,6,1.3921113689095128,0.564357349289637,14183|20377|20682|22601|54612|98711,Fgfr2|Sfrp1|Sox9|Yap1|Sfrp5|Rdh10,-2.3984798060915513,0,45,1,1,-4.399198898435187,21.040768975803783,
1,-3.8401463490307166,GO:0060736,M1,1,0,GO Biological Processes,19,prostate gland growth,19_GO:0040007 growth,-3.8401463490307166,14.027179317202519,7.030679872480538,21160,14,431,4,0.9280742459396751,0.4618787990697793,14183|19156|19211|20682,Fgfr2|Psap|Pten|Sox9,-1.980204573981218,0,45,0,0,-4.399198898435187,21.040768975803783,
1,-3.558533483006703,GO:0060449,M1,1,0,GO Biological Processes,19,bud elongation involved in lung branching,19_GO:0040007 growth,-3.558533483006703,21.040768975803783,7.646706928902789,21160,7,431,3,0.6960556844547564,0.4004668821945242,14183|22601|98711,Fgfr2|Yap1|Rdh10,-1.777174339875729,0,45,0,0,-4.399198898435187,21.040768975803783,
1,-3.2872632470651872,GO:0060602,M1,1,0,GO Biological Processes,19,branch elongation of an epithelium,19_GO:0040007 growth,-3.2872632470651872,10.335816338991329,5.870341483576448,21160,19,431,4,0.9280742459396751,0.4618787990697793,14183|20682|22601|98711,Fgfr2|Sox9|Yap1|Rdh10,-1.5850853499818383,0,45,0,0,-4.399198898435187,21.040768975803783,
1,-2.3357213951948816,GO:0001657,M1,1,0,GO Biological Processes,19,ureteric bud development,19_GO:0032502 developmental process,-2.3357213951948816,3.402632606648136,3.4900062915011,21160,101,431,7,1.6241299303944317,0.608858036876225,14183|14734|14859|15205|20377|20682|114249,Fgfr2|Gpc3|Gsta3|Hes1|Sfrp1|Sox9|Npnt,-0.9339490587550655,0,45,0,0,-4.399198898435187,21.040768975803783,
1,-2.3217039655841814,GO:0048762,M1,1,0,GO Biological Processes,19,mesenchymal cell differentiation,19_GO:0032502 developmental process,-2.3217039655841814,2.653790681632909,3.2577102071205006,21160,185,431,10,2.320185614849188,0.7251454773598325,14183|14609|15205|20347|20351|20377|20682|21859|98711|192176,Fgfr2|Gja1|Hes1|Sema3b|Sema4a|Sfrp1|Sox9|Timp3|Rdh10|Flna,-0.9242518939312238,0,45,0,0,-4.399198898435187,21.040768975803783,
1,-2.2680342784146914,GO:0060441,M1,1,0,GO Biological Processes,19,epithelial tube branching involved in lung morphogenesis,19_GO:0032502 developmental process,-2.2680342784146914,5.610871726881007,3.9365496410754672,21160,35,431,4,0.9280742459396751,0.4618787990697793,14183|20682|22601|98711,Fgfr2|Sox9|Yap1|Rdh10,-0.8822124021041905,0,45,0,0,-4.399198898435187,21.040768975803783,
1,-2.2439336697847576,GO:0072163,M1,1,0,GO Biological Processes,19,mesonephric epithelium development,19_GO:0032502 developmental process,-2.2439336697847576,3.2730085073472543,3.3667829288952675,21160,105,431,7,1.6241299303944317,0.608858036876225,14183|14734|14859|15205|20377|20682|114249,Fgfr2|Gpc3|Gsta3|Hes1|Sfrp1|Sox9|Npnt,-0.8664638678390225,0,45,0,0,-4.399198898435187,21.040768975803783,
1,-2.2439336697847576,GO:0072164,M1,1,0,GO Biological Processes,19,mesonephric tubule development,19_GO:0032502 developmental process,-2.2439336697847576,3.2730085073472543,3.3667829288952675,21160,105,431,7,1.6241299303944317,0.608858036876225,14183|14734|14859|15205|20377|20682|114249,Fgfr2|Gpc3|Gsta3|Hes1|Sfrp1|Sox9|Npnt,-0.8664638678390225,0,45,0,0,-4.399198898435187,21.040768975803783,
1,-2.2206747474772826,GO:0030850,M1,1,0,GO Biological Processes,19,prostate gland development,19_GO:0022414 reproductive process,-2.2206747474772826,4.306590141246388,3.6044808580346848,21160,57,431,5,1.160092807424594,0.5157911622136253,14183|19156|19211|20377|20682,Fgfr2|Psap|Pten|Sfrp1|Sox9,-0.8502382082627513,0,45,0,0,-4.399198898435187,21.040768975803783,
1,-2.1781584010991164,GO:0001823,M1,1,0,GO Biological Processes,19,mesonephros development,19_GO:0032502 developmental process,-2.1781584010991164,3.182091604365386,3.2781981737406314,21160,108,431,7,1.6241299303944317,0.608858036876225,14183|14734|14859|15205|20377|20682|114249,Fgfr2|Gpc3|Gsta3|Hes1|Sfrp1|Sox9|Npnt,-0.8214556381201434,0,45,0,0,-4.399198898435187,21.040768975803783,
1,-2.0039317383630566,GO:0048863,M1,1,0,GO Biological Processes,19,stem cell differentiation,19_GO:0032502 developmental process,-2.0039317383630566,2.26910253660629,2.8390995469067883,21160,238,431,11,2.5522041763341066,0.75963520289345,14183|14598|15205|20347|20351|20377|20682|57776|98711|232345|407785,Fgfr2|Ggt1|Hes1|Sema3b|Sema4a|Sfrp1|Sox9|Ttyh1|Rdh10|A2m|Ndufs6,-0.6946730485766943,0,45,0,0,-4.399198898435187,21.040768975803783,
1,-4.384545995812871,R-MMU-2453902,M1,1,0,Reactome Gene Sets,6,The canonical retinoid cycle in rods (twilight vision),,-4.384545995812871,12.273781902552205,7.273260855804103,21160,20,431,5,1.160092807424594,0.5157911622136253,19682|19771|22139|79235|98711,Rdh5|Rlbp1|Ttr|Lrat|Rdh10,-2.3887621211447483,0,46,1,1,-4.384545995812871,12.273781902552205,
1,-4.235046873150462,R-MMU-2187338,M1,1,0,Reactome Gene Sets,6,Visual phototransduction,,-4.235046873150462,5.198307629316228,5.5923836582088375,21160,85,431,9,2.0881670533642693,0.6887499414793933,11816|12313|14725|14734|19682|19771|22139|79235|98711,Apoe|Calm1|Lrp2|Gpc3|Rdh5|Rlbp1|Ttr|Lrat|Rdh10,-2.2768470411283057,0,46,0,0,-4.384545995812871,12.273781902552205,
1,-2.9020468570363676,R-MMU-975634,M1,1,0,Reactome Gene Sets,6,Retinoid metabolism and transport,,-2.9020468570363676,6.1368909512761025,4.6890019538809975,21160,40,431,5,1.160092807424594,0.5157911622136253,11816|14725|14734|22139|79235,Apoe|Lrp2|Gpc3|Ttr|Lrat,-1.3146756571480698,0,46,0,0,-4.384545995812871,12.273781902552205,
1,-2.713324873693412,R-MMU-6806667,M1,1,0,Reactome Gene Sets,6,Metabolism of fat-soluble vitamins,,-2.713324873693412,5.578991773887366,4.3841701771122406,21160,44,431,5,1.160092807424594,0.5157911622136253,11816|14725|14734|22139|79235,Apoe|Lrp2|Gpc3|Ttr|Lrat,-1.173633671534565,0,46,0,0,-4.384545995812871,12.273781902552205,
1,-2.456868287605386,R-MMU-196854,M1,1,0,Reactome Gene Sets,6,Metabolism of vitamins and cofactors,,-2.456868287605386,2.7737360231756396,3.4169518403258605,21160,177,431,10,2.320185614849188,0.7251454773598325,11816|12313|14725|14734|15519|20525|21452|22139|72621|79235,Apoe|Calm1|Lrp2|Gpc3|Hsp90aa1|Slc2a1|Tcn2|Ttr|Pdzd11|Lrat,-1.0165682622238696,0,46,0,0,-4.384545995812871,12.273781902552205,
1,-2.1985301057313857,GO:0007601,M1,1,0,GO Biological Processes,19,visual perception,19_GO:0032501 multicellular organismal process,-2.1985301057313857,2.7107739171280945,3.161584741804195,21160,163,431,9,2.0881670533642693,0.6887499414793933,12628|17364|19682|19739|19771|20132|57811|79235|98711,Cfh|Trpm1|Rdh5|Rgs9|Rlbp1|Rrh|Rgr|Lrat|Rdh10,-0.8298342280931559,0,46,0,0,-4.384545995812871,12.273781902552205,
1,-2.1319228899426506,GO:0050953,M1,1,0,GO Biological Processes,19,sensory perception of light stimulus,19_GO:0032501 multicellular organismal process,-2.1319228899426506,2.645845200550176,3.0789809128705157,21160,167,431,9,2.0881670533642693,0.6887499414793933,12628|17364|19682|19739|19771|20132|57811|79235|98711,Cfh|Trpm1|Rdh5|Rgs9|Rlbp1|Rrh|Rgr|Lrat|Rdh10,-0.7882919912072361,0,46,0,0,-4.384545995812871,12.273781902552205,
1,-2.0363348045219536,R-MMU-9709957,M1,1,0,Reactome Gene Sets,6,Sensory Perception,,-2.0363348045219536,2.5540817831900546,2.9595028913971073,21160,173,431,9,2.0881670533642693,0.6887499414793933,11816|12313|14725|14734|19682|19771|22139|79235|98711,Apoe|Calm1|Lrp2|Gpc3|Rdh5|Rlbp1|Ttr|Lrat|Rdh10,-0.7137437141297623,0,46,0,0,-4.384545995812871,12.273781902552205,
1,-2.022987468204505,WP1259,M1,1,0,WikiPathways,27,Retinol metabolism,,-2.022987468204505,4.789768547337445,3.502393747780954,21160,41,431,4,0.9280742459396751,0.4618787990697793,19682|19771|79235|98711,Rdh5|Rlbp1|Lrat|Rdh10,-0.7071137375052821,0,46,0,0,-4.384545995812871,12.273781902552205,
1,-4.364968193401103,GO:1901699,M1,1,0,GO Biological Processes,19,cellular response to nitrogen compound,19_GO:0050896 response to stimulus,-4.364968193401103,2.186708269994933,4.590398127433777,21160,696,431,31,7.192575406032483,1.24450010429349,11803|11820|14118|14183|14609|14630|14870|16011|17289|17295|18212|18604|18746|19062|19141|19164|19211|19303|19739|20377|20393|20682|22027|26941|75747|108015|192176|215449|231070|232087|232975,Aplp1|App|Fbn1|Fgfr2|Gja1|Gclm|Gstp1|Igfbp5|Mertk|Met|Ntrk2|Pdk2|Pkm|Inpp5k|Lgmn|Psen1|Pten|Pxn|Rgs9|Sfrp1|Sgk1|Sox9|Hsp90b1|Nherf1|Sesn3|Chrnb4|Flna|Rap1b|Insig1|Mat2a|Atp1a3,-2.3740640833510667,0,47,1,1,-4.364968193401103,4.463193419109892,
1,-2.5613252316455144,GO:0048008,M1,1,0,GO Biological Processes,19,platelet-derived growth factor receptor signaling pathway,19_GO:0050896 response to stimulus,-2.5613252316455144,3.7354988399071924,3.7915415739796003,21160,92,431,7,1.6241299303944317,0.608858036876225,14183|17289|17295|18212|19211|20397|22339,Fgfr2|Mertk|Met|Ntrk2|Pten|Sgpl1|Vegfa,-1.0696165384350231,0,47,0,0,-4.364968193401103,4.463193419109892,
1,-2.5524238743734227,mmu05230,M1,1,0,KEGG Pathway,24,Central carbon metabolism in cancer - Mus musculus (house mouse),,-2.5524238743734227,4.269141531322506,3.9219920686135565,21160,69,431,6,1.3921113689095128,0.564357349289637,14183|15275|17295|18746|19211|20525,Fgfr2|Hk1|Met|Pkm|Pten|Slc2a1,-1.0645415890159842,0,47,0,0,-4.364968193401103,4.463193419109892,
1,-2.4002139761588808,GO:0048010,M1,1,0,GO Biological Processes,19,vascular endothelial growth factor receptor signaling pathway,19_GO:0050896 response to stimulus,-2.4002139761588808,3.980686022449364,3.703667736986042,21160,74,431,6,1.3921113689095128,0.564357349289637,14183|17289|17295|18212|22339|240725,Fgfr2|Mertk|Met|Ntrk2|Vegfa|Sulf1,-0.976658294614591,0,47,0,0,-4.364968193401103,4.463193419109892,
1,-2.3073495465142497,GO:0032869,M1,1,0,GO Biological Processes,19,cellular response to insulin stimulus,19_GO:0050896 response to stimulus,-2.3073495465142497,2.500214832001375,3.1955641801418664,21160,216,431,11,2.5522041763341066,0.75963520289345,14183|14870|17289|17295|18212|18604|18746|19062|19211|20393|231070,Fgfr2|Gstp1|Mertk|Met|Ntrk2|Pdk2|Pkm|Inpp5k|Pten|Sgk1|Insig1,-0.9123971065361235,0,47,0,0,-4.364968193401103,4.463193419109892,
1,-2.304247925307775,GO:0043434,M1,1,0,GO Biological Processes,19,response to peptide hormone,19_GO:0050896 response to stimulus,-2.304247925307775,1.9352851132654927,2.995092944295551,21160,482,431,19,4.408352668213457,0.9888023804094944,14118|14183|14607|14609|14870|16011|17289|17295|18212|18604|18746|19062|19211|19303|20393|20525|66445|75747|231070,Fbn1|Fgfr2|Gip|Gja1|Gstp1|Igfbp5|Mertk|Met|Ntrk2|Pdk2|Pkm|Inpp5k|Pten|Pxn|Sgk1|Slc2a1|Cyc1|Sesn3|Insig1,-0.9099101980747445,0,47,0,0,-4.364968193401103,4.463193419109892,
1,-2.28683362644078,GO:0031547,M1,1,0,GO Biological Processes,19,brain-derived neurotrophic factor receptor signaling pathway,19_GO:0050896 response to stimulus,-2.28683362644078,4.463193419109892,3.7081939638951913,21160,55,431,5,1.160092807424594,0.5157911622136253,14183|17289|17295|18212|232975,Fgfr2|Mertk|Met|Ntrk2|Atp1a3,-0.8961660152627153,0,47,0,0,-4.364968193401103,4.463193419109892,
1,-2.1794483811687426,GO:0032868,M1,1,0,GO Biological Processes,19,response to insulin,19_GO:0050896 response to stimulus,-2.1794483811687426,2.2084313457879396,2.9826088553781376,21160,289,431,13,3.0162412993039442,0.8238419677523642,14183|14870|17289|17295|18212|18604|18746|19062|19211|20393|20525|75747|231070,Fgfr2|Gstp1|Mertk|Met|Ntrk2|Pdk2|Pkm|Inpp5k|Pten|Sgk1|Slc2a1|Sesn3|Insig1,-0.8214556381201434,0,47,0,0,-4.364968193401103,4.463193419109892,
1,-2.1573787470767436,GO:0038063,M1,1,0,GO Biological Processes,19,collagen-activated tyrosine kinase receptor signaling pathway,19_GO:0050896 response to stimulus,-2.1573787470767436,4.160604034763459,3.5054324759522144,21160,59,431,5,1.160092807424594,0.5157911622136253,12828|14183|17289|17295|18212,Col4a3|Fgfr2|Mertk|Met|Ntrk2,-0.8046012030365026,0,47,0,0,-4.364968193401103,4.463193419109892,
1,-2.0104057047783908,GO:0038065,M1,1,0,GO Biological Processes,19,collagen-activated signaling pathway,19_GO:0050896 response to stimulus,-2.0104057047783908,3.835556844547564,3.2758598651679143,21160,64,431,5,1.160092807424594,0.5157911622136253,12828|14183|17289|17295|18212,Col4a3|Fgfr2|Mertk|Met|Ntrk2,-0.7006417275797031,0,47,0,0,-4.364968193401103,4.463193419109892,
1,-2.0104057047783908,GO:0038084,M1,1,0,GO Biological Processes,19,vascular endothelial growth factor signaling pathway,19_GO:0050896 response to stimulus,-2.0104057047783908,3.835556844547564,3.2758598651679143,21160,64,431,5,1.160092807424594,0.5157911622136253,14183|17289|17295|18212|22339,Fgfr2|Mertk|Met|Ntrk2|Vegfa,-0.7006417275797031,0,47,0,0,-4.364968193401103,4.463193419109892,
1,-4.360263961059335,GO:0050767,M1,1,0,GO Biological Processes,19,regulation of neurogenesis,19_GO:0032502 developmental process,-4.360263961059335,2.4910846990380797,4.729128941672622,21160,473,431,24,5.568445475638051,1.1045539173174717,11816|12010|13190|14725|15205|15902|16975|17242|17295|17919|18212|19164|19211|19268|20393|20660|20720|22041|22339|22601|30948|67838|70083|235611,Apoe|B2m|Dct|Lrp2|Hes1|Id2|Lrp8|Mdk|Met|Myo5b|Ntrk2|Psen1|Pten|Ptprf|Sgk1|Sorl1|Serpine2|Trf|Vegfa|Yap1|Bin1|Dnajb11|Metrn|Plxnb1,-2.3722831093582077,0,48,1,1,-4.360263961059335,2.7702579842751063,
1,-4.252376268497115,GO:0048858,M1,1,0,GO Biological Processes,19,cell projection morphogenesis,19_GO:0032502 developmental process,-4.252376268497115,2.3053364269141534,4.575915256291484,21160,575,431,27,6.2645011600928076,1.1672305863967631,11803|11820|12759|14183|14609|14725|16975|17242|17919|18008|18174|18424|18844|19211|20347|20351|20393|22284|22339|29873|57764|70083|78829|81907|235611|277468|399558,Aplp1|App|Clu|Fgfr2|Gja1|Lrp2|Lrp8|Mdk|Myo5b|Nes|Slc11a2|Otx2|Plxna1|Pten|Sema3b|Sema4a|Sgk1|Usp9x|Vegfa|Cspg5|Ntn4|Metrn|Tsc22d4|Tmem108|Plxnb1|Slc39a12|Flrt2,-2.287372728420014,0,48,0,0,-4.360263961059335,2.7702579842751063,
1,-4.176540389503851,GO:0051960,M1,1,0,GO Biological Processes,19,regulation of nervous system development,19_GO:0032502 developmental process,-4.176540389503851,2.2815291660510124,4.516494189555726,21160,581,431,27,6.2645011600928076,1.1672305863967631,11816|11820|12010|13190|14725|15205|15902|16975|17242|17295|17919|18212|19164|19211|19268|20351|20393|20660|20720|22041|22339|22601|30948|67838|70083|235611|399558,Apoe|App|B2m|Dct|Lrp2|Hes1|Id2|Lrp8|Mdk|Met|Myo5b|Ntrk2|Psen1|Pten|Ptprf|Sema4a|Sgk1|Sorl1|Serpine2|Trf|Vegfa|Yap1|Bin1|Dnajb11|Metrn|Plxnb1|Flrt2,-2.2272494746355136,0,48,0,0,-4.360263961059335,2.7702579842751063,
1,-3.9768455997160435,GO:0050769,M1,1,0,GO Biological Processes,19,positive regulation of neurogenesis,19_GO:0032502 developmental process,-3.9768455997160435,2.7702579842751063,4.59377431485478,21160,319,431,18,4.176334106728539,0.9635968533717362,11816|13190|14725|15205|15902|16975|17242|17295|17919|18212|19268|20393|20720|22041|22339|30948|70083|235611,Apoe|Dct|Lrp2|Hes1|Id2|Lrp8|Mdk|Met|Myo5b|Ntrk2|Ptprf|Sgk1|Serpine2|Trf|Vegfa|Bin1|Metrn|Plxnb1,-2.081393321734274,0,48,0,0,-4.360263961059335,2.7702579842751063,
1,-3.8790005721908933,GO:0051962,M1,1,0,GO Biological Processes,19,positive regulation of nervous system development,19_GO:0032502 developmental process,-3.8790005721908933,2.5570378963650424,4.439978379794527,21160,384,431,20,4.640371229698376,1.0132579118225804,11816|13190|14725|15205|15902|16975|17242|17295|17919|18212|19268|20351|20393|20720|22041|22339|30948|70083|235611|399558,Apoe|Dct|Lrp2|Hes1|Id2|Lrp8|Mdk|Met|Myo5b|Ntrk2|Ptprf|Sema4a|Sgk1|Serpine2|Trf|Vegfa|Bin1|Metrn|Plxnb1|Flrt2,-2.0024351580321245,0,48,0,0,-4.360263961059335,2.7702579842751063,
1,-3.8166114035796195,GO:0010975,M1,1,0,GO Biological Processes,19,regulation of neuron projection development,19_GO:0032502 developmental process,-3.8166114035796195,2.2084313457879396,4.247556288960824,21160,578,431,26,6.0324825986078885,1.1468279803913675,11816|11932|12010|14828|15205|16975|17242|17295|17919|18102|18212|19164|19211|19230|19268|20377|20393|20720|20745|22339|56508|70083|107351|192176|235611|277468,Apoe|Atp1b2|B2m|Hspa5|Hes1|Lrp8|Mdk|Met|Myo5b|Nme1|Ntrk2|Psen1|Pten|Twf1|Ptprf|Sfrp1|Sgk1|Serpine2|Spock1|Vegfa|Rapgef4|Metrn|Kank1|Flna|Plxnb1|Slc39a12,-1.960244088888419,0,48,0,0,-4.360263961059335,2.7702579842751063,
1,-3.8021599275440052,GO:0120035,M1,1,0,GO Biological Processes,19,regulation of plasma membrane bounded cell projection organization,19_GO:0050789 regulation of biological process,-3.8021599275440052,2.0090077794458847,4.145855306624713,21160,782,431,32,7.424593967517401,1.2628318646035614,11816|11820|11932|12010|14569|14828|15205|15519|16975|17242|17295|17919|18102|18212|18643|19164|19211|19230|19268|20377|20393|20720|20745|22339|22601|56455|56508|70083|107351|192176|235611|277468,Apoe|App|Atp1b2|B2m|Gdi2|Hspa5|Hes1|Hsp90aa1|Lrp8|Mdk|Met|Myo5b|Nme1|Ntrk2|Pfn1|Psen1|Pten|Twf1|Ptprf|Sfrp1|Sgk1|Serpine2|Spock1|Vegfa|Yap1|Dynll1|Rapgef4|Metrn|Kank1|Flna|Plxnb1|Slc39a12,-1.9493378936174544,0,48,0,0,-4.360263961059335,2.7702579842751063,
1,-3.645062074961491,GO:0031344,M1,1,0,GO Biological Processes,19,regulation of cell projection organization,19_GO:0050789 regulation of biological process,-3.645062074961491,1.9687269217126342,4.022440484136085,21160,798,431,32,7.424593967517401,1.2628318646035614,11816|11820|11932|12010|14569|14828|15205|15519|16975|17242|17295|17919|18102|18212|18643|19164|19211|19230|19268|20377|20393|20720|20745|22339|22601|56455|56508|70083|107351|192176|235611|277468,Apoe|App|Atp1b2|B2m|Gdi2|Hspa5|Hes1|Hsp90aa1|Lrp8|Mdk|Met|Myo5b|Nme1|Ntrk2|Pfn1|Psen1|Pten|Twf1|Ptprf|Sfrp1|Sgk1|Serpine2|Spock1|Vegfa|Yap1|Dynll1|Rapgef4|Metrn|Kank1|Flna|Plxnb1|Slc39a12,-1.8406376277618237,0,48,0,0,-4.360263961059335,2.7702579842751063,
1,-3.2753637839164456,GO:0048812,M1,1,0,GO Biological Processes,19,neuron projection morphogenesis,19_GO:0032502 developmental process,-3.2753637839164456,2.1078408991860678,3.8276848730821724,21160,559,431,24,5.568445475638051,1.1045539173174717,11803|11820|12759|14183|14609|14725|16975|17919|18174|18424|18844|19211|20347|20351|20393|22284|22339|57764|70083|78829|81907|235611|277468|399558,Aplp1|App|Clu|Fgfr2|Gja1|Lrp2|Lrp8|Myo5b|Slc11a2|Otx2|Plxna1|Pten|Sema3b|Sema4a|Sgk1|Usp9x|Vegfa|Ntn4|Metrn|Tsc22d4|Tmem108|Plxnb1|Slc39a12|Flrt2,-1.5756746872367913,0,48,0,0,-4.360263961059335,2.7702579842751063,
1,-3.210276301270725,GO:0120039,M1,1,0,GO Biological Processes,19,plasma membrane bounded cell projection morphogenesis,19_GO:0032502 developmental process,-3.210276301270725,2.0854567480442685,3.7709682622764804,21160,565,431,24,5.568445475638051,1.1045539173174717,11803|11820|12759|14183|14609|14725|16975|17919|18174|18424|18844|19211|20347|20351|20393|22284|22339|57764|70083|78829|81907|235611|277468|399558,Aplp1|App|Clu|Fgfr2|Gja1|Lrp2|Lrp8|Myo5b|Slc11a2|Otx2|Plxna1|Pten|Sema3b|Sema4a|Sgk1|Usp9x|Vegfa|Ntn4|Metrn|Tsc22d4|Tmem108|Plxnb1|Slc39a12|Flrt2,-1.5300002456352058,0,48,0,0,-4.360263961059335,2.7702579842751063,
1,-2.8302446742806024,GO:0031346,M1,1,0,GO Biological Processes,19,positive regulation of cell projection organization,19_GO:0048518 positive regulation of biological process,-2.8302446742806024,2.1116183918369384,3.494994633883766,21160,465,431,20,4.640371229698376,1.0132579118225804,11816|11932|14828|15519|16975|17242|17295|17919|18102|18212|18643|19230|19268|20393|20720|22339|56455|70083|192176|235611,Apoe|Atp1b2|Hspa5|Hsp90aa1|Lrp8|Mdk|Met|Myo5b|Nme1|Ntrk2|Pfn1|Twf1|Ptprf|Sgk1|Serpine2|Vegfa|Dynll1|Metrn|Flna|Plxnb1,-1.263181142875539,0,48,0,0,-4.360263961059335,2.7702579842751063,
1,-2.25452285619353,GO:0010720,M1,1,0,GO Biological Processes,19,positive regulation of cell development,19_GO:0032502 developmental process,-2.25452285619353,1.8443607867878091,2.9173385938233323,21160,559,431,21,4.872389791183295,1.0370165094783361,11816|13190|14456|14609|14725|15205|15519|15902|16975|17242|17295|17919|18212|19268|20393|20720|22041|22339|30948|70083|235611,Apoe|Dct|Gas6|Gja1|Lrp2|Hes1|Hsp90aa1|Id2|Lrp8|Mdk|Met|Myo5b|Ntrk2|Ptprf|Sgk1|Serpine2|Trf|Vegfa|Bin1|Metrn|Plxnb1,-0.8728970944766372,0,48,0,0,-4.360263961059335,2.7702579842751063,
1,-2.0616975123937955,GO:0048667,M1,1,0,GO Biological Processes,19,cell morphogenesis involved in neuron differentiation,19_GO:0032502 developmental process,-2.0616975123937955,1.8326275532297984,2.7418024163253825,21160,509,431,19,4.408352668213457,0.9888023804094944,11803|11820|14183|14725|15205|15902|16975|17919|18174|18424|19211|20347|20351|22284|22339|26941|57764|70083|399558,Aplp1|App|Fgfr2|Lrp2|Hes1|Id2|Lrp8|Myo5b|Slc11a2|Otx2|Pten|Sema3b|Sema4a|Usp9x|Vegfa|Nherf1|Ntn4|Metrn|Flrt2,-0.7338998293682824,0,48,0,0,-4.360263961059335,2.7702579842751063,
1,-4.343912428150182,GO:0046850,M1,1,0,GO Biological Processes,19,regulation of bone remodeling,19_GO:0032501 multicellular organismal process,-4.343912428150182,6.136890951276102,5.934543308975565,21160,64,431,8,1.8561484918793503,0.650128600457108,14609|15932|16410|16998|17242|20377|22041|22339,Gja1|Idua|Itgav|Ltbp3|Mdk|Sfrp1|Trf|Vegfa,-2.360226675105327,0,49,1,1,-4.343912428150182,6.136890951276102,
1,-4.194809625178468,GO:0034103,M1,1,0,GO Biological Processes,19,regulation of tissue remodeling,19_GO:0032501 multicellular organismal process,-4.194809625178468,5.13786219176604,5.544326392188811,21160,86,431,9,2.0881670533642693,0.6887499414793933,13010|14609|15932|16410|16998|17242|20377|22041|22339,Cst3|Gja1|Idua|Itgav|Ltbp3|Mdk|Sfrp1|Trf|Vegfa,-2.2433085555050143,0,49,0,0,-4.343912428150182,6.136890951276102,
1,-3.1133030609869183,GO:2000179,M1,1,0,GO Biological Processes,19,positive regulation of neural precursor cell proliferation,19_GO:0048518 positive regulation of biological process,-3.1133030609869183,4.644133692857591,4.528038272346998,21160,74,431,7,1.6241299303944317,0.608858036876225,13190|14725|17242|18008|22041|22339|192176,Dct|Lrp2|Mdk|Nes|Trf|Vegfa|Flna,-1.4554058434021109,0,49,0,0,-4.343912428150182,6.136890951276102,
1,-2.9261477698633915,GO:2000177,M1,1,0,GO Biological Processes,19,regulation of neural precursor cell proliferation,19_GO:0050789 regulation of biological process,-2.9261477698633915,3.4791822715896017,4.040701192401868,21160,127,431,9,2.0881670533642693,0.6887499414793933,13190|14725|15902|17242|18008|20733|22041|22339|192176,Dct|Lrp2|Id2|Mdk|Nes|Spint2|Trf|Vegfa|Flna,-1.323864739337561,0,49,0,0,-4.343912428150182,6.136890951276102,
1,-2.321055066027313,GO:0045124,M1,1,0,GO Biological Processes,19,regulation of bone resorption,19_GO:0042592 homeostatic process,-2.321055066027313,4.545845149093409,3.761929974024335,21160,54,431,5,1.160092807424594,0.5157911622136253,15932|16410|16998|22041|22339,Idua|Itgav|Ltbp3|Trf|Vegfa,-0.9242518939312238,0,49,0,0,-4.343912428150182,6.136890951276102,
1,-4.337426379743783,GO:0033365,M1,1,0,GO Biological Processes,19,protein localization to organelle,19_GO:0051179 localization,-4.337426379743783,2.0891543663918646,4.525434706090649,21160,799,431,34,7.888631090487239,1.2984307935647987,12317|12520|12751|12759|14609|14725|14828|15183|15275|15481|15519|20660|20682|22284|24010|30055|56208|56334|65098|67067|67184|69683|69804|73024|75608|76687|110379|208263|208634|231070|232341|238799|433667|665155,Calr|Cd81|Tpp1|Clu|Gja1|Lrp2|Hspa5|Hdac3|Hk1|Hspa8|Hsp90aa1|Sorl1|Sox9|Usp9x|Ik|Timm13|Becn1|Tmed2|Zfand6|Romo1|Ndufa13|Emc10|Tmem147|Emc7|Chmp4b|Spcs3|Sec13|Tor1aip1|Tspan10|Insig1|Wnk1|Tnpo1|Ankrd13c|Srp54b,-2.356120328444282,0,50,1,1,-4.337426379743783,2.8054358634405037,
1,-3.7562163984706958,GO:0072594,M1,1,0,GO Biological Processes,19,establishment of protein localization to organelle,19_GO:0051179 localization,-3.7562163984706958,2.576816090038584,4.363365262487403,21160,362,431,19,4.408352668213457,0.9888023804094944,12759|14725|14828|15275|15481|15519|20660|22284|30055|56208|65098|67067|67184|75608|76687|110379|208634|238799|665155,Clu|Lrp2|Hspa5|Hk1|Hspa8|Hsp90aa1|Sorl1|Usp9x|Timm13|Becn1|Zfand6|Romo1|Ndufa13|Chmp4b|Spcs3|Sec13|Tspan10|Tnpo1|Srp54b,-1.9187892277775018,0,50,0,0,-4.337426379743783,2.8054358634405037,
1,-3.501461947220304,GO:0006886,M1,1,0,GO Biological Processes,19,intracellular protein transport,19_GO:0051179 localization,-3.501461947220304,2.186053919564029,4.021989969194188,21160,539,431,24,5.568445475638051,1.1045539173174717,11773|11842|12317|12759|14828|15481|15519|17919|19156|20660|22027|22284|24045|30055|56041|56208|56334|66111|67067|67184|67511|110379|238799|245049,Ap2m1|Arf3|Calr|Clu|Hspa5|Hspa8|Hsp90aa1|Myo5b|Psap|Sorl1|Hsp90b1|Usp9x|Scamp3|Timm13|Uso1|Becn1|Tmed2|Tmed3|Romo1|Ndufa13|Tmed9|Sec13|Tnpo1|Myrip,-1.7304612555075862,0,50,0,0,-4.337426379743783,2.8054358634405037,
1,-3.2732186951748896,GO:0006605,M1,1,0,GO Biological Processes,19,protein targeting,19_GO:0051179 localization,-3.2732186951748896,2.8054358634405037,4.098577970352124,21160,245,431,14,3.2482598607888633,0.8539179445623846,12759|14828|15481|15519|20660|30055|54208|56208|65098|67067|67184|75608|76687|665155,Clu|Hspa5|Hspa8|Hsp90aa1|Sorl1|Timm13|Arl6ip1|Becn1|Zfand6|Romo1|Ndufa13|Chmp4b|Spcs3|Srp54b,-1.5747686706107837,0,50,0,0,-4.337426379743783,2.8054358634405037,
1,-4.300969297524887,GO:0034635,M1,1,0,GO Biological Processes,19,glutathione transport,19_GO:0051179 localization,-4.300969297524887,17.85277367643957,8.061573928975994,21160,11,431,4,0.9280742459396751,0.4618787990697793,14609|19879|26941|68066,Gja1|Slc22a8|Nherf1|Slc25a39,-2.3243838848979705,0,51,1,1,-4.300969297524887,17.85277367643957,
1,-3.9792467213418217,GO:0042939,M1,1,0,GO Biological Processes,19,tripeptide transport,19_GO:0051179 localization,-3.9792467213418217,15.10619311083348,7.335912575328632,21160,13,431,4,0.9280742459396751,0.4618787990697793,14609|19879|26941|68066,Gja1|Slc22a8|Nherf1|Slc25a39,-2.08184255476253,0,51,0,0,-4.300969297524887,17.85277367643957,
1,-3.895131740883159,GO:0072337,M1,1,0,GO Biological Processes,19,modified amino acid transport,19_GO:0051179 localization,-3.895131740883159,7.553096555416742,5.906342954405892,21160,39,431,6,1.3921113689095128,0.564357349289637,14412|14609|14725|19879|26941|68066,Slc6a13|Gja1|Lrp2|Slc22a8|Nherf1|Slc25a39,-2.011210082193117,0,51,0,0,-4.300969297524887,17.85277367643957,
1,-3.112575679760286,GO:0006857,M1,1,0,GO Biological Processes,19,oligopeptide transport,19_GO:0051179 localization,-3.112575679760286,9.351452878135012,5.521111165629518,21160,21,431,4,0.9280742459396751,0.4618787990697793,14609|19879|26941|68066,Gja1|Slc22a8|Nherf1|Slc25a39,-1.4554058434021109,0,51,0,0,-4.300969297524887,17.85277367643957,
1,-3.065432786511828,GO:0015800,M1,1,0,GO Biological Processes,19,acidic amino acid transport,19_GO:0051179 localization,-3.065432786511828,5.355832102931871,4.663981579170449,21160,55,431,6,1.3921113689095128,0.564357349289637,14412|14609|18212|19164|26941|57776,Slc6a13|Gja1|Ntrk2|Psen1|Nherf1|Ttyh1,-1.4193708314074105,0,51,0,0,-4.300969297524887,17.85277367643957,
1,-2.2238004684132417,GO:0090162,M1,1,0,GO Biological Processes,19,establishment of epithelial cell polarity,19_GO:0009987 cellular process,-2.2238004684132417,5.455014178912091,3.8575298037918055,21160,36,431,4,0.9280742459396751,0.4618787990697793,14107|14609|15205|26941,Fat1|Gja1|Hes1|Nherf1,-0.8521996001316046,0,51,0,0,-4.300969297524887,17.85277367643957,
1,-2.164928630332752,GO:0042886,M1,1,0,GO Biological Processes,19,amide transport,19_GO:0051179 localization,-2.164928630332752,2.6779160514659357,3.1199762629112233,21160,165,431,9,2.0881670533642693,0.6887499414793933,14609|14725|18830|19156|19879|26941|56508|57394|68066,Gja1|Lrp2|Pltp|Psap|Slc22a8|Nherf1|Rapgef4|Cltrn|Slc25a39,-0.8100750442659411,0,51,0,0,-4.300969297524887,17.85277367643957,
1,-2.050248685621968,GO:0046942,M1,1,0,GO Biological Processes,19,carboxylic acid transport,19_GO:0051179 localization,-2.050248685621968,2.127455529775715,2.835958850072843,21160,300,431,13,3.0162412993039442,0.8238419677523642,11816|14412|14609|14725|18212|19156|19164|19879|20525|26941|28250|57776|232975,Apoe|Slc6a13|Gja1|Lrp2|Ntrk2|Psap|Psen1|Slc22a8|Slc2a1|Nherf1|Slco1a4|Ttyh1|Atp1a3,-0.7255696369681118,0,51,0,0,-4.300969297524887,17.85277367643957,
1,-2.027609212403395,GO:0015849,M1,1,0,GO Biological Processes,19,organic acid transport,19_GO:0051179 localization,-2.027609212403395,2.113366420307002,2.809973907048415,21160,302,431,13,3.0162412993039442,0.8238419677523642,11816|14412|14609|14725|18212|19156|19164|19879|20525|26941|28250|57776|232975,Apoe|Slc6a13|Gja1|Lrp2|Ntrk2|Psap|Psen1|Slc22a8|Slc2a1|Nherf1|Slco1a4|Ttyh1|Atp1a3,-0.7086480671713771,0,51,0,0,-4.300969297524887,17.85277367643957,
1,-4.282622894721096,GO:0043523,M1,1,0,GO Biological Processes,19,regulation of neuron apoptotic process,19_GO:0050789 regulation of biological process,-4.282622894721096,2.826689165436265,4.8225197667731035,21160,330,431,19,4.408352668213457,0.9888023804094944,11816|11820|12759|14630|15183|15516|17242|17748|18008|18212|19125|19141|19164|19268|21672|21937|22339|66168|68212,Apoe|App|Clu|Gclm|Hdac3|Hsp90ab1|Mdk|Mt1|Nes|Ntrk2|Prodh|Lgmn|Psen1|Ptprf|Prdx2|Tnfrsf1a|Vegfa|Grina|Tmbim4,-2.308378697909083,0,52,1,1,-4.282622894721096,3.110098581642187,
1,-3.727426074931526,GO:0043524,M1,1,0,GO Biological Processes,19,negative regulation of neuron apoptotic process,19_GO:0048519 negative regulation of biological process,-3.727426074931526,3.110098581642187,4.54692658956915,21160,221,431,14,3.2482598607888633,0.8539179445623846,11816|12759|14630|15516|17242|17748|18008|18212|19141|19164|21672|22339|66168|68212,Apoe|Clu|Gclm|Hsp90ab1|Mdk|Mt1|Nes|Ntrk2|Lgmn|Psen1|Prdx2|Vegfa|Grina|Tmbim4,-1.8986422818724138,0,52,0,0,-4.282622894721096,3.110098581642187,
1,-4.273745267709659,R-MMU-9013418,M1,1,0,Reactome Gene Sets,6,RHOBTB2 GTPase cycle,,-4.273745267709659,11.689316097668765,7.066662929308369,21160,21,431,5,1.160092807424594,0.5157911622136253,15516|15519|19230|53382|246710,Hsp90ab1|Hsp90aa1|Twf1|Txnl1|Rhobtb2,-2.304145975943409,0,53,1,1,-4.273745267709659,11.689316097668765,
1,-3.358330097682384,R-MMU-9706574,M1,1,0,Reactome Gene Sets,6,RHOBTB GTPase Cycle,,-3.358330097682384,7.671113689095128,5.445542672395675,21160,32,431,5,1.160092807424594,0.5157911622136253,15516|15519|19230|53382|246710,Hsp90ab1|Hsp90aa1|Twf1|Txnl1|Rhobtb2,-1.6409122340422981,0,53,0,0,-4.273745267709659,11.689316097668765,
1,-3.2894319044437275,R-MMU-3371497,M1,1,0,Reactome Gene Sets,6,HSP90 chaperone cycle for steroid hormone receptors (SHR) in the presence of ligand,,-3.2894319044437275,5.891415313225059,4.993125166003056,21160,50,431,6,1.3921113689095128,0.564357349289637,15481|15516|15519|20867|22143|56455,Hspa8|Hsp90ab1|Hsp90aa1|Stip1|Tuba1b|Dynll1,-1.5850853499818383,0,53,0,0,-4.273745267709659,11.689316097668765,
1,-2.685812890001228,R-MMU-3371568,M1,1,0,Reactome Gene Sets,6,Attenuation phase,,-2.685812890001228,11.329644833125114,5.371922164584881,21160,13,431,3,0.6960556844547564,0.4004668821945242,15481|15516|15519,Hspa8|Hsp90ab1|Hsp90aa1,-1.1577616205648649,0,53,0,0,-4.273745267709659,11.689316097668765,
1,-2.5876499721240496,R-MMU-399954,M1,1,0,Reactome Gene Sets,6,Sema3A PAK dependent Axon repulsion,,-2.5876499721240496,10.520384487901891,5.138086608586074,21160,14,431,3,0.6960556844547564,0.4004668821945242,15516|15519|18844,Hsp90ab1|Hsp90aa1|Plxna1,-1.086617962398818,0,53,0,0,-4.273745267709659,11.689316097668765,
1,-2.584969475901251,R-MMU-373755,M1,1,0,Reactome Gene Sets,6,Semaphorin interactions,,-2.584969475901251,5.222885915979662,4.17907660929125,21160,47,431,5,1.160092807424594,0.5157911622136253,15516|15519|18844|20351|235611,Hsp90ab1|Hsp90aa1|Plxna1|Sema4a|Plxnb1,-1.0858781503814172,0,53,0,0,-4.273745267709659,11.689316097668765,
1,-2.131136064499497,GO:0051131,M1,1,0,GO Biological Processes,19,chaperone-mediated protein complex assembly,19_GO:0009987 cellular process,-2.131136064499497,7.364269141531324,4.10589720672374,21160,20,431,3,0.6960556844547564,0.4004668821945242,12759|15516|15519,Clu|Hsp90ab1|Hsp90aa1,-0.7882919912072361,0,53,0,0,-4.273745267709659,11.689316097668765,
1,-2.0967465255887845,R-MMU-8852276,M1,1,0,Reactome Gene Sets,6,The role of GTSE1 in G2/M progression after G2 checkpoint,,-2.0967465255887845,4.024190787722034,3.4106738870060713,21160,61,431,5,1.160092807424594,0.5157911622136253,15516|15519|22143|23996|26442,Hsp90ab1|Hsp90aa1|Tuba1b|Psmc4|Psma5,-0.7583392627815522,0,53,0,0,-4.273745267709659,11.689316097668765,
1,-2.013560873540683,R-MMU-3371571,M1,1,0,Reactome Gene Sets,6,HSF1-dependent transactivation,,-2.013560873540683,6.69479012866484,3.8534891967675313,21160,22,431,3,0.6960556844547564,0.4004668821945242,15481|15516|15519,Hspa8|Hsp90ab1|Hsp90aa1,-0.7017698472389257,0,53,0,0,-4.273745267709659,11.689316097668765,
1,-4.260067031425847,GO:0030900,M1,1,0,GO Biological Processes,19,forebrain development,19_GO:0032502 developmental process,-4.260067031425847,2.454756380510441,4.648712100764901,21160,480,431,24,5.568445475638051,1.1045539173174717,11803|11820|11932|13167|13190|14183|14725|15205|15481|15902|16975|17242|18212|18424|18844|19164|19211|20525|22272|22284|67199|81907|192176|232975,Aplp1|App|Atp1b2|Dbi|Dct|Fgfr2|Lrp2|Hes1|Hspa8|Id2|Lrp8|Mdk|Ntrk2|Otx2|Plxna1|Psen1|Pten|Slc2a1|Uqcrq|Usp9x|Pfdn1|Tmem108|Flna|Atp1a3,-2.2927716945691614,0,54,1,1,-4.260067031425847,4.035215967962369,
1,-3.78219693408663,GO:0007420,M1,1,0,GO Biological Processes,19,brain development,19_GO:0032502 developmental process,-3.78219693408663,2.00388275960036,4.130271397442715,21160,784,431,32,7.424593967517401,1.2628318646035614,11803|11820|11932|13167|13190|14183|14368|14725|14828|15205|15481|15902|16975|17242|17295|18008|18212|18424|18844|19156|19164|19211|20168|20525|20720|22272|22284|67199|81907|104001|192176|232975,Aplp1|App|Atp1b2|Dbi|Dct|Fgfr2|Fzd6|Lrp2|Hspa5|Hes1|Hspa8|Id2|Lrp8|Mdk|Met|Nes|Ntrk2|Otx2|Plxna1|Psap|Psen1|Pten|Rtn3|Slc2a1|Serpine2|Uqcrq|Usp9x|Pfdn1|Tmem108|Rtn1|Flna|Atp1a3,-1.9363798017287377,0,54,0,0,-4.260067031425847,4.035215967962369,
1,-3.526496555237256,GO:0030902,M1,1,0,GO Biological Processes,19,hindbrain development,19_GO:0032502 developmental process,-3.526496555237256,3.1286110731995813,4.405084407110117,21160,204,431,13,3.0162412993039442,0.8238419677523642,11932|14828|15205|15481|17242|18424|19156|19164|20720|22272|22284|67199|192176,Atp1b2|Hspa5|Hes1|Hspa8|Mdk|Otx2|Psap|Psen1|Serpine2|Uqcrq|Usp9x|Pfdn1|Flna,-1.7540311252662646,0,54,0,0,-4.260067031425847,4.035215967962369,
1,-3.4189519195054903,GO:0021537,M1,1,0,GO Biological Processes,19,telencephalon development,19_GO:0032502 developmental process,-3.4189519195054903,2.575978917819598,4.122045324993725,21160,324,431,17,3.9443155452436196,0.937580844964498,11932|13167|15205|15902|16975|17242|18212|18424|19164|19211|20525|22272|22284|67199|81907|192176|232975,Atp1b2|Dbi|Hes1|Id2|Lrp8|Mdk|Ntrk2|Otx2|Psen1|Pten|Slc2a1|Uqcrq|Usp9x|Pfdn1|Tmem108|Flna|Atp1a3,-1.6776218984599929,0,54,0,0,-4.260067031425847,4.035215967962369,
1,-2.921786031729921,GO:0022037,M1,1,0,GO Biological Processes,19,metencephalon development,19_GO:0032502 developmental process,-2.921786031729921,3.2088318699482885,3.9538791057105636,21160,153,431,10,2.320185614849188,0.7251454773598325,14828|15481|17242|18424|19156|19164|20720|22272|22284|67199,Hspa5|Hspa8|Mdk|Otx2|Psap|Psen1|Serpine2|Uqcrq|Usp9x|Pfdn1,-1.3214815671861784,0,54,0,0,-4.260067031425847,4.035215967962369,
1,-2.654460205182832,GO:0021549,M1,1,0,GO Biological Processes,19,cerebellum development,19_GO:0032502 developmental process,-2.654460205182832,3.1788212121717945,3.7162022108159847,21160,139,431,9,2.0881670533642693,0.6887499414793933,14828|15481|17242|19156|19164|20720|22272|22284|67199,Hspa5|Hspa8|Mdk|Psap|Psen1|Serpine2|Uqcrq|Usp9x|Pfdn1,-1.1341587361880876,0,54,0,0,-4.260067031425847,4.035215967962369,
1,-2.4295805706589344,GO:0021695,M1,1,0,GO Biological Processes,19,cerebellar cortex development,19_GO:0032502 developmental process,-2.4295805706589344,4.035215967962369,3.7457661266572653,21160,73,431,6,1.3921113689095128,0.564357349289637,14828|17242|19156|20720|22272|22284,Hspa5|Mdk|Psap|Serpine2|Uqcrq|Usp9x,-0.9933177833676996,0,54,0,0,-4.260067031425847,4.035215967962369,
1,-2.3222827058468045,GO:0021543,M1,1,0,GO Biological Processes,19,pallium development,19_GO:0032502 developmental process,-2.3222827058468045,2.5118437381967302,3.2127947517393993,21160,215,431,11,2.5522041763341066,0.75963520289345,16975|17242|18212|19164|19211|20525|22272|22284|81907|192176|232975,Lrp8|Mdk|Ntrk2|Psen1|Pten|Slc2a1|Uqcrq|Usp9x|Tmem108|Flna|Atp1a3,-0.9242518939312238,0,54,0,0,-4.260067031425847,4.035215967962369,
1,-2.1864291819764263,GO:0021761,M1,1,0,GO Biological Processes,19,limbic system development,19_GO:0032502 developmental process,-2.1864291819764263,2.9093408954197817,3.2090714386981154,21160,135,431,8,1.8561484918793503,0.650128600457108,14183|16975|17242|18844|19211|22272|22284|81907,Fgfr2|Lrp8|Mdk|Plxna1|Pten|Uqcrq|Usp9x|Tmem108,-0.8234856332272877,0,54,0,0,-4.260067031425847,4.035215967962369,
1,-4.2461554613040295,GO:0060688,M1,1,0,GO Biological Processes,19,regulation of morphogenesis of a branching structure,19_GO:0032502 developmental process,-4.2461554613040295,5.950924558813189,5.808658364007847,21160,66,431,8,1.8561484918793503,0.650128600457108,14183|17242|17295|20377|20682|22339|57764|240725,Fgfr2|Mdk|Met|Sfrp1|Sox9|Vegfa|Ntn4|Sulf1,-2.2834316875218272,0,55,1,1,-4.2461554613040295,5.950924558813189,
1,-3.8473946770334906,GO:1905330,M1,1,0,GO Biological Processes,19,regulation of morphogenesis of an epithelium,19_GO:0032502 developmental process,-3.8473946770334906,5.236813611755607,5.300053046215292,21160,75,431,8,1.8561484918793503,0.650128600457108,14609|17242|17295|20377|20682|22339|57764|240725,Gja1|Mdk|Met|Sfrp1|Sox9|Vegfa|Ntn4|Sulf1,-1.9820354369516984,0,55,0,0,-4.2461554613040295,5.950924558813189,
1,-2.3357213951948816,GO:2000027,M1,1,0,GO Biological Processes,19,regulation of animal organ morphogenesis,19_GO:0032502 developmental process,-2.3357213951948816,3.402632606648136,3.4900062915011,21160,101,431,7,1.6241299303944317,0.608858036876225,17295|20377|20682|22339|54612|57764|240725,Met|Sfrp1|Sox9|Vegfa|Sfrp5|Ntn4|Sulf1,-0.9339490587550655,0,55,0,0,-4.2461554613040295,5.950924558813189,
1,-2.06067692307783,GO:0010719,M1,1,0,GO Biological Processes,19,negative regulation of epithelial to mesenchymal transition,19_GO:0048519 negative regulation of biological process,-2.06067692307783,4.909512761020881,3.5686396984143998,21160,40,431,4,0.9280742459396751,0.4618787990697793,19211|20377|22339|246154,Pten|Sfrp1|Vegfa|Vasn,-0.7338998293682824,0,55,0,0,-4.2461554613040295,5.950924558813189,
1,-4.148897505519237,R-MMU-71387,M1,1,0,Reactome Gene Sets,6,Metabolism of carbohydrates,,-4.148897505519237,3.092606463635201,4.838001250774575,21160,254,431,16,3.7122969837587005,0.9106848975099868,11674|12313|14734|15212|15275|18655|18746|20442|20525|21351|21881|26384|27357|29873|56375|110379,Aldoa|Calm1|Gpc3|Hexb|Hk1|Pgk1|Pkm|St3gal1|Slc2a1|Taldo1|Tkt|Gnpda1|Gyg1|Cspg5|B4galt4|Sec13,-2.2061703601532883,0,56,1,1,-4.148897505519237,10.910028357824181,
1,-3.6977495054839182,mmu01200,M1,1,0,KEGG Pathway,24,Carbon metabolism - Mus musculus (house mouse),,-3.6977495054839182,4.024190787722034,4.830408997796792,21160,122,431,10,2.320185614849188,0.7251454773598325,11429|11430|11674|15275|18655|18746|20917|21351|21881|235339,Aco2|Acox1|Aldoa|Hk1|Pgk1|Pkm|Suclg2|Taldo1|Tkt|Dlat,-1.8778928610013872,0,56,0,0,-4.148897505519237,10.910028357824181,
1,-3.6887905447305145,mmu01230,M1,1,0,KEGG Pathway,24,Biosynthesis of amino acids - Mus musculus (house mouse),,-3.6887905447305145,4.971658492173044,5.099608874280281,21160,79,431,8,1.8561484918793503,0.650128600457108,11429|11674|14645|18655|18746|21351|21881|232087,Aco2|Aldoa|Glul|Pgk1|Pkm|Taldo1|Tkt|Mat2a,-1.8760230966200808,0,56,0,0,-4.148897505519237,10.910028357824181,
1,-3.3829218961351204,GO:0006735,M1,1,0,GO Biological Processes,19,NADH regeneration,19_GO:0009987 cellular process,-3.3829218961351204,10.910028357824181,6.06506059421402,21160,18,431,4,0.9280742459396751,0.4618787990697793,11674|15275|18655|18746,Aldoa|Hk1|Pgk1|Pkm,-1.6537125077654766,0,56,0,0,-4.148897505519237,10.910028357824181,
1,-3.3829218961351204,GO:0061621,M1,1,0,GO Biological Processes,19,canonical glycolysis,19_GO:0009987 cellular process,-3.3829218961351204,10.910028357824181,6.06506059421402,21160,18,431,4,0.9280742459396751,0.4618787990697793,11674|15275|18655|18746,Aldoa|Hk1|Pgk1|Pkm,-1.6537125077654766,0,56,0,0,-4.148897505519237,10.910028357824181,
1,-3.3829218961351204,GO:0061718,M1,1,0,GO Biological Processes,19,glucose catabolic process to pyruvate,19_GO:0009987 cellular process,-3.3829218961351204,10.910028357824181,6.06506059421402,21160,18,431,4,0.9280742459396751,0.4618787990697793,11674|15275|18655|18746,Aldoa|Hk1|Pgk1|Pkm,-1.6537125077654766,0,56,0,0,-4.148897505519237,10.910028357824181,
1,-3.3375202361248664,WP157,M1,1,0,WikiPathways,27,Glycolysis and gluconeogenesis,,-3.3375202361248664,6.011648278801081,5.064321286252223,21160,49,431,6,1.3921113689095128,0.564357349289637,11674|15275|18655|18746|20525|235339,Aldoa|Hk1|Pgk1|Pkm|Slc2a1|Dlat,-1.622679795372591,0,56,0,0,-4.148897505519237,10.910028357824181,
1,-3.112575679760286,GO:0061620,M1,1,0,GO Biological Processes,19,glycolytic process through glucose-6-phosphate,19_GO:0009987 cellular process,-3.112575679760286,9.351452878135012,5.521111165629518,21160,21,431,4,0.9280742459396751,0.4618787990697793,11674|15275|18655|18746,Aldoa|Hk1|Pgk1|Pkm,-1.4554058434021109,0,56,0,0,-4.148897505519237,10.910028357824181,
1,-2.956424542315766,GO:0019677,M1,1,0,GO Biological Processes,19,NAD catabolic process,19_GO:0009987 cellular process,-2.956424542315766,8.53828306264501,5.215689319534731,21160,23,431,4,0.9280742459396751,0.4618787990697793,11674|15275|18655|18746,Aldoa|Hk1|Pgk1|Pkm,-1.3471446714465674,0,56,0,0,-4.148897505519237,10.910028357824181,
1,-2.956424542315766,GO:0061615,M1,1,0,GO Biological Processes,19,glycolytic process through fructose-6-phosphate,19_GO:0009987 cellular process,-2.956424542315766,8.53828306264501,5.215689319534731,21160,23,431,4,0.9280742459396751,0.4618787990697793,11674|15275|18655|18746,Aldoa|Hk1|Pgk1|Pkm,-1.3471446714465674,0,56,0,0,-4.148897505519237,10.910028357824181,
1,-2.8651790216465973,R-MMU-70171,M1,1,0,Reactome Gene Sets,6,Glycolysis,,-2.8651790216465973,4.909512761020882,4.372744086939312,21160,60,431,6,1.3921113689095128,0.564357349289637,11674|15275|18655|18746|26384|110379,Aldoa|Hk1|Pgk1|Pkm|Gnpda1|Sec13,-1.2879398611715482,0,56,0,0,-4.148897505519237,10.910028357824181,
1,-2.802995501744528,GO:0005975,M1,1,0,GO Biological Processes,19,carbohydrate metabolic process,19_GO:0009987 cellular process,-2.802995501744528,2.1493258631197407,3.488408420324422,21160,434,431,19,4.408352668213457,0.9888023804094944,11674|12654|14118|15212|15275|15932|18655|18746|21351|24070|26384|27357|56375|67389|68038|69064|140481|232975|235339,Aldoa|Chi3l1|Fbn1|Hexb|Hk1|Idua|Pgk1|Pkm|Taldo1|Mpdu1|Gnpda1|Gyg1|B4galt4|C1qtnf12|Chid1|Fuom|Man2a2|Atp1a3|Dlat,-1.2422853989534475,0,56,0,0,-4.148897505519237,10.910028357824181,
1,-2.7498948513579426,GO:0006007,M1,1,0,GO Biological Processes,19,glucose catabolic process,19_GO:0009987 cellular process,-2.7498948513579426,7.55309655541674,4.821025382931659,21160,26,431,4,0.9280742459396751,0.4618787990697793,11674|15275|18655|18746,Aldoa|Hk1|Pgk1|Pkm,-1.2051077146640314,0,56,0,0,-4.148897505519237,10.910028357824181,
1,-2.5524238743734227,R-MMU-70326,M1,1,0,Reactome Gene Sets,6,Glucose metabolism,,-2.5524238743734227,4.269141531322506,3.9219920686135565,21160,69,431,6,1.3921113689095128,0.564357349289637,11674|15275|18655|18746|26384|110379,Aldoa|Hk1|Pgk1|Pkm|Gnpda1|Sec13,-1.0645415890159842,0,56,0,0,-4.148897505519237,10.910028357824181,
1,-2.461622016563755,GO:0005996,M1,1,0,GO Biological Processes,19,monosaccharide metabolic process,19_GO:0009987 cellular process,-2.461622016563755,2.6215844840402767,3.3723818958903147,21160,206,431,11,2.5522041763341066,0.75963520289345,11674|14118|15275|18655|18746|26384|67389|69064|140481|232975|235339,Aldoa|Fbn1|Hk1|Pgk1|Pkm|Gnpda1|C1qtnf12|Fuom|Man2a2|Atp1a3|Dlat,-1.0170634320567098,0,56,0,0,-4.148897505519237,10.910028357824181,
1,-2.3713602173804786,GO:0019318,M1,1,0,GO Biological Processes,19,hexose metabolic process,19_GO:0009987 cellular process,-2.3713602173804786,2.6975344840774076,3.3164181818089022,21160,182,431,10,2.320185614849188,0.7251454773598325,11674|14118|15275|18655|18746|26384|67389|69064|140481|235339,Aldoa|Fbn1|Hk1|Pgk1|Pkm|Gnpda1|C1qtnf12|Fuom|Man2a2|Dlat,-0.9549669724441178,0,56,0,0,-4.148897505519237,10.910028357824181,
1,-2.195186267782916,GO:0019682,M1,1,0,GO Biological Processes,19,glyceraldehyde-3-phosphate metabolic process,19_GO:0009987 cellular process,-2.195186267782916,7.751862254243498,4.245556643711991,21160,19,431,3,0.6960556844547564,0.4004668821945242,18655|21351|21881,Pgk1|Taldo1|Tkt,-0.8293760783821742,0,56,0,0,-4.148897505519237,10.910028357824181,
1,-2.195186267782916,GO:0046184,M1,1,0,GO Biological Processes,19,aldehyde biosynthetic process,19_GO:0009987 cellular process,-2.195186267782916,7.751862254243498,4.245556643711991,21160,19,431,3,0.6960556844547564,0.4004668821945242,11674|18655|21881,Aldoa|Pgk1|Tkt,-0.8293760783821742,0,56,0,0,-4.148897505519237,10.910028357824181,
1,-2.1810262279560697,GO:0006734,M1,1,0,GO Biological Processes,19,NADH metabolic process,19_GO:0009987 cellular process,-2.1810262279560697,5.307581363265817,3.781408363607144,21160,37,431,4,0.9280742459396751,0.4618787990697793,11674|15275|18655|18746,Aldoa|Hk1|Pgk1|Pkm,-0.8216411085799489,0,56,0,0,-4.148897505519237,10.910028357824181,
1,-4.13191516179286,R-MMU-1679131,M1,1,0,Reactome Gene Sets,6,Trafficking and processing of endosomal TLR,,-4.13191516179286,16.365042536736272,7.676915629136099,21160,12,431,4,0.9280742459396751,0.4618787990697793,13030|13039|19141|22027,Ctsb|Ctsl|Lgmn|Hsp90b1,-2.193509390209554,0,57,1,1,-4.13191516179286,16.365042536736272,
1,-2.617302701180302,GO:0031638,M1,1,0,GO Biological Processes,19,zymogen activation,19_GO:0009987 cellular process,-2.617302701180302,4.396578591958999,4.015197586370692,21160,67,431,6,1.3921113689095128,0.564357349289637,13039|14598|18550|18655|19141|74754,Ctsl|Ggt1|Furin|Pgk1|Lgmn|Dhcr24,-1.1083453897392188,0,57,0,0,-4.13191516179286,16.365042536736272,
1,-2.2238004684132417,GO:0016486,M1,1,0,GO Biological Processes,19,peptide hormone processing,19_GO:0065007 biological regulation,-2.2238004684132417,5.455014178912091,3.8575298037918055,21160,36,431,4,0.9280742459396751,0.4618787990697793,13039|18550|22027|67180,Ctsl|Furin|Hsp90b1|Yipf5,-0.8521996001316046,0,57,0,0,-4.13191516179286,16.365042536736272,
1,-2.149857824101723,GO:0016485,M1,1,0,GO Biological Processes,19,protein processing,19_GO:0009987 cellular process,-2.149857824101723,2.3790590471907356,3.0121533779210363,21160,227,431,11,2.5522041763341066,0.75963520289345,13039|14598|18550|18655|19141|19164|22027|66286|67180|74754|76687,Ctsl|Ggt1|Furin|Pgk1|Lgmn|Psen1|Hsp90b1|Sec11c|Yipf5|Dhcr24|Spcs3,-0.7990863822262724,0,57,0,0,-4.13191516179286,16.365042536736272,
1,-2.0944901563229177,R-MMU-168898,M1,1,0,Reactome Gene Sets,6,Toll-like Receptor Cascades,,-2.0944901563229177,2.8054358634405037,3.0904858229412775,21160,140,431,8,1.8561484918793503,0.650128600457108,13030|13039|19141|20193|22027|66105|67603|319520,Ctsb|Ctsl|Lgmn|S100a1|Hsp90b1|Ube2d3|Dusp6|Dusp4,-0.7576065500150582,0,57,0,0,-4.13191516179286,16.365042536736272,
1,-2.055729895062495,GO:0042445,M1,1,0,GO Biological Processes,19,hormone metabolic process,19_GO:0065007 biological regulation,-2.055729895062495,2.307890614155115,2.9009034194140564,21160,234,431,11,2.5522041763341066,0.75963520289345,13030|13039|14979|15488|18550|19682|20397|22027|67180|79235|98711,Ctsb|Ctsl|Hsd17b8|Hsd17b4|Furin|Rdh5|Sgpl1|Hsp90b1|Yipf5|Lrat|Rdh10,-0.7305272845828388,0,57,0,0,-4.13191516179286,16.365042536736272,
1,-2.013560873540683,GO:1901142,M1,1,0,GO Biological Processes,19,insulin metabolic process,19_GO:0009987 cellular process,-2.013560873540683,6.69479012866484,3.8534891967675313,21160,22,431,3,0.6960556844547564,0.4004668821945242,13033|22027|67180,Ctsd|Hsp90b1|Yipf5,-0.7017698472389257,0,57,0,0,-4.13191516179286,16.365042536736272,
1,-4.089355251268168,GO:0002397,M1,1,0,GO Biological Processes,19,MHC class I protein complex assembly,19_GO:0009987 cellular process,-4.089355251268168,29.457076566125295,9.176261858257297,21160,5,431,3,0.6960556844547564,0.4004668821945242,12010|12317|14827,B2m|Calr|Pdia3,-2.1657443963492926,0,58,1,1,-4.089355251268168,29.457076566125295,
1,-4.089355251268168,GO:0002502,M1,1,0,GO Biological Processes,19,peptide antigen assembly with MHC class I protein complex,19_GO:0002376 immune system process,-4.089355251268168,29.457076566125295,9.176261858257297,21160,5,431,3,0.6960556844547564,0.4004668821945242,12010|12317|14827,B2m|Calr|Pdia3,-2.1657443963492926,0,58,0,0,-4.089355251268168,29.457076566125295,
1,-3.0782928589712246,R-MMU-1236975,M1,1,0,Reactome Gene Sets,6,Antigen processing-Cross presentation,,-3.0782928589712246,4.582211910286156,4.481177339173449,21160,75,431,7,1.6241299303944317,0.608858036876225,12010|12317|14827|16410|20333|23996|26442,B2m|Calr|Pdia3|Itgav|Sec22b|Psmc4|Psma5,-1.431132813567755,0,58,0,0,-4.089355251268168,29.457076566125295,
1,-3.0051618284751536,R-MMU-983170,M1,1,0,Reactome Gene Sets,6,"Antigen Presentation: Folding, assembly and peptide loading of class I MHC",,-3.0051618284751536,6.459885211869581,4.857410642249464,21160,38,431,5,1.160092807424594,0.5157911622136253,12010|12317|14827|14828|110379,B2m|Calr|Pdia3|Hspa5|Sec13,-1.384653977843124,0,58,0,0,-4.089355251268168,29.457076566125295,
1,-2.534838144124457,GO:0045665,M1,1,0,GO Biological Processes,19,negative regulation of neuron differentiation,19_GO:0048519 negative regulation of biological process,-2.534838144124457,3.695332185714642,3.7562064370409844,21160,93,431,7,1.6241299303944317,0.608858036876225,11820|12010|12317|15205|15902|20682|69064,App|B2m|Calr|Hes1|Id2|Sox9|Fuom,-1.0522568162502584,0,58,0,0,-4.089355251268168,29.457076566125295,
1,-2.497305526267157,GO:0002396,M1,1,0,GO Biological Processes,19,MHC protein complex assembly,19_GO:0009987 cellular process,-2.497305526267157,9.819025522041764,4.926737380220034,21160,15,431,3,0.6960556844547564,0.4004668821945242,12010|12317|14827,B2m|Calr|Pdia3,-1.0388782202479938,0,58,0,0,-4.089355251268168,29.457076566125295,
1,-2.497305526267157,GO:0002501,M1,1,0,GO Biological Processes,19,peptide antigen assembly with MHC protein complex,19_GO:0002376 immune system process,-2.497305526267157,9.819025522041764,4.926737380220034,21160,15,431,3,0.6960556844547564,0.4004668821945242,12010|12317|14827,B2m|Calr|Pdia3,-1.0388782202479938,0,58,0,0,-4.089355251268168,29.457076566125295,
1,-2.461480023633058,R-MMU-1236974,M1,1,0,Reactome Gene Sets,6,ER-Phagosome pathway,,-2.461480023633058,6.334855175510815,4.286087552093643,21160,31,431,4,0.9280742459396751,0.4618787990697793,12010|12317|14827|20333,B2m|Calr|Pdia3|Sec22b,-1.0170634320567098,0,58,0,0,-4.089355251268168,29.457076566125295,
1,-2.070713132875805,GO:0010226,M1,1,0,GO Biological Processes,19,response to lithium ion,19_GO:0050896 response to stimulus,-2.070713132875805,7.01358965860126,3.9755594019506684,21160,21,431,3,0.6960556844547564,0.4004668821945242,12317|15902|232975,Calr|Id2|Atp1a3,-0.7402398936062935,0,58,0,0,-4.089355251268168,29.457076566125295,
1,-4.072115063809619,GO:0014910,M1,1,0,GO Biological Processes,19,regulation of smooth muscle cell migration,19_GO:0040011 locomotion,-4.072115063809619,4.463193419109892,5.251024790477925,21160,110,431,10,2.320185614849188,0.7251454773598325,14107|14673|14870|16011|17242|18844|19241|20660|54608|56508,Fat1|Gna12|Gstp1|Igfbp5|Mdk|Plxna1|Tmsb4x|Sorl1|Abhd2|Rapgef4,-2.154693783708441,0,59,1,1,-4.072115063809619,7.21987170738365,
1,-3.6887905447305145,GO:1904705,M1,1,0,GO Biological Processes,19,regulation of vascular associated smooth muscle cell proliferation,19_GO:0050789 regulation of biological process,-3.6887905447305145,4.971658492173044,5.099608874280281,21160,79,431,8,1.8561484918793503,0.650128600457108,14183|14609|14673|14870|16011|19211|21859|58859,Fgfr2|Gja1|Gna12|Gstp1|Igfbp5|Pten|Timp3|Efemp2,-1.8760230966200808,0,59,0,0,-4.072115063809619,7.21987170738365,
1,-3.2324006028918033,GO:1904706,M1,1,0,GO Biological Processes,19,negative regulation of vascular associated smooth muscle cell proliferation,19_GO:0048519 negative regulation of biological process,-3.2324006028918033,7.21987170738365,5.233705439892414,21160,34,431,5,1.160092807424594,0.5157911622136253,14673|14870|19211|21859|58859,Gna12|Gstp1|Pten|Timp3|Efemp2,-1.5485500868979858,0,59,0,0,-4.072115063809619,7.21987170738365,
1,-3.125932444298019,GO:2000146,M1,1,0,GO Biological Processes,19,negative regulation of cell motility,19_GO:0040011 locomotion,-3.125932444298019,2.426212701667296,3.8455805287251037,21160,344,431,17,3.9443155452436196,0.937580844964498,11816|11932|12317|13001|14609|14673|14870|16011|17319|19211|20377|20467|20733|26941|54608|107351|240725,Apoe|Atp1b2|Calr|Csnk2b|Gja1|Gna12|Gstp1|Igfbp5|Mif|Pten|Sfrp1|Sin3b|Spint2|Nherf1|Abhd2|Kank1|Sulf1,-1.4596671031053143,0,59,0,0,-4.072115063809619,7.21987170738365,
1,-3.0782928589712246,GO:0048662,M1,1,0,GO Biological Processes,19,negative regulation of smooth muscle cell proliferation,19_GO:0048519 negative regulation of biological process,-3.0782928589712246,4.582211910286156,4.481177339173449,21160,75,431,7,1.6241299303944317,0.608858036876225,11816|14673|14870|16011|19211|21859|58859,Apoe|Gna12|Gstp1|Igfbp5|Pten|Timp3|Efemp2,-1.431132813567755,0,59,0,0,-4.072115063809619,7.21987170738365,
1,-3.0481597899204314,GO:0048660,M1,1,0,GO Biological Processes,19,regulation of smooth muscle cell proliferation,19_GO:0050789 regulation of biological process,-3.0481597899204314,2.931052394639333,3.9664669138730493,21160,201,431,12,2.7842227378190256,0.7924679907141544,11816|14183|14609|14673|14870|15902|16011|19211|21859|22339|58859|240725,Apoe|Fgfr2|Gja1|Gna12|Gstp1|Id2|Igfbp5|Pten|Timp3|Vegfa|Efemp2|Sulf1,-1.4101424538930063,0,59,0,0,-4.072115063809619,7.21987170738365,
1,-2.916010165839343,GO:0030336,M1,1,0,GO Biological Processes,19,negative regulation of cell migration,19_GO:0040011 locomotion,-2.916010165839343,2.3948842736687226,3.671188167624946,21160,328,431,16,3.7122969837587005,0.9106848975099868,11816|11932|12317|13001|14609|14673|14870|16011|17319|19211|20377|20467|26941|54608|107351|240725,Apoe|Atp1b2|Calr|Csnk2b|Gja1|Gna12|Gstp1|Igfbp5|Mif|Pten|Sfrp1|Sin3b|Nherf1|Abhd2|Kank1|Sulf1,-1.3200188153949854,0,59,0,0,-4.072115063809619,7.21987170738365,
1,-2.884516697061976,GO:0040013,M1,1,0,GO Biological Processes,19,negative regulation of locomotion,19_GO:0040011 locomotion,-2.884516697061976,2.305572291087154,3.6127794601946164,21160,362,431,17,3.9443155452436196,0.937580844964498,11816|11932|12317|13001|14609|14673|14870|16011|17319|19211|20377|20467|20733|26941|54608|107351|240725,Apoe|Atp1b2|Calr|Csnk2b|Gja1|Gna12|Gstp1|Igfbp5|Mif|Pten|Sfrp1|Sin3b|Spint2|Nherf1|Abhd2|Kank1|Sulf1,-1.3007887480590212,0,59,0,0,-4.072115063809619,7.21987170738365,
1,-2.1396299043097717,GO:0014912,M1,1,0,GO Biological Processes,19,negative regulation of smooth muscle cell migration,19_GO:0040011 locomotion,-2.1396299043097717,5.167908169495664,3.707997643323041,21160,38,431,4,0.9280742459396751,0.4618787990697793,14673|14870|16011|54608,Gna12|Gstp1|Igfbp5|Abhd2,-0.7934998545702832,0,59,0,0,-4.072115063809619,7.21987170738365,
1,-4.01689387886548,WP2573,M1,1,0,WikiPathways,27,Primary focal segmental glomerulosclerosis FSGS,,-4.01689387886548,5.531845364530571,5.515352722179487,21160,71,431,8,1.8561484918793503,0.650128600457108,12476|12828|12829|13039|14107|16410|16691|18538,Cd151|Col4a3|Col4a4|Ctsl|Fat1|Itgav|Krt8|Pcna,-2.105575197751156,0,60,1,1,-4.01689387886548,13.38958025732968,
1,-2.911529615421592,GO:0032836,M1,1,0,GO Biological Processes,19,glomerular basement membrane development,19_GO:0032502 developmental process,-2.911529615421592,13.38958025732968,5.9265922103420685,21160,11,431,3,0.6960556844547564,0.4004668821945242,12828|12829|240725,Col4a3|Col4a4|Sulf1,-1.3200188153949854,0,60,0,0,-4.01689387886548,13.38958025732968,
1,-2.643113082835055,mmu04512,M1,1,0,KEGG Pathway,24,ECM-receptor interaction - Mus musculus (house mouse),,-2.643113082835055,3.861414531140019,3.900589404077716,21160,89,431,7,1.6241299303944317,0.608858036876225,12828|12829|16410|16423|114249|320910|329872,Col4a3|Col4a4|Itgav|Cd47|Npnt|Itgb8|Frem1,-1.124450462886594,0,60,0,0,-4.01689387886548,13.38958025732968,
1,-2.3359184496251224,R-MMU-2243919,M1,1,0,Reactome Gene Sets,6,Crosslinking of collagen fibrils,,-2.3359184496251224,8.66384604886038,4.5581116239555275,21160,17,431,3,0.6960556844547564,0.4004668821945242,12828|12829|18542,Col4a3|Col4a4|Pcolce,-0.9339490587550655,0,60,0,0,-4.01689387886548,13.38958025732968,
1,-4.00614208472638,R-MMU-8957275,M1,1,0,Reactome Gene Sets,6,Post-translational protein phosphorylation,,-4.00614208472638,4.383493536625787,5.176854674763409,21160,112,431,10,2.320185614849188,0.7251454773598325,11816|13010|14118|14456|14734|16011|22027|22041|29817|71853,Apoe|Cst3|Fbn1|Gas6|Gpc3|Igfbp5|Hsp90b1|Trf|Igfbp7|Pdia6,-2.0968386948473814,0,61,1,1,-4.00614208472638,4.383493536625787,
1,-3.8170167317813632,R-MMU-381426,M1,1,0,Reactome Gene Sets,6,Regulation of Insulin-like Growth Factor (IGF) transport and uptake by Insulin-like Growth Factor Binding Proteins (IGFBPs),,-3.8170167317813632,4.160604034763459,4.964375393214563,21160,118,431,10,2.320185614849188,0.7251454773598325,11816|13010|14118|14456|14734|16011|22027|22041|29817|71853,Apoe|Cst3|Fbn1|Gas6|Gpc3|Igfbp5|Hsp90b1|Trf|Igfbp7|Pdia6,-1.960244088888419,0,61,0,0,-4.00614208472638,4.383493536625787,
1,-3.991022272057629,GO:0060828,M1,1,0,GO Biological Processes,19,regulation of canonical Wnt signaling pathway,19_GO:0050896 response to stimulus,-3.991022272057629,2.998175731921149,4.692767003189613,21160,262,431,16,3.7122969837587005,0.9106848975099868,11816|11820|12560|14183|14368|14734|17242|19164|20377|20682|22601|26941|54612|66042|107351|232341,Apoe|App|Cdh3|Fgfr2|Fzd6|Gpc3|Mdk|Psen1|Sfrp1|Sox9|Yap1|Nherf1|Sfrp5|Sostdc1|Kank1|Wnk1,-2.0844100099050307,0,62,1,1,-3.991022272057629,7.364269141531324,
1,-3.69676836540025,GO:0030111,M1,1,0,GO Biological Processes,19,regulation of Wnt signaling pathway,19_GO:0050896 response to stimulus,-3.69676836540025,2.630096121975473,4.343079747762671,21160,336,431,18,4.176334106728539,0.9635968533717362,11816|11820|11984|12560|14183|14368|14734|17242|19164|20377|20682|22601|26941|54612|66042|107351|232341|240725,Apoe|App|Atp6v0c|Cdh3|Fgfr2|Fzd6|Gpc3|Mdk|Psen1|Sfrp1|Sox9|Yap1|Nherf1|Sfrp5|Sostdc1|Kank1|Wnk1|Sulf1,-1.8778928610013872,0,62,0,0,-3.991022272057629,7.364269141531324,
1,-3.347641017421766,GO:0060070,M1,1,0,GO Biological Processes,19,canonical Wnt signaling pathway,19_GO:0050896 response to stimulus,-3.347641017421766,3.980686022449364,4.540033055725016,21160,111,431,9,2.0881670533642693,0.6887499414793933,14183|14368|14734|19211|20377|20682|22601|54612|66042,Fgfr2|Fzd6|Gpc3|Pten|Sfrp1|Sox9|Yap1|Sfrp5|Sostdc1,-1.6315137772631747,0,62,0,0,-3.991022272057629,7.364269141531324,
1,-3.2431511425568127,GO:0090090,M1,1,0,GO Biological Processes,19,negative regulation of canonical Wnt signaling pathway,19_GO:0048519 negative regulation of biological process,-3.2431511425568127,3.532023569079771,4.318624920983425,21160,139,431,10,2.320185614849188,0.7251454773598325,11816|11820|14368|14734|17242|20377|20682|26941|54612|66042,Apoe|App|Fzd6|Gpc3|Mdk|Sfrp1|Sox9|Nherf1|Sfrp5|Sostdc1,-1.548971546170214,0,62,0,0,-3.991022272057629,7.364269141531324,
1,-3.24250033414505,GO:0010837,M1,1,0,GO Biological Processes,19,regulation of keratinocyte proliferation,19_GO:0050789 regulation of biological process,-3.24250033414505,5.77589736590692,4.92383251513585,21160,51,431,6,1.3921113689095128,0.564357349289637,12560|13039|14183|17242|22601|73916,Cdh3|Ctsl|Fgfr2|Mdk|Yap1|Ift57,-1.548971546170214,0,62,0,0,-3.991022272057629,7.364269141531324,
1,-2.545989091359307,GO:0030178,M1,1,0,GO Biological Processes,19,negative regulation of Wnt signaling pathway,19_GO:0048519 negative regulation of biological process,-2.545989091359307,2.854367884314466,3.521045372371606,21160,172,431,10,2.320185614849188,0.7251454773598325,11816|11820|14368|14734|17242|20377|20682|26941|54612|66042,Apoe|App|Fzd6|Gpc3|Mdk|Sfrp1|Sox9|Nherf1|Sfrp5|Sostdc1,-1.060386572296767,0,62,0,0,-3.991022272057629,7.364269141531324,
1,-2.43257954605316,GO:0030177,M1,1,0,GO Biological Processes,19,positive regulation of Wnt signaling pathway,19_GO:0048518 positive regulation of biological process,-2.43257954605316,2.9457076566125293,3.4483172907666764,21160,150,431,9,2.0881670533642693,0.6887499414793933,11984|12560|14183|14734|20377|22601|107351|232341|240725,Atp6v0c|Cdh3|Fgfr2|Gpc3|Sfrp1|Yap1|Kank1|Wnk1|Sulf1,-0.9943232631816302,0,62,0,0,-3.991022272057629,7.364269141531324,
1,-2.3914831215660577,GO:0050679,M1,1,0,GO Biological Processes,19,positive regulation of epithelial cell proliferation,19_GO:0048518 positive regulation of biological process,-2.3914831215660577,2.4445706693879914,3.2521748172990677,21160,241,431,12,2.7842227378190256,0.7924679907141544,12560|12822|14183|14645|17242|18102|20377|20682|22339|22601|56213|69683,Cdh3|Col18a1|Fgfr2|Glul|Mdk|Nme1|Sfrp1|Sox9|Vegfa|Yap1|Htra1|Emc10,-0.9698940599041452,0,62,0,0,-3.991022272057629,7.364269141531324,
1,-2.1396299043097717,GO:0035567,M1,1,0,GO Biological Processes,19,non-canonical Wnt signaling pathway,19_GO:0050896 response to stimulus,-2.1396299043097717,5.167908169495664,3.707997643323041,21160,38,431,4,0.9280742459396751,0.4618787990697793,14368|14734|20377|54612,Fzd6|Gpc3|Sfrp1|Sfrp5,-0.7934998545702832,0,62,0,0,-3.991022272057629,7.364269141531324,
1,-2.131136064499497,GO:0060071,M1,1,0,GO Biological Processes,19,"Wnt signaling pathway, planar cell polarity pathway",19_GO:0050896 response to stimulus,-2.131136064499497,7.364269141531324,4.10589720672374,21160,20,431,3,0.6960556844547564,0.4004668821945242,14368|14734|20377,Fzd6|Gpc3|Sfrp1,-0.7882919912072361,0,62,0,0,-3.991022272057629,7.364269141531324,
1,-2.034018615549085,GO:0090263,M1,1,0,GO Biological Processes,19,positive regulation of canonical Wnt signaling pathway,19_GO:0048518 positive regulation of biological process,-2.034018615549085,2.988399071925754,3.083010724726111,21160,115,431,7,1.6241299303944317,0.608858036876225,12560|14183|14734|20377|22601|107351|232341,Cdh3|Fgfr2|Gpc3|Sfrp1|Yap1|Kank1|Wnk1,-0.7135054931494317,0,62,0,0,-3.991022272057629,7.364269141531324,
1,-3.9864415008174463,GO:0061458,M1,1,0,GO Biological Processes,19,reproductive system development,19_GO:0032502 developmental process,-3.9864415008174463,2.6045160535919796,4.5327070517336185,21160,377,431,20,4.640371229698376,1.0132579118225804,13039|14183|14609|14725|15488|16410|17289|19156|19211|20377|20397|20682|20720|22339|56449|74754|98711|192176|232345|407785,Ctsl|Fgfr2|Gja1|Lrp2|Hsd17b4|Itgav|Mertk|Psap|Pten|Sfrp1|Sgpl1|Sox9|Serpine2|Vegfa|Ybx3|Dhcr24|Rdh10|Flna|A2m|Ndufs6,-2.083128474627635,0,63,1,1,-3.9864415008174463,6.69479012866484,
1,-3.606176762665129,GO:0048608,M1,1,0,GO Biological Processes,19,reproductive structure development,19_GO:0022414 reproductive process,-3.606176762665129,2.507546840306364,4.229927845928171,21160,372,431,19,4.408352668213457,0.9888023804094944,13039|14183|14609|14725|15488|16410|17289|19156|19211|20377|20397|20682|20720|22339|56449|74754|98711|192176|232345,Ctsl|Fgfr2|Gja1|Lrp2|Hsd17b4|Itgav|Mertk|Psap|Pten|Sfrp1|Sgpl1|Sox9|Serpine2|Vegfa|Ybx3|Dhcr24|Rdh10|Flna|A2m,-1.8095776529774181,0,63,0,0,-3.9864415008174463,6.69479012866484,
1,-2.4104272738726165,GO:0060008,M1,1,0,GO Biological Processes,19,Sertoli cell differentiation,19_GO:0022414 reproductive process,-2.4104272738726165,6.136890951276102,4.1931767591284315,21160,32,431,4,0.9280742459396751,0.4618787990697793,13039|15488|20682|192176,Ctsl|Hsd17b4|Sox9|Flna,-0.984896026456642,0,63,0,0,-3.9864415008174463,6.69479012866484,
1,-2.2409100986326274,GO:0008406,M1,1,0,GO Biological Processes,19,gonad development,19_GO:0022414 reproductive process,-2.2409100986326274,2.247312179340544,3.0514602540213995,21160,284,431,13,3.0162412993039442,0.8238419677523642,13039|14609|14725|15488|16410|20377|20397|20682|22339|56449|98711|192176|232345,Ctsl|Gja1|Lrp2|Hsd17b4|Itgav|Sfrp1|Sgpl1|Sox9|Vegfa|Ybx3|Rdh10|Flna|A2m,-0.8646204454617489,0,63,0,0,-3.9864415008174463,6.69479012866484,
1,-2.191600023182011,GO:0045137,M1,1,0,GO Biological Processes,19,development of primary sexual characteristics,19_GO:0022414 reproductive process,-2.191600023182011,2.216099510183037,2.996265908965251,21160,288,431,13,3.0162412993039442,0.8238419677523642,13039|14609|14725|15488|16410|20377|20397|20682|22339|56449|98711|192176|232345,Ctsl|Gja1|Lrp2|Hsd17b4|Itgav|Sfrp1|Sgpl1|Sox9|Vegfa|Ybx3|Rdh10|Flna|A2m,-0.8263646776532878,0,63,0,0,-3.9864415008174463,6.69479012866484,
1,-2.1346156339650197,GO:0007548,M1,1,0,GO Biological Processes,19,sex differentiation,19_GO:0022414 reproductive process,-2.1346156339650197,2.045630317092034,2.8853252623911727,21160,360,431,15,3.480278422273782,0.882828590924201,13039|14609|14725|15488|16410|17289|20377|20397|20682|22339|56449|74754|98711|192176|232345,Ctsl|Gja1|Lrp2|Hsd17b4|Itgav|Mertk|Sfrp1|Sgpl1|Sox9|Vegfa|Ybx3|Dhcr24|Rdh10|Flna|A2m,-0.7890349764327664,0,63,0,0,-3.9864415008174463,6.69479012866484,
1,-2.013560873540683,GO:0060009,M1,1,0,GO Biological Processes,19,Sertoli cell development,19_GO:0022414 reproductive process,-2.013560873540683,6.69479012866484,3.8534891967675313,21160,22,431,3,0.6960556844547564,0.4004668821945242,15488|20682|192176,Hsd17b4|Sox9|Flna,-0.7017698472389257,0,63,0,0,-3.9864415008174463,6.69479012866484,
1,-3.9792467213418217,GO:0006122,M1,1,0,GO Biological Processes,19,"mitochondrial electron transport, ubiquinol to cytochrome c",19_GO:0009987 cellular process,-3.9792467213418217,15.10619311083348,7.335912575328632,21160,13,431,4,0.9280742459396751,0.4618787990697793,22272|66152|66445|66594,Uqcrq|Uqcr10|Cyc1|Uqcr11,-2.08184255476253,0,64,1,1,-3.9792467213418217,15.10619311083348,
1,-2.4136875729507246,R-MMU-9865881,M1,1,0,Reactome Gene Sets,6,Complex III assembly,,-2.4136875729507246,9.205336426914155,4.73434428674461,21160,16,431,3,0.6960556844547564,0.4004668821945242,22272|66152|66445,Uqcrq|Uqcr10|Cyc1,-0.9861717319125777,0,64,0,0,-3.9792467213418217,15.10619311083348,
1,-3.9518802714513392,GO:0098739,M1,1,0,GO Biological Processes,19,import across plasma membrane,19_GO:0051179 localization,-3.9518802714513392,3.682134570765662,4.910525113673693,21160,160,431,12,2.7842227378190256,0.7924679907141544,11931|11932|14412|14725|17364|18174|19164|20525|26941|232975|277468|100040591,Atp1b1|Atp1b2|Slc6a13|Lrp2|Trpm1|Slc11a2|Psen1|Slc2a1|Nherf1|Atp1a3|Slc39a12|Kcnj13,-2.060305648532772,0,65,1,1,-3.9518802714513392,21.040768975803783,
1,-3.888699626789708,mmu04918,M1,1,0,KEGG Pathway,24,Thyroid hormone synthesis - Mus musculus (house mouse),,-3.888699626789708,5.307581363265817,5.3524088077079535,21160,74,431,8,1.8561484918793503,0.650128600457108,11931|11932|14725|14775|14828|22027|22139|232975,Atp1b1|Atp1b2|Lrp2|Gpx1|Hspa5|Hsp90b1|Ttr|Atp1a3,-2.006670321777371,0,65,0,0,-3.9518802714513392,21.040768975803783,
1,-3.558533483006703,GO:1903288,M1,1,0,GO Biological Processes,19,positive regulation of potassium ion import across plasma membrane,19_GO:0051179 localization,-3.558533483006703,21.040768975803783,7.646706928902789,21160,7,431,3,0.6960556844547564,0.4004668821945242,11931|11932|232341,Atp1b1|Atp1b2|Wnk1,-1.777174339875729,0,65,0,0,-3.9518802714513392,21.040768975803783,
1,-3.361026610206722,GO:1903286,M1,1,0,GO Biological Processes,19,regulation of potassium ion import,19_GO:0051179 localization,-3.361026610206722,18.41067285382831,7.102019467076637,21160,8,431,3,0.6960556844547564,0.4004668821945242,11931|11932|232341,Atp1b1|Atp1b2|Wnk1,-1.6423142762136371,0,65,0,0,-3.9518802714513392,21.040768975803783,
1,-3.0051618284751536,GO:0032781,M1,1,0,GO Biological Processes,19,positive regulation of ATP-dependent activity,19_GO:0065007 biological regulation,-3.0051618284751536,6.459885211869581,4.857410642249464,21160,38,431,5,1.160092807424594,0.5157911622136253,11931|11932|18643|67838|208263,Atp1b1|Atp1b2|Pfn1|Dnajb11|Tor1aip1,-1.384653977843124,0,65,0,0,-3.9518802714513392,21.040768975803783,
1,-2.6711816287092582,GO:0002028,M1,1,0,GO Biological Processes,19,regulation of sodium ion transport,19_GO:0051179 localization,-2.6711816287092582,3.9052942417211556,3.9379990695429625,21160,88,431,7,1.6241299303944317,0.608858036876225,11931|11932|20393|20720|26941|83997|232341,Atp1b1|Atp1b2|Sgk1|Serpine2|Nherf1|Slmap|Wnk1,-1.1475837910852853,0,65,0,0,-3.9518802714513392,21.040768975803783,
1,-2.6272358904061317,GO:0006883,M1,1,0,GO Biological Processes,19,intracellular sodium ion homeostasis,19_GO:0042592 homeostatic process,-2.6272358904061317,7.013589658601259,4.59134083646181,21160,28,431,4,0.9280742459396751,0.4618787990697793,11931|11932|20393|232975,Atp1b1|Atp1b2|Sgk1|Atp1a3,-1.1152519671453724,0,65,0,0,-3.9518802714513392,21.040768975803783,
1,-2.497305526267157,GO:0036376,M1,1,0,GO Biological Processes,19,sodium ion export across plasma membrane,19_GO:0051179 localization,-2.497305526267157,9.819025522041764,4.926737380220034,21160,15,431,3,0.6960556844547564,0.4004668821945242,11931|11932|232975,Atp1b1|Atp1b2|Atp1a3,-1.0388782202479938,0,65,0,0,-3.9518802714513392,21.040768975803783,
1,-2.4136875729507246,GO:0030007,M1,1,0,GO Biological Processes,19,intracellular potassium ion homeostasis,19_GO:0042592 homeostatic process,-2.4136875729507246,9.205336426914155,4.73434428674461,21160,16,431,3,0.6960556844547564,0.4004668821945242,11931|11932|232975,Atp1b1|Atp1b2|Atp1a3,-0.9861717319125777,0,65,0,0,-3.9518802714513392,21.040768975803783,
1,-2.3594383538852264,GO:0098659,M1,1,0,GO Biological Processes,19,inorganic cation import across plasma membrane,19_GO:0051179 localization,-2.3594383538852264,3.436658932714617,3.5217829693059315,21160,100,431,7,1.6241299303944317,0.608858036876225,11931|11932|17364|18174|232975|277468|100040591,Atp1b1|Atp1b2|Trpm1|Slc11a2|Atp1a3|Slc39a12|Kcnj13,-0.9481901255615328,0,65,0,0,-3.9518802714513392,21.040768975803783,
1,-2.3594383538852264,GO:0099587,M1,1,0,GO Biological Processes,19,inorganic ion import across plasma membrane,19_GO:0051179 localization,-2.3594383538852264,3.436658932714617,3.5217829693059315,21160,100,431,7,1.6241299303944317,0.608858036876225,11931|11932|17364|18174|232975|277468|100040591,Atp1b1|Atp1b2|Trpm1|Slc11a2|Atp1a3|Slc39a12|Kcnj13,-0.9481901255615328,0,65,0,0,-3.9518802714513392,21.040768975803783,
1,-2.321055066027313,R-MMU-936837,M1,1,0,Reactome Gene Sets,6,Ion transport by P-type ATPases,,-2.321055066027313,4.545845149093409,3.761929974024335,21160,54,431,5,1.160092807424594,0.5157911622136253,11931|11932|12313|72621|232975,Atp1b1|Atp1b2|Calm1|Pdzd11|Atp1a3,-0.9242518939312238,0,65,0,0,-3.9518802714513392,21.040768975803783,
1,-2.2680342784146914,GO:0055075,M1,1,0,GO Biological Processes,19,potassium ion homeostasis,19_GO:0042592 homeostatic process,-2.2680342784146914,5.610871726881007,3.9365496410754672,21160,35,431,4,0.9280742459396751,0.4618787990697793,11931|11932|232341|232975,Atp1b1|Atp1b2|Wnk1|Atp1a3,-0.8822124021041905,0,65,0,0,-3.9518802714513392,21.040768975803783,
1,-2.2206747474772826,GO:1902305,M1,1,0,GO Biological Processes,19,regulation of sodium ion transmembrane transport,19_GO:0051179 localization,-2.2206747474772826,4.306590141246388,3.6044808580346848,21160,57,431,5,1.160092807424594,0.5157911622136253,11931|11932|26941|83997|232341,Atp1b1|Atp1b2|Nherf1|Slmap|Wnk1,-0.8502382082627513,0,65,0,0,-3.9518802714513392,21.040768975803783,
1,-2.1810262279560697,GO:1901381,M1,1,0,GO Biological Processes,19,positive regulation of potassium ion transmembrane transport,19_GO:0051179 localization,-2.1810262279560697,5.307581363265817,3.781408363607144,21160,37,431,4,0.9280742459396751,0.4618787990697793,11931|11932|192176|232341,Atp1b1|Atp1b2|Flna|Wnk1,-0.8216411085799489,0,65,0,0,-3.9518802714513392,21.040768975803783,
1,-2.1396299043097717,mmu04960,M1,1,0,KEGG Pathway,24,Aldosterone-regulated sodium reabsorption - Mus musculus (house mouse),,-2.1396299043097717,5.167908169495664,3.707997643323041,21160,38,431,4,0.9280742459396751,0.4618787990697793,11931|11932|20393|232975,Atp1b1|Atp1b2|Sgk1|Atp1a3,-0.7934998545702832,0,65,0,0,-3.9518802714513392,21.040768975803783,
1,-2.0967465255887845,GO:0043462,M1,1,0,GO Biological Processes,19,regulation of ATP-dependent activity,19_GO:0065007 biological regulation,-2.0967465255887845,4.024190787722034,3.4106738870060713,21160,61,431,5,1.160092807424594,0.5157911622136253,11931|11932|18643|67838|208263,Atp1b1|Atp1b2|Pfn1|Dnajb11|Tor1aip1,-0.7583392627815522,0,65,0,0,-3.9518802714513392,21.040768975803783,
1,-2.0837563894195523,mmu04911,M1,1,0,KEGG Pathway,24,Insulin secretion - Mus musculus (house mouse),,-2.0837563894195523,3.42524146117736,3.2495838714477094,21160,86,431,6,1.3921113689095128,0.564357349289637,11931|11932|14607|20525|56508|232975,Atp1b1|Atp1b2|Gip|Slc2a1|Rapgef4|Atp1a3,-0.7487627860769918,0,65,0,0,-3.9518802714513392,21.040768975803783,
1,-2.022987468204505,GO:0055078,M1,1,0,GO Biological Processes,19,sodium ion homeostasis,19_GO:0042592 homeostatic process,-2.022987468204505,4.789768547337445,3.502393747780954,21160,41,431,4,0.9280742459396751,0.4618787990697793,11931|11932|20393|232975,Atp1b1|Atp1b2|Sgk1|Atp1a3,-0.7071137375052821,0,65,0,0,-3.9518802714513392,21.040768975803783,
1,-2.013560873540683,mmu04964,M1,1,0,KEGG Pathway,24,Proximal tubule bicarbonate reclamation - Mus musculus (house mouse),,-2.013560873540683,6.69479012866484,3.8534891967675313,21160,22,431,3,0.6960556844547564,0.4004668821945242,11931|11932|232975,Atp1b1|Atp1b2|Atp1a3,-0.7017698472389257,0,65,0,0,-3.9518802714513392,21.040768975803783,
1,-3.9480545438498877,GO:0044057,M1,1,0,GO Biological Processes,19,regulation of system process,19_GO:0032501 multicellular organismal process,-3.9480545438498877,2.1377758268709544,4.302070070877945,21160,666,431,29,6.728538283062645,1.2066911296265153,11553|11816|11820|11931|12313|14456|14609|15519|16011|16975|19062|19211|19224|19230|20193|21937|22041|22139|23980|26558|26941|27360|30948|56208|56508|81907|108015|114249|232341,Adra2c|Apoe|App|Atp1b1|Calm1|Gas6|Gja1|Hsp90aa1|Igfbp5|Lrp8|Inpp5k|Pten|Ptgs1|Twf1|S100a1|Tnfrsf1a|Trf|Ttr|Pebp1|Homer3|Nherf1|Add3|Bin1|Becn1|Rapgef4|Tmem108|Chrnb4|Npnt|Wnk1,-2.0584058419673585,0,66,1,1,-3.9480545438498877,2.1515792976585537,
1,-3.1646824955492163,GO:0051051,M1,1,0,GO Biological Processes,19,negative regulation of transport,19_GO:0051179 localization,-3.1646824955492163,2.1515792976585537,3.765291461326786,21160,502,431,22,5.104408352668213,1.0601250316270292,11816|12313|14118|14609|15183|15205|15932|16410|16423|18611|19062|19211|19224|19261|20377|20720|21937|26941|30948|215449|231070|232341,Apoe|Calm1|Fbn1|Gja1|Hdac3|Hes1|Idua|Itgav|Cd47|Pea15a|Inpp5k|Pten|Ptgs1|Sirpa|Sfrp1|Serpine2|Tnfrsf1a|Nherf1|Bin1|Rap1b|Insig1|Wnk1,-1.491468294401184,0,66,0,0,-3.9480545438498877,2.1515792976585537,
1,-3.897193046193312,GO:0044248,M1,1,0,GO Biological Processes,19,cellular catabolic process,19_GO:0009987 cellular process,-3.897193046193312,2.829210743639152,4.562076731105481,21160,295,431,17,3.9443155452436196,0.937580844964498,11430|12751|14598|14859|15212|15488|15932|16922|18242|19125|19141|26384|52538|54608|56208|66253|235339,Acox1|Tpp1|Ggt1|Gsta3|Hexb|Hsd17b4|Idua|Phyh|Oat|Prodh|Lgmn|Gnpda1|Acaa2|Abhd2|Becn1|Aig1|Dlat,-2.011370752163836,0,67,1,1,-3.897193046193312,4.531857933250046,
1,-3.437667083242495,GO:0044282,M1,1,0,GO Biological Processes,19,small molecule catabolic process,19_GO:0009987 cellular process,-3.437667083242495,2.5034342690758042,4.1073725180966,21160,353,431,18,4.176334106728539,0.9635968533717362,11430|11674|11816|15212|15275|15488|15932|16922|18242|18655|18746|19125|19211|26384|52538|54608|66253|235339,Acox1|Aldoa|Apoe|Hexb|Hk1|Hsd17b4|Idua|Phyh|Oat|Pgk1|Pkm|Prodh|Pten|Gnpda1|Acaa2|Abhd2|Aig1|Dlat,-1.6874497013144956,0,67,0,0,-3.897193046193312,4.531857933250046,
1,-3.1274533345895827,GO:0072329,M1,1,0,GO Biological Processes,19,monocarboxylic acid catabolic process,19_GO:0009987 cellular process,-3.1274533345895827,3.7130768780830206,4.279562972403611,21160,119,431,9,2.0881670533642693,0.6887499414793933,11430|15212|15488|15932|16922|52538|54608|66253|235339,Acox1|Hexb|Hsd17b4|Idua|Phyh|Acaa2|Abhd2|Aig1|Dlat,-1.4599256571942725,0,67,0,0,-3.897193046193312,4.531857933250046,
1,-2.6846810382952704,R-MMU-9033241,M1,1,0,Reactome Gene Sets,6,Peroxisomal protein import,,-2.6846810382952704,4.531857933250046,4.112133145383263,21160,65,431,6,1.3921113689095128,0.564357349289637,11430|15488|16922|22284|65098|66105,Acox1|Hsd17b4|Phyh|Usp9x|Zfand6|Ube2d3,-1.1577616205648649,0,67,0,0,-3.897193046193312,4.531857933250046,
1,-2.570195344380061,GO:0016054,M1,1,0,GO Biological Processes,19,organic acid catabolic process,19_GO:0009987 cellular process,-2.570195344380061,2.572670442456358,3.450305142252785,21160,229,431,12,2.7842227378190256,0.7924679907141544,11430|15212|15488|15932|16922|18242|19125|26384|52538|54608|66253|235339,Acox1|Hexb|Hsd17b4|Idua|Phyh|Oat|Prodh|Gnpda1|Acaa2|Abhd2|Aig1|Dlat,-1.0757114376976928,0,67,0,0,-3.897193046193312,4.531857933250046,
1,-2.570195344380061,GO:0046395,M1,1,0,GO Biological Processes,19,carboxylic acid catabolic process,19_GO:0009987 cellular process,-2.570195344380061,2.572670442456358,3.450305142252785,21160,229,431,12,2.7842227378190256,0.7924679907141544,11430|15212|15488|15932|16922|18242|19125|26384|52538|54608|66253|235339,Acox1|Hexb|Hsd17b4|Idua|Phyh|Oat|Prodh|Gnpda1|Acaa2|Abhd2|Aig1|Dlat,-1.0757114376976928,0,67,0,0,-3.897193046193312,4.531857933250046,
1,-2.0136734425140244,GO:0009062,M1,1,0,GO Biological Processes,19,fatty acid catabolic process,19_GO:0009987 cellular process,-2.0136734425140244,3.309783883834303,3.148624026664204,21160,89,431,6,1.3921113689095128,0.564357349289637,11430|15488|16922|52538|54608|66253,Acox1|Hsd17b4|Phyh|Acaa2|Abhd2|Aig1,-0.7017698472389257,0,67,0,0,-3.897193046193312,4.531857933250046,
1,-3.886107580059183,GO:0098801,M1,1,0,GO Biological Processes,19,regulation of renal system process,19_GO:0032501 multicellular organismal process,-3.886107580059183,9.819025522041763,6.361895135906693,21160,25,431,5,1.160092807424594,0.5157911622136253,14456|14609|19062|22139|26941,Gas6|Gja1|Inpp5k|Ttr|Nherf1,-2.0059624189213974,0,68,1,1,-3.886107580059183,10.520384487901891,
1,-2.741322993658789,GO:0003014,M1,1,0,GO Biological Processes,19,renal system process,19_GO:0032501 multicellular organismal process,-2.741322993658789,3.273008507347255,3.820295630991667,21160,135,431,9,2.0881670533642693,0.6887499414793933,14456|14609|19062|19141|19156|22139|26941|108015|240725,Gas6|Gja1|Inpp5k|Lgmn|Psap|Ttr|Nherf1|Chrnb4|Sulf1,-1.1974035784961046,0,68,0,0,-3.886107580059183,10.520384487901891,
1,-2.5876499721240496,GO:0003093,M1,1,0,GO Biological Processes,19,regulation of glomerular filtration,19_GO:0032501 multicellular organismal process,-2.5876499721240496,10.520384487901891,5.138086608586074,21160,14,431,3,0.6960556844547564,0.4004668821945242,14456|14609|22139,Gas6|Gja1|Ttr,-1.086617962398818,0,68,0,0,-3.886107580059183,10.520384487901891,
1,-2.3359184496251224,GO:0001977,M1,1,0,GO Biological Processes,19,renal system process involved in regulation of blood volume,19_GO:0032501 multicellular organismal process,-2.3359184496251224,8.66384604886038,4.5581116239555275,21160,17,431,3,0.6960556844547564,0.4004668821945242,14456|14609|22139,Gas6|Gja1|Ttr,-0.9339490587550655,0,68,0,0,-3.886107580059183,10.520384487901891,
1,-3.8754926859401935,GO:0031099,M1,1,0,GO Biological Processes,19,regeneration,19_GO:0032502 developmental process,-3.8754926859401935,3.3948758453867796,4.75596918912778,21160,188,431,13,3.0162412993039442,0.8238419677523642,12520|12527|14456|14598|14609|14775|14870|17242|18538|18746|19268|22601|29873,Cd81|Cd9|Gas6|Ggt1|Gja1|Gpx1|Gstp1|Mdk|Pcna|Pkm|Ptprf|Yap1|Cspg5,-2.0024351580321245,0,69,1,1,-3.8754926859401935,5.0097068990009,
1,-2.87998639648881,GO:0042246,M1,1,0,GO Biological Processes,19,tissue regeneration,19_GO:0040007 growth,-2.87998639648881,4.242788805820515,4.216316473701503,21160,81,431,7,1.6241299303944317,0.608858036876225,12520|12527|14609|14775|17242|18746|22601,Cd81|Cd9|Gja1|Gpx1|Mdk|Pkm|Yap1,-1.298987087140454,0,69,0,0,-3.8754926859401935,5.0097068990009,
1,-2.5048470262129023,GO:0043403,M1,1,0,GO Biological Processes,19,skeletal muscle tissue regeneration,19_GO:0040007 growth,-2.5048470262129023,5.0097068990009,4.051849385787404,21160,49,431,5,1.160092807424594,0.5157911622136253,12520|12527|14609|14775|18746,Cd81|Cd9|Gja1|Gpx1|Pkm,-1.039964357185712,0,69,0,0,-3.8754926859401935,5.0097068990009,
1,-3.8754926859401935,GO:0034612,M1,1,0,GO Biological Processes,19,response to tumor necrosis factor,19_GO:0050896 response to stimulus,-3.8754926859401935,3.3948758453867796,4.75596918912778,21160,188,431,13,3.0162412993039442,0.8238419677523642,12654|14598|15205|16668|16691|19062|19241|20377|20597|21937|56449|65098|114249,Chi3l1|Ggt1|Hes1|Krt18|Krt8|Inpp5k|Tmsb4x|Sfrp1|Smpd1|Tnfrsf1a|Ybx3|Zfand6|Npnt,-2.0024351580321245,0,70,1,1,-3.8754926859401935,4.00776551920072,
1,-3.2986142029141754,GO:0071356,M1,1,0,GO Biological Processes,19,cellular response to tumor necrosis factor,19_GO:0050896 response to stimulus,-3.2986142029141754,3.333619776001833,4.299279369064485,21160,162,431,11,2.5522041763341066,0.75963520289345,12654|15205|16668|16691|19062|19241|20377|21937|56449|65098|114249,Chi3l1|Hes1|Krt18|Krt8|Inpp5k|Tmsb4x|Sfrp1|Tnfrsf1a|Ybx3|Zfand6|Npnt,-1.590151181927016,0,70,0,0,-3.8754926859401935,4.00776551920072,
1,-3.0537751692433277,GO:0070555,M1,1,0,GO Biological Processes,19,response to interleukin-1,19_GO:0050896 response to stimulus,-3.0537751692433277,4.00776551920072,4.303325911469408,21160,98,431,8,1.8561484918793503,0.650128600457108,11820|12654|15205|16423|19261|20377|20597|20682,App|Chi3l1|Hes1|Cd47|Sirpa|Sfrp1|Smpd1|Sox9,-1.4101424538930063,0,70,0,0,-3.8754926859401935,4.00776551920072,
1,-3.852481754476964,GO:0031589,M1,1,0,GO Biological Processes,19,cell-substrate adhesion,19_GO:0009987 cellular process,-3.852481754476964,3.3769135393265324,4.73294813125891,21160,189,431,13,3.0162412993039442,0.8238419677523642,11932|14456|16410|17289|19261|19303|20377|57764|57776|83964|114249|320910|329872,Atp1b2|Gas6|Itgav|Mertk|Sirpa|Pxn|Sfrp1|Ntn4|Ttyh1|Jam3|Npnt|Itgb8|Frem1,-1.9853015705035462,0,71,1,1,-3.852481754476964,5.610871726881007,
1,-3.435662504797977,R-MMU-202733,M1,1,0,Reactome Gene Sets,6,Cell surface interactions at the vascular wall,,-3.435662504797977,4.091260634184069,4.644060288424831,21160,108,431,9,2.0881670533642693,0.6887499414793933,11931|11932|14456|16410|16423|17289|17319|19261|83964,Atp1b1|Atp1b2|Gas6|Itgav|Cd47|Mertk|Mif|Sirpa|Jam3,-1.6874497013144956,0,71,0,0,-3.852481754476964,5.610871726881007,
1,-2.716233637143556,mmu04148,M1,1,0,KEGG Pathway,24,Efferocytosis - Mus musculus (house mouse),,-2.716233637143556,3.0119710190312157,3.7182101100767766,21160,163,431,10,2.320185614849188,0.7251454773598325,12317|14456|16410|16423|17289|18263|19261|20393|20525|319520,Calr|Gas6|Itgav|Cd47|Mertk|Odc1|Sirpa|Sgk1|Slc2a1|Dusp4,-1.1740444811695534,0,71,0,0,-3.852481754476964,5.610871726881007,
1,-2.5161414804361937,GO:0050764,M1,1,0,GO Biological Processes,19,regulation of phagocytosis,19_GO:0051179 localization,-2.5161414804361937,3.3005127805182397,3.628791131050977,21160,119,431,8,1.8561484918793503,0.650128600457108,12317|14456|15481|16410|16423|17289|19211|19261,Calr|Gas6|Hspa8|Itgav|Cd47|Mertk|Pten|Sirpa,-1.0408918360669166,0,71,0,0,-3.852481754476964,5.610871726881007,
1,-2.5048470262129023,GO:0034446,M1,1,0,GO Biological Processes,19,substrate adhesion-dependent cell spreading,19_GO:0009987 cellular process,-2.5048470262129023,5.0097068990009,4.051849385787404,21160,49,431,5,1.160092807424594,0.5157911622136253,16410|17289|19303|20377|57764,Itgav|Mertk|Pxn|Sfrp1|Ntn4,-1.039964357185712,0,71,0,0,-3.852481754476964,5.610871726881007,
1,-2.2680342784146914,GO:0043277,M1,1,0,GO Biological Processes,19,apoptotic cell clearance,19_GO:0051179 localization,-2.2680342784146914,5.610871726881007,3.9365496410754672,21160,35,431,4,0.9280742459396751,0.4618787990697793,14456|16410|17289|56208,Gas6|Itgav|Mertk|Becn1,-0.8822124021041905,0,71,0,0,-3.852481754476964,5.610871726881007,
1,-2.0600361635188533,GO:0050766,M1,1,0,GO Biological Processes,19,positive regulation of phagocytosis,19_GO:0051179 localization,-2.0600361635188533,3.3858708696695743,3.2154399698538105,21160,87,431,6,1.3921113689095128,0.564357349289637,12317|14456|15481|16423|17289|19261,Calr|Gas6|Hspa8|Cd47|Mertk|Sirpa,-0.73378453204147,0,71,0,0,-3.852481754476964,5.610871726881007,
1,-3.7949517282037566,GO:0007023,M1,1,0,GO Biological Processes,19,post-chaperonin tubulin folding pathway,19_GO:0009987 cellular process,-3.7949517282037566,24.547563805104414,8.318066462621372,21160,6,431,3,0.6960556844547564,0.4004668821945242,21371|66411|272589,Tbca|Tbcb|Tbcel,-1.947393934269563,0,72,1,1,-3.7949517282037566,24.547563805104414,
1,-3.0432394318330562,GO:0007021,M1,1,0,GO Biological Processes,19,tubulin complex assembly,19_GO:0009987 cellular process,-3.0432394318330562,14.728538283062647,6.26132348642668,21160,10,431,3,0.6960556844547564,0.4004668821945242,21371|66411|272589,Tbca|Tbcb|Tbcel,-1.4101424538930063,0,72,0,0,-3.7949517282037566,24.547563805104414,
1,-3.7949517282037566,GO:1903895,M1,1,0,GO Biological Processes,19,negative regulation of IRE1-mediated unfolded protein response,19_GO:0048519 negative regulation of biological process,-3.7949517282037566,24.547563805104414,8.318066462621372,21160,6,431,3,0.6960556844547564,0.4004668821945242,14828|27362|71853,Hspa5|Dnajb9|Pdia6,-1.947393934269563,0,73,1,1,-3.7949517282037566,24.547563805104414,
1,-3.0432394318330562,GO:1903894,M1,1,0,GO Biological Processes,19,regulation of IRE1-mediated unfolded protein response,19_GO:0050896 response to stimulus,-3.0432394318330562,14.728538283062647,6.26132348642668,21160,10,431,3,0.6960556844547564,0.4004668821945242,14828|27362|71853,Hspa5|Dnajb9|Pdia6,-1.4101424538930063,0,73,0,0,-3.7949517282037566,24.547563805104414,
1,-2.6996691471900074,GO:1905897,M1,1,0,GO Biological Processes,19,regulation of response to endoplasmic reticulum stress,19_GO:0050896 response to stimulus,-2.6996691471900074,3.950182681281169,3.975963423819211,21160,87,431,7,1.6241299303944317,0.608858036876225,11820|12759|14828|27362|66168|71853|72736,App|Clu|Hspa5|Dnajb9|Grina|Pdia6|Tmx1,-1.1621164741664223,0,73,0,0,-3.7949517282037566,24.547563805104414,
1,-2.584969475901251,GO:1903573,M1,1,0,GO Biological Processes,19,negative regulation of response to endoplasmic reticulum stress,19_GO:0048519 negative regulation of biological process,-2.584969475901251,5.222885915979662,4.17907660929125,21160,47,431,5,1.160092807424594,0.5157911622136253,12759|14828|27362|66168|71853,Clu|Hspa5|Dnajb9|Grina|Pdia6,-1.0858781503814172,0,73,0,0,-3.7949517282037566,24.547563805104414,
1,-2.195186267782916,GO:1900102,M1,1,0,GO Biological Processes,19,negative regulation of endoplasmic reticulum unfolded protein response,19_GO:0048519 negative regulation of biological process,-2.195186267782916,7.751862254243498,4.245556643711991,21160,19,431,3,0.6960556844547564,0.4004668821945242,14828|27362|71853,Hspa5|Dnajb9|Pdia6,-0.8293760783821742,0,73,0,0,-3.7949517282037566,24.547563805104414,
1,-3.7949517282037566,GO:0071787,M1,1,0,GO Biological Processes,19,endoplasmic reticulum tubular network formation,19_GO:0009987 cellular process,-3.7949517282037566,24.547563805104414,8.318066462621372,21160,6,431,3,0.6960556844547564,0.4004668821945242,20168|54208|104001,Rtn3|Arl6ip1|Rtn1,-1.947393934269563,0,74,1,1,-3.7949517282037566,24.547563805104414,
1,-2.131136064499497,GO:0071786,M1,1,0,GO Biological Processes,19,endoplasmic reticulum tubular network organization,19_GO:0009987 cellular process,-2.131136064499497,7.364269141531324,4.10589720672374,21160,20,431,3,0.6960556844547564,0.4004668821945242,20168|54208|104001,Rtn3|Arl6ip1|Rtn1,-0.7882919912072361,0,74,0,0,-3.7949517282037566,24.547563805104414,
1,-2.070713132875805,GO:0010958,M1,1,0,GO Biological Processes,19,regulation of amino acid import across plasma membrane,19_GO:0051179 localization,-2.070713132875805,7.01358965860126,3.9755594019506684,21160,21,431,3,0.6960556844547564,0.4004668821945242,19164|54208|57394,Psen1|Arl6ip1|Cltrn,-0.7402398936062935,0,74,0,0,-3.7949517282037566,24.547563805104414,
1,-2.070713132875805,GO:1903789,M1,1,0,GO Biological Processes,19,regulation of amino acid transmembrane transport,19_GO:0051179 localization,-2.070713132875805,7.01358965860126,3.9755594019506684,21160,21,431,3,0.6960556844547564,0.4004668821945242,19164|54208|57394,Psen1|Arl6ip1|Cltrn,-0.7402398936062935,0,74,0,0,-3.7949517282037566,24.547563805104414,
1,-3.7560061883734766,GO:0043408,M1,1,0,GO Biological Processes,19,regulation of MAPK cascade,19_GO:0050896 response to stimulus,-3.7560061883734766,2.0238682924421187,4.122397061576826,21160,752,431,31,7.192575406032483,1.24450010429349,11553|11816|11820|11984|12520|12654|14183|14456|14870|15183|17295|17319|18212|19062|19156|19164|19211|19261|20377|20597|21672|22339|23980|24017|26941|54612|67603|77889|114249|215449|319520,Adra2c|Apoe|App|Atp6v0c|Cd81|Chi3l1|Fgfr2|Gas6|Gstp1|Hdac3|Met|Mif|Ntrk2|Inpp5k|Psap|Psen1|Pten|Sirpa|Sfrp1|Smpd1|Prdx2|Vegfa|Pebp1|Rnf13|Nherf1|Sfrp5|Dusp6|Lbh|Npnt|Rap1b|Dusp4,-1.9187892277775018,0,75,1,1,-3.7560061883734766,2.3790590471907356,
1,-2.9360950142696414,GO:0043085,M1,1,0,GO Biological Processes,19,positive regulation of catalytic activity,19_GO:0065007 biological regulation,-2.9360950142696414,1.8753936877023831,3.478164612128134,21160,733,431,28,6.496519721577727,1.1871774356530376,11553|11816|12313|12560|12654|12828|13033|13167|14118|14183|14456|14630|15312|15519|16975|17319|18174|18538|19141|19156|19164|19211|19303|20193|73916|109910|114249|235611,Adra2c|Apoe|Calm1|Cdh3|Chi3l1|Col4a3|Ctsd|Dbi|Fbn1|Fgfr2|Gas6|Gclm|Hmgn1|Hsp90aa1|Lrp8|Mif|Slc11a2|Pcna|Lgmn|Psap|Psen1|Pten|Pxn|S100a1|Ift57|Zfp91|Npnt|Plxnb1,-1.3328193102101331,0,75,0,0,-3.7560061883734766,2.3790590471907356,
1,-2.848278224657452,GO:0070372,M1,1,0,GO Biological Processes,19,regulation of ERK1 and ERK2 cascade,19_GO:0050896 response to stimulus,-2.848278224657452,2.3589250503403636,3.6041370027796393,21160,333,431,16,3.7122969837587005,0.9106848975099868,11816|11820|11984|12654|14183|14456|14870|17319|19211|19261|22339|26941|67603|114249|215449|319520,Apoe|App|Atp6v0c|Chi3l1|Fgfr2|Gas6|Gstp1|Mif|Pten|Sirpa|Vegfa|Nherf1|Dusp6|Npnt|Rap1b|Dusp4,-1.2747669367016459,0,75,0,0,-3.7560061883734766,2.3790590471907356,
1,-2.6692617587693768,GO:0045859,M1,1,0,GO Biological Processes,19,regulation of protein kinase activity,19_GO:0050789 regulation of biological process,-2.6692617587693768,2.045630317092034,3.341339053819323,21160,480,431,20,4.640371229698376,1.0132579118225804,11553|11816|11820|12654|14118|14456|14870|15519|16975|17319|19062|19164|19211|19303|20377|20597|26941|52840|54612|109910,Adra2c|Apoe|App|Chi3l1|Fbn1|Gas6|Gstp1|Hsp90aa1|Lrp8|Mif|Inpp5k|Psen1|Pten|Pxn|Sfrp1|Smpd1|Nherf1|Dbndd2|Sfrp5|Zfp91,-1.1464903618931859,0,75,0,0,-3.7560061883734766,2.3790590471907356,
1,-2.6440813147622952,GO:0051338,M1,1,0,GO Biological Processes,19,regulation of transferase activity,19_GO:0065007 biological regulation,-2.6440813147622952,1.9236591738241953,3.272495169734015,21160,587,431,23,5.336426914153132,1.0826251064545795,11553|11816|11820|12654|13167|14118|14456|14870|15312|15519|16975|17319|18538|19062|19164|19211|19303|20377|20597|26941|52840|54612|109910,Adra2c|Apoe|App|Chi3l1|Dbi|Fbn1|Gas6|Gstp1|Hmgn1|Hsp90aa1|Lrp8|Mif|Pcna|Inpp5k|Psen1|Pten|Pxn|Sfrp1|Smpd1|Nherf1|Dbndd2|Sfrp5|Zfp91,-1.1246000433331544,0,75,0,0,-3.7560061883734766,2.3790590471907356,
1,-2.354303925884028,GO:0043549,M1,1,0,GO Biological Processes,19,regulation of kinase activity,19_GO:0050789 regulation of biological process,-2.354303925884028,1.917778422273782,3.031313517595924,21160,512,431,20,4.640371229698376,1.0132579118225804,11553|11816|11820|12654|14118|14456|14870|15519|16975|17319|19062|19164|19211|19303|20377|20597|26941|52840|54612|109910,Adra2c|Apoe|App|Chi3l1|Fbn1|Gas6|Gstp1|Hsp90aa1|Lrp8|Mif|Inpp5k|Psen1|Pten|Pxn|Sfrp1|Smpd1|Nherf1|Dbndd2|Sfrp5|Zfp91,-0.9456028865742142,0,75,0,0,-3.7560061883734766,2.3790590471907356,
1,-2.231793698536981,GO:0051347,M1,1,0,GO Biological Processes,19,positive regulation of transferase activity,19_GO:0065007 biological regulation,-2.231793698536981,2.0980823765046503,2.9912995330828767,21160,351,431,15,3.480278422273782,0.882828590924201,11553|11816|12654|13167|14118|14456|15312|15519|16975|17319|18538|19164|19211|19303|109910,Adra2c|Apoe|Chi3l1|Dbi|Fbn1|Gas6|Hmgn1|Hsp90aa1|Lrp8|Mif|Pcna|Psen1|Pten|Pxn|Zfp91,-0.8560929193300925,0,75,0,0,-3.7560061883734766,2.3790590471907356,
1,-2.149857824101723,GO:0070374,M1,1,0,GO Biological Processes,19,positive regulation of ERK1 and ERK2 cascade,19_GO:0048518 positive regulation of biological process,-2.149857824101723,2.3790590471907356,3.0121533779210363,21160,227,431,11,2.5522041763341066,0.75963520289345,11816|11820|11984|12654|14183|14456|17319|19211|22339|114249|215449,Apoe|App|Atp6v0c|Chi3l1|Fgfr2|Gas6|Mif|Pten|Vegfa|Npnt|Rap1b,-0.7990863822262724,0,75,0,0,-3.7560061883734766,2.3790590471907356,
1,-3.753647289317459,GO:0007029,M1,1,0,GO Biological Processes,19,endoplasmic reticulum organization,19_GO:0009987 cellular process,-3.753647289317459,4.50873620910081,5.020083962245471,21160,98,431,9,2.0881670533642693,0.6887499414793933,20168|54208|56334|69683|69804|70361|73024|104001|232341,Rtn3|Arl6ip1|Tmed2|Emc10|Tmem147|Lman1|Emc7|Rtn1|Wnk1,-1.9181301135993785,0,76,1,1,-3.753647289317459,13.38958025732968,
1,-2.911529615421592,GO:0045050,M1,1,0,GO Biological Processes,19,protein insertion into ER membrane by stop-transfer membrane-anchor sequence,19_GO:0051179 localization,-2.911529615421592,13.38958025732968,5.9265922103420685,21160,11,431,3,0.6960556844547564,0.4004668821945242,69683|73024|232341,Emc10|Emc7|Wnk1,-1.3200188153949854,0,76,0,0,-3.753647289317459,13.38958025732968,
1,-2.514533682309745,GO:0045048,M1,1,0,GO Biological Processes,19,protein insertion into ER membrane,19_GO:0051179 localization,-2.514533682309745,6.546017014694509,4.383177973971001,21160,30,431,4,0.9280742459396751,0.4618787990697793,69683|69804|73024|232341,Emc10|Tmem147|Emc7|Wnk1,-1.0408918360669166,0,76,0,0,-3.753647289317459,13.38958025732968,
1,-3.7399102273835227,GO:2001242,M1,1,0,GO Biological Processes,19,regulation of intrinsic apoptotic signaling pathway,19_GO:0050896 response to stimulus,-3.7399102273835227,3.2898796852201784,4.620114801047121,21160,194,431,13,3.0162412993039442,0.8238419677523642,11820|12759|14775|17319|19125|22070|26941|29813|56208|56449|66168|67184|67991,App|Clu|Gpx1|Mif|Prodh|Tpt1|Nherf1|Zfp385a|Becn1|Ybx3|Grina|Ndufa13|Nacc2,-1.9077727923168228,0,77,1,1,-3.7399102273835227,7.55309655541674,
1,-3.0051618284751536,GO:1902229,M1,1,0,GO Biological Processes,19,regulation of intrinsic apoptotic signaling pathway in response to DNA damage,19_GO:0050896 response to stimulus,-3.0051618284751536,6.459885211869581,4.857410642249464,21160,38,431,5,1.160092807424594,0.5157911622136253,12759|17319|22070|29813|67991,Clu|Mif|Tpt1|Zfp385a|Nacc2,-1.384653977843124,0,77,0,0,-3.7399102273835227,7.55309655541674,
1,-2.7498948513579426,GO:1902230,M1,1,0,GO Biological Processes,19,negative regulation of intrinsic apoptotic signaling pathway in response to DNA damage,19_GO:0048519 negative regulation of biological process,-2.7498948513579426,7.55309655541674,4.821025382931659,21160,26,431,4,0.9280742459396751,0.4618787990697793,12759|17319|22070|29813,Clu|Mif|Tpt1|Zfp385a,-1.2051077146640314,0,77,0,0,-3.7399102273835227,7.55309655541674,
1,-2.729703075350427,GO:2001243,M1,1,0,GO Biological Processes,19,negative regulation of intrinsic apoptotic signaling pathway,19_GO:0048519 negative regulation of biological process,-2.729703075350427,3.5705547352879137,3.8975722712439533,21160,110,431,8,1.8561484918793503,0.650128600457108,12759|14775|17319|22070|29813|56449|66168|67184,Clu|Gpx1|Mif|Tpt1|Zfp385a|Ybx3|Grina|Ndufa13,-1.1866496514655163,0,77,0,0,-3.7399102273835227,7.55309655541674,
1,-3.7156290552954676,GO:0045596,M1,1,0,GO Biological Processes,19,negative regulation of cell differentiation,19_GO:0048519 negative regulation of biological process,-3.7156290552954676,2.0131599945985097,4.090517941966121,21160,756,431,31,7.192575406032483,1.24450010429349,11820|12010|12317|14118|15183|15205|15902|16011|16410|16998|17242|18102|19164|19211|19241|20377|20660|20682|21672|22057|22339|22601|50766|65963|66042|66058|67838|69064|77889|231070|246154,App|B2m|Calr|Fbn1|Hdac3|Hes1|Id2|Igfbp5|Itgav|Ltbp3|Mdk|Nme1|Psen1|Pten|Tmsb4x|Sfrp1|Sorl1|Sox9|Prdx2|Tob1|Vegfa|Yap1|Crim1|Tmem176b|Sostdc1|Tmem176a|Dnajb11|Fuom|Lbh|Insig1|Vasn,-1.888669288539764,0,78,1,1,-3.7156290552954676,3.1171509593783373,
1,-2.6669192386928655,GO:0010721,M1,1,0,GO Biological Processes,19,negative regulation of cell development,19_GO:0048519 negative regulation of biological process,-2.6669192386928655,2.337863219533753,3.4495549705275197,21160,315,431,15,3.480278422273782,0.882828590924201,12010|14118|15205|15902|17242|18102|19164|19211|20377|20660|21672|22339|65963|66058|67838,B2m|Fbn1|Hes1|Id2|Mdk|Nme1|Psen1|Pten|Sfrp1|Sorl1|Prdx2|Vegfa|Tmem176b|Tmem176a|Dnajb11,-1.1449727128754823,0,78,0,0,-3.7156290552954676,3.1171509593783373,
1,-2.364725413623901,GO:1902106,M1,1,0,GO Biological Processes,19,negative regulation of leukocyte differentiation,19_GO:0002376 immune system process,-2.364725413623901,3.1171509593783373,3.436949824738999,21160,126,431,8,1.8561484918793503,0.650128600457108,14118|15902|17242|18102|20377|21672|65963|66058,Fbn1|Id2|Mdk|Nme1|Sfrp1|Prdx2|Tmem176b|Tmem176a,-0.9496281691292907,0,78,0,0,-3.7156290552954676,3.1171509593783373,
1,-2.243955006352177,GO:1903707,M1,1,0,GO Biological Processes,19,negative regulation of hemopoiesis,19_GO:0002376 immune system process,-2.243955006352177,2.9754622794065946,3.282870500616101,21160,132,431,8,1.8561484918793503,0.650128600457108,14118|15902|17242|18102|20377|21672|65963|66058,Fbn1|Id2|Mdk|Nme1|Sfrp1|Prdx2|Tmem176b|Tmem176a,-0.8664638678390225,0,78,0,0,-3.7156290552954676,3.1171509593783373,
1,-3.712470681079936,GO:0048711,M1,1,0,GO Biological Processes,19,positive regulation of astrocyte differentiation,19_GO:0032502 developmental process,-3.712470681079936,13.092034029389017,6.7551994159203925,21160,15,431,4,0.9280742459396751,0.4618787990697793,15205|15902|20720|30948,Hes1|Id2|Serpine2|Bin1,-1.888669288539764,0,79,1,1,-3.712470681079936,13.092034029389017,
1,-2.5087243799466976,GO:0014015,M1,1,0,GO Biological Processes,19,positive regulation of gliogenesis,19_GO:0032502 developmental process,-2.5087243799466976,3.656020141185763,3.7213565239520916,21160,94,431,7,1.6241299303944317,0.608858036876225,14725|15205|15902|17242|20720|22041|30948,Lrp2|Hes1|Id2|Mdk|Serpine2|Trf|Bin1,-1.039964357185712,0,79,0,0,-3.712470681079936,13.092034029389017,
1,-2.3359184496251224,GO:0040034,M1,1,0,GO Biological Processes,19,"regulation of development, heterochronic",19_GO:0032502 developmental process,-2.3359184496251224,8.66384604886038,4.5581116239555275,21160,17,431,3,0.6960556844547564,0.4004668821945242,15205|15312|20720,Hes1|Hmgn1|Serpine2,-0.9339490587550655,0,79,0,0,-3.712470681079936,13.092034029389017,
1,-2.188681832226644,GO:0045687,M1,1,0,GO Biological Processes,19,positive regulation of glial cell differentiation,19_GO:0032502 developmental process,-2.188681832226644,4.232338587086967,3.554398056812972,21160,58,431,5,1.160092807424594,0.5157911622136253,15205|15902|17242|20720|30948,Hes1|Id2|Mdk|Serpine2|Bin1,-0.8251664670921943,0,79,0,0,-3.712470681079936,13.092034029389017,
1,-2.1396299043097717,GO:0048710,M1,1,0,GO Biological Processes,19,regulation of astrocyte differentiation,19_GO:0032502 developmental process,-2.1396299043097717,5.167908169495664,3.707997643323041,21160,38,431,4,0.9280742459396751,0.4618787990697793,15205|15902|20720|30948,Hes1|Id2|Serpine2|Bin1,-0.7934998545702832,0,79,0,0,-3.712470681079936,13.092034029389017,
1,-3.6802092559942094,GO:0060560,M1,1,0,GO Biological Processes,19,developmental growth involved in morphogenesis,19_GO:0040007 growth,-3.6802092559942094,3.4452721129971104,4.629418096797164,21160,171,431,12,2.7842227378190256,0.7924679907141544,11820|14183|18844|20377|20682|22284|22601|54612|78829|81907|98711|277468,App|Fgfr2|Plxna1|Sfrp1|Sox9|Usp9x|Yap1|Sfrp5|Tsc22d4|Tmem108|Rdh10|Slc39a12,-1.8710210189984782,0,80,1,1,-3.6802092559942094,3.4452721129971104,
1,-3.305510640817674,GO:0040007,M1,1,0,GO Biological Processes,19,growth,19_GO:0040007 growth,-3.305510640817674,2.080302017381729,3.837523744488444,21160,590,431,25,5.800464037122969,1.1259448423830345,11820|12520|12527|14183|14609|14734|14775|17242|18746|18844|19156|19211|20377|20682|22284|22601|23876|54612|56334|78829|81907|98711|232975|277468|407785,App|Cd81|Cd9|Fgfr2|Gja1|Gpc3|Gpx1|Mdk|Pkm|Plxna1|Psap|Pten|Sfrp1|Sox9|Usp9x|Yap1|Fbln5|Sfrp5|Tmed2|Tsc22d4|Tmem108|Rdh10|Atp1a3|Slc39a12|Ndufs6,-1.5957796058438791,0,80,0,0,-3.6802092559942094,3.4452721129971104,
1,-3.012063750964496,GO:0048589,M1,1,0,GO Biological Processes,19,developmental growth,19_GO:0040007 growth,-3.012063750964496,2.0176079839811845,3.5958658581908716,21160,584,431,24,5.568445475638051,1.1045539173174717,11820|12520|12527|14183|14609|14775|17242|18746|18844|19156|19211|20377|20682|22284|22601|23876|54612|56334|78829|81907|98711|232975|277468|407785,App|Cd81|Cd9|Fgfr2|Gja1|Gpx1|Mdk|Pkm|Plxna1|Psap|Pten|Sfrp1|Sox9|Usp9x|Yap1|Fbln5|Sfrp5|Tmed2|Tsc22d4|Tmem108|Rdh10|Atp1a3|Slc39a12|Ndufs6,-1.3873999405613087,0,80,0,0,-3.6802092559942094,3.4452721129971104,
1,-3.6566976671514064,GO:0007584,M1,1,0,GO Biological Processes,19,response to nutrient,19_GO:0050896 response to stimulus,-3.6566976671514064,3.42524146117736,4.605011387435231,21160,172,431,12,2.7842227378190256,0.7924679907141544,14456|14630|14775|14827|14870|18604|20377|22282|56208|79235|232087|232345,Gas6|Gclm|Gpx1|Pdia3|Gstp1|Pdk2|Sfrp1|Usf2|Becn1|Lrat|Mat2a|A2m,-1.8491031731622325,0,81,1,1,-3.6566976671514064,7.01358965860126,
1,-3.597211394342069,GO:0031670,M1,1,0,GO Biological Processes,19,cellular response to nutrient,19_GO:0050896 response to stimulus,-3.597211394342069,6.69479012866484,5.452494846001814,21160,44,431,6,1.3921113689095128,0.564357349289637,14456|14827|18604|20377|22282|232087,Gas6|Pdia3|Pdk2|Sfrp1|Usf2|Mat2a,-1.8052406888364292,0,81,0,0,-3.6566976671514064,7.01358965860126,
1,-3.480763922480731,GO:0031667,M1,1,0,GO Biological Processes,19,response to nutrient levels,19_GO:0050896 response to stimulus,-3.480763922480731,2.138289530061359,3.986756691345901,21160,574,431,25,5.800464037122969,1.1259448423830345,11816|12628|13039|14118|14456|14607|14630|14645|14775|14827|14828|14870|15481|18604|20377|20525|20660|22282|56208|66734|75747|79235|110379|232087|232345,Apoe|Cfh|Ctsl|Fbn1|Gas6|Gip|Gclm|Glul|Gpx1|Pdia3|Hspa5|Gstp1|Hspa8|Pdk2|Sfrp1|Slc2a1|Sorl1|Usf2|Becn1|Map1lc3a|Sesn3|Lrat|Sec13|Mat2a|A2m,-1.7198803650595547,0,81,0,0,-3.6566976671514064,7.01358965860126,
1,-2.880474136785212,GO:0031669,M1,1,0,GO Biological Processes,19,cellular response to nutrient levels,19_GO:0050896 response to stimulus,-2.880474136785212,2.5551367529476705,3.7013669207815063,21160,269,431,14,3.2482598607888633,0.8539179445623846,13039|14456|14645|14827|14828|18604|20377|20525|22282|56208|66734|75747|110379|232087,Ctsl|Gas6|Glul|Pdia3|Hspa5|Pdk2|Sfrp1|Slc2a1|Usf2|Becn1|Map1lc3a|Sesn3|Sec13|Mat2a,-1.298987087140454,0,81,0,0,-3.6566976671514064,7.01358965860126,
1,-2.6711816287092582,GO:0033273,M1,1,0,GO Biological Processes,19,response to vitamin,19_GO:0050896 response to stimulus,-2.6711816287092582,3.9052942417211556,3.9379990695429625,21160,88,431,7,1.6241299303944317,0.608858036876225,14456|14775|14827|14870|20377|56208|79235,Gas6|Gpx1|Pdia3|Gstp1|Sfrp1|Becn1|Lrat,-1.1475837910852853,0,81,0,0,-3.6566976671514064,7.01358965860126,
1,-2.070713132875805,GO:0071295,M1,1,0,GO Biological Processes,19,cellular response to vitamin,19_GO:0050896 response to stimulus,-2.070713132875805,7.01358965860126,3.9755594019506684,21160,21,431,3,0.6960556844547564,0.4004668821945242,14456|14827|20377,Gas6|Pdia3|Sfrp1,-0.7402398936062935,0,81,0,0,-3.6566976671514064,7.01358965860126,
1,-3.6304547549294024,GO:0070371,M1,1,0,GO Biological Processes,19,ERK1 and ERK2 cascade,19_GO:0050896 response to stimulus,-3.6304547549294024,5.633867102810847,5.226062319738176,21160,61,431,7,1.6241299303944317,0.608858036876225,14183|16410|20682|22041|27999|52840|232975,Fgfr2|Itgav|Sox9|Trf|Fam3c|Dbndd2|Atp1a3,-1.829177382963921,0,82,1,1,-3.6304547549294024,5.633867102810847,
1,-2.8319220126069147,GO:0000165,M1,1,0,GO Biological Processes,19,MAPK cascade,19_GO:0050896 response to stimulus,-2.8319220126069147,2.765922682265286,3.735060138480778,21160,213,431,12,2.7842227378190256,0.7924679907141544,14183|16410|18611|19303|20682|22041|23980|27999|52840|56208|66734|232975,Fgfr2|Itgav|Pea15a|Pxn|Sox9|Trf|Pebp1|Fam3c|Dbndd2|Becn1|Map1lc3a|Atp1a3,-1.263181142875539,0,82,0,0,-3.6304547549294024,5.633867102810847,
1,-3.6087089862224366,GO:0070848,M1,1,0,GO Biological Processes,19,response to growth factor,19_GO:0050896 response to stimulus,-3.6087089862224366,2.1417337548077673,4.0769107279397705,21160,596,431,26,6.0324825986078885,1.1468279803913675,14118|14183|14456|14630|14725|14870|15205|16975|16998|17289|17295|18212|19062|19141|19303|20377|20682|22284|22339|56208|66042|67603|81907|114249|320910|399558,Fbn1|Fgfr2|Gas6|Gclm|Lrp2|Gstp1|Hes1|Lrp8|Ltbp3|Mertk|Met|Ntrk2|Inpp5k|Lgmn|Pxn|Sfrp1|Sox9|Usp9x|Vegfa|Becn1|Sostdc1|Dusp6|Tmem108|Npnt|Itgb8|Flrt2,-1.8105560484661043,0,83,1,1,-3.6087089862224366,2.1646881662349564,
1,-3.560160611523747,GO:0071363,M1,1,0,GO Biological Processes,19,cellular response to growth factor stimulus,19_GO:0050896 response to stimulus,-3.560160611523747,2.1646881662349564,4.053576851140632,21160,567,431,25,5.800464037122969,1.1259448423830345,14118|14183|14456|14630|14725|14870|15205|16975|16998|17289|17295|18212|19062|19141|19303|20377|20682|22284|22339|56208|66042|81907|114249|320910|399558,Fbn1|Fgfr2|Gas6|Gclm|Lrp2|Gstp1|Hes1|Lrp8|Ltbp3|Mertk|Met|Ntrk2|Inpp5k|Lgmn|Pxn|Sfrp1|Sox9|Usp9x|Vegfa|Becn1|Sostdc1|Tmem108|Npnt|Itgb8|Flrt2,-1.777174339875729,0,83,0,0,-3.6087089862224366,2.1646881662349564,
1,-2.846194247403982,GO:0007167,M1,1,0,GO Biological Processes,19,enzyme-linked receptor protein signaling pathway,19_GO:0050896 response to stimulus,-2.846194247403982,1.9298399217849376,3.4332289952270845,21160,636,431,25,5.800464037122969,1.1259448423830345,12828|14183|14456|15205|16011|16998|17289|17295|18212|18604|19211|19303|20377|20397|20682|22284|22339|56208|66042|66734|114249|232975|240725|320910|399558,Col4a3|Fgfr2|Gas6|Hes1|Igfbp5|Ltbp3|Mertk|Met|Ntrk2|Pdk2|Pten|Pxn|Sfrp1|Sgpl1|Sox9|Usp9x|Vegfa|Becn1|Sostdc1|Map1lc3a|Npnt|Atp1a3|Sulf1|Itgb8|Flrt2,-1.2745132684974063,0,83,0,0,-3.6087089862224366,2.1646881662349564,
1,-3.594550074726707,GO:0010544,M1,1,0,GO Biological Processes,19,negative regulation of platelet activation,19_GO:0048519 negative regulation of biological process,-3.594550074726707,12.273781902552203,6.504786904932012,21160,16,431,4,0.9280742459396751,0.4618787990697793,11816|12527|20720|72736,Apoe|Cd9|Serpine2|Tmx1,-1.8041112737438147,0,84,1,1,-3.594550074726707,13.38958025732968,
1,-2.911529615421592,GO:0090331,M1,1,0,GO Biological Processes,19,negative regulation of platelet aggregation,19_GO:0048519 negative regulation of biological process,-2.911529615421592,13.38958025732968,5.9265922103420685,21160,11,431,3,0.6960556844547564,0.4004668821945242,12527|20720|72736,Cd9|Serpine2|Tmx1,-1.3200188153949854,0,84,0,0,-3.594550074726707,13.38958025732968,
1,-2.5048470262129023,GO:0010543,M1,1,0,GO Biological Processes,19,regulation of platelet activation,19_GO:0032501 multicellular organismal process,-2.5048470262129023,5.0097068990009,4.051849385787404,21160,49,431,5,1.160092807424594,0.5157911622136253,11816|12527|20720|72736|192176,Apoe|Cd9|Serpine2|Tmx1|Flna,-1.039964357185712,0,84,0,0,-3.594550074726707,13.38958025732968,
1,-2.456868287605386,GO:1903034,M1,1,0,GO Biological Processes,19,regulation of response to wounding,19_GO:0050896 response to stimulus,-2.456868287605386,2.7737360231756396,3.4169518403258605,21160,177,431,10,2.320185614849188,0.7251454773598325,11816|12527|17242|19211|19268|20720|21672|72736|107351|192176,Apoe|Cd9|Mdk|Pten|Ptprf|Serpine2|Prdx2|Tmx1|Kank1|Flna,-1.0165682622238696,0,84,0,0,-3.594550074726707,13.38958025732968,
1,-2.4136875729507246,GO:0034111,M1,1,0,GO Biological Processes,19,negative regulation of homotypic cell-cell adhesion,19_GO:0048519 negative regulation of biological process,-2.4136875729507246,9.205336426914155,4.73434428674461,21160,16,431,3,0.6960556844547564,0.4004668821945242,12527|20720|72736,Cd9|Serpine2|Tmx1,-0.9861717319125777,0,84,0,0,-3.594550074726707,13.38958025732968,
1,-2.4136875729507246,GO:0090209,M1,1,0,GO Biological Processes,19,negative regulation of triglyceride metabolic process,19_GO:0048519 negative regulation of biological process,-2.4136875729507246,9.205336426914155,4.73434428674461,21160,16,431,3,0.6960556844547564,0.4004668821945242,11816|20660|72736,Apoe|Sorl1|Tmx1,-0.9861717319125777,0,84,0,0,-3.594550074726707,13.38958025732968,
1,-2.3713548404202225,GO:0050818,M1,1,0,GO Biological Processes,19,regulation of coagulation,19_GO:0032501 multicellular organismal process,-2.3713548404202225,3.927610208816706,3.662301632131607,21160,75,431,6,1.3921113689095128,0.564357349289637,11816|12527|19164|20720|21672|72736,Apoe|Cd9|Psen1|Serpine2|Prdx2|Tmx1,-0.9549669724441178,0,84,0,0,-3.594550074726707,13.38958025732968,
1,-2.180602885660898,GO:0007162,M1,1,0,GO Biological Processes,19,negative regulation of cell adhesion,19_GO:0048519 negative regulation of biological process,-2.180602885660898,2.1345707656612527,2.958206837568882,21160,322,431,14,3.2482598607888633,0.8539179445623846,12527|14870|17242|19211|20720|20733|20745|21672|22339|72736|83964|107351|232341|235611,Cd9|Gstp1|Mdk|Pten|Serpine2|Spint2|Spock1|Prdx2|Vegfa|Tmx1|Jam3|Kank1|Wnk1|Plxnb1,-0.8216411085799489,0,84,0,0,-3.594550074726707,13.38958025732968,
1,-2.1771644387479228,GO:0032102,M1,1,0,GO Biological Processes,19,negative regulation of response to external stimulus,19_GO:0048519 negative regulation of biological process,-2.1771644387479228,1.9638051044083524,2.894201043731885,21160,425,431,17,3.9443155452436196,0.937580844964498,11816|12527|14775|14870|17242|17319|19211|19241|19261|20720|21672|21937|56213|67389|72736|229096|232345,Apoe|Cd9|Gpx1|Gstp1|Mdk|Mif|Pten|Tmsb4x|Sirpa|Serpine2|Prdx2|Tnfrsf1a|Htra1|C1qtnf12|Tmx1|Ythdf3|A2m,-0.821024598053729,0,84,0,0,-3.594550074726707,13.38958025732968,
1,-3.4850578418457,GO:1901163,M1,1,0,GO Biological Processes,19,regulation of trophoblast cell migration,19_GO:0040011 locomotion,-3.4850578418457,11.551794731813839,6.27573386965743,21160,17,431,4,0.9280742459396751,0.4618787990697793,12317|14609|22339|229096,Calr|Gja1|Vegfa|Ythdf3,-1.7198803650595547,0,85,1,1,-3.4850578418457,11.551794731813839,
1,-3.4850578418457,GO:2001028,M1,1,0,GO Biological Processes,19,positive regulation of endothelial cell chemotaxis,19_GO:0040011 locomotion,-3.4850578418457,11.551794731813839,6.27573386965743,21160,17,431,4,0.9280742459396751,0.4618787990697793,17295|19141|19241|22339,Met|Lgmn|Tmsb4x|Vegfa,-1.7198803650595547,0,86,1,1,-3.4850578418457,11.551794731813839,
1,-2.956424542315766,GO:2001026,M1,1,0,GO Biological Processes,19,regulation of endothelial cell chemotaxis,19_GO:0040011 locomotion,-2.956424542315766,8.53828306264501,5.215689319534731,21160,23,431,4,0.9280742459396751,0.4618787990697793,17295|19141|19241|22339,Met|Lgmn|Tmsb4x|Vegfa,-1.3471446714465674,0,86,0,0,-3.4850578418457,11.551794731813839,
1,-2.863005299824634,GO:0010594,M1,1,0,GO Biological Processes,19,regulation of endothelial cell migration,19_GO:0040011 locomotion,-2.863005299824634,2.951073244329492,3.822297247627345,21160,183,431,11,2.5522041763341066,0.75963520289345,11816|12317|12822|13001|14645|17295|19141|19241|20351|22339|69683,Apoe|Calr|Col18a1|Csnk2b|Glul|Met|Lgmn|Tmsb4x|Sema4a|Vegfa|Emc10,-1.2867011116846578,0,86,0,0,-3.4850578418457,11.551794731813839,
1,-2.1810262279560697,GO:0050918,M1,1,0,GO Biological Processes,19,positive chemotaxis,19_GO:0040011 locomotion,-2.1810262279560697,5.307581363265817,3.781408363607144,21160,37,431,4,0.9280742459396751,0.4618787990697793,14725|17295|17319|22339,Lrp2|Met|Mif|Vegfa,-0.8216411085799489,0,86,0,0,-3.4850578418457,11.551794731813839,
1,-2.034018615549085,GO:0010595,M1,1,0,GO Biological Processes,19,positive regulation of endothelial cell migration,19_GO:0040011 locomotion,-2.034018615549085,2.988399071925754,3.083010724726111,21160,115,431,7,1.6241299303944317,0.608858036876225,12317|12822|17295|19141|19241|22339|69683,Calr|Col18a1|Met|Lgmn|Tmsb4x|Vegfa|Emc10,-0.7135054931494317,0,86,0,0,-3.4850578418457,11.551794731813839,
1,-3.480965974151445,GO:0045765,M1,1,0,GO Biological Processes,19,regulation of angiogenesis,19_GO:0032502 developmental process,-3.480965974151445,2.608178654292343,4.1798187880441295,21160,320,431,17,3.9443155452436196,0.937580844964498,12654|12828|14645|17242|18655|18746|19303|20193|20351|21937|22339|23876|69683|232341|240725|277468|320910,Chi3l1|Col4a3|Glul|Mdk|Pgk1|Pkm|Pxn|S100a1|Sema4a|Tnfrsf1a|Vegfa|Fbln5|Emc10|Wnk1|Sulf1|Slc39a12|Itgb8,-1.7198803650595547,0,87,1,1,-3.480965974151445,7.273352238549454,
1,-3.373214166306082,GO:1901342,M1,1,0,GO Biological Processes,19,regulation of vasculature development,19_GO:0032502 developmental process,-3.373214166306082,2.5523460837111616,4.079280302697078,21160,327,431,17,3.9443155452436196,0.937580844964498,12654|12828|14645|17242|18655|18746|19303|20193|20351|21937|22339|23876|69683|232341|240725|277468|320910,Chi3l1|Col4a3|Glul|Mdk|Pgk1|Pkm|Pxn|S100a1|Sema4a|Tnfrsf1a|Vegfa|Fbln5|Emc10|Wnk1|Sulf1|Slc39a12|Itgb8,-1.6492850190518709,0,87,0,0,-3.480965974151445,7.273352238549454,
1,-2.844044754774001,GO:0045766,M1,1,0,GO Biological Processes,19,positive regulation of angiogenesis,19_GO:0032502 developmental process,-2.844044754774001,2.9350348027842226,3.801310833937792,21160,184,431,11,2.5522041763341066,0.75963520289345,12654|17242|18746|19303|20193|21937|22339|69683|232341|277468|320910,Chi3l1|Mdk|Pkm|Pxn|S100a1|Tnfrsf1a|Vegfa|Emc10|Wnk1|Slc39a12|Itgb8,-1.273308520872967,0,87,0,0,-3.480965974151445,7.273352238549454,
1,-2.7880440586319026,GO:1904018,M1,1,0,GO Biological Processes,19,positive regulation of vasculature development,19_GO:0032502 developmental process,-2.7880440586319026,2.8879486829534597,3.73919176718771,21160,187,431,11,2.5522041763341066,0.75963520289345,12654|17242|18746|19303|20193|21937|22339|69683|232341|277468|320910,Chi3l1|Mdk|Pkm|Pxn|S100a1|Tnfrsf1a|Vegfa|Emc10|Wnk1|Slc39a12|Itgb8,-1.2333003429435836,0,87,0,0,-3.480965974151445,7.273352238549454,
1,-2.687223300843173,GO:1903672,M1,1,0,GO Biological Processes,19,positive regulation of sprouting angiogenesis,19_GO:0032502 developmental process,-2.687223300843173,7.273352238549454,4.703249384206799,21160,27,431,4,0.9280742459396751,0.4618787990697793,18746|20193|22339|277468,Pkm|S100a1|Vegfa|Slc39a12,-1.1577616205648649,0,87,0,0,-3.480965974151445,7.273352238549454,
1,-2.5048470262129023,GO:1903670,M1,1,0,GO Biological Processes,19,regulation of sprouting angiogenesis,19_GO:0032502 developmental process,-2.5048470262129023,5.0097068990009,4.051849385787404,21160,49,431,5,1.160092807424594,0.5157911622136253,14645|18746|20193|22339|277468,Glul|Pkm|S100a1|Vegfa|Slc39a12,-1.039964357185712,0,87,0,0,-3.480965974151445,7.273352238549454,
1,-3.449810168707144,GO:0042063,M1,1,0,GO Biological Processes,19,gliogenesis,19_GO:0032502 developmental process,-3.449810168707144,2.591978786874378,4.150823091102349,21160,322,431,17,3.9443155452436196,0.937580844964498,11820|12527|12759|13167|14870|15205|15212|15902|16975|17242|18212|18424|19164|19211|20682|29873|70083,App|Cd9|Clu|Dbi|Gstp1|Hes1|Hexb|Id2|Lrp8|Mdk|Ntrk2|Otx2|Psen1|Pten|Sox9|Cspg5|Metrn,-1.6960115071020487,0,88,1,1,-3.449810168707144,3.2730085073472543,
1,-2.5911051367943063,GO:0010001,M1,1,0,GO Biological Processes,19,glial cell differentiation,19_GO:0032502 developmental process,-2.5911051367943063,2.4737854997392037,3.4343712440895886,21160,258,431,13,3.0162412993039442,0.8238419677523642,11820|12759|14870|15205|15902|17242|18212|18424|19164|19211|20682|29873|70083,App|Clu|Gstp1|Hes1|Id2|Mdk|Ntrk2|Otx2|Psen1|Pten|Sox9|Cspg5|Metrn,-1.086617962398818,0,88,0,0,-3.449810168707144,3.2730085073472543,
1,-2.559726807879973,GO:0032680,M1,1,0,GO Biological Processes,19,regulation of tumor necrosis factor production,19_GO:0032501 multicellular organismal process,-2.559726807879973,2.700232018561485,3.4835702883856645,21160,200,431,11,2.5522041763341066,0.75963520289345,11820|12759|14456|14870|15183|16423|17319|19164|19211|19261|21937,App|Clu|Gas6|Gstp1|Hdac3|Cd47|Mif|Psen1|Pten|Sirpa|Tnfrsf1a,-1.0687860980383146,0,88,0,0,-3.449810168707144,3.2730085073472543,
1,-2.5101319018075965,GO:1903555,M1,1,0,GO Biological Processes,19,regulation of tumor necrosis factor superfamily cytokine production,19_GO:0032501 multicellular organismal process,-2.5101319018075965,2.6603271118832366,3.4274738539431118,21160,203,431,11,2.5522041763341066,0.75963520289345,11820|12759|14456|14870|15183|16423|17319|19164|19211|19261|21937,App|Clu|Gas6|Gstp1|Hdac3|Cd47|Mif|Psen1|Pten|Sirpa|Tnfrsf1a,-1.039964357185712,0,88,0,0,-3.449810168707144,3.2730085073472543,
1,-2.490762288403068,GO:0021782,M1,1,0,GO Biological Processes,19,glial cell development,19_GO:0032502 developmental process,-2.490762288403068,3.0058241394005405,3.5188805057350585,21160,147,431,9,2.0881670533642693,0.6887499414793933,11820|12759|14870|15902|17242|18212|19164|19211|29873,App|Clu|Gstp1|Id2|Mdk|Ntrk2|Psen1|Pten|Cspg5,-1.0357188550777086,0,88,0,0,-3.449810168707144,3.2730085073472543,
1,-2.2439336697847576,GO:0048709,M1,1,0,GO Biological Processes,19,oligodendrocyte differentiation,19_GO:0032502 developmental process,-2.2439336697847576,3.2730085073472543,3.3667829288952675,21160,105,431,7,1.6241299303944317,0.608858036876225,12759|14870|15902|18212|18424|19211|20682,Clu|Gstp1|Id2|Ntrk2|Otx2|Pten|Sox9,-0.8664638678390225,0,88,0,0,-3.449810168707144,3.2730085073472543,
1,-3.4373731465391217,GO:0071526,M1,1,0,GO Biological Processes,19,semaphorin-plexin signaling pathway,19_GO:0050896 response to stimulus,-3.4373731465391217,6.267463099175595,5.212817079611472,21160,47,431,6,1.3921113689095128,0.564357349289637,17295|18844|20347|20351|192176|235611,Met|Plxna1|Sema3b|Sema4a|Flna|Plxnb1,-1.6874497013144956,0,89,1,1,-3.4373731465391217,6.267463099175595,
1,-2.022987468204505,GO:0050919,M1,1,0,GO Biological Processes,19,negative chemotaxis,19_GO:0040011 locomotion,-2.022987468204505,4.789768547337445,3.502393747780954,21160,41,431,4,0.9280742459396751,0.4618787990697793,16410|20347|20351|399558,Itgav|Sema3b|Sema4a|Flrt2,-0.7071137375052821,0,89,0,0,-3.4373731465391217,6.267463099175595,
1,-3.424857139470063,GO:0006536,M1,1,0,GO Biological Processes,19,glutamate metabolic process,19_GO:0009987 cellular process,-3.424857139470063,7.918568969388519,5.558462481628309,21160,31,431,5,1.160092807424594,0.5157911622136253,14598|14630|14645|18242|19125,Ggt1|Gclm|Glul|Oat|Prodh,-1.6794105522297333,0,90,1,1,-3.424857139470063,7.918568969388519,
1,-2.457584137466126,GO:0043648,M1,1,0,GO Biological Processes,19,dicarboxylic acid metabolic process,19_GO:0009987 cellular process,-2.457584137466126,3.579853054911059,3.6530632510503738,21160,96,431,7,1.6241299303944317,0.608858036876225,14598|14630|14645|16922|18242|19125|20917,Ggt1|Gclm|Glul|Phyh|Oat|Prodh|Suclg2,-1.0165682622238696,0,90,0,0,-3.424857139470063,7.918568969388519,
1,-2.457584137466126,WP662,M1,1,0,WikiPathways,27,Amino acid metabolism,,-2.457584137466126,3.579853054911059,3.6530632510503738,21160,96,431,7,1.6241299303944317,0.608858036876225,11429|14630|14645|18242|18263|18746|19125,Aco2|Gclm|Glul|Oat|Odc1|Pkm|Prodh,-1.0165682622238696,0,90,0,0,-3.424857139470063,7.918568969388519,
1,-2.188681832226644,GO:0009064,M1,1,0,GO Biological Processes,19,glutamine family amino acid metabolic process,19_GO:0009987 cellular process,-2.188681832226644,4.232338587086967,3.554398056812972,21160,58,431,5,1.160092807424594,0.5157911622136253,14598|14630|14645|18242|19125,Ggt1|Gclm|Glul|Oat|Prodh,-0.8251664670921943,0,90,0,0,-3.424857139470063,7.918568969388519,
1,-3.424857139470063,GO:0033688,M1,1,0,GO Biological Processes,19,regulation of osteoblast proliferation,19_GO:0050789 regulation of biological process,-3.424857139470063,7.918568969388519,5.558462481628309,21160,31,431,5,1.160092807424594,0.5157911622136253,14183|16410|20377|23876|235611,Fgfr2|Itgav|Sfrp1|Fbln5|Plxnb1,-1.6794105522297333,0,91,1,1,-3.424857139470063,7.918568969388519,
1,-3.398777020567692,R-MMU-422475,M1,1,0,Reactome Gene Sets,6,Axon guidance,,-3.398777020567692,2.8879486829534597,4.223515512536776,21160,238,431,14,3.2482598607888633,0.8539179445623846,11773|12828|12829|13001|15516|15519|16410|18643|18844|20351|20742|22143|57764|235611,Ap2m1|Col4a3|Col4a4|Csnk2b|Hsp90ab1|Hsp90aa1|Itgav|Pfn1|Plxna1|Sema4a|Sptbn1|Tuba1b|Ntn4|Plxnb1,-1.660169857857668,0,92,1,1,-3.398777020567692,4.091260634184068,
1,-3.3805095554326887,R-MMU-9675108,M1,1,0,Reactome Gene Sets,6,Nervous system development,,-3.3805095554326887,2.875865215660767,4.205391084360563,21160,239,431,14,3.2482598607888633,0.8539179445623846,11773|12828|12829|13001|15516|15519|16410|18643|18844|20351|20742|22143|57764|235611,Ap2m1|Col4a3|Col4a4|Csnk2b|Hsp90ab1|Hsp90aa1|Itgav|Pfn1|Plxna1|Sema4a|Sptbn1|Tuba1b|Ntn4|Plxnb1,-1.652961593537382,0,92,0,0,-3.398777020567692,4.091260634184068,
1,-2.1267412958743757,R-MMU-373760,M1,1,0,Reactome Gene Sets,6,L1CAM interactions,,-2.1267412958743757,4.091260634184068,3.4575386974275824,21160,60,431,5,1.160092807424594,0.5157911622136253,11773|13001|16410|20742|22143,Ap2m1|Csnk2b|Itgav|Sptbn1|Tuba1b,-0.7849870461951751,0,92,0,0,-3.398777020567692,4.091260634184068,
1,-3.388547849062274,GO:0043409,M1,1,0,GO Biological Processes,19,negative regulation of MAPK cascade,19_GO:0048519 negative regulation of biological process,-3.388547849062274,3.20185614849188,4.325472399768543,21160,184,431,12,2.7842227378190256,0.7924679907141544,11816|14870|15183|19062|19261|20377|20597|23980|26941|54612|67603|319520,Apoe|Gstp1|Hdac3|Inpp5k|Sirpa|Sfrp1|Smpd1|Pebp1|Nherf1|Sfrp5|Dusp6|Dusp4,-1.6537125077654766,0,93,1,1,-3.388547849062274,9.205336426914155,
1,-3.1519202385533185,GO:0043407,M1,1,0,GO Biological Processes,19,negative regulation of MAP kinase activity,19_GO:0048519 negative regulation of biological process,-3.1519202385533185,5.557938974740622,4.790603357525309,21160,53,431,6,1.3921113689095128,0.564357349289637,11816|14870|19062|20377|20597|54612,Apoe|Gstp1|Inpp5k|Sfrp1|Smpd1|Sfrp5,-1.4821943652511074,0,93,0,0,-3.388547849062274,9.205336426914155,
1,-2.9020468570363676,GO:0046329,M1,1,0,GO Biological Processes,19,negative regulation of JNK cascade,19_GO:0048519 negative regulation of biological process,-2.9020468570363676,6.1368909512761025,4.6890019538809975,21160,40,431,5,1.160092807424594,0.5157911622136253,14870|15183|19261|20377|54612,Gstp1|Hdac3|Sirpa|Sfrp1|Sfrp5,-1.3146756571480698,0,93,0,0,-3.388547849062274,9.205336426914155,
1,-2.5613252316455144,GO:0071901,M1,1,0,GO Biological Processes,19,negative regulation of protein serine/threonine kinase activity,19_GO:0048519 negative regulation of biological process,-2.5613252316455144,3.7354988399071924,3.7915415739796003,21160,92,431,7,1.6241299303944317,0.608858036876225,11816|14870|19062|19211|20377|20597|54612,Apoe|Gstp1|Inpp5k|Pten|Sfrp1|Smpd1|Sfrp5,-1.0696165384350231,0,93,0,0,-3.388547849062274,9.205336426914155,
1,-2.427515209762362,GO:0042326,M1,1,0,GO Biological Processes,19,negative regulation of phosphorylation,19_GO:0048519 negative regulation of biological process,-2.427515209762362,2.2048710004584797,3.200426675734519,21160,334,431,15,3.480278422273782,0.882828590924201,11816|14870|17295|19062|19164|19211|20377|20597|23980|52840|54612|56334|56455|63913|67603,Apoe|Gstp1|Met|Inpp5k|Psen1|Pten|Sfrp1|Smpd1|Pebp1|Dbndd2|Sfrp5|Tmed2|Dynll1|Niban1|Dusp6,-0.9933177833676996,0,93,0,0,-3.388547849062274,9.205336426914155,
1,-2.4136875729507246,GO:0043508,M1,1,0,GO Biological Processes,19,negative regulation of JUN kinase activity,19_GO:0048519 negative regulation of biological process,-2.4136875729507246,9.205336426914155,4.73434428674461,21160,16,431,3,0.6960556844547564,0.4004668821945242,14870|20377|54612,Gstp1|Sfrp1|Sfrp5,-0.9861717319125777,0,93,0,0,-3.388547849062274,9.205336426914155,
1,-2.285724348405755,GO:0001933,M1,1,0,GO Biological Processes,19,negative regulation of protein phosphorylation,19_GO:0048519 negative regulation of biological process,-2.285724348405755,2.1959481998176464,3.0736880142208856,21160,313,431,14,3.2482598607888633,0.8539179445623846,11816|14870|17295|19062|19164|19211|20377|20597|23980|52840|54612|56334|63913|67603,Apoe|Gstp1|Met|Inpp5k|Psen1|Pten|Sfrp1|Smpd1|Pebp1|Dbndd2|Sfrp5|Tmed2|Niban1|Dusp6,-0.895791233627468,0,93,0,0,-3.388547849062274,9.205336426914155,
1,-3.3868159712240633,R-MMU-9013405,M1,1,0,Reactome Gene Sets,6,RHOD GTPase cycle,,-3.3868159712240633,6.136890951276103,5.137517391469312,21160,48,431,6,1.3921113689095128,0.564357349289637,11855|18844|27360|70361|208263|235611,Arhgap5|Plxna1|Add3|Lman1|Tor1aip1|Plxnb1,-1.6537125077654766,0,94,1,1,-3.3868159712240633,6.136890951276103,
1,-2.1396299043097717,R-MMU-9035034,M1,1,0,Reactome Gene Sets,6,RHOF GTPase cycle,,-2.1396299043097717,5.167908169495664,3.707997643323041,21160,38,431,4,0.9280742459396751,0.4618787990697793,11855|27360|70350|208263,Arhgap5|Add3|Basp1|Tor1aip1,-0.7934998545702832,0,94,0,0,-3.3868159712240633,6.136890951276103,
1,-2.06067692307783,R-MMU-9696273,M1,1,0,Reactome Gene Sets,6,RND1 GTPase cycle,,-2.06067692307783,4.909512761020881,3.5686396984143998,21160,40,431,4,0.9280742459396751,0.4618787990697793,11855|18844|20867|53382,Arhgap5|Plxna1|Stip1|Txnl1,-0.7338998293682824,0,94,0,0,-3.3868159712240633,6.136890951276103,
1,-3.3829218961351204,GO:0071280,M1,1,0,GO Biological Processes,19,cellular response to copper ion,19_GO:0050896 response to stimulus,-3.3829218961351204,10.910028357824181,6.06506059421402,21160,18,431,4,0.9280742459396751,0.4618787990697793,17748|17750|56208|66734,Mt1|Mt2|Becn1|Map1lc3a,-1.6537125077654766,0,95,1,1,-3.3829218961351204,10.910028357824181,
1,-2.361245436354559,GO:0046688,M1,1,0,GO Biological Processes,19,response to copper ion,19_GO:0050896 response to stimulus,-2.361245436354559,5.950924558813189,4.104132667648585,21160,33,431,4,0.9280742459396751,0.4618787990697793,17748|17750|56208|66734,Mt1|Mt2|Becn1|Map1lc3a,-0.9487179891916924,0,95,0,0,-3.3829218961351204,10.910028357824181,
1,-3.369075549813332,GO:0034330,M1,1,0,GO Biological Processes,19,cell junction organization,19_GO:0009987 cellular process,-3.369075549813332,2.0654908056074905,3.8763198943089643,21160,618,431,26,6.0324825986078885,1.1468279803913675,11816|11820|12527|12560|14183|14609|15481|16410|17919|18643|18844|19141|19164|19211|19268|19303|50997|72333|81907|83964|109333|192176|208846|215449|233977|235611,Apoe|App|Cd9|Cdh3|Fgfr2|Gja1|Hspa8|Itgav|Myo5b|Pfn1|Plxna1|Lgmn|Psen1|Pten|Ptprf|Pxn|Mpp2|Palld|Tmem108|Jam3|Pkn2|Flna|Daam1|Rap1b|Ppfia1|Plxnb1,-1.646456492487438,0,96,1,1,-3.369075549813332,2.5704255293303047,
1,-3.1921134657465773,GO:0050808,M1,1,0,GO Biological Processes,19,synapse organization,19_GO:0009987 cellular process,-3.1921134657465773,2.320416479089471,3.8541466642198814,21160,402,431,19,4.408352668213457,0.9888023804094944,11816|11820|14183|15481|17919|18643|18844|19141|19164|19211|19268|50997|72333|81907|192176|208846|215449|233977|235611,Apoe|App|Fgfr2|Hspa8|Myo5b|Pfn1|Plxna1|Lgmn|Psen1|Pten|Ptprf|Mpp2|Palld|Tmem108|Flna|Daam1|Rap1b|Ppfia1|Plxnb1,-1.5130223889687366,0,96,0,0,-3.369075549813332,2.5704255293303047,
1,-2.248665877893731,GO:0031345,M1,1,0,GO Biological Processes,19,negative regulation of cell projection organization,19_GO:0048519 negative regulation of biological process,-2.248665877893731,2.4547563805104406,3.1275934937078103,21160,220,431,11,2.5522041763341066,0.75963520289345,11816|12010|14569|15205|19164|19211|19268|20745|22601|107351|192176,Apoe|B2m|Gdi2|Hes1|Psen1|Pten|Ptprf|Spock1|Yap1|Kank1|Flna,-0.8682315969842569,0,96,0,0,-3.369075549813332,2.5704255293303047,
1,-2.2259095581249797,GO:0099175,M1,1,0,GO Biological Processes,19,regulation of postsynapse organization,19_GO:0050789 regulation of biological process,-2.2259095581249797,2.5704255293303047,3.1437079912309525,21160,191,431,10,2.320185614849188,0.7251454773598325,11816|11820|15481|16975|19164|19211|19268|22284|56508|399558,Apoe|App|Hspa8|Lrp8|Psen1|Pten|Ptprf|Usp9x|Rapgef4|Flrt2,-0.8521996001316046,0,96,0,0,-3.369075549813332,2.5704255293303047,
1,-3.292688718144658,GO:0042391,M1,1,0,GO Biological Processes,19,regulation of membrane potential,19_GO:0065007 biological regulation,-3.292688718144658,2.1549388073183255,3.8601918270233635,21160,524,431,23,5.336426914153132,1.0826251064545795,11820|11931|11932|12010|12313|14609|14630|17295|18212|19164|19211|30948|50997|56455|56508|68197|81907|83997|108015|192176|232975|234839|407785,App|Atp1b1|Atp1b2|B2m|Calm1|Gja1|Gclm|Met|Ntrk2|Psen1|Pten|Bin1|Mpp2|Dynll1|Rapgef4|Ndufc2|Tmem108|Slmap|Chrnb4|Flna|Atp1a3|Piezo1|Ndufs6,-1.5854900196862582,0,97,1,1,-3.292688718144658,2.738373651565432,
1,-3.1697508246793724,GO:0034764,M1,1,0,GO Biological Processes,19,positive regulation of transmembrane transport,19_GO:0051179 localization,-3.1697508246793724,2.738373651565432,3.9949411753833353,21160,251,431,14,3.2482598607888633,0.8539179445623846,11931|11932|12313|13167|14607|14734|17295|19164|26941|54208|57394|67389|192176|232341,Atp1b1|Atp1b2|Calm1|Dbi|Gip|Gpc3|Met|Psen1|Nherf1|Arl6ip1|Cltrn|C1qtnf12|Flna|Wnk1,-1.4953675932644885,0,97,0,0,-3.292688718144658,2.738373651565432,
1,-2.7132402957246957,GO:0010959,M1,1,0,GO Biological Processes,19,regulation of metal ion transport,19_GO:0051179 localization,-2.7132402957246957,2.110424037542913,3.4019122207744545,21160,442,431,19,4.408352668213457,0.9888023804094944,11931|11932|12010|12313|13167|14609|15205|19062|19739|20393|20720|22041|26558|26941|30948|72736|83997|192176|232341,Atp1b1|Atp1b2|B2m|Calm1|Dbi|Gja1|Hes1|Inpp5k|Rgs9|Sgk1|Serpine2|Trf|Homer3|Nherf1|Bin1|Tmx1|Slmap|Flna|Wnk1,-1.173633671534565,0,97,0,0,-3.292688718144658,2.738373651565432,
1,-2.354303925884028,GO:0034762,M1,1,0,GO Biological Processes,19,regulation of transmembrane transport,19_GO:0051179 localization,-2.354303925884028,1.917778422273782,3.031313517595924,21160,512,431,20,4.640371229698376,1.0132579118225804,11931|11932|12313|13167|14607|14734|17295|18611|19062|19164|19739|26941|30948|54208|57394|67389|83997|192176|232341|100040591,Atp1b1|Atp1b2|Calm1|Dbi|Gip|Gpc3|Met|Pea15a|Inpp5k|Psen1|Rgs9|Nherf1|Bin1|Arl6ip1|Cltrn|C1qtnf12|Slmap|Flna|Wnk1|Kcnj13,-0.9456028865742142,0,97,0,0,-3.292688718144658,2.738373651565432,
1,-2.272174478551836,GO:0043269,M1,1,0,GO Biological Processes,19,regulation of monoatomic ion transport,19_GO:0051179 localization,-2.272174478551836,1.8846498122920852,2.9481050480403845,21160,521,431,20,4.640371229698376,1.0132579118225804,11931|11932|12010|12313|13167|14609|15205|19062|19739|20393|20720|22041|26558|26941|30948|72736|83997|192176|232341|100040591,Atp1b1|Atp1b2|B2m|Calm1|Dbi|Gja1|Hes1|Inpp5k|Rgs9|Sgk1|Serpine2|Trf|Homer3|Nherf1|Bin1|Tmx1|Slmap|Flna|Wnk1|Kcnj13,-0.8839364931897062,0,97,0,0,-3.292688718144658,2.738373651565432,
1,-3.235973550486744,GO:0051781,M1,1,0,GO Biological Processes,19,positive regulation of cell division,19_GO:0048518 positive regulation of biological process,-3.235973550486744,4.269141531322505,4.53119769104093,21160,92,431,8,1.8561484918793503,0.650128600457108,14183|17242|22339|67811|77889|109333|229776|232341,Fgfr2|Mdk|Vegfa|Poldip2|Lbh|Pkn2|Cdc14a|Wnk1,-1.5485500868979858,0,98,1,1,-3.235973550486744,4.269141531322505,
1,-2.8065657803153714,GO:0051302,M1,1,0,GO Biological Processes,19,regulation of cell division,19_GO:0050789 regulation of biological process,-2.8065657803153714,2.90347528877579,3.7597599035064904,21160,186,431,11,2.5522041763341066,0.75963520289345,12313|14183|17242|22339|52004|56208|67811|77889|109333|229776|232341,Calm1|Fgfr2|Mdk|Vegfa|Cdk2ap2|Becn1|Poldip2|Lbh|Pkn2|Cdc14a|Wnk1,-1.243221898236281,0,98,0,0,-3.235973550486744,4.269141531322505,
1,-2.145203853426007,GO:0045787,M1,1,0,GO Biological Processes,19,positive regulation of cell cycle,19_GO:0048518 positive regulation of biological process,-2.145203853426007,2.051328451680034,2.896947091944542,21160,359,431,15,3.480278422273782,0.882828590924201,11820|12317|14183|14609|15205|15902|17295|19141|23980|56208|67811|109333|229776|232341|386649,App|Calr|Fgfr2|Gja1|Hes1|Id2|Met|Lgmn|Pebp1|Becn1|Poldip2|Pkn2|Cdc14a|Wnk1|Nsfl1c,-0.7957627750805156,0,98,0,0,-3.235973550486744,4.269141531322505,
1,-3.2324006028918033,GO:0051497,M1,1,0,GO Biological Processes,19,negative regulation of stress fiber assembly,19_GO:0048519 negative regulation of biological process,-3.2324006028918033,7.21987170738365,5.233705439892414,21160,34,431,5,1.160092807424594,0.5157911622136253,17295|18643|19062|102098|233977,Met|Pfn1|Inpp5k|Arhgef18|Ppfia1,-1.5485500868979858,0,99,1,1,-3.2324006028918033,7.21987170738365,
1,-2.9020468570363676,GO:0032232,M1,1,0,GO Biological Processes,19,negative regulation of actin filament bundle assembly,19_GO:0048519 negative regulation of biological process,-2.9020468570363676,6.1368909512761025,4.6890019538809975,21160,40,431,5,1.160092807424594,0.5157911622136253,17295|18643|19062|102098|233977,Met|Pfn1|Inpp5k|Arhgef18|Ppfia1,-1.3146756571480698,0,99,0,0,-3.2324006028918033,7.21987170738365,
1,-2.608261774532046,GO:0032231,M1,1,0,GO Biological Processes,19,regulation of actin filament bundle assembly,19_GO:0050789 regulation of biological process,-2.608261774532046,3.4153132250580045,3.7449406819601885,21160,115,431,8,1.8561484918793503,0.650128600457108,16423|17295|18643|19062|19303|102098|192176|233977,Cd47|Met|Pfn1|Inpp5k|Pxn|Arhgef18|Flna|Ppfia1,-1.1009011357787588,0,99,0,0,-3.2324006028918033,7.21987170738365,
1,-2.383476204589887,GO:0051492,M1,1,0,GO Biological Processes,19,regulation of stress fiber assembly,19_GO:0050789 regulation of biological process,-2.383476204589887,3.471372659307694,3.5539668258584123,21160,99,431,7,1.6241299303944317,0.608858036876225,16423|17295|18643|19062|19303|102098|233977,Cd47|Met|Pfn1|Inpp5k|Pxn|Arhgef18|Ppfia1,-0.9634639382513546,0,99,0,0,-3.2324006028918033,7.21987170738365,
1,-2.0837563894195523,GO:0035023,M1,1,0,GO Biological Processes,19,regulation of Rho protein signal transduction,19_GO:0050896 response to stimulus,-2.0837563894195523,3.42524146117736,3.2495838714477094,21160,86,431,6,1.3921113689095128,0.564357349289637,11816|17295|71704|102098|107351|235611,Apoe|Met|Arhgef3|Arhgef18|Kank1|Plxnb1,-0.7487627860769918,0,99,0,0,-3.2324006028918033,7.21987170738365,
1,-2.0739338110559546,GO:0110020,M1,1,0,GO Biological Processes,19,regulation of actomyosin structure organization,19_GO:0050789 regulation of biological process,-2.0739338110559546,3.041291090897891,3.1372280538546735,21160,113,431,7,1.6241299303944317,0.608858036876225,16423|17295|18643|19062|19303|102098|233977,Cd47|Met|Pfn1|Inpp5k|Pxn|Arhgef18|Ppfia1,-0.7402398936062935,0,99,0,0,-3.2324006028918033,7.21987170738365,
1,-3.210965127643491,GO:0090596,M1,1,0,GO Biological Processes,19,sensory organ morphogenesis,19_GO:0032502 developmental process,-3.210965127643491,2.4692815661939345,3.9264420088671743,21160,338,431,17,3.9443155452436196,0.937580844964498,12628|12837|14107|14118|14183|14368|15312|17364|18212|18424|20682|22339|26941|60613|100121|231070|329941,Cfh|Col8a1|Fat1|Fbn1|Fgfr2|Fzd6|Hmgn1|Trpm1|Ntrk2|Otx2|Sox9|Vegfa|Nherf1|Kcnq4|Tdrd7|Insig1|Col8a2,-1.5300002456352058,0,100,1,1,-3.210965127643491,9.205336426914155,
1,-3.1051750773777487,GO:0048592,M1,1,0,GO Biological Processes,19,eye morphogenesis,19_GO:0032502 developmental process,-3.1051750773777487,2.9754622794065955,4.027003497811448,21160,198,431,12,2.7842227378190256,0.7924679907141544,12628|12837|14107|14118|15312|17364|18212|18424|20682|22339|100121|329941,Cfh|Col8a1|Fat1|Fbn1|Hmgn1|Trpm1|Ntrk2|Otx2|Sox9|Vegfa|Tdrd7|Col8a2,-1.4513675376735264,0,100,0,0,-3.210965127643491,9.205336426914155,
1,-2.7498948513579426,GO:0060221,M1,1,0,GO Biological Processes,19,retinal rod cell differentiation,19_GO:0032502 developmental process,-2.7498948513579426,7.55309655541674,4.821025382931659,21160,26,431,4,0.9280742459396751,0.4618787990697793,12628|17364|18212|20682,Cfh|Trpm1|Ntrk2|Sox9,-1.2051077146640314,0,100,0,0,-3.210965127643491,9.205336426914155,
1,-2.663203366201696,GO:0043010,M1,1,0,GO Biological Processes,19,camera-type eye development,19_GO:0032502 developmental process,-2.663203366201696,2.1397392178783505,3.3728722582583637,21160,413,431,18,4.176334106728539,0.9635968533717362,12628|12837|14107|14118|14183|14609|15205|15312|17289|17364|18008|18212|19164|20682|22339|98711|100121|329941,Cfh|Col8a1|Fat1|Fbn1|Fgfr2|Gja1|Hes1|Hmgn1|Mertk|Trpm1|Nes|Ntrk2|Psen1|Sox9|Vegfa|Rdh10|Tdrd7|Col8a2,-1.1420801477055782,0,100,0,0,-3.210965127643491,9.205336426914155,
1,-2.620035654942779,GO:0048593,M1,1,0,GO Biological Processes,19,camera-type eye morphogenesis,19_GO:0032502 developmental process,-2.620035654942779,2.9223290244171913,3.6070526692868006,21160,168,431,10,2.320185614849188,0.7251454773598325,12628|12837|14107|15312|17364|18212|20682|22339|100121|329941,Cfh|Col8a1|Fat1|Hmgn1|Trpm1|Ntrk2|Sox9|Vegfa|Tdrd7|Col8a2,-1.1102778004512357,0,100,0,0,-3.210965127643491,9.205336426914155,
1,-2.5213132285730397,GO:0001654,M1,1,0,GO Biological Processes,19,eye development,19_GO:0032502 developmental process,-2.5213132285730397,2.02784222737819,3.213788021935751,21160,460,431,19,4.408352668213457,0.9888023804094944,12628|12837|14107|14118|14183|14609|15205|15312|17289|17364|18008|18212|18424|19164|20682|22339|98711|100121|329941,Cfh|Col8a1|Fat1|Fbn1|Fgfr2|Gja1|Hes1|Hmgn1|Mertk|Trpm1|Nes|Ntrk2|Otx2|Psen1|Sox9|Vegfa|Rdh10|Tdrd7|Col8a2,-1.0435303127907793,0,100,0,0,-3.210965127643491,9.205336426914155,
1,-2.52087460670831,GO:0001754,M1,1,0,GO Biological Processes,19,eye photoreceptor cell differentiation,19_GO:0032502 developmental process,-2.52087460670831,4.208153795160756,3.8767066426954138,21160,70,431,6,1.3921113689095128,0.564357349289637,12628|17364|18212|18424|20682|22339,Cfh|Trpm1|Ntrk2|Otx2|Sox9|Vegfa,-1.0435303127907793,0,100,0,0,-3.210965127643491,9.205336426914155,
1,-2.4906150806957923,GO:0150063,M1,1,0,GO Biological Processes,19,visual system development,19_GO:0032502 developmental process,-2.4906150806957923,2.014702860894098,3.1832643762324726,21160,463,431,19,4.408352668213457,0.9888023804094944,12628|12837|14107|14118|14183|14609|15205|15312|17289|17364|18008|18212|18424|19164|20682|22339|98711|100121|329941,Cfh|Col8a1|Fat1|Fbn1|Fgfr2|Gja1|Hes1|Hmgn1|Mertk|Trpm1|Nes|Ntrk2|Otx2|Psen1|Sox9|Vegfa|Rdh10|Tdrd7|Col8a2,-1.0357188550777086,0,100,0,0,-3.210965127643491,9.205336426914155,
1,-2.4203590137135094,GO:0048880,M1,1,0,GO Biological Processes,19,sensory system development,19_GO:0032502 developmental process,-2.4203590137135094,1.9846966480722712,3.112921519986185,21160,470,431,19,4.408352668213457,0.9888023804094944,12628|12837|14107|14118|14183|14609|15205|15312|17289|17364|18008|18212|18424|19164|20682|22339|98711|100121|329941,Cfh|Col8a1|Fat1|Fbn1|Fgfr2|Gja1|Hes1|Hmgn1|Mertk|Trpm1|Nes|Ntrk2|Otx2|Psen1|Sox9|Vegfa|Rdh10|Tdrd7|Col8a2,-0.9872200649156604,0,100,0,0,-3.210965127643491,9.205336426914155,
1,-2.4136875729507246,GO:0046548,M1,1,0,GO Biological Processes,19,retinal rod cell development,19_GO:0032502 developmental process,-2.4136875729507246,9.205336426914155,4.73434428674461,21160,16,431,3,0.6960556844547564,0.4004668821945242,12628|17364|18212,Cfh|Trpm1|Ntrk2,-0.9861717319125777,0,100,0,0,-3.210965127643491,9.205336426914155,
1,-2.2267850290130493,GO:0007423,M1,1,0,GO Biological Processes,19,sensory organ development,19_GO:0032502 developmental process,-2.2267850290130493,1.7287016764158032,2.847930032537103,21160,710,431,25,5.800464037122969,1.1259448423830345,12628|12837|14107|14118|14183|14368|14609|15205|15312|17289|17364|18008|18212|18424|19156|19164|20682|22339|26941|29817|60613|98711|100121|231070|329941,Cfh|Col8a1|Fat1|Fbn1|Fgfr2|Fzd6|Gja1|Hes1|Hmgn1|Mertk|Trpm1|Nes|Ntrk2|Otx2|Psap|Psen1|Sox9|Vegfa|Nherf1|Igfbp7|Kcnq4|Rdh10|Tdrd7|Insig1|Col8a2,-0.8521996001316046,0,100,0,0,-3.210965127643491,9.205336426914155,
1,-3.1519202385533185,GO:0071867,M1,1,0,GO Biological Processes,19,response to monoamine,19_GO:0050896 response to stimulus,-3.1519202385533185,5.557938974740622,4.790603357525309,21160,53,431,6,1.3921113689095128,0.564357349289637,11803|11820|19739|26941|192176|232975,Aplp1|App|Rgs9|Nherf1|Flna|Atp1a3,-1.4821943652511074,0,101,1,1,-3.1519202385533185,5.557938974740622,
1,-2.626615348352334,GO:0071868,M1,1,0,GO Biological Processes,19,cellular response to monoamine stimulus,19_GO:0050896 response to stimulus,-2.626615348352334,5.336426914153132,4.245440093677291,21160,46,431,5,1.160092807424594,0.5157911622136253,11803|11820|19739|26941|192176,Aplp1|App|Rgs9|Nherf1|Flna,-1.1152519671453724,0,101,0,0,-3.1519202385533185,5.557938974740622,
1,-2.626615348352334,GO:0071870,M1,1,0,GO Biological Processes,19,cellular response to catecholamine stimulus,19_GO:0050896 response to stimulus,-2.626615348352334,5.336426914153132,4.245440093677291,21160,46,431,5,1.160092807424594,0.5157911622136253,11803|11820|19739|26941|192176,Aplp1|App|Rgs9|Nherf1|Flna,-1.1152519671453724,0,101,0,0,-3.1519202385533185,5.557938974740622,
1,-2.391932953767175,GO:0071869,M1,1,0,GO Biological Processes,19,response to catecholamine,19_GO:0050896 response to stimulus,-2.391932953767175,4.720685347135463,3.873451313686132,21160,52,431,5,1.160092807424594,0.5157911622136253,11803|11820|19739|26941|192176,Aplp1|App|Rgs9|Nherf1|Flna,-0.9698940599041452,0,101,0,0,-3.1519202385533185,5.557938974740622,
1,-3.1234714642661627,GO:0010811,M1,1,0,GO Biological Processes,19,positive regulation of cell-substrate adhesion,19_GO:0048518 positive regulation of biological process,-3.1234714642661627,3.4093838618200567,4.183205904692182,21160,144,431,10,2.320185614849188,0.7251454773598325,12317|12837|17242|22339|29873|58859|67811|74199|114249|192176,Calr|Col8a1|Mdk|Vegfa|Cspg5|Efemp2|Poldip2|Vit|Npnt|Flna,-1.459497919853043,0,102,1,1,-3.1234714642661627,4.789768547337445,
1,-2.95025310328006,GO:0010810,M1,1,0,GO Biological Processes,19,regulation of cell-substrate adhesion,19_GO:0050789 regulation of biological process,-2.95025310328006,2.715900676309424,3.8140850384920197,21160,235,431,13,3.0162412993039442,0.8238419677523642,12317|12837|17242|19211|20745|22339|29873|58859|67811|74199|107351|114249|192176,Calr|Col8a1|Mdk|Pten|Spock1|Vegfa|Cspg5|Efemp2|Poldip2|Vit|Kank1|Npnt|Flna,-1.3449852192047675,0,102,0,0,-3.1234714642661627,4.789768547337445,
1,-2.1573787470767436,GO:1900024,M1,1,0,GO Biological Processes,19,regulation of substrate adhesion-dependent cell spreading,19_GO:0050789 regulation of biological process,-2.1573787470767436,4.160604034763459,3.5054324759522144,21160,59,431,5,1.160092807424594,0.5157911622136253,12317|17242|29873|107351|192176,Calr|Mdk|Cspg5|Kank1|Flna,-0.8046012030365026,0,102,0,0,-3.1234714642661627,4.789768547337445,
1,-2.022987468204505,GO:1900026,M1,1,0,GO Biological Processes,19,positive regulation of substrate adhesion-dependent cell spreading,19_GO:0048518 positive regulation of biological process,-2.022987468204505,4.789768547337445,3.502393747780954,21160,41,431,4,0.9280742459396751,0.4618787990697793,12317|17242|29873|192176,Calr|Mdk|Cspg5|Flna,-0.7071137375052821,0,102,0,0,-3.1234714642661627,4.789768547337445,
1,-3.112575679760286,WP5140,M1,1,0,WikiPathways,27,Oxylipins pathways,,-3.112575679760286,9.351452878135012,5.521111165629518,21160,21,431,4,0.9280742459396751,0.4618787990697793,14598|14775|19215|56473,Ggt1|Gpx1|Ptgds|Fads2,-1.4554058434021109,0,103,1,1,-3.112575679760286,9.351452878135012,
1,-2.687223300843173,WP4348,M1,1,0,WikiPathways,27,Eicosanoid metabolism via lipoxygenases LOX,,-2.687223300843173,7.273352238549454,4.703249384206799,21160,27,431,4,0.9280742459396751,0.4618787990697793,11430|14598|14775|77219,Acox1|Ggt1|Gpx1|Ptgr2,-1.1577616205648649,0,103,0,0,-3.112575679760286,9.351452878135012,
1,-2.5613252316455144,WP4466,M1,1,0,WikiPathways,27,Oxidative stress and redox pathway,,-2.5613252316455144,3.7354988399071924,3.7915415739796003,21160,92,431,7,1.6241299303944317,0.608858036876225,14598|14630|14775|14859|14870|19224|21672,Ggt1|Gclm|Gpx1|Gsta3|Gstp1|Ptgs1|Prdx2,-1.0696165384350231,0,103,0,0,-3.112575679760286,9.351452878135012,
1,-2.461480023633058,WP730,M1,1,0,WikiPathways,27,Glutathione and one carbon metabolism,,-2.461480023633058,6.334855175510815,4.286087552093643,21160,31,431,4,0.9280742459396751,0.4618787990697793,14598|14630|14775|74340,Ggt1|Gclm|Gpx1|Ahcyl2,-1.0170634320567098,0,103,0,0,-3.112575679760286,9.351452878135012,
1,-2.4295805706589344,mmu00480,M1,1,0,KEGG Pathway,24,Glutathione metabolism - Mus musculus (house mouse),,-2.4295805706589344,4.035215967962369,3.7457661266572653,21160,73,431,6,1.3921113689095128,0.564357349289637,14598|14630|14775|14859|14870|18263,Ggt1|Gclm|Gpx1|Gsta3|Gstp1|Odc1,-0.9933177833676996,0,103,0,0,-3.112575679760286,9.351452878135012,
1,-2.195186267782916,WP164,M1,1,0,WikiPathways,27,Glutathione metabolism,,-2.195186267782916,7.751862254243498,4.245556643711991,21160,19,431,3,0.6960556844547564,0.4004668821945242,14598|14630|14775,Ggt1|Gclm|Gpx1,-0.8293760783821742,0,103,0,0,-3.112575679760286,9.351452878135012,
1,-2.1396299043097717,R-MMU-156590,M1,1,0,Reactome Gene Sets,6,Glutathione conjugation,,-2.1396299043097717,5.167908169495664,3.707997643323041,21160,38,431,4,0.9280742459396751,0.4618787990697793,14598|14630|14859|14870,Ggt1|Gclm|Gsta3|Gstp1,-0.7934998545702832,0,103,0,0,-3.112575679760286,9.351452878135012,
1,-2.0385989354237584,GO:0006749,M1,1,0,GO Biological Processes,19,glutathione metabolic process,19_GO:0009987 cellular process,-2.0385989354237584,3.896438699222922,3.319871647019503,21160,63,431,5,1.160092807424594,0.5157911622136253,14598|14630|14775|14859|14870,Ggt1|Gclm|Gpx1|Gsta3|Gstp1,-0.7154867958006159,0,103,0,0,-3.112575679760286,9.351452878135012,
1,-3.1051750773777487,GO:0001890,M1,1,0,GO Biological Processes,19,placenta development,19_GO:0032502 developmental process,-3.1051750773777487,2.9754622794065955,4.027003497811448,21160,198,431,12,2.7842227378190256,0.7924679907141544,13030|13039|14183|14609|15205|15516|16410|16691|17295|20733|56213|56334,Ctsb|Ctsl|Fgfr2|Gja1|Hes1|Hsp90ab1|Itgav|Krt8|Met|Spint2|Htra1|Tmed2,-1.4513675376735264,0,104,1,1,-3.1051750773777487,10.520384487901891,
1,-2.5876499721240496,GO:0060670,M1,1,0,GO Biological Processes,19,branching involved in labyrinthine layer morphogenesis,19_GO:0032502 developmental process,-2.5876499721240496,10.520384487901891,5.138086608586074,21160,14,431,3,0.6960556844547564,0.4004668821945242,14183|20733|56334,Fgfr2|Spint2|Tmed2,-1.086617962398818,0,104,0,0,-3.1051750773777487,10.520384487901891,
1,-3.102802915425268,GO:1903828,M1,1,0,GO Biological Processes,19,negative regulation of protein localization,19_GO:0051179 localization,-3.102802915425268,2.695418770756562,3.9275255592213436,21160,255,431,14,3.2482598607888633,0.8539179445623846,11773|11816|11820|14118|14569|15183|15932|19062|20377|56334|231070|232341|233977|386649,Ap2m1|Apoe|App|Fbn1|Gdi2|Hdac3|Idua|Inpp5k|Sfrp1|Tmed2|Insig1|Wnk1|Ppfia1|Nsfl1c,-1.4501103814218372,0,105,1,1,-3.102802915425268,6.334855175510815,
1,-2.852791172370676,GO:1905476,M1,1,0,GO Biological Processes,19,negative regulation of protein localization to membrane,19_GO:0051179 localization,-2.852791172370676,5.987210684171807,4.609034905675577,21160,41,431,5,1.160092807424594,0.5157911622136253,11773|19062|56334|232341|233977,Ap2m1|Inpp5k|Tmed2|Wnk1|Ppfia1,-1.2783509119068581,0,105,0,0,-3.102802915425268,6.334855175510815,
1,-2.461480023633058,GO:1903077,M1,1,0,GO Biological Processes,19,negative regulation of protein localization to plasma membrane,19_GO:0051179 localization,-2.461480023633058,6.334855175510815,4.286087552093643,21160,31,431,4,0.9280742459396751,0.4618787990697793,11773|56334|232341|233977,Ap2m1|Tmed2|Wnk1|Ppfia1,-1.0170634320567098,0,105,0,0,-3.102802915425268,6.334855175510815,
1,-2.361245436354559,GO:1904376,M1,1,0,GO Biological Processes,19,negative regulation of protein localization to cell periphery,19_GO:0051179 localization,-2.361245436354559,5.950924558813189,4.104132667648585,21160,33,431,4,0.9280742459396751,0.4618787990697793,11773|56334|232341|233977,Ap2m1|Tmed2|Wnk1|Ppfia1,-0.9487179891916924,0,105,0,0,-3.102802915425268,6.334855175510815,
1,-2.108961633556551,GO:1905475,M1,1,0,GO Biological Processes,19,regulation of protein localization to membrane,19_GO:0051179 localization,-2.108961633556551,2.348027842227378,2.9639794937737562,21160,230,431,11,2.5522041763341066,0.75963520289345,11773|12520|14734|17919|19062|20742|56334|56508|81907|232341|233977,Ap2m1|Cd81|Gpc3|Myo5b|Inpp5k|Sptbn1|Tmed2|Rapgef4|Tmem108|Wnk1|Ppfia1,-0.7682944795185647,0,105,0,0,-3.102802915425268,6.334855175510815,
1,-3.1013115266142193,R-MMU-2132295,M1,1,0,Reactome Gene Sets,6,MHC class II antigen presentation,,-3.1013115266142193,3.682134570765662,4.248595138246492,21160,120,431,9,2.0881670533642693,0.6887499414793933,11773|13030|13033|13039|16561|19141|22143|56455|110379,Ap2m1|Ctsb|Ctsd|Ctsl|Kif1b|Lgmn|Tuba1b|Dynll1|Sec13,-1.4497437070338184,0,106,1,1,-3.1013115266142193,3.682134570765662,
1,-2.5256801608330735,R-MMU-1280218,M1,1,0,Reactome Gene Sets,6,Adaptive Immune System,,-2.5256801608330735,1.8526463249135405,3.148208650525161,21160,636,431,24,5.568445475638051,1.1045539173174717,11773|12010|12313|12317|12520|13030|13033|13039|14827|14828|14897|16410|16561|19141|19211|20333|22143|23996|26442|56455|66105|110379|215449|268470,Ap2m1|B2m|Calm1|Calr|Cd81|Ctsb|Ctsd|Ctsl|Pdia3|Hspa5|Trip12|Itgav|Kif1b|Lgmn|Pten|Sec22b|Tuba1b|Psmc4|Psma5|Dynll1|Ube2d3|Sec13|Rap1b|Ube2z,-1.0460991521934742,0,106,0,0,-3.1013115266142193,3.682134570765662,
1,-3.0432394318330562,GO:0045039,M1,1,0,GO Biological Processes,19,protein insertion into mitochondrial inner membrane,19_GO:0051179 localization,-3.0432394318330562,14.728538283062647,6.26132348642668,21160,10,431,3,0.6960556844547564,0.4004668821945242,30055|67067|67184,Timm13|Romo1|Ndufa13,-1.4101424538930063,0,107,1,1,-3.0432394318330562,14.728538283062647,
1,-2.8154761611942014,GO:0090151,M1,1,0,GO Biological Processes,19,establishment of protein localization to mitochondrial membrane,19_GO:0051179 localization,-2.8154761611942014,7.85522041763341,4.945239507642703,21160,25,431,4,0.9280742459396751,0.4618787990697793,15519|30055|67067|67184,Hsp90aa1|Timm13|Romo1|Ndufa13,-1.2511469167763902,0,107,0,0,-3.0432394318330562,14.728538283062647,
1,-2.1810262279560697,GO:0007007,M1,1,0,GO Biological Processes,19,inner mitochondrial membrane organization,19_GO:0009987 cellular process,-2.1810262279560697,5.307581363265817,3.781408363607144,21160,37,431,4,0.9280742459396751,0.4618787990697793,30055|66092|67067|67184,Timm13|Ghitm|Romo1|Ndufa13,-0.8216411085799489,0,107,0,0,-3.0432394318330562,14.728538283062647,
1,-3.0432394318330562,R-MMU-3000480,M1,1,0,Reactome Gene Sets,6,Scavenging by Class A Receptors,,-3.0432394318330562,14.728538283062647,6.26132348642668,21160,10,431,3,0.6960556844547564,0.4004668821945242,11816|12317|22027,Apoe|Calr|Hsp90b1,-1.4101424538930063,0,108,1,1,-3.0432394318330562,14.728538283062647,
1,-2.070713132875805,GO:0043117,M1,1,0,GO Biological Processes,19,positive regulation of vascular permeability,19_GO:0032501 multicellular organismal process,-2.070713132875805,7.01358965860126,3.9755594019506684,21160,21,431,3,0.6960556844547564,0.4004668821945242,11816|19245|22339,Apoe|Ptp4a3|Vegfa,-0.7402398936062935,0,108,0,0,-3.0432394318330562,14.728538283062647,
1,-3.0432394318330562,GO:0048280,M1,1,0,GO Biological Processes,19,vesicle fusion with Golgi apparatus,19_GO:0051179 localization,-3.0432394318330562,14.728538283062647,6.26132348642668,21160,10,431,3,0.6960556844547564,0.4004668821945242,20333|56041|67180,Sec22b|Uso1|Yipf5,-1.4101424538930063,0,109,1,1,-3.0432394318330562,14.728538283062647,
1,-2.3392093958585534,GO:0061025,M1,1,0,GO Biological Processes,19,membrane fusion,19_GO:0009987 cellular process,-2.3392093958585534,2.850684828979867,3.3345251671543683,21160,155,431,9,2.0881670533642693,0.6887499414793933,12527|14456|20333|56041|56494|57394|67180|75608|386649,Cd9|Gas6|Sec22b|Uso1|Gosr2|Cltrn|Yipf5|Chmp4b|Nsfl1c,-0.9339490587550655,0,109,0,0,-3.0432394318330562,14.728538283062647,
1,-3.0317453664422063,mmu05418,M1,1,0,KEGG Pathway,24,Fluid shear stress and atherosclerosis - Mus musculus (house mouse),,-3.0317453664422063,3.3172383520411364,4.079105125876717,21160,148,431,10,2.320185614849188,0.7251454773598325,12313|13039|14859|14870|15516|15519|16410|21937|22027|22339,Calm1|Ctsl|Gsta3|Gstp1|Hsp90ab1|Hsp90aa1|Itgav|Tnfrsf1a|Hsp90b1|Vegfa,-1.3997115334196182,0,110,1,1,-3.0317453664422063,3.9592844846942596,
1,-2.067372642545474,WP1270,M1,1,0,WikiPathways,27,Endochondral ossification,,-2.067372642545474,3.9592844846942596,3.3647976072808508,21160,62,431,5,1.160092807424594,0.5157911622136253,12313|13039|20682|21859|22339,Calm1|Ctsl|Sox9|Timp3|Vegfa,-0.7384873190555944,0,110,0,0,-3.0317453664422063,3.9592844846942596,
1,-3.0236261705920033,GO:0051145,M1,1,0,GO Biological Processes,19,smooth muscle cell differentiation,19_GO:0032502 developmental process,-3.0236261705920033,5.260192243950946,4.60296688381379,21160,56,431,6,1.3921113689095128,0.564357349289637,12628|15205|20682|22339|58859|114249,Cfh|Hes1|Sox9|Vegfa|Efemp2|Npnt,-1.3958190812184743,0,111,1,1,-3.0236261705920033,9.819025522041764,
1,-2.497305526267157,GO:0097084,M1,1,0,GO Biological Processes,19,vascular associated smooth muscle cell development,19_GO:0032502 developmental process,-2.497305526267157,9.819025522041764,4.926737380220034,21160,15,431,3,0.6960556844547564,0.4004668821945242,15205|22339|58859,Hes1|Vegfa|Efemp2,-1.0388782202479938,0,111,0,0,-3.0236261705920033,9.819025522041764,
1,-2.310396182284272,GO:0042692,M1,1,0,GO Biological Processes,19,muscle cell differentiation,19_GO:0032502 developmental process,-2.310396182284272,2.1407759132358493,3.0759406604988704,21160,344,431,15,3.480278422273782,0.882828590924201,12317|12520|12527|12628|14775|15205|16011|16691|17295|18807|20682|22339|30948|58859|114249,Calr|Cd81|Cd9|Cfh|Gpx1|Hes1|Igfbp5|Krt8|Met|Pld3|Sox9|Vegfa|Bin1|Efemp2|Npnt,-0.9148281582457408,0,111,0,0,-3.0236261705920033,9.819025522041764,
1,-2.2238004684132417,GO:0035886,M1,1,0,GO Biological Processes,19,vascular associated smooth muscle cell differentiation,19_GO:0032502 developmental process,-2.2238004684132417,5.455014178912091,3.8575298037918055,21160,36,431,4,0.9280742459396751,0.4618787990697793,12628|15205|22339|58859,Cfh|Hes1|Vegfa|Efemp2,-0.8521996001316046,0,111,0,0,-3.0236261705920033,9.819025522041764,
1,-2.950364995067777,GO:0032355,M1,1,0,GO Biological Processes,19,response to estradiol,19_GO:0050896 response to stimulus,-2.950364995067777,3.50679482930063,4.069491601936254,21160,126,431,9,2.0881670533642693,0.6887499414793933,12317|14598|14609|14775|14870|15481|18538|19739|20377,Calr|Ggt1|Gja1|Gpx1|Gstp1|Hspa8|Pcna|Rgs9|Sfrp1,-1.3449852192047675,0,112,1,1,-2.950364995067777,3.50679482930063,
1,-2.8175540468463516,GO:0009410,M1,1,0,GO Biological Processes,19,response to xenobiotic stimulus,19_GO:0050896 response to stimulus,-2.8175540468463516,2.0619953596287703,3.4652892497194134,21160,500,431,21,4.872389791183295,1.0370165094783361,12317|12560|14456|14607|14630|14673|14775|14859|14870|15481|15519|16975|18538|20377|20597|27360|56208|67603|215449|232087|232975,Calr|Cdh3|Gas6|Gip|Gclm|Gna12|Gpx1|Gsta3|Gstp1|Hspa8|Hsp90aa1|Lrp8|Pcna|Sfrp1|Smpd1|Add3|Becn1|Dusp6|Rap1b|Mat2a|Atp1a3,-1.2523152848565355,0,112,0,0,-2.950364995067777,3.50679482930063,
1,-2.95025310328006,GO:0060348,M1,1,0,GO Biological Processes,19,bone development,19_GO:0032502 developmental process,-2.95025310328006,2.715900676309424,3.8140850384920197,21160,235,431,13,3.0162412993039442,0.8238419677523642,12628|14183|14609|15932|16998|19035|20682|21859|23876|231070|235611|240725|329872,Cfh|Fgfr2|Gja1|Idua|Ltbp3|Ppib|Sox9|Timp3|Fbln5|Insig1|Plxnb1|Sulf1|Frem1,-1.3449852192047675,0,113,1,1,-2.95025310328006,2.715900676309424,
1,-2.6228319248205203,GO:0001501,M1,1,0,GO Biological Processes,19,skeletal system development,19_GO:0032502 developmental process,-2.6228319248205203,1.9496260061815776,3.265935946074323,21160,554,431,22,5.104408352668213,1.0601250316270292,12628|12822|14118|14183|14609|15212|15932|16998|19035|19164|20377|20397|20682|21859|22339|23876|98711|231070|235611|240725|320910|329872,Cfh|Col18a1|Fbn1|Fgfr2|Gja1|Hexb|Idua|Ltbp3|Ppib|Psen1|Sfrp1|Sgpl1|Sox9|Timp3|Vegfa|Fbln5|Rdh10|Insig1|Plxnb1|Sulf1|Itgb8|Frem1,-1.1122720488971598,0,113,0,0,-2.95025310328006,2.715900676309424,
1,-2.3713602173804786,GO:0035107,M1,1,0,GO Biological Processes,19,appendage morphogenesis,19_GO:0032502 developmental process,-2.3713602173804786,2.6975344840774076,3.3164181818089022,21160,182,431,10,2.320185614849188,0.7251454773598325,14183|14368|14609|14673|14734|15932|19164|20682|98711|240725,Fgfr2|Fzd6|Gja1|Gna12|Gpc3|Idua|Psen1|Sox9|Rdh10|Sulf1,-0.9549669724441178,0,113,0,0,-2.95025310328006,2.715900676309424,
1,-2.3713602173804786,GO:0035108,M1,1,0,GO Biological Processes,19,limb morphogenesis,19_GO:0032502 developmental process,-2.3713602173804786,2.6975344840774076,3.3164181818089022,21160,182,431,10,2.320185614849188,0.7251454773598325,14183|14368|14609|14673|14734|15932|19164|20682|98711|240725,Fgfr2|Fzd6|Gja1|Gna12|Gpc3|Idua|Psen1|Sox9|Rdh10|Sulf1,-0.9549669724441178,0,113,0,0,-2.95025310328006,2.715900676309424,
1,-2.0728889041991003,GO:0048705,M1,1,0,GO Biological Processes,19,skeletal system morphogenesis,19_GO:0032502 developmental process,-2.0728889041991003,2.2231755898962486,2.889266375345271,21160,265,431,12,2.7842227378190256,0.7924679907141544,14183|15932|16998|19164|20377|20397|20682|22339|98711|231070|240725|329872,Fgfr2|Idua|Ltbp3|Psen1|Sfrp1|Sgpl1|Sox9|Vegfa|Rdh10|Insig1|Sulf1|Frem1,-0.7402398936062935,0,113,0,0,-2.95025310328006,2.715900676309424,
1,-2.916314846585941,GO:0051896,M1,1,0,GO Biological Processes,19,regulation of phosphatidylinositol 3-kinase/protein kinase B signal transduction,19_GO:0050896 response to stimulus,-2.916314846585941,2.4795518995054957,3.7026876548388996,21160,297,431,15,3.480278422273782,0.882828590924201,12654|14456|14775|16011|17289|18212|19062|19211|20720|22339|26941|54612|67389|75747|235611,Chi3l1|Gas6|Gpx1|Igfbp5|Mertk|Ntrk2|Inpp5k|Pten|Serpine2|Vegfa|Nherf1|Sfrp5|C1qtnf12|Sesn3|Plxnb1,-1.3200188153949854,0,114,1,1,-2.916314846585941,2.4795518995054957,
1,-2.911942534129679,GO:0071214,M1,1,0,GO Biological Processes,19,cellular response to abiotic stimulus,19_GO:0050896 response to stimulus,-2.911942534129679,2.254368104550405,3.614662278821399,21160,392,431,18,4.176334106728539,0.9635968533717362,12317|14609|17364|18538|19211|19739|20132|20377|20525|20597|20682|21937|22601|56449|57811|66467|232341|234839,Calr|Gja1|Trpm1|Pcna|Pten|Rgs9|Rrh|Sfrp1|Slc2a1|Smpd1|Sox9|Tnfrsf1a|Yap1|Ybx3|Rgr|Gtf2h5|Wnk1|Piezo1,-1.3200188153949854,0,115,1,1,-2.911942534129679,2.254368104550405,
1,-2.911942534129679,GO:0104004,M1,1,0,GO Biological Processes,19,cellular response to environmental stimulus,19_GO:0050896 response to stimulus,-2.911942534129679,2.254368104550405,3.614662278821399,21160,392,431,18,4.176334106728539,0.9635968533717362,12317|14609|17364|18538|19211|19739|20132|20377|20525|20597|20682|21937|22601|56449|57811|66467|232341|234839,Calr|Gja1|Trpm1|Pcna|Pten|Rgs9|Rrh|Sfrp1|Slc2a1|Smpd1|Sox9|Tnfrsf1a|Yap1|Ybx3|Rgr|Gtf2h5|Wnk1|Piezo1,-1.3200188153949854,0,115,0,0,-2.911942534129679,2.254368104550405,
1,-2.342357587200759,GO:0009314,M1,1,0,GO Biological Processes,19,response to radiation,19_GO:0050896 response to stimulus,-2.342357587200759,1.9514799677698063,3.033991496175978,21160,478,431,19,4.408352668213457,0.9888023804094944,11820|13190|14725|14775|15312|15902|15932|17364|18538|19739|20132|20377|20393|20597|22139|22601|57811|66467|232975,App|Dct|Lrp2|Gpx1|Hmgn1|Id2|Idua|Trpm1|Pcna|Rgs9|Rrh|Sfrp1|Sgk1|Smpd1|Ttr|Yap1|Rgr|Gtf2h5|Atp1a3,-0.9342910176632545,0,115,0,0,-2.911942534129679,2.254368104550405,
1,-2.242857632781033,GO:0009416,M1,1,0,GO Biological Processes,19,response to light stimulus,19_GO:0050896 response to stimulus,-2.242857632781033,2.1040768975803776,3.003269690733295,21160,350,431,15,3.480278422273782,0.882828590924201,11820|13190|14775|15312|15902|15932|17364|18538|19739|20132|20393|20597|22139|57811|232975,App|Dct|Gpx1|Hmgn1|Id2|Idua|Trpm1|Pcna|Rgs9|Rrh|Sgk1|Smpd1|Ttr|Rgr|Atp1a3,-0.8659783060886017,0,115,0,0,-2.911942534129679,2.254368104550405,
1,-2.911529615421592,GO:0071635,M1,1,0,GO Biological Processes,19,negative regulation of transforming growth factor beta production,19_GO:0048519 negative regulation of biological process,-2.911529615421592,13.38958025732968,5.9265922103420685,21160,11,431,3,0.6960556844547564,0.4004668821945242,17295|18550|114128,Met|Furin|Laptm4b,-1.3200188153949854,0,116,1,1,-2.911529615421592,13.38958025732968,
1,-2.497305526267157,GO:0006465,M1,1,0,GO Biological Processes,19,signal peptide processing,19_GO:0009987 cellular process,-2.497305526267157,9.819025522041764,4.926737380220034,21160,15,431,3,0.6960556844547564,0.4004668821945242,18550|66286|76687,Furin|Sec11c|Spcs3,-1.0388782202479938,0,116,0,0,-2.911529615421592,13.38958025732968,
1,-2.9020468570363676,GO:0046148,M1,1,0,GO Biological Processes,19,pigment biosynthetic process,19_GO:0009987 cellular process,-2.9020468570363676,6.1368909512761025,4.6890019538809975,21160,40,431,5,1.160092807424594,0.5157911622136253,13190|18174|18431|20431|68066,Dct|Slc11a2|Oca2|Pmel|Slc25a39,-1.3146756571480698,0,117,1,1,-2.9020468570363676,9.819025522041764,
1,-2.497305526267157,GO:0042438,M1,1,0,GO Biological Processes,19,melanin biosynthetic process,19_GO:0009987 cellular process,-2.497305526267157,9.819025522041764,4.926737380220034,21160,15,431,3,0.6960556844547564,0.4004668821945242,13190|18431|20431,Dct|Oca2|Pmel,-1.0388782202479938,0,117,0,0,-2.9020468570363676,9.819025522041764,
1,-2.3359184496251224,GO:0006582,M1,1,0,GO Biological Processes,19,melanin metabolic process,19_GO:0009987 cellular process,-2.3359184496251224,8.66384604886038,4.5581116239555275,21160,17,431,3,0.6960556844547564,0.4004668821945242,13190|18431|20431,Dct|Oca2|Pmel,-0.9339490587550655,0,117,0,0,-2.9020468570363676,9.819025522041764,
1,-2.3359184496251224,GO:0044550,M1,1,0,GO Biological Processes,19,secondary metabolite biosynthetic process,19_GO:0009987 cellular process,-2.3359184496251224,8.66384604886038,4.5581116239555275,21160,17,431,3,0.6960556844547564,0.4004668821945242,13190|18431|20431,Dct|Oca2|Pmel,-0.9339490587550655,0,117,0,0,-2.9020468570363676,9.819025522041764,
1,-2.188681832226644,GO:0042440,M1,1,0,GO Biological Processes,19,pigment metabolic process,19_GO:0009987 cellular process,-2.188681832226644,4.232338587086967,3.554398056812972,21160,58,431,5,1.160092807424594,0.5157911622136253,13190|18174|18431|20431|68066,Dct|Slc11a2|Oca2|Pmel|Slc25a39,-0.8251664670921943,0,117,0,0,-2.9020468570363676,9.819025522041764,
1,-2.9013769453208957,GO:0034284,M1,1,0,GO Biological Processes,19,response to monosaccharide,19_GO:0050896 response to stimulus,-2.9013769453208957,2.983681788465729,3.86470127803664,21160,181,431,11,2.5522041763341066,0.75963520289345,12828|13039|14456|14607|14609|14630|14645|14775|14870|22282|57394,Col4a3|Ctsl|Gas6|Gip|Gja1|Gclm|Glul|Gpx1|Gstp1|Usf2|Cltrn,-1.3146756571480698,0,118,1,1,-2.9013769453208957,2.983681788465729,
1,-2.6389449960519618,GO:0009749,M1,1,0,GO Biological Processes,19,response to glucose,19_GO:0050896 response to stimulus,-2.6389449960519618,2.9398280006113064,3.6289520947276364,21160,167,431,10,2.320185614849188,0.7251454773598325,12828|13039|14456|14607|14609|14630|14645|14775|22282|57394,Col4a3|Ctsl|Gas6|Gip|Gja1|Gclm|Glul|Gpx1|Usf2|Cltrn,-1.121915064048604,0,118,0,0,-2.9013769453208957,2.983681788465729,
1,-2.5278655221645128,GO:0009746,M1,1,0,GO Biological Processes,19,response to hexose,19_GO:0050896 response to stimulus,-2.5278655221645128,2.837868647988949,3.4999300786902094,21160,173,431,10,2.320185614849188,0.7251454773598325,12828|13039|14456|14607|14609|14630|14645|14775|22282|57394,Col4a3|Ctsl|Gas6|Gip|Gja1|Gclm|Glul|Gpx1|Usf2|Cltrn,-1.046786944862019,0,118,0,0,-2.9013769453208957,2.983681788465729,
1,-2.5195030427579876,GO:0042593,M1,1,0,GO Biological Processes,19,glucose homeostasis,19_GO:0042592 homeostatic process,-2.5195030427579876,2.4267553571586107,3.357240421228742,21160,263,431,13,3.0162412993039442,0.8238419677523642,14118|14456|14630|14775|15275|16011|17295|18604|19062|22282|57394|75747|78829,Fbn1|Gas6|Gclm|Gpx1|Hk1|Igfbp5|Met|Pdk2|Inpp5k|Usf2|Cltrn|Sesn3|Tsc22d4,-1.0429017678102381,0,118,0,0,-2.9013769453208957,2.983681788465729,
1,-2.5054386550744434,GO:0033500,M1,1,0,GO Biological Processes,19,carbohydrate homeostasis,19_GO:0042592 homeostatic process,-2.5054386550744434,2.4175631020178585,3.3420259102781995,21160,264,431,13,3.0162412993039442,0.8238419677523642,14118|14456|14630|14775|15275|16011|17295|18604|19062|22282|57394|75747|78829,Fbn1|Gas6|Gclm|Gpx1|Hk1|Igfbp5|Met|Pdk2|Inpp5k|Usf2|Cltrn|Sesn3|Tsc22d4,-1.039964357185712,0,118,0,0,-2.9013769453208957,2.983681788465729,
1,-2.461622016563755,GO:0009743,M1,1,0,GO Biological Processes,19,response to carbohydrate,19_GO:0050896 response to stimulus,-2.461622016563755,2.6215844840402767,3.3723818958903147,21160,206,431,11,2.5522041763341066,0.75963520289345,12828|13039|14456|14607|14609|14630|14645|14775|14870|22282|57394,Col4a3|Ctsl|Gas6|Gip|Gja1|Gclm|Glul|Gpx1|Gstp1|Usf2|Cltrn,-1.0170634320567098,0,118,0,0,-2.9013769453208957,2.983681788465729,
1,-2.8651790216465973,GO:0071709,M1,1,0,GO Biological Processes,19,membrane assembly,19_GO:0009987 cellular process,-2.8651790216465973,4.909512761020882,4.372744086939312,21160,60,431,6,1.3921113689095128,0.564357349289637,15183|19156|19211|20742|75608|386649,Hdac3|Psap|Pten|Sptbn1|Chmp4b|Nsfl1c,-1.2879398611715482,0,119,1,1,-2.8651790216465973,4.909512761020882,
1,-2.755898418405895,GO:0007009,M1,1,0,GO Biological Processes,19,plasma membrane organization,19_GO:0009987 cellular process,-2.755898418405895,3.049386808087504,3.7638698370962254,21160,161,431,10,2.320185614849188,0.7251454773598325,12527|12759|15183|19156|19211|20597|20742|26941|30948|75608,Cd9|Clu|Hdac3|Psap|Pten|Smpd1|Sptbn1|Nherf1|Bin1|Chmp4b,-1.2067464763095337,0,119,0,0,-2.8651790216465973,4.909512761020882,
1,-2.5524238743734227,GO:0044091,M1,1,0,GO Biological Processes,19,membrane biogenesis,19_GO:0009987 cellular process,-2.5524238743734227,4.269141531322506,3.9219920686135565,21160,69,431,6,1.3921113689095128,0.564357349289637,15183|19156|19211|20742|75608|386649,Hdac3|Psap|Pten|Sptbn1|Chmp4b|Nsfl1c,-1.0645415890159842,0,119,0,0,-2.8651790216465973,4.909512761020882,
1,-2.852791172370676,mmu04216,M1,1,0,KEGG Pathway,24,Ferroptosis - Mus musculus (house mouse),,-2.852791172370676,5.987210684171807,4.609034905675577,21160,41,431,5,1.160092807424594,0.5157911622136253,14319|14630|18174|22041|66734,Fth1|Gclm|Slc11a2|Trf|Map1lc3a,-1.2783509119068581,0,120,1,1,-2.852791172370676,5.987210684171807,
1,-2.253383023642476,R-MMU-917937,M1,1,0,Reactome Gene Sets,6,Iron uptake and transport,,-2.253383023642476,4.383493536625787,3.6557290865923258,21160,56,431,5,1.160092807424594,0.5157911622136253,11984|14319|18174|22041|108664,Atp6v0c|Fth1|Slc11a2|Trf|Atp6v1h,-0.8723534109305205,0,120,0,0,-2.852791172370676,5.987210684171807,
1,-2.8461725515916187,GO:0031647,M1,1,0,GO Biological Processes,19,regulation of protein stability,19_GO:0065007 biological regulation,-2.8461725515916187,2.286622381845342,3.5753214999355025,21160,365,431,17,3.9443155452436196,0.937580844964498,11931|11932|12317|12520|12759|13200|15183|15481|15516|15519|18643|19035|19211|22284|28199|54197|192176,Atp1b1|Atp1b2|Calr|Cd81|Clu|Ddost|Hdac3|Hspa8|Hsp90ab1|Hsp90aa1|Pfn1|Ppib|Pten|Usp9x|Dcaf11|Rnf5|Flna,-1.2745132684974063,0,121,1,1,-2.8461725515916187,2.6657987842647324,
1,-2.697500412530771,GO:0050821,M1,1,0,GO Biological Processes,19,protein stabilization,19_GO:0065007 biological regulation,-2.697500412530771,2.6657987842647324,3.589531243204093,21160,221,431,12,2.7842227378190256,0.7924679907141544,11931|11932|12317|12759|15516|15519|18643|19035|19211|22284|28199|192176,Atp1b1|Atp1b2|Calr|Clu|Hsp90ab1|Hsp90aa1|Pfn1|Ppib|Pten|Usp9x|Dcaf11|Flna,-1.1621164741664223,0,121,0,0,-2.8461725515916187,2.6657987842647324,
1,-2.7877486248498933,GO:0046626,M1,1,0,GO Biological Processes,19,regulation of insulin receptor signaling pathway,19_GO:0050896 response to stimulus,-2.7877486248498933,4.091260634184068,4.093343587702505,21160,84,431,7,1.6241299303944317,0.608858036876225,13033|19062|19268|20660|67389|75747|107351,Ctsd|Inpp5k|Ptprf|Sorl1|C1qtnf12|Sesn3|Kank1,-1.2333003429435836,0,122,1,1,-2.7877486248498933,4.091260634184068,
1,-2.5087243799466976,GO:1900076,M1,1,0,GO Biological Processes,19,regulation of cellular response to insulin stimulus,19_GO:0050896 response to stimulus,-2.5087243799466976,3.656020141185763,3.7213565239520916,21160,94,431,7,1.6241299303944317,0.608858036876225,13033|19062|19268|20660|56041|67389|107351,Ctsd|Inpp5k|Ptprf|Sorl1|Uso1|C1qtnf12|Kank1,-1.039964357185712,0,122,0,0,-2.7877486248498933,4.091260634184068,
1,-2.7877486248498933,GO:0043542,M1,1,0,GO Biological Processes,19,endothelial cell migration,19_GO:0009987 cellular process,-2.7877486248498933,4.091260634184068,4.093343587702505,21160,84,431,7,1.6241299303944317,0.608858036876225,12822|14775|16410|19211|19245|19303|22339,Col18a1|Gpx1|Itgav|Pten|Ptp4a3|Pxn|Vegfa,-1.2333003429435836,0,123,1,1,-2.7877486248498933,5.7758973659069195,
1,-2.5265413225747344,mmu04510,M1,1,0,KEGG Pathway,24,Focal adhesion - Mus musculus (house mouse),,-2.5265413225747344,2.673497048080678,3.4460592951975553,21160,202,431,11,2.5522041763341066,0.75963520289345,11855|12828|12829|16410|17295|19211|19303|22339|192176|215449|320910,Arhgap5|Col4a3|Col4a4|Itgav|Met|Pten|Pxn|Vegfa|Flna|Rap1b|Itgb8,-1.0462121751077418,0,123,0,0,-2.7877486248498933,5.7758973659069195,
1,-2.3217039655841814,WP85,M1,1,0,WikiPathways,27,Focal adhesion,,-2.3217039655841814,2.653790681632909,3.2577102071205006,21160,185,431,10,2.320185614849188,0.7251454773598325,11855|12829|16410|17295|19211|19303|22339|192176|215449|320910,Arhgap5|Col4a4|Itgav|Met|Pten|Pxn|Vegfa|Flna|Rap1b|Itgb8,-0.9242518939312238,0,123,0,0,-2.7877486248498933,5.7758973659069195,
1,-2.3138167668310303,WP193,M1,1,0,WikiPathways,27,Hepatocyte growth factor receptor signaling,,-2.3138167668310303,5.7758973659069195,4.018674532248376,21160,34,431,4,0.9280742459396751,0.4618787990697793,17295|19211|19303|215449,Met|Pten|Pxn|Rap1b,-0.9176322849432126,0,123,0,0,-2.7877486248498933,5.7758973659069195,
1,-2.145203853426007,mmu05165,M1,1,0,KEGG Pathway,24,Human papillomavirus infection - Mus musculus (house mouse),,-2.145203853426007,2.051328451680034,2.896947091944542,21160,359,431,15,3.480278422273782,0.882828590924201,11984|12828|12829|14368|15205|16410|18746|19164|19211|19303|21937|22339|26941|108664|320910,Atp6v0c|Col4a3|Col4a4|Fzd6|Hes1|Itgav|Pkm|Psen1|Pten|Pxn|Tnfrsf1a|Vegfa|Nherf1|Atp6v1h|Itgb8,-0.7957627750805156,0,123,0,0,-2.7877486248498933,5.7758973659069195,
1,-2.0332144480146286,mmu05205,M1,1,0,KEGG Pathway,24,Proteoglycans in cancer - Mus musculus (house mouse),,-2.0332144480146286,2.4066239024612166,2.91095780596802,21160,204,431,10,2.320185614849188,0.7251454773598325,13039|14368|14734|16410|17295|19303|21859|22339|66911|192176,Ctsl|Fzd6|Gpc3|Itgav|Met|Pxn|Timp3|Vegfa|Nudt16l1|Flna,-0.7132192678133988,0,123,0,0,-2.7877486248498933,5.7758973659069195,
1,-2.758498695103466,mmu00513,M1,1,0,KEGG Pathway,24,Various types of N-glycan biosynthesis - Mus musculus (house mouse),,-2.758498695103466,5.708735768628932,4.456762251818746,21160,43,431,5,1.160092807424594,0.5157911622136253,13200|15212|20014|66357|140481,Ddost|Hexb|Rpn2|Ostc|Man2a2,-1.2075884733507658,0,124,1,1,-2.758498695103466,5.708735768628932,
1,-2.427515209762362,GO:0009100,M1,1,0,GO Biological Processes,19,glycoprotein metabolic process,19_GO:0009987 cellular process,-2.427515209762362,2.2048710004584797,3.200426675734519,21160,334,431,15,3.480278422273782,0.882828590924201,13039|13200|14426|15212|15932|19164|20014|20442|56375|66357|76299|107895|108148|140481|240725,Ctsl|Ddost|Galnt4|Hexb|Idua|Psen1|Rpn2|St3gal1|B4galt4|Ostc|Erp44|Mgat5|Galnt2|Man2a2|Sulf1,-0.9933177833676996,0,124,0,0,-2.758498695103466,5.708735768628932,
1,-2.3560775176438393,mmu00510,M1,1,0,KEGG Pathway,24,N-Glycan biosynthesis - Mus musculus (house mouse),,-2.3560775176438393,4.631615812283851,3.816995137491736,21160,53,431,5,1.160092807424594,0.5157911622136253,13200|20014|66357|107895|140481,Ddost|Rpn2|Ostc|Mgat5|Man2a2,-0.9461047512703882,0,124,0,0,-2.758498695103466,5.708735768628932,
1,-2.0296548063920024,GO:0070085,M1,1,0,GO Biological Processes,19,glycosylation,19_GO:0009987 cellular process,-2.0296548063920024,2.2883322191199023,2.869845668488977,21160,236,431,11,2.5522041763341066,0.75963520289345,13200|14426|19164|20014|20442|56375|66357|69064|107895|108148|140481,Ddost|Galnt4|Psen1|Rpn2|St3gal1|B4galt4|Ostc|Fuom|Mgat5|Galnt2|Man2a2,-0.7101769514239541,0,124,0,0,-2.758498695103466,5.708735768628932,
1,-2.713324873693412,GO:0007617,M1,1,0,GO Biological Processes,19,mating behavior,19_GO:0022414 reproductive process,-2.713324873693412,5.578991773887366,4.3841701771122406,21160,44,431,5,1.160092807424594,0.5157911622136253,11820|15212|19211|20720|69064,App|Hexb|Pten|Serpine2|Fuom,-1.173633671534565,0,125,1,1,-2.713324873693412,5.578991773887366,
1,-2.1267412958743757,GO:0019098,M1,1,0,GO Biological Processes,19,reproductive behavior,19_GO:0022414 reproductive process,-2.1267412958743757,4.091260634184068,3.4575386974275824,21160,60,431,5,1.160092807424594,0.5157911622136253,11820|15212|19211|20720|69064,App|Hexb|Pten|Serpine2|Fuom,-0.7849870461951751,0,125,0,0,-2.713324873693412,5.578991773887366,
1,-2.685812890001228,GO:1902902,M1,1,0,GO Biological Processes,19,negative regulation of autophagosome assembly,19_GO:0048519 negative regulation of biological process,-2.685812890001228,11.329644833125114,5.371922164584881,21160,13,431,3,0.6960556844547564,0.4004668821945242,20333|56208|225020,Sec22b|Becn1|Fez2,-1.1577616205648649,0,126,1,1,-2.685812890001228,11.329644833125114,
1,-2.4662805470575813,GO:1902116,M1,1,0,GO Biological Processes,19,negative regulation of organelle assembly,19_GO:0048519 negative regulation of biological process,-2.4662805470575813,4.909512761020881,3.990805381232876,21160,50,431,5,1.160092807424594,0.5157911622136253,14569|20333|22601|56208|225020,Gdi2|Sec22b|Yap1|Becn1|Fez2,-1.0170634320567098,0,126,0,0,-2.685812890001228,11.329644833125114,
1,-2.2680342784146914,GO:0016242,M1,1,0,GO Biological Processes,19,negative regulation of macroautophagy,19_GO:0048519 negative regulation of biological process,-2.2680342784146914,5.610871726881007,3.9365496410754672,21160,35,431,4,0.9280742459396751,0.4618787990697793,20333|56208|67811|225020,Sec22b|Becn1|Poldip2|Fez2,-0.8822124021041905,0,126,0,0,-2.685812890001228,11.329644833125114,
1,-2.1573787470767436,GO:0044088,M1,1,0,GO Biological Processes,19,regulation of vacuole organization,19_GO:0050789 regulation of biological process,-2.1573787470767436,4.160604034763459,3.5054324759522144,21160,59,431,5,1.160092807424594,0.5157911622136253,20333|54197|56208|114128|225020,Sec22b|Rnf5|Becn1|Laptm4b|Fez2,-0.8046012030365026,0,126,0,0,-2.685812890001228,11.329644833125114,
1,-2.1078475276676203,GO:0010507,M1,1,0,GO Biological Processes,19,negative regulation of autophagy,19_GO:0048519 negative regulation of biological process,-2.1078475276676203,3.4655384195441523,3.2842368838965785,21160,85,431,6,1.3921113689095128,0.564357349289637,20333|54197|56208|67811|225020|232341,Sec22b|Rnf5|Becn1|Poldip2|Fez2|Wnk1,-0.7677229027219279,0,126,0,0,-2.685812890001228,11.329644833125114,
1,-2.6846810382952704,GO:0048260,M1,1,0,GO Biological Processes,19,positive regulation of receptor-mediated endocytosis,19_GO:0051179 localization,-2.6846810382952704,4.531857933250046,4.112133145383263,21160,65,431,6,1.3921113689095128,0.564357349289637,11773|11820|12010|12759|22041|22339,Ap2m1|App|B2m|Clu|Trf|Vegfa,-1.1577616205648649,0,127,1,1,-2.6846810382952704,8.182521268368138,
1,-2.2632820267539118,GO:1990000,M1,1,0,GO Biological Processes,19,amyloid fibril formation,19_GO:0009987 cellular process,-2.2632820267539118,8.182521268368138,4.395792336708119,21160,18,431,3,0.6960556844547564,0.4004668821945242,11820|12010|13014,App|B2m|Cstb,-0.8810592965830195,0,127,0,0,-2.6846810382952704,8.182521268368138,
1,-2.674620273645729,GO:0040008,M1,1,0,GO Biological Processes,19,regulation of growth,19_GO:0040007 growth,-2.674620273645729,1.8472841068964243,3.265252716206235,21160,691,431,26,6.0324825986078885,1.1468279803913675,11816|11820|14183|14609|14734|15183|16011|17748|17750|17919|19035|19141|19211|20377|20393|20397|20720|21881|22339|22601|28019|29817|56449|67184|67603|72621,Apoe|App|Fgfr2|Gja1|Gpc3|Hdac3|Igfbp5|Mt1|Mt2|Myo5b|Ppib|Lgmn|Pten|Sfrp1|Sgk1|Sgpl1|Serpine2|Tkt|Vegfa|Yap1|Ing4|Igfbp7|Ybx3|Ndufa13|Dusp6|Pdzd11,-1.1493648214830734,0,128,1,1,-2.674620273645729,1.8472841068964243,
1,-2.6422000722353225,GO:0021700,M1,1,0,GO Biological Processes,19,developmental maturation,19_GO:0032502 developmental process,-2.6422000722353225,2.2507794892932407,3.397379159590674,21160,349,431,16,3.7122969837587005,0.9106848975099868,11820|11984|13039|14609|15205|15902|18643|19164|19211|22339|23980|54608|57764|100121|108664|235611,App|Atp6v0c|Ctsl|Gja1|Hes1|Id2|Pfn1|Psen1|Pten|Vegfa|Pebp1|Abhd2|Ntn4|Tdrd7|Atp6v1h|Plxnb1,-1.1243545635004406,0,129,1,1,-2.6422000722353225,2.2507794892932407,
1,-2.630359713521794,GO:0043065,M1,1,0,GO Biological Processes,19,positive regulation of apoptotic process,19_GO:0048518 positive regulation of biological process,-2.630359713521794,1.8596639246291216,3.2353462640039226,21160,660,431,25,5.800464037122969,1.1259448423830345,11820|12759|12822|13033|14827|15183|16423|18611|19164|19211|19268|20377|20597|21937|26941|28019|30948|56208|56213|67184|67603|67991|229595|268470|276770,App|Clu|Col18a1|Ctsd|Pdia3|Hdac3|Cd47|Pea15a|Psen1|Pten|Ptprf|Sfrp1|Smpd1|Tnfrsf1a|Nherf1|Ing4|Bin1|Becn1|Htra1|Ndufa13|Dusp6|Nacc2|Adamtsl4|Ube2z|Eif5a,-1.1152519671453724,0,130,1,1,-2.630359713521794,2.614533423028872,
1,-2.4782116576327415,GO:0043068,M1,1,0,GO Biological Processes,19,positive regulation of programmed cell death,19_GO:0048518 positive regulation of biological process,-2.4782116576327415,1.8102923160106494,3.0921988558910636,21160,678,431,25,5.800464037122969,1.1259448423830345,11820|12759|12822|13033|14827|15183|16423|18611|19164|19211|19268|20377|20597|21937|26941|28019|30948|56208|56213|67184|67603|67991|229595|268470|276770,App|Clu|Col18a1|Ctsd|Pdia3|Hdac3|Cd47|Pea15a|Psen1|Pten|Ptprf|Sfrp1|Smpd1|Tnfrsf1a|Nherf1|Ing4|Bin1|Becn1|Htra1|Ndufa13|Dusp6|Nacc2|Adamtsl4|Ube2z|Eif5a,-1.0254429916916274,0,130,0,0,-2.630359713521794,2.614533423028872,
1,-2.099498093221839,GO:2001235,M1,1,0,GO Biological Processes,19,positive regulation of apoptotic signaling pathway,19_GO:0048518 positive regulation of biological process,-2.099498093221839,2.614533423028872,3.038581270134364,21160,169,431,9,2.0881670533642693,0.6887499414793933,11820|12759|14827|18611|19211|20377|26941|56208|67991,App|Clu|Pdia3|Pea15a|Pten|Sfrp1|Nherf1|Becn1|Nacc2,-0.7599153204760722,0,130,0,0,-2.630359713521794,2.614533423028872,
1,-2.6272358904061317,GO:0006622,M1,1,0,GO Biological Processes,19,protein targeting to lysosome,19_GO:0051179 localization,-2.6272358904061317,7.013589658601259,4.59134083646181,21160,28,431,4,0.9280742459396751,0.4618787990697793,12759|15481|20660|56208,Clu|Hspa8|Sorl1|Becn1,-1.1152519671453724,0,131,1,1,-2.6272358904061317,7.013589658601259,
1,-2.626615348352334,GO:0043112,M1,1,0,GO Biological Processes,19,receptor metabolic process,19_GO:0009987 cellular process,-2.626615348352334,5.336426914153132,4.245440093677291,21160,46,431,5,1.160092807424594,0.5157911622136253,13033|19141|20660|22284|56208,Ctsd|Lgmn|Sorl1|Usp9x|Becn1,-1.1152519671453724,0,131,0,0,-2.6272358904061317,7.013589658601259,
1,-2.5048470262129023,GO:0061462,M1,1,0,GO Biological Processes,19,protein localization to lysosome,19_GO:0051179 localization,-2.5048470262129023,5.0097068990009,4.051849385787404,21160,49,431,5,1.160092807424594,0.5157911622136253,12520|12759|15481|20660|56208,Cd81|Clu|Hspa8|Sorl1|Becn1,-1.039964357185712,0,131,0,0,-2.6272358904061317,7.013589658601259,
1,-2.013560873540683,GO:0070861,M1,1,0,GO Biological Processes,19,regulation of protein exit from endoplasmic reticulum,19_GO:0051179 localization,-2.013560873540683,6.69479012866484,3.8534891967675313,21160,22,431,3,0.6960556844547564,0.4004668821945242,12520|20660|231070,Cd81|Sorl1|Insig1,-0.7017698472389257,0,131,0,0,-2.6272358904061317,7.013589658601259,
1,-2.5845604998292897,GO:0061077,M1,1,0,GO Biological Processes,19,chaperone-mediated protein folding,19_GO:0009987 cellular process,-2.5845604998292897,4.33192302443019,3.9681452729508075,21160,68,431,6,1.3921113689095128,0.564357349289637,12759|14227|14828|15481|15516|19035,Clu|Fkbp2|Hspa5|Hspa8|Hsp90ab1|Ppib,-1.0858781503814172,0,132,1,1,-2.5845604998292897,6.69479012866484,
1,-2.013560873540683,GO:0044794,M1,1,0,GO Biological Processes,19,positive regulation by host of viral process,19_GO:0016032 viral process,-2.013560873540683,6.69479012866484,3.8534891967675313,21160,22,431,3,0.6960556844547564,0.4004668821945242,11816|15481|19035,Apoe|Hspa8|Ppib,-0.7017698472389257,0,132,0,0,-2.5845604998292897,6.69479012866484,
1,-2.582698116627764,GO:0001764,M1,1,0,GO Biological Processes,19,neuron migration,19_GO:0032502 developmental process,-2.582698116627764,2.8879486829534597,3.5637354352620587,21160,170,431,10,2.320185614849188,0.7251454773598325,14456|14609|15519|17295|18212|18844|19164|20745|22284|22339,Gas6|Gja1|Hsp90aa1|Met|Ntrk2|Plxna1|Psen1|Spock1|Usp9x|Vegfa,-1.084796170771563,0,133,1,1,-2.582698116627764,2.8879486829534597,
1,-2.5697322631585617,R-MMU-77387,M1,1,0,Reactome Gene Sets,6,Insulin receptor recycling,,-2.5697322631585617,6.771741739339147,4.484798060225789,21160,29,431,4,0.9280742459396751,0.4618787990697793,11984|13033|19268|108664,Atp6v0c|Ctsd|Ptprf|Atp6v1h,-1.0757114376976928,0,134,1,1,-2.5697322631585617,6.771741739339147,
1,-2.1824396462935653,GO:0070050,M1,1,0,GO Biological Processes,19,neuron cellular homeostasis,19_GO:0042592 homeostatic process,-2.1824396462935653,3.5923264105030848,3.3913994011605935,21160,82,431,6,1.3921113689095128,0.564357349289637,11820|11984|15212|19164|78829|108664,App|Atp6v0c|Hexb|Psen1|Tsc22d4|Atp6v1h,-0.8216411085799489,0,134,0,0,-2.5697322631585617,6.771741739339147,
1,-2.556783979426841,GO:0002521,M1,1,0,GO Biological Processes,19,leukocyte differentiation,19_GO:0032502 developmental process,-2.556783979426841,1.9998015319840658,3.2321524729037265,21160,491,431,20,4.640371229698376,1.0132579118225804,11820|12010|12520|13039|14456|14734|15902|17289|19156|19164|20351|20377|20442|22041|22339|27362|27999|65963|320910|665155,App|B2m|Cd81|Ctsl|Gas6|Gpc3|Id2|Mertk|Psap|Psen1|Sema4a|Sfrp1|St3gal1|Trf|Vegfa|Dnajb9|Fam3c|Tmem176b|Itgb8|Srp54b,-1.066609897289818,0,135,1,1,-2.556783979426841,2.6254078935940544,
1,-2.2892609991789086,GO:0002573,M1,1,0,GO Biological Processes,19,myeloid leukocyte differentiation,19_GO:0032502 developmental process,-2.2892609991789086,2.6254078935940544,3.219214520460898,21160,187,431,10,2.320185614849188,0.7251454773598325,11820|12520|14734|19164|20377|22041|22339|27999|320910|665155,App|Cd81|Gpc3|Psen1|Sfrp1|Trf|Vegfa|Fam3c|Itgb8|Srp54b,-0.8967252115188431,0,135,0,0,-2.556783979426841,2.6254078935940544,
1,-2.088262401143672,GO:0045321,M1,1,0,GO Biological Processes,19,leukocyte activation,19_GO:0002376 immune system process,-2.088262401143672,1.683646351516077,2.7086162601067834,21160,729,431,25,5.800464037122969,1.1259448423830345,11820|12010|12476|12520|12759|13039|13200|14609|15205|15902|16410|17242|17289|18844|19156|19164|19211|19215|20351|20442|21672|27362|67199|268567|320910,App|B2m|Cd151|Cd81|Clu|Ctsl|Ddost|Gja1|Hes1|Id2|Itgav|Mdk|Mertk|Plxna1|Psap|Psen1|Pten|Ptgds|Sema4a|St3gal1|Prdx2|Dnajb9|Pfdn1|Tmem229b|Itgb8,-0.7519166208883281,0,135,0,0,-2.556783979426841,2.6254078935940544,
1,-2.544395509213042,GO:0030901,M1,1,0,GO Biological Processes,19,midbrain development,19_GO:0032502 developmental process,-2.544395509213042,5.114075792730085,4.1145775013431205,21160,48,431,5,1.160092807424594,0.5157911622136253,14183|14368|15205|18424|22272,Fgfr2|Fzd6|Hes1|Otx2|Uqcrq,-1.0595502605810858,0,136,1,1,-2.544395509213042,5.114075792730085,
1,-2.0385989354237584,GO:0021872,M1,1,0,GO Biological Processes,19,forebrain generation of neurons,19_GO:0032502 developmental process,-2.0385989354237584,3.896438699222922,3.319871647019503,21160,63,431,5,1.160092807424594,0.5157911622136253,13190|14183|15205|18844|22272,Dct|Fgfr2|Hes1|Plxna1|Uqcrq,-0.7154867958006159,0,136,0,0,-2.544395509213042,5.114075792730085,
1,-2.497305526267157,GO:0010766,M1,1,0,GO Biological Processes,19,negative regulation of sodium ion transport,19_GO:0051179 localization,-2.497305526267157,9.819025522041764,4.926737380220034,21160,15,431,3,0.6960556844547564,0.4004668821945242,20720|26941|232341,Serpine2|Nherf1|Wnk1,-1.0388782202479938,0,137,1,1,-2.497305526267157,9.819025522041764,
1,-2.489895283943213,R-MMU-166520,M1,1,0,Reactome Gene Sets,6,Signaling by NTRKs,,-2.489895283943213,4.148884023397929,3.8322591953828136,21160,71,431,6,1.3921113689095128,0.564357349289637,11773|18212|18550|20393|67603|319520,Ap2m1|Ntrk2|Furin|Sgk1|Dusp6|Dusp4,-1.0357188550777086,0,138,1,1,-2.489895283943213,6.69479012866484,
1,-2.013560873540683,R-MMU-112409,M1,1,0,Reactome Gene Sets,6,RAF-independent MAPK1/3 activation,,-2.013560873540683,6.69479012866484,3.8534891967675313,21160,22,431,3,0.6960556844547564,0.4004668821945242,18611|67603|319520,Pea15a|Dusp6|Dusp4,-0.7017698472389257,0,138,0,0,-2.489895283943213,6.69479012866484,
1,-2.461480023633058,WP434,M1,1,0,WikiPathways,27,TCA cycle,,-2.461480023633058,6.334855175510815,4.286087552093643,21160,31,431,4,0.9280742459396751,0.4618787990697793,11429|18604|20917|235339,Aco2|Pdk2|Suclg2|Dlat,-1.0170634320567098,0,139,1,1,-2.461480023633058,6.334855175510815,
1,-2.361245436354559,R-MMU-9861718,M1,1,0,Reactome Gene Sets,6,Regulation of pyruvate metabolism,,-2.361245436354559,5.950924558813189,4.104132667648585,21160,33,431,4,0.9280742459396751,0.4618787990697793,18604|18746|226757|235339,Pdk2|Pkm|Wdr26|Dlat,-0.9487179891916924,0,139,0,0,-2.461480023633058,6.334855175510815,
1,-2.461480023633058,GO:0007588,M1,1,0,GO Biological Processes,19,excretion,19_GO:0032501 multicellular organismal process,-2.461480023633058,6.334855175510815,4.286087552093643,21160,31,431,4,0.9280742459396751,0.4618787990697793,17242|19156|20397|108015,Mdk|Psap|Sgpl1|Chrnb4,-1.0170634320567098,0,140,1,1,-2.461480023633058,6.334855175510815,
1,-2.461480023633058,GO:0030149,M1,1,0,GO Biological Processes,19,sphingolipid catabolic process,19_GO:0009987 cellular process,-2.461480023633058,6.334855175510815,4.286087552093643,21160,31,431,4,0.9280742459396751,0.4618787990697793,15212|19156|20397|20597,Hexb|Psap|Sgpl1|Smpd1,-1.0170634320567098,0,140,0,0,-2.461480023633058,6.334855175510815,
1,-2.28683362644078,mmu00600,M1,1,0,KEGG Pathway,24,Sphingolipid metabolism - Mus musculus (house mouse),,-2.28683362644078,4.463193419109892,3.7081939638951913,21160,55,431,5,1.160092807424594,0.5157911622136253,15212|19156|20397|20597|71949,Hexb|Psap|Sgpl1|Smpd1|Cers5,-0.8961660152627153,0,140,0,0,-2.461480023633058,6.334855175510815,
1,-2.2238004684132417,GO:0046466,M1,1,0,GO Biological Processes,19,membrane lipid catabolic process,19_GO:0009987 cellular process,-2.2238004684132417,5.455014178912091,3.8575298037918055,21160,36,431,4,0.9280742459396751,0.4618787990697793,15212|19156|20397|20597,Hexb|Psap|Sgpl1|Smpd1,-0.8521996001316046,0,140,0,0,-2.461480023633058,6.334855175510815,
1,-2.461480023633058,WP3675,M1,1,0,WikiPathways,27,Factors and pathways affecting insulin like growth factor IGF1 Akt signaling,,-2.461480023633058,6.334855175510815,4.286087552093643,21160,31,431,4,0.9280742459396751,0.4618787990697793,16011|19211|21937|29817,Igfbp5|Pten|Tnfrsf1a|Igfbp7,-1.0170634320567098,0,141,1,1,-2.461480023633058,6.334855175510815,
1,-2.364725413623901,mmu04071,M1,1,0,KEGG Pathway,24,Sphingolipid signaling pathway - Mus musculus (house mouse),,-2.364725413623901,3.1171509593783373,3.436949824738999,21160,126,431,8,1.8561484918793503,0.650128600457108,13033|14673|19211|20397|20597|21937|71949|104725,Ctsd|Gna12|Pten|Sgpl1|Smpd1|Tnfrsf1a|Cers5|Sptssa,-0.9496281691292907,0,141,0,0,-2.461480023633058,6.334855175510815,
1,-2.45946925168783,R-MMU-4086400,M1,1,0,Reactome Gene Sets,6,PCP/CE pathway,,-2.45946925168783,4.091260634184069,3.788621362363949,21160,72,431,6,1.3921113689095128,0.564357349289637,11773|14368|18643|23996|26442|208846,Ap2m1|Fzd6|Pfn1|Psmc4|Psma5|Daam1,-1.0165682622238696,0,142,1,1,-2.45946925168783,4.720685347135463,
1,-2.391932953767175,WP519,M1,1,0,WikiPathways,27,Proteasome degradation,,-2.391932953767175,4.720685347135463,3.873451313686132,21160,52,431,5,1.160092807424594,0.5157911622136253,19186|20014|23996|26442|66105,Psme1|Rpn2|Psmc4|Psma5|Ube2d3,-0.9698940599041452,0,142,0,0,-2.45946925168783,4.720685347135463,
1,-2.1148440862718614,R-MMU-3858494,M1,1,0,Reactome Gene Sets,6,Beta-catenin independent WNT signaling,,-2.1148440862718614,3.096089128571727,3.192658958302996,21160,111,431,7,1.6241299303944317,0.608858036876225,11773|12313|14368|18643|23996|26442|208846,Ap2m1|Calm1|Fzd6|Pfn1|Psmc4|Psma5|Daam1,-0.7736337245559227,0,142,0,0,-2.45946925168783,4.720685347135463,
1,-2.42007292527689,GO:0003013,M1,1,0,GO Biological Processes,19,circulatory system process,19_GO:0032501 multicellular organismal process,-2.42007292527689,1.9443614895132204,3.097193837666431,21160,505,431,20,4.640371229698376,1.0132579118225804,11553|11816|11931|14456|14609|14630|14673|14775|15902|17295|19224|19245|20525|22139|22339|22601|27360|66259|232341|232975,Adra2c|Apoe|Atp1b1|Gas6|Gja1|Gclm|Gna12|Gpx1|Id2|Met|Ptgs1|Ptp4a3|Slc2a1|Ttr|Vegfa|Yap1|Add3|Camk2n1|Wnk1|Atp1a3,-0.9872200649156604,0,143,1,1,-2.42007292527689,1.9443614895132204,
1,-2.069421379959217,GO:0008015,M1,1,0,GO Biological Processes,19,blood circulation,19_GO:0032501 multicellular organismal process,-2.069421379959217,1.872271815643557,2.763507287434725,21160,472,431,18,4.176334106728539,0.9635968533717362,11553|11816|11931|14456|14609|14630|14673|14775|15902|17295|19224|19245|22139|22339|27360|66259|232341|232975,Adra2c|Apoe|Atp1b1|Gas6|Gja1|Gclm|Gna12|Gpx1|Id2|Met|Ptgs1|Ptp4a3|Ttr|Vegfa|Add3|Camk2n1|Wnk1|Atp1a3,-0.7394780913130039,0,143,0,0,-2.42007292527689,1.9443614895132204,
1,-2.4136875729507246,GO:0006002,M1,1,0,GO Biological Processes,19,fructose 6-phosphate metabolic process,19_GO:0009987 cellular process,-2.4136875729507246,9.205336426914155,4.73434428674461,21160,16,431,3,0.6960556844547564,0.4004668821945242,15275|21351|26384,Hk1|Taldo1|Gnpda1,-0.9861717319125777,0,144,1,1,-2.4136875729507246,9.205336426914155,
1,-2.4104272738726165,GO:2000737,M1,1,0,GO Biological Processes,19,negative regulation of stem cell differentiation,19_GO:0048519 negative regulation of biological process,-2.4104272738726165,6.136890951276102,4.1931767591284315,21160,32,431,4,0.9280742459396751,0.4618787990697793,15205|19241|22601|77889,Hes1|Tmsb4x|Yap1|Lbh,-0.984896026456642,0,145,1,1,-2.4104272738726165,6.136890951276102,
1,-2.3359184496251224,GO:0044849,M1,1,0,GO Biological Processes,19,estrous cycle,19_GO:0048511 rhythmic process,-2.3359184496251224,8.66384604886038,4.5581116239555275,21160,17,431,3,0.6960556844547564,0.4004668821945242,15481|17242|18538,Hspa8|Mdk|Pcna,-0.9339490587550655,0,146,1,1,-2.3359184496251224,8.66384604886038,
1,-2.3210537099413298,GO:0032006,M1,1,0,GO Biological Processes,19,regulation of TOR signaling,19_GO:0050896 response to stimulus,-2.3210537099413298,2.8324112082812785,3.312312187096236,21160,156,431,9,2.0881670533642693,0.6887499414793933,14456|14673|15183|19211|22284|69470|75747|110379|232087,Gas6|Gna12|Hdac3|Pten|Usp9x|Tmem127|Sesn3|Sec13|Mat2a,-0.9242518939312238,0,147,1,1,-2.3210537099413298,2.8324112082812785,
1,-2.2760470284987315,GO:1901615,M1,1,0,GO Biological Processes,19,organic hydroxy compound metabolic process,19_GO:0009987 cellular process,-2.2760470284987315,1.923314277513335,2.9661607928296836,21160,485,431,19,4.408352668213457,0.9888023804094944,11429|11816|11820|13030|13039|13190|14725|18431|18830|19211|19682|20431|20597|55980|74754|79235|98711|104725|231070,Aco2|Apoe|App|Ctsb|Ctsl|Dct|Lrp2|Oca2|Pltp|Pten|Rdh5|Pmel|Smpd1|Impa1|Dhcr24|Lrat|Rdh10|Sptssa|Insig1,-0.8872029097766572,0,148,1,1,-2.2760470284987315,1.923314277513335,
1,-2.2632820267539118,GO:0097094,M1,1,0,GO Biological Processes,19,craniofacial suture morphogenesis,19_GO:0032502 developmental process,-2.2632820267539118,8.182521268368138,4.395792336708119,21160,18,431,3,0.6960556844547564,0.4004668821945242,14183|231070|329872,Fgfr2|Insig1|Frem1,-0.8810592965830195,0,149,1,1,-2.2632820267539118,8.182521268368138,
1,-2.2238004684132417,GO:0097106,M1,1,0,GO Biological Processes,19,postsynaptic density organization,19_GO:0009987 cellular process,-2.2238004684132417,5.455014178912091,3.8575298037918055,21160,36,431,4,0.9280742459396751,0.4618787990697793,15481|19211|50997|81907,Hspa8|Pten|Mpp2|Tmem108,-0.8521996001316046,0,150,1,1,-2.2238004684132417,5.455014178912091,
1,-2.195186267782916,GO:0033623,M1,1,0,GO Biological Processes,19,regulation of integrin activation,19_GO:0050789 regulation of biological process,-2.195186267782916,7.751862254243498,4.245556643711991,21160,19,431,3,0.6960556844547564,0.4004668821945242,83964|215449|234839,Jam3|Rap1b|Piezo1,-0.8293760783821742,0,151,1,1,-2.195186267782916,7.751862254243498,
1,-2.0385989354237584,R-MMU-174824,M1,1,0,Reactome Gene Sets,6,"Plasma lipoprotein assembly, remodeling, and clearance",,-2.0385989354237584,3.896438699222922,3.319871647019503,21160,63,431,5,1.160092807424594,0.5157911622136253,11773|11816|18550|18830|232345,Ap2m1|Apoe|Furin|Pltp|A2m,-0.7154867958006159,0,152,1,1,-2.0385989354237584,3.896438699222922,
1,-2.0104057047783908,R-MMU-9855142,M1,1,0,Reactome Gene Sets,6,Cellular responses to mechanical stimuli,,-2.0104057047783908,3.835556844547564,3.2758598651679143,21160,64,431,5,1.160092807424594,0.5157911622136253,12313|12336|16410|22601|109333,Calm1|Capns1|Itgav|Yap1|Pkn2,-0.7006417275797031,0,153,1,1,-2.0104057047783908,3.835556844547564,
1,-2.0104057047783908,R-MMU-9860931,M1,1,0,Reactome Gene Sets,6,Response of endothelial cells to shear stress,,-2.0104057047783908,3.835556844547564,3.2758598651679143,21160,64,431,5,1.160092807424594,0.5157911622136253,12313|12336|16410|22601|109333,Calm1|Capns1|Itgav|Yap1|Pkn2,-0.7006417275797031,0,153,0,0,-2.0104057047783908,3.835556844547564,
