"GeneID","logFC_1","adj.P.Val_1","logFC_2","adj.P.Val_2","logFC_3","adj.P.Val_3","logFC_4","adj.P.Val_4","logFC_5","adj.P.Val_5","logFC_6","adj.P.Val_6","logFC_7","adj.P.Val_7"
"A2m",-0.00444835063590565,0.998454033907698,-0.0388695053539245,0.999215727032816,-0.000802940137488495,0.994378829017785,-0.0331971551023584,0.962975234929188,0.00868692051740716,0.951574765991814,-0.118145827686919,0.0743948527936291,0.333685504677402,1.31141358785579e-05
"Aagab",0.0143681311809367,0.998454033907698,0.00170849485995106,0.999215727032816,0.066327779492565,0.778306646515937,0.0578463481643449,0.9788631557912,0.316510325013344,0.112858636219005,-0.49005834362588,5.15523086526814e-06,-0.00174396620080408,0.993750156973101
"Aamdc",0.00951175993819398,0.998454033907698,-0.0575965874899603,0.999215727032816,0.0151140765919447,0.888106124701941,0.0863063843641315,0.430874168038893,0.10129489635801,0.241515781807631,-0.148201465832663,0.00549135096461292,-0.0267136710990552,0.793703810483149
"Aamp",-0.00679896906579439,0.998454033907698,-0.0241505081862567,0.999215727032816,-0.268344186864202,0.0220119144785164,0.194262194855629,0.205400939359996,0.00438179710763356,0.987192072807732,0.119493445357942,0.170481879729296,-0.0241026682356198,0.891450460174025
"Aars",0.119588003982298,0.998454033907698,-0.231862598314493,0.999215727032816,-0.165537126136015,0.494173545931529,0.0955577428640664,0.929800898745576,0.242737461707086,0.311099350499334,-0.391177241163561,0.00759156524371715,0.561871608330192,0.0146584481478565
"Aasdh",0.00745873953440035,0.998454033907698,0.0307600379632587,0.999215727032816,0.0958182084217696,0.41344221027306,-0.00876869703695138,0.99429389708379,0.081150345497004,0.500646503927501,-0.312863127011067,1.94896547077746e-06,0.156774031840927,0.189726921183305
"Abca1",0.0583893015603398,0.998454033907698,-0.0842977059888309,0.999215727032816,0.0141388020954847,0.86126569235887,0.0694415307011682,0.372981256815521,-0.0282775204118662,0.687368700550967,-0.0810412158432169,0.0608772335124417,0.0873497260243936,0.189731034745789
"Abcc5",0.0764167596907308,0.998454033907698,0.0235266451574798,0.999215727032816,0.236025378277699,0.382846225651696,-0.106544928221393,0.936550937810439,0.222690643578436,0.424516055285593,-0.801358372142409,3.06231177396563e-09,0.540585204429306,0.0403467620024768
"Abcd2",0.0233724341203057,0.998454033907698,-0.0705161886596201,0.999215727032816,0.0640133371809992,0.554080234193256,0.0520504112728282,0.86672815208466,0.0948037275449698,0.367805894160864,-0.251438744321553,1.63290983856787e-05,0.135393181050984,0.200784353362638
"Abhd11",0.0374711933689731,0.998454033907698,0.0175806891193544,0.999215727032816,0.0405125253086618,0.81735386234484,-0.0181184861285657,0.99429389708379,0.175262981290201,0.201494695995772,-0.397127965025421,4.4400396624523e-08,0.211776428008747,0.145793630355376
"Abhd12",0.00352828820490148,0.998454033907698,-0.141708881234703,0.999215727032816,-0.122660588892815,0.384002425364365,0.232887889510265,0.142496035278357,0.095018882269113,0.517139834854663,0.0478327864804461,0.61706891433353,-0.198734130764025,0.184243339593391
"Abhd14a",0.105801123531408,0.998454033907698,0.0446541186866587,0.999215727032816,0.424092231714394,0.254341281690247,-0.116130260741675,0.975456830950311,0.222719285762408,0.590094336456516,-1.18737899905969,1.07983261084478e-09,0.783919677776199,0.0424114230690909
"Abhd14b",0.0606645867835776,0.998454033907698,-0.0591737343378305,0.999215727032816,0.257767358494775,0.104923496718889,-0.0431783769477998,0.994223261414321,0.130964823963498,0.488150224483896,-0.479668888634113,2.69708303915041e-06,0.190196942866366,0.319931121591671
"Abhd17a",0.117893344989033,0.998454033907698,-0.111219869931663,0.999215727032816,-0.305070800463989,0.0352263576462386,0.240634906468933,0.205400939359996,-0.0784544789543033,0.674720242684688,0.225177314401963,0.0383117637013602,-0.146247642437941,0.444297484461124
"Abhd17b",0.131983513570169,0.998454033907698,0.14243012301511,0.999215727032816,-0.22760903694635,0.165483172250263,0.101175518684292,0.835017076892378,0.270967848924778,0.136686116423311,-0.291542965769349,0.00975276473031184,-0.30496558379922,0.107360686757247
"Abhd8",0.0703618428889279,0.998454033907698,-0.0699097773100705,0.999215727032816,-0.447139373360401,0.0449349288304864,0.358864121574034,0.205400939359996,0.0290848539643254,0.936314447623996,0.439507515904784,0.00875548833036328,-0.662012151508483,0.00808689263889763
"Ablim1",-0.131081986505326,0.998454033907698,0.0824788260563472,0.999215727032816,0.170229292354156,0.490671265475818,0.103287614739664,0.920738238772469,0.259829022436105,0.285412052631828,-0.606061568152983,4.25445652146712e-06,0.15901696440483,0.554756261238829
"Abraxas1",0.0652944075338542,0.998454033907698,-0.011695102493154,0.999215727032816,0.0152792488433428,0.890896145913313,-0.00379393948092871,0.99429389708379,0.0220994309741981,0.841001220898019,-0.155646295221497,0.00520611989023684,0.101783969182363,0.277136817591875
"Acaca",0.103570791056107,0.998454033907698,-0.13534098358332,0.999215727032816,0.263751918153025,0.467641201670496,-0.0812087765094834,0.99429389708379,0.174786003009059,0.642795282846539,-0.944839677164991,1.94896547077746e-06,1.03308077462482,0.00117959581932754
"Acad11",-0.000420950379598439,0.998454033907698,-0.00404549333679805,0.999215727032816,-0.0791765587783507,0.157831979380763,0.0867206230067852,0.205400939359996,0.0466101758372651,0.479664699765315,0.00739498959780127,0.862726923039294,-0.106460977524572,0.103756130528757
"Acadvl",0.0622120453639976,0.998454033907698,0.139226637390905,0.999215727032816,0.463844084642202,0.244315074849272,-0.0391873620405137,0.99429389708379,0.389523399063407,0.373311139664217,-1.29745650404072,2.0993253625066e-10,0.352518798537639,0.437231960002995
"Acat1",0.217325588589676,0.704736577890568,-0.122092351168666,0.999215727032816,-0.135350691440068,0.410089388364992,0.147392498935894,0.527778212361223,0.114547769068227,0.507786630660293,-0.25225197869486,0.0107913127785333,0.00841341142055108,0.970530263451903
"Acbd5",0.0630790710279469,0.998454033907698,0.0151882556197321,0.999215727032816,-0.0340663002699796,0.84694205363783,0.0760341977481659,0.847936489039457,0.0950758942195687,0.529945829149966,-0.307470213952929,2.82123317854826e-05,0.123238572364564,0.452008717703548
"Acer2",0.0127661102574066,0.998454033907698,-0.0262005767054219,0.999215727032816,0.0423699696181287,0.525009879956286,0.0372377093297697,0.810949983850539,0.0596675363755239,0.367825674258331,-0.124001796316639,0.00109030429925915,-0.0171015250673623,0.824584209164017
"Acer3",-0.0213788970729254,0.998454033907698,0.015145733470934,0.999215727032816,0.0211075551713724,0.808806349428765,-0.0216919096868762,0.974185554464106,-0.0198373557398984,0.81072839602417,-0.110943632374896,0.0152674574017107,0.24223999807277,2.49298807769658e-05
"Ache",-0.116972429763282,0.998454033907698,-0.0968964785261179,0.999215727032816,-0.0295182752016862,0.906379156260867,-0.0944718619761177,0.883204768305573,0.201457785133453,0.300404272448394,-0.267064080983507,0.0451193167404704,0.72817112376835,8.54273474990064e-07
"Ackr1",0.111281144600253,0.915184448965288,-0.0190444746776777,0.999215727032816,0.0709075716731762,0.464032294986416,-0.0207729649284356,0.99429389708379,0.0556374756494611,0.581807048738676,-0.226693863847461,3.6881135105635e-05,0.0165828207336315,0.884015456042976
"Acly",0.141745855753946,0.998454033907698,-0.0527683436074988,0.999215727032816,-0.319428583705957,0.161757178807516,0.272645338532852,0.372981256815521,0.352493614168864,0.167554550416527,-0.137097566082303,0.420015649582796,-0.514608032660827,0.0519153492829136
"Acox3",-0.0518609690402618,0.998454033907698,-0.0601004508744358,0.999215727032816,0.116720948694781,0.20940341622699,-0.00401977826187516,0.99429389708379,0.10642007689275,0.294480031106418,-0.228553698152902,8.10715247966216e-05,0.208275060481423,0.0373297624535956
"Acrbp",0.0836739930775426,0.998454033907698,0.000135684289367277,0.999215727032816,0.183691030909978,0.160741533546054,-0.0594053150126306,0.929800898745576,-0.0462026939065789,0.784883247139549,-0.376452122453632,4.60773396062172e-06,0.347069183252643,0.0129759005584006
"Acsl3",-0.0485557501503943,0.998454033907698,-0.083460343334334,0.999215727032816,-0.119482994183058,0.515636550015804,0.227001440961916,0.232875681046446,0.241995456023368,0.16695812631389,-0.352129678521246,0.000678224961854723,0.21210077266328,0.26550843124472
"Acsl4",0.00154654280520139,0.998454033907698,0.00916221060169287,0.999215727032816,-0.00375284555959399,0.965648938967959,0.0128455958733547,0.99429389708379,0.0739672640292444,0.227262799248221,-0.0942108193903424,0.0168570521816623,-0.0125386011456147,0.865653733327208
"Actl6b",0.0528678292091885,0.998454033907698,-0.0942860077892803,0.999215727032816,-0.0229962591227175,0.845318941570272,-0.0614667596907021,0.754071694524925,0.176873809423539,0.0422491726446416,-0.157330351061502,0.00920633693328052,0.175991910482519,0.053090103091627
"Actn1",0.0396926894825612,0.998454033907698,-0.042645154678802,0.999215727032816,-0.0193710286291034,0.861311699298606,0.059499376428568,0.753716953841004,0.0655907818069348,0.488990164172298,-0.0894741387762822,0.104954050877409,-0.0371763402402352,0.73275401271461
"Actr3b",-0.0154995618503608,0.998454033907698,-0.0322584431678285,0.999215727032816,-0.0111467424069133,0.886198652504586,0.0629371630489933,0.411153592821382,0.085697105748956,0.155616226249393,-0.0726151389620115,0.0741900354710782,-0.0373475562715828,0.586858783758175
"Acvr2b",0.0978496594666306,0.998454033907698,-0.105663569440663,0.999215727032816,-0.123533630932391,0.637028144257865,0.00224647772524744,0.996357979649697,0.243948533427474,0.316711651352348,-0.48415352263825,0.000751778047343959,0.614642125513727,0.00705154826817192
"Acyp2",0.0109655379113584,0.998454033907698,-0.0394478477093488,0.999215727032816,0.000572654445891385,0.990863951209368,0.0420393408811215,0.333131933304758,-0.0333373290296557,0.394465887454594,0.0170887868514396,0.506370813983013,0.00869166240402941,0.849316289948074
"Adam17",-0.0825660424816839,0.998454033907698,0.0612920331662165,0.999215727032816,0.109280824065578,0.417496452003335,-0.0309892328972198,0.99429389708379,0.177906498420567,0.176927839706478,-0.348881899761047,2.73025280474546e-06,0.172077338441614,0.220623175913997
"Adam1a",-0.0392309578491747,0.998454033907698,-0.0246513325758604,0.999215727032816,0.182482148826721,0.254539012360659,-0.0816855229456703,0.882256789212255,-0.0190296646348849,0.934813710747787,-0.329603808502574,0.00186790092846564,0.546255477852544,0.000157497696165396
"Adam4",-0.00359452140263161,0.998454033907698,-0.00712272521050594,0.999215727032816,0.144378588261908,0.0922476313213782,-0.0416164082462227,0.928000639930271,0.029456634131561,0.799882150229653,-0.244861059227062,2.74802392500021e-05,0.202290158468677,0.0342388847852892
"Adam9",0.0659605595018696,0.998454033907698,-0.292879703036855,0.999215727032816,-0.0898252567587999,0.67173495157905,0.269378019399645,0.205400939359996,0.014992632858652,0.964094609103387,0.0941257169830156,0.425697793209509,-0.0871734971917204,0.7218733762779
"Adamts3",0.02420065073703,0.998454033907698,0.142982120403071,0.999215727032816,0.574155607662897,0.250763831670898,-0.198159718305452,0.949948501611576,0.398631991780548,0.468116014620761,-1.59488278254213,1.29146871497987e-09,1.00737640879265,0.0536227203159094
"Adamtsl4",0.0354987328977991,0.998454033907698,-0.0180176833057809,0.999215727032816,0.032235665102769,0.496629783611648,0.0205795522159636,0.907559012004688,-0.01490849770481,0.781240477416973,-0.0211327112955975,0.514705597286582,-0.0668201204630728,0.158543089688015
"Adat1",0.0241291857033612,0.998454033907698,-0.00727457760278488,0.999215727032816,0.052385831454632,0.574275097301246,-0.0687744497466058,0.626558100764425,0.00875471802724787,0.944895574683442,-0.169717874727116,0.00205521604601655,0.274718267703781,0.000265740950037548
"Adat2",-0.00185404201673434,0.998454033907698,-0.0209922925205506,0.999215727032816,-0.0193684021378404,0.855689287436835,0.0382731794780371,0.907073354848468,0.080771056665708,0.352722778803811,-0.191157478918553,0.000142040428642156,0.188283553416679,0.0217049129705519
"Add3",0.134942573625345,0.998454033907698,-0.053564665178394,0.999215727032816,-0.204299964033082,0.300361851636047,0.251352711139606,0.256920786824027,0.206785603748839,0.33086397868695,-0.420612842944351,0.000192628651122836,0.0898353587507586,0.709793529258215
"Adgrl1",0.0500078875966969,0.998454033907698,0.0022426654752995,0.999215727032816,0.0510622822717576,0.637741793793302,-0.00830202764271504,0.99429389708379,0.116312021943289,0.238604570371515,-0.255669931025376,2.02484782969635e-06,0.0452964055640893,0.684962314415864
"Adgrv1",-0.183143385208788,0.998454033907698,-0.0445215041477517,0.999215727032816,0.524580814318837,0.206529263554781,-0.118365535618264,0.989111337341283,0.355778082087297,0.448282896536486,-1.21495814805831,8.20031076581332e-07,1.14040612550467,0.00730645739084619
"Adipor1",-0.0664737380554139,0.998454033907698,-0.0519161564959512,0.999215727032816,-0.926408409157293,0.0523491409516288,0.701102753202762,0.256920786824027,0.0572103164454174,0.946978581892466,1.11635926704629,0.000850706763425671,-1.40798090645328,0.0104417814268531
"Adprh",0.100447425243746,0.998454033907698,-0.0019083838202657,0.999215727032816,-0.24914801493828,0.0376372302413129,0.203057266415287,0.199200111983168,0.0943464565655326,0.528910894158109,-0.142103039484398,0.122429824719291,-0.0432099375788648,0.800310828817023
"Adrb2",0.0822309170404392,0.9673192607093,0.0425593510851183,0.999215727032816,0.0436081340875989,0.573642974906924,-0.04978099542133,0.731590418708942,-0.00952214501952131,0.924088447890188,-0.152885964174969,0.00046334127674223,0.0514482920673593,0.517308105378168
"Afg3l2",-0.0523481673723982,0.998454033907698,-0.0862797621429581,0.999215727032816,0.00980924264132788,0.972490512108221,-0.028498122553607,0.99429389708379,0.403119055818016,0.0411233053173282,-0.473857185912387,0.000164640395747424,0.370505026152883,0.0775831671980331
"Afmid",0.00421463246898801,0.998454033907698,0.0135463202181134,0.999215727032816,0.0277707139528475,0.286086558078434,-0.0264028464105831,0.442243666819083,0.0103753937621124,0.736373973906626,-0.0250068004234405,0.150262794524116,-0.0123656974282931,0.693947063423342
"Agbl4",0.0665413710527243,0.613370821652685,-0.0354752743743234,0.999215727032816,0.0147738281320122,0.793688210212581,-0.0332885630206956,0.705311242803834,0.000254236177553727,0.997790947945376,-0.0576287210751249,0.0642390651355047,0.0719560782843139,0.120669233443229
"Agk",0.028026801569331,0.998454033907698,0.00674154259164811,0.999215727032816,0.0220084911203786,0.729058261776812,-0.0245841915482248,0.911597198987894,0.0194896653532973,0.754757390868926,-0.110524714861019,0.00108373279683271,0.0919852891062226,0.100323332057797
"Agpat5",0.212533892727092,0.998454033907698,-0.0272469040355032,0.999215727032816,-0.277833788822014,0.396881480610404,0.359305039590755,0.351473353355821,0.550603061681854,0.0963988383230501,-0.617930024984526,0.00226972477806678,-0.476031320100113,0.155704565370592
"Agrn",0.0840647579039249,0.998454033907698,-0.397085865012382,0.999215727032816,-0.088422307634914,0.883167604909576,-0.400160283283828,0.579998845427087,0.352953412590514,0.468116014620761,-0.577334979825705,0.0779740153654665,1.83772211994568,8.57474923754785e-08
"Agtpbp1",-0.146549545895744,0.998454033907698,-0.67595122618541,0.999215727032816,0.102256950519237,0.928265928336723,-0.43628587568955,0.862063588689561,1.05194796503647,0.196052155311325,-1.52483101076787,0.0045647459480613,2.87844403125507,3.1187721710811e-05
"Ahdc1",0.187382718563696,0.94128116945861,-0.0503296483357021,0.999215727032816,-0.0259811893445484,0.899584512324766,0.0240540475504462,0.99429389708379,0.112947095444112,0.496824943139587,-0.39095988044125,7.94661028076588e-06,0.198892112204096,0.245951877774647
"Ahr",0.0949712841287914,0.998454033907698,-0.0789627027304916,0.999215727032816,-0.166861237308118,0.614502184443954,0.0553283989249735,0.99429389708379,0.461394471973049,0.126478851762202,-0.765022408574152,1.32043410615218e-05,0.62997151605788,0.0334533448511029
"Ahrr",-0.0143743697325427,0.998454033907698,0.00314762763112114,0.999215727032816,-0.029993821428894,0.66423772332561,0.00423074894962444,0.99429389708379,0.134558203710667,0.0219512799257035,-0.126612547398847,0.000984951876444503,0.0368741730380411,0.602090344875009
"Ahsa2",-0.0653518473535775,0.998454033907698,-0.0226485942964303,0.999215727032816,0.0353818402448971,0.860194319195658,-0.053551533680432,0.966409445830831,0.278350981725634,0.0823998175398345,-0.294647407595396,0.00309423839639086,0.195838345143944,0.240389857426315
"Aida",0.0696179726648847,0.998454033907698,-0.0284135575606553,0.999215727032816,-0.0624016677941319,0.483099451284378,0.0694817624270693,0.608307399487073,0.121954116638007,0.148462460028206,-0.0671145915109458,0.258756544111348,-0.206388759855759,0.0127890875278076
"Aifm2",-0.0385940838556768,0.998454033907698,0.0293291360875905,0.999215727032816,0.019089686143658,0.855689287436835,-0.022542259975754,0.985437885648718,0.0422862901724988,0.628727311705398,-0.150761084022267,0.00478101195033038,0.206874464860468,0.00772853337378798
"Aimp2",0.0501516687458438,0.998454033907698,-0.0444794686661698,0.999215727032816,-0.0242252368627762,0.754003345411769,0.0413773343402022,0.770537182587806,0.108999566804033,0.109054537534618,-0.124372685293256,0.00203175986996745,-0.0323660356819438,0.659143715910999
"Aip",0.294138262611651,0.196929756673167,-0.0610231008594277,0.999215727032816,-0.344471417036896,0.0179565820084687,0.140067477977451,0.548938385702873,-0.0168289872113327,0.943146624647322,0.053846905516664,0.629925099226956,-0.148789525205081,0.397547399599209
"Ak4",-0.00609395472059826,0.998454033907698,0.0923909561875458,0.999215727032816,-0.144310064285431,0.105864943902194,0.0970825317093295,0.478504907240373,0.131536537362429,0.18886145605407,-0.0795826656889229,0.266702673120758,-0.189691710257728,0.062347477619934
"Akap17b",0.0328517241479057,0.998454033907698,-0.00456240151937156,0.999215727032816,-0.000561218492364467,0.994381982269936,0.00444695553048612,0.99429389708379,-0.0482842204947017,0.506576670694603,-0.0585467632793684,0.231623915934483,0.128321017360377,0.066396947079055
"Akap5",0.0130254112586655,0.998454033907698,-0.0452144293308933,0.999215727032816,-0.0214002013076795,0.763694960818815,-0.00688390942602707,0.99429389708379,0.0579596101184865,0.338376242784392,-0.076786254939472,0.0538037807676053,0.137939353230097,0.0150555627509766
"Akna",0.0354108207289923,0.998454033907698,-0.00579839286617995,0.999215727032816,0.0445557360958985,0.842063865895488,0.0448463010315472,0.989667758022198,0.284619640760085,0.111509863836559,-0.487240637241258,8.16955721423438e-08,0.0896505359877636,0.649282963270889
"Akr1a1",0.153232332425163,0.998454033907698,-0.13319289310589,0.999215727032816,-0.477150650070721,0.0251601574281387,0.267458507450433,0.377419987755538,0.0347599651049303,0.920243422405798,0.470745650335502,0.00223074453139434,-0.543233220248852,0.0300228007938296
"Aktip",0.190833842879496,0.998454033907698,-0.208108203532644,0.999215727032816,-0.318161933191404,0.0864387067050255,0.267079349217126,0.256920786824027,0.150729445275376,0.503334078654477,-0.064745756634605,0.670276505896441,-0.0528035653520829,0.840712823635928
"Aldh9a1",0.129807544259404,0.998454033907698,0.0369905715505517,0.999215727032816,0.0252608032139522,0.887363957773465,-0.0212433434524961,0.99429389708379,0.188054663646478,0.176927839706478,-0.304764626332849,0.000214863492640515,-0.155140871432152,0.305447551797159
"Aldoa",-0.0540259316770548,0.998454033907698,0.082209066828574,0.999215727032816,-1.17460900202238,0.0179565820084687,0.785342693448228,0.205400939359996,0.109717476784694,0.879999294134521,0.96477150094321,0.00637138568677187,-1.23055684761753,0.0301245307261887
"Aldoc",0.0178528345877869,0.998454033907698,0.151355993884518,0.999215727032816,-0.432726783687577,0.0179565820084687,0.313612719848406,0.172875670163983,0.06311657172553,0.795301161383981,0.0999379992008076,0.483418479335233,-0.40645845001073,0.0494917055679975
"Alg10b",-0.0301331464161594,0.998454033907698,-0.106716820381227,0.999215727032816,-0.266927208377552,0.0845391984069082,0.384213190579447,0.0591161769060094,0.060332669907122,0.776592971886658,-0.167883917529707,0.148401509399087,0.219712315604009,0.26550843124472
"Alg6",-0.0294377499378728,0.998454033907698,-0.0433153996210889,0.999215727032816,0.0560695181726008,0.381579574862142,0.0268080311623604,0.924753929245742,0.0856807955270463,0.167554550416527,-0.102967275376722,0.0122219007087178,0.00777131052776792,0.918790515686752
"Alkbh1",-0.0182447993937624,0.998454033907698,0.0427997241291704,0.999215727032816,0.144701567096402,0.535988885950522,-0.0454463585492116,0.99429389708379,0.346723459044167,0.116150665116279,-0.581978876183739,2.69092753631558e-06,0.132645429354423,0.588838809025996
"Alkbh5",0.106558742600841,0.998454033907698,0.0975173911269291,0.999215727032816,-0.515827395209011,0.0199687836094039,0.375238492350847,0.197121845461924,0.199499375659736,0.467326084676098,0.0331273462057364,0.856979335058471,-0.576330988223637,0.0278740672703301
"Alms1",0.0965904655027445,0.998454033907698,-0.0705306717388783,0.999215727032816,0.163205746115541,0.255789079747235,-0.0352830277987983,0.99429389708379,0.047739021792051,0.78960192478614,-0.379339181771798,4.71944217802207e-06,0.281174922622816,0.0699151703280236
"Alyref",0.0383318148034513,0.998454033907698,-0.0232106805235323,0.999215727032816,0.0846673886811696,0.459818042354049,-0.0538200600875331,0.886865596221795,0.149346706649651,0.174058305251808,-0.294503182917539,1.98597322201018e-06,0.145310473782881,0.213940289462906
"Amacr",0.0636215385271323,0.998454033907698,-0.0767484679046757,0.999215727032816,-0.0914131127804143,0.39444480006169,0.0198369079139522,0.99429389708379,0.254358963378393,0.00501857868230869,-0.145826226122688,0.0394099368495461,-0.0678977044246257,0.5602469785106
"Amer2",0.169694606860315,0.998454033907698,-0.0392968625216827,0.999215727032816,-0.242472406298587,0.507158809781975,0.267400221178902,0.658944171205816,0.528375478499207,0.136211349067089,-0.9678092163426,8.04247675231858e-08,0.380212255791171,0.311213976784336
"Amt",0.0253370313661625,0.998454033907698,-0.0564020556044321,0.999215727032816,0.118344871404136,0.436810487568503,-0.0362715749325885,0.993193144482628,0.209826619887,0.153169783092188,-0.385894219031498,6.3426335928532e-06,0.186184377685738,0.228848604468586
"Amy1",-0.0148816204375364,0.998454033907698,0.0376964988791264,0.999215727032816,0.452486896359295,0.0765375591928112,-0.150241093179422,0.869850946133363,0.21353015425295,0.48780638331417,-0.829381009222335,3.02161023285323e-07,0.443432550346157,0.143194820472385
"Anapc11",0.0340653775521034,0.998454033907698,-0.0881466244112998,0.999215727032816,-0.177597866759538,0.0795512072894694,0.142609140075926,0.28022036514065,0.137319844333284,0.250850822814578,-0.0444463717441739,0.573025180341221,-0.014856202424411,0.922746259671386
"Anapc13",0.0871548970278959,0.998454033907698,-0.0647728876342647,0.999215727032816,-0.188792808055017,0.0432761879558604,0.112285852087161,0.412123060870408,-0.00240575648281766,0.99222475671794,0.152059387200663,0.0340764775873587,-0.166262968599844,0.139618931630192
"Anapc7",0.0450451483846896,0.998454033907698,0.0276375957853667,0.999215727032816,-0.00915652747135082,0.969515853723629,0.0007884423951805,0.99713176448985,0.193276248794234,0.255691381198298,-0.434968132488832,4.60773396062172e-06,0.264917357256551,0.131014288189184
"Ank2",0.225383707156959,0.998454033907698,0.118669903918076,0.999215727032816,0.264664322592429,0.603954656123563,0.200118342333213,0.924753929245742,0.209286322308101,0.688490352740497,-1.41139417818853,1.24164500085722e-10,0.527316100298286,0.297542243466487
"Ank3",-0.0685183103921644,0.998454033907698,-0.125451273333016,0.999215727032816,0.178028895930718,0.507769288719044,-0.0540014699201837,0.99429389708379,0.235111967411445,0.376930393661921,-0.620198498161556,3.11835348705704e-05,0.783244233824274,0.000695262029463185
"Ankrd12",0.146538281371111,0.998454033907698,0.0937903997026115,0.999215727032816,0.100127206587921,0.820824188525541,-0.0193593877633429,0.99429389708379,0.434110719412772,0.216416593057393,-1.06357853472994,2.64016242396089e-10,0.414322066703231,0.272429108205612
"Ankrd27",-0.0764452198169021,0.998454033907698,0.147426210934094,0.999215727032816,0.0866067325883171,0.542711147860571,0.00816452861105521,0.99429389708379,0.154783798312429,0.248067382586482,-0.312902468463746,5.64614898331257e-05,-0.0556509101818579,0.716404274388749
"Ankrd42",0.0497217786546875,0.998454033907698,-0.0233903291990889,0.999215727032816,-0.00362512321597475,0.973931045129801,-0.00497712580951881,0.99429389708379,-0.0259840862128744,0.795301161383981,-0.13053035303688,0.0141700488602139,0.237294851077525,0.0028130542919378
"Ankrd52",0.0410823051930445,0.998454033907698,0.0327543039323532,0.999215727032816,0.123979923170188,0.683845221280316,-0.115993536165781,0.929800898745576,0.454588974652922,0.109879036233215,-0.78284482248643,1.58150467679404e-07,0.349745416957938,0.22577399079019
"Ano10",0.0525266970568687,0.838990957723459,-0.035812461721048,0.999215727032816,0.0336581084897134,0.442387647237143,-0.0274594304718512,0.769274392054539,0.00409762022290383,0.950569797646004,-0.0559232873603202,0.0474961443349839,0.0447667206764328,0.326710526627705
"Ano8",0.0100799646400698,0.998454033907698,-0.0493916956227874,0.999215727032816,0.0405360911728744,0.767957034341252,-0.0341566462552712,0.974185554464106,0.0670909596226465,0.582419242563354,-0.234418316332983,0.000881995415953999,0.344158813680844,0.000821233015778178
"Anp32a",-0.129578561967775,0.998454033907698,0.204319545091753,0.999215727032816,-0.881263499060603,0.0179565820084687,0.58050887077761,0.205400939359996,0.107081738116926,0.842065844662285,0.630647029605933,0.017996494442885,-0.89375876630685,0.0397867730418566
"Anp32e",0.20462859481461,0.998454033907698,-0.0707058526998678,0.999215727032816,-1.14443060172875,0.0180204051154171,0.643822615488509,0.33600118403333,0.223846675631758,0.73447111225363,0.980671397213298,0.00576495237643781,-1.47411679557812,0.00693650693084722
"Antxr2",-0.133808432013592,0.998454033907698,-0.262561002649184,0.999215727032816,-0.1681918377554,0.679703695698241,-0.245818555315855,0.756182652981305,0.35093393146282,0.356530727620218,-0.294595127496105,0.274791254288632,1.38038033592958,1.13626950462061e-06
"Aoc2",0.0108569245383763,0.998454033907698,-0.00512395995428405,0.999215727032816,0.101791242539608,0.253353641172268,0.0125331598429613,0.99429389708379,0.0631620380600474,0.514459242677013,-0.241742167019247,5.28777128177789e-06,0.0799931456669282,0.424455128127501
"Ap1g1",0.184826070583942,0.998454033907698,0.0738501463566263,0.999215727032816,-0.149675800882513,0.522325457962396,0.132986919310972,0.806203288723352,0.223045614546756,0.333707625848519,-0.565134446971431,4.22533884062943e-06,0.0847539616374764,0.743491241262911
"Ap1s2",0.0220722240019864,0.998454033907698,-0.0862659119390232,0.999215727032816,-0.0425013468361035,0.767088557142227,0.0759146658507928,0.769274392054539,0.185888236379463,0.117652960128263,-0.253351113524102,0.000379903740100444,0.151966382946744,0.223118174018996
"Ap2m1",0.480519306077581,0.881213424511407,-0.328054463452913,0.999215727032816,-0.636347704683742,0.0580116588900862,0.454111915921192,0.327681164209967,-0.133028677449241,0.777340865755898,0.598560424251072,0.0147369477500348,-0.768380936514871,0.0599661279457554
"Ap4s1",-0.0168833783614765,0.998454033907698,-0.06900548266292,0.999215727032816,0.0608985781596976,0.660062946133738,0.0389993942323192,0.974185554464106,0.0236115758173743,0.882375730916539,-0.160255237534698,0.0298162392718925,0.215745296696875,0.1121735325355
"Ap5m1",0.0941513238499807,0.998454033907698,0.0696122474293851,0.999215727032816,0.030225379237613,0.878547120406528,0.0383972576194162,0.993193144482628,0.132214173161831,0.423958275166512,-0.449009757974129,6.7492940697799e-09,0.0852655677423015,0.634334741843943
"Apaf1",0.00934816428082996,0.998454033907698,-0.0268103181140107,0.999215727032816,0.0367939571636791,0.569284677947886,-0.00068726565419519,0.996357979649697,0.0634555611538894,0.300404272448394,-0.0989381798846737,0.00863664114306511,0.0204209870503109,0.769252729791767
"Apbb1",0.245998111258233,0.998454033907698,0.0558469961992356,0.999215727032816,-0.400696810677489,0.0841771110646817,0.277416499591296,0.411153592821382,0.349134937517168,0.196626960046493,-0.362706082570877,0.0301176618272748,-0.392717394624326,0.179440818777977
"Apex2",-0.00263477007731128,0.998454033907698,-0.0285479359772796,0.999215727032816,0.403343100162072,0.0796157520275356,-0.0614579298095359,0.99429389708379,0.0166696371859809,0.969862889431072,-0.721358621204926,1.45211310306963e-06,0.652796319741622,0.0102334638487072
"Aph1a",0.0190445369850822,0.998454033907698,0.0359410359449845,0.999215727032816,-0.0711858447652025,0.371920629263696,0.0658694415539054,0.589393499359951,0.050482717771146,0.555177547980177,-0.0570431112782399,0.251996817437671,-0.0936431755859826,0.291125027779396
"Aplp2",0.124112898289809,0.998454033907698,-0.596633549512854,0.964432249885035,-0.356442969548858,0.323867563423733,0.530184147353896,0.197121845461924,-0.246347936718565,0.528057084488808,0.77637117563796,0.000272769288129473,-0.30137561484881,0.462055467589141
"Apobec2",0.0147819986822058,0.998454033907698,0.0272351432011859,0.999215727032816,-0.182542952771948,0.0845281496304387,0.165834820492142,0.205400939359996,0.172742928158738,0.155616226249393,-0.125998120215925,0.108304605462571,-0.15849180039011,0.237308961906123
"Apoe",-0.0448856842785111,0.998454033907698,-0.0767546530147628,0.999215727032816,0.13302287858121,0.165366123672179,-0.0616267129780447,0.810949983850539,0.0500709759909197,0.660404160995582,-0.119689776762215,0.0874191385827051,0.220188990016479,0.0374530091639793
"App",-0.0176032603121681,0.998454033907698,-0.0430436036658911,0.999215727032816,0.0404837110525765,0.354073534199601,-0.013171679050086,0.974185554464106,-0.0131530476537881,0.799882150229653,-0.0188246843360789,0.543906400298199,0.124762719454824,0.00203219561723343
"Aqp1",-0.13530166167112,0.998454033907698,0.177973218766019,0.999215727032816,-0.186060063003849,0.486069802871523,0.360351109197509,0.205400939359996,0.400865259748539,0.117652960128263,-0.36823005139095,0.0290494515789308,-0.514371687906169,0.0442127581395564
"Arap1",0.0874277468788164,0.998454033907698,-0.0741048041568395,0.999215727032816,0.0246471628457807,0.846744863199127,0.000652548752410942,0.996750134958794,0.159692618746674,0.112858636219005,-0.158750509574305,0.0162027633521139,-0.0968190676971769,0.357039230376673
"Arf5",0.226154337304001,0.876123802976676,-0.150613239668081,0.999215727032816,-0.336093291323084,0.0336190545131691,0.173130003291216,0.501696141088116,0.121333352220707,0.539060938293626,0.206649164340224,0.0997074000357988,-0.440187322502991,0.0160579879335892
"Arhgap21",0.0377540212108116,0.998454033907698,-0.0303115466655668,0.999215727032816,0.0622959098787899,0.451012823081537,0.0239066220357078,0.977724623006732,0.0179978025374907,0.860649416195049,-0.1810719504785,9.04963977569687e-05,0.106306611635999,0.220623175913997
"Arhgap29",0.0234353151778157,0.998454033907698,0.0106361948966829,0.999215727032816,0.03295120466891,0.671954199859328,0.0138697536241532,0.99429389708379,0.0939705425846745,0.176927839706478,-0.142568618482202,0.00167167930679654,-0.0804611878097992,0.273009464278648
"Arhgef2",-0.0486069977205958,0.998454033907698,-0.00742689025716325,0.999215727032816,0.000646695029541178,0.998693111470639,-0.0126102784327986,0.99429389708379,0.34757811576853,0.242335852214514,-0.730733541368693,2.38681789175613e-05,0.744975480910408,0.00899854441259535
"Arid3b",0.17131934897293,0.998454033907698,0.0158896240862374,0.999215727032816,0.149732582343465,0.597469216020138,-0.0939677116265112,0.958398978172115,0.332224842440808,0.194484986425696,-0.756990444725634,1.89079126422783e-08,0.223935806704267,0.426340535471182
"Arid3c",-0.0201962926325627,0.998454033907698,0.0104515546136749,0.999215727032816,0.00859070183942945,0.846841102156269,-0.00827944457567559,0.99429389708379,-0.0215237452843876,0.567162765555182,-0.0374589677942835,0.113776389325069,0.12346285860792,4.35416898438649e-05
"Arl3",-0.0470334538751409,0.998454033907698,-0.277755797828931,0.999215727032816,-0.591537688876943,0.123189333181503,0.577843363754229,0.217574918898335,-0.0550208382902477,0.928157138429758,0.975249167269414,0.000113814447787623,-0.940902713621257,0.0321622590815371
"Arl4d",0.225497626046001,0.998454033907698,0.722103331412401,0.694702566362972,-0.512495895689266,0.158714021114757,0.312414848915682,0.650670370997206,0.21702644876173,0.611386899041917,-0.822533588507991,0.000930811620436386,-0.458600397538725,0.277444396509569
"Arl5b",0.100447046702453,0.998454033907698,0.00839145313879089,0.999215727032816,0.00165317583255381,0.991963327971627,0.0329030077427659,0.990062777684744,0.132575276709385,0.32427705765371,-0.321247409122884,6.4997323276249e-06,0.0319874378579892,0.841463623798267
"Arl6",0.151922931436771,0.998454033907698,-0.131087157066511,0.999215727032816,-0.180889820906216,0.769373469964445,-0.188570261597266,0.958398978172115,0.747081538447966,0.153235360805055,-1.16698686828434,6.15754501777604e-05,1.25586038087269,0.0151757484900629
"Armc2",-0.0167124688413291,0.998454033907698,-0.0258900780149879,0.999215727032816,0.0473251304294292,0.254539012360659,0.00533061889987638,0.99429389708379,0.0349326097721356,0.444790891589341,-0.0726077913018401,0.00942832152145246,0.046837442489085,0.305951052025002
"Armcx1",-0.0196615506255524,0.998454033907698,0.0219033135760164,0.999215727032816,-0.0390469888726287,0.432319095485856,0.0364709514002274,0.68064239425679,0.041202668209737,0.428656878737777,-0.0331950338435189,0.311122342907997,-0.0193616610197891,0.736418184338456
"Armcx4",0.0820698522867011,0.940737859495914,-0.0217443632010203,0.999215727032816,-0.01073442757691,0.906379156260867,-0.0293045077746503,0.929800898745576,0.0950472481389302,0.16808589331944,-0.0796339266182489,0.102004623908965,-0.0839942739349884,0.246626112711081
"Armcx5",-0.00035306467213525,0.998454033907698,-0.0302430167795038,0.999215727032816,0.0287732981285995,0.67173495157905,0.0180121857297579,0.9788631557912,0.0945994588809951,0.126478851762202,-0.10500541878087,0.00829068469906377,-0.0213354977742181,0.763020471343483
"Armt1",0.0162811270717398,0.998454033907698,-0.0247652419450335,0.999215727032816,0.0067330299029813,0.965010692756667,0.074287991466411,0.732447094429505,0.0701406561891179,0.535290798538195,-0.258611085239894,3.97574190054694e-05,0.182533173113118,0.0914522418311254
"Arpin",0.0281895250750837,0.998454033907698,-0.0717540636307317,0.999215727032816,-0.098023539229182,0.360462508914709,0.0317719706699243,0.974185554464106,0.186248291624469,0.0823998175398345,-0.144764590003836,0.035915688185305,0.106385426139406,0.350228861498633
"Arr3",0.0314425728000576,0.998454033907698,-0.0703620325026337,0.999215727032816,0.0520906943561968,0.430668106223343,-0.0113255926596715,0.99429389708379,0.00311536609839719,0.977022940146252,-0.0524153429318257,0.252915108532151,0.084966359021528,0.201176517459741
"Arrdc3",0.312132133681241,0.998454033907698,-0.0204841776914456,0.999215727032816,-0.0356805045251227,0.939013468416764,0.0694527219836508,0.99429389708379,0.362393999948394,0.266176010508261,-1.02623137069457,1.18910709926089e-10,0.464064408552947,0.165199918635127
"Arsg",-0.0592302464374787,0.998454033907698,0.0997138213352972,0.999215727032816,-0.00524519016264671,0.965939866788025,0.010151524916486,0.99429389708379,0.0426810241656315,0.652561749273807,-0.10681770270069,0.0554835265749719,0.0190850716158568,0.859529341145751
"Arxes1",0.0525732253794696,0.998454033907698,0.0423107587184277,0.999215727032816,-0.183337519562944,0.0920353850032423,0.240869163281484,0.0929333531466635,0.00523817056325587,0.981429318104457,-0.0669691276869645,0.434342571283037,-0.188234881804824,0.157955222293063
"Ascc3",-0.031886178066721,0.998454033907698,-0.0337546490582834,0.999215727032816,0.286316700560625,0.225689961042636,-0.055030197593114,0.99429389708379,0.125346431243651,0.640320626514286,-0.682815049369885,9.5270873582778e-07,0.652279516497853,0.00584850630146609
"Asic3",0.19331287548639,0.134794802272888,-0.0447636009199579,0.999215727032816,0.0891021311522953,0.391695533996569,-0.0733252205789839,0.71208828503167,-0.0698926207376958,0.510018680669944,-0.176523244261574,0.00767761665117099,0.116755777355769,0.273009464278648
"Asl",0.0542325411942918,0.998454033907698,0.0270872160528156,0.999215727032816,-0.0909282248446526,0.20940341622699,0.057169312699902,0.691791659990637,0.00424360538442214,0.972867628150552,-0.0331185613265897,0.538189694940131,-0.0485504641682688,0.587589913187332
"Asns",-0.0207202780477592,0.998454033907698,-0.0152042553712727,0.999215727032816,-0.0326218983473382,0.456651990877894,-0.00243429335585121,0.99429389708379,0.0743343647832888,0.0861462831925315,-0.00767494670352942,0.803222266239416,0.00850145714209902,0.86703501829006
"Asph",0.0412342459666251,0.998454033907698,-0.0200046225340704,0.999215727032816,0.0271772862445083,0.771212098236773,-0.0407279687375517,0.862063588689561,-0.0216609975167747,0.816695417490323,-0.0942797700048771,0.0654592560435057,0.186568511369346,0.0149433887302508
"Asphd2",0.0216735472475947,0.998454033907698,0.024175873110716,0.999215727032816,-0.0795282808461576,0.0563693521527913,0.0389802007511547,0.620210607997134,0.0123785877134889,0.839079762986263,-0.0273934959215967,0.415305563181221,0.00827078576855156,0.891450460174025
"Asrgl1",0.0228714879022255,0.998454033907698,0.0273257839554223,0.999215727032816,-0.248206607493764,0.0275576593291387,0.174877539138224,0.221458528932179,0.0500418036287728,0.744595494040998,0.0727956912655772,0.405701952555108,-0.186370298753691,0.206042733523652
"Aste1",0.0260131049580836,0.998454033907698,0.00554652447986168,0.999215727032816,-0.0493835949018809,0.653456858817455,0.0255335226528695,0.989667758022198,0.190701656573862,0.0411233053173282,-0.223287798783716,0.000150369602129217,0.0119130445600797,0.921745172365405
"Atat1",0.0889846613381438,0.998454033907698,-0.0930431182868316,0.999215727032816,0.0528679964219466,0.707447085110299,-0.0706809325827808,0.82580284967908,0.0787291451696785,0.549060456297254,-0.280852668143616,0.000202333407438639,0.377694785245521,0.000698470891590013
"Atf3",-0.0357361553245008,0.998454033907698,-0.0517841152237477,0.999215727032816,-0.122991359804273,0.295215179935975,-0.0383474546276323,0.974185554464106,0.238509046747899,0.0411233053173282,-0.139293501186121,0.0926088304002323,0.260389256628197,0.0237905649230782
"Atf7",0.0761243944746712,0.998454033907698,-0.0310684237517904,0.999215727032816,0.0180388976551686,0.965939866788025,-0.12008424361616,0.936492475131151,0.370486644173032,0.208520235092377,-0.782543535570096,4.59395800660683e-06,0.760372883003524,0.00749952203701438
"Atg16l1",0.0195572528623204,0.998454033907698,0.00144431660146606,0.999215727032816,0.0195401377870676,0.953602641730315,-0.000428908364844216,0.998320195226683,0.362422068873203,0.142970312398329,-0.701400599720535,1.64728825362705e-07,0.460082433448477,0.0639517273163154
"Atl3",-0.0353045819003843,0.998454033907698,0.0471045622492566,0.999215727032816,0.0345815163064208,0.791528763424942,-0.0257002411581373,0.9935127750171,0.080054906532351,0.475472090825951,-0.26129791498478,2.00185020589813e-05,0.264267045555543,0.0105954864888185
"Atm",0.0424814988080368,0.998454033907698,-0.0349958417071183,0.999215727032816,0.0374808381158729,0.654017423842551,0.0149512765690841,0.99429389708379,0.115375378448094,0.125905095723752,-0.147701442510738,0.00149789981919203,-0.0708626148695142,0.377570449629304
"Atox1",0.0346639368486366,0.998454033907698,-0.0949332208991713,0.999215727032816,-0.125038214018087,0.0710048644276279,0.107016536435736,0.216014991944317,-0.0506852410639409,0.554509317552202,0.115568399113493,0.0284951320764255,0.0405911657138662,0.652101879059021
"Atp11c",-0.0130713365615568,0.998454033907698,-0.0388921419321559,0.999215727032816,0.0701263783383497,0.332572074579424,0.00211409685662101,0.996357979649697,0.0285859650515177,0.730620109801819,-0.153601530374065,0.000502783155426731,0.180712212757598,0.00956416549175949
"Atp13a1",0.0207899425651714,0.998454033907698,-0.0249120205482058,0.999215727032816,0.0986834724972989,0.511056262137433,-0.0522678399892054,0.95747362166575,0.165446305444239,0.249547802692144,-0.347331816833336,1.13842611165955e-05,0.215601391910681,0.153396546530888
"Atp13a3",0.109324344129252,0.998454033907698,-0.110811951765978,0.999215727032816,-0.0231954104008782,0.939675533005941,0.0358662124491509,0.99429389708379,0.360406971684794,0.109879036233215,-0.48874802353899,3.59621509569241e-05,0.149276672270746,0.552395177082885
"Atp1a1",0.106118288468443,0.998454033907698,-0.301306597225496,0.999215727032816,-0.207129898035594,0.59356394430931,-0.0469109268544784,0.99429389708379,0.524431489854905,0.137203905493817,-0.670983237053373,0.00290561909905124,1.01855074384705,0.00167164489758361
"Atp1a3",0.10617189896572,0.998454033907698,-0.776363419628469,0.999215727032816,-0.762952868878855,0.180728736665564,0.83137029016542,0.215299234403025,-0.172713023035484,0.820005509082879,1.50915111971438,2.5802471209336e-05,-1.13602364229295,0.071919415258793
"Atp1b1",-0.031106636086127,0.998454033907698,-0.0496902499434985,0.999215727032816,0.0838534737337397,0.0868979023563461,-0.0391582207183094,0.731590418708942,-0.0062657884610102,0.936314447623996,-0.0500478046974138,0.208843808248875,0.173896482070262,0.000444277784878159
"Atp2c1",0.220193577736503,0.998454033907698,-0.109833959366758,0.999215727032816,0.122793900104005,0.6433821845364,0.0541929197696529,0.99429389708379,0.258866484563724,0.299664488526398,-0.578475452241399,7.35905938448528e-06,-0.0243676179138148,0.939723179724343
"Atp5b",0.242056262697743,0.998454033907698,-0.217554034873616,0.999215727032816,-0.946677483415212,0.0179565820084687,0.612352174827062,0.205400939359996,-0.0687827100025915,0.909616532176714,0.931694325524295,0.000914425518301665,-0.937372028846628,0.0334932913517674
"Atp5mpl",0.0109845748313242,0.998454033907698,-0.166504746178244,0.999215727032816,-0.316434976014086,0.0798332908855362,0.278490179035499,0.216014991944317,-0.0093268978710479,0.979256076466559,0.453963661924816,0.000392774563496023,-0.403464407358833,0.0526064125501993
"Atp5o",0.0965367762423732,0.998454033907698,-0.0972474763964614,0.999215727032816,-0.410675207169647,0.023936677649658,0.277966392547062,0.221458528932179,0.0857082126569494,0.720188408147091,0.285371744714673,0.0391636114126954,-0.417236868734531,0.0510511508169813
"Atp6ap1",0.0312164689222925,0.998454033907698,-0.226028090647268,0.999215727032816,-0.216511473674227,0.165483172250263,0.317781799577374,0.0942716399609835,-0.0752207250913823,0.694754037923317,0.080955570514414,0.491580086418377,0.183463573797905,0.332240993264766
"Atp6ap2",0.0801177820815175,0.998454033907698,-0.194123377785145,0.999215727032816,-0.291603720477626,0.0563693521527913,0.333862689065021,0.0942716399609835,-0.0380668155597643,0.864868244667577,0.244964277627288,0.032797012594417,-0.218251348558878,0.255927553283605
"Atp6v0e2",0.152237056123399,0.998454033907698,-0.138757157387293,0.999215727032816,-0.587639315752954,0.0251601574281387,0.42154733952608,0.205400939359996,0.069662482872511,0.85896315907655,0.495895677973058,0.0120800084925988,-0.72157505463027,0.0181841296911387
"Atp6v1a",0.0895818761611937,0.998454033907698,-0.0931814853156685,0.999215727032816,-0.357194688897199,0.0285523665424304,0.291256826500805,0.183426167341939,0.17583768962198,0.39160287768077,0.106725122932893,0.426944291206989,-0.392720321418644,0.0490742277653806
"Atp6v1f",0.00646417847765735,0.998454033907698,-0.162576380279255,0.999215727032816,-0.206328734490679,0.111627690972557,0.257541817357975,0.121544333753561,0.100717879500376,0.512184042014163,0.147472303493847,0.146688264635755,-0.23993026617921,0.109103823647328
"Atp6v1g1",0.0647584109979368,0.998454033907698,-0.0789893508771482,0.999215727032816,-0.445324403147075,0.0179565820084687,0.276672053673156,0.241153892577096,0.0199649859638407,0.95160532500925,0.356679117755004,0.0091173578297,-0.325821679516769,0.148753929288974
"Atp6v1h",0.0891830168220695,0.998454033907698,-0.139052194189127,0.999215727032816,-0.0710722646109677,0.661174310625095,0.0627214306339272,0.921514309687095,0.142999395808531,0.353554420613978,-0.187896974921641,0.0340764775873587,0.16593840191047,0.3063079450079
"Atp8a1",-0.0596409301120644,0.998454033907698,0.0250567371779047,0.999215727032816,0.257208673428523,0.254505809045745,-0.0192114091750986,0.99429389708379,0.144618488633224,0.565495122108804,-0.66911840044594,1.15483970203406e-07,0.520644114745567,0.0253173534745568
"Atp8a2",0.188751459144022,0.998454033907698,0.0451420984914455,0.999215727032816,0.875083580858241,0.133936379523947,-0.192392251948046,0.9788631557912,0.300387460598911,0.674105553892125,-2.00004727556886,1.00842620893973e-09,1.19865264177147,0.0690050909005242
"Atp9a",0.000547465333923913,0.998561385570072,-0.166034635215293,0.999215727032816,-0.202966517446941,0.0738996901899268,0.192819759234831,0.196687190978413,0.0500741131279847,0.738860448768108,0.181580485144111,0.0310383990263326,-0.0733772640133585,0.625999075568322
"Atrip",0.0857473922765624,0.998454033907698,0.181160170171212,0.999215727032816,0.0459690069062759,0.869041723999872,-0.00831927567168922,0.994341865819917,0.0466647120536869,0.865373349613249,-0.664473374956744,4.39880575456172e-09,0.474764147833445,0.0322546984257136
"Atrnl1",0.0171058810100468,0.998454033907698,-0.071992906837795,0.999215727032816,0.156182831712748,0.406718331317383,-0.0417845230177757,0.99429389708379,0.176394605348877,0.364962923371858,-0.442433262147184,4.93577059988893e-05,0.333255451481286,0.079632784389267
"Atxn10",0.066053670500126,0.998454033907698,-0.142165006441339,0.999215727032816,-0.15582965155577,0.219429461252773,0.144089485776333,0.380201924529083,-0.0635832976657246,0.670364705884987,0.0292409946592369,0.74881811277487,0.230973271989372,0.11144219046776
"Atxn7l1",-0.0022207264151578,0.998454033907698,-0.0425853125509391,0.999215727032816,0.0749613081756215,0.511614361739544,-0.0337884027096201,0.974185554464106,0.0992071183891047,0.377724677059178,-0.257787464096733,6.86211092245176e-05,0.272340824167083,0.00799035167570135
"AU040320",-0.0112886762282294,0.998454033907698,-0.110224109680766,0.999215727032816,0.058118574106913,0.752652056662822,0.11422770725465,0.691868652267997,0.166400861244049,0.295087046908578,-0.305149393435711,0.000868457024424581,0.135202738248518,0.437419221559576
"AU041133",0.0077835201641101,0.998454033907698,0.0420952808078491,0.999215727032816,0.0919025028130415,0.555182676365907,-0.0516760099880174,0.961220320482001,0.18204983581519,0.201494695995772,-0.390235498356417,1.84011398805236e-06,0.166247621428735,0.277013510624131
"AW209491",0.161185413916992,0.987915157375208,-0.0111545121364689,0.999215727032816,0.0153707844971813,0.940166225094816,0.0287943037570684,0.99429389708379,0.0750747539338376,0.628727311705398,-0.404662144109623,2.11650604147031e-07,0.184620251456391,0.232031694864925
"AW549877",0.229589022995246,0.998454033907698,-0.0520894268052325,0.999215727032816,0.227406711876826,0.661174310625095,-0.0669766057370929,0.99429389708379,0.59431518750118,0.201494695995772,-1.40294443556783,4.0183623952505e-10,0.677020569633683,0.171269320017298
"Axin2",0.0400574037309374,0.998454033907698,-0.0316885346521452,0.999215727032816,0.0228981351610849,0.838366477228255,0.0215934766389405,0.993193144482628,0.11385643138176,0.195373189518852,-0.178141100842152,0.000513027097159441,-0.00290457892676388,0.979333369841278
"B9d2",0.0340218994326665,0.998454033907698,-0.0145970189131059,0.999215727032816,-0.116160044642678,0.0868979023563461,0.107088599925363,0.205400939359996,0.0964556556847831,0.215436871837611,-0.0625708477025659,0.241839797755133,-0.0955316007847855,0.250504223532242
"Bag1",0.00562142363230489,0.998454033907698,-0.153062120814931,0.999215727032816,-0.190400449054941,0.0981180479430689,0.19471985593244,0.19271620466749,0.00147845051671168,0.994004963087202,0.273088729784535,0.000679047236918318,-0.202051386538555,0.137850405586956
"Basp1",0.00205319120232716,0.998454033907698,-0.0321487932603177,0.999215727032816,0.0234003618707125,0.660062946133738,-0.0202479002776914,0.924753929245742,0.0221397480810066,0.667027401124924,-0.066389669408164,0.035328019558476,0.125964761698315,0.00475840198010531
"Bbip1",0.0849358162871652,0.998454033907698,0.00450884367927129,0.999215727032816,-0.140357097963138,0.278049244118178,0.110731896904848,0.597374484213545,-0.0612091624368789,0.68038024966284,0.0384747311177276,0.665219964397605,-0.0753954910707315,0.637067312038366
"Bbs12",-0.0445998440422959,0.998454033907698,0.184314612163193,0.999215727032816,0.290702284162131,0.39444480006169,-0.0800459715243146,0.994223261414321,0.0263647832121439,0.959424364241767,-0.927900316196644,8.30892027562638e-07,0.901771296634889,0.00397898952983694
"Bbx",0.04214402509541,0.998454033907698,-0.00995310571053709,0.999215727032816,-0.072090260414011,0.332761418917273,0.044847697238741,0.804189590410553,0.0173728172733252,0.854926723362502,-0.0361015557202864,0.481421192988209,0.0155146788188476,0.866335655116532
"BC031181",0.113242738012019,0.998454033907698,-0.0612735177421351,0.999215727032816,-0.283723396154752,0.027932745661871,0.271966016696339,0.11964975873391,0.0933658922217975,0.576126078790049,-0.0378886100708193,0.721561372789993,-0.195671117214311,0.246607782158234
"BC051142",-0.018200440755677,0.998454033907698,-0.00832777098514792,0.999215727032816,0.0898952156566526,0.12056986095583,-0.029000899090597,0.914705017375606,-0.00645698922518845,0.947679447966737,-0.129164909016075,0.00164054722573206,0.176180638810644,0.00418171365977764
"Bcas2",0.00551071645729295,0.998454033907698,-0.0838538270037348,0.999215727032816,-0.290356557565047,0.108112239217879,0.229940226726724,0.348927948636541,0.357179003555038,0.0861462831925315,-0.0623662423317648,0.67431077161975,-0.301046728579201,0.162903130980339
"Bcat1",0.102081718915159,0.998454033907698,0.0106072370402699,0.999215727032816,0.112908586166831,0.765609184157782,0.13795508006853,0.915812391983561,0.405887868449806,0.18886145605407,-0.965006797012683,3.92102548869538e-10,0.230854775056183,0.502998610627403
"Bccip",0.081527139904621,0.998454033907698,-0.0536970232480155,0.999215727032816,-0.099205039288023,0.323867563423733,0.132802440760098,0.223659631264596,0.103986966577715,0.33086397868695,-0.109107629748814,0.0830942533823792,-0.124724336439448,0.273009464278648
"Bcl2",-0.0294940470452824,0.998454033907698,0.0408520872221273,0.999215727032816,0.0283675258998257,0.543589951668403,0.0386137025194233,0.548938385702873,-0.037830006987021,0.412261229991355,-0.0549104001423401,0.0601016394497375,0.0211617342602196,0.666732658287049
"Bcl2l1",0.155869266390595,0.998454033907698,-0.104116521867976,0.999215727032816,0.0202876612016122,0.9305075413454,0.0238917116694808,0.99429389708379,0.069899007817596,0.708775037302526,-0.376846392757753,0.000167804720939551,0.335771093077589,0.0465607577209445
"Bcl2l10",0.00431496590099001,0.998454033907698,-0.0957228908371368,0.999215727032816,0.164305014929204,0.216768403233239,0.0239662205965552,0.99429389708379,0.10456921654701,0.479664699765315,-0.371274319746934,4.87551035146429e-06,0.27891518799039,0.044518213213753
"Bcl2l11",0.0171785591268726,0.998454033907698,-0.0108867933776511,0.999215727032816,0.0066136983131605,0.952468630690943,-0.0205171670129011,0.990062777684744,0.130352073196703,0.112858636219005,-0.169557828356067,0.000525076949888834,0.0632769461131831,0.479466485042874
"Bcl2l2",-0.00390218120588026,0.998454033907698,-0.086123088540814,0.999215727032816,-0.20446742684584,0.140318021692756,0.127018722410664,0.603608983431796,-0.0648290821834006,0.708797217344846,0.291522970555353,0.00168109416902347,-0.070732725743589,0.693947063423342
"Bcl3",-0.0944006552238575,0.998454033907698,-0.146891859919263,0.999215727032816,-0.128906453083208,0.594753936519817,-0.14904882645892,0.746767356600977,0.239867420122459,0.274585246348582,-0.141272682531031,0.386156932997756,0.773324416709545,1.29529056526577e-05
"Bcl6",-0.0326179867413446,0.998454033907698,-0.106429197603216,0.999215727032816,-0.0489108141634782,0.801308227009684,-0.00355948796526473,0.996357979649697,0.189992128079373,0.215695736443841,-0.277323668210365,0.00669970047878715,0.489047943905248,0.000318746148694272
"Bcl7a",-0.0639425610165705,0.998454033907698,0.0603298391805627,0.999215727032816,0.0398610747150474,0.67173495157905,-0.0246255575408341,0.9788631557912,0.0931799982283499,0.285412052631828,-0.180845304714395,0.000467842355671599,0.119895736396095,0.182012411579218
"Bcr",0.0241432760884202,0.998454033907698,-0.0232741600965851,0.999215727032816,-0.0267214866957515,0.808806349428765,0.0187935750812125,0.99429389708379,0.120323429864977,0.169317191876958,-0.212877417711331,2.98004365942612e-05,0.155158599385334,0.0873287494642683
"Bcs1l",-0.0356537995451003,0.998454033907698,0.0194050822822036,0.999215727032816,-0.00748563521286183,0.898969095542548,0.00286957004567268,0.99429389708379,0.0177426821122517,0.735101461389232,-0.0307116506425755,0.327764751298287,0.0604161519542601,0.208636851935604
"Becn1",0.115863092013681,0.998454033907698,-0.0235364612424078,0.999215727032816,-0.00151591433270548,0.994378829017785,0.0478487837288557,0.9788631557912,0.091988881166785,0.609456443599022,-0.408465796330507,1.18469779701228e-05,0.267544386026072,0.133986939877714
"Bet1",0.0224327365330548,0.998454033907698,-0.0160375428875689,0.999215727032816,-0.0371842860939054,0.718478747060921,0.0696129592854504,0.658542850424824,0.00333199068988033,0.985124440512543,-0.140971741063712,0.0114931033583023,0.163539459909496,0.0850741780109468
"Bhlhe41",0.0994028447622944,0.998454033907698,0.379543835757953,0.999215727032816,-0.155722695279171,0.605453110298342,0.110256170313932,0.938188895755276,0.279470212239146,0.330593897141459,-0.74277194544358,7.70181233244587e-07,-0.083280245696759,0.799345268441688
"Bicd1",-0.00316971751922879,0.998454033907698,-0.0212200459166479,0.999215727032816,0.00132881814707386,0.977890685105121,0.0116222953570885,0.964657454454587,-0.00667525362270555,0.87994490364221,0.0197603425637537,0.400148093027071,0.00157355605585419,0.973660077978693
"Bicd2",0.0351327803606356,0.998454033907698,-0.0775951601888385,0.999215727032816,-0.00557577793906483,0.973931045129801,0.0833273063923508,0.770537182587806,-0.00241440237167656,0.994004963087202,-0.178279579217506,0.0224630070114327,0.249650277518602,0.0790339678860204
"Bicral",0.0901887204879672,0.998454033907698,0.0301379018017396,0.999215727032816,0.0323769390729105,0.906379156260867,0.0857160368466398,0.933746005013471,0.13933125538749,0.535885067276763,-0.612921199181631,1.31083225529571e-08,0.347424898783323,0.113143468814923
"Bin1",0.266308258685355,0.998454033907698,0.125095839994874,0.999215727032816,0.460991621252132,0.436521547703443,-0.142947436331262,0.993193144482628,0.294796698556557,0.642816054165102,-1.74279106114117,7.73965091097727e-10,1.12219461236959,0.0569624835487071
"Bloc1s2",-0.0526411122340127,0.998454033907698,0.00849184027203886,0.999215727032816,-0.0791178769623393,0.617685345164085,0.0940812328519072,0.762492159987754,0.201440839492975,0.155616226249393,-0.319285422310435,0.000214460149511755,0.232996480846335,0.115491460519583
"Blvra",-0.0255779426317151,0.998454033907698,0.0410096489593171,0.999215727032816,-0.00846947363771291,0.886541062420128,0.0310494130249636,0.753716953841004,0.0390457344843325,0.428805749681664,-0.070605760135828,0.0177877041700665,-0.02172713149779,0.682287148916494
"Bmf",0.171575384667564,0.579669996065745,0.0621894677085479,0.999215727032816,-0.0835669195331281,0.484304996246356,0.00153907047238189,0.996357979649697,-0.000501708252948596,0.997965742385125,-0.198760578127496,0.00469373516889796,0.0386179760720311,0.77449716869524
"Bmp15",0.0352289207443861,0.998454033907698,-0.0137470742820829,0.999215727032816,-0.0054162830589537,0.924722721252937,0.00339443280666196,0.99429389708379,-0.00496679183801185,0.933877289231018,-0.0123657252140588,0.670434322247319,-0.0080253182197636,0.877323533758078
"Bmp2k",0.0571093945248819,0.998454033907698,-0.0403538687936783,0.999215727032816,0.0500178914032901,0.72773217535213,0.0298567543104532,0.9935127750171,0.032337640642615,0.832085469578865,-0.321693038340525,3.63683508267859e-06,0.315128185054118,0.00808689263889763
"Bmpr1a",0.0905906245957537,0.998454033907698,0.163635086204841,0.999215727032816,-0.122351628160857,0.731292148548659,0.0681847748116209,0.99429389708379,0.490418655811037,0.115963014296444,-0.775708274885137,6.76453621466228e-06,0.0311251785518509,0.938048083452832
"Bmpr2",0.0797461464770307,0.998454033907698,-0.111503767862562,0.999215727032816,-0.249781753953092,0.0795512072894694,0.225361444367789,0.205400939359996,0.210739537322385,0.197852789976182,-0.00850124662889076,0.941545313798781,-0.278458383455043,0.109647138677181
"Bola2",0.0250828701452581,0.998454033907698,-0.0537133524675144,0.999215727032816,-0.0840943107279324,0.0707056432808228,0.0457267515717249,0.583191722524834,-0.006958040482206,0.926226103238373,0.0826049169899294,0.0189311711484306,-0.00620652771859415,0.927041812316019
"Bora",0.021344370217531,0.998454033907698,-0.0267832131057098,0.999215727032816,0.0531801211270972,0.188410232935797,-0.00172620755165784,0.99429389708379,0.0091986566435374,0.865373349613249,-0.0878916692715784,0.00130260030399567,0.0509282526725631,0.270398013739782
"Borcs7",0.00510517849308478,0.998454033907698,-0.015072184745019,0.999215727032816,-0.0097288456803335,0.941680893489945,0.0524174676476943,0.862063588689561,0.12408368869173,0.216352010233782,-0.161590811068209,0.00811803452853384,-0.0117553215463962,0.928603899800008
"Borcs8",0.0288995109906506,0.998454033907698,0.00139493461572648,0.999215727032816,0.34213257655408,0.219429461252773,-0.065825377594102,0.99429389708379,0.156514101481123,0.617416774673313,-0.85007191458028,5.95509798553056e-08,0.614968979416853,0.0353363930573809
"Bpgm",0.0224595545128473,0.998454033907698,-0.190527765874291,0.999215727032816,-0.208538498497683,0.175387352935926,0.144378295382524,0.572775052891439,0.306561687262502,0.0658718108781426,-0.0979146873014633,0.398657866882283,0.0355151043859822,0.863525561348108
"Bphl",-0.012687264760375,0.998454033907698,-0.0523760221096281,0.999215727032816,0.0777349333908416,0.514873897894703,0.0267280304676587,0.99429389708379,-0.0241738054139983,0.864457176752918,-0.21639126784049,0.00274962833825889,0.353155218017176,0.000401514497136214
"Bri3",-0.0568061764391549,0.998454033907698,-0.0961919843248593,0.999215727032816,-0.19558379423271,0.158482247456971,0.13609051660281,0.540791936604075,0.193932761554149,0.196626960046493,0.11167987577898,0.292723240111752,-0.152029790667561,0.35380337316898
"Brwd3",-0.0578897142949033,0.998454033907698,0.0411778737427779,0.999215727032816,0.0620986483407231,0.675131494544051,0.0881751293134052,0.762492159987754,0.0733341232868732,0.611386899041917,-0.329984806983291,6.44956447741831e-06,0.190989766623026,0.191668067833919
"Bscl2",0.00493876019174122,0.998454033907698,-0.0325708280383332,0.999215727032816,0.0518746639485252,0.601700306952753,0.0222669374812714,0.993193144482628,0.130153691637591,0.146217358701392,-0.185286160572662,0.00108400400184149,-0.00466439064858282,0.968665505113005
"Btbd1",0.0401041964074855,0.998454033907698,-0.101693478345485,0.999215727032816,-0.206268496254289,0.157831979380763,0.234980641765827,0.196687190978413,0.173561333377014,0.299855189475264,-0.0275879917332631,0.799486796237185,-0.214884892804177,0.229817219535429
"Btbd8",-0.0714257365367881,0.998454033907698,0.0137436607508126,0.999215727032816,0.128466569060325,0.361950032703147,0.0463739942053345,0.967702153172513,0.105917787185956,0.468116014620761,-0.362689415399968,2.16841784761623e-06,0.222300412958155,0.123978676430044
"Btc",-0.019265661082018,0.998454033907698,-0.146822989100734,0.999215727032816,-0.0686169963584057,0.67173495157905,-0.0773637287503551,0.862063588689561,0.140290410288673,0.354464655883518,-0.128901242607793,0.220088936365606,0.548970738428746,1.49306550853722e-06
"Btg2",0.258633194755047,0.998454033907698,0.0989759893535801,0.999215727032816,-0.242962180662283,0.434854847988484,0.10704608755229,0.961930554916282,0.501654448246982,0.109879036233215,-0.799345228202267,4.04783551426163e-06,-0.00420959641637664,0.990651024393428
"C1qtnf4",0.0814924865146115,0.998454033907698,-0.0609330208612363,0.999215727032816,-0.0648029567462446,0.457801669371011,0.0987206137868857,0.32183730418804,0.067101510467438,0.460135816838524,-0.0666980712380068,0.240158163008958,-0.115093183487021,0.20972364833516
"C2cd2l",0.355190006724928,0.998454033907698,0.284078765667982,0.999215727032816,-0.516483849740982,0.158095731200262,0.337832159520643,0.603608983431796,0.322396074518956,0.481803136931886,-0.604087063334259,0.00849877529628809,-0.479838825284203,0.299945903273429
"Caap1",0.0700267436554105,0.998454033907698,-0.0646932718692479,0.999215727032816,0.034658741112594,0.772411437808914,-0.0542639817613815,0.850228070338868,0.00587348163890966,0.972867628150552,-0.156440820185602,0.0170781171162194,0.283839803749473,0.00208981850953427
"Cab39",0.107410508285532,0.998454033907698,-0.152119920991309,0.999215727032816,-0.210220267282054,0.180243229455914,0.251754507773269,0.196402141824253,0.197490939272993,0.25530963429489,0.00650276813642636,0.956370902045991,-0.375906383593439,0.0317132279934743
"Cabp5",-0.0159741365567974,0.998454033907698,-0.00127112155154235,0.999215727032816,0.0378126389652612,0.177767501658206,-0.0153718379689504,0.873920236356898,0.0156046615715704,0.635961616279884,-0.021041897010665,0.324935164588106,0.000397452944234739,0.990651024393428
"Cabyr",-0.0303268558317871,0.998454033907698,0.0391745178456646,0.999215727032816,0.0431527148994536,0.176134899134619,-0.00999205457224778,0.9788631557912,0.0100356504815298,0.81072839602417,-0.047343425952343,0.03898712254137,-0.0134336743788673,0.736418184338456
"Cadm1",-0.0386301280700665,0.998454033907698,-0.147679572636794,0.999215727032816,0.378840350352735,0.371920629263696,-0.100903542729696,0.994223261414321,0.179013620960065,0.720773711492287,-0.849988161232073,0.000201973650458839,0.989559008560909,0.0259082161296427
"Cadm3",0.124853874284379,0.998454033907698,-0.0594336654787607,0.999215727032816,-0.0392174800617267,0.808806349428765,0.101505382614494,0.637098188129834,0.0331052003319596,0.837582293274284,-0.285498461734061,0.000107685743801519,0.186369290546725,0.180361656190783
"Cadps",-0.0324881649311105,0.998454033907698,0.00397535791646281,0.999215727032816,0.0289596277950968,0.396878340594434,-0.000232816349998888,0.996750134958794,-0.0218850022010564,0.54317586919875,0.00954033688442224,0.692577026399453,0.0276695912513721,0.458789362187015
"Calcoco1",0.0241935005934901,0.998454033907698,0.1755641581226,0.999215727032816,-0.117386083669799,0.58111478886673,0.0500188206577707,0.989667758022198,0.301723471815695,0.126478851762202,-0.397891309272657,0.000904272485622011,-0.138740691549299,0.526985019550045
"Cald1",0.0649921202821685,0.998454033907698,-0.0135747788953786,0.999215727032816,-0.019330318752067,0.865645642865685,0.00322034112744551,0.99552532452353,0.12176977834765,0.177698663053117,-0.159991483435607,0.00539058117146656,-0.021795944133257,0.843960636617279
"Calm3",-0.0290111616885933,0.998454033907698,-0.132881713767497,0.999215727032816,-0.321541245794497,0.0432761879558604,0.266224287223872,0.199200111983168,0.0746495223281198,0.723955148162529,0.337032168562786,0.0035186553472277,-0.312893846732604,0.103374840413009
"Calml4",0.0254803359392486,0.987915157375208,-0.0255697881664464,0.999215727032816,0.000229445503714676,0.994378829017785,-0.0217770369010729,0.489106095194186,0.0171171946650452,0.48780638331417,-0.00538254682290823,0.739855398016663,0.0167155733202375,0.528005981690752
"Camk2g",0.0359412718897487,0.998454033907698,0.0461917579302584,0.999215727032816,-0.0867706656931353,0.518704507890177,0.05292459281904,0.929800898745576,0.0769057508677315,0.582976613116151,-0.270124801009571,0.000131553998260168,0.224167138645786,0.106332550371092
"Camk2n1",-0.00526945982132343,0.998454033907698,0.0531389999552043,0.999215727032816,-0.211813464816369,0.0784699848042855,0.17524357288628,0.250792751419506,0.0778227049992171,0.607877063475039,0.0114328900039626,0.905181019168537,-0.193921150273757,0.21095930216638
"Caprin2",0.0352555099952063,0.998454033907698,-0.0490681293595707,0.999215727032816,0.030019704026669,0.849269553072148,-0.0112623257660276,0.99429389708379,0.0822119030069104,0.528057084488808,-0.283711317030486,0.000180019301316805,0.328337971283252,0.00470926838196378
"Car2",0.082366102429767,0.998454033907698,-0.0441291912557376,0.999215727032816,-0.686653580834621,0.0225150376959752,0.673984901655978,0.0929333531466635,0.109735494577128,0.795301161383981,0.307339220038677,0.197410346444285,-0.801646139970407,0.0227227108608415
"Carmil3",0.030731178811447,0.998454033907698,-0.0314908338623547,0.999215727032816,0.12485454415388,0.297062513981829,-0.0505574930657102,0.929800898745576,0.0017722416956899,0.994004963087202,-0.285196611604397,8.10715247966216e-05,0.355307258158371,0.00147831362921053
"Carnmt1",0.0734733561954343,0.998454033907698,-0.017129067157944,0.999215727032816,-0.01001439952686,0.926954275932172,0.0212315915965196,0.989111337341283,0.085845216948542,0.295087046908578,-0.143603090058055,0.00349116836220183,-0.0430451840813689,0.639624824257124
"Casc4",0.0730625960967115,0.998454033907698,-0.0400299492749668,0.999215727032816,-0.0270734726763403,0.844916731296793,-0.0175175759532017,0.99429389708379,0.0324927036707472,0.801411825393322,-0.189845755046529,0.00519675683139306,0.283140956269828,0.00656382481592884
"Casz1",0.36290727904506,0.998454033907698,0.231805632798668,0.999215727032816,0.050111286166322,0.941680893489945,0.11977020255034,0.99429389708379,0.508765911602949,0.352722778803811,-1.56988194486972,2.01358692670726e-11,0.295925992589353,0.615889669452072
"Catsper2",-0.0132122643128414,0.998454033907698,0.0433203056980562,0.999215727032816,0.0763153114449872,0.464032294986416,0.00117913931437705,0.996357979649697,0.0218926429907285,0.863537946649369,-0.274445888469914,8.37105621265898e-07,0.233940330052631,0.0181841296911387
"Cbl",0.0238461738734832,0.998454033907698,-0.0297435862960982,0.999215727032816,0.0629863202387808,0.662623435078092,0.0590328669693845,0.907252249693684,0.118425530885383,0.381488810175133,-0.32296239922573,1.7356924555696e-05,0.124375308269253,0.368818979877886
"Ccdc107",0.0469669265485759,0.998454033907698,-0.0682138250267422,0.999215727032816,-0.194018940896518,0.256208069329686,0.314973506737444,0.121544333753561,0.0117949927982109,0.969862889431072,0.00869361751725722,0.941713246944153,-0.224083577460156,0.270398013739782
"Ccdc117",0.157026588372473,0.998454033907698,0.186367284442205,0.999215727032816,-0.305984622472724,0.0737551659520338,0.15330781523234,0.655645697460838,0.258495648908341,0.18886145605407,-0.302107351814734,0.0165288354700053,-0.35044842192419,0.0873578828692311
"Ccdc124",-0.0619692730317625,0.998454033907698,-0.0372957727458771,0.999215727032816,-0.140260233565601,0.119635070156991,0.154506628255495,0.178067897665765,0.0662108987313925,0.53917186279334,0.131240869061703,0.0530333755936526,-0.186176430176465,0.0714049531792562
"Ccdc126",0.349638006081091,0.998454033907698,0.127351516530068,0.999215727032816,-0.654717060335632,0.0563693521527913,0.536262179710002,0.217574918898335,0.343325790376663,0.430192583450449,-0.24279710006156,0.360720974550124,-0.942997116462568,0.0244569229244932
"Ccdc136",-0.0195259693893801,0.998454033907698,-0.014619185931235,0.999215727032816,0.0202506381060864,0.455321896077228,-0.00201981074091621,0.99429389708379,-0.00144285933920454,0.972867628150552,-0.00064921394190936,0.971751429388718,0.0369116915971161,0.188997449620845
"Ccdc155",0.0119399966963535,0.998454033907698,-0.0662694809994925,0.999215727032816,0.0694826476321195,0.417068247772756,0.0176589190727967,0.99429389708379,-0.0566866393597801,0.522640379305299,-0.147652648841404,0.00790878763672734,0.305526761329502,9.14422571090078e-06
"Ccdc163",0.0289727167228055,0.998454033907698,0.0380003174351038,0.999215727032816,0.263175706751944,0.247375320440514,-0.113556536213491,0.891028981263456,0.0464820397482235,0.877121677114457,-0.628227947890317,1.94896547077746e-06,0.597760797683522,0.00931340948532853
"Ccdc187",0.22564577390106,0.661556665978815,-0.0911587373848589,0.999215727032816,0.121488630293041,0.451937852803313,-0.11051639539338,0.728186168575712,-0.0294635583633174,0.881702886339011,-0.344765499493994,0.000338565354128181,0.367629008482212,0.0160579879335892
"Ccdc189",0.0369891728615181,0.998454033907698,0.00355407998870749,0.999215727032816,0.000739064323344918,0.991963327971627,-0.0225790371430432,0.933275418771506,-0.0534240495214168,0.357549010330114,-0.0419497426624084,0.270520657155616,0.132943783426033,0.015412248108666
"Ccdc28a",0.0168224541057678,0.998454033907698,-0.021193428840259,0.999215727032816,0.0378654902284595,0.5342536350207,0.00140277058765859,0.996357979649697,0.0031171730301443,0.972867628150552,-0.11731347718161,0.00101872495486738,0.133103738960251,0.0171795360251653
"Ccdc34",-0.0480379650721774,0.998454033907698,0.0118859295375674,0.999215727032816,0.0184332815710755,0.879954235991211,0.0474222354965925,0.878860734103297,0.0794705416584179,0.429718199357867,-0.233301256055087,2.22191621644416e-05,0.204486583305299,0.0320880563863211
"Ccdc39",0.0638432422717239,0.998454033907698,-0.0186085912581133,0.999215727032816,0.169571391365401,0.484304996246356,-0.0415231068793842,0.99429389708379,0.221617121009515,0.357914149635962,-0.681081831278554,3.12876094372034e-08,0.441975775913525,0.0563399218251623
"Ccdc58",-0.00433153333985536,0.998454033907698,-0.0553177067205574,0.999215727032816,0.088856541726037,0.515636550015804,-0.00872995958668032,0.99429389708379,0.207021082844915,0.112858636219005,-0.3379215813514,4.87490819625819e-06,0.167330626527273,0.218522216750576
"Ccdc84",-0.00480990253854074,0.998454033907698,0.0408163808146317,0.999215727032816,0.0439957024439114,0.663218894592562,-0.00396708153421488,0.99429389708379,-0.00225078499876308,0.990958209072021,-0.231255717343724,1.10880710613584e-05,0.261033625906537,0.00205591098117784
"Ccdc88a",0.0308097864335031,0.998454033907698,-0.0616578569644158,0.999215727032816,0.0832716414070466,0.366886017958598,-0.00800926902974569,0.99429389708379,0.0581719795001484,0.548037533458111,-0.206240858211339,0.000114093967651896,0.169537630426357,0.0675711634236705
"Ccdc92b",0.0682439701658377,0.998454033907698,-0.000639423613186474,0.999215727032816,-0.00407056183101251,0.969515853723629,-0.00835910224466729,0.99429389708379,0.093150624888251,0.196626960046493,-0.121401527517965,0.0132305497168521,-0.0728180038967905,0.343683299002396
"Ccn1",0.00926701663297816,0.998454033907698,-0.0101132849012902,0.999215727032816,0.0121789784688905,0.61631632197275,-0.0169975624009458,0.658944171205816,-0.014942974965664,0.535635496006396,0.0203688065191107,0.159943505162036,0.00321756076100255,0.9087981129926
"Ccna2",0.192121688801812,0.998454033907698,-0.0381168197449256,0.999215727032816,0.182282001234454,0.424234697480406,-0.0685581454274657,0.974185554464106,0.194839296759177,0.404331614852498,-0.651898161210743,4.68389427449858e-08,0.255649259644155,0.277013510624131
"Ccnd3",-0.0191324330887346,0.998454033907698,0.215048840419931,0.999215727032816,-0.0758508447232766,0.636422002835309,0.0198024066327309,0.99429389708379,0.178392671958492,0.211675806022144,-0.262476397865169,0.00358939751732065,-0.154474406802247,0.314359767683562
"Ccng1",-0.00128221415221066,0.998454033907698,-0.0276411326524571,0.999215727032816,-0.204459009986504,0.0533881903984907,0.186842989920982,0.178067897665765,0.0867265112193326,0.500646503927501,0.0927997584875781,0.275380103968631,-0.237694331169277,0.0566255796700717
"Ccng2",0.0908867368776519,0.998454033907698,0.058332668148944,0.999215727032816,-0.0210933944098615,0.858237302325629,0.0385739360381075,0.929800898745576,0.0147891534064624,0.904555113019044,-0.225635117429299,1.51202581880853e-05,0.0394560128829881,0.712455118413499
"Ccni",0.0761294435997124,0.998454033907698,-0.0692594262921133,0.999215727032816,-0.401115332769599,0.0251601574281387,0.306592794432888,0.196687190978413,-0.0864806184590932,0.70969153246926,0.417322223632979,0.00130697050309469,-0.408862813483572,0.0510511508169813
"Ccnl1",0.0693224678469213,0.998454033907698,0.208145040305823,0.999215727032816,0.248816901266544,0.662623435078092,-0.156891960151144,0.974185554464106,0.642434591956751,0.201494695995772,-1.65503582438155,2.14999509174032e-11,0.959987713159659,0.059518820914631
"Ccnq",0.0965127690812417,0.998454033907698,-0.00413318964142939,0.999215727032816,-0.105240701003498,0.406030284080878,0.0929439284494491,0.690594488126287,0.144030200016682,0.258763629920531,-0.263283986699004,0.000231260635663981,0.0263706360924987,0.866335655116532
"Ccnyl1",0.0586394829936248,0.998454033907698,-0.0385968194064785,0.999215727032816,-0.00975387487580609,0.940166225094816,0.0224571661097895,0.993193144482628,0.125188781527207,0.17071660546857,-0.247333309550538,7.26078437492458e-07,0.130213927771305,0.182563438739096
"Ccpg1os",0.0787241941652675,0.998454033907698,0.00468552710052494,0.999215727032816,-0.153663323599681,0.171439539863123,0.176698292977894,0.199200111983168,0.09762984235872,0.459298300266237,-0.198124612334379,0.0084305114496455,-0.0481684989911671,0.742716665063302
"Cd164",0.271581432223122,0.998454033907698,-0.0590211341484465,0.999215727032816,-0.0889006165425463,0.817800894391686,0.128791926738596,0.929800898745576,0.46445769777883,0.132213944090311,-0.927160691956989,2.40507062076136e-09,0.244270917428831,0.466982356890904
"Cd276",0.108791625539564,0.998454033907698,-0.0408379570406687,0.999215727032816,0.0868976296010012,0.450324992886591,-0.0593892869206912,0.860148304390182,0.179846622520666,0.112858636219005,-0.275780432481664,2.31616267620189e-05,-0.0408564495755293,0.749007176523579
"Cd2ap",-0.00282640413279434,0.998454033907698,-0.0104943937472566,0.999215727032816,0.0556063232531651,0.654017423842551,-0.0537804433527307,0.886865596221795,0.149976418892751,0.17071660546857,-0.266181259202619,3.74882732880735e-05,0.203793340448956,0.0714049531792562
"Cd47",-0.0266678159792455,0.998454033907698,-0.335967744875895,0.999215727032816,-0.113469868378394,0.812952474130438,-0.0906023622978308,0.99429389708379,0.405276845197864,0.294581315811719,-0.572149090556715,0.026840426394418,1.30532528660581,4.64459662670103e-05
"Cd63",-0.0453533492133807,0.998454033907698,-0.029517693549883,0.999215727032816,-0.0323934326821117,0.766371761615723,-0.00427237578400824,0.99429389708379,0.068037628184416,0.468116014620761,-0.0509583986858841,0.433671364633162,0.17339279608998,0.050036817047275
"Cd68",0.0035578821932768,0.998454033907698,-0.0322520858361121,0.999215727032816,0.0336375382161705,0.411316804220558,-0.00562774879428718,0.99429389708379,-0.0036701443785091,0.952852399166476,-0.0632719843332101,0.0181473504194941,0.120312782513998,0.00105117716053699
"Cd81",0.0870897488010196,0.998454033907698,-0.122317545885212,0.999215727032816,-0.351736613569447,0.0471439643212379,0.356513456055223,0.127831653019435,0.194259147035016,0.373311139664217,-0.00462058166942536,0.973191042012996,-0.304032315142891,0.168042014302699
"Cdc42ep3",0.0695235862977905,0.998454033907698,0.142337812264845,0.999215727032816,-0.0997334910283307,0.41584046575683,0.0446249748591236,0.95747362166575,0.08929006209961,0.483133110327559,-0.295080723752554,1.54779453446885e-05,0.0323920005898459,0.826695045949779
"Cdc7",-0.0136433098359544,0.998454033907698,0.0895841847743046,0.999215727032816,0.0495116875064446,0.692645028527452,-0.0245734759568311,0.99429389708379,0.043747406239017,0.735101461389232,-0.300242607322112,1.81950270766078e-06,0.245668239915797,0.0283500604835223
"Cdh2",0.0904293503323048,0.998454033907698,-0.0905354291346658,0.999215727032816,-0.101016377334835,0.300672675205242,0.0882964029231718,0.541503969491432,-0.0027260682227532,0.989887543934699,-0.0467533206309158,0.476781909403523,0.104964834386822,0.351822393627344
"Cdhr1",0.183370581046485,0.998454033907698,-0.476169162663657,0.999215727032816,-0.57399140721794,0.193992766367967,0.692103393079641,0.199200111983168,-0.383177671069079,0.464827087742751,0.996645681502932,0.000313273714437242,-0.676840088143875,0.193044067683196
"Cdk2ap2",0.264824956976559,0.998454033907698,0.0328776477254844,0.999215727032816,-0.537808769327929,0.0179565820084687,0.224104359405467,0.587342665325964,0.311514132489665,0.257905738924687,-0.137170952645125,0.428755413967162,-0.356704356110603,0.231348968470798
"Cdk5r2",0.28276921068903,0.998454033907698,0.330833995537573,0.999215727032816,-0.734451268277041,0.027932745661871,0.528710850954206,0.217574918898335,0.412698215971481,0.319143760907404,-0.535392710535406,0.0372202660555295,-0.67012266025752,0.106043466658009
"Cdkal1",0.0406378529495679,0.998454033907698,-0.11404526330126,0.999215727032816,0.251162068747743,0.235792644960761,-0.0566411030621481,0.990062777684744,0.0410098326529094,0.883619250346848,-0.556116773577685,1.7828065793555e-05,0.670772754064678,0.000951456309753945
"Cdkl3",0.0408520303975344,0.998454033907698,-0.0687620287563151,0.999215727032816,0.113306752246152,0.300672675205242,0.0279150538433441,0.992921655032801,0.0665352512636377,0.582419242563354,-0.271987285492529,7.35905938448528e-06,0.140734659714726,0.24691501761628
"Cdkn2c",0.0184089777763826,0.998454033907698,-0.0106278928363259,0.999215727032816,-0.0747705372853932,0.127362857361515,0.0352693767948113,0.770249130587883,0.0496307789445479,0.39160287768077,0.00145390858143159,0.970636118110864,-0.0391550882941322,0.521344645925714
"Cdo1",0.0261148297278603,0.998454033907698,-0.0235356938857882,0.999215727032816,0.0358061003403763,0.600731789307235,-0.00901152824187917,0.99429389708379,0.0909373143131778,0.145345438927272,-0.130240689662155,0.00068742254285181,0.00144164701980537,0.985756118004977
"Cdon",0.156463802600746,0.998454033907698,-0.020524265590726,0.999215727032816,0.0945597433147028,0.654017423842551,-0.0021566963616213,0.996357979649697,0.0317194228742684,0.898090557114605,-0.519052344447172,4.38772796342426e-07,0.402715533671355,0.0319690967073022
"Cdr2",-0.0766957720039879,0.998454033907698,0.221494943621159,0.999215727032816,-0.499450302679191,0.0887981903319253,0.561779564376733,0.147873645411126,0.349803678526973,0.318057935915433,-0.180530358638799,0.446943965750984,-0.742112100460658,0.0293107708519786
"Cds1",-0.199309762999256,0.998454033907698,-0.143352851879722,0.999215727032816,-0.307187629517991,0.345007730659018,0.67863966255455,0.0689005146862637,-0.294582800650992,0.394739351347916,0.567994831145283,0.00420253926375001,-0.457897079134221,0.189717142986749
"Cds2",0.233976267126,0.998454033907698,-0.165929255636389,0.999215727032816,-0.322918252873343,0.0765375591928112,0.326758327980925,0.173153781417125,0.141615584178268,0.539060938293626,-0.234702143118866,0.0737102499271358,-0.00931133685401697,0.974675266769651
"Cdyl",0.0995240027346556,0.998454033907698,0.0130489616119889,0.999215727032816,-0.081029187701861,0.495155009019507,0.008120889330131,0.99429389708379,0.0717426293194332,0.555447372827243,-0.137886384275222,0.0639787551209708,0.0176770546143792,0.900459996623005
"Cebpb",0.00504964086776962,0.998454033907698,0.000664021352669823,0.999215727032816,-0.020365038389585,0.381579574862142,-0.0142638338167854,0.777956814068731,0.0103488298649064,0.685571268379699,0.0185338366691886,0.222096207813279,0.000964874483524537,0.974967371037901
"Cebpd",-0.140593181741617,0.998454033907698,-0.275109389701911,0.999215727032816,-0.212586701995166,0.514873897894703,-0.165247463046845,0.856411257068728,0.398123884098405,0.186691791954834,-0.103144037383539,0.659390566670041,0.932307563545088,0.000480569107933126
"Cebpg",0.00646551854834271,0.998454033907698,0.0907345106453937,0.999215727032816,0.014807132349369,0.928265928336723,-0.0265307368753757,0.99429389708379,0.160201361938201,0.177963855805172,-0.318379404958667,7.70181233244587e-07,0.0857382400728501,0.528303196350854
"Cebpzos",0.112415845621105,0.998454033907698,-0.0409341432217771,0.999215727032816,-0.199595573083052,0.0940503464882568,0.119032422043093,0.559987783570088,0.0191509824139711,0.920243422405798,0.144241560785114,0.107845357601588,-0.280782648862287,0.0450230352294856
"Celf3",0.355164858877861,0.0393856905864415,-0.180122986721968,0.999215727032816,0.0620801502915135,0.745213879503526,-0.13253027151904,0.602055261639078,-0.0294094134491523,0.883607124365643,-0.249731640480197,0.0198484953341149,0.271112034945393,0.0891633812602773
"Celsr2",0.0626591017838058,0.704736577890568,-0.00770320624779819,0.999215727032816,-0.011157395516885,0.852667945996415,-0.0500453125240343,0.38697496190605,-0.0014103341368692,0.987590339569478,-0.0355014621094963,0.283145733807105,0.0689653471024466,0.155704565370592
"Cenpn",0.0442164809375751,0.984550848878045,-0.00280746436897061,0.999215727032816,-0.00957631780702206,0.847031658044904,-0.00164694180443192,0.99429389708379,-0.00828962753682738,0.865373349613249,-0.0425318651569925,0.109751042185442,0.0284287432804511,0.512845522113837
"Cep126",0.00578006159951025,0.998454033907698,-0.0403192361679977,0.999215727032816,0.0339714892617014,0.864300910528001,0.0406566575420729,0.989667758022198,0.250163622245654,0.117652960128263,-0.377824610354729,3.12552292473431e-05,0.116225069532773,0.517356208866141
"Cep128",0.020276284478946,0.998454033907698,-0.0342461581356352,0.999215727032816,0.0246752851108841,0.72773217535213,-0.0334953278549973,0.84478407727381,0.053199167115636,0.404331614852498,-0.120994981609395,0.00147083097935822,0.152974119547641,0.00886104622264122
"Cep170",0.0258172883439399,0.998454033907698,0.001002801489002,0.999215727032816,0.0765354516183426,0.515636550015804,-0.0675917384727938,0.803079071723851,0.197243307239919,0.0823998175398345,-0.298757019447272,2.42081908287255e-06,0.0814903407969069,0.507514460239928
"Cep250",0.117176342565351,0.998454033907698,0.125400972516959,0.999215727032816,0.162563720594064,0.442387647237143,-0.0762633525524725,0.95747362166575,0.172539016529593,0.429776406976652,-0.565842131568442,1.94235267502558e-07,0.0298720803195813,0.907053072497837
"Cep78",-0.0219686042859508,0.998454033907698,-0.06224030485436,0.999215727032816,0.120915926726892,0.459818042354049,-0.00259376981290349,0.996357979649697,0.121150448267287,0.46716179378453,-0.415674652896369,4.91799951276549e-06,0.439174470828048,0.00283307299504051
"Cept1",0.0626038052694402,0.998454033907698,-0.0733510955879526,0.999215727032816,0.1220933086573,0.514873897894703,-0.005162955382083,0.996357979649697,0.0543696320570342,0.797211805627239,-0.450169036847885,8.36425835050485e-06,0.481970231105672,0.00437355506313098
"Cerkl",0.150942955764732,0.998454033907698,-0.293479991815534,0.999215727032816,0.20121518890756,0.692645028527452,-0.263230547802856,0.822879200484787,0.45286668296871,0.337609235882344,-1.09714982484471,7.17096654766552e-05,1.4397613428915,0.000353524402285203
"Cers5",-0.0288235864150886,0.998454033907698,-0.0260230206657222,0.999215727032816,0.0386371657135885,0.562207721609003,0.0250803363208452,0.933746005013471,0.0299758998437205,0.653358746371976,-0.110532589787711,0.00471274231943363,0.124754202062035,0.0445541779917302
"Cetn3",0.0584536392677157,0.998454033907698,0.0077114289083382,0.999215727032816,-0.103709548627027,0.302562080885889,0.0856430466046683,0.59116538911499,-0.0586980677228346,0.597331413833448,0.0697251129070224,0.294630240991944,-0.108960904396332,0.343683299002396
"Cetn4",0.00886296196731728,0.998454033907698,-0.0172220094165306,0.999215727032816,-0.0416630143375958,0.533832594201558,-0.00297196970911984,0.99429389708379,0.0805735486638887,0.197628584655369,-0.0732837743341108,0.0732549408974577,0.073697525846294,0.279938674269125
"Cfap298",0.102688093435864,0.998454033907698,-0.0671450151281414,0.999215727032816,-0.353815048256136,0.0251601574281387,0.251479882218543,0.206479001180007,0.302375602447338,0.112858636219005,-0.188396965414075,0.122590492451864,-0.127672361043966,0.550257785062091
"Cfap54",-0.00407420936848579,0.998454033907698,0.00811223247774784,0.999215727032816,0.07088625847087,0.195945487088418,-0.0385208866003346,0.762555300966406,0.0517445897356454,0.404796186770292,-0.118053863514948,0.00120767721452059,0.0417074508664486,0.527835126202187
"Cfap69",0.032720757207252,0.998454033907698,-0.0493741930674716,0.999215727032816,0.134385414437851,0.444711169848664,-0.0633008441843261,0.95747362166575,0.163819817694644,0.359078412559432,-0.465338925095365,6.72903255067088e-07,0.401374980813201,0.0177168847309674
"Cfap74",-0.0256863078937737,0.998454033907698,0.002133485132637,0.999215727032816,0.0834427395938458,0.382846225651696,-0.0481567118535424,0.86672815208466,0.0995578079332795,0.294011227158253,-0.201305174513627,0.000568419265352166,0.144919800028185,0.125997861552441
"Cfl2",0.171139788400053,0.998454033907698,0.0840936263840837,0.999215727032816,0.0441970619874792,0.844612757858315,-0.0784155916776244,0.912471636554691,0.145105555901015,0.430192583450449,-0.492083418917929,7.40128022365032e-08,0.147254640182273,0.446669601741303
"Cfp",0.102315022210702,0.998454033907698,-0.0213540579453249,0.999215727032816,0.101510723082713,0.305631718849686,-0.0622091972073426,0.785344684915395,0.00629075327606232,0.969862889431072,-0.214425545997909,0.000496615682066265,0.129721371286592,0.217811977308951
"Cggbp1",0.0721948933360514,0.998454033907698,0.00785599357614308,0.999215727032816,-0.302736492828134,0.0542516396225854,0.194481044757788,0.388026144259934,0.296062887603532,0.112858636219005,-0.0653085254000314,0.61706891433353,-0.401171784383671,0.0297134948685396
"Cgrrf1",0.0158266014107576,0.998454033907698,0.00778644342926504,0.999215727032816,-0.0163830821592046,0.867256359324339,0.063745784718659,0.610283014880579,0.0210301111810319,0.831816822113631,-0.163702596983682,0.000270142535450073,0.109800677500696,0.200862357826372
"Chchd10",0.171664220317319,0.998454033907698,0.0342205014992016,0.999215727032816,-0.605424232630781,0.0242494433483959,0.385384882939052,0.271179024401535,0.274455691370592,0.404331614852498,0.230217146532059,0.293878273164836,-0.916292940579197,0.00152876088206629
"Chchd2",0.114312332933979,0.998454033907698,-0.21696062011935,0.999215727032816,-0.688437527381214,0.0251601574281387,0.485568789036959,0.208362279093051,0.00818090068861954,0.992136731394584,0.773214031821345,0.000531216279967023,-0.795517544121494,0.0235578008109123
"Chchd7",-0.0203007130344496,0.998454033907698,-0.0272232451174585,0.999215727032816,0.0181553693256968,0.936122148254436,0.138565256287349,0.554300615511496,0.243431959576771,0.132291235929203,-0.315456716538205,0.000514407153929953,-0.104668875396681,0.572996679358472
"Chd2",0.0110596186954026,0.998454033907698,0.0508102972494875,0.999215727032816,0.0530980998794491,0.857868201781334,0.0949373983465884,0.933275418771506,0.208523954376408,0.394739351347916,-0.677073243403649,1.27424149209297e-08,0.389165742853013,0.106043466658009
"Chd6",0.0860190224636939,0.998454033907698,-0.0208699419966318,0.999215727032816,0.0859653717694466,0.622383947696218,-0.0439275689374621,0.98316950913374,0.092744691624745,0.588841545361486,-0.416562987798246,5.84205357846478e-07,0.343004515122379,0.0349652064388407
"Chgb",0.0882852487919665,0.998454033907698,-0.316990292072825,0.999215727032816,-0.300078895245285,0.108112239217879,0.381135685011742,0.11964975873391,0.102697770171196,0.653358746371976,0.265598607229291,0.061281837813798,-0.366412501817729,0.0898125030719149
"Chic1",-0.0186652322940314,0.998454033907698,0.00858941498858717,0.999215727032816,0.048585462130627,0.515636550015804,-0.0192982315074713,0.985437885648718,0.0649911563408189,0.381498645337899,-0.169177500593613,5.93794755751634e-05,0.137922530812131,0.0525513631973984
"Chmp5",-0.00786860924699084,0.998454033907698,-0.118511947033779,0.999215727032816,-0.316433806381242,0.0361622909104527,0.288335226848984,0.153153517081593,0.119467260133534,0.524191326271953,0.243605670201604,0.0357306475534076,-0.353980020355225,0.0486737648954965
"Chpf2",0.0761061968239585,0.998454033907698,0.00478172679806566,0.999215727032816,0.0734215682585277,0.55213984717755,-0.0187350800859181,0.99429389708379,0.0542313891805315,0.667027401124924,-0.281889509518444,1.36295245218948e-05,0.128720167912312,0.300448915838683
"Chrna5",0.0290648777603908,0.998454033907698,-0.0297391019783043,0.999215727032816,-0.0510842708432266,0.514873897894703,0.0354689565052242,0.891028981263456,-0.0598833174801261,0.441185463197296,0.0185072441218762,0.735051527607432,0.107644531792386,0.158606898116368
"Cinp",0.0945113001477914,0.998454033907698,-0.0219295378565092,0.999215727032816,-0.132882870903575,0.127051231717951,0.0787052054670861,0.619248957636607,0.0643417876723096,0.542055991905555,-0.122760108453961,0.0451193167404704,0.0468479293773982,0.685653011425069
"Cisd1",0.0471045630393135,0.998454033907698,-0.07001102217531,0.999215727032816,-0.329432898224483,0.0179565820084687,0.217250339463551,0.205400939359996,0.010026242099695,0.969862889431072,0.266503749522078,0.00609368574304316,-0.236071359890807,0.1486886985827
"Cisd2",0.0925878912342881,0.998454033907698,-0.0266794391666871,0.999215727032816,-0.176310905372449,0.227120976228886,0.115123654982614,0.689776166172695,0.12598618297068,0.453473829384694,-0.121498541428302,0.213811866912676,-0.0451087963897927,0.82020484767774
"Cisd3",-0.0215552316516606,0.998454033907698,0.0107497195355719,0.999215727032816,0.0581125592985197,0.603954656123563,0.00904281850620281,0.99429389708379,0.109465589984708,0.293546741242337,-0.1921234316723,0.00268858427724067,0.0267869324355916,0.826825292555578
"Cited2",0.279443426471956,0.998454033907698,0.441631884802581,0.999215727032816,-0.68909447462412,0.0275576593291387,0.412523708895481,0.351473353355821,0.369018850043711,0.337430898979329,-0.390622850829315,0.122601618404361,-0.914080741827605,0.0106982904288277
"Ckb",0.195748665161419,0.998454033907698,-0.306120837170964,0.999215727032816,-0.638329845432816,0.0361622909104527,0.665558517006867,0.0942716399609835,-0.0327221529021191,0.953492334043312,0.412578749702643,0.0774122327450076,-0.507002921098346,0.188044587714489
"Ckmt1",0.493768836030726,0.704736577890568,0.0460234510152397,0.999215727032816,-0.70634641957651,0.0275576593291387,0.499742638354069,0.217677468785926,-0.0986014619477842,0.832085469578865,0.317236001095863,0.226383636992603,-1.0502960902324,0.0028130542919378
"Clasp1",0.189657659811274,0.998454033907698,0.157314243702575,0.999215727032816,0.567735760505208,0.255465687918445,-0.217988668829606,0.929800898745576,0.381548821793971,0.488726382801778,-1.5888240769575,4.0183623952505e-10,0.726784836694412,0.187380047746852
"Clcn4",0.0956369418171008,0.998454033907698,-0.156693463759622,0.999215727032816,-0.188836054018514,0.155321661103605,0.257511863818981,0.121544333753561,0.00580501185596022,0.982823187352586,0.0636112515883003,0.520191214380514,-0.135740704033484,0.414524187449875
"Cldn7",-0.0423008380959987,0.998454033907698,0.0676143352415993,0.999215727032816,0.125177783205019,0.101554647833278,-0.0209809285657586,0.9935127750171,0.0619347866280398,0.49571471561268,-0.167986813143568,0.00225688913088805,-0.062236668428928,0.517308105378168
"Cldnd1",0.181875020394497,0.998454033907698,0.16211213378658,0.999215727032816,-0.220373671101537,0.239490778608952,0.139023243429481,0.727927574131582,0.173955944491489,0.404331614852498,-0.481369056787793,1.07674138172753e-05,-0.0152371211183739,0.953195399572227
"Clip4",0.0656488921494227,0.998454033907698,-0.102712625919967,0.999215727032816,-0.0263852919679985,0.925489385202405,-0.0245876756775055,0.99429389708379,0.234897591303092,0.257569194676968,-0.474240131779536,0.000136296109089364,0.54420165526794,0.00553661030006519
"Clk1",0.186788662324429,0.998454033907698,0.385177291459266,0.999215727032816,0.327659343382278,0.562894173945252,-0.218845660114654,0.929800898745576,0.673801552049175,0.196052155311325,-1.6481417125077,1.26921821714044e-10,0.290556052894902,0.620751155841229
"Clptm1",0.0528736708207243,0.998454033907698,-0.289182045605901,0.999215727032816,-0.45043486575472,0.0471439643212379,0.455088576387092,0.127831653019435,0.0133137238634702,0.975700818873845,0.474645727029667,0.00450320162015747,-0.408005273750986,0.137598167547376
"Clstn1",0.130826606506777,0.998454033907698,-0.751865705564685,0.999215727032816,-0.803570228024332,0.196539200985886,0.857882458575054,0.24805776095477,-0.413762539887719,0.567628545446338,1.740801165596,5.1411483845157e-06,-1.15752725949805,0.0896739877663677
"Clstn3",-0.0274835441471732,0.998454033907698,-0.000365418501364956,0.999215727032816,-0.00194662422976333,0.98077032175629,0.0466457469936223,0.609419578373545,-0.00183480177951567,0.987192072807732,0.0336417973061273,0.384543426774626,-0.0826567898047867,0.184610407662241
"Clta",0.288292865798921,0.998454033907698,-0.155363882943442,0.999215727032816,-0.507780621247422,0.0275576593291387,0.377067525311374,0.205400939359996,0.0914256029791995,0.782281292638377,0.0997254599066113,0.583094838919034,-0.375383787012845,0.21901915791485
"Cltb",-0.0289132782118315,0.998454033907698,-0.0308469505936518,0.999215727032816,0.0176289864041782,0.772411437808914,-0.0301491947489235,0.810949983850539,-0.0142806893729853,0.814635237689146,-0.00393523448194126,0.919511251380753,0.172542809078894,7.07436878219854e-05
"Cltrn",0.0477096727945695,0.998454033907698,-0.0423963300475229,0.999215727032816,-0.0336554773972896,0.554080234193256,0.0393824659756459,0.690594488126287,0.0488059697639199,0.381372882457643,-0.0318452355522639,0.402722087155017,-0.0584485806365387,0.294924134266789
"Clu",-0.0243753080609303,0.998454033907698,-0.220988972656779,0.999215727032816,-0.0478843262033643,0.809475608852202,-0.0597568494287601,0.953263882462959,0.193243017746797,0.22038613300821,-0.0622453524187865,0.58940383919745,0.41827979986799,0.00558902028031037
"Cnbd2",0.0663526243948327,0.998454033907698,-0.0343078121010361,0.999215727032816,0.0492890176444125,0.666076229038051,0.00151961250705868,0.996357979649697,0.0653788656574947,0.555177547980177,-0.264832504533508,3.06179376886188e-06,0.17947558951078,0.0945256234756442
"Cngb3",0.154318060564166,0.0297801544244479,-0.0488658901947283,0.999215727032816,0.0211892188622165,0.800923499290446,-0.0339069607760883,0.873920236356898,-0.0379036599679238,0.594137357369496,-0.0304789962149505,0.542320360179638,-0.0597317351270167,0.398395621672072
"Cnih1",-0.0372378404364292,0.998454033907698,-0.0610171040239282,0.999215727032816,-0.298484705777782,0.0275576593291387,0.272602089298899,0.136058318489962,0.100353243736584,0.561424203441729,0.196376926342019,0.0603189569708407,-0.294175412550876,0.0763596172559816
"Cnih4",0.113217432048337,0.998454033907698,-0.0479037997414871,0.999215727032816,-0.0988786362907823,0.490671265475818,0.151987420746877,0.357802385282148,0.0610200078285372,0.688245598970768,-0.107556964484091,0.245412314436404,-0.156347164234665,0.295963272552452
"Cnn3",0.00547823896763422,0.998454033907698,-0.0360562973751658,0.999215727032816,-0.00697546587499343,0.893585592765443,-0.0184016518407465,0.911231460039727,0.067213758034655,0.111509863836559,-0.0198763589549405,0.495999166369361,0.0146413115505752,0.754881516007386
"Cnnm3",0.110996825948906,0.998454033907698,-0.0206986038501968,0.999215727032816,0.0435580909004742,0.772411437808914,-0.0350152990850513,0.982872048454166,0.170688300536794,0.16808589331944,-0.341519229803997,9.71173084635876e-07,0.080381189704492,0.567013419699623
"Cnpy2",0.317417529898179,0.339718377287353,-0.136216342822475,0.999215727032816,-0.303502438944468,0.0563693521527913,0.252589757119007,0.205400939359996,-0.0192425304372704,0.944406902520101,0.0321876660710959,0.806823356589874,-0.289116823545324,0.137874720945099
"Cntln",0.0105422107844613,0.998454033907698,0.0448557501163054,0.999215727032816,0.15040169096126,0.316758966891509,0.0100944662049409,0.99429389708379,0.00543772587356406,0.985567147709682,-0.362656572413122,1.28457268292991e-05,0.216269948182937,0.189145381511214
"Cntrl",0.0252132679281464,0.998454033907698,-0.0462739281212373,0.999215727032816,0.0418448151848937,0.641372009531376,-0.0313028575800198,0.944151471891908,0.152482163699953,0.0478142799466464,-0.18245441183079,0.000264513430703436,0.052664996377678,0.552395177082885
"Coa5",0.086246874588966,0.998454033907698,-0.140246151039037,0.999215727032816,-0.139947982856097,0.145526502551521,0.147697824374145,0.205400939359996,-0.010249512574807,0.950089053381885,0.121684498207259,0.0888378919311277,-0.10616459114429,0.352969995704938
"Col1a1",-0.0246467398298269,0.998454033907698,-0.0423669177043542,0.999215727032816,0.100670704304279,0.0623918583067548,-0.0506044490037809,0.616881003652054,-0.0661408953139245,0.299273473151534,-0.0186638283965477,0.689608453374114,0.194889079327366,0.000426237508541824
"Col1a2",-0.0222171332301939,0.998454033907698,-0.0163063276156858,0.999215727032816,0.056145223676979,0.26869001171437,-0.053494735571412,0.422355493623331,0.00455969641597409,0.955872775159831,-0.0219131767428188,0.570918644680126,0.100401220138532,0.0527619200356839
"Col20a1",-0.0498324247300848,0.998454033907698,0.0146834932488221,0.999215727032816,0.210355464401878,0.0470339283235588,-0.0609933672858668,0.878860734103297,0.0377319340279989,0.796484658379378,-0.3007625442414,3.32100647437914e-05,0.24712410819528,0.0426682080051599
"Col26a1",0.0222260316725177,0.998454033907698,0.00893456649301816,0.999215727032816,-0.0236076553380377,0.666076229038051,0.0316530125171035,0.770249130587883,0.0100417599918153,0.869918713289452,0.00117563234819296,0.972526511181449,-0.0965630003301812,0.0543901562363251
"Col3a1",0.00172414270266719,0.998454033907698,-0.0199105748472329,0.999215727032816,0.0214450968577589,0.567327022974005,-0.0099888673916198,0.9788631557912,0.0151006840482603,0.694754037923317,0.0271371252887594,0.261177941283243,-0.0604878009478031,0.0879169600081884
"Col4a1",-0.0592943821101662,0.998454033907698,-0.0280019063967153,0.999215727032816,0.000772216457859742,0.995699509383796,-0.0828087776205591,0.723297641664212,0.0269207298906441,0.853380966528128,-0.119185058790735,0.150729377710899,0.475999685801342,1.134036957276e-08
"Col5a3",3.69340779734252e-05,0.999639854632032,-0.0701247043952591,0.999215727032816,0.0180044338054144,0.828451729130116,-0.0130318374759607,0.99429389708379,0.0237046499052348,0.752846359559095,-0.00178241939389082,0.969565580805449,0.0852464433578797,0.223118174018996
"Col9a3",-0.0287430243521275,0.998454033907698,-0.000247188642856271,0.999215727032816,0.0554032998587159,0.0703520363023099,-0.0128194962077733,0.958398978172115,0.0067688348631966,0.881120979341603,-0.0411608612789585,0.0845290252503891,0.0377493127653706,0.316169913080692
"Commd1",0.124494675161584,0.998454033907698,-0.167359615403738,0.999215727032816,-0.33531075624909,0.0738996901899268,0.355394287820744,0.153153517081593,0.0782521026807128,0.757877116271421,0.14301574044812,0.324935164588106,-0.35690225937492,0.126772848387584
"Commd10",-0.0269390046004967,0.998454033907698,-0.037575687774808,0.999215727032816,0.0572503490287119,0.661174310625095,0.0035779895729437,0.996357979649697,0.121482580567577,0.31193290006725,-0.240548105455958,0.000648543718720784,0.203147498078757,0.0899171772443652
"Cops6",0.0513873029880609,0.998454033907698,-0.0665874830575537,0.999215727032816,-0.319793768356957,0.0285523665424304,0.220869046866782,0.246369176671484,0.120859343300219,0.505545620990035,0.189566181108965,0.104954050877409,-0.348580652449384,0.0456165347324281
"Cops7a",0.0205852157210766,0.998454033907698,-0.0467283202799038,0.999215727032816,-0.202600723565604,0.0696001166750767,0.102599653338557,0.629753646310747,0.178363652776245,0.16808589331944,-0.024857699863972,0.780316182398433,-0.0593325587702069,0.697862764077052
"Cops9",0.06394960791005,0.998454033907698,-0.182928930056667,0.999215727032816,-0.335183089447985,0.0707056432808228,0.316530823016974,0.196687190978413,-0.117660439464535,0.607877063475039,0.459285045467209,0.000439312029739026,-0.318762471005124,0.153396546530888
"Coq10a",0.054440316958141,0.998454033907698,0.0693256223142692,0.999215727032816,-0.09986341523992,0.60625655224911,0.104052848855553,0.810949983850539,0.285398904779638,0.112858636219005,-0.382761629914462,0.000311749489771134,-0.120135627116956,0.547744818994825
"Coq3",-0.0236451229774901,0.998454033907698,-0.0208131202364911,0.999215727032816,7.33347387005256e-06,0.999880023723869,0.031517224401306,0.929800898745576,0.17182041725623,0.0120527318380573,-0.159138681259296,0.000883940265694904,-0.016872541256572,0.852201202683624
"Coq7",0.176075312386864,0.555962018292062,-0.0612950373710988,0.999215727032816,-0.152583082093894,0.143298956518374,0.0994231821572019,0.572775052891439,0.0644884547392447,0.602838521862026,-0.0277229045565759,0.738642803656592,-0.202772418287869,0.0873287494642683
"Cotl1",-0.0598925190504808,0.998454033907698,0.0591776738759622,0.999215727032816,-0.104750873636184,0.767957034341252,0.0633929729458111,0.99429389708379,0.429454298396857,0.143728952797748,-0.796096758015628,1.03790640296062e-06,0.650920869744781,0.0243180854283245
"Cox14",0.0489319058645999,0.998454033907698,-0.0808968258541574,0.999215727032816,-0.141382380376092,0.364410777889436,0.125777312183119,0.606547768824052,0.216031042262709,0.160990910866765,-0.136571143411631,0.170472656525411,-0.0801332928890572,0.657640822837033
"Cox16",0.118014029657517,0.998454033907698,-0.0490003866627676,0.999215727032816,0.0783206782952493,0.636005879661197,0.00601308578700477,0.99429389708379,0.106612175324414,0.498353960155436,-0.38295375057833,6.96268094980855e-07,0.173060929750301,0.293403861007903
"Cox17",0.0423164234698948,0.998454033907698,-0.120507050295532,0.999215727032816,-0.162181012902969,0.12056986095583,0.107857164204411,0.519984640352079,-0.0381651603557227,0.787195139770023,0.147272170362252,0.0474859674930325,0.0629742989980707,0.649282963270889
"Cox7a2l",-0.00433802018919605,0.998454033907698,-0.157980830727212,0.999215727032816,-0.341998735073734,0.0637599690382016,0.225077615378966,0.396951604563563,-0.0374931819592343,0.89204646761421,0.516491603252381,5.03635643999913e-05,-0.300676698315299,0.175505542733475
"Cox7b",0.0484447278283114,0.998454033907698,0.0353786080723946,0.999215727032816,-0.308528396328911,0.0251601574281387,0.194834400815887,0.289246836757334,-0.00660608740033441,0.982823187352586,0.150678749200316,0.136848044254959,-0.20776352807371,0.253657684619347
"Cox8a",0.0258790237521758,0.998454033907698,-0.204004563652535,0.999215727032816,-0.436280516722598,0.0887981903319253,0.28416533800576,0.471312588086041,-0.1421278375248,0.65285107274076,0.808728173236173,9.6047108790556e-07,-0.517670800624102,0.078731323544753
"Cpe",-0.191439845102735,0.998454033907698,-0.671845049774031,0.999215727032816,-0.944402925840051,0.10307000057799,1.05775491444719,0.159220399218964,-0.355501629674098,0.615118478712125,1.70658699300875,7.35905938448528e-06,-0.84471805406139,0.221481617717061
"Cplx3",0.244321100674841,0.47983625427211,-0.165230243406808,0.999215727032816,-0.0853515403596345,0.612655408544724,0.0376129332984119,0.993193144482628,0.144324338179997,0.367805894160864,-0.120377659108138,0.260303607497708,-0.132715588154448,0.427855261463303
"Cplx4",0.153028301486222,0.998454033907698,0.082530623957898,0.999215727032816,-1.0532589387839,0.0179565820084687,0.539787980392349,0.358424785278676,0.223154778382013,0.688425276646283,0.607561594608502,0.0445832513550853,-0.998276650253197,0.050036817047275
"Cpt1b",0.00378551112904463,0.998454033907698,-0.0269401111806152,0.999215727032816,0.0471963542702706,0.367068809315973,-0.0141338289815955,0.985343127659034,0.0316730871056657,0.565495122108804,-0.0849575211054654,0.011057761916929,0.0723291864521674,0.175742956089308
"Cradd",-0.00174431761804383,0.998454033907698,-0.016101164932443,0.999215727032816,0.0492981707539076,0.536501402350975,0.0332892370180525,0.914574629409573,0.104587664748817,0.159180039988072,-0.178353621961012,3.02546257214558e-05,-0.00338909266192444,0.973660077978693
"Crb2",0.0732412981037305,0.998454033907698,0.15112387513327,0.999215727032816,0.171658412601743,0.554024447403916,-0.0164123606500586,0.99429389708379,0.290293942324341,0.293546741242337,-0.858766551176056,2.05714795258483e-11,0.225453127221502,0.44540289673005
"Creb1",0.0746970808743286,0.998454033907698,-0.120894578685252,0.999215727032816,-0.0154079187941006,0.962060282787357,0.0792617131764597,0.964657454454587,0.203382604395514,0.410662561858239,-0.556141500618413,2.37673109949949e-05,0.550288231546036,0.0190000254054367
"Crem",-0.0376575407314551,0.998454033907698,-0.0182401396810018,0.999215727032816,0.0363504819848148,0.672539808968185,0.0268101041159965,0.964657454454587,0.145873527431027,0.054705572034034,-0.123414638403768,0.0167143003576323,-0.0653002107447689,0.439633568971159
"Crlf3",0.140086075357895,0.998454033907698,0.0734168394651058,0.999215727032816,0.138973507327865,0.67173495157905,0.185987117565343,0.777956814068731,0.279097304341528,0.366836954365544,-0.809732788052392,8.534326101184e-07,-0.132035413189113,0.692893117680814
"Crppa",-0.00339390327943456,0.998454033907698,0.0452823930734103,0.999215727032816,0.262398809493674,0.181702632265411,0.0134078230885671,0.99429389708379,0.162915010456286,0.468116014620761,-0.641973738972388,1.81379310645822e-09,0.22175833904949,0.330146235624346
"Cry1",0.0746767091666407,0.998454033907698,0.00895119367088792,0.999215727032816,-0.125578395893596,0.490671265475818,0.222655780536728,0.246369176671484,0.2495068356815,0.153169783092188,-0.284128289589233,0.00975276473031184,-0.318211564505437,0.0789722878482883
"Cry2",0.134572946283298,0.998454033907698,-0.00700039478071324,0.999215727032816,-0.130567862380409,0.444711169848664,0.0679975200726484,0.933275418771506,0.247121938983764,0.140045529844441,-0.400657343803259,2.46209026068439e-05,0.0949150348629642,0.616122168337936
"Cryab",-0.0353792293804424,0.998454033907698,-0.0108701949732258,0.999215727032816,-0.00866123749636688,0.859328694329012,-0.0132021457876029,0.96300529916161,0.0116303021033222,0.799292191014918,0.0148487984188074,0.5948370096073,0.0827125243489175,0.028613426149938
"Cryz",0.0357750258451447,0.998454033907698,-0.0312630681683582,0.999215727032816,-0.0158335569329166,0.709574078460926,0.0200025862336615,0.856411257068728,-0.0355806543538236,0.367805894160864,-0.0178539084117749,0.497130525243079,0.079396165354905,0.0369706853701334
"Cryzl1",-0.000495848005215738,0.999240856451399,0.0430266487754543,0.999215727032816,0.134930026802451,0.511056262137433,0.0156726012290325,0.99429389708379,0.140244428946987,0.494354893985178,-0.489564355534789,3.64721823454609e-06,0.22738872328399,0.281986542186186
"Csf2ra",-0.0529184139719764,0.998454033907698,0.0172653301695327,0.999215727032816,0.176350191811336,0.392340741404394,-0.130156033951274,0.769274392054539,0.0250893517771184,0.928157138429758,-0.411706344735402,0.00133371066436922,0.65212698431625,0.00019048393214597
"Cspg5",0.251214782117413,0.830092249645495,-0.180678564442336,0.999215727032816,-0.150968809285857,0.470533914771137,0.236123312735324,0.319321574687719,0.136099493242519,0.526058346779825,-0.067590360645169,0.639193200548541,-0.438232396163613,0.0317132279934743
"Cspp1",0.00963178842358192,0.998454033907698,-0.0822760870092798,0.999215727032816,0.549276289036129,0.24808830401706,-0.230733934383281,0.903716149601545,0.311618072751589,0.555177547980177,-1.40980371517335,3.23048234862694e-07,1.41744340146797,0.00172847235016731
"Cst3",0.343882379912658,0.998454033907698,0.213517113385628,0.999215727032816,-1.46335166459291,0.0179565820084687,0.812817578778176,0.289246836757334,0.202454422543091,0.806275454101437,0.884620350501975,0.0442643743604272,-1.81873448376637,0.00428245784041993
"Cstf3",0.0454983824104016,0.998454033907698,0.0515147810305744,0.999215727032816,0.0313931786819136,0.803427880691163,0.00457929129136392,0.99429389708379,0.0143862537921643,0.920243422405798,-0.265914476540403,9.47014113991349e-07,0.178397086449365,0.0880134621254488
"Ctbp2",0.218197691042418,0.998454033907698,0.116331796317531,0.999215727032816,-0.580055727418334,0.0546073224480373,0.313027017232308,0.552931057331601,0.470586820028227,0.201463409729984,-0.422411761341326,0.044321879573575,-0.317294913426329,0.44724720552958
"Ctbs",-0.0339267923243531,0.998454033907698,0.0235310760434675,0.999215727032816,0.0444625709400674,0.367986954814463,-0.000327725311849492,0.996750134958794,0.0236423814425867,0.652856133041692,-0.0811634192456907,0.0093794303663079,0.0365644764686185,0.495986035714759
"Ctdsp1",0.00626294472646904,0.998454033907698,-0.0019390200632432,0.999215727032816,0.0037371979659051,0.982392651726642,0.00122462500630904,0.996357979649697,0.0294986379449673,0.853717153724066,-0.240884518937815,0.00151154553076816,0.343023973701475,0.00534320659103368
"Ctdsp2",0.115061788603013,0.998454033907698,-0.0394348636825819,0.999215727032816,0.0936416866638443,0.677666756784268,-0.00213973867569384,0.996357979649697,0.396966635546635,0.0411233053173282,-0.46820412911329,0.000204967399653228,-0.245259547109173,0.248060835238629
"Ctnna2",-0.0130405638982168,0.998454033907698,-0.022800523972306,0.999215727032816,0.0496507543942872,0.118747095062474,-0.00292215085144589,0.99429389708379,0.0198853676884929,0.606944960943156,-0.0621886329066889,0.00679597009832967,0.0547008407813022,0.14330352374021
"Ctnnal1",0.0425765682446844,0.998454033907698,-0.0289091493017637,0.999215727032816,0.0317107919668522,0.809475608852202,-0.0830934566589284,0.638502368405745,0.204532346758916,0.0411233053173282,-0.222843490866582,0.000660525286019389,0.0720187872116914,0.538536791289825
"Ctps2",0.0609692289755858,0.998454033907698,0.00541446541074486,0.999215727032816,0.0229932407192792,0.794939947442231,-0.011103549352414,0.99429389708379,0.104514439307138,0.144261181371395,-0.139952438747629,0.00221258261283035,-0.103594619979028,0.156765518265747
"Ctsb",-0.0953727815628187,0.998454033907698,-0.278506324293851,0.999215727032816,-0.550577265306249,0.0678642717544144,0.691152148439302,0.0929333531466635,-0.0349697430333724,0.947014041346643,0.654490052836481,0.0030432907237426,-0.612448814309494,0.0844448405121481
"Ctsf",0.0783624387373623,0.998454033907698,-0.274942609490733,0.999215727032816,-0.268571956691161,0.252568202550063,0.471779271815321,0.0929333531466635,-0.0861465184525261,0.764306632546525,0.343531322192387,0.0260994345925378,-0.435502196358055,0.0914522418311254
"Ctsz",0.0266188626319434,0.998454033907698,-0.0491131773417398,0.999215727032816,-0.0694192255766374,0.0954730963744746,0.0691937615332385,0.197121845461924,0.0183453240677123,0.736343009777495,0.0414701187713324,0.205862156249092,-0.0640492413232162,0.201176517459741
"Cttnbp2",0.065929288255594,0.998454033907698,-0.0637981224404314,0.999215727032816,0.0602102141964682,0.538684115102292,-0.0200318575041529,0.99429389708379,0.0574012612345478,0.555177547980177,-0.223136911030622,5.44778579734193e-05,0.199844187995435,0.0251627909636637
"Ctxn1",0.0629715731534184,0.998454033907698,-0.0680400296011855,0.999215727032816,0.096434098095845,0.387308476769548,0.0304309506198597,0.982872048454166,0.101586876140794,0.375676583252839,-0.281458625441696,4.5227098891362e-06,0.0734484135449379,0.551229440144673
"Cuta",0.075303697032031,0.998454033907698,-0.0862715526955987,0.999215727032816,-0.202217772267855,0.102997549827623,0.0605832438108458,0.924753929245742,0.0710628360629984,0.640320626514286,0.232583253168064,0.010702783485004,-0.257620853478778,0.0729308400038746
"Cux1",0.0205425481945625,0.998454033907698,-0.172800448416383,0.999215727032816,0.0564695108019906,0.808806349428765,0.0870950713677476,0.903282388901035,0.15642838048439,0.430192583450449,-0.367842016605993,0.000761886774067551,0.373281184375624,0.0566255796700717
"Cxadr",-0.0149497780744218,0.998454033907698,-0.0335321725636917,0.999215727032816,-0.0471948309677286,0.637028144257865,0.064592725969517,0.714280289649848,0.120958692285225,0.177235991567234,-0.159443157823174,0.00388295575696022,0.110704457108471,0.255898391279132
"Cxxc5",0.157108533997507,0.998454033907698,-0.0299734966685137,0.999215727032816,-0.249474206895257,0.157831979380763,0.246991310125851,0.246369176671484,0.298623893153951,0.125905095723752,-0.345328985020068,0.00473144320791994,-0.209196873162272,0.309631526619556
"Cyb5d2",-0.0479605880626439,0.998454033907698,-0.0246401460333889,0.999215727032816,-0.0429481075102416,0.666591176334781,0.152765710332762,0.140334140197795,-0.0585977735160104,0.539123237063319,-0.0959291860896676,0.120825978888935,0.212183375245105,0.0153677510305831
"Cyb5r1",0.0955353965910482,0.998454033907698,-0.0291158258658029,0.999215727032816,-0.00251560430824105,0.990817526494092,0.0988238654637113,0.775536228964715,0.187658290017766,0.239931491208865,-0.352948461397476,8.82625650481111e-05,-0.0477039114427663,0.801701352295727
"Cyfip2",-0.0317481555491095,0.998454033907698,-0.0186651771734634,0.999215727032816,-0.133381464348096,0.182586928860138,0.170087559872912,0.165996951983774,-0.0398294358879672,0.748744341625195,0.0999588719767908,0.164673589806457,-0.0710617684330386,0.569668298079972
"Cyld",0.0520192981952727,0.998454033907698,-0.013777437821197,0.999215727032816,0.033038810006272,0.867256359324339,0.0480268215080313,0.974185554464106,0.261662838019627,0.109879036233215,-0.412432478870034,2.27959452551699e-06,0.00141412708190791,0.993750156973101
"Cyp4v3",-0.0999461032858115,0.998454033907698,-0.0039700346708702,0.999215727032816,0.202631972928874,0.0784699848042855,-0.0197445437975367,0.99429389708379,0.0112300024818647,0.956799053596632,-0.289350974387084,0.000455343195714367,0.348429040172301,0.00479490042836524
"Cystm1",0.00403367851368003,0.998454033907698,-0.0212366219205306,0.999215727032816,-0.00942139072325493,0.954446683076476,0.0391405898745446,0.974185554464106,0.202889303020849,0.111509863836559,-0.201236794539718,0.00930306223518057,-0.0520572770526238,0.718527205415694
"D10Wsu102e",-0.00404445304776083,0.998454033907698,-0.00905911362141759,0.999215727032816,0.129075015272618,0.22386960459912,-0.0248428269882752,0.99429389708379,0.0423719224890322,0.738860448768108,-0.288691689504809,4.54669772066994e-06,0.255418067958836,0.0214702928353985
"D16Ertd472e",-0.09145685487037,0.998454033907698,0.266374143568201,0.999215727032816,-0.259796549401411,0.144838312573252,0.167829844781737,0.583191722524834,0.177198637154625,0.394739351347916,-0.219619197287665,0.0932714768355915,-0.12207255850968,0.588945897193493
"D3Ertd751e",-0.0313719210262859,0.998454033907698,-0.0143302698853525,0.999215727032816,0.144604953998505,0.263058457031515,-0.0511158302064652,0.946885188414384,0.0171605866136062,0.926698817797873,-0.286180776463505,0.000356018589077892,0.381497133635153,0.00273647923169718
"Daam1",0.154981306391376,0.998454033907698,-0.0524171978621206,0.999215727032816,0.0196297238784924,0.923572901104006,0.147475228822602,0.442243666819083,0.0405047687276259,0.825884379540083,-0.329311070514377,8.10715247966216e-05,-0.015687676478632,0.938048083452832
"Dab1",-0.00538975084809662,0.998454033907698,-0.0329090660533203,0.999215727032816,-0.00864078201797724,0.888106124701941,-0.0332797723357616,0.743521923144373,0.0286695828630419,0.583782196119275,-0.00967056691494494,0.790831442525564,0.114235796284039,0.0150555627509766
"Dab2ip",0.0284731317928264,0.998454033907698,-0.0339429894888005,0.999215727032816,0.0353534482348757,0.483099451284378,-0.0382808619069144,0.629753646310747,0.0501802227604804,0.314418894057236,-0.0597228350023153,0.062628533088152,0.0257612724690507,0.637067312038366
"Dach1",0.0924083756653106,0.704736577890568,-0.0811153644486058,0.999215727032816,-0.00947183650569072,0.92112889114888,0.0875816671568947,0.256097427660972,-0.0650886216720683,0.374270297576311,-0.0703432413314595,0.139813601360305,0.0744459126792523,0.314359767683562
"Dad1",0.00114328806150238,0.998454033907698,-0.103398067245474,0.999215727032816,-0.280146905627625,0.0287888280612571,0.252169448768939,0.152658712637137,0.0573913439337007,0.741923731003288,0.221835995646169,0.0218973294459001,-0.247113753817489,0.125162647428228
"Daglb",0.100553264775732,0.998454033907698,-0.0421643669065621,0.999215727032816,-0.0175230375510338,0.902166181877767,0.0839811678090889,0.659673425310004,0.0532958308455797,0.656368749883662,-0.197542689855898,0.00213582781291223,0.00407033963865699,0.978502026039745
"Dap3",0.0207361316756983,0.998454033907698,-0.00385856039020793,0.999215727032816,-0.0731501717926215,0.381579574862142,0.0718262677304145,0.552931057331601,0.0900656920888827,0.28995734393645,-0.112105766193617,0.0245583991533773,-0.00631619619540524,0.954925284341663
"Dars",0.0723412565709319,0.998454033907698,-0.00679298429639441,0.999215727032816,-0.0277570065066359,0.86126569235887,0.0695500115920961,0.845014433213877,0.0793340972159734,0.561711304001562,-0.276566959185832,0.000148232292077167,0.123963215221207,0.377570449629304
"Dbndd2",0.140267594468554,0.998454033907698,0.0146492107370273,0.999215727032816,-0.24407506082694,0.0998157044926459,0.191159256009598,0.339360969824442,0.111419263836736,0.538408290264494,-0.0208532979972891,0.862097502198336,-0.38085879769658,0.027521683167515
"Dbp",-0.0343857656200317,0.998454033907698,-0.00217774605669019,0.999215727032816,0.0118812867925646,0.907926394064842,0.0804600340145919,0.423315119045313,0.103030539759842,0.193180127765869,-0.161127157278722,0.00057290458576679,-0.012195149568426,0.902153343254648
"Dcaf17",0.062617240698917,0.998454033907698,-0.0622474060574121,0.999215727032816,0.0802757422943977,0.579796055685541,0.0386143993162733,0.9788631557912,0.0353130510347884,0.831816822113631,-0.325544500473349,2.02368767953958e-05,0.276533496176328,0.0403467620024768
"Dcc",-0.0234688119200749,0.998454033907698,0.0182934640072667,0.999215727032816,0.109232080045151,0.0503873335654658,-0.0233424401621742,0.958398978172115,-0.0128841159595888,0.8719032667614,-0.114732853379965,0.0061619231761603,0.0766610930599421,0.255898391279132
"Dck",0.035321767480307,0.998454033907698,0.0169397666295964,0.999215727032816,-0.09691992326947,0.0796157520275356,0.0627285892964773,0.452821833361813,-0.020231466558695,0.793876744885551,-0.0074735279808188,0.865801951579342,0.00979159481866887,0.904096812638868
"Dclre1c",-0.0162584347647419,0.998454033907698,0.0251463782152294,0.999215727032816,0.012483114645449,0.870600500039701,-0.0258048874911263,0.929348301951428,0.0290938323374522,0.658327809479548,-0.126475612698997,0.00103236135344184,0.172065267477263,0.00215290432268358
"Dct",-0.0867493809885625,0.998454033907698,0.0026597552527147,0.999215727032816,0.10996469093021,0.13793787870436,-0.0337287334546917,0.933275418771506,-0.0484555896754753,0.582976613116151,-0.0674881840059948,0.248470401619794,0.232553874487733,0.00205674686680549
"Ddhd1",0.228876483178984,0.998454033907698,0.0283864206526765,0.999215727032816,0.52153846187481,0.350036427125659,-0.0526151774257806,0.99429389708379,0.466674571366197,0.428805749681664,-1.73761827568455,8.39394110161289e-11,0.776580631681178,0.181251818639036
"Ddit3",0.123490089074377,0.998454033907698,-0.0548384269304172,0.999215727032816,-0.297951577723643,0.0251601574281387,0.163861160537403,0.396951604563563,0.255369096937023,0.111509863836559,-0.106029944120602,0.322890973948963,-0.186853046757184,0.266331969066943
"Ddit4",0.0985655220928865,0.998454033907698,0.48672371307346,0.999215727032816,-0.347410780822059,0.250898442196689,0.0471614191961129,0.99429389708379,0.511297371578274,0.112858636219005,-0.781203602832299,2.36312684211853e-05,-0.188123071357726,0.5941341668909
"Ddx1",0.165987663593754,0.998454033907698,-0.0507780245668445,0.999215727032816,-0.334065707555967,0.0678642717544144,0.323937183018927,0.178067897665765,0.111479312539232,0.628727311705398,0.0382895974739825,0.796566093061407,-0.487853602535741,0.0252046526861894
"Ddx10",-0.00947222177711571,0.998454033907698,-0.05065761078539,0.999215727032816,0.161006920163244,0.335193346090157,-0.0273891655401624,0.99429389708379,0.0853531972693986,0.628727311705398,-0.434861169915503,6.20454190767618e-06,0.464893740148101,0.00252418410053863
"Ddx17",0.145840917385533,0.998454033907698,0.14596916975035,0.999215727032816,0.57158696566373,0.33600088007969,-0.206907794099924,0.96300529916161,0.439931108523947,0.48780638331417,-1.79676872299563,5.98176096908273e-10,1.05667855485549,0.0840414883590349
"Ddx19b",-0.0188017305273469,0.998454033907698,0.00545759717511585,0.999215727032816,-0.0830604729944708,0.335478913777766,0.0333037108938696,0.944151471891908,0.079494604231849,0.384379724764871,-0.076309217067253,0.179395168226058,0.0996539482994852,0.291112888408722
"Ddx3x",0.227517988089384,0.998454033907698,0.210239688953643,0.999215727032816,-0.460400238304122,0.0428972760333597,0.238029215376439,0.536630520466968,0.31897981995932,0.238604570371515,-0.344896035714249,0.0432691177976021,-0.447657562735711,0.108667257162974
"Ddx3y",-0.0185246648970386,0.998454033907698,0.0363580885389885,0.999215727032816,0.0172078081848063,0.894139897266593,0.0176437888737542,0.99429389708379,0.095558704488678,0.366075784610317,-0.242996564363408,3.3562658692193e-05,0.143683022015343,0.175505542733475
"Decr2",0.0321189261552561,0.998454033907698,0.00274027917628084,0.999215727032816,-0.0346056880371162,0.741130081940194,0.0935392363986368,0.394127357801898,0.0364156767357977,0.722958103332919,-0.17573259806179,0.000412595764416282,0.0581986648719562,0.582809707008731
"Dennd1b",0.0449011641989578,0.998454033907698,-0.00259243180930946,0.999215727032816,0.0329792350783462,0.808806349428765,-0.00415785270803182,0.99429389708379,0.106776725557217,0.354464655883518,-0.212877911787076,0.000729074821747847,0.033749333473036,0.801603305739898
"Dennd5a",0.102779040426108,0.998454033907698,-0.157327282677412,0.999215727032816,-0.285792544117338,0.0586203067755569,0.235269934099852,0.216014991944317,-0.00215438701824433,0.994004963087202,0.246874697887722,0.0262079335626248,-0.232430310321683,0.225673730261596
"Dennd6b",-0.0299491654747213,0.998454033907698,-0.0787112942280266,0.999215727032816,0.295319267074937,0.123189333181503,-0.0618321896939595,0.9788631557912,0.252793382071296,0.242335852214514,-0.5848253113583,9.6866062249883e-07,0.325327683406659,0.146187636020414
"Depdc5",0.0251797078116103,0.998454033907698,-0.078525719148816,0.999215727032816,0.0534302028650555,0.654017423842551,0.0190787077310748,0.99429389708379,0.085245950486682,0.449492141790059,-0.231166823309462,0.000276100895658949,0.210045317513432,0.0526064125501993
"DEPRECATED-ENSMUSG00000031144",0.214860631947158,0.998454033907698,-0.115103652707593,0.999215727032816,-0.400777452316591,0.158482247456971,0.503928410088723,0.153153517081593,0.00825942654437561,0.989887543934699,0.106757819246901,0.642571710385919,-0.595399928105997,0.0559988596570133
"Desi1",0.165889426615447,0.998454033907698,0.0542565034458978,0.999215727032816,-0.202573918996699,0.477398687064956,0.182417546255426,0.756182652981305,0.454916614674453,0.112858636219005,-0.572023852769647,0.000204967399653228,-0.254605958637924,0.420974681286434
"Dexi",0.0654055201023229,0.998454033907698,0.00204489918279194,0.999215727032816,0.0580335822865357,0.752652056662822,-0.0072317036060936,0.99429389708379,0.117944805693757,0.468116014620761,-0.431439528227998,3.36518593162107e-07,0.301087453403641,0.0522237199391544
"Dgkd",0.307457282772685,0.998454033907698,-0.190728768304952,0.999215727032816,0.0795854316026483,0.824046155732103,-0.0576306664181512,0.99429389708379,0.308186597226068,0.288902014769631,-0.729862844996574,2.39367885118764e-06,0.415132623172964,0.165199918635127
"Dhcr7",0.24400877551137,0.214401636471419,0.0320088655664346,0.999215727032816,-0.0864418700184575,0.54650715031021,0.110412219348367,0.603608983431796,-0.0933009611987428,0.507786630660293,-0.186324961214776,0.0310086253403852,-0.0885235083084699,0.562405538533453
"Dhdh",0.30581490981581,0.339718377287353,-0.138329716418313,0.999215727032816,-0.103035477900801,0.597432423446952,0.167073156262285,0.495307588075204,0.0740054552365392,0.710545866925912,-0.275505840887271,0.0142795914930738,-0.11228888721178,0.581336730551016
"Dhrs3",0.417166526827989,0.579669996065745,0.0106209746539681,0.999215727032816,-0.292809419877869,0.263058457031515,0.266729202074013,0.459043867830558,0.153691974758223,0.608018531915617,-0.493597212046162,0.00189865031241128,-0.226643926535379,0.473511092057427
"Dhrs7b",0.0204210615972449,0.998454033907698,-0.0580910735332728,0.999215727032816,-0.0582879023218401,0.402954717092627,0.091879484952994,0.215299234403025,0.0804402621481341,0.249547802692144,-0.0327318082127194,0.490458727396512,-0.0841639402365083,0.262356801133448
"Dhx57",-0.0147055360579248,0.998454033907698,-0.0319514892951388,0.999215727032816,0.0861371188125422,0.554080234193256,-0.0154339303589537,0.99429389708379,0.158387568026422,0.241515781807631,-0.320680478423878,9.51483958792135e-05,0.220515225115932,0.106332550371092
"Diaph2",0.0185895420344611,0.998454033907698,-0.0192009922006549,0.999215727032816,0.0639211025777031,0.322820082696438,0.00594033680741141,0.99429389708379,0.0945941400630811,0.146129414708765,-0.140199600256248,0.000385645333113217,-0.0605093131018368,0.386118284769105
"Diaph3",0.0107537097343957,0.998454033907698,0.029646416330845,0.999215727032816,-0.0362707274155176,0.626918883292397,0.0510833685198583,0.672709018249881,0.0858636201030763,0.196052155311325,-0.103119434399488,0.0210890383301701,-0.0879513236035006,0.20834169157731
"Dipk2a",-0.00694431636333309,0.998454033907698,-0.0148015124557838,0.999215727032816,-0.0214691498453576,0.771212098236773,0.0352605617200571,0.819623452700831,0.128870044408307,0.0265700561915373,-0.0882211312388044,0.0265059018297092,-0.0712825347421671,0.273009464278648
"Diras2",0.00986806770237858,0.998454033907698,-0.06877831124477,0.999215727032816,0.0127999618140056,0.878547120406528,-0.054869320084825,0.59722427609848,0.0913232370746774,0.155616226249393,-0.102392808773015,0.0199776213895035,0.197751250724375,0.000713219518523851
"Dis3l",0.0600737331584202,0.998454033907698,-0.0151029145289445,0.999215727032816,-0.0136189753874895,0.875413517488172,0.0256385752239316,0.954394253302962,0.0203996901794986,0.806789260247215,-0.142546577237532,0.000635282026976163,0.0974600738698232,0.177675084588253
"Dixdc1",0.0528575634758051,0.998454033907698,0.112286533204334,0.999215727032816,0.237878969683084,0.406030284080878,0.00156506773222054,0.996750134958794,0.215211057128045,0.474006067532262,-0.843391504305001,2.40507062076136e-09,0.299559889180131,0.325116635613513
"Dkk3",-0.0613368279327781,0.704736577890568,-0.0133254757348217,0.999215727032816,0.0605052153891741,0.128622227118051,-0.0174375580277777,0.94410847522641,0.039455128379833,0.40386146902003,-0.035165461932598,0.258756544111348,0.0545806391387712,0.247852125890608
"Dlc1",0.288432284783809,0.704736577890568,-0.000396597800605747,0.999215727032816,-0.272359782599272,0.172962710128071,0.099357845219963,0.907252249693684,0.345505430589089,0.117652960128263,-0.434034807716939,0.000892038934361686,-0.142934063724823,0.568554675396605
"Dmac2l",-0.026139132360198,0.998454033907698,0.0169916372649255,0.999215727032816,0.00306328100045739,0.965010692756667,0.0373297287594379,0.669820473246984,0.0149307243002729,0.799882150229653,-0.074968023857405,0.0187614108634947,0.0454516221861502,0.393789729409004
"Dmd",-0.00201483313887429,0.998454033907698,0.13568983387178,0.999215727032816,0.230754097696563,0.398587720137028,0.000524784804324163,0.998320195226683,0.23812178217456,0.413566363246331,-0.736063842571102,5.21161366148304e-08,0.148626651710766,0.641992210306218
"Dmpk",-0.0105653049627847,0.998454033907698,-0.0227553773639276,0.999215727032816,0.125385880820781,0.0275576593291387,-0.0350109401394888,0.863707855182697,-0.00107470101623625,0.994004963087202,-0.118395939077589,0.00708741459528063,0.107042618115047,0.112928932481848
"Dmtf1",0.128945603895843,0.998454033907698,0.0334397739777647,0.999215727032816,0.116988935633794,0.675182693543645,0.0290496402387678,0.99429389708379,0.363011352940149,0.150782453452719,-0.764577791936898,2.08513957581887e-09,0.0616586845700753,0.840712823635928
"Dnaaf1",0.00406803424201851,0.998454033907698,0.00266178360443792,0.999215727032816,0.0308676406742854,0.61858093293281,-0.00870783422344662,0.99429389708379,0.0490660794706578,0.404331614852498,-0.120547588274588,0.000566477228135716,0.0635025550344537,0.279989809427792
"Dnah9",-0.148637098743583,0.998454033907698,0.141227930662821,0.999215727032816,0.350657113518511,0.158482247456971,-0.0996993202729417,0.958398978172115,0.15879145593692,0.588301321897968,-0.756119566619193,6.34950490891873e-07,0.57226557633328,0.0335944546175137
"Dnajb1",0.0379323857709216,0.998454033907698,0.109501858177803,0.999215727032816,-0.298449588950345,0.0829513251422486,0.0621081752354766,0.974185554464106,0.464872299905798,0.00680252983902835,-0.368585475513847,0.00345282112654518,-0.0851594854217961,0.7037157439306
"Dnajb11",0.0409898411807141,0.998454033907698,-0.108240902459164,0.999215727032816,-0.258956579627059,0.0546073224480373,0.247195760846341,0.163391880405163,0.0601011073632521,0.739674549402835,-0.0430341400239782,0.692577026399453,0.1068897218264,0.558184051483817
"Dnajc10",0.0641044825734444,0.998454033907698,-0.165105955633926,0.999215727032816,-0.0632835382909712,0.67173495157905,0.142883264747433,0.394918479242856,0.130868472879511,0.362307315228179,-0.202398015710616,0.0143878991200742,0.150835319396101,0.316846035704562
"Dnajc27",-0.0445333358708198,0.998454033907698,-0.0394293295378703,0.999215727032816,0.17638469235967,0.398587720137028,0.0246408593587879,0.99429389708379,0.269414470671833,0.188249465578525,-0.517212159066035,9.6341777124055e-06,0.187678725251987,0.404819173638879
"Dnajc9",-0.0194760944506322,0.998454033907698,-0.0527645422811054,0.999215727032816,-0.188411398518765,0.0507087081819207,0.184943722416465,0.152658712637137,0.132299221108651,0.241132102667954,0.0793003946744348,0.311122342907997,-0.240975998713333,0.0309310463093977
"Dnase1l2",0.0387361608072654,0.998454033907698,0.0238841319166149,0.999215727032816,0.112438417817948,0.119299805568638,-0.0663701311953044,0.609419578373545,0.0291552395573502,0.75336535586238,-0.193455769508303,6.76322509147229e-05,0.0756252095732126,0.385355278850368
"Dnhd1",0.00150943796712522,0.998454033907698,-0.0434891552247261,0.999215727032816,0.0880262779332415,0.313824003740233,-0.0381395845734446,0.921514309687095,0.132522547988899,0.132213944090311,-0.203950201543605,0.000141364985804775,0.0962892110910996,0.292229485376869
"Dnm3",-0.0108488475598805,0.998454033907698,-0.0653531510344005,0.999215727032816,0.223444208719562,0.315261544518274,0.193636321795242,0.572775052891439,0.0677997256265139,0.80911591224824,-0.524480074532548,8.76977077034472e-06,0.162674030142008,0.545679042926628
"Dnmt3a",0.0552447815506543,0.998454033907698,-0.0549545261397562,0.999215727032816,-0.620070142424007,0.027932745661871,0.510204231715063,0.178067897665765,0.163850147999735,0.656368749883662,0.415848579766033,0.0548339422256476,-0.835246614761598,0.0129982676210311
"Dnttip2",0.0681184964346553,0.998454033907698,-0.0681933868129287,0.999215727032816,-0.339912216666968,0.0316671997501756,0.156760539085099,0.591931275820102,0.373112784485501,0.0411233053173282,-0.221545104070122,0.0678438367738125,0.0164498673117879,0.947677179052123
"Doc2g",0.0239240362513716,0.998454033907698,-0.0347314686331894,0.999215727032816,0.140648195721677,0.0790490576022024,-0.0429182407522546,0.903282388901035,-0.0251809280789412,0.821483984093971,-0.177214326219729,0.0024003959447895,0.195938913649492,0.0309310463093977
"Dock6",0.0334949806485434,0.998454033907698,-0.045521655275669,0.999215727032816,0.0025614433042169,0.967849488646794,-0.0221007687501391,0.874007161394681,-0.00173543945790461,0.982823187352586,-0.0536103059501244,0.0741391224532435,0.154093829276931,3.31346880826821e-05
"Donson",-0.0477938823377878,0.998454033907698,0.0214194677293159,0.999215727032816,0.101419111796362,0.390315061957028,0.0141838954600709,0.99429389708379,0.129237512752656,0.266176010508261,-0.216493953206139,0.00281345855741355,-0.0255652238481736,0.852745552784316
"Dpf3",0.154804319578376,0.998454033907698,0.0840932486325165,0.999215727032816,0.372431583222108,0.457561869437309,0.101175615801863,0.99429389708379,0.366509571264592,0.480503267452081,-1.50350797487502,1.53045476818999e-10,0.584193016178898,0.261011590948992
"Dph5",-0.000501773745506418,0.998454033907698,0.0331486713291277,0.999215727032816,0.00215267812872022,0.972490512108221,0.00169684467667208,0.994341865819917,0.0346118745784472,0.479664699765315,-0.086879208115864,0.00197954359436158,0.0155628613768892,0.771358037933724
"Dph6",0.0562404079914438,0.998454033907698,-0.118960033566412,0.999215727032816,0.175214075028181,0.335427781214935,-0.0233229535413639,0.99429389708379,0.149124375763928,0.434505094690361,-0.488902169774872,8.10292425352215e-07,0.409687726303055,0.0244032342698649
"Dpy30",0.114366067799485,0.998454033907698,-0.00785242987969137,0.999215727032816,-0.118088972890314,0.584435400376842,0.215848863599845,0.370823892785078,0.302328178028919,0.136211349067089,-0.434468539062275,0.000158055080770136,-0.203240387301784,0.354031103288103
"Dscam",0.125652709010695,0.711624018138508,-0.0241286679358149,0.999215727032816,-0.00276969418601236,0.983108855339137,-0.0368654758807798,0.950949596779617,-0.00798032837098117,0.957084603226507,-0.162517808272833,0.0111555643972496,0.169560739346909,0.0823484909681069
"Dsel",0.0254385066994997,0.998454033907698,0.0148939717997342,0.999215727032816,0.00339775028713796,0.944555886258791,-0.0185112085559236,0.878860734103297,0.000703258013483476,0.994004963087202,-0.0514162660033947,0.0364062802881331,0.0369868875078464,0.355941347760382
"Dst",-0.0478852574356095,0.998454033907698,-0.0241530479994789,0.999215727032816,0.0433711703591784,0.605770908402976,-0.0137920527223734,0.99429389708379,0.0491038611371346,0.54317586919875,-0.146769384981759,0.00306787003729951,0.248176397323469,0.000178602239490926
"Dtnbp1",-0.057969981614501,0.998454033907698,-0.0357389121171869,0.999215727032816,0.0275172819867024,0.663218894592562,0.00502718925454748,0.99429389708379,0.0426987535061916,0.481803136931886,-0.0290135656927799,0.45991165335042,0.0931783655144474,0.124200879875662
"Dtymk",-0.0103836827152142,0.998454033907698,0.0989843769183376,0.999215727032816,0.059938075666452,0.768075979531266,-0.0160653788145595,0.99429389708379,0.111567676492844,0.535290798538195,-0.444313719764775,9.51188823599371e-07,0.308943387849924,0.0780358175006794
"Dus3l",0.0400141863678642,0.998454033907698,-0.0735147098486873,0.999215727032816,0.181373064513627,0.484304996246356,-0.0273619239526849,0.99429389708379,0.436509063742301,0.0823998175398345,-0.671193918510012,1.63049629154647e-06,0.13007997936692,0.639247984492256
"Dusp1",-0.0281028903105487,0.998454033907698,0.151910537141202,0.694702566362972,-0.0578030463569191,0.514873897894703,0.0227703222450136,0.985437885648718,0.105872862100005,0.19804952148684,-0.111876473004151,0.0470959068610626,-0.178536960109596,0.0304021122453948
"Dusp11",0.251595464990133,0.998454033907698,0.0810793513908008,0.999215727032816,0.36833303418284,0.440896103707626,-0.0182684543763809,0.99429389708379,0.277374750639869,0.58215030142659,-1.50346647130641,1.13141471688202e-11,0.794315511291265,0.0932171310268325
"Dusp12",0.0383485542013735,0.998454033907698,0.0406134930716666,0.999215727032816,0.0451351589343919,0.709996660618398,-0.0508266859071291,0.892934948484761,0.151884466002089,0.153235360805055,-0.260294932649718,1.5323370150541e-05,0.0250123587746552,0.849804481773895
"Dusp26",0.00393581341341043,0.998454033907698,-0.103837242938978,0.999215727032816,-0.150002057370328,0.0796157520275356,0.083513982478135,0.5864376307172,0.0378217029982277,0.736343009777495,0.103466911989279,0.119676822073208,0.0626047353496233,0.575240846140086
"Dusp5",0.175911716539622,0.998454033907698,0.053673452801657,0.999215727032816,-0.222230468778816,0.242895288954799,0.0854742828421777,0.924753929245742,0.38793851933484,0.0411233053173282,-0.367263735627736,0.00370944912640125,-0.287398308829159,0.162301264310558
"Dusp7",0.110201803603864,0.998454033907698,0.277921206575389,0.999215727032816,-0.522390787820044,0.0439672771550391,0.342406654711668,0.339360969824442,0.419750087937835,0.159300485057555,-0.372126605131796,0.0678071506535666,-0.569174113149904,0.0621087134102448
"Dusp8",0.195055650056251,0.998454033907698,-0.175330536955191,0.999215727032816,-0.70311007284027,0.0107335074866885,0.314246474504046,0.372981256815521,0.390988259355996,0.181014130591593,-0.075525332408246,0.711630405682185,0.0608714432533076,0.866207507685448
"Dxo",0.0428416118732287,0.998454033907698,-0.0119203143752816,0.999215727032816,0.0112060342548643,0.946456096931731,-0.0461655703628089,0.958398978172115,0.0936240535877713,0.481803136931886,-0.312395223433864,1.64978272778447e-05,0.36870766312587,0.00181847479598026
"Dync1li1",0.432887604666881,0.711624018138508,-0.0563522512697234,0.999215727032816,-0.159876724750073,0.661174310625095,0.0487717049188068,0.99429389708379,0.352912305153323,0.299855189475264,-0.82093851081136,2.69708303915041e-06,0.225305523625971,0.552395177082885
"Dynll2",0.125434572562654,0.998454033907698,-0.147003670195181,0.999215727032816,-0.494788486562252,0.0385951743652679,0.485848075316611,0.127831653019435,0.30651413327882,0.284988469136394,0.102420113898055,0.612673812803783,-0.70246515134805,0.00982205098214581
"Dynlrb1",0.139061273744862,0.998454033907698,-0.190976541087445,0.999215727032816,-0.410144112029405,0.0285523665424304,0.396263250565826,0.11964975873391,-0.0313121490293418,0.920243422405798,0.311594036034523,0.0327299094096904,-0.365972743927273,0.11014659859192
"Dyrk2",0.391531574215813,0.998454033907698,0.04242680586659,0.999215727032816,-0.487737888828959,0.163553503217709,0.256664081040829,0.755603821328566,0.613937316879174,0.117204021196557,-1.00465779268519,2.33426782829798e-06,0.16064738736573,0.718527205415694
"Dzip3",0.0626458979350243,0.998454033907698,-0.0192291802725927,0.999215727032816,0.0324196281061683,0.61631632197275,-0.0339459382669048,0.819623452700831,0.0323892019472473,0.60902341303424,-0.116338329534106,0.000903944119358216,0.0588796795063912,0.362800484232581
"E2f3",0.211880504756903,0.810924113596113,0.0035764711019457,0.999215727032816,-0.0512189819617264,0.808806349428765,0.0998162364131442,0.810949983850539,0.173294962025987,0.321932342179916,-0.413923347771223,2.03377622282273e-05,-0.118845825234753,0.532165115001812
"E2f6",-0.0649097700558778,0.998454033907698,-0.303043996017229,0.999215727032816,-0.0632163712962655,0.915966351518615,-0.24649208933744,0.838672654788762,0.455137805782678,0.31054069036874,-0.752345162155486,0.0112320938046111,1.73006182223868,9.81916621671284e-08
"Eapp",0.155296809220987,0.998454033907698,0.00464012806624892,0.999215727032816,-0.261984330874343,0.0901421695438723,0.163665955452421,0.510661749857735,0.2587870673232,0.146217358701392,-0.253307366328469,0.0228546696645711,-0.180827127028627,0.356746844904511
"Ebpl",0.488599676233884,0.881213424511407,-0.034089833933748,0.999215727032816,-0.56111772697766,0.109240193059219,0.519680551806384,0.23345543180681,0.0273567444243995,0.969862889431072,0.171921002844055,0.536649936165048,-1.17027494840244,0.00230003648785388
"Echdc1",0.0303864375400447,0.998454033907698,-0.0593652903135125,0.999215727032816,-0.0380431889253102,0.540246192367665,0.062742110257271,0.373580783525724,0.0911415554154092,0.123384285118178,-0.0713155877221064,0.0603189569708407,-0.0376681241758234,0.57005296771087
"Edem1",-0.0177582288973046,0.998454033907698,0.0214662506754989,0.999215727032816,0.0597520879463964,0.579024699736721,0.0570507640603477,0.822839371975932,0.000484850147672633,0.997790947945376,-0.234758615665618,5.2327853633488e-05,0.18352507189103,0.0699120884958054
"Edil3",-0.0497331365699706,0.984550848878045,-0.0122757794468522,0.999215727032816,0.00629867038785392,0.915414172565751,0.0504860608239527,0.329073526647687,0.03990719510274,0.39160287768077,-0.0127238192578062,0.68702329780371,-0.0360641256708988,0.459051796385635
"Edn2",-0.144782564694183,0.998454033907698,-0.292571311959923,0.999215727032816,-0.222887469567175,0.612655408544724,-0.28172579374989,0.728186168575712,0.468663342981864,0.238604570371515,-0.325042243585069,0.26484083060288,1.4587472605214,3.28997784378911e-06
"Eef1a1",0.033799094501151,0.998454033907698,-0.214231994031794,0.999215727032816,-1.01479278299229,0.0350780058316305,0.610833674223427,0.373580783525724,-0.184986557300147,0.780889832938109,1.51232122771221,3.33196242167135e-06,-1.19644188893052,0.0301245307261887
"Eef1a2",-0.0281208685413687,0.998454033907698,0.0087288811988584,0.999215727032816,0.0236714259267068,0.837678547826094,-0.0258338568050938,0.9788631557912,-0.0844311444213326,0.362307315228179,-0.0932999742073242,0.143937148567602,0.360365020454607,3.39108062296472e-08
"Eef1akmt2",0.189944315364461,0.998454033907698,-0.0323268929298967,0.999215727032816,0.0716545874171557,0.751721268715327,0.0203112927529783,0.99429389708379,-0.00119286602658897,0.997790947945376,-0.477491458202098,7.35905938448528e-06,0.350004677441864,0.071919415258793
"Eef2",-0.082418290243757,0.998454033907698,-0.168364959051601,0.999215727032816,-0.488322141783702,0.0563693521527913,0.347542899695307,0.322000231755907,-0.0689698050156125,0.853717153724066,0.814022138578552,1.81801332223678e-06,-0.542421077752659,0.0677542676915923
"Efcab2",-0.038358756894331,0.998454033907698,0.031149414236291,0.999215727032816,-0.0263037018729692,0.660062946133738,0.0186629058676222,0.962975234929188,0.0769476282656415,0.146217358701392,-0.0555629521735401,0.130285512668598,-0.0190030611422433,0.752526001204079
"Efr3a",0.0658545661715892,0.998454033907698,0.0290623823949235,0.999215727032816,0.101268682755606,0.69741388907538,0.0622032759845615,0.988936473777601,-0.0230541306216121,0.947898714969866,-0.581168953012096,9.86136055401493e-06,0.562082089110237,0.0150529236143796
"Egln1",0.0154281920729895,0.998454033907698,0.0403203058042707,0.999215727032816,-0.437348856284149,0.0179565820084687,0.298869406163762,0.205400939359996,0.276532921012165,0.196042895796736,-0.00377855768588509,0.978655448048676,-0.37024811218496,0.0963079614155867
"Egr1",-0.47415600550428,0.998454033907698,1.34050994566812,0.598410287783624,-0.339017457452505,0.662623435078092,-0.53208471268103,0.663728032251431,1.19821569219869,0.0861462831925315,-1.10128002403323,0.0180049878572438,-0.390469205819592,0.609521370771828
"Ehd4",0.00239570114877958,0.998454033907698,-0.00192476549822718,0.999215727032816,-0.144981844706856,0.216768403233239,0.174714100358627,0.205400939359996,0.21111293202337,0.104296836379411,-0.220370782170878,0.00395320454863221,-0.0714253543882779,0.616950510954492
"Eid1",0.148447955383226,0.998454033907698,0.0687423346834397,0.999215727032816,-0.573288482276011,0.0242494433483959,0.364212205133149,0.274112954239902,0.0162699289314681,0.972867628150552,0.413929767450649,0.0321519863959625,-0.793789994920463,0.00538517326216676
"Eif2ak3",0.138567577970085,0.998454033907698,-0.0466593210425258,0.999215727032816,0.0400163125151568,0.837062524592386,-0.0530509874338832,0.962975234929188,0.0889804070006812,0.584909722721601,-0.334564202414368,0.000222388499718719,0.256199679108097,0.100323332057797
"Eif2ak4",-0.0308698692416165,0.998454033907698,-0.0303764813478118,0.999215727032816,0.0652491152356156,0.362636815923991,-0.0137639054552205,0.99429389708379,0.0548804248317578,0.464827087742751,-0.129151752884422,0.00309962655817659,0.146048671282874,0.0415804689192673
"Eif2s3y",-0.0637654804179252,0.998454033907698,0.0789070724321627,0.999215727032816,0.114202688445699,0.556299600170943,0.0203094948839971,0.99429389708379,0.100786393247357,0.602666107555875,-0.434838279436828,4.74153099720569e-05,0.289732149662743,0.116795740062551
"Eif3k",-4.15012724864217e-05,0.999639854632032,-0.118246140478984,0.999215727032816,-0.24390594533334,0.0542516396225854,0.193716974148353,0.223659631264596,-0.0906895742366445,0.567162765555182,0.210501084848466,0.0252840198448951,0.120342644080142,0.46725921875851
"Eif4e3",-0.00397158314450019,0.998454033907698,-0.0201602492065854,0.999215727032816,0.00270169883304217,0.972490512108221,0.00543099220953991,0.99429389708379,0.0314171353114706,0.605855604450225,-0.0688613395777314,0.073658148603266,0.091998066711978,0.113143468814923
"Elmod2",0.103579169501124,0.998454033907698,-0.223425121382479,0.999215727032816,-0.288598044092787,0.100926969764737,0.364275117362776,0.11184761996308,-0.0700696977607088,0.76580865353746,0.0510437268742805,0.717267291788062,0.124911373023236,0.5941341668909
"Elob",0.214298552395644,0.998454033907698,-0.254284124732839,0.999215727032816,-0.434937177696145,0.0392118022298077,0.328584595147369,0.218136191526227,0.0192481886281249,0.960329001022639,0.429869822624794,0.00704099922364055,-0.518970922663153,0.0337125621760184
"Elovl1",-0.0375120131306699,0.998454033907698,0.0126997923976343,0.999215727032816,0.0248130400292955,0.81735386234484,-0.0146471818361776,0.99429389708379,0.0451753773320429,0.616076547659513,-0.186990248155097,0.000353038440671104,0.268958133517698,0.000360295136951955
"Elovl2",0.180671376634425,0.984550848878045,-0.0434247242018042,0.999215727032816,-0.199021058527967,0.165303152373729,0.171592078074045,0.36679723309063,0.0977193973249639,0.566050362513956,-0.309574826562252,0.000871005527291073,0.12969419455092,0.467655688798827
"Elovl4",0.23992347194148,0.998454033907698,-0.0689959003839666,0.999215727032816,-0.844170494006991,0.0392118022298077,0.715223887271361,0.196687190978413,0.0821561689043357,0.902024236266016,0.558967860086572,0.0677335489468314,-1.23297036061106,0.0113071203331982
"Eml6",-0.0345606583634035,0.998454033907698,0.060944283640987,0.999215727032816,0.193771389373022,0.232074210383558,-0.0722153202966833,0.929348301951428,0.167813197047261,0.345233796950241,-0.477250599154805,1.89103294405822e-07,0.241572270921769,0.179111301599297
"Enox1",-0.0650942476375407,0.998454033907698,0.0124556174593887,0.999215727032816,0.0594910411935357,0.316758966891509,0.0669960269870131,0.348927948636541,0.0159550909150317,0.831796749683954,-0.119563663084139,0.00107552010173433,0.0478986268118624,0.471016108174495
"Epas1",0.222139276133303,0.998454033907698,-0.103597224864777,0.999215727032816,-0.274461097898904,0.188410232935797,0.281383702741872,0.263490541638802,0.147554345840129,0.54317586919875,-0.461536392056495,0.00065601875909671,0.269236848755069,0.273009464278648
"Epc1",0.128707251133752,0.998454033907698,0.0566010332800535,0.999215727032816,0.419796719476472,0.332761418917273,-0.142635562132267,0.97006065128942,0.469857850111966,0.289926884953592,-1.38337442971185,3.14566901939229e-11,0.651381389813524,0.145639723165539
"Eps8",-0.0591656971883053,0.998454033907698,0.148040805590933,0.999215727032816,-0.0355384643135607,0.883679784781705,0.137879513224714,0.710752531438423,0.300081822032798,0.120630606073053,-0.384987441431478,0.000729074821747847,-0.253015354303261,0.218456876665315
"Eps8l1",0.0522769852325596,0.998454033907698,-0.0297151153897033,0.999215727032816,0.0114425284578746,0.88893544950774,-0.0382281586764913,0.810949983850539,-0.00375099487342254,0.972867628150552,-0.0837190236924839,0.0517027266411599,0.156249597543113,0.0150555627509766
"Erc2",-0.0743914017514655,0.998454033907698,-0.0557512416774174,0.999215727032816,0.36868421978593,0.0901421695438723,-0.0347549099124112,0.99429389708379,0.13855702935821,0.602702665443246,-0.68150506916089,9.5270873582778e-07,0.563579775303664,0.0212065867593326
"Ercc6l2",-0.03142648432804,0.998454033907698,0.041632356552433,0.999215727032816,0.074478549736385,0.578558600054889,-0.0471687867830723,0.946885188414384,0.0378532351475002,0.797211805627239,-0.285804806741777,9.77091962063528e-05,0.354941766290651,0.00203219561723343
"Ero1l",-0.00367844015530117,0.998454033907698,0.116000053077165,0.999215727032816,-0.0332564673746154,0.902166181877767,0.0215539591665124,0.99429389708379,0.414240760151463,0.0411233053173282,-0.553768348591508,1.52209256071958e-06,-0.0106562405611592,0.96908523945104
"Esrrb",-0.0117431668593353,0.998454033907698,0.266425488364775,0.999215727032816,-0.30280612170476,0.371920629263696,0.430033272297454,0.246369176671484,0.25633532709216,0.48780638331417,-0.465490659486952,0.0169368844358474,-0.405120169335641,0.292485537740872
"Esrrg",0.1066635237942,0.998454033907698,-0.0617240385598445,0.999215727032816,0.0719648760194682,0.752652056662822,0.170342735421658,0.546640643180829,0.130003026451478,0.526058346779825,-0.496160734579135,1.64415952441838e-06,0.080485185335438,0.721178935285771
"Etfrf1",0.0444901620855075,0.998454033907698,0.0145844599177362,0.999215727032816,-0.0445951303755174,0.633389229206312,0.0573899093989243,0.743521923144373,-0.0394531472847138,0.670364705884987,-0.126350790834142,0.0146177895138835,0.151875730298962,0.0880134621254488
"Evl",0.0441120516699989,0.998454033907698,-0.0967041021394533,0.999215727032816,-0.135218530372024,0.134754366793588,0.146246624751179,0.198286479768175,-0.012464757421021,0.930971215015904,0.13932043399645,0.0248211730213773,-0.140130222624723,0.20834169157731
"Exoc3l",0.0202916680437966,0.998454033907698,0.0131101535584495,0.999215727032816,0.0464933102940717,0.476882647003477,-0.0234154425500719,0.954394253302962,-0.010251764255748,0.90242705316878,-0.0963390204821168,0.0170134753651475,0.078954250281811,0.237112284109779
"Exoc4",-0.0769038133925278,0.998454033907698,-0.0623803465187076,0.999215727032816,0.355008453112331,0.177496649110459,-0.0633535980713719,0.99429389708379,0.190388093802645,0.528057084488808,-0.792281469368433,5.83351239137021e-07,0.753418540965941,0.00534320659103368
"Extl2",0.151449986683863,0.987915157375208,-0.179478316217505,0.999215727032816,-0.200701209027405,0.0920353850032423,0.166869155800807,0.278130718336742,0.13185634611424,0.357300895708014,-0.0611942068415527,0.521738786117947,-0.0313381525019136,0.852201202683624
"Eya3",0.228886655527609,0.555962018292062,-0.0290363714493519,0.999215727032816,0.00802402321648576,0.969669436933784,-0.011701220608286,0.99429389708379,0.150653277959495,0.333707625848519,-0.378921999056774,8.85486262722508e-06,-0.00988365612819198,0.961572925186166
"Faah",-0.00628149088366302,0.998454033907698,-0.0314074255946367,0.999215727032816,-0.0119732454095424,0.925489385202405,0.103577518332779,0.358424785278676,0.0628810084185928,0.529984146330609,-0.175154753322273,0.002271010263251,0.0889813301589247,0.392183848219496
"Fabp4",-0.0423862462291438,0.998454033907698,0.0222005121895171,0.999215727032816,0.0611235655253357,0.402954717092627,-0.023982133355686,0.968308065741717,0.0597512497166934,0.430192583450449,-0.163363194740704,0.000120985989534313,0.143478251430975,0.0502832742267719
"Fabp5",0.00739522779844498,0.998454033907698,-0.0197427310895673,0.999215727032816,-0.0392534440704397,0.406718331317383,0.0425417219675505,0.526339088031283,-0.00805468809394898,0.895766681859744,-0.0131867092374949,0.698654813046941,0.05439125304849,0.273009464278648
"Fabp7",0.186642299743353,0.13362477103085,-0.0755657623321766,0.999215727032816,-0.044074312789195,0.680663059940822,0.0573913301250629,0.810949983850539,0.0138296788357853,0.91964033616738,-0.124596172223362,0.0613436643693727,-0.054577783314975,0.611562437060746
"Fabp9",-0.0259389027360487,0.998454033907698,0.0341750854029734,0.999215727032816,0.0397915724989621,0.28739326383376,-0.0120072402776411,0.974185554464106,0.0199090470751783,0.62712389496883,-0.0540274312539893,0.0335796096048116,-0.00936552349227449,0.838034648219392
"Fads2",-0.0240765008496707,0.998454033907698,-0.0897600534982994,0.999215727032816,-0.045687886382842,0.571425966396062,0.0781202974046911,0.399366834169972,0.0863911393676174,0.255691381198298,0.0385776423010137,0.452049571425552,-0.0680572907256625,0.416116371481292
"Fahd2a",-0.0148727128732195,0.998454033907698,0.00382434259727249,0.999215727032816,0.0731132034272419,0.433350778469638,-0.0470868082852072,0.866641798650507,0.013303813331151,0.917913628964259,-0.159973480603199,0.00500638951061292,0.226484570898684,0.0116526778350603
"Faim",-0.258701714597447,0.987915157375208,0.250968105229672,0.999215727032816,-0.228701613181914,0.323867563423733,0.371589076742265,0.159220399218964,0.165975321107631,0.496824943139587,-0.0568657266072448,0.735051527607432,-0.457843285135234,0.0530021553743508
"Fam110a",-0.00148809956265383,0.998454033907698,0.167103780849432,0.999215727032816,-0.141961161057099,0.39444480006169,0.0803969012607315,0.8811286722926,0.156849459801915,0.361038246854716,-0.373058791519037,0.00010066263787995,0.14289154282417,0.430173496137403
"Fam120c",0.0181516368358384,0.998454033907698,-0.0771018799411624,0.999215727032816,-0.0441945858595831,0.6250977612771,0.111257121993249,0.205400939359996,0.0558698065022392,0.523951381288946,-0.0302563083535571,0.588226634824221,-0.0630092427484208,0.504652347281149
"Fam151b",-0.0148798800385253,0.998454033907698,-0.00210475070982941,0.999215727032816,0.00168691200295124,0.981930989512039,-0.028327403884478,0.862063588689561,-0.00351812011090535,0.969862889431072,-0.0127348673285642,0.741692069588858,0.11063200229314,0.0426682080051599
"Fam161a",0.15271727779308,0.998454033907698,0.105999604470403,0.999215727032816,0.435643727773607,0.442234471362702,0.0518631214582861,0.99429389708379,0.507475282822893,0.388720440084296,-1.77344715287294,6.27066387643163e-12,0.725318419180713,0.215541117116163
"Fam162a",0.00888555875101571,0.998454033907698,0.0436286052893745,0.999215727032816,-0.188865453011107,0.0686694461238405,0.156545692026884,0.231755270718749,0.0250940308516858,0.866275889596967,0.0291777527094503,0.727653149180089,-0.143069140928623,0.277155418462868
"Fam210a",0.0131041895092505,0.998454033907698,0.0488597859306608,0.999215727032816,-0.0119810025964435,0.925489385202405,0.0643204120948397,0.742731230766105,0.115112081978921,0.216352010233782,-0.217549884518826,7.87797995574559e-05,-0.0551200454737423,0.604212639232794
"Fam220a.1",-0.0140380746798936,0.998454033907698,0.020295914179164,0.999215727032816,-0.0394688345862502,0.392340741404394,0.0422167375496084,0.501295097494436,0.0548496861508468,0.234055341222733,-0.0480365681657596,0.106164587843436,-0.0368138817709857,0.469655922944447
"Fam229b",0.0196911837934339,0.998454033907698,0.0324432363188849,0.999215727032816,-0.00349305404842859,0.985123836385959,0.0947672567574065,0.731590418708942,0.0842891313405261,0.566050362513956,-0.346277665097164,2.98109463465082e-06,0.171467758559433,0.246626112711081
"Fam3c",0.0819348163826512,0.998454033907698,0.143331958019683,0.999215727032816,-0.659974140532777,0.0586203067755569,0.72812582220349,0.11964975873391,-0.318154980033819,0.467268131334634,0.53446410794513,0.0425287382540917,-0.906189298191122,0.0292271538023168
"Fam53b",0.141666147686612,0.998454033907698,0.447215576616012,0.999215727032816,0.379772642935986,0.526028351505605,0.0537918521426395,0.99429389708379,0.37906354484889,0.528158337785462,-1.85082872275027,3.52841881033908e-12,0.559870740352723,0.354031103288103
"Fam57a",0.000577582266653151,0.998454033907698,0.0293618386283429,0.999215727032816,0.0836609636732518,0.387308476769548,-0.0280311310203503,0.978293272874828,0.035013919826288,0.742606713491057,-0.234690047192743,2.73926419059043e-05,0.181411232589549,0.053090103091627
"Fam76b",-0.0427557407972778,0.998454033907698,-0.04268671100937,0.999215727032816,0.133980166373899,0.490671265475818,0.0281592243845569,0.99429389708379,0.208139599374364,0.266839447032238,-0.481321519643592,4.18445427402994e-06,0.313142397245368,0.103756130528757
"Fam78b",0.130818965982278,0.998454033907698,-0.0509864370424749,0.999215727032816,-0.0843310469159937,0.729058261776812,-0.0324982435324576,0.99429389708379,0.223614752610593,0.293546741242337,-0.478688166659504,0.000143898252666674,0.466128779510671,0.0239672673008806
"Fam89a",0.0755245264023898,0.998454033907698,0.060796626587486,0.999215727032816,-0.0701495584223664,0.335193346090157,0.0105227176062825,0.99429389708379,0.0392396238002843,0.611386899041917,-0.0712321498474255,0.149097961426102,-0.10622879131879,0.16210211060587
"Fam98c",-0.0221760403780109,0.998454033907698,0.00914896166497492,0.999215727032816,0.0243910737281035,0.869041723999872,0.0891531408148052,0.679852398480882,0.135954635722533,0.255691381198298,-0.292913698438029,1.04012599762714e-05,0.0694899757274394,0.609908945615328
"Far1",0.144494499400865,0.998454033907698,-0.0260805621364195,0.999215727032816,0.32770971052521,0.238315831667172,-0.0509501045872072,0.99429389708379,0.169839009216665,0.588301321897968,-0.879109751152176,3.75915305827492e-09,0.466739378576998,0.117879026149914
"Farp2",0.0841341417969291,0.998454033907698,-0.0836777667950962,0.999215727032816,-0.000430189766166045,0.997643639091399,0.0735046544338101,0.770537182587806,0.0654222832060161,0.602838521862026,-0.153188033960718,0.0292356523016747,0.00520191108312706,0.974459645807508
"Fastkd5",0.100993581033894,0.47983625427211,-0.01757163022691,0.999215727032816,-0.0182789790510129,0.81878727810235,0.000894581335172395,0.996357979649697,0.0182710597146092,0.81072839602417,-0.0963862896696424,0.0177877041700665,0.000841229606130867,0.990651024393428
"Fau",-0.0762212026976004,0.998454033907698,-0.198550235528858,0.999215727032816,-0.46884533878566,0.0922476313213782,0.330023958003209,0.411153592821382,-0.141062956324598,0.684692838423691,0.907760716556867,3.14868762084563e-07,-0.527141153883055,0.0982422234836388
"Fbxl12",-0.0989386693328733,0.998454033907698,0.0503286810331638,0.999215727032816,0.162001760158885,0.446492243853933,-0.0116116475765249,0.99429389708379,0.143250577592584,0.507786630660293,-0.561819029887468,9.5270873582778e-07,0.525196507937556,0.00827700363540156
"Fbxo24",-0.0645772634895322,0.998454033907698,-0.142481478066749,0.999215727032816,-0.0779049919575819,0.746517674263791,-0.127769806950486,0.775536228964715,0.169946121594777,0.420280670863262,-0.20097293118112,0.16604387115652,0.807741925181218,3.39108062296472e-08
"Fbxo27",0.0355970847420514,0.998454033907698,0.119398718279061,0.999215727032816,0.14284538473884,0.582876063272955,0.03806821428133,0.99429389708379,0.184711165214491,0.464827087742751,-0.768353019615085,1.16639026947543e-11,0.352411125097325,0.155704565370592
"Fbxo4",-0.0204252146881103,0.998454033907698,0.0116830276351584,0.999215727032816,0.106266153588948,0.522325457962396,-0.101505172093284,0.767720204118292,0.141488703470891,0.39160287768077,-0.397369772216501,1.15418738535022e-05,0.433118728221056,0.00328447384981097
"Fbxo9",0.0349418411812414,0.998454033907698,-0.108147892994068,0.999215727032816,-0.26236766721839,0.0606822610084416,0.0916577737719053,0.835017076892378,0.157634369865678,0.364962923371858,-0.0204153458287886,0.854705235949011,0.19067594858928,0.295177840613226
"Fcer1g",-0.0288500262234503,0.998454033907698,-0.0183274386634255,0.999215727032816,0.0727779712192679,0.225295131161939,-0.0366321673232999,0.819623452700831,-0.00685815927636557,0.939453118177744,-0.0775059968198086,0.0733755886795049,0.173031476998291,0.00315703970489842
"Fdft1",0.0511482513395128,0.998454033907698,0.0549458521143331,0.999215727032816,-0.10410981177552,0.224466350882363,0.0746977145692593,0.601890059181554,0.0871007776756587,0.362307315228179,-0.132506435755482,0.0170743677220609,-0.0871497977980406,0.392183848219496
"Fer",0.0118655985208542,0.998454033907698,-0.0380122570422017,0.999215727032816,0.031823652055025,0.833935524921461,-0.0479035404677581,0.933986415238462,0.135581583428809,0.259175323567385,-0.253207321033092,0.000212632474673207,0.264974543205633,0.0301245307261887
"Fgd6",0.0431160511681162,0.998454033907698,0.0329248095356188,0.999215727032816,0.0481258487548597,0.606942655428556,-0.0180809137028891,0.99429389708379,-0.0455955455731403,0.615282239299503,-0.184494574039189,0.000410807880201996,0.201244424368578,0.0159406124198624
"Fgf2",-0.0740865706231801,0.998454033907698,-0.351702908478253,0.999215727032816,-0.245684656637521,0.489476164300098,-0.18242405394844,0.855086142068969,0.389347113233759,0.248067382586482,-0.0486722896648496,0.850391090790654,0.964394171041055,0.00148869740561489
"Fgfr1op2",0.0964098232161019,0.998454033907698,0.0285890303784265,0.999215727032816,-0.0658398783594841,0.677666756784268,0.0323673910552681,0.99429389708379,0.150695684778311,0.316742297848029,-0.375042026335999,8.2887766099662e-07,0.183737944612398,0.246397819666307
"Fhad1",-0.0106295685652258,0.998454033907698,-0.0365261283791322,0.999215727032816,-0.042023155473404,0.611117134477872,-0.0326944657698343,0.921514309687095,0.0561607306487978,0.474006067532262,-0.0715875129568053,0.181760906697562,0.246697109346477,0.000109098776420274
"Fignl2",0.0338328313783858,0.998454033907698,-0.0694473458999328,0.999215727032816,0.0284233673511395,0.603954656123563,-0.0268790571796999,0.851980341035217,0.0515732680651334,0.316458555631379,-0.0797405365355044,0.0143640218681656,0.107240435214801,0.0301245307261887
"Fis1",0.163969554716521,0.998454033907698,-0.133308657007517,0.999215727032816,-0.394417901625225,0.0275576593291387,0.28627271633064,0.206551952350585,-0.0687438034106621,0.781240477416973,0.395923189562362,0.00287431791527705,-0.427547282809211,0.0432629089350903
"Fkbp2",0.0147204201554253,0.998454033907698,-0.0491188428947677,0.999215727032816,-0.134141707127976,0.111296198551135,0.133880890262203,0.205400939359996,-0.0133433837624101,0.920332211153849,0.0660016459582771,0.30420079484618,-0.0256274397148877,0.829426944621154
"Flcn",0.182051192275866,0.998454033907698,0.300904454506649,0.999215727032816,-0.119413165165907,0.808806349428765,0.022159044581803,0.99429389708379,0.562548666884469,0.153235360805055,-1.23101482832509,1.1470065129654e-10,0.31890432988309,0.465737412677445
"Flna",-0.0701865857790079,0.987915157375208,-0.0144161038741423,0.999215727032816,0.0829536634172808,0.15580760297063,-0.0103292834440327,0.99429389708379,0.0534884069180944,0.428805749681664,-0.124071819396485,0.00200737714185857,0.147249676409608,0.0195152929890505
"Flnb",0.00500475868613548,0.998454033907698,0.000267985938261273,0.999215727032816,0.0145773609933404,0.855689287436835,-0.000817202699183062,0.996357979649697,0.0311657327614966,0.643654639972596,-0.15656283792149,2.15460122376976e-05,0.176767720177957,0.0022172151984457
"Flot1",0.0587255368641455,0.998454033907698,-0.0851557082349572,0.999215727032816,0.00359085562624262,0.982126473958432,-0.0910420754680953,0.64949259118177,0.182987610975105,0.116838172825618,-0.228893762967423,0.0023321039617763,0.265127439786589,0.0177719667046526
"Fn1",-0.0206502918465817,0.998454033907698,-0.0295075256561051,0.999215727032816,0.0231014842098651,0.511056262137433,-0.0110383111449437,0.968308065741717,0.0179802673606482,0.611386899041917,-0.00360029532978894,0.883696917682776,0.0481745701270494,0.165199918635127
"Fn3k",0.0639852458316643,0.998454033907698,0.070954324855844,0.999215727032816,0.0171967668899369,0.916994983850252,-0.0191045291243641,0.99429389708379,0.10462244388911,0.423201555803076,-0.303068410179707,3.89340350797285e-06,0.0706421154024832,0.620257015383212
"Fndc1",-0.0273121186072282,0.998454033907698,0.0881316887686932,0.964432249885035,0.0294432521151397,0.626918883292397,-0.0337806409240199,0.788818197461182,0.0253312927076606,0.670364705884987,-0.0391156040133253,0.313972982990683,-0.0875115201772496,0.115999976806438
"Fnip2",-0.0832519315204419,0.998454033907698,0.180578105620116,0.999215727032816,-0.0048983127258051,0.98077032175629,0.0857136572865347,0.805274349094328,0.0806930429258421,0.601856069002283,-0.241253771346884,0.0054284403308555,-0.0684123929431575,0.682287148916494
"Fos",-0.280407669183411,0.998454033907698,0.974072243481645,0.118139697003467,-0.374981271330091,0.406030284080878,-0.278512892503982,0.779798702036607,0.781972939561949,0.0823998175398345,-0.738447938033545,0.0127514391573528,-0.315501391427584,0.512845522113837
"Fosb",-0.0904889989130826,0.998454033907698,0.397977329481135,0.694702566362972,-0.163084522697498,0.490607789759039,-0.21014602659469,0.502664601776773,0.41172161899442,0.0610470182656376,-0.322455848659821,0.0350140551077633,-0.116196684461027,0.640627925903642
"Foxo1",0.0506570103714479,0.998454033907698,-0.0229840926444469,0.999215727032816,-0.073196199516406,0.270861567535796,0.0478384085673785,0.731590418708942,0.0558860819804927,0.447496235653845,-0.116307615192595,0.00473144320791994,0.0872350066589558,0.249890728611613
"Foxp1",0.00298264269002556,0.998454033907698,-0.043792279825362,0.999215727032816,0.022195772746422,0.800923499290446,0.00391277928035535,0.99429389708379,0.0828764596835057,0.241515781807631,-0.0956760992753983,0.0407112076850776,0.0418800638690462,0.597569138789388
"Fsbp",0.229870073868693,0.704736577890568,0.154557835517069,0.999215727032816,-0.0491946707858357,0.810739482931078,0.0669042927711383,0.933746005013471,-0.0285571577198174,0.895766681859744,-0.337592798565892,0.000501876757539142,-0.14415841552699,0.437231960002995
"Fth1",0.196556826390505,0.998454033907698,-0.24507404536817,0.999215727032816,-0.957122507187932,0.0471439643212379,0.53762122981979,0.476201149476289,-0.256619865823133,0.670364705884987,1.4817002582029,5.70355603678992e-06,-1.23836528018344,0.0223118886389743
"Fuca2",0.00294498819375122,0.998454033907698,-0.0276768884832508,0.999215727032816,-0.00622127398501526,0.859936664649516,0.021233971575142,0.658944171205816,-0.00477369469043493,0.898090557114605,0.0318944130529349,0.0715159028901728,-0.0263318308212999,0.398860333755969
"Fundc1",0.0803341137088877,0.998454033907698,-0.0246587181262123,0.999215727032816,-0.0791650710964319,0.349427284032844,0.0301764888872861,0.958398978172115,-0.0655626223255105,0.464827087742751,0.0474527018306847,0.409992807500496,0.0193818473505132,0.852201202683624
"Fundc2",0.0361223642838631,0.998454033907698,0.0927299461378155,0.999215727032816,-0.242457971632969,0.0220119144785164,0.110066224237412,0.538908097761355,-0.0468799699374968,0.739904465014643,0.125870873972099,0.114862998472606,-0.140651882025202,0.297876949432454
"Fuz",0.0490106635428995,0.998454033907698,0.0614852269440167,0.999215727032816,0.124803636796624,0.390315061957028,-0.0621081164036592,0.920738238772469,0.135685386004889,0.363251254983338,-0.358840228584198,6.41748433316748e-06,0.039989254141019,0.816038649809635
"Fyn",-0.00117111937226647,0.998454033907698,-0.0111899863267746,0.999215727032816,0.0195754282623662,0.547644611487278,0.00437763284065315,0.99429389708379,0.0231819537270275,0.479664699765315,-0.0189627711813959,0.365930122618494,-0.0302152886651769,0.368818979877886
"Fzd5",0.00637327016048073,0.998454033907698,0.0389866456453107,0.999215727032816,-0.0164836027492962,0.752652056662822,0.0308724032030747,0.728186168575712,0.0199938712552248,0.677222352682378,-0.0427380513129248,0.155525296825221,-0.0778410896845472,0.0823484909681069
"Gaa",0.0170906209149527,0.998454033907698,-0.120043544851752,0.999215727032816,-0.0206954114817989,0.881542847754812,0.0495287653595547,0.907252249693684,0.0690496232886505,0.554509317552202,-0.170261280029321,0.0132792360361631,0.309590109044362,0.0029005439264312
"Gabarapl1",0.0869103575363101,0.998454033907698,0.0371709788299781,0.999215727032816,-0.496930992535728,0.0268400902441685,0.315510770611223,0.2922132681038,0.256447294927662,0.350952486586384,0.211251220509467,0.242722304020748,-0.759256303193034,0.00203219561723343
"Gabarapl2",-0.0256203845659058,0.998454033907698,-0.218573218709888,0.999215727032816,-0.478620672872933,0.0385951743652679,0.370486034111089,0.205400939359996,-0.0327427473574473,0.931417272452755,0.540791577261317,0.00128094997810933,-0.212473857491472,0.478114654635039
"Gabbr1",0.00975349680158155,0.998454033907698,-0.145623772324839,0.999215727032816,0.102468886309477,0.262575669348268,0.0795802375921019,0.59116538911499,-0.00518906350310733,0.972867628150552,-0.0999636138629677,0.100448524146372,0.11069113671209,0.291112888408722
"Gabrb3",0.00641963173185955,0.998454033907698,-0.0124986723483468,0.999215727032816,-0.0193294993954514,0.793688210212581,0.000141066633009501,0.998320195226683,0.059583456416491,0.336006717867159,-0.0381659676597165,0.375765771177114,0.00148868786932704,0.984885953764466
"Gabrr2",-0.0539336981812278,0.998454033907698,0.0169271508642876,0.999215727032816,0.0446514450918994,0.537996745105233,-0.0164453378177574,0.9935127750171,0.0396357572888606,0.586332211772389,-0.112870922758798,0.0115665168357246,0.142545564642869,0.0320880563863211
"Gadd45a",0.165225959785265,0.998454033907698,0.0289632376816259,0.999215727032816,-0.333689921258458,0.0507087081819207,0.198439039833764,0.44013678992983,0.312645561608704,0.117652960128263,-0.250473118371528,0.0563676837566588,-0.285672049570981,0.171415946648112
"Gadd45b",-0.015528905644498,0.998454033907698,-0.142049007577509,0.999215727032816,-0.129577724271763,0.382112869898247,-0.0494593232067306,0.964657454454587,0.273557669953316,0.0478142799466464,-0.0598414583911787,0.583006173014802,0.225121144289457,0.115999976806438
"Galnt4",0.0263884483006998,0.998454033907698,-0.0334029418803552,0.999215727032816,0.0333471290675931,0.870600500039701,0.090110745215318,0.84478407727381,0.133424477745319,0.441185463197296,-0.429064396426617,9.66145078313866e-07,0.278233856794512,0.106251425895351
"Galnt7",0.154573232213836,0.998454033907698,-0.131371603114079,0.999215727032816,0.0190162802436675,0.969515853723629,0.0180992060636394,0.99429389708379,0.432268312765762,0.218859273641633,-1.02784055571876,3.99115927937449e-08,0.852662822496577,0.0129982676210311
"Gar1",0.137921652778729,0.562776140029298,-0.0414155106230664,0.999215727032816,-0.0521933129580662,0.602114330251102,0.00191922637462665,0.996357979649697,0.0307441951012217,0.772879454258526,-0.194295568533536,0.000412595764416282,0.180221020736248,0.0511408878676018
"Gas2l1",0.00594249495149046,0.998454033907698,-0.0408507731016894,0.999215727032816,0.0432024123456154,0.34620537936327,-0.00837766671859574,0.99429389708379,0.0476825184324708,0.309971060660773,-0.0926820622545295,0.00107518009838555,0.0751409717033498,0.106332550371092
"Gas7",-0.0479098958796379,0.998454033907698,-0.0445494962327386,0.999215727032816,0.137446167250864,0.626918883292397,0.102259079505572,0.938188895755276,0.0909056701843999,0.758137407844128,-0.654291517100532,3.90360080575369e-06,0.700300988909364,0.00470926838196378
"Gatad1",0.0347478474609651,0.998454033907698,-0.0390241995952775,0.999215727032816,-0.138471161220198,0.0795512072894694,0.128689535992778,0.205400939359996,0.0310315386117198,0.776306019324754,0.00729367989604113,0.906349963546983,-0.0479366353625245,0.660267127037822
"Gatc",-0.00209802592238185,0.998454033907698,-0.0198042204005464,0.999215727032816,-0.16377081137354,0.0452657060830405,0.0591440842878707,0.784692168028494,0.069518900640528,0.48780638331417,0.140896035167263,0.0219103061574355,-0.141065646687122,0.158606898116368
"Gbe1",0.0598949579532032,0.998454033907698,-0.0625851605640918,0.999215727032816,0.00524792341753444,0.956840758574667,0.00268120504487407,0.994341865819917,0.0306164533934152,0.700932290202784,-0.0487124012674389,0.324881088803511,0.0164109638183182,0.851681838972522
"Gckr",-0.0492157660176753,0.998454033907698,0.0402125633896298,0.999215727032816,0.0414422382930689,0.380184526443883,-0.0101977509391377,0.99429389708379,0.0345662993013341,0.479664699765315,-0.0602307455297502,0.0486454387934106,0.00148732759403614,0.979333369841278
"Gcsh",0.0129356844377815,0.998454033907698,-0.0763019531666968,0.999215727032816,-0.048514951289398,0.523683920513186,0.0647983985004392,0.534937266983676,-0.0357873415397314,0.64397586548384,0.0815427744094165,0.0898055824267382,0.0166045689178369,0.849804481773895
"Gdpd1",0.0991095448776425,0.998454033907698,-0.054232934447679,0.999215727032816,-0.11024146158571,0.264823192738764,0.16245877081637,0.162761090649006,0.0107408803716204,0.944406902520101,-0.0446059871026854,0.522468549880989,-0.130353894024589,0.250078473860148
"Gemin7",0.0782839359018124,0.998454033907698,0.01068958759413,0.999215727032816,-0.156316303372154,0.157831979380763,0.11663770115508,0.473739659380664,0.182335781559513,0.136211349067089,-0.0944632434522994,0.25309002718065,-0.279729734297687,0.0223118886389743
"Gemin8",0.0689409095940438,0.998454033907698,0.00453365253675658,0.999215727032816,-0.00450817411303311,0.969515853723629,0.00831003408540326,0.99429389708379,0.0802034166970479,0.333707625848519,-0.192172067777017,3.07384426489121e-05,0.0320810149153598,0.728832017447711
"Gfm1",0.0541325517607412,0.998454033907698,-0.0195729019086306,0.999215727032816,-0.0337750629250055,0.746517674263791,0.0203694577750175,0.99429389708379,0.00838635006435418,0.9514557969806,-0.0265782830992034,0.649710586237941,-0.0136468699850947,0.904344790861195
"Gfm2",0.121973904255333,0.998454033907698,-0.0389762752706788,0.999215727032816,0.159007839654211,0.36786172061633,-0.0340237134869512,0.99429389708379,0.0587163119397065,0.772879454258526,-0.485015150428113,8.65879531094152e-08,0.338064609087946,0.0568907370102033
"Ggact",-0.0190459518688653,0.998454033907698,-0.0157909174983668,0.999215727032816,-0.0287958464168447,0.622383947696218,0.0215573877550653,0.933394231232998,0.00392755395815914,0.964094609103387,-0.023211874938725,0.54298608919575,0.112936504618276,0.0320880563863211
"Ggh",-0.0263919968650338,0.998454033907698,-0.0395033659199934,0.999215727032816,-0.0172592853120916,0.859266936482552,0.0656270641852887,0.572557400957429,0.0746243577336589,0.344446184163101,-0.0969501007935554,0.0559333431525979,0.0665480478583885,0.420974681286434
"Ggps1",0.0311468855908022,0.998454033907698,-0.0204898150194164,0.999215727032816,-0.116869655918538,0.379295230875896,0.079353244198963,0.79416846583465,0.176633737223783,0.176986278498978,-0.247525902577883,0.000881487873129694,0.143645004865063,0.325116635613513
"Gid4",0.00649000329221971,0.998454033907698,-0.070472253600035,0.999215727032816,-0.161612875472454,0.0802768309969552,0.149954935940787,0.205400939359996,-0.0585528608818852,0.607877063475039,0.179013306646196,0.00874859916659856,-0.058926551172137,0.622834088926872
"Ginm1",0.0628155121962677,0.998454033907698,0.0324956755377868,0.999215727032816,0.0284017953701754,0.883679784781705,0.010926189155928,0.99429389708379,0.0978282381695088,0.549060456297254,-0.434729104533047,5.55725372611297e-08,0.311012278895784,0.044518213213753
"Gja6",-0.0366873401589973,0.998454033907698,-0.0136596636031136,0.999215727032816,0.0248849196246482,0.660062946133738,-0.0262372272172621,0.863707855182697,0.0656481318374418,0.185281958662714,-0.0644777413141182,0.0600801414968438,0.089999029580828,0.0723021207963153
"Gjd2",0.107024756417424,0.998454033907698,0.193982953377004,0.999215727032816,-0.0807700980020978,0.787409699201425,0.0935949782437626,0.946885188414384,0.378844031491847,0.125905095723752,-0.625603529191147,7.94661028076588e-06,-0.233148884574942,0.377294517328254
"Gkap1",0.0904252858066332,0.998454033907698,-0.136002397683592,0.999215727032816,-0.0198762665366868,0.906379156260867,0.103158790850666,0.631281875989183,0.168517147978855,0.196052155311325,-0.242424135238249,0.00167701879020449,0.0367063526124477,0.820667779507215
"Glb1l",0.0470157812290141,0.998454033907698,-0.0670082660438964,0.999215727032816,0.075639117412289,0.450324992886591,-0.0151700574333651,0.99429389708379,0.0049224423331744,0.975689970925738,-0.203565968423992,0.00082166691019593,0.269702314113589,0.0028130542919378
"Glb1l2",-0.298705243101035,0.998454033907698,0.276202876286311,0.999215727032816,0.271053649209713,0.361950032703147,0.282020020461418,0.477169830323488,-0.158328337391741,0.62712389496883,-0.391165256796362,0.0291994808459741,0.00709874128992949,0.985756118004977
"Glb1l3",-0.0328844729740984,0.998454033907698,0.0263692483432363,0.999215727032816,0.0486320690059414,0.380184526443883,0.032543054956698,0.805274349094328,0.0315707772326752,0.588301321897968,-0.046065653110398,0.220162166093201,-0.114285230681764,0.0335944546175137
"Glcci1",0.159114994460659,0.998454033907698,0.0114180504279724,0.999215727032816,-0.205341740865604,0.380184526443883,0.306858475787532,0.215299234403025,0.228288097407185,0.352722778803811,-0.431172747492446,0.00111576427754695,-0.204480676722881,0.439472783776166
"Glce",0.0173094857911265,0.998454033907698,0.00771502108482919,0.999215727032816,0.0180554561202886,0.677666756784268,-0.00175991828216249,0.99429389708379,0.0401397823849116,0.33086397868695,-0.0602392979237774,0.0170986601906484,-0.0489327723687026,0.247262498449069
"Gldc",0.137447334083924,0.108483709801184,-0.0543503692737123,0.999215727032816,0.0316628171384314,0.671954199859328,-0.0432603106409547,0.771604532472367,-0.00264980919989022,0.982823187352586,-0.119472287768296,0.00704099922364055,0.0698062396930609,0.326710526627705
"Glg1",0.162413538925063,0.998454033907698,-0.223982855262579,0.999215727032816,-0.191660967836661,0.270752700076809,0.174215831374271,0.468887716033045,0.128674112438594,0.49729490091034,0.129318150128739,0.287409430329168,-0.319557092302927,0.0896739877663677
"Glmp",0.0905100570819687,0.998454033907698,0.0462545772355372,0.999215727032816,-0.0291533737929542,0.827201365876559,0.00432413989997288,0.99429389708379,0.0841146178102422,0.449714356148054,-0.253992289196447,1.43806613967697e-05,0.0611683652436929,0.613389099685129
"Glo1",0.290420764551003,0.998454033907698,-0.282385678512875,0.999215727032816,-0.636209745188819,0.0179565820084687,0.294613293185175,0.490601080758593,0.246970181567985,0.468116014620761,0.0127637056380643,0.950572867660198,0.111197661083677,0.77042793636241
"Glrx",0.00198369977927371,0.998454033907698,0.102126049005513,0.999215727032816,-0.0617607092757447,0.440684454095596,0.0399456316831976,0.86710803625626,0.0641272977996273,0.430564379032481,-0.125270841523358,0.0139759949818157,-0.0649990845292727,0.441564986827108
"Glrx2",0.0693506391651555,0.998454033907698,-0.00196834844688443,0.999215727032816,-0.145669239264484,0.157865869509323,0.0984456266035918,0.565128266919064,0.050063418777528,0.694754037923317,0.0342695607583097,0.652241900307965,-0.19988911730778,0.105230688939759
"Glt28d2",-0.0422548340850389,0.998454033907698,0.0221774184689497,0.999215727032816,0.229039520333632,0.158482247456971,-0.114773257972699,0.769274392054539,-0.00419332130303052,0.991790554304835,-0.410189574222058,0.000146752069383376,0.549588044053163,0.00057063093136267
"Glt8d1",0.182553023818734,0.998454033907698,-0.0553527289155848,0.999215727032816,0.0300150768675125,0.923572901104006,-0.0299551824091242,0.99429389708379,0.0506494988521322,0.860617704295538,-0.580936712355512,8.1777584383646e-06,0.65900113036994,0.00189579803677348
"Glul",0.0569378523812278,0.998454033907698,0.0156203455695249,0.999215727032816,-0.136468446932726,0.17687100814175,0.0576271013199047,0.862300910903539,0.0547948051962877,0.64397586548384,-0.0856040771559054,0.255047734013214,0.04675059315493,0.712455118413499
"Gmcl1",0.0102041797061678,0.998454033907698,0.0812887356019729,0.999215727032816,0.117890257943311,0.503657287963311,0.0195548456944989,0.99429389708379,0.171405477417133,0.322973368428641,-0.442665975336936,1.30764423426678e-06,0.0178714278924681,0.935544880095462
"Gnai3",-0.059350281133491,0.998454033907698,-0.0210810588422718,0.999215727032816,-0.00471427659783497,0.98077032175629,0.0412909463858147,0.974185554464106,0.199815612872033,0.136211349067089,-0.332943933202207,1.7356924555696e-05,0.291493553182588,0.0282783790258345
"Gnao1",-0.0572395271175872,0.998454033907698,-0.0263843951815706,0.999215727032816,0.0297042367172207,0.692238773494574,-0.0167622069257989,0.993193144482628,0.0533506296799772,0.464827087742751,-0.029725924992035,0.514705597286582,0.0912950835130607,0.220541405470309
"Gnat1",-0.132614095312036,0.998454033907698,0.0677696677485873,0.999215727032816,-1.23309204693427,0.079160193075061,0.950957949324458,0.319321574687719,-0.246027366013786,0.798232847678164,2.00622834690041,4.64698365976572e-05,-2.38263383861266,0.000698470891590013
"Gnat2",-0.04370784438204,0.998454033907698,-0.0382915711959091,0.999215727032816,0.0321749973351501,0.505762814747196,0.0461749776079559,0.430874168038893,0.0529776362161206,0.249547802692144,-0.0328179152468712,0.315207844895796,-0.0264633070808099,0.604747445442632
"Gnaz",0.0369293332724943,0.998454033907698,0.103279722536394,0.999215727032816,-0.411186014557851,0.155570331233359,0.36823091838689,0.327681164209967,0.495829591269997,0.126478851762202,-0.315583806140219,0.130285512668598,-0.578682697949882,0.0840414883590349
"Gnb1",0.2316357775382,0.998454033907698,0.14402425245056,0.999215727032816,-1.60207976543988,0.0376372302413129,1.0215661879214,0.34362267205271,-0.154706201296657,0.89687405029265,1.92376198275899,0.000679544917585479,-2.72604182066653,0.000649327524062843
"Gnb2",0.136454202792651,0.998454033907698,-0.30447155287159,0.999215727032816,-0.118826113333656,0.691572686438988,-0.157016158304496,0.810949983850539,0.366298576876964,0.161962296016209,-0.424509162095021,0.0188471910440899,0.876602984087043,0.000117814329704281
"Gnb3",0.282902083188785,0.998454033907698,-1.00236053948407,0.999215727032816,-0.126383722802327,0.902166181877767,-0.424211748086729,0.856861575592082,1.09737592720437,0.155616226249393,-1.28629312266941,0.0162030949840189,2.56784019115792,0.00013840677369553
"Gng13",-0.0329668287878599,0.998454033907698,-0.0267709905676423,0.999215727032816,0.0438430616920444,0.18368130130809,-0.00058602398579749,0.996357979649697,0.0188946416037118,0.62311340895378,-0.00721916981265816,0.782615982151913,0.0144950460766425,0.72249033279976
"Gngt1",0.0719633624621494,0.998454033907698,0.174980106621042,0.999215727032816,-1.29276328290466,0.0376372302413129,0.821448115510353,0.348927948636541,-0.288332278086161,0.735101461389232,1.64125129027674,0.000230511928500448,-1.93292325511673,0.00422573742648991
"Gngt2",-0.00592448239250942,0.998454033907698,-0.0294484106583181,0.999215727032816,0.0164590025172031,0.771212098236773,0.0315109711820546,0.749721871868772,0.0110902476727248,0.852828274270429,-0.0697260888769581,0.0230871744753935,0.0799538124870973,0.0945256234756442
"Gnpda1",-0.0256519585578739,0.998454033907698,-0.0103630661985247,0.999215727032816,0.00966559364035768,0.913822055270319,-0.0114947486311662,0.99429389708379,0.101524096993378,0.126478851762202,-0.110499584404758,0.0109212343575813,0.0753404646570238,0.280161853179505
"Gnpda2",-0.015157526044113,0.998454033907698,-0.0114122570454261,0.999215727032816,-0.0454531266131666,0.662623435078092,0.126735562972726,0.205400939359996,-0.0132127565051916,0.920243422405798,-0.132644683051927,0.0285395704832206,0.154179473200921,0.109647138677181
"Golgb1",0.131654872723509,0.998454033907698,0.00855187430298887,0.999215727032816,0.17657510617369,0.554080234193256,-0.0321347651603467,0.99429389708379,0.201350933901803,0.490272416030399,-0.829450317140142,4.11616616678446e-09,0.521011247504522,0.0674077906483447
"Got1",0.137164270530964,0.998454033907698,-0.0383767709981651,0.999215727032816,-0.620888613209789,0.0179565820084687,0.500122848160519,0.144718218553511,0.112983165348507,0.739904465014643,0.298895184722889,0.139546523451534,-0.710544321897479,0.0159406124198624
"Got2",0.0161125012994163,0.998454033907698,-0.112436510073139,0.999215727032816,-0.377798013459876,0.0962703878585588,0.447359966670772,0.127831653019435,0.173674178843193,0.528057084488808,0.248951166454742,0.159329695818893,-0.703564777140252,0.00470926838196378
"Gpam",0.0493111719238606,0.998454033907698,0.102940505804004,0.999215727032816,0.031747232938455,0.902166181877767,0.078575813839394,0.938188895755276,0.115109805589486,0.589159731252495,-0.56793743899818,6.44886999933025e-09,0.268621415913929,0.206042733523652
"Gpcpd1",0.0593964848905936,0.998454033907698,-0.235477054610646,0.999215727032816,0.0487317672143629,0.873587013869099,0.117053325869485,0.890929888240764,0.114937832269563,0.662045998127501,-0.551316600836288,0.000164368904904706,0.77072181103812,0.000401514497136214
"Gpm6a",-0.00896134570841656,0.998454033907698,0.00124373917321319,0.999215727032816,0.0383611817009799,0.483099451284378,-0.0181804532789507,0.96300529916161,0.0277679596839346,0.616076547659513,-0.0940172340977821,0.00588049284643867,0.0892857224322376,0.0875453754061669
"Gpn1",0.0590544637771186,0.998454033907698,-0.101020198850666,0.999215727032816,0.0614578214404188,0.584435400376842,0.0161294592287519,0.99429389708379,0.110572988851072,0.294581315811719,-0.187753763140191,0.00374783818916959,0.0562329811679598,0.630383286813028
"Gpn3",0.0791766207897853,0.998454033907698,0.0110953556305675,0.999215727032816,-0.111865643063513,0.398229609383157,0.10652561093819,0.606547768824052,0.112004598852636,0.420234704992854,-0.0861109003039846,0.324935164588106,-0.228108697879485,0.0981480586125966
"Gpnmb",-0.0158659074762366,0.998454033907698,0.0134765022834063,0.999215727032816,0.0339184014766301,0.35945151787556,-0.0340170821923838,0.501295097494436,-0.0218888148346729,0.576921448453565,0.00172655326766619,0.948605462349101,0.043626985745006,0.254787936403005
"Gpr135",0.03820219219442,0.998454033907698,0.0217019155231333,0.999215727032816,0.0219367284285784,0.647175931989038,0.00246215159049279,0.99429389708379,-0.0333842555086108,0.464827087742751,-0.0769353231952351,0.0048733948076881,0.0340613803046395,0.469779944041938
"Gpr137c",0.0252696236133683,0.998454033907698,0.134051242837674,0.999215727032816,0.0544090501900407,0.779773768838559,0.00463108381240929,0.996357979649697,0.111673326666637,0.514459242677013,-0.365075163961894,8.00955008304466e-05,0.00703413558188704,0.974459645807508
"Gpr152",-0.0628500936328447,0.998454033907698,0.0663955941888806,0.999215727032816,-0.00660294972243358,0.973931045129801,0.130742571876285,0.579998845427087,0.199364239902638,0.193413720027059,-0.274517077740081,0.00328430612111516,-0.131307620475264,0.444808381391215
"Gpr162",0.0552227082216934,0.998454033907698,-0.122929211638162,0.999215727032816,-0.0837641953279806,0.661174310625095,0.032984092624039,0.99429389708379,0.271045780363792,0.116150665116279,-0.288881770483084,0.00761539825923523,0.214974598866936,0.23707148461134
"Gpr21",-0.0374338193740043,0.998454033907698,0.0205606562647114,0.999215727032816,0.132068187687727,0.196539200985886,-0.0345629796849036,0.974185554464106,0.103704497174429,0.366125253549958,-0.293886585005715,3.25492614209063e-06,0.17082693528218,0.127328615040971
"Gprasp1",-0.0387870511502386,0.998454033907698,-0.0594439386790276,0.999215727032816,0.0896228198880652,0.597469216020138,-0.015907594478668,0.99429389708379,0.265505689159136,0.0896818539533011,-0.351446615882773,0.000140433284644411,0.168842230591931,0.30355779496186
"Gprasp2",0.0274061275860502,0.998454033907698,-0.0105850230728488,0.999215727032816,0.0209216365981845,0.645666243139342,0.0124230566508815,0.974185554464106,-0.00918161965037939,0.859747242587253,-0.0867118496677472,0.000445980979429312,0.0726619503159981,0.0833717441789685
"Gpsm1",0.307956958842285,0.998454033907698,0.257812955902518,0.999215727032816,0.187059014160552,0.676138023844861,-0.0697370766328236,0.99429389708379,0.410847172215434,0.330921686084119,-1.29043914640963,3.79656729837399e-11,0.152925599056771,0.743491241262911
"Gpsm2",-0.229493005369866,0.998454033907698,0.38023204723221,0.999215727032816,-0.427814800281633,0.132813166765514,0.470584124732156,0.196687190978413,0.28178089228787,0.409798339730411,-0.508768252881811,0.00995003080619281,-0.019948132259596,0.963249381559245
"Gpt",0.0176355324555628,0.998454033907698,-0.00701166335410638,0.999215727032816,0.0547421406546538,0.574275097301246,-0.0386920857588193,0.924753929245742,0.0744601158118541,0.429718199357867,-0.20251715739861,0.000249539751980417,0.161613879440022,0.0729308400038746
"Gramd1a",0.0344213256629472,0.998454033907698,0.0743889468484186,0.999215727032816,-0.0391124165851739,0.745213879503526,0.066171298239809,0.762492159987754,0.12863637639951,0.19804952148684,-0.245459035961549,2.11978643792419e-05,-0.0769279853326708,0.497875263454845
"Gramd2",-0.183287808263578,0.998454033907698,0.199393211267274,0.999215727032816,0.127049770516165,0.638300331699312,-0.0326936366628052,0.99429389708379,0.355895114641603,0.146217358701392,-0.63185155123094,5.13440916244244e-06,0.230276190558373,0.381729293368322
"Grcc10",0.192812100348624,0.998454033907698,-0.314095857861806,0.999215727032816,-0.469992773841833,0.059647903211064,0.396852633753819,0.205400939359996,-0.0188476357199745,0.969862889431072,0.557229064654438,0.00213582781291223,-0.572614056790423,0.0510511508169813
"Grik5",0.0110415804794692,0.998454033907698,-0.0794603359979132,0.999215727032816,0.100779373667539,0.359747583836975,0.0108311051725287,0.99429389708379,0.0531688983186807,0.649580842721129,-0.254959321232945,5.47106657497209e-05,0.269152181423566,0.010837093614189
"Grk5",-0.00401600853003799,0.998454033907698,-0.00584373630679778,0.999215727032816,-0.0080006272293355,0.862988415389002,-0.0123063519806891,0.968308065741717,0.0343104086998458,0.381488810175133,-0.0245255293217135,0.341747757125225,0.0347875499529667,0.389730853548615
"Grm7",0.25217661417146,0.0509327060146413,-0.118120778250321,0.999215727032816,0.0986586835788432,0.413244147346819,-0.0635985739066353,0.857962297733423,-0.0133967976051971,0.936038445583584,-0.197789895255668,0.0131416893039679,0.0396794140149445,0.764842923853743
"Grpel1",0.125672301210113,0.998454033907698,-0.0684691121778325,0.999215727032816,-0.164520076384167,0.100925666065938,0.143764557068037,0.255084793725434,0.0723770753934849,0.561612490746546,-0.047382398836674,0.538189694940131,-0.131401839397975,0.305426606582816
"Grtp1",-0.153085329645938,0.998454033907698,0.28961595457881,0.999215727032816,0.431370319959107,0.263058457031515,0.0279282251993846,0.99429389708379,0.132411095951813,0.781240477416973,-1.12540912539236,6.16010241379864e-08,0.599298987404053,0.158543089688015
"Gskip",0.0365627012796044,0.998454033907698,0.00486685691758704,0.999215727032816,-0.0823197780912981,0.244084678848659,0.0439762868394406,0.807899866130704,0.123492131331685,0.109879036233215,-0.0767805947185838,0.115458776671223,-0.109089386371993,0.165199918635127
"Gstcd",0.00352908310240097,0.998454033907698,-0.0238367474799123,0.999215727032816,0.081815618898985,0.597469216020138,-0.000767340084387835,0.996750134958794,0.145508838100706,0.321932342179916,-0.370050583864437,1.14591133332077e-06,0.259285283051983,0.0783442723010313
"Gtdc1",0.0299649148267116,0.998454033907698,-0.0515254510084449,0.999215727032816,0.0179813565633462,0.861495133919236,0.0556700768802654,0.749721871868772,0.0109515587009184,0.924896353367351,-0.161050026441954,0.00149339982074738,0.163027456721536,0.0527619200356839
"Gtf2a1",0.117945603730535,0.998454033907698,-0.153320529727449,0.999215727032816,-0.266878917115153,0.0962703878585588,0.243210493136055,0.220341164298786,0.230129190207793,0.216448014717669,-0.235479508501657,0.0394892885376426,0.0812231819964137,0.712455118413499
"Gtf2i",0.240696621050332,0.987915157375208,-0.125000075097944,0.999215727032816,-0.232665186332254,0.247796471731939,0.231038148677164,0.360961643645126,0.172574492518316,0.447711086490637,-0.208520951572204,0.11969123533789,-0.191852666316461,0.427937376172353
"Gtf3c2",0.100644329006589,0.998454033907698,-0.00801355963464223,0.999215727032816,0.325411662303946,0.34435947350181,-0.0641053529352713,0.99429389708379,0.389382369102947,0.255691381198298,-1.07007562772978,1.53045476818999e-10,0.46694428623238,0.188997449620845
"Gtpbp10",0.104133855759862,0.94128116945861,-0.0646004589916647,0.999215727032816,-0.0246804872894584,0.826557131742287,0.0312768463538455,0.961295219507048,0.0408615460996498,0.670364705884987,-0.133967544726441,0.0178823609797716,0.0638213322490413,0.520047441669987
"Guca1a",-0.66753292435573,0.704736577890568,0.592035589233595,0.999215727032816,-0.503815230574563,0.28513620338775,0.6629911398304,0.205400939359996,0.0159372734570313,0.986643519430546,0.290776687952203,0.400516247775394,-0.674660320846591,0.174326039876918
"Guca1b",-0.502817773331455,0.998454033907698,0.310362506581556,0.999215727032816,-0.561823887009836,0.22537411524177,0.637352365068208,0.246369176671484,-0.01042490150106,0.994004963087202,0.754677081461448,0.011408100767765,-1.05145097920867,0.0387942724554087
"Gucd1",0.128308193659773,0.998454033907698,0.14362776965424,0.999215727032816,0.0626887317928102,0.887363957773465,0.138285400541228,0.938188895755276,0.351077028607502,0.33086397868695,-1.09924357858021,2.01358692670726e-11,0.347623443617357,0.352698795378985
"Guk1",0.349912727099427,0.998454033907698,-0.178434648744318,0.999215727032816,-0.92685837426019,0.0179565820084687,0.585676318282733,0.205400939359996,-0.0901684784143149,0.865394126407715,0.73783082822957,0.00651801994148938,-0.835799058176961,0.0551938227449295
"Gulo",0.0216902041750141,0.998454033907698,-0.0099420938341841,0.999215727032816,0.00453630998930965,0.954776333259366,0.021594524381996,0.958398978172115,0.0547876853195618,0.381488810175133,-0.0810472147645662,0.0457852088373289,-0.0332212731871373,0.615920189290349
"Gulp1",0.278898310644056,0.704736577890568,-0.075620939090724,0.999215727032816,-0.0693528246637332,0.776965438939522,0.11382204713865,0.835758803572107,0.136687088714456,0.528057084488808,-0.45618312218592,0.000112232348374015,0.0511995446534052,0.838034648219392
"H1f0",0.250777800363747,0.23076135449349,-0.00833390049842531,0.999215727032816,-0.179148124681779,0.158482247456971,0.0895677711293916,0.770249130587883,0.053690476107279,0.736343009777495,-0.237357792857621,0.00688334262104981,-0.00235344845243635,0.989641852262726
"H1foo",0.00764918154708372,0.998454033907698,-0.0487340937523329,0.999215727032816,0.114788035936773,0.0816752805799747,0.0333930107700644,0.919340320979294,0.0161627463386778,0.864868244667577,-0.173005792600733,0.000213535004151979,0.0770578416482993,0.331034632187912
"H2afv",0.13801814167357,0.998454033907698,-0.134814917968022,0.999215727032816,-0.533164507949435,0.0495094530872058,0.502788897541805,0.159220399218964,-0.0106126884753777,0.986643519430546,0.492213626688957,0.015614883137613,-0.794460047931361,0.00956934676047073
"H2afx",0.0494113020882942,0.998454033907698,-0.000178572662065057,0.999215727032816,-0.194196493112472,0.0275576593291387,0.068138848234449,0.762492159987754,0.110750822912822,0.30275338486467,-0.132354481956339,0.0455416755016191,0.154053009698241,0.170978922018975
"H3f3a",0.152080743812742,0.998454033907698,-0.206468251667265,0.999215727032816,-0.617495796223833,0.0107335074866885,0.379974824470852,0.19271620466749,0.170656940663612,0.530138024105367,0.234174670017696,0.178805343999925,-0.196487566390086,0.491951477201392
"H3f3b",0.62569356504367,0.704736577890568,0.0482443893259155,0.999215727032816,-0.895588227048655,0.0208599045516487,0.384777176657503,0.584462503208171,0.543617809556811,0.244208135451989,-0.330510020326687,0.272817570238107,-0.832958104979943,0.0809552112977351
"Hace1",-0.00543024294893502,0.998454033907698,-0.0178607766997977,0.999215727032816,0.0759971572153645,0.511056262137433,-0.0190102404873926,0.99429389708379,0.0152609252419376,0.920243422405798,-0.237341702737116,0.000326973386997918,0.322699122205333,0.00137360781776886
"Hadhb",0.209400852990943,0.998454033907698,0.160079075778814,0.999215727032816,-0.00566860451642315,0.987542322938949,0.0720149441483093,0.985437885648718,0.0557722035751644,0.865373349613249,-0.78326954074662,7.42268498648881e-09,0.408307797282223,0.137598167547376
"Haghl",0.0358482725126223,0.998454033907698,-0.0465661052692046,0.999215727032816,0.0760405902843748,0.533832594201558,-0.0908261611463486,0.632322851406775,0.0663009462975936,0.589159731252495,-0.199213593927134,0.00656976302113393,0.269013198476356,0.0172099842494119
"Hat1",-0.0578967290417849,0.998454033907698,-0.0254396934785815,0.999215727032816,-0.0441235107085794,0.717542071300344,0.111602396640564,0.396951604563563,0.113282340923377,0.311099350499334,-0.153881218785346,0.0143878991200742,0.0913831533319407,0.465737412677445
"Haus1",-0.00326837886601011,0.998454033907698,-0.0255088848946267,0.999215727032816,0.026656371851528,0.652272944043217,0.0238479120801686,0.911231460039727,0.0539114893594669,0.33086397868695,-0.0867437420420528,0.0076940133191453,0.0124887746859366,0.849804481773895
"Haus3",-0.0239915066005153,0.998454033907698,-0.0257922693705796,0.999215727032816,0.00752822925789792,0.941680893489945,-0.00191058052697207,0.996357979649697,0.155550364635844,0.0411233053173282,-0.107156931122488,0.0414201506497995,-0.0181403893323004,0.840712823635928
"Haus6",0.0412878988837193,0.998454033907698,-0.00717993647964899,0.999215727032816,0.0148146618103425,0.791528763424942,0.0019436683839319,0.99429389708379,-0.0307999616827341,0.526058346779825,-0.0371099991739511,0.233768523255077,0.0240992153032038,0.64320236149479
"Haus8",-0.0613963647048747,0.998454033907698,-0.0296126463475438,0.999215727032816,0.0532780633222731,0.583808276382824,0.0863936038477299,0.471312588086041,0.0803594755555617,0.394739351347916,-0.212237823009604,3.06002939100649e-05,0.137380887156862,0.146317687977026
"Hbp1",0.0989931949205367,0.998454033907698,0.136012313351739,0.999215727032816,0.0413431101259816,0.845318941570272,0.0109087212516044,0.99429389708379,0.148439279376882,0.394739351347916,-0.44210776751098,7.33835732306859e-07,-0.0637429143717112,0.742288739455757
"Hcfc1r1",0.0607491948344385,0.998454033907698,-0.0754166423719051,0.999215727032816,-0.159831471269486,0.0686694461238405,0.130835207618194,0.239336152962947,-0.054631629855161,0.611386899041917,0.159183253330863,0.0160886609692148,-0.0962925920125195,0.37753176445
"Hdac8",-0.0135919063226236,0.998454033907698,0.000840146677095754,0.999215727032816,0.0981211499240089,0.219429461252773,-0.00423675860609485,0.99429389708379,0.0707953618250238,0.424516055285593,-0.197657207725601,9.74872067153565e-05,0.063486335216285,0.491951477201392
"Hdac9",-0.113999990979657,0.998454033907698,0.082583055162631,0.999215727032816,0.0636776313447429,0.789153033742894,0.128174336362356,0.758220555819668,0.0812533318277069,0.708547670286013,-0.434452225430939,0.000182359620631168,0.309522775793359,0.12311343423015
"Hddc2",0.0600889450129277,0.751252712047797,-0.0224831188497944,0.999215727032816,-0.0187685453492049,0.731883034321952,-0.00331888450374174,0.99429389708379,0.0104629498236567,0.862046762606041,-0.0573088641095207,0.0635365588898191,0.0457997701585234,0.373073423697377
"Hddc3",0.0243084288690529,0.998454033907698,-0.0620941334232147,0.999215727032816,-0.00979329601443815,0.940478201014147,0.0468049593268379,0.87916139195481,0.0158387336838537,0.900249283416006,-0.176359004741052,0.00233329353369276,0.278541445979887,0.00189579803677348
"Hdgfl3",0.0248811113019103,0.998454033907698,0.0419805550687915,0.999215727032816,-0.184557681006066,0.091976639769464,0.207872545380238,0.151452467613476,0.00936271094406504,0.964921787608384,-0.11650321678195,0.136468036936121,0.00707955733701793,0.968665505113005
"Hdlbp",0.105526384464959,0.998454033907698,-0.0975896350954972,0.999215727032816,-0.155928117310674,0.190674536312373,0.199178790924987,0.173826409206081,0.0157110540941257,0.932328619312026,0.00902288259888595,0.919511251380753,-0.145593826140907,0.315977514877624
"Heatr5a",0.0922111503736873,0.998454033907698,0.129097231303334,0.999215727032816,0.21736743161809,0.496629783611648,-0.0286700438188565,0.99429389708379,0.286998748295571,0.374397888924739,-0.905916331546768,2.93237513566306e-09,0.257789752278725,0.44540289673005
"Heca",0.0769680561740183,0.998454033907698,-0.0228234089484698,0.999215727032816,-0.0994960662609856,0.470533914771137,0.0875900043060669,0.758220555819668,0.185179379363249,0.160387820176456,-0.270043847666422,0.000675183475998949,0.0350261134487905,0.829703935033858
"Heg1",0.0594985290745257,0.998454033907698,-0.0174221433795527,0.999215727032816,-0.144395020390485,0.677666756784268,0.0185705183482834,0.99429389708379,0.676879421604853,0.0221656191529259,-0.867865772020487,5.62360272499836e-07,0.384119734727334,0.24927565091588
"Helb",0.039493632204723,0.998454033907698,-0.0336174781024557,0.999215727032816,-0.0128508777967196,0.941680893489945,-0.0435774090939365,0.968308065741717,0.0667981339397748,0.630418129887009,-0.265636768777095,0.00120159189557678,0.425242146403089,0.000204211532356115
"Hells",-0.0163365480259733,0.998454033907698,-0.0121201516011376,0.999215727032816,0.0295166072368932,0.597338781626701,0.00961126594133166,0.99429389708379,0.0389025555081851,0.466341801264292,-0.110241356033709,0.000467050387280953,0.101600029318872,0.0424114230690909
"Hemk1",0.00211166180639966,0.998454033907698,0.0596017711439454,0.999215727032816,0.0807937738707953,0.636422002835309,-0.0379887345383754,0.993193144482628,0.114632526003164,0.480503267452081,-0.400904319991689,1.61412024104609e-06,0.282322879559225,0.0754308431567542
"Herpud1",0.0941249116743995,0.998454033907698,-0.013387617036353,0.999215727032816,-0.0506616070901311,0.767957034341252,-0.00720849972606513,0.99429389708379,0.298676471960288,0.0265700561915373,-0.290725101701189,0.000972409736886359,-0.106222883968336,0.496025356544718
"Hexb",-0.0247989883243409,0.998454033907698,-0.0198312842214685,0.999215727032816,-0.00254758085022422,0.965010692756667,0.0584290426604475,0.199200111983168,-0.0541172057148863,0.183749792118334,0.036662333787944,0.176979844726773,0.0209971247089564,0.652949309894182
"Hexdc",-0.0593295749466192,0.998454033907698,0.0796052478692375,0.999215727032816,0.318655663555768,0.140331987616261,-0.0821245113503188,0.964657454454587,0.133155402356182,0.604185626869879,-0.667381185724836,3.14868762084563e-07,0.437369936170297,0.0735266957972803
"Hexim1",0.105398043579377,0.998454033907698,0.0467225990661746,0.999215727032816,-0.179068613421694,0.229366362808331,0.127475496110582,0.614498863184916,0.276376997726138,0.0843472979696175,-0.294912767113951,0.00271358342743926,-0.209730894707643,0.206042733523652
"Hexim2",-0.0119734680341493,0.998454033907698,0.0453644955757515,0.999215727032816,-0.112609190305299,0.0958934182264535,0.0657297868583955,0.583191722524834,0.062287664313738,0.447496235653845,-0.07180058937366,0.167892710858066,0.0277377031470212,0.757838721387864
"Hfm1",0.0514418763294904,0.998454033907698,-0.0273896084075564,0.999215727032816,0.0198555997347287,0.846025755082806,0.00272876000770306,0.996126702619042,-0.0613066606292367,0.464827087742751,-0.148739492927191,0.00419085506170098,0.281835786647677,1.81293765587166e-05
"Hibch",0.0222525066011039,0.998454033907698,-0.0176889050271238,0.999215727032816,0.00616478559387995,0.939675533005941,0.0504537896741698,0.546189965483105,0.0476825015822407,0.429718199357867,-0.110264748999937,0.00131396054414886,-0.0118874268694751,0.865653733327208
"Hic2",-0.0146706391991822,0.998454033907698,0.0814684413475412,0.999215727032816,-0.0225627424551953,0.815696280542807,-0.0533777487233215,0.733345390663944,0.057347784033886,0.479664699765315,-0.151451699268684,0.00166618432927153,0.16551117577907,0.0301245307261887
"Higd1a",0.054167170596326,0.998454033907698,0.0197292114122639,0.999215727032816,-0.43730837237159,0.0179565820084687,0.288034748217833,0.205400939359996,0.0695039034329482,0.781240477416973,0.250289553344572,0.0710988704241013,-0.439446312020837,0.0403662811016096
"Hikeshi",-0.000473116882929503,0.998454033907698,-0.0140626569639696,0.999215727032816,-0.0294431741120001,0.808806349428765,0.0555733426326694,0.822879200484787,0.102079173683804,0.30627944991736,-0.195711900890744,0.000811387107878205,0.126957799059535,0.220541405470309
"Hilpda",0.0659904724204572,0.998454033907698,0.133356137298952,0.999215727032816,-0.107097948307112,0.396565366311065,0.106975416218081,0.572775052891439,0.0963556765538683,0.464827087742751,-0.205775756977368,0.010422048705572,-0.211939796507024,0.0919962359735358
"Hirip3",0.0677709378127787,0.998454033907698,0.227822814859221,0.999215727032816,-0.116797284931781,0.626918883292397,0.0158540675305336,0.99429389708379,0.359979116649905,0.109879036233215,-0.554532582709252,6.26417097305583e-06,-0.100695679986929,0.685076952244641
"Hist1h1e",0.468272122219465,0.704736577890568,0.173305047139483,0.999215727032816,-0.583297799896971,0.0530027286017014,0.445724650426488,0.24805776095477,0.327077852325357,0.372025251857923,-0.57472570737601,0.0123465934209536,-0.623331215254332,0.0777657753589968
"Hist1h2ac",0.0148558508763206,0.998454033907698,0.00194548233279301,0.999215727032816,-0.0268938154512282,0.606942655428556,-0.00875221955521943,0.99429389708379,-0.00439377380511263,0.951889815093381,-0.0365861247886674,0.275265781655202,0.103568877987095,0.0292271538023168
"Hist1h2bc",-0.0123517326760005,0.998454033907698,-0.16917241817436,0.999215727032816,-0.945769961798817,0.0124772444720404,0.706227039608827,0.124992590134268,0.302452128418991,0.480503267452081,0.501026875533074,0.0642417011170237,-0.656693772349642,0.113844682903491
"Hist1h2be",-0.0280554285828205,0.998454033907698,0.0151024242454619,0.999215727032816,0.0247986160258067,0.583808276382824,-0.0139615600952131,0.967621465666329,0.00665980898585433,0.904379334037706,-0.069916633282348,0.00976795775350125,0.114385037253333,0.00331780042230458
"Hist1h4i",0.0353997031782352,0.998454033907698,-0.0391670515187624,0.999215727032816,0.0024822389807938,0.9725791596965,0.0367241337064852,0.743300076686318,0.0757095715307896,0.154946852558326,-0.108108976347677,0.00119252192532012,-0.0199978540076672,0.744421560733705
"Hist2h3c1",0.0392865838654002,0.998454033907698,-0.00853638673095514,0.999215727032816,-0.10238748985517,0.371920629263696,0.0555303934278049,0.87916139195481,0.0830714804018897,0.48180647762604,-0.220372126912789,0.00118442546902295,0.249397657133466,0.0288215829889429
"Hist2h4",6.33298120950032e-05,0.999639854632032,-0.0526896497079483,0.999215727032816,0.0290639470243377,0.832082329769011,-0.0302098288563739,0.980754566325526,0.0960306921266258,0.39160287768077,-0.231519447065921,0.000537084291932933,0.324825747698698,0.00068546448304007
"Hist3h2a",-0.140057536105466,0.951141854512388,0.0855601150409655,0.999215727032816,0.00592726815092526,0.972490512108221,0.082288600821806,0.743521923144373,0.162314951659212,0.17071660546857,-0.111015620962738,0.184853736565264,-0.164401278115913,0.188381146578246
"Hk1",0.123569154121157,0.998454033907698,-0.277556372132467,0.999215727032816,-0.91099420223121,0.0179565820084687,0.43370917299302,0.473153076316914,0.467469896926909,0.331482852606772,0.556759789412412,0.0452311657545449,-0.677338921485354,0.165393057233967
"Hk2",-0.388388770580254,0.704736577890568,0.204425814609122,0.999215727032816,-0.327283388017717,0.229202504737346,0.532937628884893,0.0942716399609835,0.237409478352954,0.430564379032481,-0.0250674089471058,0.906349963546983,-0.420836675970682,0.161030137862029
"Hlf",0.00160440094891751,0.998454033907698,-0.00239854905808939,0.999215727032816,0.00281446117145623,0.977890685105121,0.0380054273790997,0.864268099028376,0.0904800721473897,0.216416593057393,-0.116534984761331,0.0124434004871952,-0.0408422857517297,0.624113753200154
"Hmg20a",0.0632933063217069,0.998454033907698,0.110233634344223,0.999215727032816,-0.0417047914127872,0.849269553072148,0.02923655669853,0.99429389708379,0.229128442001138,0.186301766896208,-0.414048523232639,1.7358179681614e-05,-0.0256444868880034,0.905408729978104
"Hmgb1",0.0489016770020333,0.998454033907698,0.0153327050685996,0.999215727032816,0.0607253997750353,0.686587838971238,-0.0668996247868171,0.880363032391658,0.0572434870240893,0.706022364510794,-0.292337760222535,0.000366774338270491,0.285581246945173,0.0359007956289987
"Hmgb3",0.0675061670734446,0.998454033907698,-0.0435766020582398,0.999215727032816,-0.0176864356003577,0.826544739315844,0.0634801838926786,0.43203019500011,-0.00200346853306188,0.987192072807732,-0.0226401321781163,0.592602867021119,-0.0895644175915802,0.201176517459741
"Homer1",0.0630690986152903,0.998454033907698,-0.00075375192313687,0.999215727032816,-0.0239523187509243,0.888106124701941,0.0384518741482489,0.9788631557912,0.239825412025452,0.0851117190623301,-0.253086191882785,0.00148186869651566,-0.158137030157729,0.291112888408722
"Homer3",-0.0399092450226293,0.998454033907698,0.00409961297541961,0.999215727032816,0.0173738201299385,0.876746482125276,0.0970845303458552,0.358424785278676,-0.010564318585776,0.933877289231018,-0.0328286292330697,0.573535962635878,-0.0641620519597346,0.544200729642249
"Hook1",-0.00345825285157275,0.998454033907698,0.194889307752983,0.999215727032816,0.188707723903652,0.527946181347729,0.127321750544014,0.912471636554691,0.131376496271869,0.684692838423691,-0.720184227617587,3.80757550459569e-07,0.05153919687371,0.889544996635062
"Hook2",0.0746776914297494,0.998454033907698,-0.0349815283639727,0.999215727032816,0.0465414961880217,0.793688210212581,-0.0807556191963491,0.836352776306697,0.172002050260851,0.235388917514284,-0.388498906395038,1.52209256071958e-06,0.336018684244696,0.0172533632053127
"Hpf1",0.181410391679833,0.555962018292062,-0.00512980134477864,0.999215727032816,-0.101378976940356,0.38321556146054,0.0759179902015653,0.755603821328566,-0.00684837889794682,0.972867628150552,-0.138045675380282,0.0359421676559806,-0.0483152465921102,0.737072669714181
"Hprt",0.0364289471734931,0.998454033907698,-0.139838876490547,0.999215727032816,-0.335165596491338,0.0602910057041929,0.285430100473061,0.205400939359996,0.0564034254690766,0.829875399787101,0.328751097780154,0.010116186994735,-0.389413919608669,0.0775125033028657
"Hps3",0.174231722501313,0.998454033907698,0.00433232763429192,0.999215727032816,0.153074668854959,0.541135500768289,-0.0628217326343221,0.988900656875455,0.13074301738717,0.602838521862026,-0.683989254308654,1.89079126422783e-08,0.425807363746485,0.0761075093919068
"Hr",0.0173784019994034,0.998454033907698,-0.101193912093813,0.999215727032816,-0.000948993740557125,0.997203608653625,0.204212732072849,0.443721392408063,0.251804986742027,0.21999806537715,-0.514224567988808,8.59012744105599e-06,0.205455867858408,0.356586389098226
"Hs3st3b1",0.145124208464934,0.998454033907698,-0.0551766073387592,0.999215727032816,0.163760701944551,0.692228210033021,0.0541579175600773,0.99429389708379,0.342855069976923,0.381488810175133,-1.13978208870865,4.29887050008479e-10,0.754028674156053,0.044173877668228
"Hsbp1",0.0704170567745941,0.998454033907698,-0.19690376575546,0.999215727032816,-0.438457608126369,0.0282920919457778,0.320166604309464,0.208362279093051,0.0503244303945969,0.864868244667577,0.479345599776313,0.00119482405040689,-0.470261416145489,0.0467605021895057
"Hsbp1l1",0.118961023305274,0.998454033907698,0.0959917469684357,0.999215727032816,-0.259975541283269,0.11501520706935,0.238672393604474,0.246369176671484,0.114179476333124,0.579603789859173,-0.0837486892751391,0.505991369816734,-0.451224172683573,0.0207745613624124
"Hscb",-0.0280877727622241,0.998454033907698,0.0228085658125317,0.999215727032816,-0.0196823119991437,0.575661392770218,0.0160190975145273,0.879791728905382,0.0070611529342177,0.864868244667577,-0.0103733785463487,0.652241900307965,0.0218732963066882,0.557383397663962
"Hsp90aa1",0.169993437394969,0.998454033907698,0.350524062327933,0.999215727032816,-1.23966646504557,0.0179565820084687,0.574963254744113,0.459043867830558,0.269203907558962,0.680976026900897,0.728955703028645,0.056773721097945,-1.56826451629647,0.00556021800886309
"Hspa12a",0.0638287531695703,0.998454033907698,0.00146279759920387,0.999215727032816,0.0228657736513219,0.767957034341252,-0.00313720118205618,0.99429389708379,0.00304721237353989,0.978377506912001,-0.130599657966932,0.000548127899715859,0.056524058528086,0.431495286260999
"Hspa1a",0.0619430496290794,0.998454033907698,0.0345104344714313,0.999215727032816,-0.310380351290113,0.0225345553962682,0.257929475204103,0.153153517081593,0.0617484135888955,0.735101461389232,-0.0885560313189819,0.422044452521112,-0.0597125702470223,0.745715188976903
"Hspa1b",0.0248846734217483,0.998454033907698,-0.0368025886235715,0.999215727032816,-0.255023431221671,0.0703520363023099,0.229121382016283,0.205400939359996,0.19562941949154,0.234852173011534,-0.0462826967905199,0.692577026399453,-0.219559740590825,0.205538316053242
"Hspa8",0.198515632957333,0.998454033907698,-0.107561181400402,0.999215727032816,-0.642264254515146,0.0179565820084687,0.367736451138547,0.24805776095477,0.293810784564094,0.333707625848519,0.137655277133184,0.495276608184563,-0.472443457681053,0.122710603803787
"Hspb6",-0.0419661939399825,0.998454033907698,-0.0606787770020452,0.999215727032816,-0.22999396783093,0.0601559475155911,0.196931458327287,0.205400939359996,0.155247029509306,0.29114420423559,0.051695279988093,0.601071939761473,-0.12341797700004,0.441731453107602
"Hsph1",0.101800165666234,0.704736577890568,-0.0226970637398697,0.999215727032816,-0.0490450014494913,0.551428945363932,0.0118759190720856,0.99429389708379,0.0115208166190034,0.913996884277763,-0.119387383678854,0.0149167145422663,0.097081512350596,0.236860012257896
"Htra1",-0.00347885453196417,0.998454033907698,-0.1976393829067,0.999215727032816,-0.433732641765618,0.0275576593291387,0.16564422479457,0.714280289649848,0.135913499012822,0.583782196119275,0.161008501926055,0.318625715012724,0.340850534730702,0.156680641563563
"Hyou1",0.0249649991003806,0.998454033907698,-0.099459192363569,0.999215727032816,-0.129364916194903,0.225295131161939,0.145980689537023,0.234613857659661,0.0254716537781601,0.862233929948276,-0.0289585026352184,0.693608897803806,0.111994894074879,0.397802939075835
"Ice1",-0.0275136946746953,0.998454033907698,-0.0932948604434977,0.999215727032816,0.0611181845538469,0.828451729130116,-0.0274495527954072,0.99429389708379,0.369498487817197,0.109879036233215,-0.552786455817589,1.5748435404736e-05,0.43900315389135,0.0490742277653806
"Ice2",0.191860364116162,0.998454033907698,0.0673537204528232,0.999215727032816,0.0898600435013823,0.662623435078092,-0.0826246136025095,0.912471636554691,0.173572276294087,0.367805894160864,-0.539124704143512,9.0767329832583e-09,0.092027948202239,0.659143715910999
"Ide",0.0449155830574988,0.998454033907698,0.0253290082003419,0.999215727032816,-0.0673607807685275,0.800923499290446,0.105887173683575,0.878860734103297,0.1386975479446,0.54317586919875,-0.266393896057319,0.0554835265749719,-0.00723765637450269,0.979333369841278
"Idh3a",0.086934618455663,0.998454033907698,-0.0294503911385773,0.999215727032816,-0.240394129738199,0.111296198551135,0.200438522820462,0.319321574687719,0.263410531466946,0.126478851762202,-0.128701274469157,0.271680304683293,-0.312346226976674,0.0783442723010313
"Idnk",-0.058936019142521,0.998454033907698,-0.0144405888320205,0.999215727032816,-0.00155638915792708,0.985613050029277,0.0084210526440678,0.99429389708379,-0.0316913634036144,0.64397586548384,-0.0422319201871264,0.361087930573207,0.261751592999656,3.39108062296472e-08
"Ier2",0.0078500577842493,0.998454033907698,0.22256976940342,0.999215727032816,-0.20184612028855,0.386350821991043,-0.0972737891441089,0.924753929245742,0.538438998312105,0.00574131144259864,-0.424716024074276,0.0039623704569009,-0.166549948815292,0.498271565722628
"Ier3",0.227056653293435,0.998454033907698,0.220824625580652,0.999215727032816,-0.377175298179904,0.0495094530872058,0.139722563606277,0.777956814068731,0.249934826022887,0.266176010508261,-0.367327862783263,0.00975276473031184,-0.27046710374571,0.255898391279132
"Ifitm10",0.0453449016450274,0.9673192607093,-0.0352470736500384,0.999215727032816,0.0200458641632575,0.647175931989038,0.00289272989585648,0.99429389708379,0.0152103333593557,0.736343009777495,-0.0371110890572258,0.164273668545179,-0.0265453781865108,0.55063204942776
"Ifrd1",0.0879213647278121,0.998454033907698,0.0875603260236326,0.999215727032816,-0.176237553450296,0.317358047368996,0.19527471382169,0.360961643645126,0.253398418290651,0.153973158575772,-0.329002406225012,0.00236721742849023,-0.282768784459916,0.134278561582192
"Ift172",-0.0141366503539153,0.998454033907698,-0.0660547391023996,0.999215727032816,0.125311740278434,0.413208438304846,0.0219126456312857,0.99429389708379,0.142240971571911,0.375648920136402,-0.362431788663366,1.52474041001304e-05,0.247130364446161,0.126555783395761
"Ift22",0.0425026219945663,0.998454033907698,-0.0749732823740485,0.999215727032816,-0.0993952503555282,0.402203216208744,0.0875424093173891,0.685058502136161,0.10174594724502,0.423958275166512,-0.0745295081067674,0.311122342907997,0.0205103612714247,0.894585543850798
"Ift43",-0.0112255211362688,0.998454033907698,-0.0342365305114183,0.999215727032816,-0.242335446319048,0.0503873335654658,0.16840632451576,0.319321574687719,0.103761235488888,0.496824943139587,0.0784380254133308,0.415305563181221,-0.10970879123459,0.512845522113837
"Ift57",0.0734856236100873,0.998454033907698,-0.175326233873902,0.999215727032816,-0.126445582901667,0.522325457962396,0.0627220840711668,0.967621465666329,0.178715726624366,0.362307315228179,-0.291307301639302,0.0149189074598549,0.479002567877913,0.00887584890843152
"Igbp1",-0.00927055888162132,0.998454033907698,-0.0661824530228862,0.999215727032816,-0.115824821265984,0.267321464440154,0.122895582823531,0.336430357359159,0.0229599441313723,0.865394126407715,0.0826496838571111,0.238748684663431,-0.055289102352824,0.666416779604704
"Igf2",-0.0495110445455417,0.998454033907698,-0.0129807318038889,0.999215727032816,-0.123642795157247,0.169697149507639,0.0455502675565587,0.903944134895629,0.054457998336145,0.60430228553439,0.192005018293308,0.00174298651851275,-0.169875223504183,0.0897485983943083
"Igf2bp2",-0.0602771914691798,0.808067291990135,0.0773410750008019,0.964432249885035,-0.0145485961710599,0.808806349428765,-0.0339488242665071,0.728186168575712,0.0356515700485189,0.481803136931886,-0.0104755645623213,0.765459766671636,0.00924466271317215,0.873043302340366
"Igfbp5",-0.0282662166005437,0.998454033907698,-0.0213844236576954,0.999215727032816,0.0477552094244289,0.109240193059219,-0.0130932672412967,0.944151471891908,0.0386375090444662,0.25961199954988,-0.0448068420425113,0.0451193167404704,0.0389807139753787,0.280841491320429
"Igfbp7",-0.0195438960740479,0.998454033907698,-0.0234166939218405,0.999215727032816,0.0446799360469683,0.345007730659018,-0.0385459083389394,0.605361051215357,-0.0482479144501921,0.318057935915433,0.0370370596445739,0.263199770300012,0.098737204794634,0.0330869178205366
"Igip",0.210223645809207,0.998454033907698,-0.154070535369265,0.999215727032816,0.0554142039124381,0.822588915016817,0.0611750147151021,0.974185554464106,-0.0029072088843437,0.994004963087202,-0.412175913739345,0.000439975805416054,0.389829596336138,0.0494917055679975
"Igsf11",0.0765434934239624,0.998454033907698,-0.0858725213421174,0.999215727032816,-0.14752722246008,0.728089935259933,-0.070536408771759,0.99429389708379,0.719056192702621,0.0411233053173282,-0.924195953597963,9.4518636149835e-06,0.671182291129396,0.0710983235341347
"Igsf21",0.111689880450832,0.165463516529344,-0.0746751014386713,0.999215727032816,-0.0139257481916978,0.85602015936981,0.0233422825712536,0.944151471891908,-0.0296313068310268,0.644476977631314,-0.0257974565036555,0.562577986026106,0.00807408319258957,0.910330501163461
"Igsf9",0.0528676275147268,0.998454033907698,0.147280980068538,0.999215727032816,0.261057566107287,0.371920629263696,0.131903278654032,0.907073354848468,0.0558855878193818,0.87854221281379,-0.842580746791366,1.20791172123718e-08,0.24488272104876,0.437231960002995
"Ikbip",-0.071094901584504,0.998454033907698,-0.0180002455301668,0.999215727032816,-0.169405321398935,0.0563693521527913,0.105641102996657,0.423154994528447,0.116386312119138,0.269941079087054,-0.0230743751585316,0.749079850314513,0.110210636091795,0.334030994426338
"Ikzf5",0.0250225439877749,0.998454033907698,-0.0270258028281019,0.999215727032816,-0.1921520273945,0.100182330949364,0.19418518857169,0.197121845461924,0.130851216589703,0.354464655883518,-0.0794188176479123,0.37340154966144,-0.111095546402063,0.467649768632785
"Il18bp",-0.0260725780361375,0.998454033907698,-0.050408821513292,0.999215727032816,0.168649719129222,0.0841771110646817,-0.0697103921515256,0.784692168028494,0.0687190262759574,0.565818444911354,-0.253441571649374,0.000231260635663981,0.278855459203389,0.00891753026515618
"Il6st",-0.0140993100106112,0.998454033907698,-0.203369526996932,0.999215727032816,-0.0470230085928736,0.867256359324339,-0.0682624196344627,0.974185554464106,0.44189768125868,0.0411233053173282,-0.413534820958074,0.00336357507659375,0.521896361415147,0.0192040505506802
"Immp1l",0.0687958067859562,0.998454033907698,-0.0359263912847827,0.999215727032816,0.0325817115647262,0.86126569235887,0.076322192635113,0.86672815208466,-0.0322349574166148,0.864868244667577,-0.305504418165866,0.000224945061913581,0.322129433173798,0.041325401530423
"Immp2l",-0.00424323477513917,0.998454033907698,0.00829326029978246,0.999215727032816,0.0436262811959962,0.457561869437309,-0.0434970767086443,0.663728032251431,-0.000992478853858642,0.994004963087202,-0.104137770990546,0.00455183269562173,0.174462434663499,0.000610594842097735
"Impad1",0.170277801704957,0.704736577890568,0.0201037677768551,0.999215727032816,-0.152077656744161,0.199417041334399,0.0591268570261052,0.903716149601545,0.12095918150329,0.367805894160864,-0.28752884245742,8.00955008304466e-05,0.0680345235767765,0.646673465828417
"Impdh1",-0.0533203130211879,0.998454033907698,-0.149839356521105,0.999215727032816,-0.576539092724215,0.157831979380763,0.540008462279846,0.301283885568682,-0.0612677982184806,0.926226103238373,0.890311581315131,0.000456033674183739,-0.97456735434973,0.0396278740351348
"Impg1",0.142031492585364,0.998454033907698,-0.681838938626314,0.964432249885035,-0.140931899080575,0.76843873040243,0.386948779423272,0.473739659380664,-0.172732309124199,0.71330635499161,0.680723856733709,0.00295974345178284,-0.272311393813249,0.568554675396605
"Ing1",0.0562780111687608,0.998454033907698,-0.00276555100674514,0.999215727032816,-0.212031356921982,0.0275576593291387,0.119493726367717,0.396951604563563,0.158445352037494,0.159180039988072,0.0109307205449826,0.897150822728015,-0.252205540877885,0.0267140253625633
"Ino80c",0.105621703689836,0.998454033907698,-0.0638165735160209,0.999215727032816,-0.125967219134528,0.231035290021222,0.1131409540015,0.422355493623331,0.10383296334008,0.369745733891307,-0.0271939398361458,0.735863351836928,-0.208308030324923,0.0638838489809194
"Insig1",0.0068844548677296,0.998454033907698,0.0290211160514566,0.999215727032816,-0.0149150747003859,0.828451729130116,0.0193184309065326,0.958681088970413,0.0441004480589102,0.438265576771073,-0.141963644658803,2.71686717207535e-06,0.0850623915151782,0.127185721286964
"Insl5",-0.0705904322087338,0.998454033907698,0.0956655304788148,0.999215727032816,0.110598331616636,0.34435947350181,0.00146794915360349,0.996357979649697,0.00565642280673312,0.976952609786748,-0.274913003339984,7.2652072823841e-05,0.213073050811145,0.0675711634236705
"Insm1",0.463734929519407,0.555962018292062,0.0247276822223028,0.999215727032816,-0.247326979602976,0.416663675966219,0.178972721673664,0.808856510885017,0.373392956197294,0.209158506888072,-0.766549523586017,1.04355172723654e-05,-0.203504612073719,0.543851582028778
"Ints13",-0.060835794968991,0.998454033907698,0.0408746485884728,0.999215727032816,0.200913294766173,0.28739326383376,0.0381540546463559,0.99429389708379,0.216282024505201,0.266176010508261,-0.526631849278837,4.046687953739e-07,0.110332207450778,0.615889669452072
"Ints6l",0.0672374912535609,0.998454033907698,-0.0658696165773716,0.999215727032816,0.107394369445738,0.111627690972557,-0.00396880499731478,0.99429389708379,-0.00656466393967636,0.956799053596632,-0.15171193521177,0.00121375145274971,0.0816765541245341,0.319931121591671
"Intu",0.0088383334300195,0.998454033907698,0.00202506504961353,0.999215727032816,0.0494839951434715,0.800923499290446,-0.0105162756189499,0.99429389708379,0.211004527477996,0.174058305251808,-0.448184775003957,4.68389427449858e-08,0.288831046475074,0.071919415258793
"Ip6k2",-0.0510726193974973,0.998454033907698,0.60222772627628,0.999215727032816,0.106795419879045,0.859936664649516,0.129018077076533,0.985614272080433,0.492406499226085,0.318057935915433,-1.37374105851803,5.68618898661472e-08,-0.038591861719278,0.948768023494236
"Ipmk",0.212539609890453,0.998454033907698,0.130128336101039,0.999215727032816,-0.532035649161297,0.0203143626395892,0.432425969534752,0.153153517081593,0.116984996383403,0.694754037923317,-0.0633837247078398,0.738642803656592,-0.601661702079995,0.026430922081395
"Ipo5",-0.00527930229070261,0.998454033907698,-0.253377200089049,0.999215727032816,-0.294715341446634,0.398229609383157,-0.0949595486470561,0.984088223004888,0.638529264964136,0.0559782725490836,-0.450654419390372,0.0504570403257253,0.798985244917622,0.0171795360251653
"Iqck",0.0112452937647163,0.998454033907698,-0.0267498754103773,0.999215727032816,0.0772059217679406,0.231119986829934,-0.0341791868554486,0.874007161394681,0.00994446020123169,0.917440388027145,-0.151628614736867,0.000248316753296188,0.195122384833078,0.00189579803677348
"Iqgap1",0.114671508908237,0.998454033907698,-0.0537124076525543,0.999215727032816,0.0911730166057193,0.547334841944907,-0.00546468730721631,0.99429389708379,0.116943588026264,0.430192583450449,-0.402375326795356,8.95461102796001e-08,0.200693229804083,0.176733056911586
"Irf7",-0.0725548883061657,0.998454033907698,0.146138131966805,0.999215727032816,-0.0751804142141961,0.574275097301246,0.0807586149947642,0.762492159987754,-0.00761786865499392,0.970779849728322,-0.141084220449497,0.0927540109242847,0.105432777559789,0.432976909003725
"Itfg1",0.0131402294054965,0.998454033907698,-0.0616601809815059,0.999215727032816,-0.0933977300583495,0.606942655428556,0.112206408983648,0.746767356600977,0.0567578485667559,0.768539344284445,-0.187756898130878,0.0905238768825276,0.274680889572857,0.109400137020099
"Itga3",-0.00502405174238485,0.998454033907698,-0.0577116822116007,0.999215727032816,-0.00438596262242774,0.958091183318259,-0.0226125617050127,0.958398978172115,0.0176414001473883,0.811756821230022,-0.0609994178197189,0.164273668545179,0.242937504710512,2.2424020312273e-07
"Itga6",0.02534678394105,0.998454033907698,-0.0306699740392629,0.999215727032816,0.0382098825731779,0.477398687064956,-0.0336029401597174,0.764037660071581,0.0321049294858305,0.561612490746546,-0.0979363044972076,0.00292104553661422,0.111246419079945,0.0290990836809626
"Itgb1bp1",-0.0289631437528196,0.998454033907698,0.00589789095762605,0.999215727032816,0.00921562316475066,0.920358390980314,0.034387985818137,0.86710803625626,0.0381418310119379,0.596032399997816,-0.0750537479015515,0.100342772910825,0.023546272663246,0.759038449264136
"Itgb8",-0.0198328829958122,0.998454033907698,0.00586408685330528,0.999215727032816,0.0260291043095024,0.362093284290758,-0.0142411743491622,0.873488455023003,-0.0215148651781815,0.474006067532262,0.00440495524984319,0.828562804354667,0.0386488141947891,0.19630802112147
"Itm2b",-0.0284033126948859,0.998454033907698,-0.258399601473831,0.999215727032816,-0.329602697241505,0.091976639769464,0.503914999733096,0.0427435635421611,0.0666117230162229,0.809703707701601,0.0709055081179022,0.646491424889926,-0.0213390637036373,0.943730518270729
"Itm2c",-0.0226287478652509,0.998454033907698,-0.022180422760863,0.999215727032816,0.00587691156133668,0.940478201014147,0.0356318060226936,0.775201120000093,0.0276155603831311,0.65284745256985,-0.022856293060826,0.570918644680126,-0.00137884208541428,0.985362313952501
"Itprid2",0.131300228696711,0.998454033907698,0.0880490999498806,0.999215727032816,0.052276393729519,0.844612757858315,0.0268213639726314,0.99429389708379,0.133523290859911,0.54317586919875,-0.624715571677754,1.62633442473254e-09,0.259123854722539,0.236146599122996
"Itsn1",0.0412791865482544,0.998454033907698,-0.0288882886948048,0.999215727032816,0.0739086293918257,0.801308227009684,0.00383675560165553,0.996357979649697,0.203544377678169,0.413566363246331,-0.630440821578977,1.04650993941061e-06,0.5424700097464,0.0212337258498848
"Ivns1abp",0.265715305200073,0.998454033907698,0.255256284588271,0.999215727032816,-0.0775930197330412,0.843142631372221,0.0865125911662634,0.9788631557912,0.349991740565316,0.255691381198298,-0.783283692430208,3.20247047022861e-06,-0.327641285001294,0.316621611504632
"Jag1",-0.0611524724064263,0.998454033907698,0.314201097909703,0.999215727032816,0.0530259684537144,0.882093426215229,0.0228879922098839,0.99429389708379,0.329568352154108,0.241515781807631,-0.785669717628222,1.70795653914437e-07,0.117587574803423,0.712455118413499
"Jam2",0.376680436878106,0.998454033907698,0.151115026259485,0.999215727032816,-0.0375743685114269,0.939675533005941,0.174776301455186,0.874530478464792,0.257680444059356,0.488726382801778,-0.93834237668321,1.64728825362705e-07,-0.139560115525192,0.736418184338456
"Jarid2",0.322755287124212,0.998454033907698,0.0659053667244937,0.999215727032816,0.0466498173684707,0.921070988021433,-0.000879945609174482,0.998320195226683,0.289335188248846,0.424516055285593,-1.07581498803147,9.70142810136503e-11,0.478064913393704,0.182186207268534
"Jchain",-0.122507919926393,0.998454033907698,-0.03698577602414,0.999215727032816,0.2003897808529,0.303725577652226,-0.0250415296342623,0.99429389708379,0.146790706838783,0.480625663034697,-0.453994214509147,0.000106504738928952,0.501708111808555,0.00870332606252032
"Jmjd6",0.088211304853437,0.998454033907698,0.114068020244947,0.999215727032816,0.00983326414693853,0.9725791596965,0.00209566886253887,0.996357979649697,0.355275019456206,0.109879036233215,-0.630513839576319,8.41057706157262e-09,0.0134094243123584,0.962800272106163
"Jun",0.36745418247023,0.810924113596113,-0.0511443121350309,0.999215727032816,-0.278995952746662,0.349417228233871,-0.00659815136374664,0.996357979649697,0.41745315716225,0.153235360805055,-0.773024357295716,5.20283633919757e-06,0.458703105820286,0.128616975209225
"Junb",-0.0196864970446505,0.998454033907698,-0.0424402486454416,0.999215727032816,-0.168296715557488,0.279873967741782,-0.109181881870052,0.743300076686318,0.428040264529934,0.000236895918695254,-0.165035436283326,0.139546523451534,0.115904628623888,0.499906224945761
"Jund",0.259834249311144,0.987915157375208,0.0844124178928052,0.999215727032816,-0.388502828089891,0.0526307123157276,0.15457926010121,0.756182652981305,0.344418880854596,0.141796702892153,-0.45413646414063,0.00173006134484586,-0.104328247093663,0.693947063423342
"Kalrn",-0.0154296287990149,0.998454033907698,-0.0167899814007526,0.999215727032816,0.029479395814153,0.67173495157905,0.00396657044063242,0.99429389708379,0.081440317877692,0.18886145605407,-0.0747467566248283,0.0898391515400604,-0.021006233115207,0.764842923853743
"Kat6b",0.0713967464927829,0.998454033907698,-0.204074466503917,0.999215727032816,0.338621298774148,0.229202504737346,-0.0140684739794019,0.99429389708379,0.307095268693871,0.318057935915433,-0.831099133391173,1.9392806557341e-07,0.526331433360991,0.0840414883590349
"Katnal2",0.0941222393862038,0.998454033907698,0.00344798456641815,0.999215727032816,0.298063781701478,0.154632774700641,-0.0918431354168003,0.938188895755276,0.133449049374949,0.589159731252495,-0.607778915230531,1.69284162556822e-06,0.236983551042824,0.33590643170746
"Kcnab2",0.00460731166113937,0.998454033907698,-0.189464388499637,0.999215727032816,-0.521744070512699,0.023936677649658,0.52429602586327,0.0929333531466635,0.0114207589581712,0.981429318104457,0.418976087858084,0.0161818454654245,-0.404212740146076,0.148345267597724
"Kcnd1",-0.0549321444352728,0.998454033907698,-0.0212414310650357,0.999215727032816,0.109138854713848,0.225295131161939,-0.0117541008780866,0.99429389708379,0.0610442200897925,0.54317586919875,-0.216070814300638,0.000212800997197667,0.230273779592833,0.0107593058503596
"Kcne2",0.0179755362163001,0.998454033907698,0.0182072372925874,0.999215727032816,-0.000231259479989698,0.994378829017785,-0.00276671908974804,0.99429389708379,-0.0232263732783746,0.424516055285593,-0.00433850297111718,0.823481584007608,-0.013926279372079,0.655428477370054
"Kcnj14",-0.217406094135402,0.998454033907698,0.46454353213373,0.999215727032816,-0.540664686599177,0.187164925763057,0.679317185222951,0.178067897665765,0.285127441328208,0.555177547980177,-0.0675280668269137,0.831599314828966,-1.15203446021708,0.00857135199779479
"Kcnma1",-0.00555327638371583,0.998454033907698,-0.0266911414426984,0.999215727032816,0.0397342558688486,0.520861512758762,-0.0106245984202775,0.99429389708379,0.0563189425870237,0.352722778803811,-0.0650575115307148,0.11292168297174,0.0170232912962114,0.799345268441688
"Kctd12",0.0164131511281807,0.998454033907698,-0.000567375486571597,0.999215727032816,-0.0288578148638853,0.390315061957028,-0.00222456376825535,0.99429389708379,0.0204673455651665,0.567162765555182,-0.0106193071789389,0.646777490207321,0.00593090813241556,0.885567461140564
"Kctd17",0.0043868075454862,0.998454033907698,0.00441725777997959,0.999215727032816,-0.0298667873701552,0.429039683415444,0.0284592864907018,0.658542850424824,-0.00358909802203691,0.950569797646004,-0.029136694618092,0.22867782980624,0.0417784994259678,0.309239598053785
"Kctd8",-0.0161217081917461,0.998454033907698,-0.0347385144914427,0.999215727032816,-0.00436820866553678,0.940478201014147,-0.0366887168382642,0.564313722767726,0.0412220309798816,0.344446184163101,-0.00501355998265834,0.874167561714569,0.105814752427966,0.00802114311614573
"Kctd9",-0.00367091692405155,0.998454033907698,0.0500502647977395,0.999215727032816,-0.021453831544907,0.835930032781358,-0.00738637481457113,0.99429389708379,0.0957596468226693,0.241132102667954,-0.185837408810988,8.12986785923425e-05,0.10579335986685,0.218492726250189
"Kdelr1",0.104701725273584,0.998454033907698,0.00748531929975943,0.999215727032816,-0.212864616759284,0.0563693521527913,0.216843556387055,0.147873645411126,0.0798628512483697,0.572394683553818,-0.0858382739689349,0.324609389061368,-0.231042068222511,0.0952472324708737
"Kdm2a",0.149700152195844,0.998454033907698,0.251527964250516,0.999215727032816,0.14795227498898,0.740073861728264,-0.0767835990917511,0.99429389708379,0.488549998612416,0.196052155311325,-1.1646142504502,1.21113695425478e-10,0.19611272349784,0.649282963270889
"Kdm3a",0.084314851614129,0.998454033907698,0.111865409409614,0.999215727032816,-0.081775143703926,0.7721151555284,0.0243311402462181,0.99429389708379,0.45986666814214,0.0411233053173282,-0.57503276382841,2.36312684211853e-05,-0.139237536540331,0.601265833768679
"Kdm5d",-0.0269192142069813,0.998454033907698,-0.0108173448012967,0.999215727032816,0.0562362635748978,0.590198166419018,0.0150997336251351,0.99429389708379,-0.0240279687207248,0.837862141164776,-0.170102041229842,0.00634807128049748,0.281251032677106,0.0010274018658697
"Khdrbs3",-0.0247969768278478,0.998454033907698,-0.029896054381795,0.999215727032816,-0.154665134778784,0.15920173423485,0.196001820836374,0.153153517081593,-0.0470333105455271,0.736343009777495,0.164772123198564,0.0269439710298814,-0.17035306138588,0.202608264294863
"Kif1a",0.163605466314278,0.998454033907698,0.190442110713467,0.999215727032816,0.10703618898469,0.737461638540341,-0.0158742495636033,0.99429389708379,0.00932878317975394,0.986643519430546,-0.72052980354371,3.89649375535216e-07,0.374090075365596,0.20834169157731
"Kif21b",0.406513028542911,0.998454033907698,0.0730375389973057,0.999215727032816,0.253765814175828,0.660062946133738,-0.0727164739781849,0.99429389708379,0.515440683420737,0.337804694368432,-1.60751427226572,2.85155449238274e-11,0.553239445336483,0.313551666397839
"Kifc2",-0.0216769982294074,0.998454033907698,0.00532673713821552,0.999215727032816,0.110198246874512,0.101688576160669,-0.0660205783227039,0.572775052891439,0.0371665432619881,0.653358746371976,-0.139142496618553,0.00423566050361705,0.123988369393038,0.1149846825559
"Kifc3",0.00632708378991223,0.998454033907698,-0.0325306831810292,0.999215727032816,-0.0172683827543721,0.889511009149793,0.0729467977217681,0.69230831728279,0.06353194852406,0.5508639988962,-0.213540853141963,0.000163478945630622,0.197566351563087,0.0551938227449295
"Kirrel",0.254265308491742,0.998454033907698,0.172577493845955,0.999215727032816,0.350869316741515,0.462446450583215,-0.03139504492274,0.99429389708379,0.496551147247017,0.294815619729704,-1.39130221895116,2.93237513566306e-09,0.0679017733056337,0.904096812638868
"Kiss1r",0.0634815013515091,0.378186063752433,-0.0299693419634217,0.999215727032816,-0.0108971127831074,0.822388718658144,-0.0247204204423787,0.767720204118292,-0.00251903932106035,0.969862889431072,-0.0370831668636472,0.157244959103429,0.0679466997229384,0.0818154831060121
"Klf12",0.0130858968834164,0.998454033907698,-0.122696559856865,0.999215727032816,0.121781841276943,0.485343673616696,0.0753958185811776,0.911597198987894,0.044769082686809,0.832085469578865,-0.304194406553311,0.00195755282705473,0.291925249965054,0.106332550371092
"Klf6",0.148366899931553,0.435611714160118,-0.0578517885727153,0.999215727032816,-0.0976986058372352,0.270671032350196,0.0218754917065729,0.994223261414321,0.0208382096246521,0.856521599051218,-0.110284446888075,0.0755067486986276,0.111072872135902,0.246100725314926
"Klf9",0.198705049749426,0.998454033907698,0.130231326615768,0.999215727032816,-0.313600424457549,0.247796471731939,0.240252461363572,0.584462503208171,0.432746020538249,0.132213944090311,-0.388529536628759,0.0353908331471046,-0.644681041391338,0.0234457557992329
"Klhdc8b",0.373330802423959,0.704736577890568,-0.00444501141892295,0.999215727032816,-0.0237872099056318,0.950731180772157,0.0882091050303352,0.974185554464106,0.264268931986176,0.375869886133495,-0.772306710315908,4.81878684179146e-07,0.00229972470783379,0.993859013757489
"Klhl15",0.0670258345109178,0.998454033907698,-0.051314591458036,0.999215727032816,-0.00948475378050695,0.918064401279657,0.00297443451758017,0.99429389708379,0.0358719073829916,0.624768427165276,-0.0975704394257149,0.0235326851357158,0.0815350906564765,0.268942892536804
"Klhl21",0.122815039797332,0.998454033907698,0.0400799132735654,0.999215727032816,-0.0690792658459385,0.605453110298342,0.0138633324229596,0.99429389708379,0.191527255333737,0.117652960128263,-0.268308303849469,0.000207061612174272,-0.109871382055372,0.412444181213589
"Klhl23",0.0672032441230471,0.998454033907698,-0.0532265748696727,0.999215727032816,-0.00274791555766329,0.987542322938949,-0.0339031489877219,0.98921870743614,0.185161001791165,0.148249620829319,-0.249691911742935,0.00144107574899137,0.12527853459331,0.371504034207233
"Klhl29",-0.0252286474445952,0.998454033907698,-0.0904893828180745,0.999215727032816,-0.224045476252234,0.105120439130196,-0.0395580551424717,0.992921655032801,0.223950202885369,0.150782453452719,0.00133529086937981,0.990060346683704,0.284994536124694,0.071919415258793
"Klhl36",-0.0897726145762874,0.998454033907698,0.082189384999493,0.999215727032816,-0.0357865995471406,0.941439134157954,0.11248196339965,0.974185554464106,0.415717766150023,0.241132102667954,-1.00617854769877,1.15483970203406e-07,0.836886119302204,0.0146584481478565
"Klhl41",0.00338533347388281,0.998454033907698,-0.078262423253599,0.999215727032816,0.0891524622500088,0.349427284032844,-0.030122609464224,0.974185554464106,0.0559760532329562,0.580184610976832,-0.212934348587035,0.000258147310624022,0.30060581543237,0.000275619397922241
"Klkb1",-0.0154230687859426,0.998454033907698,0.00697570439100448,0.999215727032816,0.0753908655588704,0.0652761959318991,-0.0322998625623264,0.743521923144373,0.00139566572537719,0.988038689904564,-0.0773531008246566,0.0114012071508762,0.0697932029462093,0.159106057099739
"Kmt2a",-0.0350693348442712,0.998454033907698,0.0879781895126286,0.999215727032816,0.262892804253472,0.552597995248435,-0.155235637656496,0.953263882462959,0.389129025398468,0.366836954365544,-1.21682309028897,2.93755091996583e-08,1.08151418425506,0.00550527857780249
"Kremen1",-0.0461107187310722,0.998454033907698,-0.0850501427258843,0.999215727032816,-0.10288051706987,0.262575669348268,0.0196814203773876,0.99429389708379,0.0248582487391862,0.831816822113631,0.036307895856324,0.605649986684181,0.295691220680213,0.000380393930943114
"Krt18",-0.0437460555101854,0.998454033907698,0.00607548583889672,0.999215727032816,-0.277683893391915,0.019103148907245,0.158084373917775,0.329073526647687,0.0707374063579771,0.628727311705398,0.148598942334389,0.107439713955704,-0.100287703698545,0.512845522113837
"Lactb2",0.0352793491909495,0.998454033907698,-0.0485271392205308,0.999215727032816,0.074621447747869,0.436810487568503,-0.0597307163919955,0.770537182587806,0.127553665689288,0.17071660546857,-0.190063293180134,0.000667300140831378,0.0895842821612466,0.386435274508343
"Lactbl1",0.124589468312307,0.998454033907698,-0.0676100822030754,0.999215727032816,0.147105338913813,0.521339561726926,0.0804304648739657,0.95747362166575,0.0612898236275403,0.816695417490323,-0.472900556066203,0.000174371221646997,0.173401639144557,0.481093477424331
"Lad1",-0.0604780722027047,0.998454033907698,-0.214001758135269,0.999215727032816,-0.138093531584936,0.640265828180251,-0.192033033256611,0.71208828503167,0.292256619719942,0.267785285757929,-0.209568341996786,0.280130476570021,0.952667031191621,7.33842085755197e-06
"Lamtor2",0.0285218683944752,0.998454033907698,-0.0874345297185044,0.999215727032816,-0.214281685357669,0.098438283594377,0.175644375116353,0.306479815546386,0.0822710891952393,0.602424182244857,0.188555276883758,0.0589266717326063,-0.29898263819444,0.041325401530423
"Lamtor5",0.0882099041953879,0.998454033907698,-0.132420239062392,0.999215727032816,-0.203483587925814,0.0652761959318991,0.0695124174495421,0.850809772891846,0.203137943116583,0.121920178437686,-0.0306833243668825,0.727502748990604,0.000412840195947783,0.997584395627839
"Lancl2",0.165617188435082,0.704736577890568,-0.0809025895829342,0.999215727032816,-0.078453064315449,0.545741211384095,0.040244257018589,0.968396724618599,0.151041102074708,0.209158506888072,-0.0856401307086356,0.311122342907997,-0.231518793508522,0.0599443241243391
"Laptm4b",0.148431983681353,0.998454033907698,-0.0753807500678474,0.999215727032816,-0.577637826558128,0.12160797301566,0.602373979818216,0.205400939359996,-0.107059118534747,0.848992016260874,0.532827465928899,0.0382211305385352,-0.92240508019547,0.0403347060621158
"Larp1b",0.0473595099989577,0.998454033907698,-0.0206948569017927,0.999215727032816,0.00922442177572813,0.903656215017289,-0.0343031107553892,0.810949983850539,0.0391098395410817,0.528057084488808,-0.105211892633898,0.00522673759383943,0.102647060952067,0.0833357426944276
"Lats2",0.075311917555438,0.998454033907698,-0.051465396300528,0.999215727032816,0.0745093668937398,0.649705623909853,0.105982732634775,0.71208828503167,0.134076898689503,0.387471349108785,-0.371113218665112,5.13440916244244e-06,0.0124658650907703,0.948394106398507
"Lbh",-0.00150964567584078,0.998454033907698,0.0757107915204855,0.999215727032816,-0.523982820820945,0.0275576593291387,0.530323998319314,0.0942716399609835,0.0437933794413696,0.909198228682626,0.216558283261842,0.263416716330882,-0.621187243203908,0.0292271538023168
"Lbhd1",0.212037672003519,0.998454033907698,0.172663473185816,0.999215727032816,-0.0754896304810327,0.838479761498233,0.113817265811041,0.94410847522641,0.33086155814458,0.258763629920531,-0.68526607122182,4.54822004506826e-05,-0.25149102542651,0.43254773309359
"Lca5",0.103970938956563,0.998454033907698,0.0810246591137727,0.999215727032816,-0.00646219435817041,0.989413906481284,0.16945129216022,0.883204768305573,0.281322589661675,0.446169799801388,-1.04605664278182,5.19018017884235e-10,0.62196573849483,0.0826159959010702
"Lcorl",0.0465934928562389,0.998454033907698,-0.0185472073768738,0.999215727032816,0.0199799202128889,0.905635007272838,0.0270088591228084,0.99429389708379,0.00167582376712511,0.994004963087202,-0.26092643465312,0.000568419265352166,0.305699499435471,0.0212337258498848
"Ldha",0.375231708213826,0.998454033907698,0.28604010605188,0.999215727032816,-1.02107973779855,0.0179565820084687,0.529881888403051,0.388026144259934,0.460139593600515,0.39160287768077,0.0437288278162113,0.902976300339651,-1.331891781595,0.00633733449698998
"Ldhb",-0.0232476733943432,0.998454033907698,-0.0408731442044392,0.999215727032816,-0.140384211083843,0.0489830133251907,0.0965917198589507,0.319321574687719,0.061554289200487,0.480625663034697,0.131222347416217,0.0140421417274517,-0.139232083838412,0.101672460366006
"Lekr1",0.015889575302215,0.998454033907698,-0.000254327967728729,0.999215727032816,0.200354582831512,0.313824003740233,-0.04578309985328,0.99429389708379,-0.127069905276058,0.549060456297254,-0.423024053069716,0.000669822505137461,0.655209612217237,0.000182934657045985
"Leng8",0.225223934210094,0.998454033907698,0.247821408948272,0.999215727032816,0.681851727676801,0.28739326383376,-0.260465680865549,0.938884894570545,0.253315973248846,0.735357972770586,-2.04449892660579,4.05076237955093e-10,1.37801989356226,0.0320880563863211
"Leprot",0.0547090069022384,0.998454033907698,-0.011638498685922,0.999215727032816,-0.0364562485956526,0.663218894592562,-0.00561634975429165,0.99429389708379,0.106601484802604,0.153169783092188,-0.0914885999327664,0.078205938989515,-0.0480059641326811,0.562405538533453
"Letm2",0.0300412286749493,0.998454033907698,0.00417888157656199,0.999215727032816,0.0297240470829975,0.77183972645844,0.0166131943127836,0.99429389708379,0.0757998546385185,0.400068315928225,-0.224505616516049,9.6866062249883e-07,0.0949948770605151,0.301459354884009
"Lgalsl",0.0856764066461722,0.998454033907698,0.0496184736313794,0.999215727032816,-0.888689125519556,0.0176120686264149,0.346272349331995,0.54799313066728,0.380994163470313,0.356530727620218,0.483637746459139,0.0572687240489103,-0.826384607997748,0.0373456140201449
"Lgmn",0.244944396744986,0.998454033907698,-0.173526929129412,0.999215727032816,-0.366274486720276,0.0703520363023099,0.439499131458997,0.0942716399609835,0.0502770473516279,0.865373349613249,-0.0945896738622254,0.555626290676162,-0.216551888607305,0.418533005302008
"Lgr4",-0.0595557602557307,0.998454033907698,-0.0224012587404817,0.999215727032816,-0.0917436002875734,0.398992329228988,0.169751656542087,0.162761090649006,0.127958479742634,0.241515781807631,-0.172348005594625,0.00902213695243696,0.0728720172190028,0.558560996284338
"Lhfpl3",-0.111274940208781,0.998454033907698,-0.0508915019138001,0.999215727032816,0.0242698117534589,0.871868031100264,0.166418480946638,0.205400939359996,-0.0638100707051172,0.628727311705398,-0.0223455417237224,0.773303695740426,0.121591917117665,0.388419917604697
"Lin7c",0.0335643478878636,0.998454033907698,-0.10650489211814,0.999215727032816,-0.476474782820009,0.0179565820084687,0.43994054316854,0.0929333531466635,0.145471206519899,0.554619429333944,0.137940581966078,0.374403855047308,-0.312061077757197,0.204203560964841
"Lipe",0.0154940040741537,0.998454033907698,0.0614234297001484,0.999215727032816,0.00143837858851903,0.984012999531842,-0.000744897730376226,0.996357979649697,0.0268415415024189,0.643739226952499,-0.0974704773473594,0.0030432907237426,-0.0315677722328767,0.608380390284716
"Lman1",0.209698124173965,0.998454033907698,-0.396674920870141,0.999215727032816,-0.30548180877443,0.195945487088418,0.171841192600621,0.749721871868772,0.277126257432564,0.293546741242337,-0.229470475914187,0.176979844726773,0.474939690150033,0.075322774877178
"Lmo1",0.00278793911020192,0.998454033907698,-0.0263305141310564,0.999215727032816,-0.204052442321554,0.0870219895799953,0.00648312686293129,0.99429389708379,0.207024260706186,0.136211349067089,-0.0292217157526642,0.762193938273695,0.0698750425618078,0.657640822837033
"Lonrf1",-0.104255672161487,0.998454033907698,-0.127393491161119,0.999215727032816,0.0841422498718996,0.808806349428765,-0.0685944699582779,0.993193144482628,0.401756933658234,0.140698266011409,-0.664907661742309,5.6371392976485e-05,0.821492808814392,0.00078841322413129
"Loxl4",-0.00391661047164327,0.998454033907698,-0.0999718279261204,0.999215727032816,-0.0169477794936821,0.943423345878353,0.0119854418514032,0.99429389708379,0.0637545889087472,0.757902740053714,-0.294129115731962,0.0170743677220609,0.597612484109369,0.000111557511503462
"Lpgat1",0.084134371820273,0.998454033907698,-0.159602860362474,0.999215727032816,-0.163611214013871,0.505762814747196,0.420538932624432,0.11964975873391,0.00935582056760609,0.983146093139803,0.0711432603633848,0.644472723756156,-0.473267403589633,0.0651296115647045
"Lpin2",0.0503425340951349,0.998454033907698,0.110158859186976,0.999215727032816,0.122590388800828,0.58168495878913,0.0950496345702616,0.903716149601545,0.148426181577364,0.492596905724651,-0.574690808744626,4.04911069640327e-08,0.00691208107939101,0.979333369841278
"Lrguk",-0.0248895340138923,0.998454033907698,-0.0358537857802668,0.999215727032816,0.106268094300613,0.598983799849325,0.0350301842399414,0.99429389708379,0.094731912591362,0.628804231740021,-0.480940629492897,3.26556298708835e-06,0.513084770746004,0.00319471204939561
"Lrit2",0.111642314033442,0.998454033907698,-0.000444443426406871,0.999215727032816,-0.313340380383018,0.225295131161939,0.429136833331183,0.168003120300411,0.118265828664261,0.711946313230454,-0.454173341738429,0.0036464039107995,0.126386341804314,0.70943327574134
"Lrp2",0.00452671939850535,0.998454033907698,0.0518274151465273,0.999215727032816,0.192175200521647,0.0563693521527913,-0.00879255138800805,0.99429389708379,-0.00765191865026937,0.969862889431072,-0.282872228858896,3.9078033791626e-05,0.0601301594812302,0.649282963270889
"Lrp4",0.277781450779495,0.378186063752433,-0.0380653555591558,0.999215727032816,0.141023933824993,0.402954717092627,-0.0384020610701258,0.99429389708379,0.0365382565169443,0.862233929948276,-0.351653842733743,0.000439975805416054,-0.115336203845173,0.540748671429576
"Lrp8",0.0123492304661464,0.998454033907698,-0.0508368994453573,0.999215727032816,0.030484021850178,0.809475608852202,0.019893167892363,0.99429389708379,0.0211979460263719,0.865373349613249,-0.209360178769956,0.000873895585847028,0.303414949790404,0.00104520104092997
"Lrrc1",0.02667768249069,0.998454033907698,0.089458643629777,0.999215727032816,0.161518184296719,0.626918883292397,0.0118771631046577,0.99429389708379,0.263422100679313,0.404331614852498,-0.940955201452871,1.52842366734225e-10,0.593025075749738,0.0494973437252251
"Lrrc14",0.0215340613130734,0.998454033907698,-0.0404115438020259,0.999215727032816,0.0685232334735477,0.616834888996891,-0.00133050250902544,0.996357979649697,-0.0712207476010561,0.589159731252495,-0.229584914315696,0.0046860433191596,0.442030708923305,1.34106981505581e-05
"Lrrc2",-0.0785086219818109,0.998454033907698,-0.293772773605502,0.999215727032816,-0.234980672410156,0.605151625355124,-0.252905135560655,0.795002536366075,0.654176482709403,0.112858636219005,-0.540612390071209,0.0575845526449037,1.32767215181456,0.000189409439208147
"Lrrc24",0.0537284002845254,0.998454033907698,0.027765423636078,0.999215727032816,0.0136222200469613,0.859936664649516,0.00642737884441447,0.99429389708379,-0.00830834939179526,0.92212348257007,-0.11314867543561,0.00197954359436158,0.0157692504912791,0.834425673504629
"Lrrc29",-0.028377251860025,0.998454033907698,-0.0275001647532176,0.999215727032816,0.060062248838031,0.121200852018574,-0.00479029444899351,0.99429389708379,0.0228806369865502,0.625107221402118,-0.0686303344043554,0.0168570521816623,0.0836909227573895,0.055345921143525
"Lrrc61",0.061691078541291,0.998454033907698,-0.06515077852939,0.999215727032816,-0.0944926420326655,0.303725577652226,0.0984181562653058,0.394127357801898,0.125664683083056,0.174931419431621,-0.100464983210086,0.104620057072739,-0.0644844870809534,0.543873969607995
"Lrrc8b",0.137105846226166,0.998454033907698,-0.0285502470656702,0.999215727032816,-0.394611700173726,0.0392118022298077,0.344621561445225,0.178067897665765,0.258556027918966,0.255691381198298,-0.151622979567369,0.327764751298287,-0.348306231185539,0.139994409357626
"Lrtm1",-0.0183346815500418,0.998454033907698,-0.0139063382599972,0.999215727032816,0.0395695711696684,0.0757438944270619,-0.0117452068080198,0.907252249693684,-0.0152794795354486,0.586988684655802,-0.00210731709141432,0.910922784239719,0.0442303359505722,0.100739952437333
"Lsm2",0.0972386801113317,0.987915157375208,-0.0800344550089988,0.999215727032816,-0.0797677037562847,0.359747583836975,0.102964742822458,0.2922132681038,0.0402627409886651,0.670364705884987,-0.116054462836707,0.0312087916208139,0.0454139632714599,0.64964623306657
"Lsm4",0.038734550081235,0.998454033907698,-0.0811282039182569,0.999215727032816,-0.242116129365344,0.0507087081819207,0.188367466190969,0.228404064069256,-0.0235828700475325,0.902734351205188,0.225293760336242,0.0114012071508762,-0.17039858411572,0.280841491320429
"Lsm8",-0.00227186627437415,0.998454033907698,-0.0560118333857493,0.999215727032816,-0.0853485715162814,0.516987376633801,0.0965752100314269,0.658542850424824,0.131799327159185,0.31054069036874,-0.212938339293772,0.00539033761623537,0.211888690473871,0.109780089484746
"Lyar",0.124658995244339,0.998454033907698,0.174192611223378,0.999215727032816,-0.610185711368711,0.0179565820084687,0.424209425942605,0.199200111983168,0.263768891876977,0.404331614852498,-0.143420987337089,0.478454094335522,-0.492903540663281,0.115999976806438
"Lyrm7",-0.00968078651036786,0.998454033907698,-0.0160392261558304,0.999215727032816,0.0038652997893478,0.954446683076476,0.0259852967305216,0.863741640452937,0.0371220793144657,0.481803136931886,-0.0487270466669081,0.14692129875612,0.00991037797187844,0.870490650634863
"Lyrm9",-0.0368869526920161,0.998454033907698,0.0343331546040432,0.999215727032816,0.113072281534545,0.490671265475818,0.0113776812765924,0.99429389708379,0.254091508159273,0.112858636219005,-0.425474688141534,8.69220796800167e-07,0.0405329311460301,0.829703935033858
"Mab21l1",0.276333075855696,0.998454033907698,0.407883044793399,0.999215727032816,-0.74358312551057,0.0514990674811086,0.274301798889434,0.791012642534805,0.805303898652118,0.0763752927974566,-0.933974609178051,0.000496615682066265,-0.363652148277795,0.462055467589141
"Macf1",-0.0693674423860413,0.998454033907698,-0.0201362093500845,0.999215727032816,0.294373405787242,0.316758966891509,0.140180105339924,0.897381758929225,0.144997758422381,0.656368749883662,-0.809797614764964,1.43713964327436e-07,0.507553543898823,0.106332550371092
"Macrod2",-0.0931684424905013,0.998454033907698,-0.073874275238202,0.999215727032816,0.469951569899358,0.13111618688917,-0.115186627740617,0.968396724618599,0.277282471242597,0.448361884845903,-0.963427567510608,7.50073240180911e-07,0.827249457021607,0.0138660074234075
"Mafb",-0.0246032473451128,0.998454033907698,0.0359119744281952,0.999215727032816,9.72658067960874e-05,0.998693111470639,0.0699546019387955,0.357802385282148,0.0184905617543542,0.81072839602417,-0.12114935663347,0.00131908923677688,0.0243733398245752,0.744921090099015
"Mafg",-0.0135975524566877,0.998454033907698,0.127987276851075,0.999215727032816,0.224027861325784,0.280963996170635,-0.119538386786747,0.835017076892378,0.219684510106738,0.316458555631379,-0.625362801780053,1.153645570154e-08,0.262655624125202,0.243846116970457
"Mageb16",0.0055511629279078,0.998454033907698,-0.01743275900731,0.999215727032816,0.0276905120106595,0.638300331699312,-0.00129634939512085,0.996357979649697,0.0430010199156562,0.438629044027143,-0.0909318648938768,0.00922762832959926,0.0516548723010744,0.354031103288103
"Maged1",0.345815494918295,0.47983625427211,0.0453784988410226,0.999215727032816,-0.262175429145905,0.183172242544312,0.154518270657122,0.71208828503167,0.103244500610276,0.660404160995582,-0.422609700547863,0.000823296678547113,-0.0322988431199079,0.904344790861195
"Mak",0.0259957788907115,0.998454033907698,0.0157042797139941,0.999215727032816,0.451251440825645,0.482469206096684,-0.15038169241872,0.993193144482628,0.673587007687047,0.285168737490362,-1.87919993585989,1.38895617135736e-09,1.36365223801218,0.0247580381174698
"Malt1",0.0430729921444755,0.998454033907698,0.0232754978238412,0.999215727032816,0.0567566410130436,0.574275097301246,-0.0548831443502165,0.810949983850539,0.0742561212056181,0.45154775109189,-0.184735248476893,0.00132065816031886,0.0495587757442335,0.639624824257124
"Mamld1",0.191435245559929,0.998454033907698,-0.0660011314905519,0.999215727032816,0.183252210728853,0.503401999331084,0.0204700155999548,0.99429389708379,0.272952319140364,0.312837837844402,-0.718544362443948,1.48984449542395e-07,0.114754123936515,0.7037157439306
"Man2c1",0.0197098116291562,0.998454033907698,0.000952461438512818,0.999215727032816,0.101525251111305,0.3431961005581,-0.0412381490751978,0.94410847522641,0.0320755342046411,0.799882150229653,-0.250796545678719,6.06324222573475e-05,0.223906644468072,0.0337125621760184
"Manf",0.205689549127542,0.998454033907698,-0.0756669461795643,0.999215727032816,-0.355602801411997,0.0275576593291387,0.249330610589384,0.220341164298786,0.0155197393163624,0.957084603226507,0.0570962438566807,0.675020230414244,-0.194830550822668,0.334107751040594
"Map1b",0.0487642089932558,0.998454033907698,-0.31126153617098,0.999215727032816,-0.749227820448063,0.0397033105675461,0.496118434918717,0.333131933304758,0.17406088386562,0.735101461389232,0.728793115502204,0.00370944912640125,-0.626815753517888,0.187945568682206
"Map1lc3a",0.0535297705642752,0.998454033907698,-0.298205191900283,0.999215727032816,-0.47006873572707,0.0471439643212379,0.358328070340229,0.232875681046446,0.0116612646653849,0.981429318104457,0.64612413599383,0.000104491675922043,-0.470722074449404,0.0880563890182449
"Map1lc3b",0.173682093319352,0.998454033907698,-0.0727803465847607,0.999215727032816,-0.435358034857935,0.0179565820084687,0.332890986032078,0.168003120300411,0.0860823635946674,0.725285425916755,0.15209440018539,0.299511613787201,-0.44180797644473,0.0424114230690909
"Map3k1",0.238403148595543,0.998454033907698,-0.191251001554973,0.999215727032816,-0.201341511032211,0.380184526443883,-0.0442814580745567,0.99429389708379,0.363125478695966,0.112858636219005,-0.407469057360229,0.0038715958675131,0.378871834389086,0.100650661291143
"Map4",-0.202838693468754,0.998454033907698,0.185120770063182,0.999215727032816,-0.148995294148311,0.524876272345524,0.365227601741631,0.153153517081593,0.0460045402023754,0.867386537284504,-0.102133094211296,0.506478913943643,-0.272010490946672,0.261011590948992
"Marc2",0.0863318070112209,0.987915157375208,-0.05991535255508,0.999215727032816,-0.0534649222758456,0.511056262137433,0.0219388390638836,0.9788631557912,0.0436187497158888,0.598318043437202,-0.124479975112992,0.0106739158462947,0.137533943355492,0.0833717441789685
"March1",0.194188961655398,0.998454033907698,-0.155920468917011,0.999215727032816,-0.476404754376955,0.0222530282554683,0.383576483824326,0.162761090649006,0.111961223495064,0.674117272809164,0.211767664328183,0.195312919104364,-0.49132323047126,0.0486737648954965
"Marveld3",0.0074764973849509,0.998454033907698,-0.0127671222695072,0.999215727032816,-0.0394807694834013,0.492236522860918,-0.0162191822058667,0.9788631557912,0.0823710507203969,0.13666600594921,-0.080732737568202,0.0256488245280241,0.0977397273981591,0.0809293292363298
"Mast2",-0.185390313592559,0.998454033907698,0.251605303786664,0.999215727032816,0.120237893832523,0.67173495157905,0.11958510500151,0.903282388901035,0.182434074526933,0.496824943139587,-0.626534991422567,2.58005846957173e-05,0.179208232398906,0.532443941822531
"Mat2a",0.065936326079,0.998454033907698,0.349139488909308,0.999215727032816,0.57921674051214,0.36676774424847,-0.344990957124348,0.847936489039457,0.507310303499759,0.446169799801388,-1.94738152227875,1.0768624935441e-09,1.1958531035578,0.0566255796700717
"Mbd2",0.0128702707661272,0.998454033907698,-0.0587838347120997,0.999215727032816,-0.116674852320337,0.390315061957028,0.214420442737911,0.153153517081593,0.0860437192329579,0.555447372827243,-0.130702953017824,0.110944907826095,-0.028991355989938,0.866335655116532
"Mbd3",0.0821528364502542,0.998454033907698,-0.0319411095858655,0.999215727032816,-0.238192600509828,0.023936677649658,0.167309430890369,0.205400939359996,0.100102124010351,0.441185463197296,0.00351773840233904,0.967574158823191,-0.165639169937699,0.212722204962391
"Mboat1",0.023571240041711,0.998454033907698,-0.0365319690005563,0.999215727032816,0.0113529869869298,0.844612757858315,-0.00576078272417324,0.99429389708379,0.0378259947977366,0.424516055285593,-0.0693204617712395,0.0172967279133429,0.0635979980096113,0.175742956089308
"Mcm9",-0.0182810027372933,0.998454033907698,-0.0519838432300481,0.999215727032816,0.0210231391238349,0.883679784781705,0.00521601068657906,0.99429389708379,0.0979096671652986,0.408900439709626,-0.212893565296798,0.00308635785313869,0.273017002189627,0.0124746561839642
"Mcts1",0.161453801267068,0.998454033907698,0.0243856427225807,0.999215727032816,0.321259514926453,0.380808335823843,-0.0569826062686815,0.99429389708379,0.244982563923009,0.512973147553932,-1.12285896963527,2.51547507829785e-10,0.639943396489339,0.0762436016223617
"Mdh1",0.159916043668661,0.998454033907698,-0.171679198764125,0.999215727032816,-0.67639759681123,0.019103148907245,0.563764120255532,0.142559392648136,0.0904355018477474,0.825884379540083,0.457300227206786,0.0389054048570812,-0.745595910457972,0.0247580381174698
"Mdm1",0.336939022512103,0.998454033907698,0.331693053084796,0.999215727032816,0.394160237577939,0.463603166271552,0.026420715321037,0.99429389708379,0.330622361332773,0.561612490746546,-1.5807006042126,2.95938659471804e-10,0.0502555276555512,0.94148969757456
"Mdn1",0.0503224248033971,0.998454033907698,-0.0109374948523502,0.999215727032816,0.0462360031449034,0.612655408544724,-0.0296481308782117,0.960674353555298,0.0180926392276251,0.864058772281099,-0.18482950273366,0.000164368904904706,0.178581576758966,0.0331480627691292
"Me1",0.0314888625497894,0.998454033907698,-0.0871555901018801,0.999215727032816,-0.324979355707197,0.0511052642917103,0.274927945066155,0.205400939359996,-0.0568154158378618,0.80911591224824,0.3388181814034,0.00537254332335908,-0.287316691090293,0.158795355631425
"Med14",0.0871152268106409,0.998454033907698,-0.0718682778570033,0.999215727032816,0.0919477710784279,0.570269186177198,0.0430791852672385,0.9788631557912,0.071638450493314,0.660404160995582,-0.38706969045997,1.58675606994144e-06,0.256437787565171,0.1041338227735
"Med30",0.0385730616834707,0.998454033907698,-0.0566622807354795,0.999215727032816,-0.0781053910216409,0.324447978900889,0.1212176187574,0.178067897665765,0.0171909096694112,0.864868244667577,-0.0645568002633401,0.227389448674856,0.0322044269286381,0.731971980127222
"Med8",0.0353846275201377,0.998454033907698,0.014718657431984,0.999215727032816,0.104556705318522,0.541135500768289,-0.0683979737898608,0.92519764760551,0.231985372748779,0.146217358701392,-0.422768592919266,1.30050362447245e-06,0.136218434999796,0.442802639125343
"Mef2c",-0.124138117113481,0.984550848878045,0.103596705022087,0.999215727032816,-0.011535012139298,0.940166225094816,0.100564324655674,0.515358697915997,0.0305782235409382,0.81576563987237,-0.0208953616414834,0.794927962268677,-0.142546402538823,0.21095930216638
"Meig1",0.0122383574884103,0.998454033907698,0.000546624372731536,0.999215727032816,-0.0546195897107788,0.411316804220558,0.0613405447714175,0.501295097494436,0.0812056528189612,0.224105071368707,-0.0824974254536094,0.0408416634103295,-0.0472162149764307,0.54498587015335
"Meis1",0.0177372705532509,0.998454033907698,0.0565790067937057,0.999215727032816,0.368439707134389,0.323867563423733,-0.10594473452448,0.980754566325526,0.36501180011759,0.352722778803811,-1.13550523481485,3.06231177396563e-09,0.661035968513945,0.0823484909681069
"Meis2",0.0918335782010313,0.998454033907698,-0.181221684891702,0.999215727032816,0.133222675061288,0.514873897894703,-0.0187258417202995,0.99429389708379,0.0448044458102056,0.856521599051218,-0.38849572918192,0.000883940265694904,0.54892756893498,0.00328447384981097
"Memo1",0.206526687717187,0.998454033907698,0.0498882888245145,0.999215727032816,0.45505320466745,0.430961780148003,-0.305759376347163,0.851287120985269,0.498928411918972,0.40386146902003,-1.71927302785851,1.96986909786867e-09,1.27399249521667,0.0220990697574929
"Mest",-0.163335717312843,0.998454033907698,-0.166775706928926,0.999215727032816,-0.416787425425785,0.0730085255152928,0.419679216790136,0.168134355333665,0.45884193044684,0.109879036233215,-0.146037078052075,0.420835799586797,0.0236456114360211,0.948191457276318
"Metap1d",0.0105856396231097,0.998454033907698,-0.0101325330204219,0.999215727032816,0.131211602587957,0.398587720137028,-0.0294264448095074,0.99429389708379,0.0835694492898277,0.609456443599022,-0.411304848434997,7.23868653446479e-07,0.368369525592121,0.0156707337221703
"Mettl4",0.0386086933386934,0.998454033907698,-0.0374080246862591,0.999215727032816,-0.0209933840550824,0.767088557142227,0.014464789576431,0.993193144482628,0.0339674593151605,0.590094336456516,-0.0609832451628782,0.111683248178602,0.0503585862732128,0.441564986827108
"Mettl9",0.109564273313064,0.998454033907698,-0.080494603664818,0.999215727032816,-0.356548154050666,0.0203143626395892,0.206375297050787,0.327681164209967,0.134557077518641,0.474746919608719,0.182485554112087,0.13189102701021,-0.354927502235744,0.0492784753877341
"Mex3c",0.0601114722588403,0.998454033907698,0.171999727070918,0.999215727032816,-0.191483132893739,0.282462861523344,0.145129179404875,0.626558100764425,0.269798276732797,0.138345011174209,-0.385827677810308,0.00051335598714541,-0.203674420479871,0.291112888408722
"Mfap3l",0.00701418553552266,0.998454033907698,0.066216179091169,0.999215727032816,-0.144479964582652,0.314276173853858,0.11949120147289,0.602055261639078,0.271129554971287,0.0533376918935012,-0.247572305948469,0.00704099922364055,-0.175602108646011,0.253539042739207
"Mfge8",-0.308473849067395,0.704736577890568,-0.0322509175086896,0.999215727032816,-0.229437827238441,0.297962497394492,0.41674051349848,0.0942716399609835,0.308441395751352,0.168052495305071,0.0571424092823443,0.721488545544143,-0.358581036627583,0.127328615040971
"Mfsd2b",-0.00321714223557907,0.998454033907698,0.0206285694362166,0.999215727032816,0.10331582317742,0.105120439130196,-0.0138706827166053,0.99429389708379,0.0283774332724571,0.73447111225363,-0.187800481824919,6.89850199662106e-06,0.0753044638989787,0.325116635613513
"Mfsd8",0.0384706671690886,0.998454033907698,0.00100859529772612,0.999215727032816,0.0285549771254139,0.864303455716114,0.0115024976351608,0.99429389708379,0.136089228402269,0.330576606578604,-0.367551500338733,1.94235267502558e-07,0.230791164128542,0.0981836929164898
"Mgarp",0.119460893457789,0.998454033907698,-0.143229800358816,0.999215727032816,-1.40196424638752,0.0179565820084687,0.811827063637864,0.280529702972481,0.0897948599465748,0.923695601326769,1.37898783841292,0.000729074821747847,-1.44707558730991,0.028613426149938
"Mgat1",0.13846648140026,0.998454033907698,0.00645197636039345,0.999215727032816,-0.0769758467745457,0.772317981943176,0.207111832914529,0.501295097494436,0.155091302913799,0.507786630660293,-0.624835491299921,3.20245284660136e-08,0.265571609747366,0.270860014496918
"Mgll",-0.0240848551357136,0.998454033907698,0.0114639362309933,0.999215727032816,0.0326246089047043,0.402849523550616,-0.0116192218252034,0.974185554464106,-0.037761837284231,0.3438704308207,-0.0282849544967256,0.301418194439088,0.105908001122965,0.00301910044298808
"Mgp",-0.0303541961723913,0.998454033907698,-0.0172779533736724,0.999215727032816,0.0354814331170017,0.291795215046434,-0.0133451406200276,0.94410847522641,0.0320092401473022,0.375869886133495,-0.0297090914855718,0.206859345284324,0.0442095773161192,0.223799719353602
"Mical3",0.0147557446529994,0.998454033907698,0.00748497208199554,0.999215727032816,0.0587398007149601,0.457801669371011,-0.0258018044657587,0.967621465666329,0.0945361442995154,0.216352010233782,-0.191041355391678,1.45256479547708e-05,0.0511954066085017,0.552395177082885
"Micos13",-0.0200465911145835,0.998454033907698,-0.0556251466349087,0.999215727032816,-0.0917794453918455,0.406030284080878,0.128224814826546,0.316036426939469,0.1447342521713,0.177882316454138,0.0241156944960881,0.761969233092125,-0.233609074775699,0.0301245307261887
"Mien1",0.0395271811522679,0.998454033907698,-0.0794051232626107,0.999215727032816,-0.170442238058931,0.0602910057041929,0.166702357471314,0.162761090649006,-0.00620482095447272,0.972867628150552,0.166042009931153,0.0163057476017502,-0.195837983829221,0.0657324182908966
"Mier1",0.208854759464407,0.998454033907698,0.0134331001775587,0.999215727032816,0.043781268196589,0.887363957773465,-0.0176649947897296,0.99429389708379,0.23902079803753,0.3438704308207,-0.731060096339433,1.07983261084478e-09,0.336269545582722,0.188642706540693
"Mif",0.0143152393418465,0.998454033907698,-0.173880600101043,0.999215727032816,-0.257335333756896,0.104760312324151,0.147120706532025,0.609419578373545,0.0695129364954139,0.735101461389232,0.428707787382013,8.78447952603822e-05,-0.364412005973836,0.0398270847447025
"Miga1",0.0451900981630631,0.998454033907698,-0.111532912360422,0.999215727032816,0.202393667585796,0.398992329228988,-0.0158049101842808,0.99429389708379,0.241234131485031,0.323136980707249,-0.676128340245052,1.03900093017331e-07,0.505273585251909,0.0313660048148668
"Minar2",0.0446091684589207,0.998454033907698,0.00166993691459028,0.999215727032816,0.000641262333052617,0.992186255314098,-0.00421658356771581,0.99429389708379,-0.00904346643657317,0.895766681859744,-0.0837691773813207,0.0164969377172687,0.0777035102847338,0.147158005049921
"Mindy2",-0.0745497218193012,0.998454033907698,-0.150498239714353,0.999215727032816,-0.245576055741462,0.107162372234571,0.159637202812939,0.514581621992228,0.191926053069669,0.27615113915679,0.0419779566468077,0.735863351836928,0.15863105185012,0.405413170743487
"Mindy4",-0.0213514517854743,0.998454033907698,0.0414399312892373,0.999215727032816,0.0800075937931415,0.627706115877262,-0.0322387722398663,0.99429389708379,0.105951707379114,0.496824943139587,-0.403287642446161,8.08875895344069e-07,0.374126517802138,0.0101165615491282
"Mipep",0.00673970049809869,0.998454033907698,-0.0355453304368454,0.999215727032816,0.124882557396622,0.378678031567018,-0.0178504621132338,0.99429389708379,-0.028884322127164,0.865394126407715,-0.28875481016445,0.000569948771228334,0.412749287166899,0.00133428322399417
"Mlec",0.0621265689947146,0.998454033907698,-0.0183305653959196,0.999215727032816,-0.00462750908961151,0.962060282787357,0.00312986141648608,0.99429389708379,0.0351054132418369,0.643289924544509,-0.124493694949564,0.00293925301790127,0.0662890626804122,0.393620265079193
"Mlf1",0.0385733228264741,0.998454033907698,-0.109699092112802,0.999215727032816,-0.125073943262813,0.432319095485856,-0.0378828945172341,0.993193144482628,0.34473279283462,0.0133132696886872,-0.227809106216965,0.0270137250543567,0.185194267989952,0.254831255748335
"Mlf2",0.203787704709184,0.998454033907698,-0.171777558195071,0.999215727032816,-0.764275280579584,0.0179565820084687,0.530308888743408,0.196687190978413,0.208250166277615,0.591365034484361,0.46022207353825,0.0546605879090707,-0.833614386253879,0.020679217541474
"Mllt11",0.025273378853469,0.998454033907698,-0.0192890199458079,0.999215727032816,-0.0301361392731564,0.381579574862142,0.000313790428976904,0.996357979649697,0.0117880149463929,0.765532104720868,-0.00596278998067857,0.80278311743094,0.0304793626577937,0.416116371481292
"Mmd",0.129618370154112,0.998454033907698,-0.106260538108412,0.999215727032816,-0.332721815748639,0.0964231941114916,0.253495314604101,0.357802385282148,0.204528300407552,0.40386146902003,0.150318325590606,0.333780493773586,-0.54906147092038,0.0181953714490262
"Mocs2",0.059032890580649,0.998454033907698,-0.0232067750151056,0.999215727032816,-0.120806730601792,0.28739326383376,0.0969931606859958,0.595644229188155,0.0377909778835502,0.784925276314595,-0.133818262265338,0.0702454216328841,0.131263755620663,0.305951052025002
"Mpc2",0.00554732743794631,0.998454033907698,-0.0488907241593867,0.999215727032816,-0.248154640747466,0.0439672771550391,0.2179733222234,0.178595657473924,0.0454564525732742,0.791228591341854,0.212795135689201,0.021821809346115,-0.318126155580159,0.0281435708864086
"Mpdu1",0.095948484618527,0.998454033907698,-0.196186304067838,0.999215727032816,-0.307361051329739,0.0542516396225854,0.346431079712215,0.0942716399609835,0.0932645211824545,0.64397586548384,-0.0313051050725535,0.809457323329365,-0.00737291799977369,0.976078085102626
"Mpp4",0.120980443343488,0.998454033907698,0.0224339584961579,0.999215727032816,0.709560051371089,0.196539200985886,-0.161204859543182,0.986907463179586,0.450147251274428,0.481803136931886,-1.75512982454244,1.8224143568049e-09,0.917268234416551,0.142558743636265
"Mpp6",-0.0247941630307933,0.998454033907698,-0.0881831425775979,0.999215727032816,-0.0793085902289812,0.522325457962396,-0.0183638438504261,0.99429389708379,0.0839088541866818,0.490272416030399,-0.0908202161564876,0.275380103968631,0.396791477920447,7.57542714297375e-05
"Mpp7",0.0518432398407027,0.998454033907698,-0.0812263896051166,0.999215727032816,0.204268635891713,0.158482247456971,0.00953776685855301,0.99429389708379,0.0804937973404276,0.640320626514286,-0.359619814096085,0.00011549963553294,0.136918925660427,0.438193006612521
"Mpv17l",-0.0330547338628721,0.998454033907698,0.0294346066306074,0.999215727032816,-0.0215953902430068,0.637741793793302,0.0316663156222251,0.661144869752438,-0.0257905606387844,0.563513509891774,-0.0150926763456906,0.608369677697333,0.0626813663929021,0.148345267597724
"Mras",0.0762965772073492,0.733671679326959,-0.00909927887413708,0.999215727032816,-0.0507410804277557,0.402954717092627,9.51939545412728e-07,0.999980031017574,-0.0461144269794731,0.464827087742751,-0.0344506558274709,0.423489782162781,0.10622512573941,0.0778560071223091
"Mreg",0.0918154156459185,0.998454033907698,0.0342886050946756,0.999215727032816,-0.248800687540885,0.232142621123797,0.308123180238455,0.205400939359996,0.263152025429757,0.238604570371515,-0.212311331392413,0.150531245660624,-0.482899081883129,0.0301245307261887
"Mrtfb",0.00167273114251842,0.998454033907698,-0.00840250811132903,0.999215727032816,0.0727037958847497,0.295215179935975,-0.0323091511615068,0.907073354848468,0.0548409568953263,0.464827087742751,-0.146138960899914,0.000687000462094264,0.0902499371372545,0.225106642755553
"Msantd1",-0.00505262450809944,0.998454033907698,-0.00635576735101657,0.999215727032816,0.0643521562887823,0.511056262137433,-0.0333919896527304,0.958398978172115,0.137321377159802,0.136211349067089,-0.182315600268064,0.00218281200230503,0.0256359283065939,0.810847688484897
"Msh2",0.0376357635851866,0.998454033907698,0.0276063353843561,0.999215727032816,-0.0764012337771795,0.566443781885102,0.135723892162243,0.358424785278676,0.104009361140982,0.430192583450449,-0.21158458794254,0.00341250277510263,-0.065944224037901,0.652949309894182
"Msh3",0.00416318687320305,0.998454033907698,0.0506943936533735,0.999215727032816,0.198748691742288,0.371920629263696,-0.0671384027802644,0.974185554464106,0.127287003435505,0.586988684655802,-0.588768074780606,1.0266451105831e-06,0.435093601812981,0.0469956233887699
"Mt1",-0.0532599306222289,0.998454033907698,-0.0715190361136763,0.999215727032816,0.0258595417738383,0.820824188525541,-0.0212205066275642,0.99429389708379,-0.00997905694891482,0.936314447623996,-0.0280375816390413,0.676708612947315,0.300494763488745,8.30919276270172e-05
"Mta2",0.159673816351472,0.998454033907698,0.155935266516364,0.999215727032816,-0.0379812612797886,0.938512385314767,0.157372287910159,0.90722539588454,0.506159019238241,0.146217358701392,-0.928008419122612,1.89103294405822e-07,-0.172901067722317,0.663596313872897
"Mtch1",0.153318535447411,0.998454033907698,-0.108015138163769,0.999215727032816,-0.250349098666555,0.124037372599866,0.182061897583413,0.444320206909022,0.268706541465719,0.146217358701392,-0.169661276785688,0.159943505162036,-0.177693578352989,0.386435274508343
"Mterf2",0.0295448416460735,0.998454033907698,0.0550079465593716,0.999215727032816,-0.0140925285367031,0.904326286880379,-0.0219113035427752,0.9935127750171,0.111301516074448,0.215695736443841,-0.19509939672974,0.000325167734622014,0.0319368495010475,0.758244119949063
"Mtfp1",0.173798172000691,0.704736577890568,-0.0333112863685294,0.999215727032816,-0.145730720540926,0.234847960224239,0.189214557494899,0.196687190978413,0.0307415254682033,0.853380966528128,-0.147796628845385,0.069055673621126,-0.160177732744385,0.266117343344237
"Mtfr1",0.18343819159579,0.998454033907698,0.0441743771509748,0.999215727032816,-0.232945415150594,0.263058457031515,0.310852292649009,0.203102017264133,-0.0840051373782945,0.741923731003288,-0.130523471014385,0.345221873298512,-0.209988666744886,0.407392342928
"Mthfd1",0.0124773940343487,0.998454033907698,-0.00934605021535445,0.999215727032816,-0.00470858424538806,0.925489385202405,0.0213983869781335,0.810949983850539,-0.0199776524804401,0.611386899041917,-0.033239645950762,0.173803226041114,0.0573154340895585,0.14049769601977
"Mthfd1l",-0.00602200107409878,0.998454033907698,0.0406764415846226,0.999215727032816,0.00805346363686749,0.887363957773465,-0.0295868591774648,0.756182652981305,0.0266158420987707,0.581807048738676,-0.0575547162821043,0.0546605879090707,0.0229770675657974,0.647970948103782
"Mthfsd",0.0128437316397368,0.998454033907698,-0.0505959609578777,0.999215727032816,0.175939115588202,0.296736608848634,-0.063841573041371,0.954394253302962,0.147085971630511,0.412261229991355,-0.444817105602858,4.97033481979058e-06,0.363629445144755,0.0317132279934743
"Mtln",-0.0122012363302832,0.998454033907698,-0.0481466008237718,0.999215727032816,-0.0831573574037229,0.225295131161939,0.0637033243502739,0.552931057331601,0.0431293691069569,0.586332211772389,0.0533602041321936,0.262478052266959,-0.0217453862900755,0.809764338990009
"Mtmr6",0.161969016754187,0.998454033907698,0.137745065096254,0.999215727032816,0.128366803179795,0.67173495157905,0.0110230067773824,0.99429389708379,0.241024702857481,0.40637041950187,-0.88317712267256,6.27066387643163e-12,0.240199350686426,0.427543173610803
"Mvb12b",0.12515004131531,0.998454033907698,-0.0990590917721221,0.999215727032816,0.0675603112311194,0.752652056662822,0.0181288130095447,0.99429389708379,0.23536840341172,0.185012545759433,-0.491824150154677,5.14383052302211e-07,0.201195290281427,0.291112888408722
"Mvk",0.0794301107299788,0.998454033907698,-0.0437997761216146,0.999215727032816,0.0075066466060878,0.941680893489945,0.0515730779601482,0.744226334849321,-0.00234460634230527,0.987192072807732,-0.123540187374798,0.0100346992071969,0.0383646662978673,0.657993463437568
"Mxi1",0.155654067289091,0.998454033907698,0.0748965618218338,0.999215727032816,-0.25703946106655,0.117736595852546,0.210456200058416,0.337839726864852,0.229170011461976,0.218073556152296,-0.280831347375145,0.0166335483067631,-0.309436132563642,0.112928932481848
"Myh10",0.0322034793101689,0.998454033907698,-0.0156949354234618,0.999215727032816,0.0298178247318023,0.887363957773465,0.0685912390126726,0.929800898745576,0.0718001872494811,0.697608814360667,-0.433890795988393,1.0266451105831e-06,0.401714026149059,0.0160579879335892
"Mylk",0.0661113487211353,0.998454033907698,0.0979903524014496,0.999215727032816,-0.499151323105864,0.0563693521527913,0.630181233655418,0.0689005146862637,0.107888611687915,0.760677390872678,-0.0285949599067101,0.897150822728015,-0.721267632215145,0.0190000254054367
"Myo10",0.107953004162334,0.998454033907698,-0.240501949162289,0.999215727032816,-0.231511156287547,0.473937637792903,-0.0509018699682224,0.99429389708379,0.623816832498159,0.0411233053173282,-0.601474963069717,0.0025822249712421,0.644908011878488,0.0330869178205366
"Myo15b",0.0152968618354568,0.998454033907698,-0.0448073198502874,0.999215727032816,0.0699087471359104,0.1171265273742,-0.00226723713728261,0.99429389708379,-0.00801575392488307,0.904555113019044,-0.0856576091593177,0.00852473592054239,0.0961600818634996,0.0566255796700717
"Myo19",0.054236856723798,0.998454033907698,0.00328326532836283,0.999215727032816,0.0461387721123147,0.387308476769548,-0.0134212411964707,0.989667758022198,0.0463578152553413,0.399572602880069,-0.117008288370832,0.000224895752153552,-0.0556317176897076,0.312646155670025
"Myo5b",-0.0576958919673898,0.998454033907698,-0.0980340687870154,0.999215727032816,-0.0496524352107071,0.785528528383938,-0.070644237849472,0.89669104281016,0.0952269859444568,0.54317586919875,-0.140872290037975,0.189315407892599,0.587471104763063,8.57474923754785e-08
"Myo7a",0.142972200936085,0.998454033907698,-0.0388069986457177,0.999215727032816,-0.0250779726790142,0.916259732072824,0.148420179810118,0.590826968975668,0.241093730981269,0.17071660546857,-0.371001772776123,0.000366774338270491,-0.239973875375698,0.206042733523652
"Myof",0.0271757100378129,0.998454033907698,-0.0432117742320351,0.999215727032816,0.0163604493243543,0.790697469944375,-0.0482187338236471,0.473739659380664,0.0544206653730292,0.28613918957782,-0.0770663316374393,0.0198484953341149,0.120993788594518,0.0123366494271145
"Mypop",-0.0249975638993923,0.998454033907698,0.0113618339549044,0.999215727032816,-0.00219779550622811,0.98077032175629,0.0430538618558562,0.756182652981305,-0.00558126860698611,0.956799053596632,-0.0982276346723952,0.0214755210680398,0.131343359021029,0.0429131391337167
"Myrip",0.117957954080929,0.998454033907698,0.0345754744502105,0.999215727032816,0.124261927396243,0.61631632197275,0.0482227490871123,0.99429389708379,0.20175385852211,0.394739351347916,-0.616198591294478,5.61469069214444e-07,0.0762993442251167,0.768996179666299
"Mzt1",0.073834637597377,0.998454033907698,-0.0577194116304104,0.999215727032816,-0.111635383726474,0.195945487088418,0.075182163447023,0.616715734656011,-0.0307614697826594,0.781240477416973,0.0828344755943755,0.169456607321276,-0.0537919465331754,0.622175159629847
"N4bp1",-0.0120022917467242,0.998454033907698,0.0493854709953983,0.999215727032816,0.00585253510027117,0.972129665698208,0.0564058575722057,0.886865596221795,0.169342781316132,0.146217358701392,-0.308758242118348,6.70031072236656e-07,0.0314017118737808,0.826695045949779
"N4bp2l1",-0.0134247210758237,0.998454033907698,0.0404675021204239,0.999215727032816,0.0986003943763712,0.393375048569608,0.00304129306469117,0.996357979649697,0.162799402042744,0.146217358701392,-0.266294421696031,8.12986785923425e-05,-0.0801204215307919,0.521344645925714
"N6amt1",0.0282764587283865,0.998454033907698,-0.017727029515464,0.999215727032816,-0.00945489818343004,0.846025755082806,-0.0174418754408791,0.907073354848468,-0.0139922294292657,0.748744341625195,0.00975483017623174,0.721826042512578,0.0375226502114523,0.363176878080434
"Naa20",0.0928444503721133,0.998454033907698,-0.0366886250427272,0.999215727032816,0.0299720142337727,0.936317027138786,0.0887893565389675,0.966409445830831,0.221731707384706,0.423201555803076,-0.723611959903225,6.13908573679078e-07,0.507359928241514,0.0531611790855858
"Naa38",0.0815340682284668,0.998454033907698,-0.0704860769110839,0.999215727032816,-0.174336558924794,0.0514990674811086,0.149712899666417,0.199200111983168,-0.00840618791681552,0.957646012019063,0.15331990024057,0.0257246980396725,-0.23050178967965,0.0247632108768716
"Nacad",0.041583571983227,0.998454033907698,-0.000720346948166972,0.999215727032816,0.014128266946008,0.883679784781705,0.0201416400291739,0.989111337341283,0.0521360241046905,0.512184042014163,-0.19556832400609,7.25342261958429e-06,0.0978917389812802,0.218492726250189
"Naf1",0.0101892484639565,0.998454033907698,0.0332047059104772,0.999215727032816,-0.10566488536273,0.225295131161939,0.107476346409342,0.319321574687719,0.0433809273323083,0.670364705884987,-0.0578918108641315,0.344772829308931,-0.0703430598933288,0.50964776034405
"Naga",0.0272482188537566,0.998454033907698,-0.042813325181567,0.999215727032816,0.0942418008969556,0.544786737936256,0.0201758103042822,0.99429389708379,0.00248538590468206,0.994004963087202,-0.317370155923312,0.000268577420123394,0.363517876480631,0.0105191885856889
"Nanp",0.000869817762682468,0.998454033907698,0.00487678651668272,0.999215727032816,-0.0166253473800568,0.850395444821095,0.0308993568249537,0.913101757629351,0.101723341107747,0.143083947990912,-0.138377891359543,0.00145592106760662,0.011767963016669,0.888309550337981
"Nav1",-0.00873459346836147,0.998454033907698,-0.0243147014440601,0.999215727032816,-0.0730012707845777,0.462749107919429,-0.0169560870470267,0.99429389708379,0.0816337882775338,0.421226560526794,-0.127948147207779,0.0447133768004794,0.296672156504238,0.000696903188280838
"Naxe",0.0664142328781099,0.998454033907698,-0.0837384234951577,0.999215727032816,-0.115409305495423,0.30265229003045,0.100294928828671,0.548938385702873,0.186538933947812,0.112858636219005,-0.156731821132659,0.0272993629213695,-0.0194570275347032,0.892818404295779
"Nbeal1",0.00172105698102287,0.998454033907698,-0.132378751821966,0.999215727032816,0.173021509032444,0.340479687993703,-0.0172937551273509,0.99429389708379,0.0468597850527139,0.832085469578865,-0.40211766273233,0.000212800997197667,0.575148768410396,0.000380393930943114
"Ncam1",0.150996536606183,0.998454033907698,-0.545144598342127,0.694702566362972,0.00868646725837063,0.981930989512039,0.319219162170128,0.337515918187656,0.0382425514672962,0.926698817797873,0.141894655531757,0.400199263640239,-0.163498483297276,0.642591624267823
"Ncapd3",0.0195317276562577,0.998454033907698,0.00071286309760743,0.999215727032816,0.239967836439722,0.360640034894972,-0.0440321859710167,0.99429389708379,0.196666597176529,0.468116014620761,-0.774742404340282,6.90503809646438e-09,0.575639318228715,0.0238963785411817
"Nceh1",0.0337044315926778,0.998454033907698,-0.0355397617669073,0.999215727032816,-0.0956624374443349,0.154632774700641,0.105267011324187,0.204348801455403,0.013974130634624,0.881341783563789,0.0322355501396694,0.540891422716455,-0.0986355833388715,0.205538316053242
"Ncoa2",0.122536047866922,0.998454033907698,-0.019836944760322,0.999215727032816,-0.247699325848027,0.32720056751422,0.290799221089928,0.336430357359159,0.304235704429543,0.255691381198298,-0.365550247201648,0.0135579189139374,-0.220769195245085,0.467649768632785
"Ncoa3",0.076458365922581,0.704736577890568,-0.0264917366820703,0.999215727032816,-0.0275375248361676,0.668873490739157,0.0106296415876004,0.99429389708379,0.000725403544208136,0.994004963087202,-0.0378314600642227,0.34336819296234,-0.00359843327185883,0.963249381559245
"Ndfip1",0.339072674921097,0.998454033907698,-0.0745116713657223,0.999215727032816,-0.963373576775926,0.0192023393422831,0.718545479318064,0.18483418552329,-0.025757375063864,0.973602783779465,0.653984812918065,0.0348191669699827,-1.16818035818052,0.0139405930964855
"Ndn",-0.0186547491755502,0.998454033907698,0.00836828559671118,0.999215727032816,-0.145473593883296,0.0287888280612571,0.108848636142366,0.205400939359996,-0.0149298743830469,0.881702886339011,0.0697604729057647,0.191658572673413,-0.00815233679074939,0.938048083452832
"Ndrg1",0.73565244076559,0.550961672349898,0.124792031500606,0.999215727032816,-0.388845729371428,0.407401076241256,0.179705570502689,0.945388906124715,0.549525320271656,0.248067382586482,-1.13403436906305,1.5748435404736e-05,-0.363978131614493,0.486148072835534
"Ndst1",0.240368327716778,0.998454033907698,0.0478147781488948,0.999215727032816,0.0188455052133913,0.956840758574667,0.0146076217566373,0.99429389708379,0.262905460645302,0.332293891839243,-0.819119133121735,9.08577481003946e-11,0.302009895809339,0.277013510624131
"Ndufa1",0.0461388241693359,0.998454033907698,-0.228221637887094,0.999215727032816,-0.361251885779756,0.0958934182264535,0.270086065547627,0.367985458453913,-0.10595619951064,0.697457945998376,0.63742809813846,1.02015372482993e-05,-0.39287384735453,0.116508724977787
"Ndufa10",0.143433343223759,0.998454033907698,0.0517183012146138,0.999215727032816,-0.381227785598703,0.0376372302413129,0.32674733556311,0.181353941215489,0.0853819704529237,0.736343009777495,-0.181650054422036,0.181989874975589,-0.132939766206965,0.610720840189271
"Ndufa12",0.0627295979938665,0.998454033907698,-0.0681340523562868,0.999215727032816,-0.0336071030869836,0.869041723999872,0.11990665039405,0.699584023310697,0.054720749174888,0.781240477416973,-0.0208075760582449,0.850581810493741,-0.216493365480926,0.239758470315494
"Ndufa13",0.152262978088791,0.998454033907698,-0.252966637639852,0.999215727032816,-0.331797517451827,0.0546073224480373,0.313737196228053,0.168003120300411,-0.0258533043068541,0.926698817797873,0.297180727885502,0.0203418049069394,-0.248146337774449,0.253539042739207
"Ndufa2",0.0651481239262585,0.998454033907698,-0.122414990372151,0.999215727032816,-0.397484302892578,0.0337498952429873,0.254451805546237,0.327681164209967,-0.0509410112341771,0.854355187202498,0.504996934209799,0.000133597969487628,-0.4129649589853,0.0633258902646198
"Ndufa3",0.0350187137610742,0.998454033907698,-0.144723757532075,0.999215727032816,-0.18186275030507,0.0999100380323371,0.119102111966031,0.491631005200199,0.0538240223635916,0.708775037302526,0.134537579491488,0.0854533401559493,-0.0101328310450726,0.953195399572227
"Ndufa4",-0.0199667458959403,0.998454033907698,-0.357253890318836,0.999215727032816,-0.620784104413784,0.102685631156053,0.594232892811385,0.205400939359996,-0.238004991671704,0.605855604450225,1.14979501830416,4.58529264685353e-06,-0.778328050981273,0.071919415258793
"Ndufa5",0.0985902426050339,0.998454033907698,-0.153762429685393,0.999215727032816,-0.265613644853701,0.0696001166750767,0.235083439070548,0.205400939359996,0.126421462912267,0.481803136931886,0.0694945961383778,0.556637028051231,-0.200641295904112,0.277444396509569
"Ndufa6",0.00756333275521703,0.998454033907698,-0.0929100532394475,0.999215727032816,-0.32155556244338,0.0523491409516288,0.220532273574073,0.333705035563815,-0.105812458179748,0.608704880951365,0.455644643842056,3.84003179035302e-05,-0.246065449131175,0.23359809692129
"Ndufa8",0.107593057395094,0.998454033907698,-0.059410839000071,0.999215727032816,-0.293244267658419,0.0179565820084687,0.208358860420862,0.19271620466749,0.0867007421985933,0.566050362513956,0.0888406373599385,0.356917278329233,-0.259994346829662,0.0746850149237957
"Ndufaf2",-0.0354242273878297,0.998454033907698,0.0109870281186696,0.999215727032816,0.0386173876560898,0.586058854443035,-0.00800878299897817,0.99429389708379,-0.00708316389514474,0.940481426509527,-0.0684242967710837,0.110860539889686,0.123565779762413,0.0681597472459609
"Ndufaf6",0.0163196908403641,0.998454033907698,-0.0455891727336931,0.999215727032816,0.0319570889585012,0.808806349428765,-0.0210594914300254,0.99429389708379,0.116891244392374,0.266176010508261,-0.252103913481416,4.81445950196337e-05,0.254076245372619,0.0123460410908417
"Ndufaf8",0.00259355406535433,0.998454033907698,-0.0375029605811892,0.999215727032816,-0.0753742889643153,0.28739326383376,0.0625464203463349,0.571218493765156,0.0632540803504575,0.404331614852498,0.0686385532236793,0.165598749751492,-0.146863430079535,0.0426958124247055
"Ndufb1-ps",0.0698925575144584,0.998454033907698,-0.209132172954805,0.999215727032816,-0.262036624108453,0.115596331093973,0.256058095715127,0.205400939359996,-0.0740950405256074,0.731540547771439,0.399667830168908,0.000535380681329748,-0.27975009154498,0.151115324949632
"Ndufb10",0.0851409474151439,0.998454033907698,-0.0598959463910421,0.999215727032816,-0.399216979925533,0.0251601574281387,0.292461014412443,0.205400939359996,0.179799313658272,0.415059464209248,0.197689616078121,0.161103184980252,-0.538209572652099,0.0082062532618737
"Ndufb11",0.176064282734805,0.998454033907698,-0.174904414060143,0.999215727032816,-0.640179626897391,0.038787998236946,0.515822032640342,0.205400939359996,-0.207441171267775,0.590094336456516,0.823894147480767,0.000212800997197667,-0.826831912956742,0.0190000254054367
"Ndufb8",0.203762185394607,0.998454033907698,-0.153268369765901,0.999215727032816,-0.565137530146443,0.0253355924120893,0.408259525682913,0.205400939359996,-0.241754820564108,0.43629065479628,0.601977305503415,0.00108413427034721,-0.414465227186612,0.179040372020588
"Ndufb9",0.0682762454572821,0.998454033907698,-0.18769215972205,0.999215727032816,-0.514666488162778,0.0337498952429873,0.403675276257863,0.205400939359996,0.0552411204725654,0.87854221281379,0.531446506304022,0.00340906656842714,-0.597966041755811,0.0335944546175137
"Ndufc1",0.038118446635471,0.998454033907698,-0.125231184644986,0.999215727032816,-0.164849996360778,0.192892602679364,0.189544720751519,0.205400939359996,-0.0667406861883297,0.653358746371976,0.260879987524611,0.00150378667169031,-0.208041256745079,0.154989240273177
"Ndufs8",-0.000793278075006398,0.998454033907698,-0.0213910709685964,0.999215727032816,-0.241548504775348,0.0275576593291387,0.18752520354625,0.197121845461924,0.00406216048469032,0.987192072807732,0.145054079884223,0.0777328204697305,-0.120926429132763,0.404193755156401
"Ndufv3",0.0171934430747105,0.998454033907698,-0.230213432760688,0.999215727032816,-0.377219042285643,0.0652761959318991,0.358597552020104,0.181420349850687,0.080955555075878,0.77038623544512,0.401185620256259,0.00829052022719349,-0.406630690263414,0.0961070084754999
"Nectin1",0.0979457960677983,0.998454033907698,-0.134994919430582,0.999215727032816,-0.242670288230095,0.091976639769464,0.267610254061395,0.153153517081593,0.0674229485849869,0.730620109801819,-0.125914860158289,0.22685552444511,0.10953127136009,0.583730102570822
"Nectin3",-0.0228356190847157,0.998454033907698,-0.144259544068647,0.999215727032816,0.0103250825321207,0.94324274691299,-0.00617558104754279,0.99429389708379,0.121530411611131,0.273072923564054,-0.135595716530531,0.0743948527936291,0.322834036073149,0.00117959581932754
"Nedd4l",0.0158286425767007,0.998454033907698,0.104152999278621,0.999215727032816,0.0237436209869042,0.940478201014147,0.123568972974525,0.850228070338868,0.298407450245815,0.188249465578525,-0.639443772576217,6.78682514439508e-08,0.0458065621133121,0.868049551596414
"Nedd8",0.03047404964255,0.998454033907698,-0.116297957604226,0.999215727032816,-0.288253229628234,0.0529998334916958,0.226626485658983,0.228404064069256,0.049749228490959,0.81072839602417,0.286686832309791,0.00998016977448775,-0.315297790880106,0.0742795761355294
"Nefh",0.027568339022831,0.998454033907698,-0.0447143343998865,0.999215727032816,-0.0961957047685282,0.362884197666297,-0.0188493694383689,0.99429389708379,0.201574438767027,0.0411233053173282,-0.16823909581691,0.0144263773449889,0.157360954862622,0.137608432840762
"Negr1",0.0937110753359149,0.998454033907698,-0.184316359593361,0.999215727032816,0.175754095864216,0.299974835195402,0.0934168874468069,0.850228070338868,0.11514527523234,0.53074906129324,-0.418560577215337,1.13842611165955e-05,0.188538997110283,0.315977514877624
"Neil2",-0.00534065092306563,0.998454033907698,-0.0244149775505933,0.999215727032816,0.0523574156041576,0.574275097301246,-0.0171437526567315,0.99429389708379,0.128916513148255,0.136211349067089,-0.225041820369853,4.42257872789444e-06,0.142184830988894,0.106043466658009
"Nenf",0.0986321140592552,0.579669996065745,-0.0540194847547655,0.999215727032816,-0.087406655062361,0.143298956518374,0.0659365993340289,0.442243666819083,-0.0355336367414509,0.611539321050396,0.0758751926723013,0.091810361396982,-0.115410884740538,0.0846317984001076
"Net1",0.0502692908353162,0.998454033907698,-0.0178039827616746,0.999215727032816,0.0228547859962164,0.834022728560896,0.00928822901525178,0.99429389708379,0.0137314503538903,0.903046652845152,-0.205387199628775,4.09704879609708e-05,0.206309759953011,0.0128529920757258
"Neu3",0.0810461565054575,0.998454033907698,-0.0306882718379123,0.999215727032816,-0.00251206043830476,0.98077032175629,0.0170910235266729,0.99429389708379,0.110727924228172,0.144474516925337,-0.153200662225889,0.000812514368874503,-0.0674183305211351,0.414524187449875
"Neurl1a",-0.00632964037834327,0.998454033907698,-0.142266945207485,0.999215727032816,-0.010425008040045,0.966919201545715,-0.0129932429436401,0.99429389708379,0.121944925623463,0.506576670694603,-0.279482604346265,0.0147369477500348,0.584456843780027,0.00014326837997169
"Neurod1",0.466769567095077,0.998454033907698,0.399080400282385,0.999215727032816,-0.587771821231527,0.316055241475848,0.186222139052742,0.974185554464106,0.937630876977759,0.126478851762202,-1.61731187076253,1.89118994278555e-07,0.0933196140575931,0.898560546459903
"Nfasc",0.109492462651046,0.998454033907698,-0.272099475592926,0.999215727032816,0.673947870314507,0.249207824720634,-0.212821982352068,0.96300529916161,0.499847683802222,0.436209439641,-1.74719736349144,1.363640792837e-07,1.56063226658378,0.00726792003576361
"Nfe2l2",0.031504926327528,0.998454033907698,-0.00663911147774088,0.999215727032816,-0.0728088094075963,0.424234697480406,0.0580853724874539,0.764636017444544,0.169913162693192,0.0478142799466464,-0.138257126679724,0.0168377952638833,-0.100627113296883,0.291032440049611
"Nfyb",0.15636589233226,0.998454033907698,-0.00871686263193244,0.999215727032816,-0.207102088552031,0.111627690972557,0.183270848852774,0.265149344435495,0.124309473558111,0.429718199357867,-0.258503611109168,0.00407222943627254,-0.034091057165462,0.852201202683624
"Nim1k",-0.116009830220937,0.998454033907698,0.2224883430117,0.999215727032816,-0.219108435425815,0.215154041147939,0.228794554351378,0.28022036514065,0.225278994612216,0.238604570371515,-0.320952812279621,0.00577412575433697,-0.0905422572902478,0.677006146810293
"Nin",-0.0159677676092584,0.998454033907698,-0.120202550185328,0.999215727032816,-0.0663191860896508,0.626918883292397,0.0286741978089795,0.99429389708379,0.055345274035292,0.678859950943791,-0.0923323469229476,0.29349029495109,0.386767102096201,0.000371525192824828
"Nlgn2",0.356311462575643,0.824185113121577,0.174714312481788,0.999215727032816,-0.0663586815527966,0.855689287436835,0.0779778137774878,0.985437885648718,0.239454271922797,0.429232845360755,-0.75621923984454,1.48934771953879e-06,-0.194967104744708,0.546110598574326
"Nme7",0.000692792210600368,0.998454033907698,0.000388885770418179,0.999215727032816,0.0176472703955026,0.808806349428765,0.00586331880987334,0.99429389708379,0.0184554743410315,0.793876744885551,-0.0928886190535824,0.0107345995606387,0.0808883539591987,0.200665541877027
"Noc3l",0.0343907812154094,0.998454033907698,-0.0639164789718591,0.999215727032816,0.0473908353392951,0.542711147860571,-0.013211896061868,0.99429389708379,0.0786807301426348,0.291667655775636,-0.159363053053673,0.000260945228973912,0.122760836393985,0.10213558819918
"Nomo1",0.0533672113268426,0.998454033907698,-0.196826525638828,0.999215727032816,-0.109051359438987,0.447747466242619,0.156957063483472,0.34362267205271,-0.0509519702613199,0.748744341625195,0.272232887651873,0.00158036778170085,-0.190266822805209,0.19630802112147
"Nop10",-0.00818590423203344,0.998454033907698,0.039254856820932,0.999215727032816,-0.0729514223314551,0.0940503464882568,0.056406798522181,0.337867441073838,-0.0286817121122771,0.596032399997816,0.00826044906790234,0.810949790735726,0.00824088513242571,0.895219056057866
"Nop53",0.0129448622406136,0.998454033907698,-0.129185118970806,0.999215727032816,-0.436749630781483,0.0246275354179668,0.281407676170117,0.263490541638802,0.0466755042273452,0.867562200296826,0.326731251677668,0.0235172223399136,-0.150482630057153,0.562405538533453
"Nop56",0.125481184169171,0.998454033907698,0.0367893623965008,0.999215727032816,-0.0184556644069118,0.937849970612313,-0.0602926444228051,0.958398978172115,0.139340731248138,0.424094806592702,-0.443120168600201,7.67043665659091e-07,0.334197007159855,0.0453963386822994
"Notch1",-0.00920854650633729,0.998454033907698,-0.10291166391787,0.999215727032816,-0.0906853833606365,0.405228102842186,-0.0728804850257156,0.745416628500293,0.180421599431153,0.0963988383230501,-0.0579572941182497,0.468717156517958,0.279721434335381,0.00451509409530122
"Npas4",-0.0214474713593749,0.998454033907698,0.00275460778756112,0.999215727032816,-0.00764332258874739,0.906756056558767,-0.0319942476317784,0.771604532472367,0.0719877215708482,0.148249620829319,-0.0591368357899194,0.0907639151763054,0.077428644688504,0.127328615040971
"Npc1",-0.128466174423547,0.998454033907698,-0.122815927246134,0.999215727032816,-0.0566162184601593,0.703025812993717,0.153233558603088,0.322000231755907,0.135505995654103,0.330576606578604,-0.0226980804146373,0.800335228812162,0.0950232425036665,0.540877742976676
"Npff",0.0145271115520362,0.998454033907698,-0.0082437095043292,0.999215727032816,0.05528422577402,0.405228102842186,-0.0469948130592941,0.714280289649848,0.00183931822003536,0.988858832092375,-0.117545195332729,0.00588395444132856,0.172826865357825,0.00470926838196378
"Nr2e3",0.483399105020254,0.998454033907698,0.13367374078383,0.999215727032816,-0.536815093946946,0.156888848353203,0.387274830988829,0.52264125025045,0.185813267518655,0.711238442748545,-0.24410215918559,0.35142575071691,-0.86091366869305,0.0559988596570133
"Nr3c2",-0.00337716122890463,0.998454033907698,-0.0136347497270127,0.999215727032816,0.142479832629443,0.119299805568638,-0.0858453033580582,0.59747223748844,-0.0301905480901299,0.807819784702294,-0.192194001220622,0.00373229008960534,0.319347851701546,0.000491755126976599
"Nr4a1",-0.0726381784318311,0.998454033907698,0.366206742886469,0.999215727032816,-0.270125279541209,0.440684454095596,-0.203960320299768,0.807899866130704,0.79419697784483,0.00784688769290812,-0.693052570125206,0.00109270673439429,0.0214403660974116,0.962796806225435
"Nr6a1",-0.00587712115758282,0.998454033907698,-0.0158095183411374,0.999215727032816,0.0735052540173692,0.316758966891509,0.00329665627701498,0.99429389708379,0.13590963192962,0.0596290135242415,-0.15949333391998,0.000487854685565866,-0.0754571326650773,0.331034632187912
"Nrip1",0.182908804790066,0.998454033907698,0.0184446308233315,0.999215727032816,-0.19688579538723,0.372380988414471,0.177302950457189,0.60725729208228,0.364453887355163,0.109054537534618,-0.428990540488687,0.00117732735408309,-0.298196636482193,0.195586562093016
"Nrl",0.119814524149365,0.998454033907698,0.0515766420020976,0.999215727032816,-0.820353282718819,0.0698092759495235,0.53011178574525,0.442243666819083,-0.0758703248366848,0.920332211153849,0.926972663088963,0.00337715755783812,-1.27447274305001,0.0153677510305831
"Nrm",0.0502554270527136,0.998454033907698,-0.0127653218218953,0.999215727032816,-0.31625707890155,0.0246275354179668,0.266560208880193,0.153153517081593,-0.00746493310482638,0.979256076466559,0.0817149687396152,0.473429960751312,-0.116022316715626,0.53593766954737
"Nrxn2",-0.0143394543946842,0.998454033907698,-0.0194659333179003,0.999215727032816,0.0254147749224818,0.436521547703443,-0.015939377440272,0.874530478464792,-0.00435623111019828,0.921697694964646,-0.0219828125403967,0.326411528866384,0.0945755547791241,0.00129429989851867
"Nsd3",0.0903273741396733,0.998454033907698,0.00822157187032202,0.999215727032816,0.0428471803262438,0.881410059927904,-0.00396784869704181,0.996357979649697,0.220739225762464,0.355842984023407,-0.589522124902398,5.38903092126614e-07,0.343716603473526,0.158013243856789
"Nsmce2",-0.0108824848459991,0.998454033907698,0.0213431730088748,0.999215727032816,0.287267614900636,0.263806583610477,-0.077205301863234,0.9788631557912,0.186129004272265,0.505545620990035,-0.78623325409454,1.31083225529571e-08,0.609646471677169,0.0208079852989998
"Nsun4",0.0311096310869066,0.998454033907698,-0.0732149125376276,0.999215727032816,0.142467174026405,0.67173495157905,-0.189527921239184,0.777956814068731,0.318454222870691,0.299273473151534,-0.7799157439604,1.01592273858509e-05,0.923069525839272,0.000610594842097735
"Nt5c2",-0.00924304408409993,0.998454033907698,0.0209285081308492,0.999215727032816,0.0107559528807312,0.940166225094816,0.0226755006653089,0.99429389708379,0.164913196858782,0.111509863836559,-0.143564595088592,0.0318246716528022,-0.14262170870412,0.175505542733475
"Nt5dc1",0.0306179464937646,0.998454033907698,-0.0386922937004565,0.999215727032816,0.020139148836605,0.800923499290446,-0.00621572554657135,0.99429389708379,-0.00985383076568425,0.909120460440443,-0.120092379340357,0.00284823152339301,0.215082285497459,0.000109098776420274
"Nt5e",0.141697368213547,0.998454033907698,0.097263463445604,0.999215727032816,-0.0189173018018176,0.962060282787357,0.295613006639789,0.413877394889295,0.144327940605704,0.649845746329786,-0.725214031959739,1.45211310306963e-06,0.00899749659902715,0.980932066652958
"Nubp1",0.0250897103039537,0.998454033907698,-0.0799645169554399,0.999215727032816,0.0366112565848401,0.717542071300344,-0.017653732469905,0.99429389708379,0.137243348813839,0.123486021340973,-0.197102649717148,0.000162936228450971,0.155777638944827,0.0854694655417528
"Nudc",0.0461231891815443,0.998454033907698,-0.107759048754847,0.999215727032816,-0.448286781563728,0.0124772444720404,0.274227213310175,0.199200111983168,0.234458745679478,0.22038613300821,0.0136715425447518,0.920958755573599,-0.0314855287421505,0.894585543850798
"Nudt16l1",0.0334933117036696,0.998454033907698,-0.0186061649083346,0.999215727032816,-0.0203043691199924,0.898802362166822,0.0249200801094925,0.99429389708379,0.130344766871942,0.299855189475264,-0.295271246706804,1.72481960735278e-05,0.228450176251045,0.0729308400038746
"Nudt6",-0.00504040169064013,0.998454033907698,-0.0690911981565767,0.999215727032816,-0.0201856113065951,0.902166181877767,-0.0212969110481324,0.99429389708379,-0.0300025911111026,0.84758409614634,-0.140431730931032,0.112441918759581,0.516744831264819,7.7626614876895e-09
"Nudt8",0.032550383369133,0.998454033907698,-0.00127051105930198,0.999215727032816,0.0959118917675287,0.451937852803313,-0.0080015360940146,0.99429389708379,-0.0218308112609078,0.891013198377444,-0.310014437150191,1.88681785945606e-05,0.354524235751875,0.0019114801943168
"Numb",0.151872027291234,0.998454033907698,0.0608430052622377,0.999215727032816,0.0375546247717846,0.853097480806748,-0.0250037951860338,0.99429389708379,-0.00169445274599966,0.994004963087202,-0.396197965887334,1.28457268292991e-05,0.250922440906188,0.125997861552441
"Nup155",-0.0117489358398294,0.998454033907698,-0.0248410603406118,0.999215727032816,0.106057161770483,0.663218894592562,-0.0330675881967745,0.99429389708379,0.330204306471819,0.133195490926606,-0.529717799902035,3.99029042685675e-05,0.238335531591459,0.302347371603444
"Nvl",0.043811046289286,0.998454033907698,-0.0182529258371802,0.999215727032816,0.0549644492239967,0.697182637477305,-0.0133445562918046,0.99429389708379,0.167492158402105,0.183749792118334,-0.211440167614616,0.00693305719028821,-0.0723853750534862,0.617210771427009
"Nxnl1",0.118342697027265,0.998454033907698,0.386595875537434,0.999215727032816,-0.444681306484507,0.174090752662963,0.390545989315886,0.37017692154484,0.17672896253099,0.660404160995582,-0.235904185275688,0.311122342907997,-0.80735966304712,0.0328890748234359
"Nxnl2",0.279051004235213,0.998454033907698,0.118430536539314,0.999215727032816,-0.614509908776953,0.0275576593291387,0.448677024381493,0.205400939359996,0.07116471335918,0.864868244667577,0.165335223323917,0.464695081602897,-0.897936224399176,0.0054301259265627
"Oard1",0.109990955817075,0.998454033907698,-0.0397273640505733,0.999215727032816,-0.17393967024287,0.237177090649019,0.127883191879329,0.602055261639078,0.251341847177151,0.112858636219005,-0.195180564663102,0.0497040655220272,-0.187688856672217,0.266122553174923
"Ocrl",0.206386839852778,0.998454033907698,-0.181428728290411,0.999215727032816,0.277512647890018,0.323867563423733,-0.0293224757470667,0.99429389708379,0.219065807287213,0.464827087742751,-0.714426839338661,1.09980544629098e-05,0.321278914660504,0.28311915286626
"Odc1",0.212723245557738,0.998454033907698,-0.17948611074072,0.999215727032816,-0.335825408889948,0.0940503464882568,0.345617093086323,0.183426167341939,0.255368536593502,0.284988469136394,-0.290643041659129,0.0457682806079044,-0.0680402261568693,0.810847688484897
"Ola1",0.0534931703593944,0.998454033907698,0.0123650069969008,0.999215727032816,-0.116388854834797,0.227433900458632,0.020306982009672,0.99429389708379,0.102539778206212,0.338376242784392,-0.1793186780793,0.00295879814261257,0.164760518671125,0.137598167547376
"Olfm1",0.028543970702162,0.998454033907698,-0.0662917655253235,0.999215727032816,-0.0104550536719887,0.894836293938643,0.0217699761348624,0.961930554916282,0.0138160948651045,0.85896315907655,-0.0612792955333747,0.155656272739314,0.130971953095808,0.0299384680034448
"Opa3",0.0221615086341959,0.998454033907698,0.0519141787338726,0.999215727032816,-0.140839373482638,0.208171524260301,0.132937642560115,0.351473353355821,0.138387251662434,0.25530963429489,-0.11238124649971,0.152328396372276,-0.195289794039486,0.125097399256188
"Opn1mw",-0.064303758546835,0.638255650786176,-0.0322780427687009,0.999215727032816,0.0145950592204728,0.786225560690089,0.069551061989637,0.162761090649006,-0.0115867556152324,0.832085469578865,-0.0114444563892216,0.718242482160218,0.0742079334587999,0.106043466658009
"Opn1sw",-0.0891076559186518,0.704736577890568,-0.0649739735774545,0.999215727032816,-0.00774660091033708,0.935631919939405,0.0751203976164476,0.34362267205271,0.0659064620912637,0.343494282930935,0.00445812695204084,0.928052254156523,0.0444026383967215,0.552395177082885
"Optn",-0.152947970882838,0.998454033907698,0.245477682024847,0.999215727032816,-0.179353636756155,0.390315061957028,0.331165282545436,0.153153517081593,0.0591450427606064,0.814340068823432,-0.173425712828823,0.190290110235866,-0.269087816094747,0.238425737629545
"Osbpl1a",0.053784733701557,0.998454033907698,-0.0294032058084519,0.999215727032816,-0.0342622560196125,0.583808276382824,0.0350421162110759,0.796458370563551,0.0420085398717769,0.488726382801778,-0.0666746260512945,0.0751971206466827,-0.0135233400415891,0.849804481773895
"Osbpl6",0.0323825763547475,0.998454033907698,-0.0161652680680124,0.999215727032816,0.0294091572446987,0.844612757858315,-0.00955969002403773,0.99429389708379,0.0339225667010609,0.810511051718929,-0.257818514765129,0.000200438449654493,0.313666980944588,0.00512987587134549
"Osbpl8",0.0827418905463193,0.998454033907698,0.313384420535656,0.999215727032816,0.056119638345399,0.861311699298606,0.100774972342121,0.94410847522641,0.129371960630102,0.643739226952499,-0.580693694707485,0.000109426247006611,-0.291556622892805,0.294924134266789
"Osgep",0.101415867456787,0.998454033907698,0.00410472916571547,0.999215727032816,-0.319011916591406,0.0563693521527913,0.316941645743604,0.153153517081593,0.0257368422328282,0.926226103238373,0.0279241219604005,0.837155727100937,-0.304924798936795,0.14831728599188
"Otud1",0.080976560965578,0.998454033907698,0.0633354327262258,0.999215727032816,-0.0916428057987647,0.252568202550063,0.0268303486871295,0.974185554464106,0.0467788590319846,0.59974365140791,-0.138506472150674,0.0102621238808249,-0.010689216777311,0.91648673936431
"Otud6b",0.0403295631904337,0.998454033907698,-0.032004138432148,0.999215727032816,-0.0205928859259494,0.901608836770872,0.074104906141448,0.810949983850539,0.118330267017199,0.381488810175133,-0.256616977442061,0.000353899094543872,0.106599136070152,0.467649768632785
"Otx2",0.426762111960442,0.998454033907698,0.091996116924197,0.999215727032816,-0.300099306472625,0.474168025611324,0.248374257786097,0.79416846583465,0.536132917040851,0.189058983471119,-1.11125577723023,1.01652153997257e-07,-0.000939676973950698,0.997855618464581
"Ovgp1",-0.0496585661652059,0.998454033907698,0.0629318459190877,0.999215727032816,0.119289199683213,0.185005746583591,-0.00153820765493151,0.996357979649697,-0.0150809245319925,0.908819583724577,-0.224058089406849,0.000141745019232795,0.175913131062187,0.0729308400038746
"Oxr1",-0.00730179524556307,0.998454033907698,-0.0312521279953996,0.999215727032816,-0.0385653566590001,0.752652056662822,0.113314560276219,0.355809685032435,0.0790492205334862,0.473979085655777,-0.0995237711040837,0.11893888564893,-0.0393796880632106,0.752526001204079
"P3h3",0.0184283019958258,0.998454033907698,-0.0734807287559129,0.999215727032816,0.0484367193407369,0.715855443542175,-0.0593341271043006,0.86710803625626,0.0750565101030742,0.538273692262772,-0.247166446453028,0.000778839946632326,0.413438908317768,1.17078203554844e-05
"Pacc1",-0.0408296767357743,0.998454033907698,0.0131153981249814,0.999215727032816,-0.026364442242192,0.597469216020138,0.0100152542151881,0.99429389708379,0.0638875752113128,0.155616226249393,-0.037309069545796,0.240287667529942,0.0293787127859451,0.562405538533453
"Paip1",0.0502430340192563,0.998454033907698,0.05189327921411,0.999215727032816,-0.393992574818296,0.0201626437219529,0.278197095815102,0.205400939359996,0.0243754824130822,0.931405644232997,0.150890119700323,0.240287667529942,-0.299092603263581,0.168356982694498
"Paip2",0.116118594313111,0.998454033907698,0.00677064567125518,0.999215727032816,-0.418155135447899,0.0275576593291387,0.238826828193715,0.382550932427256,0.176572371704558,0.459961956618082,0.217151486651883,0.14578590504187,-0.621386417251464,0.00397898952983694
"Paip2b",0.0633570846177205,0.998454033907698,-0.0743549975100477,0.999215727032816,-0.179906082378643,0.0707056432808228,0.0569777158698244,0.87916139195481,0.1872369312742,0.112858636219005,-0.131011220644051,0.0704642402231801,0.119786949153971,0.356586389098226
"Pak2",0.039372247164468,0.998454033907698,-0.0655190410843505,0.999215727032816,-0.323593385561451,0.0489830133251907,0.370936639485259,0.0929333531466635,0.214450692583432,0.266176010508261,-0.0613260738209522,0.650617725871366,-0.337904663950666,0.0879169600081884
"Palm",0.0248991502677316,0.998454033907698,-0.0359226181495094,0.999215727032816,0.00287138533606429,0.952468630690943,-0.00256125101639032,0.99429389708379,-0.00666497789696197,0.882375730916539,-0.0340516371522716,0.163360179567288,0.0912649242200211,0.0078125275353585
"Papolb",0.0206388096524972,0.998454033907698,-0.0148570587808494,0.999215727032816,0.0586118632123888,0.150473224979399,-0.0206239085058647,0.907073354848468,-0.011011047730158,0.845319976021886,-0.0749687189046984,0.00882017739694115,0.0695305825954615,0.137608432840762
"Paqr4",0.278221326506385,0.998454033907698,0.340075052028487,0.999215727032816,-0.328132869117754,0.301504962380433,0.260625955597345,0.616881003652054,0.366421608083617,0.258763629920531,-0.612331687408335,0.00246792061512382,-0.705668607023074,0.0282783790258345
"Park7",0.21891155704281,0.998454033907698,-0.165059997670452,0.999215727032816,-0.526781760494133,0.0215195472385789,0.345273968562998,0.234613857659661,0.0217976129499311,0.957352203786697,0.38733878145938,0.0264365029885431,-0.494931787272361,0.0678288260767515
"Parp10",-0.00544149676897232,0.998454033907698,-0.0142037308017797,0.999215727032816,0.047243170258941,0.503041360410913,-0.0134857117521991,0.99429389708379,-0.00303260354890866,0.979256076466559,-0.13277263391695,0.00175847416189185,0.211479521160225,0.000339277737401208
"Parp11",0.00034107330363721,0.998454033907698,-0.00660244583161357,0.999215727032816,0.0493613189915106,0.483099451284378,-0.00767640632912533,0.99429389708379,0.0968077169473237,0.146217358701392,-0.101115973097902,0.0222721865891807,-0.0691820494374631,0.33065545474476
"Patj",0.0216573922782437,0.998454033907698,0.0427147620938524,0.999215727032816,0.350147463798614,0.329110524158295,-0.111007978784357,0.974185554464106,0.0885576682461331,0.842065844662285,-0.991704868909174,1.0099844086295e-06,0.988672090995808,0.0028130542919378
"Patz1",0.23617263936533,0.998454033907698,0.0229017755930641,0.999215727032816,-0.0324621792154811,0.919185660245516,0.0492817873660989,0.99429389708379,0.226707625018498,0.358274239254032,-0.709985359391342,5.05790236334725e-10,0.266739511887721,0.291125027779396
"Pbxip1",-0.0342354869679367,0.998454033907698,-0.0831020975767133,0.999215727032816,-0.0637099236035068,0.546584800236547,-0.0509252012860345,0.86672815208466,0.0897083906401665,0.381488810175133,-0.0216862738076615,0.771766492674461,0.306982540249062,0.000324623338641514
"Pcare",0.159495332232785,0.998454033907698,0.202557235261952,0.999215727032816,-0.114795842253747,0.888106124701941,-0.0770121046635961,0.99429389708379,0.974271094360867,0.13825921822134,-1.99220590928603,9.5827961699621e-10,1.27361008867359,0.0510511508169813
"Pcdh15",-0.358437645251416,0.998454033907698,0.247744300947785,0.999215727032816,0.802766592968234,0.305631718849686,-0.122702352867748,0.99429389708379,0.705664844869579,0.400588710706735,-2.38085188514479,9.5983635069332e-09,1.78130641232296,0.0218321114601966
"Pcdh9",0.0218533883974379,0.998454033907698,-0.0509033010109528,0.999215727032816,0.0428829903134076,0.67173495157905,0.00598595807576396,0.99429389708379,-0.0655204096755948,0.488726382801778,-0.137926322807717,0.0252197339660878,0.32611323824811,1.31141358785579e-05
"Pcdha11",0.00753407718849099,0.998454033907698,-0.00534433334619186,0.999215727032816,0.00552357110388266,0.846744863199127,-0.0177140025900689,0.631281875989183,-0.00883916002616614,0.736343009777495,0.00891425073038629,0.564498217041328,0.0192346711966253,0.451649949512319
"Pcdhb17",-0.00331216066939605,0.998454033907698,-0.0808724232340603,0.715794492688063,-0.0248480958209556,0.625877001274579,0.033772955755615,0.697057865172293,0.025276321535637,0.60902341303424,0.0242590756850516,0.452263397547757,0.0564074528768872,0.253594255587922
"Pcdhb18",-0.0270060426746477,0.998454033907698,-0.0431905649410245,0.999215727032816,-0.0094425394020361,0.902166181877767,0.00372488486633568,0.99429389708379,0.0463597725191067,0.461292292606069,-0.0596761537681528,0.146688264635755,0.16285189305573,0.00328447384981097
"Pcdhb19",-0.0341770041285292,0.998454033907698,-0.0256551595922394,0.999215727032816,0.00481539523619623,0.965010692756667,0.0443381213682674,0.822839371975932,-0.00649146821650581,0.956799053596632,-0.120690966773945,0.0177877041700665,0.245842987622669,0.000296587823347313
"Pcdhb20",0.00239226199253939,0.998454033907698,-0.0675744476281994,0.999215727032816,-0.0115365103253333,0.921241340830635,0.0394021652582204,0.904685143233428,0.108230739377888,0.196626960046493,-0.0896977035045634,0.126729056228073,0.0273973534630021,0.777628012214792
"Pcdhb21",-0.00352486073712455,0.998454033907698,-0.0252757239658632,0.999215727032816,-0.00606571191092159,0.903656215017289,0.00902441129945764,0.99429389708379,0.0164492095312967,0.702490838774127,-0.0420144108502177,0.109359236770156,0.0918389346314656,0.0153461998567496
"Pcdhb22",-0.00823823291891745,0.998454033907698,-0.027503975619743,0.999215727032816,0.00396565400743376,0.942770843770671,0.0209772465838598,0.874530478464792,0.079922599577191,0.0478142799466464,-0.0533037180091863,0.056773721097945,-0.0334631532072361,0.467649768632785
"Pcdhga1",-0.0154422205640177,0.998454033907698,0.0150195740002732,0.999215727032816,0.0478943387606656,0.536367299445455,-0.0282425885120421,0.94410847522641,0.0425114025867082,0.588830991465369,-0.146965870174299,0.000799273248199465,0.140467790216384,0.0596589176792707
"Pcdhga10",-0.121167890280128,0.998454033907698,-0.107049156845997,0.999215727032816,0.223726964485281,0.158672702509183,-0.0596570544417045,0.964657454454587,0.212886098618386,0.216416593057393,-0.349513120390042,0.00150943506733851,0.352277129291764,0.040691842952296
"Pcdhga11",-0.0242639461953351,0.998454033907698,-0.0559772114991695,0.999215727032816,0.191326451878255,0.245515589453563,-0.0320589743216143,0.99429389708379,0.0657481379484354,0.736343009777495,-0.409415261445803,6.30200673202499e-05,0.450003891466933,0.00553661030006519
"Pcdhga12",-0.0378991879791744,0.998454033907698,-0.0927924661689272,0.999215727032816,0.236400331784583,0.101688576160669,-0.112076882548916,0.743521923144373,0.0843671030957691,0.628727311705398,-0.31516855942786,0.00260698704966422,0.415686811623973,0.00807932066434787
"Pcdhga3",0.00168217140601792,0.998454033907698,-0.0549598315440993,0.999215727032816,0.113331505815988,0.286582635596518,-0.00953517457443817,0.99429389708379,0.0244189166977298,0.85896315907655,-0.248496719610125,0.000136344531947509,0.297176257119178,0.0034184109519398
"Pcdhga5",0.00300346064519474,0.998454033907698,-0.0304670102023443,0.999215727032816,0.169025836895581,0.345007730659018,-0.0932957464230755,0.862300910903539,0.141152522147103,0.449814940162591,-0.455267778068525,7.59950552658528e-06,0.439879311393667,0.0102907546266787
"Pcdhga6",0.0436268228316473,0.998454033907698,-0.0941791293939378,0.999215727032816,0.238155872882567,0.191183940375591,-0.143915153423255,0.701806268270179,0.048171163629193,0.843732796224943,-0.443667475910636,0.000236199005507249,0.603759104349951,0.000595614283492649
"Pcdhga7",0.0207453293712059,0.998454033907698,-0.0539948015351658,0.999215727032816,0.171862702109508,0.457561869437309,-0.0876866427729504,0.94410847522641,0.0768318490468252,0.765564857700015,-0.567149154394855,1.55382142668697e-05,0.747644948331252,0.000114740153363393
"Pcdhga8",-0.0262587298044299,0.998454033907698,-0.0710237110230564,0.999215727032816,0.179440453733451,0.301504962380433,-0.0942222938536463,0.856411257068728,0.137360937950084,0.460135816838524,-0.41896085252642,7.12051595058022e-05,0.502234334245214,0.0019114801943168
"Pcdhga9",-0.0576366244714932,0.998454033907698,-0.0929347108795406,0.999215727032816,0.23909875622931,0.247840043692145,-0.0914497299076018,0.928000639930271,0.0994099654391869,0.670364705884987,-0.501360807879357,0.000123333608223763,0.704660384536244,0.000185191926465289
"Pcdhgb2",-0.0185441379476319,0.998454033907698,-0.0176051020984877,0.999215727032816,0.142824355085355,0.55213984717755,-0.069416097549322,0.974185554464106,0.107530930186988,0.654758154523429,-0.560249903016968,1.80042675013086e-05,0.704328298194598,0.000401514497136214
"Pcdhgb4",0.00223612632849635,0.998454033907698,0.0107578310716242,0.999215727032816,0.179979454948426,0.489462821841382,-0.0980975233371674,0.942056038707876,0.0754480493440892,0.798134668225614,-0.656315664271729,4.71944217802207e-06,0.819741318952643,0.000137687946588481
"Pcdhgb5",0.00154804887464696,0.998454033907698,-0.127862563902464,0.999215727032816,0.26276671508251,0.12160797301566,-0.118548450660354,0.785488322774351,0.157228051037555,0.430192583450449,-0.470883878586082,3.04980360744312e-05,0.5033837081636,0.0052885887752622
"Pcdhgc4",-0.0477814402228988,0.998454033907698,-0.0123864821040143,0.999215727032816,0.126557117587025,0.0514990674811086,-0.0254280395676622,0.967621465666329,0.0705465815608312,0.367805894160864,-0.148872893114218,0.00205521604601655,0.0592373743915414,0.466528625455345
"Pcdhgc5",0.0203096920136184,0.998454033907698,-0.0045563667065257,0.999215727032816,0.0936667918159853,0.138358112090191,-0.0630344732768959,0.537682195150457,0.0325260731505385,0.670364705884987,-0.14837323273159,0.000613185728031832,0.110299465203986,0.126555783395761
"Pcgf5",0.0657405287587485,0.998454033907698,0.0378527139375493,0.999215727032816,-0.0189149279436098,0.827201365876559,-0.0406526920302774,0.806414002115804,0.0343714908143971,0.641954293595562,-0.11150905456058,0.00811348363415272,0.0365787562125264,0.641992210306218
"Pcolce",-0.144236265172022,0.998454033907698,-0.285464234069602,0.999215727032816,-0.190608241907002,0.638300331699312,-0.242356531427982,0.756182652981305,0.253969072564629,0.500646503927501,-0.162632598879423,0.555626290676162,1.43191454962914,8.57474923754785e-08
"Pcp2",-0.017361777240637,0.998454033907698,-0.0284457919460552,0.999215727032816,0.0451575743835028,0.178091788066785,-0.012545126070527,0.963586504755061,-0.00862120114651915,0.853060362527913,-0.0203403990548486,0.430684029440678,0.0807126971787644,0.0272601942060802
"Pcp4",-0.0128379294745238,0.998454033907698,-0.0208756812306076,0.999215727032816,0.0321491494681755,0.484304996246356,-0.0254419444345558,0.819623452700831,0.0244352444451607,0.602838521862026,-0.0208442015205748,0.517781144052971,0.0441206186271797,0.34095206892123
"Pcp4l1",-0.0798968367068238,0.998454033907698,-0.0715398044337312,0.999215727032816,-0.210867569664458,0.0941011112281858,0.140718220960543,0.459043867830558,-0.00224934827916323,0.994004963087202,0.324797809542977,0.000272932394446204,-0.138012929623334,0.358295928516054
"Pcsk1n",-0.0696031565778148,0.998454033907698,-0.102159142414841,0.999215727032816,-0.276999576643262,0.0730085255152928,0.415356509748424,0.0427435635421611,-0.024475939264839,0.921681704862749,0.192839122865537,0.104147454410598,-0.215521529358494,0.262356801133448
"Pcsk2",0.133064516847435,0.998454033907698,-0.0839238767456204,0.999215727032816,-0.150186904036786,0.231119986829934,0.137927355659965,0.405704419851715,0.0827436110531724,0.565071796830687,-0.0943566377435147,0.285572539913978,-0.0696286037463701,0.652949309894182
"Pcyox1",0.0686023130197083,0.830092249645495,-0.0116327588063576,0.999215727032816,-0.0535054669748102,0.33600088007969,0.0100462756939177,0.99429389708379,0.00367485389720844,0.969862889431072,0.00841389195321791,0.834509436460462,-0.0538455029710292,0.369639101286692
"Pcyt1b",0.0232287661996296,0.998454033907698,0.0048496012369505,0.999215727032816,-0.0477115498783534,0.432319095485856,0.067588436177709,0.33600118403333,0.00844697429485564,0.920243422405798,-0.0576674008719777,0.143683692880047,-0.00853496133172825,0.908012469344362
"Pdcl3",0.0267966388632594,0.998454033907698,-0.042554648430411,0.999215727032816,-0.159619743456048,0.0646421633181,0.128991760656574,0.240329698440187,-0.0150416016844505,0.913996884277763,0.172696780498985,0.00683850166724678,-0.187311350901866,0.0668252921884153
"Pde4b",0.0297038807015023,0.998454033907698,0.0288571214392996,0.999215727032816,-0.0137963946080795,0.838043419225063,-0.0150306474473283,0.9788631557912,0.0451909761385807,0.417117792217966,-0.0750312465921742,0.0268386801433789,-0.0153494837470012,0.808523411879885
"Pde6c",-0.00626043587254058,0.998454033907698,-0.0166168337993315,0.999215727032816,0.0135925491078846,0.771212098236773,0.00343902751759258,0.99429389708379,0.00931485888669204,0.849961500184818,0.0164416374744288,0.557706830171365,-0.0325090843553295,0.442802639125343
"Pde6d",0.149089071388781,0.998454033907698,-0.0780395621236805,0.999215727032816,-0.485442445820189,0.0179565820084687,0.429169602010201,0.0942716399609835,0.128858051756097,0.602838521862026,0.108472654238104,0.50126862824198,-0.474208553780451,0.043100129279137
"Pde6g",0.043978128723877,0.998454033907698,0.0339523978672922,0.999215727032816,-1.31309388268372,0.0563693521527913,0.813286980257036,0.430874168038893,-0.209994270448448,0.832085469578865,1.9627519514961,4.41216862953898e-05,-2.25480954891535,0.00178002589100575
"Pde7a",-0.0482518017869519,0.998454033907698,-0.00339160973688912,0.999215727032816,0.0940329842999794,0.387308476769548,-0.02383669794003,0.99429389708379,0.0539128788514631,0.635961616279884,-0.240753877007179,0.00015197871228596,0.288404282560361,0.0042697706379929
"Pde8a",-0.066032005261283,0.998454033907698,0.0927760043264175,0.999215727032816,-0.0453091642464205,0.566896367498357,0.0800901858136266,0.36100019408289,-0.00615551920488255,0.956799053596632,-0.051204253036568,0.313418729994734,-0.0152959102367298,0.863525561348108
"Pde8b",0.289477668632317,0.998454033907698,-0.0196228446899833,0.999215727032816,0.168154050730968,0.679799035641596,0.0315154604151999,0.99429389708379,0.261083436996292,0.507376203157162,-1.09984151456541,3.06231177396563e-09,0.521049061373632,0.18764368190437
"Pdia6",0.037646890870514,0.998454033907698,-0.165536061628386,0.999215727032816,-0.0947901479815238,0.457801669371011,0.187298291579908,0.181420349850687,0.113007684336544,0.397209116015599,-0.0479352827317024,0.559723280833212,-0.054394061002819,0.720520633416716
"Pdk1",-0.0887221009710693,0.998454033907698,-0.0260163592182298,0.999215727032816,-0.149225470282708,0.118747095062474,0.144730644768748,0.214295328238959,0.183591989823579,0.0963988383230501,-0.0750242371253633,0.321216166864761,0.0159974649190522,0.903621656903031
"Pdlim3",-0.0317824469244669,0.998454033907698,-0.0345803899756152,0.999215727032816,-0.00680770664958774,0.954446683076476,-0.0387116920969229,0.920065714358296,0.00104357127698618,0.994004963087202,-0.0888413276251345,0.157719419091404,0.363443987117843,7.7626614876895e-09
"Pdss1",0.0522199956362154,0.998454033907698,-0.00248156407405065,0.999215727032816,0.0904314807595039,0.35945151787556,-0.0231572398366477,0.994223261414321,0.0314585344538996,0.783571755825821,-0.238648890132688,1.63290983856787e-05,0.134247377440628,0.190004532579388
"Pdzd11",-0.0343137965018045,0.998454033907698,-0.0814435324122247,0.999215727032816,-0.0196882816873658,0.873111510804332,0.0743391920439742,0.669820473246984,0.0522604171481778,0.617416774673313,-0.132127869228621,0.0369206874395587,0.253384927467927,0.0083985274816645
"Pdzph1",-0.131327262444375,0.998454033907698,0.126681175818048,0.999215727032816,-0.0282077758085109,0.929496494149286,0.262202427570062,0.336674184278744,0.266988660549006,0.252641753896328,-0.452025209682,0.00136766365089746,-0.136285294778732,0.605868609368824
"Pebp1",0.12947617756942,0.998454033907698,-0.232246216123536,0.999215727032816,-0.361512766757228,0.0439672771550391,0.275729112982852,0.221458528932179,0.0119932853704663,0.972867628150552,0.420905118518444,0.00131705927796874,-0.403364877487656,0.053090103091627
"Pecam1",-0.0283486042925122,0.998454033907698,-0.00305091154701276,0.999215727032816,0.0348564534512804,0.382846225651696,0.00230247495431468,0.99429389708379,0.0148291091675179,0.741095788714942,-0.0645286151038627,0.0091173578297,0.0772155053133144,0.0538508519373873
"Peg3",-0.102150761547422,0.998454033907698,0.273445436335758,0.999215727032816,0.241511616763624,0.406030284080878,-0.0453735129463704,0.99429389708379,0.327245583219163,0.255691381198298,-0.876093191862353,2.45452935671213e-09,0.219170126285912,0.484660000316788
"Peli1",0.128003777902893,0.998454033907698,-0.104838126107268,0.999215727032816,-0.169367741928652,0.119299805568638,0.0888099716829702,0.710752531438423,0.137135489499361,0.281468416332918,-0.15800324529941,0.03576900236685,0.114437680116449,0.418891267050889
"Peli2",0.138694366998735,0.998454033907698,0.0540376126411951,0.999215727032816,0.160953540731347,0.511614361739544,-0.0967728893132023,0.929800898745576,0.199775466189503,0.416531594887013,-0.673793600928273,1.43443858413577e-08,0.301581824300278,0.221785955667808
"Per1",0.136174017707904,0.998454033907698,0.174526362701079,0.999215727032816,-0.0489980224076647,0.855689287436835,0.0266356656707589,0.99429389708379,0.262149420347736,0.211365210473302,-0.563370652119944,6.21199386812125e-07,-0.0773655363006622,0.752255991172811
"Per2",-0.0456604479167272,0.998454033907698,0.00297029965405582,0.999215727032816,0.0885469243455953,0.158095731200262,-0.0307561621377196,0.91263758082453,0.120200702346822,0.0851117190623301,-0.10847819399111,0.0168242851519763,-0.057524730292113,0.438193006612521
"Per3",-0.0761440583319717,0.998454033907698,0.0440111155846615,0.999215727032816,0.110730631663619,0.34435947350181,-0.0305529815424755,0.989667758022198,0.135113086161712,0.244151772592416,-0.287284007529777,2.45585228720075e-05,0.162743508061198,0.175742956089308
"Pex1",0.0455284237539675,0.998454033907698,0.0598887560886294,0.999215727032816,0.0342211851918648,0.759185927972367,-0.0219353158845121,0.99429389708379,0.0698034299478809,0.479664699765315,-0.233628522822892,6.99441181034665e-06,0.0471720050244202,0.656822828495072
"Pex11a",0.0261775579900672,0.998454033907698,0.0134531398947708,0.999215727032816,-0.117795988069244,0.13542984502773,0.0750874209228175,0.579998845427087,0.110162864779938,0.211365210473302,-0.0525432661933692,0.37958536002345,-0.115163465020748,0.227617136249793
"Pex13",0.0060352015742593,0.998454033907698,-0.0274841435018737,0.999215727032816,-0.0287393681197824,0.844612757858315,0.0322133477086718,0.9788631557912,0.199592105529108,0.0861462831925315,-0.174716592594268,0.0105362858053862,-0.0356505177784068,0.800310828817023
"Pex2",0.0695079739452643,0.998454033907698,0.000518208610328696,0.999215727032816,-0.119687723147862,0.602114330251102,0.196449629954962,0.499178985591936,0.337490151360332,0.112858636219005,-0.498527035385653,2.72876207165269e-05,-0.0482256191213897,0.852201202683624
"Pfdn6",0.0139791790382416,0.998454033907698,-0.016345122918017,0.999215727032816,-0.243083051880511,0.0195082980771095,0.165052384831245,0.205400939359996,0.0473536914326483,0.735101461389232,0.158032343563918,0.0443843765151776,-0.21814402295563,0.0809293292363298
"Pfkfb2",0.13329896569818,0.998454033907698,0.23314366411633,0.999215727032816,0.446802415315755,0.345018971113237,0.043904082471939,0.99429389708379,0.290295832077438,0.582976613116151,-1.33514445905376,3.89493646322603e-09,0.160585841653116,0.776696383493396
"Pfkfb3",-0.0178859474827224,0.998454033907698,-0.0142356040422986,0.999215727032816,-0.0172927623343768,0.712300834319675,-0.0331531350075607,0.616881003652054,0.0795391293722192,0.0422491726446416,-0.0236218169412977,0.424607531295314,0.0476078074306141,0.270398013739782
"Pfkl",0.069380617283564,0.998454033907698,0.0616174005928163,0.999215727032816,-0.666534878623068,0.0275576593291387,0.424555793911687,0.312505204363378,0.557462997247207,0.126478851762202,-0.0803150709020071,0.750213419229917,-0.721359130356698,0.0515661522945838
"Pfkp",-0.324118912210436,0.998454033907698,-0.058144228026842,0.999215727032816,-0.0977702331810293,0.829562131529997,0.180892170421854,0.873920236356898,0.714381365982047,0.0411233053173282,-0.685442698870666,0.00158036778170085,0.442348448679918,0.253657684619347
"Pgam1",-0.139822233159002,0.998454033907698,-0.159510899778919,0.999215727032816,-0.76330806963343,0.0287888280612571,0.521717576874565,0.256097427660972,-0.00044085671238081,0.999256989733971,1.02219190376454,3.66332090793858e-05,-0.754585005607249,0.0682173368435854
"Pgap3",0.0191146631491093,0.998454033907698,0.0653737441968083,0.999215727032816,0.188539636951889,0.639062142649789,0.0169349698943526,0.99429389708379,0.35724113314473,0.3438704308207,-1.14869230051653,9.08577481003946e-11,0.77951593971247,0.0301245307261887
"Pgpep1",0.0624785180930458,0.998454033907698,0.020297107704154,0.999215727032816,-0.0327236359317824,0.766453783204354,0.0506463355443081,0.836774737696555,0.0660167941936649,0.485834701157794,-0.113044057445485,0.0650672919180213,-0.122387753079798,0.192730368364485
"Pgrmc2",-0.0311053878985954,0.998454033907698,0.148235305812875,0.999215727032816,-0.205659156798633,0.225689961042636,0.255677914285902,0.205400939359996,0.205505320340904,0.262641861460624,-0.258737860640771,0.0213562294860223,-0.257467832760266,0.188012304576783
"Phactr2",0.0305086505003095,0.998454033907698,-0.0545112982298948,0.999215727032816,0.00436153600149793,0.970873255721896,0.0444079057713558,0.862063588689561,0.147908998932069,0.0861462831925315,-0.203339487454564,2.21873051543072e-05,0.0315167982566911,0.74900463538299
"Phc2",0.287648761374878,0.998454033907698,0.188521459856062,0.999215727032816,-0.189676498644717,0.527946181347729,0.162556140872594,0.825800582009516,0.323978946256519,0.264370931472155,-0.759602593879835,5.14383052302211e-07,-0.170508406755182,0.604868464880009
"Phf11c",-0.0401198338627253,0.998454033907698,-0.0231564674207396,0.999215727032816,0.028738768917263,0.647976935076606,-0.0178015867211276,0.974185554464106,0.0449372808267887,0.448282896536486,-0.0844452319862289,0.0246777914832906,0.16538155877986,0.00121282488536477
"Phf14",0.0672698288926597,0.998454033907698,-0.0388946303584651,0.999215727032816,0.158697578333603,0.570269186177198,-0.0323355155443847,0.99429389708379,0.0671471655333696,0.832085469578865,-0.651091148807835,1.32652424535857e-05,0.712692581227444,0.00328447384981097
"Phip",0.0476153706531,0.998454033907698,-0.012017341764416,0.999215727032816,0.0373724688326678,0.86126569235887,0.0339310887476671,0.99429389708379,0.228745976912986,0.176927839706478,-0.461986012981503,2.5902570147561e-07,0.171322477072609,0.356831054106432
"Phtf1",0.116878529929669,0.998454033907698,-0.0407073466963332,0.999215727032816,-0.00217631380709715,0.989413906481284,-0.0338531918784224,0.974185554464106,0.0607608419822656,0.611386899041917,-0.242955274682065,0.000245303977748144,0.222878211288274,0.0529128214351035
"Phyhd1",0.0645869689866458,0.998454033907698,0.0678633461145899,0.999215727032816,0.190269699993498,0.345018971113237,0.0447225227623356,0.99429389708379,0.0973198088813283,0.656368749883662,-0.575994027411936,8.48383851408208e-09,0.127454195478757,0.582539036241245
"Phyhipl",0.0211005449432059,0.998454033907698,0.0253548185007987,0.999215727032816,-0.0393898914827582,0.67173495157905,0.112929052047794,0.215299234403025,0.0174265059449579,0.867386537284504,-0.0847630882819127,0.127120740384813,-0.112442922149518,0.218492726250189
"Phykpl",0.00817370140063833,0.998454033907698,-0.00867331529544779,0.999215727032816,0.0469420719639232,0.158714021114757,-0.0232710473946447,0.771604532472367,0.00601410360259558,0.902734351205188,-0.0298200382257937,0.229870182394555,-0.00150120961446787,0.975132492739139
"Pias3",0.387087871752333,0.998454033907698,0.00483245247744346,0.999215727032816,0.0792687905884453,0.863338262502556,0.182716303848748,0.87916139195481,0.322239829580347,0.412261229991355,-1.08655884352351,3.0458688217073e-09,0.0303978025710543,0.948768023494236
"Pibf1",0.0530975550973981,0.998454033907698,-0.0533903357602408,0.999215727032816,0.00342052673015325,0.985613050029277,0.0297553439378886,0.99429389708379,-0.0315005323218839,0.857279680778787,-0.263926457714142,0.00261778280277497,0.45203933243065,0.000220029957852113
"Pid1",-0.0451334124294653,0.984550848878045,0.0282799181087314,0.999215727032816,0.0346887210657421,0.391695533996569,-0.0146541633792882,0.95747362166575,2.32973424462712e-05,0.999256989733971,-0.0248398052247977,0.377259997290073,0.0401877721365007,0.342145309598887
"Pigb",0.0933416234344444,0.998454033907698,-0.0345404801491567,0.999215727032816,-0.00359094375120472,0.98077032175629,0.0769084030220277,0.714327705762573,-0.0193354847029619,0.888346396355494,-0.227800072217601,0.000575495743860761,0.17833650043433,0.101887835205315
"Pigf",-0.00672924070173936,0.998454033907698,0.0510071582838498,0.999215727032816,-0.0728050963492668,0.255789079747235,0.0782107309624661,0.319321574687719,0.00696493857962238,0.944406902520101,-0.0185773669514543,0.689659259461287,-0.077627540864286,0.291032440049611
"Pigg",0.0221208365824064,0.998454033907698,-0.0872231238272204,0.999215727032816,-0.0199172010952502,0.838366477228255,0.100473971246347,0.220742207345349,0.00874732449335847,0.936038445583584,-0.0431697442884486,0.398098378576491,0.0343302600628642,0.7037157439306
"Pign",-0.0009351758667955,0.998454033907698,-0.0185245527704074,0.999215727032816,0.0406202937537385,0.824046155732103,-0.0283782889482854,0.99429389708379,0.0421011918908898,0.807651286997188,-0.278082076996489,0.00244908778900025,0.417140067058689,0.0013953033135538
"Pigp",0.110893257147702,0.704736577890568,-0.0623636283092046,0.999215727032816,-0.100519204851507,0.190622507500473,0.11511505027693,0.205400939359996,-0.056076315719868,0.527547313154691,0.00552771505857308,0.926248761577107,-0.0304191681835622,0.755920446629884
"Pigt",0.187394408029396,0.998454033907698,-0.345926234186544,0.999215727032816,-0.363917471975898,0.137230052170578,0.40631198842577,0.190015176657185,-0.157257601662943,0.589159731252495,0.552552601330446,0.00114366401026069,-0.445648012846905,0.109103823647328
"Pigz",0.0332655817662624,0.998454033907698,0.0424667044410292,0.999215727032816,0.0587279899119119,0.582876063272955,-0.00652576026830554,0.99429389708379,-0.0717033440544181,0.485647238296218,-0.209622380110062,0.000514407153929953,0.253385716957157,0.00695702156234654
"Pik3c3",0.025495739254601,0.998454033907698,-0.0101096025265633,0.999215727032816,0.0305505086000879,0.838366477228255,0.0610473051692586,0.863707855182697,0.133435705340989,0.258107922681542,-0.315781421321622,5.24965826141268e-07,0.0983245814912608,0.44724720552958
"Pik3r1",0.190851572182787,0.998454033907698,0.0502161755905968,0.999215727032816,-0.360661428343481,0.0738996901899268,0.366887860505253,0.165996951983774,0.16195644226597,0.511939268003574,-0.234038796655264,0.135536775167275,-0.385769949429513,0.11323270578694
"Pink1",0.227883575700679,0.998454033907698,-0.106212039794633,0.999215727032816,-0.65871882129024,0.0195082980771095,0.511798015680482,0.168003120300411,0.279026903035764,0.424516055285593,0.106502328006725,0.646491424889926,-0.686336636955396,0.0406013780915967
"Pisd",-0.0161156653490233,0.998454033907698,-0.0665682067203237,0.999215727032816,0.0213905806830001,0.828088302633552,0.014219878224519,0.99429389708379,0.0515996318886303,0.524191326271953,-0.12702399559759,0.0126882074570227,0.217665960697093,0.00199535320574097
"Pitpnc1",0.186782478242695,0.998454033907698,-0.0163434702168661,0.999215727032816,0.0414136893147159,0.855689287436835,-0.0442625183483591,0.993193144482628,0.223973982019588,0.203496710819479,-0.479203142897909,5.49578498591752e-07,0.0835693790930749,0.682287148916494
"Pitpnm3",0.178383748296124,0.998454033907698,0.215994333999704,0.999215727032816,0.613366666899967,0.254167741469177,-0.0540344210588426,0.99429389708379,0.186395877474842,0.781240477416973,-1.69135914208004,4.56787167367607e-10,0.79059693676844,0.184567136442901
"Pkd1",-0.0342188701244904,0.998454033907698,0.00169787162605953,0.999215727032816,0.10550981802359,0.571425966396062,-0.109992789079861,0.770537182587806,0.195682160425697,0.255691381198298,-0.440077539633392,1.09025051356243e-05,0.469126442317483,0.00354701494534498
"Pkig",-0.0220419969673413,0.998454033907698,-0.136342597930507,0.999215727032816,-0.243565072276173,0.0327497678763986,0.157848366611945,0.316036426939469,0.0845545208795916,0.55563330543032,0.211345480050944,0.0136916130652785,-0.0637770522858765,0.677706695119328
"Pkm",0.0543011448614248,0.998454033907698,-0.0733650576940406,0.999215727032816,-1.06137464050605,0.0287888280612571,0.73425970419354,0.250792751419506,-0.00919573840106658,0.994004963087202,1.19220768298196,0.000648543718720784,-1.42502213405082,0.0124838095387716
"Pknox1",0.0506674601098013,0.998454033907698,-0.0794598970917593,0.999215727032816,-0.0949128388571706,0.231119986829934,0.114847242267671,0.205400939359996,0.037413355200618,0.685571268379699,0.0155202174418749,0.793389795993388,-0.0808541198892342,0.379400191337951
"Pkp2",0.0151733894400166,0.998454033907698,0.00388185553386722,0.999215727032816,-0.0426798095070156,0.526028351505605,0.0140376937089419,0.99429389708379,0.0867746799174286,0.17071660546857,-0.135702099650322,0.000331015639203602,0.0873966808958159,0.19757257360992
"Pla2g7",0.208682140193681,0.998454033907698,-0.356911491200936,0.999215727032816,-0.482959127585444,0.155657634390697,0.581852284949543,0.169495389580627,-0.0355032595008775,0.9514557969806,0.58966753418386,0.0122575616972291,-0.863014935622253,0.0229368509290878
"Pla2r1",-0.123219849877347,0.998454033907698,0.154030425753004,0.999215727032816,0.788844691415943,0.0563693521527913,0.0104083679012804,0.996357979649697,0.0393150564553024,0.957646012019063,-1.31695412118183,4.46748816161609e-07,0.687880926112494,0.175742956089308
"Plaa",0.00982035219130628,0.998454033907698,-0.029695572195602,0.999215727032816,0.0083371219422772,0.941680893489945,0.0729551067617502,0.572775052891439,0.0577069562150834,0.52742101401525,-0.13251413158527,0.0101497882926495,0.0098292518581995,0.931045730760894
"Plcb4",-0.0798754461686515,0.998454033907698,-0.0972686430526637,0.999215727032816,-0.010513314737248,0.973931045129801,-0.0960797907793687,0.94410847522641,0.281784559362836,0.252641753896328,-0.481010124289039,0.00227479601332444,0.844585578577841,5.05031976097773e-05
"Plcd3",0.0439697790127724,0.998454033907698,0.0776894209248771,0.999215727032816,0.0386620746647648,0.906756056558767,0.0780409456621864,0.974185554464106,0.372003802622404,0.146217358701392,-0.728360143624597,3.20245284660136e-08,0.115114251584322,0.694273306906549
"Plch1",0.0526526321813339,0.998454033907698,-0.0336161770464432,0.999215727032816,0.0696083147074275,0.536367299445455,-0.0192884885191744,0.99429389708379,0.149432012155724,0.153169783092188,-0.251040809903329,6.02545915397522e-05,0.0261521627793934,0.836795490816744
"Plch2",0.0353408449293773,0.998454033907698,0.246790745917987,0.999215727032816,0.42858227197625,0.398948561999731,0.0613120361662944,0.99429389708379,0.304645788297873,0.582976613116151,-1.52046528334531,9.70142810136503e-11,0.619198216932956,0.255927553283605
"Plek",0.0516257538569793,0.998454033907698,-0.00680736843039678,0.999215727032816,-0.00950847050059141,0.902166181877767,-0.00304528483383604,0.99429389708379,0.00658187237580778,0.938485256443949,-0.115660490461313,0.00153553244143684,0.122599518914434,0.0422469717317119
"Plekha1",0.0681393047897002,0.998454033907698,-0.0689917249786876,0.999215727032816,0.0845838397180798,0.778306646515937,-0.0156450937320912,0.99429389708379,0.205536652794848,0.430192583450449,-0.685220680753902,7.6621225670171e-07,0.674571922853298,0.00414854768154766
"Plekhb2",0.298411366414097,0.998454033907698,-0.0559869634540864,0.999215727032816,-0.536048396353507,0.035858686906097,0.509013476830559,0.14112349815013,-0.0353791442173141,0.934775066613231,0.116448670979241,0.573605128207796,-0.571081726204259,0.0720745851906204
"Plekhf2",0.146880685991132,0.998454033907698,0.41415281668059,0.999215727032816,-0.312123141708293,0.405228102842186,0.25836550499303,0.731590418708942,0.536337039475725,0.146217358701392,-0.950144371618189,6.98907333026048e-06,-0.350677870407207,0.379400191337951
"Plekhg3",0.0243053565020417,0.998454033907698,0.139973269001638,0.999215727032816,0.043030302407253,0.843142631372221,-0.0753175784653767,0.912471636554691,0.147941292304388,0.404331614852498,-0.479930683972057,5.76505191106133e-08,0.295995699450768,0.0867320218366474
"Plekhg4",0.0530166108667385,0.998454033907698,0.0337214494773643,0.999215727032816,0.0821709075831688,0.44925193659757,-0.0131824979784839,0.99429389708379,0.0132061540091361,0.927557591114722,-0.245784634944164,0.000129580038860848,0.105863683564126,0.33590643170746
"Plekhh2",0.163920490303751,0.704736577890568,-0.00308173188792971,0.999215727032816,0.0732198359245884,0.567327022974005,-0.0193356190552563,0.99429389708379,0.042389337616803,0.753319342779632,-0.234277824463837,0.0016240872917881,-0.0858974098858232,0.50964776034405
"Plekhj1",0.120660064063979,0.998454033907698,0.0101200725783361,0.999215727032816,-0.0314284535751348,0.834631666390686,0.00368772511791193,0.996357979649697,0.0246759654863193,0.86643113024756,-0.182016875110018,0.0103903426399777,0.0636998541748401,0.649282963270889
"Plekhn1",0.109719281570593,0.998454033907698,-0.131920466059517,0.999215727032816,0.204040520536063,0.490928578430767,-0.198361149803659,0.731590418708942,0.149709613629625,0.617416774673313,-0.661669921964418,0.00013011589327187,0.897045805838791,0.000324623338641514
"Plekho1",0.0145340189158283,0.998454033907698,-0.0240072882145594,0.999215727032816,0.0344684357372712,0.316055241475848,-0.00247189637274148,0.99429389708379,0.00575722405683232,0.902024236266016,-0.0299627815421225,0.204491161799928,0.000754713554316222,0.986458426788956
"Plk2",0.0160542708984388,0.998454033907698,-0.0883184742338317,0.999215727032816,-0.133923991269833,0.323867563423733,-0.037177734119199,0.985437885648718,0.214334388997897,0.115963014296444,-0.171532391637918,0.0680304556472882,0.348080456596163,0.00574674249254904
"Plk5",-0.0285854547224047,0.998454033907698,0.162293359794702,0.999215727032816,0.0515023732744753,0.861311699298606,0.0513587148946963,0.99429389708379,0.325067334191582,0.16808589331944,-0.668784755303295,2.80176407188265e-08,0.103868033853459,0.70612440705822
"Plpbp",-0.019848605889137,0.998454033907698,0.0416164072961537,0.999215727032816,0.0463996878624288,0.717542071300344,-0.00490667476090312,0.99429389708379,0.143735746772859,0.196042895796736,-0.300150447254356,8.03529323358911e-07,0.133556479238128,0.26567006727071
"Plpp2",0.193555311300471,0.998454033907698,-0.0418195784422202,0.999215727032816,0.0553467513904877,0.883167604909576,0.338471679215741,0.333131933304758,-0.0218831207937527,0.964921787608384,-0.166452842234007,0.403574089599616,-0.692649781660212,0.0228588217154967
"Plpp5",-0.0407864365131986,0.998454033907698,0.00555722731669495,0.999215727032816,0.0610732839281083,0.381579574862142,-0.026121698858686,0.946885188414384,0.102077042499949,0.13666600594921,-0.149219724038093,0.000321692667040825,0.0733671694173557,0.310088013866891
"Plxna2",0.22410301343893,0.998454033907698,-0.125643388555212,0.999215727032816,0.162361774580512,0.626001004055836,-0.0694801440555031,0.99429389708379,0.536916026257602,0.0812774121180427,-0.848931476131134,1.21060709270972e-07,0.103618658780851,0.764842923853743
"Plxnb1",0.0804045468879819,0.998454033907698,-0.0546900051322032,0.999215727032816,0.202146606281055,0.411218193481751,-0.0324669693039055,0.99429389708379,0.420227519182753,0.0861462831925315,-0.630061100696426,4.67087793610832e-06,-0.0539331539382315,0.852561168827665
"Plxnb2",0.243318390884021,0.214401636471419,-0.120652913317945,0.999215727032816,-0.0465742660726698,0.772411437808914,-0.00171680863291557,0.996357979649697,0.129508044057054,0.356530727620218,-0.214313723148828,0.0138400407646474,-0.0251996795042797,0.876839198320844
"Pmel",-0.0520446984012582,0.998454033907698,0.0373221628688295,0.999215727032816,0.0446368791289417,0.380808335823843,-0.0511492491908115,0.413877394889295,-0.0153327480727454,0.796484658379378,0.00695885556975934,0.850391090790654,0.0590465478676422,0.255927553283605
"Pmm1",0.220094013485358,0.998454033907698,-0.0426593300047577,0.999215727032816,-0.411232567678066,0.0651917449011292,0.3930643680844,0.181353941215489,0.179345492325136,0.526058346779825,-0.153357625196481,0.371113645808881,-0.391569594917432,0.172026494456504
"Pms1",-0.0256906083102211,0.998454033907698,0.0381281127736699,0.999215727032816,-0.0372252763139977,0.752652056662822,0.0580519130445896,0.810949983850539,-0.00163034428555986,0.994004963087202,0.00549638627668991,0.930917181455033,-0.0689866357121744,0.575742216172614
"Pmvk",-0.0594351540419584,0.998454033907698,-0.179643062590662,0.999215727032816,-0.261054560976614,0.186359015749161,-0.0619714927082691,0.9788631557912,0.40380186830061,0.0478142799466464,-0.0498712967833268,0.750213419229917,0.385860554552883,0.0725652526621508
"Pnkd",0.136433114747711,0.998454033907698,-0.0265212305618096,0.999215727032816,0.0106195280548217,0.952468630690943,0.0644590298837081,0.879791728905382,0.0336038550288927,0.838131770988429,-0.264666722240119,0.000442593184126752,0.0411365786573283,0.799133002042382
"Pnpla3",-0.13706420665153,0.998454033907698,0.0509927136847421,0.999215727032816,0.305131311468228,0.165483172250263,0.0527376178001173,0.99429389708379,0.248632373170985,0.31780101199856,-0.672098995508121,3.04415358760187e-07,0.213773449021775,0.415066131148003
"Pnpla6",0.0239775738635979,0.998454033907698,-0.0428035858859239,0.999215727032816,0.0434405551605712,0.708657581291976,0.0270349626042066,0.989111337341283,0.133480202274781,0.186691791954834,-0.286978425091703,2.64176933851876e-07,0.153673062198372,0.144965814590241
"Pnpla8",-0.00890164539690586,0.998454033907698,8.38677352452688e-05,0.999215727032816,0.0112075062056425,0.942770843770671,0.0337741242564215,0.9788631557912,0.134050500809909,0.266176010508261,-0.28991570376406,7.94661028076588e-06,0.185359103562632,0.14443338168192
"Pnpo",0.00856151826472573,0.998454033907698,-0.00732730457533626,0.999215727032816,0.00979421746475506,0.940166225094816,-0.0105350904905973,0.99429389708379,0.204780123042,0.0133132696886872,-0.212041371280459,0.000181702196004752,-0.0160540872004941,0.884816529651233
"Pnrc1",0.0720572937079926,0.998454033907698,-0.0635805907115508,0.999215727032816,-0.775010080560523,0.0179565820084687,0.578645899504594,0.178067897665765,0.175367847221384,0.670364705884987,0.581357598142365,0.0207957203034721,-1.00248096837821,0.00512987587134549
"Poc1b",0.013115966966095,0.998454033907698,-0.0457994890819853,0.999215727032816,0.153234796251521,0.39829541816335,-0.0700079169761638,0.94410847522641,0.128862210960671,0.488726382801778,-0.446191454067484,1.61549669957044e-05,0.442744507982045,0.0101165615491282
"Podxl",0.351769431948973,0.998454033907698,-0.154362999358042,0.999215727032816,-0.0792978653554899,0.86126569235887,0.0259273695110421,0.99429389708379,0.558155858778781,0.123486021340973,-1.04736503895133,2.19060469441907e-08,0.476592875978993,0.206042733523652
"Podxl2",0.203329850190012,0.876123802976676,-0.265976516894993,0.999215727032816,-0.209841417003695,0.15920173423485,0.185058167279232,0.34362267205271,-0.00926260091350276,0.972867628150552,0.0836725444547879,0.452049571425552,0.0298338984976778,0.886347625390775
"Pofut1",0.0341790755025908,0.998454033907698,0.0368605662077028,0.999215727032816,0.116936331963296,0.514107096547988,-0.0156130389593967,0.99429389708379,0.225641602146812,0.18061542587522,-0.486549263330516,1.81558622221636e-08,0.0980267333544931,0.614079567087342
"Pogk",0.129041189232279,0.984550848878045,-0.106774163548096,0.999215727032816,-0.1518883653821,0.12353692391113,0.129795721892524,0.319321574687719,0.0252311343067023,0.859405719963424,-0.00737974143937617,0.925649087228764,-0.0427760230312327,0.746937767810632
"Poglut1",0.0394608837451913,0.998454033907698,-0.0284982131648238,0.999215727032816,0.0263019730883931,0.785528528383938,0.00204327658630576,0.996357979649697,0.0142108685250804,0.888786714958705,-0.180611813360554,0.000135483214545218,0.211426411180164,0.00497880838197549
"Poglut2",0.0229195711962528,0.998454033907698,0.0227383924935423,0.999215727032816,0.0298226058231192,0.661174310625095,-0.0117504799736478,0.99429389708379,-0.0444574041968394,0.486681266467909,-0.0902478177871023,0.0232730278314593,0.117216758339729,0.0559988596570133
"Pola1",-0.175962463954652,0.987915157375208,0.0595696655254379,0.999215727032816,0.202668479820566,0.157865869509323,0.0110365240586539,0.99429389708379,0.160589357359478,0.320808113551427,-0.374580115722841,6.18050270266311e-05,0.186768268161239,0.258118194185854
"Polg2",0.191447713695308,0.998454033907698,0.112404197539381,0.999215727032816,0.163237584124853,0.663218894592562,0.139356404727752,0.929800898745576,0.26304429547015,0.464827087742751,-0.849406112933236,1.07761693786321e-05,-0.167254541917198,0.66008749613281
"Polr1a",-0.0283484372848975,0.998454033907698,0.00352495138926731,0.999215727032816,0.0217750325465292,0.768843973982134,0.0138923536819508,0.99429389708379,0.0373645759886235,0.573453577312105,-0.119144618128006,0.00136766365089746,0.1192859708144,0.0592364127164913
"Polr2a",0.15120293130481,0.998454033907698,-0.00324210869651531,0.999215727032816,-0.36560631941473,0.176134899134619,0.342973935565506,0.323187764987973,0.448640504076739,0.137203905493817,-0.639659623792967,0.000138459003211339,0.0139568043403759,0.973660077978693
"Polr2f",0.0202604166843205,0.998454033907698,-0.0514199054541568,0.999215727032816,-0.159276288043959,0.0507087081819207,0.0990382026728887,0.39941012452215,0.0916637492090644,0.356530727620218,0.0778975313093165,0.225077092579349,-0.137890245120525,0.170978922018975
"Polr2j",-0.00262160540265928,0.998454033907698,-0.0773111999743418,0.999215727032816,-0.199986351927288,0.0376372302413129,0.1928117723097,0.133609092856386,0.0163515525500389,0.919492104306098,0.124324312261266,0.0900445334438082,-0.0820617444376653,0.526985019550045
"Polr3f",0.0266267669623793,0.998454033907698,-0.00221833651670311,0.999215727032816,-0.0404138263586974,0.751584535725778,0.0414113363011672,0.94410847522641,0.123335253406462,0.249547802692144,-0.198565019832129,0.00281837354512884,0.0627464601078355,0.604656791364383
"Polr3k",-0.0222630328526567,0.998454033907698,-0.0832242019171197,0.999215727032816,0.0846388484260941,0.787409699201425,0.0432933971074644,0.99429389708379,0.268906083608394,0.309971060660773,-0.6542020410102,7.59293646078094e-06,0.598283851307717,0.0184823558236683
"Pomc",-0.0388580002691255,0.998454033907698,0.00323511027606835,0.999215727032816,0.0118934604586053,0.864300910528001,0.00546375946557912,0.99429389708379,0.0677312234015034,0.22038613300821,-0.0570863138941099,0.135119867449793,0.0103390569204056,0.876839198320844
"Pou5f2",0.0153145184011524,0.998454033907698,-0.0226586935835268,0.999215727032816,0.100746672811267,0.10606840329925,-0.00956845494220915,0.99429389708379,0.014204436526349,0.870346271450205,-0.158457672254223,0.000313273714437242,0.0950620733256334,0.191668067833919
"Ppa1",0.033010950100131,0.998454033907698,0.0705072282171098,0.999215727032816,-0.381470993153122,0.0179565820084687,0.326597307938225,0.121544333753561,-0.105332328220166,0.594137357369496,0.268191385734351,0.0284176477029655,-0.374352523439394,0.043100129279137
"Ppara",0.111877806982921,0.998454033907698,-0.0185837452118407,0.999215727032816,0.0730133361792422,0.717542071300344,0.0725574978750785,0.929800898745576,0.0718579129911907,0.718594808469767,-0.491978331169732,1.43713964327436e-07,0.266212094418644,0.1486886985827
"Ppargc1a",-0.081588006555734,0.998454033907698,0.0952763546806936,0.999215727032816,0.00323772172759496,0.987542322938949,0.151567903438533,0.413820045876456,0.0964692278218906,0.541056233291514,-0.339292700580704,4.74153099720569e-05,0.0963554076357291,0.57005296771087
"Ppat",-0.00342963241515149,0.998454033907698,-0.0188322619095299,0.999215727032816,0.000536390737524976,0.991963327971627,0.0128531967492906,0.974185554464106,0.00766452945214062,0.881341783563789,-0.0581301520263331,0.0257246980396725,0.104312881861724,0.0078125275353585
"Ppcdc",0.057097247319512,0.998454033907698,0.00337214914088718,0.999215727032816,0.174709104624521,0.363293915861381,0.0146767735858858,0.99429389708379,0.0783693009882061,0.710655181317284,-0.544019092633719,4.79747813643511e-08,0.329958232347601,0.0879169600081884
"Ppdpf",0.00257497644563165,0.998454033907698,-0.0256291258180398,0.999215727032816,-0.101201332317381,0.0783804855405973,0.124379518562395,0.0942716399609835,0.0471989702067442,0.497411316136439,-0.00618424923854721,0.897533229860783,-0.0776808307825496,0.277155418462868
"Ppil6",-0.036796597180872,0.998454033907698,0.0139786329647408,0.999215727032816,0.114391755435892,0.39829541816335,-0.064494144321511,0.887247672495606,0.194136281385116,0.145345438927272,-0.336166595793717,1.37842891619649e-05,0.174282750895388,0.20972364833516
"Ppip5k1",0.048074706255826,0.998454033907698,0.0836841539283038,0.999215727032816,0.264604629872509,0.428233071236143,0.0208184215963887,0.99429389708379,0.253831241119022,0.468116014620761,-0.939618078191803,1.36441195843009e-08,0.374071069247459,0.291125027779396
"Ppm1d",0.284915995409673,0.984550848878045,0.259651576809939,0.999215727032816,-0.176664378972819,0.502605598910498,0.0571823716112725,0.99429389708379,0.293539818364398,0.241515781807631,-0.544552721094675,0.000360421185700921,-0.446121365453536,0.0781722501373478
"Ppm1n",-0.0547336805817631,0.998454033907698,0.294558150648232,0.999215727032816,0.0908412178748891,0.833230897917759,0.06313532691878,0.99429389708379,0.344041308689916,0.324944406950534,-0.959193274562923,8.16955721423438e-08,0.272387646061541,0.463634127738924
"Ppox",-0.0633967167867497,0.998454033907698,-0.0484958238361389,0.999215727032816,0.210296712611008,0.160257756112062,-0.0203444460422473,0.99429389708379,0.144400280383459,0.404331614852498,-0.417286733275244,7.32319168097483e-06,0.323155476681648,0.0533732036687869
"Ppp1r10",0.266070673258702,0.9673192607093,-0.00444035170964474,0.999215727032816,-0.0783603524011861,0.778026045310289,0.0812844001949167,0.961930554916282,0.213269568661185,0.375869886133495,-0.695207421048232,3.06231177396563e-09,0.285177389603875,0.240335403908245
"Ppp2r2b",0.363360747775802,0.987915157375208,-0.259232558465595,0.999215727032816,-0.461916927310363,0.0981720822000946,0.295378895400853,0.514994006452072,0.335334105872335,0.330593897141459,-0.464453357080139,0.0160581206103782,0.264767193001387,0.479392409756383
"Prdm1",0.180751929561664,0.987915157375208,-0.0828360453721075,0.999215727032816,0.0255151116464649,0.90562535895539,0.0580609884381234,0.961930554916282,0.0429056622411641,0.832085469578865,-0.406150074995026,2.21862702765136e-05,0.274602007995195,0.102693344169492
"Prdm10",-0.0389101309001054,0.998454033907698,0.0213779067665107,0.999215727032816,0.10188035945152,0.402849523550616,0.0176919646744105,0.99429389708379,0.0648980934197403,0.609296586485156,-0.295739715423648,3.04980360744312e-05,0.206173343281694,0.0869868456842643
"Prdm8",-0.0299310962116379,0.998454033907698,0.15203541097415,0.999215727032816,-0.144182043861677,0.144289560122384,0.0400205369931861,0.958398978172115,0.0664438162819385,0.573453577312105,-0.171600192672412,0.0126468651203662,0.126386187463628,0.287113640683964
"Prdx2",0.0840374414306723,0.998454033907698,-0.141877534904896,0.999215727032816,-0.335844659868144,0.0179565820084687,0.233007166763125,0.199200111983168,-0.024039880443897,0.913996884277763,0.246659201300715,0.0182951231674613,-0.0894266919766775,0.621822393250923
"Prkce",-0.0236776231830906,0.998454033907698,-0.0913029866810012,0.999215727032816,0.093593300360578,0.602114330251102,0.0202212050633168,0.99429389708379,0.107352775959851,0.535290798538195,-0.377913694324829,9.77091962063528e-05,0.46670057406664,0.00219707662900236
"Prkn",-0.0745213151610301,0.998454033907698,0.0323597755310412,0.999215727032816,0.241517247240404,0.0807577441777199,-0.0913957276464383,0.825189751950159,-0.0369468290630464,0.853717153724066,-0.32590352690861,0.00123681009666556,0.442691078437714,0.00256071536371327
"Prmt7",0.0673975960734876,0.998454033907698,-0.0661669539917422,0.999215727032816,0.0638831494376602,0.772411437808914,0.172490834941311,0.501696141088116,0.13575281444385,0.486174123242022,-0.468033847276784,5.20062736551673e-06,0.117119403977229,0.579863531951685
"Prnp",0.0798904054078795,0.998454033907698,-0.201085816641739,0.999215727032816,-0.521761891380315,0.0195082980771095,0.484364706884354,0.0942716399609835,0.0903089705414213,0.768678138580022,0.276804344653152,0.101090543447861,-0.35651784875369,0.20834169157731
"Prodh",0.107595650873284,0.998454033907698,-0.0586669801495903,0.999215727032816,0.0632896959819647,0.6433821845364,-0.0632237128399684,0.86672815208466,0.0849558084611417,0.507786630660293,-0.293786702824799,5.30443378328478e-05,0.253263308952507,0.0379898281259173
"Proser2",0.0777688356437833,0.998454033907698,0.0865307270336446,0.999215727032816,-0.150472120383984,0.181777060379017,0.182962710409424,0.185952145578367,-0.0480006417401837,0.73447111225363,-0.0764464552004465,0.369606095626,-0.160356167492149,0.218456876665315
"Prpf39",0.15622345903766,0.998454033907698,0.180340396001967,0.999215727032816,0.472693343508479,0.247840043692145,-0.134945270811954,0.974185554464106,0.220524061293897,0.628727311705398,-1.34834048681426,9.70142810136503e-11,0.65221983786306,0.137874720945099
"Prss38",0.0418772521383731,0.998454033907698,0.0265327453386368,0.999215727032816,0.0434554661848894,0.542711147860571,-0.0360875579445423,0.851287120985269,0.00383600864039846,0.972867628150552,-0.150006098665455,0.000199819165829228,0.106235455182683,0.120669233443229
"Prtg",0.0509752280470415,0.998454033907698,-0.160140365961905,0.999215727032816,-0.0161370566655069,0.943083893831064,-0.103670946335302,0.803079071723851,0.221908921248017,0.186691791954834,-0.269309467600324,0.0203418049069394,0.481108063600608,0.00178002589100575
"Prxl2a",-0.0618483504931513,0.998454033907698,-0.00310124788757715,0.999215727032816,-0.206543211507,0.0887981903319253,0.211925789027969,0.178067897665765,0.0264200017091659,0.881702886339011,0.179658248944773,0.0438093753811781,-0.246961671824316,0.0908578210844452
"Psd2",0.763424877526895,0.13362477103085,-0.45692467559348,0.999215727032816,0.304825585182658,0.44925193659757,-0.231470809302086,0.810949983850539,0.145433210267302,0.741008948012751,-0.907485171378871,0.000166349402297503,0.558491063132252,0.158543089688015
"Psenen",0.0565735959339308,0.998454033907698,-0.0408949852782536,0.999215727032816,-0.169315227264816,0.0795512072894694,0.155167962566653,0.205400939359996,-0.0568409102233724,0.632664142075388,0.181595603541629,0.0108185921953575,-0.216732408417853,0.0538508519373873
"Psip1",0.287475532009089,0.704736577890568,-0.186489551883203,0.999215727032816,-0.215133621784042,0.284326861388069,0.249979533855562,0.283209485896142,0.168038847390836,0.449814940162591,-0.241873000483717,0.058146219017742,-0.16539048691875,0.491951477201392
"Psmc3",0.150231890320514,0.998454033907698,-0.193685002471763,0.999215727032816,-0.289044055640189,0.0738996901899268,0.285186801599997,0.178067897665765,-0.0629955058425617,0.772879454258526,0.319279488325011,0.00734336198751536,-0.352605708513752,0.0648083898546167
"Psmc5",0.0805059162447762,0.998454033907698,-0.0858424679428313,0.999215727032816,-0.398650948709541,0.0179565820084687,0.290966299923518,0.157611589154503,0.151290153317708,0.43242242510854,0.0653714223217763,0.603220677587072,-0.196304451884334,0.326059445881098
"Psmg4",-0.0530773552762485,0.998454033907698,-0.0128529130475996,0.999215727032816,-0.00892387769176151,0.925489385202405,0.0453593337366327,0.762492159987754,0.126994494845343,0.0614614993188466,-0.0441971524166893,0.374663442068867,-0.098952472398008,0.165826223659449
"Psph",0.0587829217707268,0.998454033907698,-0.0260083507204117,0.999215727032816,-0.0474827229871757,0.623378208926483,0.0610088826876873,0.731590418708942,0.0443094397099902,0.640320626514286,-0.15158693691711,0.00551940811492985,0.0885838044457156,0.352565962533042
"Ptar1",0.0446276649979693,0.998454033907698,0.0372849221717582,0.999215727032816,-0.00452468087592228,0.989413906481284,0.0340696160912666,0.99429389708379,0.366424971435057,0.146217358701392,-0.627419185519065,1.11530141264431e-05,0.187425808060204,0.509920512395769
"Pter",-0.0394754706208961,0.998454033907698,0.0146065320592885,0.999215727032816,0.000161298514104624,0.997643639091399,0.0349073831119273,0.679852398480882,0.0597788080499311,0.194484986425696,-0.0618083623020658,0.046601130967493,-0.0202981797516097,0.697862764077052
"Ptgds",-0.0567135135949197,0.998454033907698,-0.0787410689485938,0.999215727032816,0.170256658272683,0.0807577441777199,-0.101050514861215,0.536238589370332,0.000546942496603142,0.997790947945376,-0.0784490336680099,0.325082460112439,0.272890690785263,0.0116526778350603
"Ptk2",0.0145665161777531,0.998454033907698,0.0863172972440061,0.999215727032816,0.0984140047866953,0.638300331699312,-0.0245463814934149,0.99429389708379,0.0311055552774192,0.902024236266016,-0.49130499912037,2.92759571210248e-06,0.460987658809422,0.0133727787619081
"Ptms",0.375875857288023,0.998454033907698,-0.368789007394924,0.999215727032816,-0.983770696920313,0.0250886219016177,0.664018766135557,0.234613857659661,0.0927796401222025,0.888825500552772,0.849076416174175,0.00889364006514333,-1.09245579135185,0.0337125621760184
"Ptov1",0.246071958157092,0.986549560468382,-0.148968276604689,0.999215727032816,-0.332596017039702,0.0655139555614461,0.273655892631771,0.233933251721402,0.0795309876936137,0.748744341625195,-0.0777457350895213,0.573939020279416,-0.105443615772321,0.681374150986362
"Ptp4a3",0.147794756895151,0.998454033907698,-0.301656846767974,0.999215727032816,-0.242595290538294,0.600689441446287,0.0300573846357596,0.99429389708379,0.512097110888749,0.257569194676968,-0.729392266322149,0.00245761323878871,0.984457948076926,0.0292271538023168
"Ptpn21",0.11801770911521,0.998454033907698,0.0187147038350755,0.999215727032816,-0.15015542423373,0.387308476769548,0.231837469011938,0.205400939359996,0.128432484723126,0.481803136931886,-0.235200206952244,0.0229705589159569,-0.252980010996505,0.180361656190783
"Ptprn",-0.0551117389708239,0.998454033907698,-0.10933632938815,0.999215727032816,-0.0225678163693168,0.931554329889425,-0.0849723336456427,0.911597198987894,0.0521637110304589,0.816370485307949,-0.131880124205398,0.331404152128902,0.645884614949296,4.25355593277567e-05
"Ptprn2",0.032635735330651,0.998454033907698,-0.0952150692311213,0.999215727032816,-0.0197394998521917,0.886198652504586,-0.0470018958558406,0.920738238772469,-0.00578835404305506,0.972867628150552,-0.0977198840342622,0.203284395974046,0.421465136274479,1.46872402603796e-07
"Ptprs",0.0426196506094315,0.998454033907698,-0.105580478607046,0.999215727032816,-0.0283458119482438,0.86126569235887,0.0706818854815962,0.845014433213877,-0.0310281600184323,0.852828274270429,-0.0982850768705739,0.232891250931215,0.268891312272809,0.0513207708455175
"Pts",0.0261735818903912,0.998454033907698,-0.101650788232793,0.999215727032816,-0.0759150999138655,0.432319095485856,0.0940560958868588,0.442243666819083,0.0426264064921709,0.685571268379699,-0.0430923444438288,0.495999166369361,0.104734145005432,0.321835141561982
"Pttg1",0.000239978276200259,0.998561385570072,-0.0283178843382512,0.999215727032816,-0.045638021581534,0.482469206096684,0.090192262982919,0.197690183474804,0.0718065224533891,0.255691381198298,-0.065845200265229,0.104620057072739,-0.0489183798395899,0.488434795661989
"Pttg1ip",0.015188316460828,0.998454033907698,0.121526420296969,0.999215727032816,0.115839328742853,0.571425966396062,-0.0199993723466183,0.99429389708379,0.254877656620052,0.174667170453872,-0.546277235405535,2.79438492903683e-08,0.030680313084646,0.894585543850798
"Pum3",0.0539243580317679,0.998454033907698,-0.0175812164412302,0.999215727032816,-0.0183368155359457,0.844612757858315,-0.00535927026676986,0.99429389708379,0.104222731954167,0.153169783092188,-0.1716575878148,3.26504800915101e-05,0.074217654211436,0.352354565796967
"Purb",0.0643141074798796,0.998454033907698,-0.177526131875756,0.999215727032816,-0.868297723888839,0.0275576593291387,0.6504401013441,0.205400939359996,-0.132359336747587,0.813210529487723,1.06482627175219,0.00015197871228596,-0.992056715362021,0.0311951035732808
"Pwwp2a",0.0751648876249325,0.998454033907698,0.0620564499853588,0.999215727032816,-0.092121977102075,0.626918883292397,0.074857738585143,0.920738238772469,0.255210310772775,0.144694021601088,-0.406151770490317,1.83489343338469e-05,-0.0104024833602283,0.964917662818962
"Pwwp2b",0.0750795257574192,0.998454033907698,0.0591961276447491,0.999215727032816,-0.0720125409473839,0.652691865637638,0.0751639885564305,0.862063588689561,0.216694552924156,0.136211349067089,-0.343415867857959,1.54812494339079e-05,-0.0784326104786034,0.636545246027918
"Pycrl",0.0332055497383945,0.998454033907698,-0.030030911801037,0.999215727032816,-0.063211479023415,0.296736608848634,0.0825082447710783,0.213138074163052,-0.0561018922891777,0.39160287768077,-0.00219514379389735,0.95864483646195,0.0642687827279742,0.345789975232923
"Pygb",-0.00502812903005323,0.998454033907698,0.0162235600034415,0.999215727032816,-0.0540861043085017,0.28739326383376,-0.00459171373968026,0.99429389708379,0.0614255899288547,0.241515781807631,0.00280494657151487,0.941128739257496,-0.0336871918425831,0.568394743700367
"Pygm",0.0406059217512406,0.998454033907698,-0.0903812461136296,0.933435103356396,-0.0108495210857231,0.872195924771751,0.0758567336686136,0.205400939359996,-0.00142199271151776,0.989887543934699,-0.0237829536367205,0.53213973178841,0.0186877052741415,0.764842923853743
"Qars",0.165632860156893,0.998454033907698,0.141024762401206,0.999215727032816,0.0810587290478839,0.753505896414277,0.00342598991302978,0.996357979649697,0.177530000068731,0.435930670705768,-0.675281033983854,9.70142810136503e-11,0.086289330730797,0.729925547360343
"Qk",0.0590536861379922,0.998454033907698,-0.0673496507295606,0.999215727032816,-0.111726443574838,0.440684454095596,-0.0385866317145838,0.985437885648718,0.231387704584402,0.111509863836559,-0.255668936193259,0.00370944912640125,0.299503250608592,0.0347254727590316
"Qsox1",-0.0262126507370914,0.998454033907698,-0.0458677961976284,0.999215727032816,-0.0139873271374067,0.845318941570272,-0.0151739576867136,0.985437885648718,0.0531173480278886,0.362307315228179,-0.0252296998675327,0.538911544724837,0.137550360901938,0.0101165615491282
"R3hcc1l",0.238781352937553,0.998454033907698,-0.191522151176682,0.999215727032816,-0.160904755054767,0.602114330251102,-0.037397350846653,0.99429389708379,0.393428830604827,0.155616226249393,-0.662655875496698,8.10675435358257e-05,0.676172103056599,0.0129837176526092
"R3hdm2",-0.0192419461907636,0.998454033907698,-0.171675881113282,0.999215727032816,-0.286560037519524,0.118747095062474,0.227486036621171,0.364961625991048,0.14582279544206,0.516566232253891,0.191500681441734,0.145367332011881,-0.130874983604019,0.601370721581288
"Rab11fip2",-0.00721127129364624,0.998454033907698,-0.0868862169189537,0.999215727032816,0.0458359461451075,0.709574078460926,0.0806186263191532,0.688884992847114,0.100812448739234,0.376930393661921,-0.189050638875973,0.0046257152575498,0.0882395651659672,0.467655688798827
"Rab12",0.0968768368302846,0.998454033907698,-0.0658381881897399,0.999215727032816,-0.0915293664938985,0.677666756784268,-0.032341186695303,0.99429389708379,0.376188061077043,0.0519592366241764,-0.472190268921581,7.86913637659634e-05,0.27882654279618,0.180957167840942
"Rab18",0.0583645071171504,0.998454033907698,0.000113153809404354,0.999215727032816,-0.284930312019491,0.0210946380119884,0.18239529866154,0.250578879055461,0.0800487543912574,0.611386899041917,0.0433352377035963,0.646161107394041,-0.155181810349318,0.35298437164413
"Rab30",0.0128703226703033,0.998454033907698,-0.0319017168509768,0.999215727032816,0.0088840924167588,0.969515853723629,0.0832296929804399,0.864108610063104,0.174198108107865,0.29297227128622,-0.360303793094133,8.10715247966216e-05,0.164459813780204,0.35380337316898
"Rab36",0.0605948795133074,0.704736577890568,-0.0353024256844188,0.999215727032816,0.0113453497889248,0.843142631372221,-0.0435633437752072,0.452221710009785,-0.00561055549849354,0.927443057008637,-0.028069136498598,0.374107671878064,0.0682902264887039,0.133493997762072
"Rab3a",0.135266304189124,0.998454033907698,-0.0476112873327006,0.999215727032816,-0.492670702695695,0.027932745661871,0.335924427582448,0.250792751419506,0.312745834703209,0.241515781807631,0.138891334962787,0.464755329845194,-0.71541681078747,0.00478356267104119
"Rab3ip",0.0695198861297239,0.998454033907698,-0.0472795099840192,0.999215727032816,-0.0771110582829382,0.649705623909853,0.100148728914278,0.758220555819668,0.172314352753754,0.26492154262476,-0.229778448463743,0.0159974398039893,-0.012690446740277,0.948768023494236
"Rab43",0.210776926614473,0.998454033907698,0.0294376563184544,0.999215727032816,0.0530300041276586,0.849269553072148,-0.0251791804383175,0.99429389708379,0.156861683966672,0.495505220622233,-0.666967023345358,7.09862139862735e-10,0.34093394084847,0.13570435105714
"Rab4b",0.0303115426401429,0.998454033907698,-0.0495169681358372,0.999215727032816,-0.0116212678406877,0.9305075413454,-0.00478705646226918,0.99429389708379,0.0478013250055584,0.652195228528533,-0.107717080654249,0.0728533618956365,0.163118772361978,0.118416127062326
"Rab5if",0.135506297106774,0.998454033907698,-0.0230365230452834,0.999215727032816,-0.401518760014387,0.0432761879558604,0.315248930074057,0.205400939359996,0.20756015817427,0.39160287768077,0.098139865670571,0.561263393398662,-0.62507058178843,0.00397898952983694
"Rab6a",0.0472060743831118,0.998454033907698,-0.0586109909548362,0.999215727032816,-0.243380938420581,0.129730696051457,0.191519197836703,0.388026144259934,0.2497063819633,0.168052495305071,-0.239529406101854,0.0357003892233627,0.0596904272267655,0.782260471043308
"Rab6b",0.146529991600905,0.998454033907698,-0.14327332737994,0.999215727032816,-0.123050281056163,0.379525190431671,0.161703653063735,0.311058601145498,0.0720707962037417,0.628727311705398,-0.0757961997517743,0.404795054991997,-0.0868348324246874,0.591882314520795
"Rabac1",0.116116687242335,0.998454033907698,-0.102513078707935,0.999215727032816,-0.557925657312285,0.0271786835986193,0.39999940169298,0.206551952350585,0.128939713443149,0.689554094222995,0.45755184540945,0.0184622553640849,-0.779431455317292,0.00511824401372755
"Rabep1",0.111214889652673,0.998454033907698,-0.114972151681455,0.999215727032816,0.000200746693997944,0.998693111470639,0.130837002686213,0.497188683036836,0.128573343965247,0.387471349108785,-0.283683124580545,0.000386140169444757,0.0136370248927344,0.941897599288801
"Rabgap1l",0.000616058356824878,0.999099487081519,-0.0111081128180448,0.999215727032816,0.151647903468713,0.467641201670496,0.0535119704244713,0.989111337341283,0.15703415463683,0.466153131634143,-0.515722746572,3.14017207261391e-06,0.24333080155582,0.266331969066943
"Rabgef1",0.0488153214652902,0.998454033907698,0.376993260532648,0.999215727032816,0.442119545349688,0.432319095485856,0.34464721454555,0.779678737241938,0.383154309724116,0.507786630660293,-1.58009647677886,6.35426710916146e-08,-0.247133462219181,0.692646804342844
"Rabggtb",0.152280091213723,0.998454033907698,-0.022354391686534,0.999215727032816,-0.194735602313424,0.224466350882363,0.099100584698165,0.810949983850539,0.251876016662417,0.140045529844441,-0.290516158451358,0.00575108978607184,-0.0493703171570706,0.810084394827341
"Rabl3",0.0516306018372985,0.998454033907698,-0.0195031576955866,0.999215727032816,0.0122176271351986,0.937849970612313,0.0516050389537874,0.89669104281016,0.117310295219594,0.295691583088869,-0.27471881688662,3.38286727993238e-06,0.0753657850992504,0.55063204942776
"Rad50",0.0189279302600202,0.998454033907698,-0.0343189880888471,0.999215727032816,0.00153266115348838,0.989413906481284,-0.000309292820207641,0.997923643547702,0.00564136545093108,0.969862889431072,-0.135682602948613,0.0166335483067631,0.250478684727971,0.00098491634278135
"Rad51c",0.00354717258589399,0.998454033907698,-0.020451554502122,0.999215727032816,0.0163272496494897,0.81735386234484,0.044817942493145,0.625638935354579,-0.025245555139237,0.686300270749233,-0.0221901087608207,0.563289657900282,0.00549097667337795,0.941897599288801
"Ralgapa2",-0.0130395544135242,0.998454033907698,-0.0626749458299976,0.999215727032816,0.0951685183025778,0.485073980030513,-0.0132578467822218,0.99429389708379,0.162471670116914,0.208520235092377,-0.34031842994345,3.70438564729507e-06,0.282287142425801,0.0301245307261887
"Raly",0.176232804023482,0.998454033907698,-0.0959089412388647,0.999215727032816,-0.75641956057518,0.0179565820084687,0.492718472859824,0.205400939359996,-0.0204175779352259,0.972867628150552,0.173772450023882,0.47359026154508,0.0479587386628726,0.914792709206047
"Ramp3",0.0205528888584204,0.998454033907698,-0.0203175604100914,0.999215727032816,-0.121490171451203,0.381579574862142,0.0964460753268053,0.723297641664212,0.207579423548967,0.132860681744243,-0.0367443274033564,0.70002618895605,-0.280110689035376,0.0466705865633776
"Ranbp17",0.077599268278137,0.998454033907698,-0.0633739990691791,0.999215727032816,0.0572894279841386,0.609978849524292,-0.0661172360076723,0.767720204118292,0.0181953212117241,0.888825500552772,-0.204086626728832,0.0016240872917881,0.306463812907125,0.000897221255407598
"Rangrf",0.0438884870278398,0.998454033907698,-0.0652059683479352,0.999215727032816,-0.0217954082341199,0.866229372562737,0.107303670394433,0.40806748179454,0.0540922092817254,0.631199905865186,-0.182010654966295,0.00214160263035256,0.0954611073188409,0.427937376172353
"Rap1a",0.0764500994823236,0.998454033907698,-0.000243513158854736,0.999215727032816,0.132899463040805,0.597469216020138,-0.0200483326492802,0.99429389708379,0.187017217329265,0.438629044027143,-0.581783821196455,9.6341777124055e-06,0.302277127471334,0.210660494672561
"Rapgef5",0.182745962724717,0.998454033907698,0.0767154184936194,0.999215727032816,0.241938537834445,0.540940000904171,0.0686893640166346,0.99429389708379,0.213427444675911,0.592925227298133,-1.10021326876102,3.75915305827492e-09,0.430166262823183,0.277718004569068
"Rapgef6",0.00836915346098821,0.998454033907698,0.00647175171333481,0.999215727032816,0.085871015240434,0.556969983181699,-0.0257098829959808,0.99429389708379,0.0101661561367854,0.96406821088467,-0.321264585723286,7.2652072823841e-05,0.3975082496894,0.00154392016012514
"Rara",0.129450406920129,0.998454033907698,0.0170845811328965,0.999215727032816,-0.198689267016436,0.346435672583802,0.142177921617971,0.745416628500293,0.407907835760599,0.0411233053173282,-0.363374258118972,0.00711836440503493,-0.317388913355594,0.142558743636265
"Rarb",0.0643361533002779,0.998454033907698,-0.058164930064802,0.999215727032816,0.0654802257126272,0.444079533704729,-0.0575466462860325,0.736900819506818,0.0279637665189271,0.771053517196556,-0.165874669308792,0.00186790092846564,0.207556468561703,0.00807932066434787
"Rasa2",0.223892002201279,0.998454033907698,-0.11333090153481,0.999215727032816,0.115449325219372,0.666076229038051,0.00942804615997161,0.99429389708379,0.269265452995952,0.266176010508261,-0.686773858732831,1.58150467679404e-07,0.238334514501244,0.35380337316898
"Rasgef1b",0.0183842188459642,0.998454033907698,0.156203703639232,0.999215727032816,0.0604040269042974,0.691635739424864,-0.0163775748898113,0.99429389708379,0.0996348659944473,0.48780638331417,-0.38441488551966,9.13387211481067e-08,0.0612892479901762,0.695263124168539
"Rasgrf2",0.069001180083236,0.998454033907698,0.108143587357862,0.999215727032816,0.396760338086851,0.393375048569608,-0.0643673720723812,0.99429389708379,0.29577024230209,0.54363331856436,-1.41813157775564,1.84251322580332e-10,0.949876263495555,0.0373297624535956
"Rasl10b",0.132374501797921,0.0509327060146413,-0.0360968398168849,0.999215727032816,-0.0410003057017422,0.526934362491438,0.00749431522476117,0.99429389708379,-0.00070253619210491,0.994004963087202,-0.0757607802981847,0.0598951531610805,0.00423335633381938,0.959086107780912
"Rassf8",0.168004802809202,0.998454033907698,0.208745769347355,0.999215727032816,-0.218179297585454,0.34620537936327,0.120493299336151,0.863707855182697,0.173639002534749,0.481504868480429,-0.576946741594885,4.38858892564448e-06,0.117501909579834,0.660180909302944
"Rbm17",0.0922486480396877,0.998454033907698,-0.188812273571438,0.999215727032816,-0.335548438222224,0.100182330949364,0.051193772248991,0.99429389708379,0.60493448598611,0.000642336534232902,-0.248497422582862,0.118195462899252,0.00361599308463739,0.990089650285781
"Rbm20",-0.00724245952203484,0.998454033907698,0.0540300521603732,0.999215727032816,0.0302583740598131,0.742341345743488,-0.0279006343295587,0.958398978172115,0.0984396564575502,0.19804952148684,-0.192627368707073,1.51909067001884e-05,0.0555498318918825,0.521901742511346
"Rbm45",0.0828042063927663,0.998454033907698,0.0512547296740395,0.999215727032816,0.272585784645182,0.312405550836329,-0.102726894114715,0.951838819178766,0.262762511203964,0.356530727620218,-0.804711025273937,6.14295278045045e-09,0.332507922182075,0.250078473860148
"Rbp1",-0.0203681722330982,0.998454033907698,-0.0412702179310996,0.999215727032816,0.0440491534255972,0.609978849524292,-0.0577735803748491,0.697057865172293,0.140154422340099,0.0754517070492917,-0.102352191018106,0.0578876426381427,0.0613717535486112,0.466528625455345
"Rbp3",-0.120736241952445,0.998454033907698,-0.740993956145026,0.999215727032816,-0.741962675902847,0.220912536884084,0.71424778349625,0.358424785278676,-0.398574427623352,0.568181086679263,1.77042443028886,4.86497256165184e-07,-0.615118476052711,0.361061689494317
"Rbpj",-0.00058667852666372,0.998454033907698,0.0171093767986022,0.999215727032816,-0.0571322957082194,0.574275097301246,0.0667358837374383,0.723297641664212,0.0661444304806363,0.507786630660293,-0.170538595969934,0.00213770922341401,0.120337362339324,0.247852125890608
"Rcan3",0.112356086810911,0.998454033907698,-0.0273463346883817,0.999215727032816,-0.151661073655926,0.169084743366427,0.0888882930340698,0.695155123111239,0.110670239063006,0.39160287768077,-0.140912701877853,0.0613436643693727,-0.0169268642540437,0.91328976614042
"Rcvrn",0.274190506979615,0.998454033907698,-0.0717324234362611,0.999215727032816,-1.36762671206995,0.0267668287619248,0.855860198184004,0.314152271988049,-0.164559311066993,0.85896315907655,1.56384317185936,0.000457823126096781,-1.87572797490944,0.00480732351718522
"Rd3",0.327548540193611,0.998454033907698,0.169286589857359,0.999215727032816,-0.702834175628263,0.023936677649658,0.310922676660542,0.579998845427087,0.47961943520337,0.196042895796736,-0.498571918356402,0.0262894531169601,-0.290752692400326,0.488821972374838
"Rd3l",0.144524338278236,0.998454033907698,-0.0621505278200045,0.999215727032816,-0.102864777737681,0.54650715031021,0.18231615675185,0.334201343760824,0.204841232084864,0.196042895796736,-0.259136606304451,0.0106336179006293,-0.244499147109366,0.14443338168192
"Rdh1",-0.00155524682920352,0.998454033907698,0.00657179776825778,0.999215727032816,0.0144072291851087,0.729249771987145,-0.0180680824362537,0.873920236356898,0.0188101845608689,0.626013846808074,-0.0464882666116203,0.0517027266411599,0.0426309696213946,0.261971305196378
"Rdh10",0.0895420206043895,0.998454033907698,-0.0058263314675091,0.999215727032816,0.158603097034907,0.323867563423733,-0.0643502166640029,0.938188895755276,0.114816589470262,0.497411316136439,-0.452362587600615,1.01996971771161e-07,0.233380158824771,0.172661039427307
"Rdh12",0.12816699550673,0.998454033907698,0.191876893276046,0.999215727032816,-0.243761042366466,0.537996745105233,0.473903447632332,0.258714607699743,0.169220342354547,0.70969153246926,-0.466134029927643,0.0261523532124331,-0.559265059592326,0.194580793359567
"Recql",-0.0131934981775915,0.998454033907698,-0.0585885234508149,0.999215727032816,0.00325377666748183,0.977890685105121,0.0293250704934894,0.96300529916161,0.0654559541077072,0.468116014620761,-0.130706107392468,0.0126882074570227,0.182362988341973,0.0374530091639793
"Reep2",0.196901864161577,0.733671679326959,-0.0615558614232541,0.999215727032816,-0.0716700675311277,0.67173495157905,-0.00326853389831916,0.996357979649697,0.0887246505922206,0.588830991465369,-0.334992095313551,0.00019697311269056,0.283851551524084,0.0710983235341347
"Reep6",0.0310203119119405,0.998454033907698,0.0298897065834858,0.999215727032816,-1.1514592497214,0.0285523665424304,0.891119137956549,0.205400939359996,-0.0432392326540381,0.969862889431072,1.15954325010275,0.00272202441521742,-1.58384416174827,0.00945787758721397
"Rel",0.0758981578548089,0.704736577890568,0.0397957869881802,0.999215727032816,-0.022050509535419,0.718332990357235,-0.00359732598099949,0.99429389708379,0.0204510896876497,0.736343009777495,-0.102554048471364,0.00195755282705473,-0.0390315887057866,0.512845522113837
"Repin1",0.164905469217136,0.704736577890568,-0.0132958166674466,0.999215727032816,-0.0572019435578028,0.663218894592562,0.0147849231079442,0.99429389708379,0.104980521628919,0.404331614852498,-0.273937026293885,3.40646048008657e-05,0.0582149977600244,0.674850090996613
"Rexo2",0.0757868051838603,0.998454033907698,-0.0259205592299546,0.999215727032816,-0.102542959532459,0.28739326383376,0.081723338729352,0.59747223748844,0.13919535582227,0.155616226249393,-0.120114159550746,0.0569536700495572,-0.113419107879643,0.291112888408722
"Rfx2",-0.0633178958200202,0.998454033907698,-0.125207964991439,0.999215727032816,-0.113625937683142,0.661174310625095,-0.179824563089192,0.654005002150929,0.306006515112052,0.176927839706478,-0.271303418891593,0.0939171279333745,0.80111355539923,2.55812528618979e-05
"Rgr",0.010865556743015,0.998454033907698,-0.042573648659581,0.999215727032816,0.0633732573359706,0.181777060379017,-0.0155638038353528,0.974185554464106,0.0113275953753602,0.862233929948276,-0.0655224251871046,0.057283349550678,0.0661700359956086,0.220623175913997
"Rgs11",-0.0190501453445417,0.998454033907698,-0.0197196216935466,0.999215727032816,0.028431843385011,0.394976854953387,-0.00965519117123438,0.9788631557912,-0.0235644748304281,0.496545442449705,-0.00765106236289825,0.748574281986968,0.0981883900973956,0.00123840694148616
"Rgs20",-0.0550478531481957,0.998454033907698,0.111601142402653,0.999215727032816,-0.00319121952491375,0.989413906481284,0.172553033298866,0.490601080758593,0.163313998877911,0.404331614852498,-0.282043509610166,0.0103669579510109,-0.236747416923252,0.245235307070181
"Rgs22",0.109991401863614,0.998454033907698,-0.084406809034843,0.999215727032816,0.0999402832721845,0.396881480610404,0.0137860715042089,0.99429389708379,-0.0014889757163683,0.994004963087202,-0.28457134341766,2.84821275829605e-05,0.234594304687987,0.0418111592542655
"Rgs5",-0.00252929306658239,0.998454033907698,-0.016624354243142,0.999215727032816,0.0323106523496178,0.193893288944798,-0.0259027299385813,0.471312588086041,-0.00227335026604736,0.956799053596632,-0.000699094976805037,0.970636118110864,0.0313117126058052,0.280487094049715
"Rhbdl1",0.00942337353691625,0.998454033907698,-0.036086304498701,0.999215727032816,0.167518064366446,0.0807577441777199,-0.0400549457823403,0.958398978172115,0.0198221860515373,0.888393543986324,-0.273980177983912,3.42914145899205e-05,0.255880948544114,0.0160579879335892
"Rhebl1",-0.00255153832881456,0.998454033907698,-0.0600908327039912,0.999215727032816,0.0819243016208784,0.562207721609003,0.0063515576710004,0.99429389708379,0.176439347057809,0.172662936085987,-0.351148234214602,1.31048149768891e-06,0.237561989119217,0.074941190586944
"Rhob",0.0262055463637512,0.998454033907698,-0.0370155549130564,0.999215727032816,-0.0513339861043574,0.332728501221925,0.0182843653947824,0.96300529916161,0.0922434362898084,0.0861462831925315,-0.0655157483818318,0.0592945021463205,0.0213859873956603,0.728832017447711
"Rhoq",0.0328370531336868,0.998454033907698,-0.0231143482170556,0.999215727032816,-0.00915837236048098,0.860686566606906,0.00267805853196784,0.99429389708379,0.0635489739621834,0.126478851762202,-0.0543670394880953,0.0447093867988671,-0.0321509066480834,0.480954134656554
"Ribc2",0.0274055074805554,0.998454033907698,-0.0352343239862123,0.999215727032816,0.0437862719767618,0.601276968855136,0.0125747634553374,0.99429389708379,0.104922699722563,0.159180039988072,-0.148170836324055,0.00256796001075172,-0.0278685352324358,0.743513787436951
"Ric8b",0.224465355365784,0.998454033907698,0.264514805798691,0.999215727032816,0.419426673088413,0.441861600980481,0.0248711976260831,0.99429389708379,0.156248707715319,0.811756821230022,-1.60729845980426,1.59122757474975e-10,0.725814134578395,0.205319184216024
"Rif1",0.00767590861744832,0.998454033907698,0.0327271948419779,0.999215727032816,0.159750747782894,0.447747466242619,0.00286418484855938,0.996357979649697,0.21447605067523,0.309922622294813,-0.616117147651635,1.23732847065407e-09,0.28996970466946,0.179111301599297
"Rin1",-0.0061038742273925,0.998454033907698,-0.000918800036052131,0.999215727032816,0.0235147946052332,0.387308476769548,0.00548482799014532,0.99429389708379,-0.0152215602834569,0.599258601908452,-0.0337097928139338,0.0526048150686168,0.0472422488393463,0.0880134621254488
"Rint1",-0.00448311804658763,0.998454033907698,0.0685966443662717,0.999215727032816,0.0343365610204039,0.811905001831823,-0.0301285556469331,0.989667758022198,0.0371440207777645,0.784883247139549,-0.295497335691483,6.17082439626168e-06,0.310150066841349,0.00479490042836524
"Ripk1",-0.0124680022157245,0.998454033907698,-0.0406310887682287,0.999215727032816,0.0130014686176533,0.888106124701941,-0.0351233572653643,0.891028981263456,0.0592089034655327,0.43947165062755,-0.118150946265263,0.0153274686508756,0.237235630147023,0.000186123379757591
"Ripk2",0.0628618215299819,0.987915157375208,0.0128339135963977,0.999215727032816,0.0480574946464311,0.408801544277329,-0.0371629587403002,0.767720204118292,0.0673869942747208,0.242335852214514,-0.110938378909743,0.00218970026140523,-0.100185858019453,0.0854694655417528
"Rlbp1",0.00255804241654767,0.998454033907698,-0.0250233183807376,0.999215727032816,-0.0182758138605013,0.745213879503526,0.0333849972332808,0.728186168575712,-0.0392304020125506,0.429776406976652,0.0442834604082519,0.177811699916147,0.0115585272210827,0.838207838478811
"Rmdn1",-0.117864854292752,0.998454033907698,0.0365734142826398,0.999215727032816,0.199609230355016,0.196539200985886,-0.0234610087860836,0.99429389708379,0.101456237416511,0.567628545446338,-0.406297669613698,3.08318882162307e-05,0.351524034509655,0.0334932913517674
"Rnaseh2c",0.00318311720285597,0.998454033907698,-0.00664945778248482,0.999215727032816,-0.00463621847566759,0.958091183318259,0.0291867921715553,0.915360973749954,0.078688044813978,0.238604570371515,-0.0218469665498812,0.644472723756156,-0.14731071777762,0.0262246513567301
"Rnf123",-0.0785161738005308,0.998454033907698,-0.135875656065741,0.999215727032816,-0.0644993618677512,0.691635739424864,0.229587125629127,0.165996951983774,-0.0132625433774156,0.954996693668614,0.126828705438157,0.168731829830999,-0.0846561624582254,0.630383286813028
"Rnf141",0.00154881020921294,0.998454033907698,-0.0120366937042009,0.999215727032816,0.0471062430160951,0.514873897894703,-0.00577632782229309,0.99429389708379,0.0617373389632383,0.394739351347916,-0.150567286031352,0.000136296109089364,0.090009090918882,0.223799719353602
"Rnf144b",0.0159449244869714,0.998454033907698,-0.159227976685739,0.999215727032816,-0.108706516404619,0.677666756784268,-0.0304186569238736,0.99429389708379,0.338781023463183,0.146217358701392,-0.452386669144588,0.00315147882172446,0.679523398099192,0.00152671807767161
"Rnf145",0.299658068381082,0.998454033907698,-0.277285538313098,0.999215727032816,-0.108764467884495,0.835930032781358,0.0150073895331784,0.994389485766004,0.344016754501696,0.424094806592702,-1.00415576180841,4.13426202726226e-05,1.2121934515317,0.00104520104092997
"Rnf150",0.135365921822137,0.998454033907698,-0.0145608084518679,0.999215727032816,-0.0402113409741067,0.832082329769011,0.0902200358096121,0.801280487336661,0.0470532402120473,0.796484658379378,-0.292381979929213,0.000416218698117707,0.0879737357051414,0.622175159629847
"Rnf157",0.129466658467546,0.998454033907698,-0.0963814654236394,0.999215727032816,-0.43612407466389,0.0179565820084687,0.320815315727798,0.181420349850687,0.106202758507447,0.649337707732833,0.158767679176818,0.262478052266959,-0.335468869789633,0.143696358549714
"Rnf183",-0.030747262445585,0.998454033907698,-0.000240990287826315,0.999215727032816,0.108133590429186,0.091976639769464,-0.00224169204260738,0.996357979649697,0.0631509247850531,0.409798339730411,-0.147081849291729,0.00162001381781876,0.00412495921321498,0.965193835993032
"Rnf207",-0.153082482598234,0.998454033907698,-0.129656695609317,0.999215727032816,0.170855896421175,0.705135526005243,-0.218902145369066,0.845014433213877,0.420397104445879,0.296419211732896,-0.875999773299835,0.000455784800890827,1.36938245261826,4.08858445628294e-05
"Rnf215",0.0489456702114286,0.998454033907698,0.040190492393356,0.999215727032816,0.189981354809291,0.390315061957028,-0.0321601228047177,0.99429389708379,0.274510796334815,0.197852789976182,-0.592052790304803,6.72903255067088e-07,0.0515547527224653,0.843596578212637
"Rnft1",0.0272081981711865,0.998454033907698,-0.0543073580412026,0.999215727032816,0.0186288284558984,0.846841102156269,0.0628284234934483,0.600607768085878,0.0705422643223369,0.375648920136402,-0.1520488648763,0.00105808488890105,0.0330953149376954,0.703193555558735
"Rnpc3",0.0262807198930637,0.998454033907698,0.0425777155095175,0.999215727032816,0.498549969366561,0.188410232935797,-0.141300292476253,0.963586504755061,0.328838467180136,0.446489736642137,-1.25852852407985,2.04131815989062e-09,0.779251901232571,0.0564813460636372
"Rock2",0.121414353420931,0.998454033907698,-0.183683549724729,0.999215727032816,-0.0738938549905627,0.822323646690057,-0.00587086240256998,0.996357979649697,0.218105794171724,0.423201555803076,-0.567703367716133,0.000370159983242101,0.835788850536945,0.000236990123317781
"Rom1",0.26426113025265,0.998454033907698,0.0522492632477407,0.999215727032816,-1.3610654525211,0.0376372302413129,0.881067067811982,0.335775580411443,-0.130819703260801,0.898090557114605,1.60031170735478,0.000886928746472979,-2.27911407057379,0.00078841322413129
"Rora",0.193892172150734,0.998454033907698,0.0643606849122646,0.999215727032816,-0.617463469308804,0.0275576593291387,0.422849294354341,0.24805776095477,0.474609003494337,0.155616226249393,-0.221072002303116,0.325497992963678,-0.658636362261167,0.0566255796700717
"Rorb",0.213428005641161,0.998454033907698,0.272189372528883,0.999215727032816,-0.217613961189756,0.603954656123563,0.369684271247204,0.477169830323488,0.139855256845735,0.75949081493313,-0.213310046168128,0.403574089599616,-1.11720566255953,0.0034184109519398
"Rp2",-0.0225629324965154,0.998454033907698,-0.0100001692003132,0.999215727032816,-0.0328711456025782,0.597469216020138,0.0342541291159849,0.80220463460377,0.000602640186807474,0.994004963087202,0.0217772997822714,0.589626192544752,0.021277233247005,0.744921090099015
"Rp9",-0.00750734437934841,0.998454033907698,-0.0507647193326852,0.999215727032816,-0.0461305051594362,0.60555585304472,0.0384166676682121,0.897381758929225,0.17110786271234,0.0273679907298845,-0.0687622287469652,0.219829856211112,-0.0739679618299532,0.405994808024302
"Rpe",-0.10317409108431,0.998454033907698,0.00869038758675922,0.999215727032816,0.0437489015960473,0.7721151555284,0.0207146167099581,0.99429389708379,0.0540556769714482,0.705437450742499,-0.12975527341649,0.100915565089781,0.18992446690506,0.172026494456504
"Rpf1",0.1409073764015,0.998454033907698,0.036493052095206,0.999215727032816,-0.0608647215738798,0.767957034341252,0.0223060175274443,0.99429389708379,0.210327851313982,0.222177461047334,-0.434141122473307,1.9790712973807e-06,0.082311518125163,0.682118411288383
"Rpgr",0.181991599750811,0.998454033907698,-0.105729224006212,0.999215727032816,0.433482390559182,0.297062513981829,-0.18474004298564,0.920738238772469,0.324601745784895,0.464827087742751,-1.27531725703339,8.6167397918973e-09,0.996520988105851,0.0141080988903036
"Rpn1",0.0611040012257458,0.998454033907698,-0.260076654723328,0.999215727032816,-0.285093925311987,0.0807577441777199,0.391176762445693,0.0689005146862637,0.0537243734232418,0.814340068823432,0.111366498673816,0.393489377198255,-0.111775416670751,0.608380390284716
"Rpusd3",0.0212611164200285,0.998454033907698,0.0552781600329704,0.999215727032816,0.114661678143544,0.39444480006169,-0.0509603423527614,0.945388906124715,0.00597737389837483,0.979256076466559,-0.324687398886565,1.54779453446885e-05,0.286198969587018,0.0317291000332825
"Rraga",0.369886253212996,0.704736577890568,0.201082608524727,0.999215727032816,-0.408575048415687,0.0795512072894694,0.205318457627329,0.665895494265274,0.0745731257962574,0.820005509082879,-0.390436621450814,0.0255577991101777,-0.208597555412929,0.485468601148082
"Rrbp1",-0.00926626127574903,0.998454033907698,-0.0586477782961218,0.999215727032816,0.0172339419603754,0.896743727438153,-0.0208711107295342,0.99429389708379,0.179965727873854,0.0851117190623301,-0.238175316267274,7.64774697843707e-05,0.214235539186821,0.0381814399278889
"Rreb1",0.115001835013734,0.998454033907698,0.0368884992054687,0.999215727032816,-0.00324566703411266,0.9822413873986,-0.0141765255812544,0.99429389708379,0.146501572914993,0.16808589331944,-0.285714145409064,8.30892027562638e-07,-0.0428621483548826,0.731971980127222
"Rs1",0.0963504411291662,0.998454033907698,-0.174987153855152,0.999215727032816,-0.708750231487054,0.150769510660725,0.703334344567628,0.246369176671484,-0.140787416844672,0.842065844662285,1.04637242439338,0.00131866455075923,-1.39936100207071,0.00855222525283264
"Rspry1",-0.0266269202407179,0.998454033907698,0.00896672235812646,0.999215727032816,0.176680387250591,0.360640034894972,-0.0499746585506081,0.989667758022198,0.0393814501250781,0.8655256718354,-0.46304934230171,3.45868966939852e-05,0.530640307604557,0.0028130542919378
"Rsrp1",0.287298725424437,0.998454033907698,0.693041970382465,0.999215727032816,0.0323094169508789,0.972490512108221,-0.0910195439576444,0.99429389708379,0.782517253447887,0.252641753896328,-2.12353079932033,4.5231394669564e-11,0.421088576921171,0.575742216172614
"Rtbdn",0.0539661984628368,0.998454033907698,-0.220056252149143,0.999215727032816,-0.655441705679815,0.0652761959318991,0.786292668582202,0.0942716399609835,0.101560736048321,0.849961500184818,0.463511253804629,0.0840689280400241,-0.925043229622018,0.0301245307261887
"Rtn1",-0.073113708074851,0.998454033907698,-0.101113919906114,0.999215727032816,-0.196303140182536,0.187142078775406,0.361156711760893,0.0427435635421611,0.0515207989851849,0.78960192478614,0.0329034231011214,0.772477216065243,-0.123143766111167,0.500464983281119
"Rtn3",0.335418527059755,0.998454033907698,-0.292782179990258,0.999215727032816,-0.674881748144595,0.0269024220325138,0.63762483876404,0.11964975873391,0.0472562237096805,0.924896353367351,0.372141731518793,0.123400135757756,-0.765987199485625,0.0317291000332825
"Rtn4",0.269300731970511,0.998454033907698,-0.0178904135761917,0.999215727032816,-0.570115461565508,0.0664440178722565,0.55546088635972,0.178067897665765,0.166643466327028,0.674720242684688,0.175541799171376,0.490537388653848,-1.088765230015,0.00129429989851867
"Rwdd4a",-0.0304649087883238,0.998454033907698,-0.106025155567375,0.999215727032816,-0.0502921968284366,0.759185927972367,0.0648839737235601,0.894367400209133,0.14997148448098,0.27615113915679,-0.258653333333785,0.00273151168612295,0.402805637461723,0.00129431654840719
"Ryr2",0.0301590853341417,0.998454033907698,-0.0127009038975658,0.999215727032816,0.0454743582956446,0.438847240562678,-0.0566968471566391,0.444444479488007,-0.0203631673723412,0.754403995992348,-0.0914213525306236,0.0155574956951318,0.182870166286835,0.000288896701326766
"Samd11",0.27568576723858,0.998454033907698,0.128773102334302,0.999215727032816,0.37311243598613,0.474168025611324,-0.105751244703437,0.99429389708379,0.327324796949543,0.561612490746546,-1.44266135114116,1.57372950027106e-09,0.61013000417678,0.270860014496918
"Samd7",0.562566168589386,0.998454033907698,-0.508863301806484,0.999215727032816,-0.150685654135644,0.857805248505192,0.22918845590303,0.96300529916161,0.564836558624359,0.41679310012198,-1.77626297261908,1.64415952441838e-06,1.74869629004741,0.00478918270858227
"Samhd1",-0.0236958702512936,0.998454033907698,0.0302442009856731,0.999215727032816,0.037881057411867,0.679703695698241,0.0226154669536119,0.985437885648718,0.114209633763191,0.16808589331944,-0.166461402344108,0.00103227506304297,-0.0478577955387494,0.615889669452072
"Samsn1",0.101201454767505,0.704736577890568,-0.0425564338860499,0.999215727032816,-0.00634430049209311,0.950190176273004,0.011801019732088,0.99429389708379,0.0383823407829686,0.628727311705398,-0.154693290696268,0.000949694568859272,0.0699377983635599,0.378857733827425
"Sap25",0.00657784111180737,0.998454033907698,-0.125264659177997,0.999215727032816,0.281781150298448,0.299690814180666,-0.0710565669318675,0.989667758022198,0.108957990784474,0.728315221431506,-0.705120949367375,1.18061885129242e-05,0.860247198490594,0.000401514497136214
"Sap30",0.0220363656458209,0.998454033907698,0.108875033469792,0.999215727032816,-0.137101568300385,0.0730419808001209,0.0799154841424523,0.530754708271082,0.0735036884159167,0.429718199357867,-0.0780352207166769,0.20028349421688,-0.152550588736533,0.0902074968333597
"Sap30l",0.0126476843273109,0.998454033907698,0.00652052180334417,0.999215727032816,-0.23353199282541,0.0958934182264535,0.224981873157227,0.205400939359996,0.000816330465845505,0.997790947945376,0.0366528152192811,0.743221641056735,-0.0914423047361302,0.622175159629847
"Sat1",0.0424306198613471,0.998454033907698,-0.0796852858746925,0.999215727032816,-0.0542353003344113,0.612655408544724,0.0293144204116427,0.974185554464106,0.0963826760331346,0.337804694368432,-0.178192283235728,0.00437534279035601,0.243526077997447,0.00887584890843152
"Saxo2",0.0578895895709738,0.998454033907698,-0.0188315082626745,0.999215727032816,0.0936318518973048,0.54650715031021,-0.0282382802169031,0.99429389708379,0.212474869296732,0.146217358701392,-0.357702011133422,1.0255514031803e-05,0.026986381044821,0.880304803137053
"Sbk1",-0.0293603964041271,0.998454033907698,-0.041772880929624,0.999215727032816,-0.237888491513557,0.0549828068657494,0.192118542079166,0.217549842915616,-0.0314633555967279,0.863537946649369,0.256680325112374,0.00427042705134937,-0.167547732285214,0.279938674269125
"Sbno2",0.0386657694377088,0.998454033907698,-0.0435990675808415,0.999215727032816,-0.00806335849637785,0.956840758574667,-0.0980837708552178,0.552931057331601,0.0822783505652929,0.480625663034697,-0.165445475275529,0.0259247071195056,0.336156415584468,0.000769211135007905
"Sbsn",0.0175670768320533,0.998454033907698,0.00811306963789282,0.999215727032816,0.0371618664271145,0.473937637792903,-0.00549881753585346,0.99429389708379,-0.0128868877851815,0.835612390977771,-0.0621635143542256,0.0569703893460837,0.0238420486109583,0.677305025979958
"Sccpdh",0.058446341171817,0.998454033907698,-0.0263909392609957,0.999215727032816,-0.163533913473579,0.0637599690382016,0.116846540783376,0.335884871562336,0.0562245625681487,0.609456443599022,0.0290289443541705,0.68702329780371,-0.135403760327701,0.223118174018996
"Scfd2",-0.017723475297175,0.998454033907698,-0.0164854002930776,0.999215727032816,0.0710176920095694,0.303725577652226,-0.00358793538435859,0.99429389708379,0.0785902882444651,0.264350331452481,-0.163880563182381,9.45638633070226e-05,0.0802587277245728,0.274945098470184
"Scg3",-0.0449826665965904,0.998454033907698,-0.0735737924731785,0.999215727032816,-0.0202359635440248,0.778026045310289,0.0752215211371503,0.250792751419506,0.0131075409088102,0.862233929948276,0.0306209790868384,0.465029513651876,0.0505349373870598,0.442020724802759
"Scg5",0.0521264995301451,0.998454033907698,-0.289840522831634,0.999215727032816,-0.392406823286308,0.0795512072894694,0.56988687651057,0.048362158825905,-0.138358541361498,0.628387505269066,0.147913081368205,0.387060452265812,0.123297331502115,0.692163570486215
"Scn4a",0.0184364541223632,0.998454033907698,-0.052284877925266,0.999215727032816,-0.0297735398294552,0.745213879503526,0.159501010905989,0.0689005146862637,-0.0307128943693742,0.731231213632042,-0.043394806450391,0.415789522625255,-0.0427645383699258,0.629811160832648
"Scn8a",-0.0231790504868725,0.998454033907698,-0.119451536097603,0.999215727032816,0.147605325719042,0.59597079770259,-0.0825454315593152,0.972878219984818,0.172555108247861,0.512973147553932,-0.589256669931263,0.000120075931378203,0.854128818526529,8.73073993608094e-05
"Scrn3",0.0263158601493632,0.998454033907698,-0.0165660561036734,0.999215727032816,-0.00862405228388258,0.956840758574667,0.0857133858132044,0.708779820670561,0.00164855904689709,0.994004963087202,-0.263006136666321,7.15981708448832e-05,0.288990677734005,0.0172533632053127
"Scube3",0.0735471549425162,0.579669996065745,0.00715469891005982,0.999215727032816,0.0473397181196755,0.34435947350181,-0.0346870009859342,0.731590418708942,-0.0225557208324675,0.677222352682378,-0.0771047036966832,0.0168823777817566,-0.00445345340788827,0.944545750029683
"Sdc3",0.00219645599422552,0.998454033907698,0.013381496844796,0.999215727032816,-0.137724124047703,0.316758966891509,0.28058146409439,0.0894167883077907,0.0520525379097021,0.745689666287815,-0.14369420417269,0.101769013759973,-0.145098439250459,0.354031103288103
"Sdccag8",0.0469970295616227,0.998454033907698,-0.0508143070288576,0.999215727032816,0.201742851803252,0.186906276731369,0.00155867734225046,0.996357979649697,0.0582635836440799,0.7596143655631,-0.439860439012275,1.03266612969748e-06,0.286766952121304,0.0939242668540945
"Sdf2",0.22505053577745,0.704736577890568,0.0843460165493868,0.999215727032816,-0.168851096389713,0.304205713270904,0.106995912709721,0.770249130587883,0.136825661601082,0.441185463197296,-0.316355106077625,0.00150802085956486,-0.199855871999608,0.274035112014841
"Sdf4",0.0759375549001697,0.998454033907698,-0.239152193763284,0.999215727032816,-0.323147053879057,0.0432461031436078,0.33806183314912,0.11184761996308,0.0274645450486676,0.917440388027145,0.149514297549356,0.231623915934483,-0.030986908216858,0.894585543850798
"Sdhc",0.0986288639091701,0.998454033907698,-0.0103268294451662,0.999215727032816,-0.431025284837241,0.0179565820084687,0.258783555254595,0.24805776095477,-0.0911961279170284,0.685571268379699,0.375126114345535,0.002888719864586,-0.34230026656634,0.107382259278837
"Sec11c",-0.00376838179318825,0.998454033907698,-0.064118253646347,0.999215727032816,-0.07010273629347,0.378622536168588,0.0986005029234368,0.24805776095477,0.083617688985436,0.293546741242337,0.0572931067729978,0.284599642513456,-0.177448044491727,0.0225384650466288
"Sec24a",0.0472588200803101,0.998454033907698,-0.00109332586169253,0.999215727032816,0.013986363676082,0.937849970612313,0.00420761458356744,0.996126702619042,0.150406591525568,0.241515781807631,-0.301957928186182,4.31264082492573e-06,0.11790044473533,0.413203904194591
"Seh1l",0.0814769803224784,0.998454033907698,0.0538206856652295,0.999215727032816,-0.0599620029714045,0.758248083132654,-0.0202260842609694,0.99429389708379,0.269255316439485,0.109879036233215,-0.411882045685627,4.36369426535896e-06,0.0934780609135246,0.61589850647479
"Selenom",-0.0126491729085667,0.998454033907698,0.0124485626262079,0.999215727032816,0.015517695188042,0.753873397828188,-0.0133852452680421,0.974185554464106,0.0687618697118109,0.109879036233215,-0.0527459503086031,0.0589266717326063,-0.0397812036182943,0.371070088915149
"Selenop",-0.0182487396532238,0.998454033907698,0.0160503952728049,0.999215727032816,0.00957531288775323,0.861311699298606,-0.0125390791656864,0.9788631557912,-0.0453885467716006,0.314418894057236,-0.0306751968610998,0.324935164588106,0.1476039078336,0.000100758280915253
"Selenow",-0.0230677211907206,0.998454033907698,-0.222320386880673,0.999215727032816,-0.430633247740818,0.0707056432808228,0.402336917746702,0.197121845461924,-0.0229578487586557,0.956799053596632,0.599365759742231,0.000371579781627386,-0.475314093475223,0.0896739877663677
"Sema3f",0.055851355225994,0.998454033907698,0.139194005357028,0.999215727032816,0.124314399611625,0.67173495157905,0.190718993996706,0.723297641664212,0.126992189296902,0.671816618495285,-0.717235040655902,6.03378856849264e-08,0.0466691483776886,0.892873373015154
"Sema6c",0.0174525372549952,0.998454033907698,-0.0809517076983997,0.999215727032816,0.0771853977187843,0.455206933516802,0.0514860654545015,0.86672815208466,0.0479429410374025,0.656368749883662,-0.248218858963369,2.05732112033883e-05,0.225686679748379,0.0224484312033136
"Sema7a",0.104360133712097,0.998454033907698,-0.0185651549607746,0.999215727032816,-0.111287503870233,0.398229609383157,0.10999639451425,0.583191722524834,0.100804192259575,0.464827087742751,-0.113100602736977,0.205225460303019,-0.160138655869322,0.243846116970457
"Senp3",0.180676514806506,0.998454033907698,-0.331937268587857,0.999215727032816,0.551021193593317,0.10307000057799,-0.107611730058328,0.982872048454166,0.368967942669629,0.356530727620218,-1.09163567613377,3.36518593162107e-07,0.679851279828399,0.0781453211692044
"Sephs2",0.141436333341755,0.998454033907698,0.118067414763703,0.999215727032816,-0.25447373204734,0.0510004951509956,0.175188078106565,0.327681164209967,0.102958408722619,0.519956216666348,-0.134112452588514,0.194768714768513,-0.322981642106938,0.0335944546175137
"Sept11",0.0330695774097698,0.998454033907698,0.00366830797015727,0.999215727032816,0.0477138496484502,0.332719623486554,-0.0317788270984842,0.767720204118292,0.0176873220163395,0.754403995992348,-0.108928600677618,0.000170432563328562,0.0551787143456648,0.296760306142111
"Serpinh1",-0.00244424016822548,0.998454033907698,-0.000264362764800546,0.999215727032816,0.00713637937957903,0.827201365876559,-0.0260861340541559,0.423315119045313,-0.0151504571392455,0.588830991465369,0.04101578746988,0.0115128713382869,-0.00224664161756186,0.947677179052123
"Setbp1",0.0935965482857556,0.555962018292062,-0.0249308677942215,0.999215727032816,0.0157718532058571,0.839016486635133,-0.00142381731815999,0.996357979649697,-0.0112753969300695,0.882623456270402,-0.0411711412373663,0.33806950545232,-0.0684976190408079,0.282474044879466
"Setdb2",0.0261974668480691,0.998454033907698,-0.143783528254258,0.999215727032816,0.0078032758517505,0.969515853723629,-0.0468068760591344,0.974114366322978,0.141994536124692,0.338376242784392,-0.249361834887581,0.00822122413942368,0.463865771098315,0.000237636676146027
"Sez6",0.139642344273853,0.9673192607093,-0.184761894338367,0.999215727032816,-0.0298249569193223,0.844816647803602,0.0306468090587453,0.989667758022198,0.0720490667896732,0.577761656522893,-0.160260291943977,0.029985905113899,0.223924503376929,0.0761502131429966
"Sez6l2",0.0296545411707874,0.998454033907698,-0.049069442288203,0.999215727032816,-0.093691188882461,0.496629783611648,0.105775872113337,0.620401370843847,0.134452857649239,0.332293891839243,0.0355165115682117,0.692577026399453,-0.29884851368115,0.0301245307261887
"Sfi1",0.0946049808205114,0.998454033907698,-0.0230224782910016,0.999215727032816,0.24067095325573,0.411316804220558,-0.0996595281720252,0.963586504755061,0.10852176090506,0.741008948012751,-0.807607230417838,4.16637733141255e-07,0.796702256133024,0.00328447384981097
"Sfr1",0.0995235113136852,0.998454033907698,-0.0220908673262015,0.999215727032816,-0.286998735304262,0.0179565820084687,0.224413061101752,0.153153517081593,0.101113642389726,0.48780638331417,-0.00842523700099207,0.93432731333696,-0.216122863671993,0.136578073627692
"Sfxn3",-0.0817056638895373,0.998454033907698,-0.0478203786876392,0.999215727032816,0.0133958656739361,0.940166225094816,0.105364191578753,0.59439307867378,0.118659118479109,0.375648920136402,-0.138748998097662,0.0828395755166617,0.0516988864801129,0.73275401271461
"Sfxn4",0.0458242431396468,0.998454033907698,-0.00755497822713735,0.999215727032816,0.0368486810447442,0.63533522464462,-0.0194578861632306,0.982872048454166,0.051489156909264,0.481803136931886,-0.138004969659783,0.00131866455075923,0.0363105797454671,0.645671722495261
"Sfxn5",0.0139882303949716,0.998454033907698,0.0377351150479883,0.999215727032816,0.00499172341442106,0.942567824495763,-0.0216400136250319,0.929800898745576,-0.00723448428383272,0.920332211153849,-0.104376975506949,0.00118314313194099,0.124255277621529,0.0150555627509766
"Sgk1",-0.148127744009156,0.998454033907698,0.196088383371718,0.999215727032816,-0.0877973112246964,0.615010852805278,0.0974714417140216,0.791012642534805,0.247453746275338,0.117652960128263,-0.324165327074947,0.00119691934349984,-0.00980985239192433,0.962796806225435
"Sgsm3",-0.0124785125742535,0.998454033907698,0.00255740484653133,0.999215727032816,0.0365890711841288,0.746517674263791,-0.0150954870615774,0.99429389708379,0.15447550203922,0.111509863836559,-0.172272929746107,0.00506157820606748,-0.00946639675028416,0.938048083452832
"Sgtb",0.237518068926752,0.998454033907698,-0.185682104550617,0.999215727032816,-0.371058818899946,0.0870219895799953,0.365063129608169,0.196687190978413,0.0731606950054657,0.807819784702294,0.24387050859725,0.154517597483124,-0.659141660905001,0.00535729212695377
"Sh2d5",-0.0153428967191694,0.998454033907698,0.00596959382364426,0.999215727032816,0.0338544469329454,0.59356394430931,0.00732071749641894,0.99429389708379,0.0552255640975112,0.362307315228179,-0.0733000856069371,0.0543462831556935,-0.0328984497574132,0.61589850647479
"Sh3bgrl2",0.169776728345607,0.998454033907698,0.0824362958323104,0.999215727032816,-0.0622579935738141,0.833935524921461,0.200509440118162,0.572557400957429,0.208275996206385,0.397209116015599,-0.586145229946131,5.1104165722755e-06,-0.122004615828277,0.648698078911537
"Sh3gl2",-0.0636331061403837,0.998454033907698,0.0469264203542075,0.999215727032816,-0.0427374742034705,0.866606284140219,0.296874695157227,0.197690183474804,0.163586293545424,0.466341801264292,-0.366298881319488,0.00111576427754695,-0.10760228423317,0.666732658287049
"Sh3yl1",0.0415468239185746,0.998454033907698,-0.00053803693567378,0.999215727032816,-0.0762833125077691,0.157831979380763,0.0281864636933624,0.892934948484761,0.0251937503307189,0.706022364510794,0.0227904440365101,0.581782252424278,-0.0792568275940446,0.216675171495128
"Shld1",0.0880490604842095,0.998454033907698,-0.0504676693162429,0.999215727032816,0.00950141524428849,0.952468630690943,-0.0130864547039264,0.99429389708379,0.0396353215199856,0.773251255215548,-0.257486109767616,0.000213535004151979,0.302737827429037,0.00857135199779479
"Shmt2",0.201836058439728,0.586503653035906,-0.0719085868812309,0.999215727032816,-0.0150537077466305,0.938512385314767,-0.00427341085249208,0.996357979649697,0.12038218539076,0.401657504245223,-0.324182959588987,3.4326501231496e-05,0.115585048867127,0.441564986827108
"Shroom2",-0.0430698913284537,0.998454033907698,-0.0553342099963257,0.999215727032816,-0.0811678286043303,0.705795970975021,0.0572804289246796,0.974185554464106,0.14940770879887,0.460135816838524,-0.2963630124429,0.0149167145422663,0.465951696037769,0.0129610705172371
"Shroom3",0.242758945030443,0.998454033907698,0.106827013446503,0.999215727032816,-0.0231651853446944,0.945851404205403,0.0670061563443181,0.989667758022198,0.358512121866456,0.161962296016209,-0.627563475059316,2.64278268554117e-05,-0.344444473078452,0.20834169157731
"Sik2",0.00161301296188521,0.998454033907698,0.176773030812017,0.999215727032816,0.247349041688779,0.48954755934344,0.147293422344763,0.924753929245742,0.233670484023546,0.520631041877589,-0.982850577244038,4.4400396624523e-08,0.195928985783918,0.615308934671879
"Sil1",0.0250757016377092,0.998454033907698,-0.0199625828726279,0.999215727032816,0.0610751665221787,0.546584800236547,0.0424298402697288,0.912471636554691,-0.00601476138166868,0.969862889431072,-0.224967664330963,3.96104855581441e-05,0.199544174878683,0.0371134828106826
"Skp2",0.023857430009431,0.998454033907698,0.0376712966498564,0.999215727032816,0.010141733462034,0.838366477228255,-0.0393340443271042,0.429361073743794,-0.00269544934800914,0.969540964175647,-0.0580985997648404,0.0204273538584432,0.0401073150856139,0.338469406535389
"Slc12a2",0.18204623602292,0.951141854512388,-0.0815646661044958,0.999215727032816,0.0370503281158625,0.852609074321642,0.0164531363781083,0.99429389708379,0.0895297975366795,0.590094336456516,-0.427280795697053,3.42634852915314e-07,0.27500415234399,0.085756961080314
"Slc16a1",0.137259910641591,0.998454033907698,0.0191870155735299,0.999215727032816,-0.273281376189632,0.316758966891509,0.543443542415707,0.0929333531466635,0.0807005917125534,0.81072839602417,-0.286410539425929,0.109668480495767,-0.464057606912929,0.113143468814923
"Slc16a3",-0.10217923223864,0.998454033907698,0.122362349722783,0.999215727032816,-0.184072023890327,0.183595504772188,0.134989012692069,0.536238589370332,0.130686532581553,0.408900439709626,-0.204926742930357,0.0363246881820862,0.160098750496958,0.320065827882632
"Slc16a6",0.153599643134104,0.998454033907698,0.057399031894922,0.999215727032816,-0.0856085913606921,0.828451729130116,0.290182298111128,0.501696141088116,0.230694786290544,0.481803136931886,-0.901818872001265,1.46210741725136e-08,0.337814988021546,0.311302168184053
"Slc17a7",0.0233069719753338,0.998454033907698,-0.260652480255405,0.999215727032816,-0.854071204472981,0.101765719206672,0.826407212644334,0.205400939359996,-0.274657732982851,0.684692838423691,1.34148930255748,0.000112232348374015,-1.31434210470553,0.0282783790258345
"Slc1a1",-0.0267748768795701,0.998454033907698,-0.0280654098548551,0.999215727032816,-0.0286255188962885,0.811905001831823,-0.0289454004081587,0.974185554464106,0.0365272867409756,0.736343009777495,-0.113217993644012,0.0900445334438082,0.338896358552785,1.81293765587166e-05
"Slc1a3",-0.0147508569962939,0.998454033907698,-0.00479451888259219,0.999215727032816,0.012436018258429,0.718332990357235,-0.019100898258494,0.771604532472367,0.005843157760618,0.879999294134521,-0.00620632092478385,0.773062627503662,0.0503706938665075,0.109103823647328
"Slc20a2",-0.0138512148427594,0.998454033907698,-0.0160907887721513,0.999215727032816,0.00108734811551003,0.991963327971627,0.00586079743785195,0.99429389708379,0.0315820137905527,0.744595494040998,-0.149891637799807,0.00515619415970156,0.244983571508394,0.0022558919542827
"Slc22a17",0.0276484275742015,0.998454033907698,-0.053350276403311,0.999215727032816,0.0224270421843716,0.665225877090981,0.00344560449189957,0.99429389708379,-0.0531794911168188,0.262486819946147,0.0165430612470976,0.619497899517828,0.0720883770485177,0.143158221619809
"Slc24a1",-0.255441131869788,0.998454033907698,-0.170655915347214,0.999215727032816,-0.572469144408605,0.264823192738764,0.645118638905275,0.298988637299561,-0.319872512087604,0.590094336456516,1.31039901136806,6.4960845135537e-06,-0.985054406834306,0.0764859406985328
"Slc24a4",-0.00183437632862454,0.998454033907698,-0.00978035619255058,0.999215727032816,0.0159328629741809,0.570269186177198,0.000551364345283578,0.996357979649697,-0.000417244870125483,0.994004963087202,-0.00489365177582321,0.790809350280993,0.00164174873467207,0.963192207812095
"Slc24a5",-0.0125687798222712,0.998454033907698,0.0062771557580683,0.999215727032816,0.0292299000329283,0.153866023827357,-0.00960484082095255,0.924753929245742,-0.0100187244481788,0.692976059878705,0.00569324889908168,0.721488545544143,-0.014253112788282,0.585736481632257
"Slc25a12",0.0386325035351994,0.998454033907698,-0.0392756958303861,0.999215727032816,-0.135037895108047,0.362822422834371,0.145011486342818,0.444320206909022,0.166715826878438,0.266176010508261,-0.289045411334149,0.000557570855532834,0.167448265881807,0.305951052025002
"Slc25a19",0.0508457941638931,0.998454033907698,0.0164555967656059,0.999215727032816,0.408653424556014,0.236181004296274,-0.0091105059757246,0.996357979649697,0.138888282824826,0.736343009777495,-1.11263406997273,2.32703174018584e-09,0.803374238516574,0.0236552419323061
"Slc25a20",-0.0121306085230919,0.998454033907698,-0.0508555359413909,0.999215727032816,0.0578509594654558,0.582876063272955,0.0717759671681558,0.690594488126287,0.114271645279391,0.240410569667893,-0.233900717404765,4.28710717287733e-05,0.0751790983355893,0.476651264493699
"Slc25a22",0.270789184210153,0.998454033907698,0.243152604010533,0.999215727032816,0.206295158164499,0.663218894592562,-0.0738126044352505,0.99429389708379,0.506694545064967,0.240410569667893,-1.33205178581454,1.53045476818999e-10,0.119691529930773,0.8134630986494
"Slc25a23",0.0297710091878418,0.998454033907698,-0.221191493259114,0.999215727032816,-0.234783508412949,0.22537411524177,0.284545092512784,0.205400939359996,-0.1154268896656,0.59974365140791,0.44240901888761,0.000319143452337845,-0.277180923629913,0.201176517459741
"Slc25a25",0.0686696648228793,0.998454033907698,0.382752955309475,0.999215727032816,-0.186526578509427,0.637028144257865,0.20900961827008,0.810949983850539,0.514249068081217,0.146217358701392,-1.00233654495191,2.1230340456954e-07,-0.144219722566396,0.7218733762779
"Slc25a27",0.120616014971729,0.998454033907698,-0.00207129102137971,0.999215727032816,0.143902788139448,0.436182454222717,-0.122849604732466,0.743521923144373,0.124166713434801,0.51053385160321,-0.472992003855034,2.59120212036749e-06,0.318188200937678,0.0839498543865216
"Slc25a36",0.0216800762276392,0.998454033907698,0.0188167716591194,0.999215727032816,0.0347356448738676,0.846744863199127,-0.0463045325800682,0.97006065128942,0.0607932533115814,0.697040800203244,-0.319570935400878,0.000120985989534313,0.381633280723223,0.00478059265644874
"Slc25a37",-0.0871431145663599,0.998454033907698,-0.206642003367888,0.999215727032816,-0.086478374246286,0.812952474130438,-0.166928037822541,0.825800582009516,0.462628056272628,0.112858636219005,-0.449970285997622,0.0223656250436877,0.94821013460823,0.00014326837997169
"Slc25a5",0.0990256925865101,0.998454033907698,0.0800170842393984,0.999215727032816,-0.589683676459039,0.0203143626395892,0.422173721046627,0.205400939359996,0.0730826451960742,0.842513645849143,0.400975303030735,0.0423802621532792,-0.879348103459099,0.00114392969929788
"Slc26a2",-0.00950716704405186,0.998454033907698,0.160168921523818,0.999215727032816,0.0693541592255849,0.828737375150017,0.0789106449846675,0.974185554464106,0.353564087633472,0.155616226249393,-0.736118555607723,2.76269774636673e-08,0.0507334284089553,0.866386849685896
"Slc26a6",0.0715390724332451,0.998454033907698,-0.00648847792416529,0.999215727032816,0.038878063121546,0.772411437808914,-0.0213558841516306,0.99429389708379,0.136352846178691,0.222177461047334,-0.29793055815509,1.73503650810379e-06,0.101949047890568,0.404644263113287
"Slc2a1",0.0819734222245381,0.998454033907698,-0.198999858104972,0.999215727032816,-0.23970662153603,0.248846259673226,0.333570085286226,0.178067897665765,0.283884939212629,0.196626960046493,-0.238850916058516,0.0799948473122339,-0.0705492996738886,0.794045128463083
"Slc30a1",0.176983595779856,0.881213424511407,-0.0172130125210796,0.999215727032816,-0.149772217705824,0.297062513981829,0.0816963942258125,0.835693825287636,0.190628639999579,0.18886145605407,-0.366440010085132,6.17082439626168e-06,0.0876534612920965,0.60164247423398
"Slc30a9",0.008029896681228,0.998454033907698,-0.205991958880403,0.999215727032816,-0.276899658141935,0.073854928157258,0.248047393970355,0.205400939359996,0.150148252859139,0.432806644597536,0.158353702246955,0.171374216412684,-0.124228738070671,0.555388664439865
"Slc31a2",0.0505216698276243,0.998454033907698,0.409171348684569,0.999215727032816,0.231463062879652,0.63698491608095,0.00934681914288316,0.996357979649697,0.438835427861727,0.337804694368432,-1.3984558824958,4.5231394669564e-11,0.271058428591912,0.582809707008731
"Slc35a1",0.0508105344812179,0.998454033907698,-0.0399255718458396,0.999215727032816,0.0936594703042912,0.492455278875573,0.0125454762682198,0.99429389708379,0.0154857202781187,0.933446251711145,-0.330454854774642,6.4960845135537e-06,0.32553202828404,0.0113071203331982
"Slc35a5",0.0201632742369846,0.998454033907698,-0.0176402471073498,0.999215727032816,-0.0554615842477699,0.34620537936327,0.058911995000585,0.430874168038893,-0.00617392060644995,0.944025627395881,-0.0375353809709418,0.345221873298512,0.0632851461959072,0.320984539209592
"Slc35g1",-0.00389078150305799,0.998454033907698,0.0652391641534821,0.999215727032816,0.00877572332349508,0.934119741150037,-0.0228987534932217,0.974185554464106,0.0256654326407698,0.76580865353746,-0.172698610276633,0.000109826118950719,0.158213812420658,0.0326922628395426
"Slc38a1",0.112307228716507,0.13362477103085,-0.10066135478588,0.715794492688063,0.0044710653188846,0.954446683076476,0.0110169027889822,0.99429389708379,0.0414567767970839,0.496824943139587,-0.0519589663296794,0.202055488020811,-0.0408896195977692,0.525836391781543
"Slc38a3",-0.092150690182917,0.998454033907698,0.282658472051984,0.999215727032816,0.271238394399854,0.563896945974552,0.17930535989931,0.933377617094104,0.342644137504325,0.474006067532262,-1.17677803112726,7.32817029275198e-08,0.204185170417552,0.693947063423342
"Slc39a10",-0.00203268325841488,0.998454033907698,-0.0348309945158608,0.999215727032816,-0.0390972120844396,0.449385139114297,0.0497710300181322,0.444320206909022,0.0273222312972268,0.611386899041917,0.037913732253355,0.271585631533859,-0.065653968360307,0.220623175913997
"Slc3a2",0.0632273259911343,0.998454033907698,-0.0263908971884216,0.999215727032816,-0.137251336991132,0.438847240562678,0.157071514917375,0.527778212361223,0.230856251575433,0.185012545759433,-0.366308734435856,0.000231260635663981,0.0905108234311338,0.654702116678444
"Slc41a1",0.068330182487464,0.998454033907698,0.0216026517689459,0.999215727032816,-0.112167633809168,0.39444480006169,0.0231562241919143,0.99429389708379,0.276796736502858,0.0219512799257035,-0.258698412750721,0.00146747068942018,-0.0819515980695447,0.567787478798555
"Slc44a1",0.191998547968371,0.998454033907698,0.140689859280252,0.999215727032816,0.173376641666608,0.67173495157905,0.0492774345194285,0.99429389708379,0.231260169646275,0.565071796830687,-1.13724815081494,2.50338322634817e-10,0.480022921147142,0.224351521577555
"Slc46a3",0.0550458252877848,0.998454033907698,0.0349303253856254,0.999215727032816,-0.0138790768805404,0.925489385202405,0.0161103233031757,0.99429389708379,-0.0101077497109671,0.9514557969806,-0.191850040016987,0.00551940811492985,0.170642606675069,0.126772848387584
"Slc4a5",0.0721295101535204,0.998454033907698,-0.0785972072825556,0.999215727032816,0.122949978381123,0.411316804220558,0.0143824490472124,0.99429389708379,0.124042885572949,0.424516055285593,-0.400970280941859,9.83042037449915e-07,0.221601596366389,0.147918135894232
"Slc4a8",-0.0548940747199013,0.998454033907698,-0.0542439295892702,0.999215727032816,0.0250206934067745,0.883679784781705,0.0991142097589663,0.690594488126287,0.0946294129569483,0.50076322359253,-0.21344719913117,0.0111810245758641,0.175669037479071,0.221485042118081
"Slc5a3",-0.0631901389437957,0.998454033907698,-0.0465078483361421,0.999215727032816,0.0469029603814165,0.513342906420671,0.0174881298668568,0.989667758022198,0.0582518632058395,0.412261229991355,-0.100622406101488,0.0257782328339604,0.160476447260312,0.0141752737841415
"Slc6a6",-0.261803595816087,0.998454033907698,-0.076310477374121,0.999215727032816,-0.0819756356851133,0.856266857870467,0.517202514601782,0.205400939359996,-0.224883076112977,0.590094336456516,0.418334056079934,0.0356063682554361,-0.44905863764822,0.287877455140563
"Slc6a8",0.0890596913663485,0.704736577890568,-0.00475659430140285,0.999215727032816,0.0232354130724405,0.771212098236773,-0.0339176369781818,0.86710803625626,0.0796688517468828,0.229783014324765,-0.142061465133854,0.00048687166317819,-0.0473694864097172,0.518040515736883
"Slc8a3",0.0154009851899096,0.998454033907698,-0.0045628595202646,0.999215727032816,-0.000771997490596477,0.991912293704345,-0.000457442958050065,0.996750134958794,-0.0397699107011233,0.483049654204635,-0.0533925915227167,0.136863328196402,0.147026897927903,0.00470926838196378
"Slc9a5",-0.00154046383520878,0.998454033907698,-0.0164114218041251,0.999215727032816,0.271456616730555,0.0765375591928112,-0.0489675419955424,0.983568570280826,0.0840787339827695,0.658327809479548,-0.40444963915075,0.000137836358394649,0.172294391462136,0.359751019543139
"Slc9a7",-0.00177052814571854,0.998454033907698,0.0230022781049379,0.999215727032816,0.0912870817189393,0.514873897894703,0.0842632156152283,0.771604532472367,0.0173144068863313,0.926226103238373,-0.314293251348044,2.11840395809151e-05,0.147839061443218,0.310050728569713
"Slco4a1",0.109804323812429,0.998454033907698,0.249232047727026,0.999215727032816,0.324906711238461,0.515636550015804,-0.00695655753311852,0.996357979649697,0.459481836807874,0.359078412559432,-1.51988749874122,6.27066387643163e-12,0.494687596518438,0.331485012353887
"Smarcad1",0.0622186713526611,0.998454033907698,0.0174341306419805,0.999215727032816,0.165829430617798,0.412707594714551,-0.0810132166253167,0.933986415238462,0.143068362021726,0.492596905724651,-0.544437920749763,9.48193017967964e-07,0.365618233198177,0.0712987563105074
"Smc6",0.124176984061344,0.94128116945861,-0.0481672997641491,0.999215727032816,-0.0476321330561476,0.677666756784268,0.0732975112484631,0.728186168575712,0.121787580197861,0.250298695209666,-0.201287045496081,0.00106487141681968,-0.0768757359256163,0.523159466266292
"Smdt1",0.0927623979008855,0.998454033907698,-0.137968525089746,0.999215727032816,-0.289256780178086,0.0327497678763986,0.222347690089492,0.205400939359996,0.0526797545127623,0.781240477416973,0.163941827870927,0.112927562332275,-0.179040900773867,0.308903671808099
"Smim10l1",0.0471038771806598,0.998454033907698,-0.0447823304446834,0.999215727032816,-0.175879392764932,0.0634483848264168,0.149304673469173,0.206479001180007,0.0509970086063378,0.677222352682378,0.0260073035476418,0.724805163836096,-0.100245478410906,0.433317313992241
"Smim20",0.00181127491849535,0.998454033907698,0.0173297761529277,0.999215727032816,-0.0135635450914713,0.661149238824611,0.00926321146364435,0.967621465666329,0.00539250236500079,0.880817954471834,-0.0324583122476866,0.0611852283900077,0.0166493759735537,0.611038302829961
"Smim24",0.0284646924535632,0.998454033907698,0.012535698510715,0.999215727032816,0.131766297302551,0.180128300679846,-0.0270071372202674,0.990470549725298,0.0502634598288685,0.664451393942209,-0.259383418523227,2.44156158383757e-05,0.0843448382006913,0.473511092057427
"Smim26",0.061455773178753,0.998454033907698,-0.0609662968304542,0.999215727032816,-0.0939018247126869,0.137230052170578,0.0844746330100428,0.2922132681038,-0.0305674535584871,0.694754037923317,0.0289986748952808,0.563579723738516,0.0197132466358604,0.815346214252325
"Smim40",-0.0136495575813695,0.998454033907698,-0.118762023496128,0.999215727032816,-0.611183556792878,0.0954730963744746,0.455618243462932,0.369577091184331,-0.0902463309485224,0.864457176752918,1.03749075096202,2.46297811493383e-05,-1.0933306506865,0.00568276994724996
"Smim40-ps",-0.0104313628966664,0.998454033907698,-0.209078629021162,0.999215727032816,-0.27170387168665,0.224466350882363,0.231670936723829,0.452989014009439,0.0292105153406117,0.928539179648894,0.54598313585687,0.000117009622364515,-0.505203431694534,0.0301245307261887
"Smpd1",0.177937782485303,0.998454033907698,-0.0177766393246686,0.999215727032816,-0.382310369641229,0.0563693521527913,0.318779624925965,0.205400939359996,0.274944304523086,0.244151772592416,-0.06643371060273,0.692064161325904,-0.600806409833239,0.00870332606252032
"Sms",0.0481444256458671,0.998454033907698,-0.0149396293525612,0.999215727032816,-0.0100645471679378,0.940922144717754,0.087706527298968,0.540791936604075,0.0741916024694707,0.481803136931886,-0.101951183490418,0.0941825498437844,-0.170329404705736,0.113296286023068
"Smug1",0.0974983159741867,0.998454033907698,-0.0052858823896047,0.999215727032816,0.0479345646256033,0.808806349428765,0.00272433556114571,0.996357979649697,-0.00800400010319091,0.975689970925738,-0.307835293028712,0.00146747068942018,0.273704430913844,0.091201280531433
"Smyd2",-0.0101028063800412,0.998454033907698,-0.0130603135750237,0.999215727032816,0.0317693420595257,0.224466350882363,-0.0212765879619338,0.658542850424824,0.0235823846263595,0.428656878737777,-0.0226131432949481,0.220302479230652,0.0213963188274838,0.498636438807909
"Smyd3",-0.0295270725002221,0.998454033907698,0.0733635207785714,0.999215727032816,0.108503792973193,0.397785420614482,-0.0699327064050688,0.840374930479117,0.0793477894027474,0.555447372827243,-0.310486446353463,1.71898644274956e-05,0.235577237863444,0.0674479443556535
"Snapc4",-0.00135726173264472,0.998454033907698,0.0418485174390653,0.999215727032816,0.0953761421763845,0.457801669371011,-0.0578563950609112,0.903716149601545,0.0453380758413561,0.748744341625195,-0.31481774590751,1.27282071529948e-05,0.313712009564351,0.00870332606252032
"Snapc5",-0.027649981492086,0.998454033907698,-0.091946674858526,0.999215727032816,-0.0793477082774391,0.404336125493169,0.112830224830435,0.2922132681038,0.128192708081197,0.17071660546857,-0.00918202119573125,0.891297659333978,-0.0549275200118565,0.615889669452072
"Sncb",-0.0632566847165399,0.998454033907698,-0.195034965626115,0.999215727032816,-0.374608752778154,0.0586203067755569,0.243944722992034,0.396951604563563,0.216052276684676,0.39160287768077,0.14024523625437,0.346127613887654,0.0875203326052216,0.758244119949063
"Snhg11",-0.0302722804286979,0.998454033907698,-0.0410966820194426,0.999215727032816,0.0673694593296651,0.206611302726481,-0.0145757375481649,0.989667758022198,-0.050691763921122,0.394465887454594,-0.040709716223047,0.322890973948963,0.206931919714941,7.33842085755197e-06
"Snrnp35",-0.0422330339704519,0.998454033907698,-0.0064606002978114,0.999215727032816,-0.00124829751571926,0.989413906481284,0.0539453706823126,0.605361051215357,0.112747633719212,0.0896818539533011,-0.102585720398694,0.0170134753651475,-0.0349873919058714,0.634334741843943
"Snrpd3",0.0403880607889187,0.998454033907698,0.0251977499356608,0.999215727032816,-0.256352603825751,0.0385951743652679,0.196876572247784,0.206794742320887,0.108881939466025,0.481803136931886,0.037817290136726,0.709361376880044,-0.291168375694185,0.0555438320900531
"Snrpn",0.0108746534630646,0.998454033907698,-0.070940662183974,0.999215727032816,0.0165776728663409,0.883679784781705,0.00978500090650813,0.99429389708379,0.0863376682069549,0.354464655883518,-0.128275978253996,0.0211697062179825,0.127974878468016,0.179111301599297
"Snx15",0.0666472343730162,0.998454033907698,0.00716202630422758,0.999215727032816,-0.0683530614346024,0.332728501221925,0.0502463936345972,0.719864569005103,-0.017548620601044,0.844152949944517,-0.0918714206793811,0.0388935028459733,0.0791554263601595,0.308122337777295
"Snx16",0.0174651765845653,0.998454033907698,0.006605808867156,0.999215727032816,-0.0104944171192096,0.923572901104006,0.000427287453422631,0.996750134958794,0.142899654860525,0.0763752927974566,-0.171247448589404,0.000347231391152094,0.00116639873843466,0.990616902054869
"Snx21",0.0420250039505736,0.998454033907698,-0.0120300432094614,0.999215727032816,-0.0889673181131631,0.398342498626342,0.106683546071466,0.413877394889295,0.167721708420211,0.112858636219005,-0.132933373979009,0.0447093867988671,-0.17593028039975,0.109103823647328
"Snx29",-0.11540946848166,0.998454033907698,-0.0539733589393345,0.999215727032816,0.336962973561393,0.22537411524177,-0.0581048911284108,0.99429389708379,0.244332990596404,0.428687189291595,-0.812329718187585,7.65784344803872e-07,0.769704065650255,0.00534025631742678
"Snx32",-0.10042120811018,0.998454033907698,-0.0507710329084112,0.999215727032816,0.243382843496462,0.101554647833278,-0.0434751624025924,0.989667758022198,0.196783748971309,0.244208135451989,-0.357843122056375,0.000640309229358872,0.182221989056447,0.305951052025002
"Socs3",-0.0248233163920121,0.998454033907698,-0.0825553860321071,0.999215727032816,-0.0453679341395036,0.76843873040243,-0.072593705747117,0.82585293262728,0.122739749933881,0.350668658373669,-0.131097511594495,0.150310180308553,0.421382656687781,7.57542714297375e-05
"Sod2",0.093087055118591,0.998454033907698,-0.00331044016044757,0.999215727032816,-0.347672608361586,0.0179565820084687,0.231861594069341,0.205400939359996,0.0403739249648718,0.849801520029193,0.0597669295307879,0.589626192544752,-0.147808227512567,0.437231960002995
"Sorbs1",0.0191289847821243,0.998454033907698,-0.00354093064748895,0.999215727032816,0.000437753149094444,0.997065257322626,-0.0186339824680761,0.99429389708379,0.0521342375904967,0.573453577312105,-0.138785923912632,0.00809356633527466,0.145443882526186,0.10902645799719
"Sort1",0.12548708508192,0.998454033907698,-0.161171275471133,0.999215727032816,-0.141165083815962,0.306706187501744,0.130252370871671,0.501696141088116,0.0658081663245579,0.670364705884987,0.118355826018573,0.200717735350431,-0.243675815857897,0.101458485664629
"Sox30",0.0271448886895895,0.998454033907698,-0.0590877193070524,0.999215727032816,0.0319709921506404,0.429039683415444,-0.0269845707114196,0.743521923144373,0.0196866510911751,0.64397586548384,-0.0439440958128962,0.100915565089781,0.0916188908830277,0.0189956012684021
"Spaca6",-0.00296948748284653,0.998454033907698,-0.0060571583438922,0.999215727032816,0.0663994775962893,0.303725577652226,-0.0545235412091378,0.59747223748844,0.0361241919212913,0.605855604450225,-0.124522953653501,0.00261243788083723,0.144656370144237,0.0253864682524912
"Sparc",-0.0553873868851883,0.998454033907698,-0.0837431691269493,0.999215727032816,0.070003149572468,0.371920629263696,-0.0311231838307615,0.933986415238462,0.0417333009193632,0.60902341303424,-0.004249228846267,0.941243064062852,0.128987023154548,0.0952472324708737
"Spata1",-0.165398713795133,0.998454033907698,0.0567143581467255,0.999215727032816,0.308859836696492,0.159798762734113,0.0330674562624962,0.99429389708379,0.154653306517272,0.549060456297254,-0.619824866044665,6.9725048416074e-06,0.371982147656118,0.137850405586956
"Spcs1",0.0523214571278101,0.998454033907698,-0.123786437081209,0.999215727032816,-0.265390837931596,0.0474860527341145,0.303289793485547,0.0929333531466635,0.0405790736485452,0.833458084152812,0.0790554964622032,0.462908520889376,-0.151050356719137,0.382162531904943
"Spem1",-0.0080439138341325,0.998454033907698,-0.0386854472738938,0.999215727032816,0.0497318992899436,0.352087277194775,0.0202150288682877,0.946885188414384,0.0685520358293796,0.18886145605407,-0.100247604315541,0.00298801738328042,0.00797206972568951,0.900837732333925
"Spg11",0.04156231793524,0.998454033907698,-0.0251456346216594,0.999215727032816,0.0137687232115655,0.868555133491838,0.0109675927590005,0.99429389708379,0.0521486467690764,0.464827087742751,-0.134750827935818,0.000553598991204128,0.0576197329068999,0.441564986827108
"Spg21",0.0407666763330615,0.998454033907698,-0.0303055783485547,0.999215727032816,-0.122206986771748,0.0336190545131691,0.0597309972442921,0.548938385702873,0.031460138658587,0.670364705884987,0.0671767351044356,0.13566771075605,-0.0831572725721212,0.254831255748335
"Sphkap",0.00808599561973442,0.998454033907698,-0.0141354572289386,0.999215727032816,0.0140143554104889,0.6433821845364,-0.00465789026198912,0.99429389708379,-0.0355167971583668,0.195668117363691,0.0164184809917551,0.386125083039033,0.0322762373140851,0.274035112014841
"Spidr",-0.0137345772431967,0.998454033907698,-0.0348669663498088,0.999215727032816,-0.049532787582924,0.464032294986416,-0.0594083933504223,0.527778212361223,0.0968863730246405,0.136686116423311,-0.0265183908161734,0.584847348437907,0.158948766201291,0.0101165615491282
"Spin1",0.0694996113721307,0.998454033907698,0.0496459302651209,0.999215727032816,-0.131261104214506,0.254468668317872,0.107716542207179,0.536238589370332,0.0433717829685931,0.753777736490725,-0.17204389449239,0.0218973294459001,0.0253580740273633,0.865653733327208
"Spindoc",0.00879515647032512,0.998454033907698,0.0370274443372059,0.999215727032816,0.0565821593603235,0.515636550015804,-0.0255840572330763,0.974185554464106,0.0916723058987757,0.274281203729112,-0.209280719771179,6.4997323276249e-06,0.046211301990589,0.622005995549337
"Spock2",0.0130489192070447,0.998454033907698,-0.0399013543197574,0.999215727032816,0.0387363362564017,0.263806583610477,-0.0103301686449759,0.9788631557912,-0.0222920901067058,0.566050362513956,0.0321960582102695,0.190290110235866,-0.0140739542158023,0.736326748366645
"Spop",-0.0233043372919548,0.998454033907698,-0.236270510983007,0.999215727032816,-0.482273147558324,0.0563693521527913,0.412232296761967,0.205400939359996,-0.0385119019717339,0.92504799581839,0.703255826787944,5.83748024188003e-05,-0.522537100846859,0.0781453211692044
"Sppl2a",-0.000940162257180299,0.998454033907698,-0.00804106376051106,0.999215727032816,0.0860808074106483,0.386542823993157,-0.0485838675708015,0.874530478464792,0.0791471919183415,0.441185463197296,-0.220636262461511,9.34179604873425e-05,0.183557316169725,0.0674077906483447
"Spry2",0.343234205303241,0.998454033907698,0.253281233298176,0.999215727032816,-0.309918420563082,0.405228102842186,0.192005837325002,0.863707855182697,0.564567986341384,0.126478851762202,-0.981488867250974,1.81950270766078e-06,-0.303811646017673,0.448413489793508
"Spryd7",0.0421986290049445,0.998454033907698,-0.0537108230021519,0.999215727032816,-0.152908376988972,0.170876980733654,0.150442268248765,0.268746102667494,0.172980148454195,0.153169783092188,-0.0633185463758206,0.469764140536698,-0.190097663312095,0.128813506177531
"Sptbn1",0.00927147223670421,0.998454033907698,-0.00233160535849408,0.999215727032816,-0.23040742496438,0.262575669348268,0.365028207805902,0.133609092856386,0.256191813109731,0.241515781807631,-0.273113166962784,0.0427402822782298,-0.271894364842581,0.247262498449069
"Sptssa",0.142492296555639,0.998454033907698,-0.0380052209833003,0.999215727032816,-0.228468414598118,0.0448919615295486,0.152843706875809,0.329137447771623,0.0399522075026135,0.807115852975323,-0.00639861412621902,0.943396599513607,-0.13368651318303,0.375203434397625
"Srpk1",0.0997124589472738,0.998454033907698,0.0259578209410891,0.999215727032816,0.0973132966280914,0.609390146296449,0.0122772158687727,0.99429389708379,0.160656823644399,0.381498645337899,-0.488711133329181,3.20245284660136e-08,0.10018699006288,0.616827453522183
"Srpk2",0.0120375816964386,0.998454033907698,0.0644545184258274,0.999215727032816,0.241350166434341,0.450324992886591,0.0716027140819411,0.99429389708379,0.383009951780473,0.216718681785267,-0.952555467186215,4.56787167367607e-10,0.21229448585404,0.54498587015335
"Srpx",-0.0415957401988912,0.998454033907698,0.0398608874015923,0.999215727032816,0.0537682244054382,0.371920629263696,0.00766332561261918,0.99429389708379,0.0322515108809419,0.608432782568658,-0.119181733255801,0.00125450732523882,0.0379834527383281,0.562405538533453
"Srrm4",0.0222422995145719,0.998454033907698,0.0623929404438932,0.999215727032816,0.0837578279278532,0.67173495157905,-0.0595188018759334,0.968396724618599,0.250621487660013,0.159180039988072,-0.519917761753969,2.54038588361832e-08,0.22436273050233,0.241500101375571
"Srsf3",0.0766333086891096,0.998454033907698,-0.0339140364660788,0.999215727032816,0.011280954431554,0.972490512108221,0.0695083924678226,0.9788631557912,0.351068126826131,0.146217358701392,-0.677521310594747,9.40603054378228e-08,0.283154594601099,0.273009464278648
"Srsf6",0.167890572639147,0.998454033907698,0.0800531853591555,0.999215727032816,0.26083907453705,0.570269186177198,-0.11691497489331,0.985343127659034,0.511975488118643,0.229783014324765,-1.34845399089096,4.5231394669564e-11,0.633007670210966,0.148972670961451
"Srsf7",0.18584126970181,0.998454033907698,0.106606367796588,0.999215727032816,0.0107521299795588,0.973931045129801,-0.0235564498446359,0.99429389708379,0.304305196237884,0.229457193833626,-0.719376475818984,1.8591659201939e-08,0.131047109735741,0.649282963270889
"Ss18",0.0847187410309937,0.998454033907698,0.0144383533111028,0.999215727032816,-0.0342184772315745,0.824046155732103,0.026271673174265,0.99429389708379,0.10771013028759,0.400588710706735,-0.324196202952851,6.13908573679078e-07,0.179738923971021,0.161948175346929
"Ss18l2",0.192198557330603,0.704736577890568,-0.0350027917860003,0.999215727032816,-0.228757752184213,0.0602910057041929,0.140104338975072,0.447237701775184,-0.016595672118591,0.934537927388758,0.047586806788766,0.630516012262245,-0.200333416518177,0.191573117943733
"Ssbp4",-0.0511085736113141,0.998454033907698,-0.100251879756055,0.999215727032816,-0.0143040744813778,0.923572901104006,0.104661970645604,0.473851828426978,0.143656278239803,0.188249465578525,-0.16786163808818,0.0130535654880954,0.148439570887581,0.209797560726353
"Ssc5d",-0.0323321555917009,0.998454033907698,-0.0139312466517246,0.999215727032816,0.0804735044359732,0.0510004951509956,-0.0366570934282201,0.663728032251431,0.000130276319653511,0.999049857492522,-0.0657682154610105,0.0391636114126954,0.124170713402857,0.0066849150650198
"Ssu72",0.266039546593221,0.998454033907698,-0.0329201462963916,0.999215727032816,-0.698489489595122,0.0275576593291387,0.389326419665929,0.411153592821382,-0.108786188159084,0.811756821230022,0.685712639805399,0.00283796995631726,-0.881918806210763,0.0199961370848717
"St3gal1",0.165778738695142,0.998454033907698,-0.0079119193616719,0.999215727032816,-0.164572253660777,0.425475069503844,0.121462135779129,0.807776381268875,0.282416035207182,0.16808589331944,-0.451386284553549,6.50595796117447e-05,0.0211270222330406,0.938679157342106
"St3gal4",0.0393077860183568,0.998454033907698,-0.0762137100408788,0.999215727032816,-0.0270438996250189,0.801308227009684,-0.00804873922214089,0.99429389708379,0.132638110659094,0.127350222991027,-0.0793317961183108,0.164273668545179,0.0243797767761698,0.816941083999211
"St6galnac2",0.0555036639529034,0.998454033907698,-0.0972856726685951,0.999215727032816,-0.00176253231721035,0.994378829017785,0.0337528307491064,0.99429389708379,0.106727113866086,0.622431514124928,-0.442398436558508,0.000214630752295352,0.584737865372277,0.00215290432268358
"Stam2",0.0908617797140177,0.998454033907698,-0.0079249803069803,0.999215727032816,0.358974500947083,0.196539200985886,-0.050143628622858,0.99429389708379,0.108485523971196,0.751114848227786,-0.885688950450924,1.55520005440264e-08,0.603377161050594,0.0438522390737077
"Stard10",0.00279560549410962,0.998454033907698,-0.0332473393078276,0.999215727032816,-0.224967658634181,0.0439672771550391,0.228214512407879,0.121544333753561,-0.0282253536683059,0.864457176752918,0.170574323985192,0.042351908432269,-0.194113926331289,0.162066164613444
"Stard7",0.0953714333053561,0.998454033907698,0.538806488543663,0.999215727032816,0.264884929072091,0.660062946133738,0.087189293405106,0.99429389708379,0.285957836128998,0.62120423874696,-1.69928350627194,2.01358692670726e-11,0.532878825365662,0.355538631967785
"Stat3",-0.0513086767991472,0.998454033907698,-0.370951872492573,0.999215727032816,-0.0216469030333215,0.969515853723629,-0.244082137979098,0.784692168028494,0.759173612281923,0.0411233053173282,-0.73054754279008,0.00456346964467249,1.15149455945027,0.000985469220394886
"Stau2",0.148343260315964,0.733671679326959,-0.0451353876539644,0.999215727032816,-0.0550826995645247,0.666836930739199,0.0234380751097747,0.99429389708379,0.0647180923752443,0.601856069002283,-0.0434104513172964,0.602896303268864,-0.190635100704065,0.108843861304024
"Stk17b",-0.00825628712094706,0.998454033907698,0.0757709383449834,0.999215727032816,-0.0238164047841474,0.844612757858315,0.0561960618684589,0.807899866130704,0.0805403100108699,0.41679310012198,-0.136756264856114,0.027867369990185,-0.103894950912589,0.295963272552452
"Stk3",0.0710115595375879,0.998454033907698,-0.066210642799208,0.999215727032816,0.0620257129412774,0.63698491608095,0.0218353134939914,0.99429389708379,0.16719596778764,0.155616226249393,-0.260336790039263,0.000126492687809403,-0.0257575239712188,0.860920414007741
"Stk35",-0.260310918075673,0.998454033907698,0.556638679353632,0.999215727032816,0.103542296353027,0.820824188525541,0.205674451511203,0.82585293262728,0.221944953326635,0.567719591802974,-0.886197084779154,1.89738057621149e-05,-0.016082449709069,0.973660077978693
"Stk38",0.036672401798739,0.998454033907698,0.0357065017280304,0.999215727032816,0.10866644985463,0.552597995248435,-0.0380829084709776,0.99429389708379,0.24795127355463,0.146217358701392,-0.488377847624763,6.35426710916146e-08,0.113465133630993,0.552631126543287
"Stk38l",-0.010622719231882,0.998454033907698,-0.0115431225942106,0.999215727032816,0.05483987896282,0.736653454105175,-0.00335356432955791,0.996357979649697,-0.00577865587262949,0.981429318104457,-0.277001454260371,0.00137326379822137,0.437806402501018,0.000401514497136214
"Stn1",-0.0233342007832412,0.998454033907698,-0.0431445080994355,0.999215727032816,0.0541934141293533,0.469221437421773,0.041147481303655,0.82580284967908,0.00603971205104492,0.956799053596632,-0.12233288177123,0.00922781536761189,0.154020326735313,0.0301245307261887
"Stom",0.146204572888309,0.998454033907698,0.20052984251904,0.999215727032816,0.127717559946898,0.729058261776812,-0.0216130042129533,0.99429389708379,0.419173303045477,0.181014130591593,-1.01500158878495,2.01358692670726e-11,0.107372000100466,0.766653252127499
"Strada",0.0554314841373318,0.998454033907698,0.0472285893054096,0.999215727032816,0.157825349853458,0.410926365489361,-0.0565149631233318,0.976744078647893,0.0512529993733442,0.824815106678733,-0.528537030250114,3.00164608302927e-07,0.434196350119583,0.0199961370848717
"Stt3b",0.0565476415641393,0.998454033907698,-0.0606749348799562,0.999215727032816,-0.293366786663588,0.0635040388233637,0.337969274697818,0.0998552883944939,-0.0612223264159868,0.778929948844588,0.21160052587233,0.0775672677433585,-0.333112680370945,0.0823484909681069
"Stx7",-0.011064641181337,0.998454033907698,-0.0350850420794395,0.999215727032816,-0.0386711151963763,0.488753255401382,0.036517055686471,0.743300076686318,0.0289491075109838,0.611386899041917,0.0415280311963191,0.259517340830308,-0.0331961369825421,0.582809707008731
"Stxbp2",0.0441615892118501,0.998454033907698,-0.0529302121482356,0.999215727032816,0.107319239477512,0.474168025611324,-0.092157693231427,0.770537182587806,0.0799164199165099,0.602838521862026,-0.316023267574339,0.000315200061724238,0.386762470795387,0.00470926838196378
"Stxbp5l",-0.0360790580072611,0.998454033907698,0.0179994191808702,0.999215727032816,0.142462054253022,0.204018723467273,0.00324972481234836,0.996357979649697,0.109603719697907,0.385159737166864,-0.275248996702467,0.000103207026065657,0.0415101355822432,0.764842923853743
"Styx",-0.040195744771814,0.998454033907698,0.0432807841416035,0.999215727032816,0.0876746582719665,0.0269024220325138,-0.0313418091195434,0.745416628500293,0.00760737585520055,0.902024236266016,-0.0735064810474644,0.0143848526780292,0.00586886778160889,0.9180835237557
"Suds3",0.0598036664165556,0.998454033907698,-0.0636284027822184,0.999215727032816,-0.25598963473627,0.0435711851384028,0.257028991477641,0.126062752143406,-0.054882189177396,0.748744341625195,0.154033403777475,0.0999232086330023,-0.165257847853182,0.318317432071944
"Susd3",0.085354532321213,0.998454033907698,0.0877575843380485,0.999215727032816,0.233951563740182,0.575661392770218,0.206007929184564,0.859963510409621,0.237056770790988,0.572037608980577,-1.1976796007844,8.39394110161289e-11,0.484608414915611,0.243425529828675
"Suv39h1",0.0591241187273769,0.998454033907698,0.00347545841324792,0.999215727032816,-0.0429915600620961,0.736689045525983,0.039414036648471,0.958398978172115,0.0895837576330731,0.441185463197296,-0.206091644967139,0.00109030429925915,0.0725344426017006,0.572192347658442
"Suv39h2",0.203046758252756,0.998454033907698,0.124171844391801,0.999215727032816,-0.0833406805428598,0.752652056662822,0.119706535068958,0.851287120985269,0.282038875071332,0.196626960046493,-0.566604304180689,6.75280933198707e-06,-0.25099131526186,0.287035271059166
"Suz12",0.0893556026800111,0.998454033907698,-0.09685118343926,0.999215727032816,-0.423869632179496,0.0372270183317144,0.39926384198027,0.144718218553511,0.190565890089884,0.45154775109189,0.117776908118591,0.482240477154776,-0.509231969308388,0.0344124206865918
"Svil",0.0510039768263884,0.998454033907698,0.0300087068328267,0.999215727032816,0.105369250544904,0.513342906420671,0.00423089399456122,0.996357979649697,0.164736612028659,0.29297227128622,-0.422283752644054,1.15483970203406e-07,0.0653462111766219,0.712455118413499
"Syne1",-0.227712359530303,0.998454033907698,0.0329479439776593,0.999215727032816,0.132110348870873,0.621696204064286,-0.0268368952728959,0.99429389708379,0.220331488937418,0.385159737166864,-0.545103066809511,0.000206996928671078,0.71989785351884,0.00114392969929788
"Syne3",-0.101328196720215,0.998454033907698,0.181755086106092,0.999215727032816,0.108826896699011,0.597469216020138,0.0879006483139518,0.902886727223743,0.241021521120205,0.193180127765869,-0.39496775168153,0.000778814850166546,-0.279262840212839,0.145639723165539
"Syngap1",0.00185404819129242,0.998454033907698,0.0314508569763383,0.999215727032816,0.0380942597073212,0.676138023844861,-0.0252584725118644,0.974185554464106,-0.01720370792613,0.8655256718354,-0.169046960036258,0.000939695340141927,0.23653207514036,0.00216016088154925
"Synj2bp",0.0755365512476542,0.998454033907698,0.0183510829532976,0.999215727032816,0.117727903190835,0.555182676365907,-0.0048722983610201,0.996357979649697,0.110519896131869,0.586676428057512,-0.515967331099863,5.88847568199945e-08,0.296617525302826,0.137598167547376
"Syp",0.368110918990973,0.998454033907698,-0.265444018348577,0.999215727032816,-0.741205821873286,0.0275576593291387,0.639574213358769,0.153153517081593,-0.155114110202752,0.736343009777495,0.470615063503361,0.0643359636687108,-0.558927533074571,0.193496078710953
"Syt11",-0.027058978708397,0.998454033907698,-0.0156048476012884,0.999215727032816,0.00437286782340562,0.941680893489945,0.00581751956786769,0.99429389708379,0.0128825409511917,0.80911591224824,-0.0396135384479495,0.193909148439346,0.108493587922274,0.010837093614189
"Taf1b",0.0213152688568263,0.998454033907698,0.00437504648400935,0.999215727032816,0.0404895929973607,0.67173495157905,0.00338693053536429,0.99429389708379,0.093526682973029,0.291667655775636,-0.221543164970119,7.41390140136053e-06,0.0783302769502072,0.405413170743487
"Taf4b",-0.00385987454526948,0.998454033907698,-0.0216564218552953,0.999215727032816,-0.00374941028210096,0.941680893489945,-0.0233942021183138,0.791012642534805,0.0559568489979529,0.145692443430514,-0.026246171985419,0.324935164588106,0.0403428437142752,0.320612967997673
"Taf6l",0.0261884048051321,0.998454033907698,-0.0648383153905848,0.999215727032816,0.136625741042687,0.271197454172136,-0.0329911702910422,0.989667758022198,0.135375824845208,0.300404272448394,-0.325464511281589,7.56218267794857e-06,0.195703172243239,0.142558743636265
"Tagln3",-0.0588057758374657,0.998454033907698,-0.00699481591728063,0.999215727032816,0.0968895877689485,0.297062513981829,-0.00432792301499449,0.99429389708379,-0.0152241021484113,0.90242705316878,-0.170440374901516,0.00583250492056549,0.282093376984992,0.000750265243244245
"Tango6",0.0147405899857529,0.998454033907698,-0.0327852434240998,0.999215727032816,0.0853371162864311,0.3954609759929,0.00533816234248308,0.99429389708379,0.0615319373009608,0.565071796830687,-0.230445931162069,3.3562658692193e-05,0.152414392428194,0.148345267597724
"Tapbp",0.00754173268179004,0.998454033907698,-0.121929427391128,0.999215727032816,-0.0664624073694424,0.489462821841382,0.0926074576365516,0.430874168038893,-0.0134365431513298,0.917913628964259,0.0235527313365433,0.717036659106433,0.154888054910407,0.109400137020099
"Tars",0.0132898274659548,0.998454033907698,-0.0512808208074065,0.999215727032816,-0.0758234095926413,0.632044849704859,0.104567398380383,0.697057865172293,0.199342673055407,0.159180039988072,-0.26367328726889,0.00242607311732106,0.102332426636216,0.528215128932461
"Tasor",0.0539613865101428,0.998454033907698,0.0455476095974696,0.999215727032816,0.171767204249696,0.432863749413679,-0.0746535095217988,0.96300529916161,0.231146584159175,0.291667655775636,-0.631600381869565,7.14619330020525e-09,0.291616229672159,0.196518464706696
"Tatdn1",0.0813609931151752,0.998454033907698,-0.014807030616744,0.999215727032816,0.142985223629097,0.392340741404394,-0.0555077350316626,0.966409445830831,0.0984850692210895,0.575796285783445,-0.411706079109909,1.12294607169301e-05,0.238996291568956,0.162122287299022
"Tatdn2",0.0427826886528036,0.998454033907698,-0.0214678605176875,0.999215727032816,-0.0173236284614956,0.939934422237967,0.107288906057674,0.754071694524925,0.268551302817384,0.109879036233215,-0.395817661071774,1.16324841886093e-05,-0.0247434794296901,0.901760895129197
"Taz",0.0175016687031153,0.998454033907698,0.0840322877440185,0.999215727032816,0.104920381551573,0.603954656123563,-0.0262606594816273,0.99429389708379,0.142711687579597,0.466341801264292,-0.527305404152638,2.45120021741246e-08,0.305582457944395,0.112728559952605
"Tbc1d14",0.313166585994153,0.704736577890568,0.0942156760161921,0.999215727032816,-0.112907868146747,0.666568598679289,-0.0772598546473646,0.972878219984818,0.239935194937477,0.33086397868695,-0.670074531552206,7.44087651027751e-08,0.265115594993098,0.295963272552452
"Tbc1d22a",-0.0344140195398628,0.998454033907698,-0.0471595155921878,0.999215727032816,0.0662565596431786,0.634306592714388,-0.0240604989618356,0.99429389708379,0.0308502611009733,0.842065844662285,-0.252203782431556,0.00132065816031886,0.459272012175487,7.33842085755197e-06
"Tbc1d24",0.187479800075944,0.998454033907698,0.339187476463862,0.999215727032816,-0.0439260813984825,0.923572901104006,0.0484791745662483,0.99429389708379,0.368063212444674,0.285359982837597,-0.918981492377175,1.95077280211981e-07,-0.127619538780475,0.743513787436951
"Tbc1d2b",-0.0361384234989166,0.998454033907698,-0.00429839016761924,0.999215727032816,0.0184760637028035,0.757766406001528,-0.016521741706321,0.968396724618599,0.0224432421013918,0.68038024966284,-0.0560615421176979,0.101825777691023,0.130478788399163,0.00553661030006519
"Tbc1d30",0.249002235501922,0.998454033907698,0.0423862624533617,0.999215727032816,-0.139372907570396,0.638179629352551,0.0814900315805505,0.974185554464106,0.423364469362152,0.116838172825618,-0.685809083349501,5.70355603678992e-06,-0.0679890057899502,0.833674120539119
"Tbc1d5",0.0151356848048341,0.998454033907698,-0.0329431857132871,0.999215727032816,0.0102177045546057,0.936317027138786,-0.0153216342700896,0.99429389708379,0.0997989399941442,0.266176010508261,-0.126513706033968,0.0316917037583769,0.0761994018660119,0.433317313992241
"Tbca",-0.00801892281271255,0.998454033907698,0.000114889374837279,0.999215727032816,-0.177518695713806,0.0503873335654658,0.083582968988714,0.629753646310747,0.00113125041062068,0.994004963087202,0.153760556405202,0.0219103061574355,-0.0829216854852848,0.482888165209073
"Tcaf1",-0.0183286905802699,0.998454033907698,-0.0218766346811665,0.999215727032816,-0.0158814755680434,0.860815138288647,0.039647196013142,0.840374930479117,-0.0166743870280454,0.853060362527913,-0.0760762018638502,0.124599454452162,0.195941435335159,0.00298252862054496
"Tceal9",0.0460269457482419,0.998454033907698,-0.0545079631249757,0.999215727032816,-0.140233552597036,0.0484418299161659,0.0846423770766552,0.414693174115421,0.00522824339856526,0.969862889431072,0.102066838319809,0.0568448028799382,-0.0712696734811572,0.438193006612521
"Tcf20",-0.0582664619115727,0.998454033907698,-0.199442662216642,0.999215727032816,-0.337585479251741,0.180652981635759,0.283490730962417,0.411153592821382,-0.1878284321769,0.512184042014163,0.75701652267363,4.68561020098373e-07,-0.366536060818734,0.200862357826372
"Tcf24",0.0353973334064144,0.998454033907698,-0.0313944830753565,0.999215727032816,0.0519555283459201,0.381579574862142,0.00824064786655598,0.99429389708379,0.0376330627332762,0.53917186279334,-0.13767398858784,8.8614162737766e-05,0.0492833690243688,0.427937376172353
"Tcf4",-0.0214546563029014,0.998454033907698,-0.0659983209057092,0.999215727032816,0.0722407673418666,0.713642195395479,-0.0293191345456704,0.99429389708379,0.150524137185165,0.404331614852498,-0.392913974849476,0.000141476014768997,0.489252045284555,0.00221935729337767
"Tcn2",0.0368679402875167,0.998454033907698,0.00905736273353042,0.999215727032816,0.00738415393568892,0.940922144717754,0.053589524902125,0.687662167719147,0.0552449163378712,0.468116014620761,-0.127073443386206,0.00416919659211332,-0.0849507324766814,0.274597129727739
"Tcta",0.112017590661495,0.998454033907698,0.0244348737276858,0.999215727032816,-0.123260217604857,0.322820082696438,0.0239488872841416,0.99429389708379,0.0512183713894203,0.721067728700836,-0.170702353993077,0.0291414679716129,0.113795747196231,0.422034345468755
"Tcte2",-0.018064621135712,0.998454033907698,-0.0168372049448067,0.999215727032816,0.0882112276352828,0.133936379523947,-0.0332600726286629,0.873488455023003,-0.048080820441876,0.483133110327559,-0.0790526735311665,0.076155497128741,0.194177109838947,0.00116622078397048
"Tdrd9",0.0505392448860044,0.998454033907698,-0.00632453362787716,0.999215727032816,0.117958523129045,0.169084743366427,-0.0373175480517129,0.938188895755276,0.0818970552018991,0.404331614852498,-0.218553970254335,0.000120784332090617,-0.00748543368256305,0.948768023494236
"Tdrkh",0.0185280828049956,0.998454033907698,-0.0661322427621814,0.999215727032816,0.036570006917676,0.84881800594813,0.0829249837750752,0.84478407727381,0.19546097597189,0.195373189518852,-0.384439212643973,1.8259210735496e-06,0.171671960394948,0.297876949432454
"Tef",0.182894935671242,0.998454033907698,-0.14565369683406,0.999215727032816,-0.0703312596892215,0.716327263592219,0.164379112107163,0.461894166128178,0.258892558997873,0.126478851762202,-0.327737212428165,0.00150207272877192,-0.1667810164818,0.362800484232581
"Tep1",0.0345590047303562,0.998454033907698,0.0127684681063133,0.999215727032816,0.022775848913906,0.661174310625095,-0.0309974286212391,0.75392606338173,4.34812820716002e-05,0.999256989733971,-0.0645128432111662,0.0347341064109446,0.034865014030409,0.498200605891483
"Tepp",-0.022375960448311,0.998454033907698,0.0136471717366518,0.999215727032816,0.0385225476265971,0.263058457031515,-0.00596300750852397,0.99429389708379,0.00882273144745488,0.844377359936518,-0.0600335524817217,0.0084305114496455,0.0453776505690759,0.232596857542525
"Tex9",0.0312098674247515,0.998454033907698,-0.0170749985410477,0.999215727032816,0.0592522770425397,0.638300331699312,0.00386778931450849,0.996126702619042,-0.0241458310367004,0.864868244667577,-0.255014775074031,0.000174371221646997,0.341847087453678,0.00114392969929788
"Tfb2m",0.0519437908684712,0.998454033907698,0.0113788605561188,0.999215727032816,-0.0299658930012894,0.731292148548659,0.0320654577464152,0.924753929245742,0.0956071089280743,0.196052155311325,-0.162562248906496,0.000370159983242101,-0.0251122743705426,0.769303890459827
"Tfdp1",0.103915926349841,0.998454033907698,0.0146162424316174,0.999215727032816,0.0077581609130043,0.973931045129801,0.0407202269126022,0.99429389708379,0.243340217305017,0.177273204519878,-0.519020934295161,4.32564407045601e-08,0.122865809688968,0.551229440144673
"Tgfbr1",0.12675014600587,0.880532310843034,0.0166205797045464,0.999215727032816,-0.0450059884322227,0.699114400533618,0.000657266641092891,0.996750134958794,0.0765698348048716,0.485524920599781,-0.180339221523586,0.00453231800062368,-0.0297945016713226,0.814522937379188
"Tgfbr3l",-0.00287702623506647,0.998454033907698,-0.107641633984967,0.999215727032816,0.432822120924677,0.12160797301566,-0.0522113920901345,0.99429389708379,0.240255360125431,0.467326084676098,-0.911373636200828,1.21060709270972e-07,0.646975624370725,0.0359655617822871
"Tgm4",-0.0520662705428108,0.998454033907698,-0.0107365789904537,0.999215727032816,0.0704744747739778,0.55213984717755,-0.0357580397885685,0.974114366322978,0.108754172191026,0.338054679563179,-0.224599674069452,0.00130260030399567,0.24495152571988,0.0225608482460015
"Thap2",0.0695140518629958,0.998454033907698,0.0068197521628468,0.999215727032816,0.0505850163513482,0.666076229038051,0.01639522825354,0.99429389708379,-0.0633119033668226,0.581847466192,-0.196482295102323,0.0023351589592016,0.185750194862552,0.0920145758810739
"Thbs1",-0.0185033362205058,0.998454033907698,-0.0119214879101446,0.999215727032816,0.021411272293951,0.408787429603769,-0.0134173878948804,0.862603564662598,-0.0143391093866754,0.607877063475039,0.0326757620866018,0.0495115781195015,0.0151019701639624,0.611456639337116
"Timm10b",0.107330170797503,0.998454033907698,-0.108712068177634,0.999215727032816,0.0412160212746388,0.778026045310289,-0.00947137410435107,0.99429389708379,0.189791484501254,0.123883948042719,-0.221628042291538,0.00235642944326559,-0.0279746863701324,0.852201202683624
"Timm8b",0.0940241286539991,0.998454033907698,-0.0965934132177589,0.999215727032816,-0.19594190008348,0.0575834520697024,0.150200914209361,0.25828906778717,-0.0740399282653905,0.567628545446338,0.208207300856135,0.00471274231943363,-0.138801721306946,0.291112888408722
"Timp3",-0.0176191999219991,0.998454033907698,0.00360915725118668,0.999215727032816,0.0418252996522862,0.193992766367967,-0.0344295247563514,0.444320206909022,-0.0302301205067627,0.412314974303653,-8.10581618936324e-05,0.997067635202288,0.0710560679639828,0.0435599482910951
"Tiparp",0.0259278096750105,0.998454033907698,-0.0200647536614793,0.999215727032816,-0.0586738560639096,0.7721151555284,-0.00739931378409348,0.99429389708379,0.275090507533933,0.111509863836559,-0.404069802937385,5.47106657497209e-05,0.293776084216536,0.0833717441789685
"Tjp2",0.0221252412817254,0.998454033907698,0.123424478880766,0.999215727032816,0.0683936871328517,0.874573542905871,0.1065837974692,0.974185554464106,0.285121247555828,0.430192583450449,-0.982186451722125,7.51715900302718e-08,0.562230812848615,0.110605434992819
"Tm6sf2",-0.0137905809931006,0.998454033907698,-0.00408248562121605,0.999215727032816,0.0700480595435161,0.142770258489622,-0.0290561185754413,0.845014433213877,-0.0131566225145937,0.842065844662285,-0.0865854539135707,0.0122575616972291,0.134629040305078,0.00795951157018206
"Tm7sf2",0.0536627451292229,0.998454033907698,0.0124118585788944,0.999215727032816,0.0817967725232286,0.213157348015609,-0.0704744981944125,0.430874168038893,0.00121016504617222,0.994004963087202,-0.137128207897262,0.00182324894092009,0.0867209183034672,0.234932066748662
"Tma7",0.256392797106905,0.998454033907698,-0.290216517417387,0.999215727032816,-0.996799161726102,0.0514990674811086,0.646210128973243,0.380201924529083,-0.285707377571002,0.670364705884987,1.35593422651334,8.59504853616517e-05,-1.12482880140369,0.066482648666632
"Tmcc1",0.0736735486217341,0.998454033907698,0.0144020522101806,0.999215727032816,0.00741278063726192,0.981930989512039,0.112207333141153,0.891028981263456,0.0891389924312471,0.739674549402835,-0.653618050588736,7.9253897580308e-08,0.570041244598196,0.0148528760057998
"Tmem106b",0.0755215273275447,0.998454033907698,-0.0146940647258758,0.999215727032816,-0.103443025092409,0.533832594201558,0.190655972217048,0.28022036514065,0.141220804986814,0.394739351347916,-0.335497603575774,0.000182381832163065,0.0342401902169018,0.861259853428827
"Tmem108",0.0948542281972835,0.998454033907698,0.11012777975212,0.999215727032816,0.102882120692538,0.677666756784268,0.0893334495751961,0.941489144784969,0.0838925428012804,0.744595494040998,-0.642827344807597,5.21161366148304e-08,0.204049698878374,0.410898559997886
"Tmem126a",0.0363440463447591,0.998454033907698,-0.00270875570716661,0.999215727032816,-0.0497617584200858,0.47955463521045,0.0221331449284635,0.97006065128942,0.0400712730665565,0.584879668758797,-0.0681671978978811,0.123789182435911,0.0271735832745783,0.73275401271461
"Tmem136",-0.0525276161815893,0.998454033907698,0.0488443379077297,0.999215727032816,-0.191323964452259,0.323847565422086,0.31599713077864,0.153153517081593,0.0287050424033681,0.920243422405798,-0.122927145533605,0.304976828417199,-0.066882644111464,0.791074935528786
"Tmem150a",-0.00148322056769601,0.998454033907698,0.00499361344002458,0.999215727032816,0.0516471199357892,0.446993426417602,0.0107076500728939,0.99429389708379,4.6128960136671e-05,0.999256989733971,-0.136154505531599,0.000873895585847028,0.114356230969224,0.0873287494642683
"Tmem150c",-0.0212119296460473,0.998454033907698,-0.176016402310576,0.999215727032816,-0.187107787345288,0.455321896077228,0.129539837575974,0.859898882354433,0.554335950519264,0.0120527318380573,-0.499922858211672,0.000681309991391429,0.313614410329222,0.227472845084188
"Tmem165",0.0316239924411673,0.998454033907698,-0.0903009425301909,0.999215727032816,-0.0806347810274446,0.528066256427827,0.0313718007785662,0.989667758022198,0.110472778060515,0.387471349108785,-0.157487057818056,0.0425801557948567,0.267348724746869,0.0301245307261887
"Tmem167",0.139825336784735,0.998454033907698,0.0565372017645778,0.999215727032816,-0.184001450501324,0.183172242544312,0.135668903273016,0.534937266983676,-0.0811454117210976,0.628727311705398,-0.0462959074955754,0.629925099226956,-0.0658839330659828,0.728832017447711
"Tmem170",0.0174825221159057,0.998454033907698,-0.0145947398508066,0.999215727032816,-0.018040647482093,0.808806349428765,-0.000610666207874644,0.996357979649697,0.108994998620925,0.0565136492378799,-0.138515590656122,8.00955008304466e-05,0.0641873359527778,0.297906798580376
"Tmem176a",0.0442866714699748,0.998454033907698,-0.0487412295544045,0.999215727032816,-0.0452942681274627,0.28739326383376,-0.0297441779844182,0.743300076686318,0.0364424003825995,0.424516055285593,-0.0100901799571175,0.750958085909019,0.0943217993772196,0.027521683167515
"Tmem178b",0.106375581547446,0.555962018292062,-0.0409401175143821,0.999215727032816,0.00365225116523665,0.970873255721896,-0.0275666587954906,0.94410847522641,0.052082208804615,0.480503267452081,-0.118413416774968,0.0106336179006293,0.022998402950647,0.771358037933724
"Tmem186",0.0129915958371662,0.998454033907698,0.0460184609192762,0.999215727032816,0.0523088363027493,0.653121879758062,-0.00400271930534624,0.99429389708379,-0.000192358075486787,0.999256989733971,-0.24411729586324,2.67792723366599e-05,0.21962131635445,0.0403662811016096
"Tmem192",0.0833743758704244,0.998454033907698,-0.0152135994166471,0.999215727032816,0.0403725969127777,0.764364664748983,0.0388839275587656,0.962975234929188,0.111324878897884,0.331482852606772,-0.175314879060354,0.0157768575554494,-0.1828281149807,0.106332550371092
"Tmem208",-0.00418298805181516,0.998454033907698,0.0286396095017581,0.999215727032816,0.025875970168476,0.888106124701941,0.00683927850213029,0.99429389708379,0.243507910672566,0.109879036233215,-0.355879220919945,1.54779453446885e-05,0.0543249720260556,0.749372856913754
"Tmem229b",0.35221384385728,0.998454033907698,-0.0306475216013047,0.999215727032816,-0.76476765875974,0.0179565820084687,0.609325001576116,0.153153517081593,-0.013654161865585,0.985376890927186,0.309387584166249,0.225077092579349,-0.866618850010594,0.0218321114601966
"Tmem230",0.127559178896607,0.998454033907698,-0.15087565509874,0.999215727032816,-0.318196409198784,0.123189333181503,0.408199818388991,0.121544333753561,0.128655038349891,0.608392134069122,0.109023554760832,0.503995397344841,-0.558033443780961,0.0171795360251653
"Tmem241",-0.0165230206361479,0.998454033907698,-0.0351244578574046,0.999215727032816,0.0841558437526227,0.484304996246356,-0.035336621115136,0.974185554464106,0.0156881440297043,0.921109667481951,-0.242301300896848,0.000778839946632326,0.400545739271942,3.59711714037988e-05
"Tmem245",0.00886250109104025,0.998454033907698,-0.0378051590429177,0.999215727032816,0.062229240598418,0.663218894592562,0.0314832512647188,0.993193144482628,0.0340932502913854,0.832085469578865,-0.300208477472551,6.06183660907436e-05,0.338741533203815,0.00705154826817192
"Tmem250-ps",-0.010525967386414,0.998454033907698,0.102892156377446,0.999215727032816,-0.0596424449202255,0.594753936519817,-0.0171357453842267,0.99429389708379,0.166604827011007,0.111509863836559,-0.21752036941416,0.000410789764933017,0.027685574318121,0.821395776256487
"Tmem255b",0.0125461411112053,0.998454033907698,-0.0197455263079824,0.999215727032816,0.181457298843605,0.126950288438772,-0.0741787184678699,0.840147465224202,0.0688268900246152,0.628727311705398,-0.341628232375457,7.30480839013154e-06,0.281337359285279,0.0335944546175137
"Tmem256",-0.00668031055001816,0.998454033907698,-0.0211596708011299,0.999215727032816,-0.07282089603617,0.344709268968451,0.0817496003473432,0.382550932427256,0.0657536687116695,0.417117792217966,-0.00410791700625857,0.941128739257496,-0.0794592312991033,0.337815130109565
"Tmem260",0.143426682857347,0.998454033907698,-0.0137592575658125,0.999215727032816,0.187425399665044,0.404336125493169,-0.0116863706929982,0.99429389708379,0.0459403734926633,0.86643113024756,-0.616097444450359,1.44794195657969e-07,0.404689423392071,0.0775125033028657
"Tmem265",0.0968781004202864,0.998454033907698,-0.0607715124621822,0.999215727032816,0.162280157545678,0.225689961042636,-0.0431129770299441,0.974185554464106,0.0694617687901711,0.652856133041692,-0.358049128553208,3.70438564729507e-06,0.200815124944078,0.188642706540693
"Tmem29",-0.0298964146002987,0.998454033907698,0.0491835633187019,0.999215727032816,0.123860906355873,0.323867563423733,-0.0235159275145722,0.99429389708379,0.0911090272321647,0.488726382801778,-0.341863241693106,8.37105621265898e-07,0.201744559040247,0.120997148283593
"Tmem35a",0.07140810002582,0.998454033907698,0.0137890743275775,0.999215727032816,-0.124610553896752,0.402203216208744,0.252391770637576,0.127831653019435,0.0450780380508105,0.797211805627239,-0.113711366817788,0.258372172493447,-0.291466044218978,0.0510511508169813
"Tmem38b",0.0162438317201175,0.998454033907698,-0.0636882187381205,0.999215727032816,-0.0506055784958239,0.543589951668403,0.123123006546237,0.162761090649006,0.0424408483587695,0.611386899041917,-0.0663782701251345,0.202055488020811,-0.00805572161036472,0.938048083452832
"Tmem41b",0.104419794367924,0.998454033907698,0.032220858167733,0.999215727032816,-0.106778245371195,0.393825496239412,0.171678888122804,0.205400939359996,0.0794646415272242,0.549060456297254,-0.213223656327431,0.00396388004504431,-0.16748500724985,0.213257550402923
"Tmem42",0.145852712760106,0.998454033907698,0.112905136368529,0.999215727032816,0.0383192592980169,0.888106124701941,-0.0535057003513281,0.993193144482628,0.100492992545357,0.670364705884987,-0.635805129862638,9.85156225587751e-09,0.436658761183107,0.046993381800859
"Tmem63b",0.0623807482425046,0.998454033907698,-0.213641944000513,0.999215727032816,-0.240996715373359,0.142770258489622,0.367336586970485,0.0913002969516535,-0.0685082666634709,0.748744341625195,0.179800860886012,0.115990588501178,-0.130759237122926,0.549984269638295
"Tmem65",-0.022404274221813,0.998454033907698,-0.0378515699529596,0.999215727032816,-0.0135683373434687,0.828737375150017,-0.023641807137304,0.891028981263456,0.0154218707401309,0.792047472655231,-0.0070087442209783,0.850288037959343,0.168173980084299,5.67006254563485e-05
"Tmem81",0.000938580566602364,0.998454033907698,-0.0445783575635042,0.999215727032816,0.052201346354061,0.293358436081039,0.018096261326029,0.958398978172115,-0.0130904763771445,0.832242499632574,-0.0791217150939716,0.0166335483067631,0.116579795695749,0.0184146777533292
"Tmem86a",0.263778178751136,0.13362477103085,-0.052164366017645,0.999215727032816,-0.0854787942107739,0.56419503114433,0.0488218929791292,0.961220320482001,0.150835939657931,0.27615113915679,-0.302671374334379,0.000269659780132273,-0.106563178355925,0.479204848842399
"Tmem86b",0.0685743828998588,0.998454033907698,-0.0727169741223497,0.999215727032816,0.176149778140947,0.295215179935975,-0.100331785844215,0.810949983850539,0.0863730450544202,0.635961616279884,-0.406098083984054,6.07151765986199e-05,0.410509575438997,0.0129982676210311
"Tmem9",0.350580041137329,0.704736577890568,0.00607976060060667,0.999215727032816,-0.372073736918979,0.0841771110646817,0.306864129166776,0.268746102667494,0.185778134514017,0.481803136931886,-0.234886393334519,0.157096778829415,-0.523655275185447,0.0391823311633427
"Tmsb4x",0.326930892804846,0.998454033907698,-0.0477675176104628,0.999215727032816,-0.636340121999527,0.0179565820084687,0.246206665490435,0.620210607997134,0.497170185046239,0.116838172825618,-0.248039187730089,0.213582210507982,-0.337924512281196,0.321567458253587
"Tmtc4",-0.00800731461730088,0.998454033907698,-0.0356185404651202,0.999215727032816,-0.0159748174167544,0.751584535725778,0.0061623625666664,0.99429389708379,0.0268101304109257,0.552038638970673,0.0325621166100566,0.27035043654401,-0.00408217064466655,0.939723179724343
"Tmx4",0.0676881517392541,0.998454033907698,0.0802402995235768,0.999215727032816,0.0862680845135096,0.686587838971238,-0.023725567902358,0.99429389708379,0.258895763032813,0.174667170453872,-0.531506290325395,5.51149306463805e-07,0.0355643237652056,0.877983896406724
"Tnfaip3",-0.0568423367584749,0.998454033907698,0.490221069803106,0.999215727032816,-0.161716191906919,0.662623435078092,0.372463064622764,0.349432590290497,0.141257009795368,0.706022364510794,-0.768452878244916,8.12423976739608e-05,-0.162450217685947,0.667858539299793
"Tnfrsf8",-0.015621753692212,0.998454033907698,-0.0435892866582363,0.999215727032816,0.0363188478261073,0.76185527645881,-0.0107379422684384,0.99429389708379,0.109236295911182,0.27615113915679,-0.232447374967391,7.99908690515436e-05,0.265882680701992,0.00477971353848593
"Tnfsf13",0.110548299893228,0.998454033907698,0.103148186920415,0.999215727032816,0.769485153734982,0.186906276731369,-0.164827175632101,0.989667758022198,0.360741847361832,0.596032399997816,-1.9459802484651,4.99009546688796e-10,1.17517192804326,0.0664367230030893
"Tnip2",-0.0605354483350709,0.998454033907698,0.0112702655112496,0.999215727032816,-0.0208214801406833,0.956840758574667,-0.12264846241208,0.925382971539913,0.240905723237137,0.423958275166512,-0.615418035598745,0.000667907022099255,0.973266218315023,6.54658096798449e-05
"Tnnt1",0.0119149764013449,0.998454033907698,-0.0564709971687322,0.999215727032816,-0.0320920954356408,0.514873897894703,-0.0143343671030001,0.974185554464106,0.0270567653999983,0.588830991465369,-0.0160998598929365,0.642203959456614,0.147743019275777,0.000344050802731671
"Tnnt2",-0.0917701330080464,0.998454033907698,-0.118773544835381,0.999215727032816,-0.0924242518442533,0.662623435078092,-0.13328016162769,0.731351959653465,0.168510025082177,0.39160287768077,-0.134267178834068,0.335636873796929,0.739261851895558,9.81916621671284e-08
"Tnpo1",0.140767320078972,0.998454033907698,-0.101597463925862,0.999215727032816,0.208590309657495,0.752652056662822,-0.0551554143521008,0.99429389708379,0.663157819557399,0.241515781807631,-1.62460016585794,4.33423376208196e-09,1.21218163101887,0.0301245307261887
"Tob1",0.327976462009138,0.998454033907698,0.295949796990893,0.999215727032816,-0.589395391719654,0.0523491409516288,0.405346181430056,0.333153279433226,0.397096862672687,0.266176010508261,-0.475630886590189,0.0419903894736645,-0.801759481890933,0.0225384650466288
"Tob2",0.365037979806469,0.998454033907698,0.304638484255516,0.999215727032816,-0.616410860562277,0.0612715692601256,0.407966476729653,0.388026144259934,0.495980830424363,0.194450630982844,-0.747218179743512,0.00175429548099903,-0.561935087706913,0.159692378170043
"Tomm40l",0.080330235957328,0.998454033907698,-0.0608287058427285,0.999215727032816,-0.0412523551205938,0.663218894592562,0.035532918837699,0.929800898745576,0.0610429882106203,0.496824943139587,-0.0378785809413861,0.529880399965087,-0.077970724748287,0.408108245456074
"Tomm5",0.0169900686184374,0.998454033907698,-0.00192732420733887,0.999215727032816,-0.12076439800421,0.0637599690382016,0.0702114354783764,0.50369165191806,0.0548380758617058,0.488726382801778,0.0221260270885748,0.685727803569612,-0.0791661300934242,0.330066522041819
"Tor1aip2",-0.0494433209117846,0.998454033907698,0.000893359056608589,0.999215727032816,0.0442839264998027,0.849562671207143,0.0669866250664373,0.958398978172115,0.258016691331375,0.155616226249393,-0.492027640839519,1.52209256071958e-06,0.259593645606185,0.176494946628151
"Tpi1",-0.0887525939682434,0.998454033907698,-0.00696295728117968,0.999215727032816,-0.42056886960427,0.0251601574281387,0.317180961049215,0.199200111983168,0.350326932252566,0.112858636219005,0.043093055798749,0.789924673353588,-0.358369173708584,0.109400137020099
"Tpmt",-0.02367484561779,0.998454033907698,-0.0187672419574381,0.999215727032816,-0.00500961730557437,0.941680893489945,0.0340369391151325,0.756182652981305,0.0705475268042406,0.167786253419386,-0.00786411469782411,0.834726189450592,-0.0888526534736293,0.0886598928520742
"Tpst1",0.0785666833553008,0.998454033907698,-0.0551804379269393,0.999215727032816,0.0549392481672898,0.67173495157905,-0.0208293249255747,0.99429389708379,0.0637531048241832,0.608432782568658,-0.297955953754824,8.61497288298597e-06,0.286878934037122,0.0111087885380464
"Tpt1",0.0114566596621293,0.998454033907698,-0.25708472509905,0.999215727032816,-0.773463119746483,0.0623408897734488,0.447962245471326,0.502664601776773,-0.165568052577918,0.764306632546525,1.36658102494216,3.95334787793554e-07,-0.994141955003527,0.0335944546175137
"Traf3ip3",-0.0705436928319849,0.987915157375208,0.0831553186544824,0.999215727032816,-0.0328407394705468,0.636422002835309,0.0625357577567779,0.43566133336371,-0.0474354541431579,0.474006067532262,-0.0495100333428794,0.24316014326923,0.0954929482840019,0.147158005049921
"Trak1",0.079214492343646,0.998454033907698,-0.128118270314555,0.999215727032816,-0.23554022279751,0.208521663496728,0.329561060977099,0.153153517081593,0.278876453362554,0.168052495305071,-0.215086568148245,0.0944863370597621,-0.233557940132561,0.291125027779396
"Trak2",0.274541725670836,0.998454033907698,-0.00408494615415433,0.999215727032816,-0.381353161168588,0.0784699848042855,0.312716253475415,0.25828906778717,0.253400439945194,0.337804694368432,-0.232504981978832,0.153005621696698,-0.479605574338432,0.0710983235341347
"Tram1",-0.00382241054372068,0.998454033907698,-0.279431190528956,0.999215727032816,-0.266087966855058,0.137230052170578,0.361116166176344,0.11184761996308,0.151531462184098,0.47264354986419,0.18332797669316,0.176764812987055,-0.23310982567578,0.274035112014841
"Trappc4",0.0866884558721974,0.998454033907698,0.00793113965053324,0.999215727032816,-0.191453158192094,0.0503873335654658,0.124482925261017,0.360961643645126,0.0816108956077868,0.495695561127976,0.00911009585013604,0.910922784239719,-0.232692933211409,0.0469956233887699
"Trf",-0.0336177194159553,0.998454033907698,-0.0452614790891132,0.999215727032816,0.0962874484567027,0.117471184031173,-0.0340573798361666,0.8811286722926,-0.0268104766207019,0.735101461389232,-0.0317228822403334,0.53213973178841,0.144858086128657,0.0334932913517674
"Trib1",0.356326242630562,0.704736577890568,0.160603546641669,0.999215727032816,-0.228783130101868,0.393375048569608,0.17292076766218,0.760229559610066,0.260243270971674,0.337240490528095,-0.55452275885073,0.000734265595963101,-0.43371180740479,0.102365340664256
"Trib2",0.0383161016639191,0.998454033907698,0.174733914781044,0.999215727032816,-0.322574120105734,0.138181330565917,0.362686779462972,0.188238629029919,0.228120666980501,0.378993285817898,-0.409623616587846,0.00546334233279617,-0.210053859336438,0.44540289673005
"Trim17",-0.0163364748504963,0.998454033907698,-0.0109938376765459,0.999215727032816,0.0244791819297657,0.387308476769548,0.0102874055954825,0.95747362166575,-0.0048667760590192,0.895766681859744,-0.0189467402445268,0.316029729463843,0.0312878027063788,0.302347371603444
"Trim3",-0.0312922255208925,0.998454033907698,0.0908827454656314,0.999215727032816,-0.0596425592859611,0.805846726662316,0.0417267744919134,0.99429389708379,0.224350115753074,0.247484141435632,-0.492633585155206,5.45017108777462e-06,0.349993667521949,0.0763596172559816
"Trim36",0.361775123911301,0.13362477103085,-0.142934743472949,0.999215727032816,-0.0424760283690443,0.859936664649516,0.0559048454380098,0.978293272874828,0.139788620837598,0.480503267452081,-0.415330010267181,0.000314602042929535,0.000851460132570203,0.996668253231879
"Trim67",-0.065367128455789,0.998454033907698,0.0112987367807785,0.999215727032816,-0.0222630199407801,0.767957034341252,-0.00161319824166151,0.996357979649697,0.0918613349705041,0.139732715785541,0.0417857410499217,0.346037740594227,-0.0937516512540052,0.14049769601977
"Triobp",-0.0103398387132739,0.998454033907698,-0.00932880505201028,0.999215727032816,-0.0139748973001691,0.776965438939522,0.00254693436863473,0.99429389708379,0.0258313747890762,0.561612490746546,0.0172628698522015,0.54298608919575,-0.0189506726280935,0.692893117680814
"Trmt11",-0.0465215547224084,0.998454033907698,0.0313186886160897,0.999215727032816,0.103572385417162,0.387308476769548,-0.0238606842992952,0.99429389708379,0.155408003238612,0.183749792118334,-0.272783622801192,5.6501418773312e-05,0.0674170104656278,0.615889669452072
"Trmt44",-0.0807553737580083,0.998454033907698,0.0371281476454723,0.999215727032816,0.0674651891370892,0.638096249901304,-0.0233195590077996,0.99429389708379,-0.0334744093048511,0.832085469578865,-0.249679424676716,0.00273202437622693,0.498922020894029,3.66033959409259e-07
"Trnt1",-0.0276754323132387,0.998454033907698,-0.0416964836255262,0.999215727032816,-0.0037237520576896,0.983218789810527,0.0634594853367734,0.892934948484761,0.260790351810992,0.0411233053173282,-0.312773546877566,7.95254267732552e-05,0.0787156787600856,0.599698730558803
"Trp53inp1",0.0101995370746856,0.998454033907698,-0.0602383619094263,0.999215727032816,-0.00934492025436995,0.941909666088475,0.0674156295466691,0.731590418708942,0.146001651201554,0.136211349067089,-0.198207220820845,0.000636217803602126,0.0593958374345671,0.591358581046337
"Trpc1",-0.0415164349068809,0.998454033907698,0.0853960073672398,0.999215727032816,-0.120034141589527,0.436810487568503,0.187180383668802,0.263593199469085,0.186166377113468,0.219132493737105,-0.146671565050487,0.138835676203569,-0.30304436767707,0.0532527757205307
"Trpm1",-0.0448158880546092,0.987915157375208,-0.0274986169477222,0.999215727032816,0.0704182569377315,0.0466165741014387,-0.0200203572908106,0.884410621605402,-0.0176025276171067,0.698989759092718,0.0307702342375135,0.291657094311446,0.0287861621982063,0.525589418568349
"Trps1",0.0904830713613194,0.998454033907698,0.0480304276279286,0.999215727032816,0.194093229369506,0.390315061957028,-0.00316490065009245,0.996357979649697,0.0310807616686226,0.920243422405798,-0.623870055573498,9.16144621225544e-08,0.40208503692037,0.0776682902304954
"Tsc22d1",0.119635183426424,0.998454033907698,0.054550299601198,0.999215727032816,-0.262795368132529,0.0634483848264168,0.18466634672677,0.344840592575068,0.236872425277591,0.153169783092188,-0.279846096396794,0.0054193742259802,-0.158128261064453,0.388961824783031
"Tspan17",0.0207667945744464,0.998454033907698,-0.0371920629865675,0.999215727032816,-0.0330559379771492,0.603930624228365,-0.0164274729912758,0.979104539358677,0.00314942131150808,0.972867628150552,0.0234708159989253,0.570833253923047,0.0751746002841509,0.221785955667808
"Tspan3",0.0970354592906553,0.998454033907698,-0.224291638310667,0.999215727032816,-0.47423207686494,0.100182330949364,0.533986058195755,0.153153517081593,0.326971203806755,0.3438704308207,0.213910843827406,0.347861012557656,-0.854532789822407,0.00807932066434787
"Tspan31",0.041603773126363,0.998454033907698,0.0615817169501769,0.999215727032816,-0.254272516649402,0.0295773835135139,0.20305877982475,0.196719997730827,0.0826589746306892,0.583782196119275,-0.050295259141655,0.601071939761473,-0.178081707535989,0.240717882243885
"Tspan5",0.0473396624510323,0.998454033907698,-0.0454375816416988,0.999215727032816,-0.464242721349097,0.027932745661871,0.499705070498937,0.0929333531466635,0.0482833785375063,0.879999294134521,0.238389813188016,0.158607596424325,-0.581312528237633,0.0204784326586501
"Tspan7",0.175150485368473,0.998454033907698,-0.322228556815009,0.999215727032816,-0.832789453458544,0.0439672771550391,0.781303026711361,0.153153517081593,-0.206859982951651,0.702404763308634,0.967522520130771,0.00106968037894207,-0.928521898809562,0.0580054318258765
"Tspan9",0.0971675488828317,0.295640244625461,0.00348693978786385,0.999215727032816,-0.0612538073185639,0.25493351225614,0.00900482735456648,0.99429389708379,0.0161068873415258,0.81072839602417,-0.0316240035362853,0.430684029440678,-0.0767047017827066,0.188619982498787
"Tsr2",0.000235436752701101,0.999350121005674,-0.0633647072975895,0.999215727032816,-0.176551012794343,0.109798743117075,0.132257537926487,0.395174596191463,0.131150506925683,0.312938593619883,0.088290835093149,0.301418194439088,-0.196927770935812,0.138868928743672
"Ttc14",-0.0154874931002533,0.998454033907698,0.130383602602997,0.999215727032816,0.463372397873938,0.28513620338775,-0.185493543405918,0.929800898745576,0.171442211024598,0.735101461389232,-1.28445324418269,7.41358575028037e-08,1.17417666682389,0.00470926838196378
"Ttc21a",0.0336683384104316,0.998454033907698,0.00134637116547498,0.999215727032816,0.0434459565166795,0.621341177732709,-0.0351628783816626,0.915812391983561,0.0333236886429736,0.70969153246926,-0.188323816400317,3.12960625035153e-05,0.180314263398685,0.0257909639484668
"Ttc3",0.0499377127675739,0.998454033907698,0.0110507645047352,0.999215727032816,0.0308397888336014,0.808806349428765,-0.0157687653378064,0.99429389708379,0.148952904718487,0.146217358701392,-0.224695180768487,8.12986785923425e-05,-0.0351145005595865,0.774290334737825
"Ttc39c",-0.179087302915999,0.998454033907698,0.197470989093548,0.999215727032816,0.177088446286061,0.39444480006169,0.01873510366097,0.99429389708379,0.190588101075917,0.375524570790991,-0.520325867710614,5.91117325464416e-06,0.155150180859446,0.496363677093766
"Ttc41",-0.00897906676341864,0.998454033907698,-0.015318117401381,0.999215727032816,0.0323774191163648,0.662623435078092,-0.0135304650286103,0.99429389708379,0.0329965208249943,0.643549696544314,-0.119591406545454,0.00597958108491324,0.157919966654723,0.0129759005584006
"Ttll3",0.0233920358050831,0.998454033907698,0.0731394819282956,0.999215727032816,0.130535435865193,0.413244147346819,-0.0491562952015728,0.974185554464106,0.200721983776862,0.196626960046493,-0.374363002543594,5.4663906966727e-05,-0.0609342505857819,0.736418184338456
"Ttr",-0.127921903481168,0.998454033907698,-0.14193310625984,0.999215727032816,0.219779934333494,0.15920173423485,-0.0980054306922197,0.82580284967908,-0.00322715784267968,0.994004963087202,-0.150380409055713,0.215903049065929,0.568789874430717,0.000117814329704281
"Ttyh1",0.219983830846384,0.998454033907698,-0.181803003697336,0.999215727032816,-0.585048579738585,0.0542516396225854,0.51216269143622,0.199200111983168,-0.0245757196504446,0.969862889431072,0.297192587658906,0.208843808248875,-0.424365390211372,0.274035112014841
"Ttyh2",0.468928843139459,0.378186063752433,-0.366636548451263,0.999215727032816,-0.137812486039385,0.658866120506088,0.144141661004471,0.864108610063104,0.2227839098389,0.451660435088663,-0.558779997167901,0.00078712554458019,0.326866193039189,0.277013510624131
"Tuba1a",0.314949635884543,0.880532310843034,-0.0135390399765321,0.999215727032816,-0.570536523659281,0.0179565820084687,0.308924568023466,0.2922132681038,0.0970979065019562,0.741963850535953,0.0451257290809495,0.80109960216312,-0.377349038902003,0.172812606130683
"Tubb3",0.0467680462815611,0.998454033907698,0.0343945117974462,0.999215727032816,-0.109181877716141,0.0738996901899268,0.0599647793618103,0.583191722524834,-0.0314965829828262,0.685571268379699,0.0830128638752206,0.076155497128741,-0.153846099247076,0.0301245307261887
"Tubb4b",0.0536090574483237,0.998454033907698,0.0890338782940159,0.999215727032816,-0.346521001848483,0.023936677649658,0.133513315981751,0.685072897587795,0.192315917900574,0.293298642711863,-0.0545907858742544,0.670430196735724,-0.155064065665553,0.431495286260999
"Tut4",0.0705498652502423,0.998454033907698,-0.027883480969989,0.999215727032816,0.060906313633736,0.834022728560896,0.020596938068437,0.99429389708379,0.326574068712318,0.148249620829319,-0.693677185579271,9.53260736162588e-10,0.356594672843945,0.128944726391987
"Twsg1",0.0557226975825058,0.998454033907698,-0.0616111235465333,0.999215727032816,-0.0293510945308402,0.879954235991211,0.108689601451179,0.719694103440766,0.19309280128948,0.199967433818318,-0.33923776338778,0.000146269942697004,0.0893652252390034,0.609503913263764
"Txndc15",0.0659364297120769,0.998454033907698,-0.105643982032578,0.999215727032816,-0.1370719160664,0.247796471731939,0.232259368562309,0.0942716399609835,0.0447865541566919,0.75336535586238,-0.00533836804674764,0.950572867660198,-0.177390135247714,0.182498811186094
"Txndc16",0.0463830860233325,0.998454033907698,-0.092925460448666,0.999215727032816,-0.00364523678150852,0.985613050029277,0.0641942053794786,0.928000639930271,0.138206860056404,0.394739351347916,-0.296031640197783,0.000584609036793383,0.230580309331788,0.169861841173276
"Txnrd2",-0.00364913143242762,0.998454033907698,-0.0186065450322375,0.999215727032816,-0.00281568393574616,0.972490512108221,-0.0128519757812601,0.99429389708379,0.0581393854127084,0.32427705765371,-0.103879569396167,0.00460478784176346,0.142769752007704,0.00900204154328988
"Tyro3",0.0758689202804469,0.998454033907698,-0.0683791417751738,0.999215727032816,0.0140372863646432,0.901608836770872,-0.0871406043510219,0.430874168038893,0.10577510566315,0.216155238352508,-0.113069975552021,0.0543510887762754,0.117045739009171,0.188044587714489
"Tyrp1",-0.0316745014547668,0.998454033907698,-0.0174821078818048,0.999215727032816,0.0250692049920901,0.643394668263454,-0.030731162263142,0.775536228964715,-0.0136938126555799,0.814340068823432,-0.0267567572257151,0.452049571425552,0.177988836726553,7.43500717580582e-06
"Tyw1",-0.011822871523654,0.998454033907698,-0.0526313763405475,0.999215727032816,0.0454971899229442,0.62013722740618,0.0574753344581934,0.736900819506818,0.0646186729456853,0.464827087742751,-0.210684262121293,9.79948876474087e-06,0.17906277743202,0.0301245307261887
"Uap1",0.143096942474059,0.998454033907698,0.0941578892463965,0.999215727032816,-0.258243922394729,0.167463834690291,0.239000427688835,0.322000231755907,0.179943914021689,0.410866750336876,-0.21802725601267,0.102918202028285,-0.389196644143065,0.0712987563105074
"Uba1",0.163320388695163,0.998454033907698,-0.0379956844417633,0.999215727032816,-0.5229380762652,0.0225588541225232,0.393124952785326,0.196687190978413,-0.130751759996992,0.654605475534211,0.426590759251529,0.0109168218183424,-0.510465704358273,0.0671317020443663
"Ubap1l",0.466605761273453,0.998454033907698,-0.105984866975065,0.999215727032816,-0.160069477839202,0.767234130626467,-0.0065775776984065,0.996357979649697,0.664048477655243,0.144694021601088,-1.27125853809746,3.28128293636706e-08,0.555518055122329,0.247262498449069
"Ube2a",0.057876984830063,0.998454033907698,0.0245504910939012,0.999215727032816,-0.19458841593996,0.0542516396225854,0.123369906228843,0.396951604563563,0.150752797058117,0.197852789976182,-0.04701479269509,0.562577986026106,-0.23256098370548,0.0586352862973323
"Ube2cbp",0.0173189144561503,0.998454033907698,0.0358778776287332,0.999215727032816,-0.00671437784117121,0.942770843770671,-0.00363384818701612,0.99429389708379,-0.016109593291522,0.856521599051218,-0.113507012559595,0.0140637227991252,0.141725031690943,0.0431224045443732
"Ube2e2",-0.0038183876523991,0.998454033907698,-0.0483688767739033,0.999215727032816,0.0392588401065469,0.571425966396062,0.00450707109316195,0.99429389708379,-0.0016455936413173,0.990044314921592,-0.100275589787427,0.0176109251851428,0.196899896358291,0.000595614283492649
"Ube2e3",0.0979442064936731,0.998454033907698,-0.100560656673752,0.999215727032816,-0.178384823825671,0.188410232935797,0.226819686752409,0.173826409206081,0.0559547890275452,0.741963850535953,0.0331771301946712,0.738642803656592,-0.251612276526519,0.115385032596175
"Ube2q2",0.0451567402290659,0.998454033907698,-0.0222902504504034,0.999215727032816,0.0258229088460371,0.771212098236773,0.0267345740002917,0.958398978172115,0.0584044480252184,0.460522083169407,-0.128554374645588,0.00337715755783812,-0.0281420526885523,0.74900463538299
"Ubl3",0.0629150082354187,0.998454033907698,-0.0809610763156351,0.999215727032816,-0.486509366630047,0.0179565820084687,0.395437272715768,0.144718218553511,0.116730931509647,0.645954416051022,0.289142438248564,0.0639787551209708,-0.525602390358189,0.0263003769128336
"Ubl7",0.191255939101163,0.704736577890568,-0.0562649456824195,0.999215727032816,-0.146808956259443,0.273844405500184,0.113328792995142,0.60536275040511,0.128085158322174,0.381393639921842,-0.114519622672392,0.215903049065929,-0.24670363840432,0.0880134621254488
"Ubqln2",0.11765277018188,0.998454033907698,-0.0362934365170733,0.999215727032816,-0.47854801557458,0.0179565820084687,0.35558548407887,0.178067897665765,0.0832709640778109,0.753777736490725,0.259457759921436,0.0967081936708683,-0.546040263999043,0.0172099842494119
"Ubtd1",0.223257900139333,0.998454033907698,0.123339112927023,0.999215727032816,-0.338940579736642,0.219429461252773,0.322786111732099,0.358424785278676,0.411201892385082,0.156028897056899,-0.637580672559259,0.000249564449495191,-0.315584953583526,0.314359767683562
"Ubxn11",0.0358608656473445,0.998454033907698,0.000199266182222324,0.999215727032816,0.326007059473827,0.316055241475848,-0.0390213935464747,0.99429389708379,0.187248389485409,0.590094336456516,-0.957365942574889,3.66349391505847e-08,0.711566674050415,0.0277794059824697
"Ubxn2a",0.0428463757848737,0.998454033907698,-0.0294602780250657,0.999215727032816,0.0287847337530619,0.916994983850252,0.186566291032358,0.52264125025045,0.224306958666393,0.288553438431046,-0.54588607086747,4.10997554228394e-07,0.101795850777193,0.666732658287049
"Uck1",0.0283626054121892,0.998454033907698,-0.0165664667425044,0.999215727032816,-0.0515850955095878,0.745213879503526,0.059222661571575,0.915360973749954,0.167987639862415,0.206072367945665,-0.236793405331166,0.00419085506170098,0.0574318593210197,0.712455118413499
"Uck2",0.0152414992101306,0.998454033907698,0.0204076064003047,0.999215727032816,-0.00471341501015021,0.953330970258573,0.0109286578964365,0.99429389708379,0.0574566583456109,0.355057663848333,-0.126195311954112,0.000352667495469123,0.0302364819431058,0.653305085155797
"Ufl1",0.131130508238323,0.998454033907698,-0.0771418167095501,0.999215727032816,0.0397977405172606,0.859936664649516,0.0808855291342128,0.907252249693684,0.125472021900482,0.504046052641903,-0.483253942526793,1.92201580507718e-07,0.271819502524694,0.150949971051792
"Ufsp1",-0.0568432090062726,0.998454033907698,-0.0122164834073641,0.999215727032816,-0.0393887249967612,0.660062946133738,-0.0123175829074037,0.99429389708379,0.109646953257932,0.159180039988072,-0.122997334839506,0.0199947618226745,0.23686036954165,0.000901951252584721
"Ufsp2",0.117275538227044,0.998454033907698,0.0458313989093009,0.999215727032816,-0.0798821650716583,0.677666756784268,0.120367996192295,0.743300076686318,0.256144450667919,0.148462460028206,-0.305785315374629,0.00357200745779993,-0.342064852218419,0.0669563040333192
"Ugdh",-0.00961026461185044,0.998454033907698,-0.0678892667176555,0.999215727032816,-0.0791142164001735,0.28739326383376,0.134777929274748,0.11964975873391,0.0444967707161857,0.589159731252495,0.00151583050843906,0.975527691383252,-0.0400928639424986,0.649896208954676
"Uggt2",-0.00415843334486254,0.998454033907698,-0.0587050812944039,0.999215727032816,0.139649482402374,0.0210889425688553,-0.0372841168943017,0.860148304390182,0.0201112023645087,0.812265154724434,-0.112311259677477,0.0126960291693464,0.0921657548894368,0.217596554698529
"Unc119",0.148150808338718,0.998454033907698,0.0345590860979241,0.999215727032816,-1.03769258128396,0.0337498952429873,0.618314118363283,0.390648382040915,-0.0574218971632039,0.950089053381885,1.12847221383141,0.00120079534241733,-1.4458675977154,0.0101165615491282
"Unc5c",0.0935924361319986,0.555962018292062,-0.0257483002721821,0.999215727032816,0.00297250097228019,0.972490512108221,0.000490837442886027,0.996750134958794,0.0466923793259056,0.47264354986419,-0.124209148784193,0.00114998703332634,-0.0117439601880681,0.873400920911089
"Unc5d",0.0238791296661942,0.998454033907698,0.00646708105650673,0.999215727032816,0.0293378210283058,0.567931089764429,0.00129454153279981,0.996357979649697,0.0272735269812564,0.590094336456516,-0.0804754262268562,0.00878377734155993,-0.0266545116083277,0.61589850647479
"Uqcc2",-0.0589038136202014,0.998454033907698,-0.00864626447622913,0.999215727032816,-0.104550648131137,0.109798743117075,0.0907867747448544,0.278132139791633,-0.0176645209613328,0.851518627054034,0.134419052119032,0.00416069352887015,-0.0445133675259183,0.596093755612341
"Uqcc3",0.041727287327323,0.998454033907698,0.0103447212851608,0.999215727032816,-0.344765748687727,0.0376372302413129,0.243704074714907,0.256920786824027,0.273910406848185,0.165590037990416,-0.0822195157575628,0.531178260463049,-0.290424944850398,0.176339651411762
"Uqcrc1",0.0821893870530863,0.998454033907698,-0.0478146814617622,0.999215727032816,-0.497744805511853,0.0435711851384028,0.375225940412625,0.232875681046446,0.362381596302243,0.214089659700484,0.0371550501032853,0.854430320421326,-0.591540528417565,0.0486737648954965
"Uqcrfs1",0.170331204611832,0.998454033907698,0.0497733336732538,0.999215727032816,-0.301393504410068,0.0631840830462736,0.228500990113448,0.285384504613613,0.211839519596022,0.269941079087054,-0.18004161922306,0.147020269855972,-0.383805687505639,0.050036817047275
"Use1",0.025167308145614,0.998454033907698,-0.123557091516637,0.999215727032816,-0.230799337890564,0.113207636468548,0.179864375172401,0.368425318214666,-0.0946632667777467,0.594137357369496,0.351040902446216,0.000326481262977258,-0.151854570276754,0.407150978978969
"Usf2",-0.0350166246292858,0.998454033907698,-0.124191247211978,0.999215727032816,-0.282466745385232,0.150473224979399,0.280927357508415,0.23345543180681,0.0590950260355747,0.824554622233287,0.347128889811553,0.0116356318021614,-0.404533758134697,0.0698540672293559
"Usp11",0.0854881454402325,0.435611714160118,-0.0420919826172665,0.999215727032816,0.00528232198473005,0.941680893489945,-0.0334032207843387,0.775201120000093,0.000335056885884644,0.997790947945376,-0.0657605808962545,0.0657562720439777,0.0791150330732155,0.145639723165539
"Usp2",0.147924364825383,0.998454033907698,0.191703993308917,0.999215727032816,-0.201269255656079,0.29854130146435,0.100571540655862,0.86710803625626,0.201727095326918,0.32427705765371,-0.357508473903454,0.00310515702126316,-0.235238703006991,0.269878442043218
"Usp40",0.0103263550909045,0.998454033907698,0.00187268168659194,0.999215727032816,0.0562111653691739,0.554920987461689,-0.0103844715876038,0.99429389708379,0.0332158255473571,0.741923731003288,-0.213794764522308,3.33744237047412e-05,0.200095218829041,0.0238963785411817
"Utp14b",-0.054381122246804,0.998454033907698,-0.0561888457586144,0.999215727032816,0.0899902569023547,0.594092599992204,0.0907019943129921,0.810949983850539,0.176935426380661,0.249547802692144,-0.414991422250778,1.63136249017583e-06,0.270297232050683,0.0809293292363298
"Utp15",0.0026915070576381,0.998454033907698,-0.0148973540058948,0.999215727032816,0.0469472331672752,0.61786589981178,-0.00431568798233184,0.99429389708379,0.068021836769523,0.450083235124362,-0.212062979242738,1.72744087627861e-05,0.185253150940268,0.0297015268041798
"Utp20",-0.0143780983281654,0.998454033907698,-0.0393806065604376,0.999215727032816,0.0746700944131612,0.283175731377197,-0.0324210156780136,0.907252249693684,0.0603793281111955,0.420280670863262,-0.113210571727285,0.0142795914930738,0.110749557243206,0.129422965030196
"Uty",-0.0187008035025878,0.998454033907698,0.0230690740496461,0.999215727032816,0.0357009758308496,0.779628304645893,0.0320006450355834,0.974185554464106,0.0452215320705773,0.699834865726913,-0.234463694142837,0.000225904832130794,0.188437695914392,0.0809876723717065
"Uvssa",0.00093049684205293,0.998454033907698,-0.0278483309577584,0.999215727032816,0.0985563817521234,0.450390558228988,-0.0185942737516467,0.99429389708379,0.0816141570090466,0.544160984504258,-0.336279903135259,2.50202672092079e-06,0.335005887511532,0.00553661030006519
"Vamp1",0.0260888945287667,0.998454033907698,0.0402869467073693,0.999215727032816,0.0809721453018635,0.247796471731939,-0.0253341923454995,0.96300529916161,0.00241692947591843,0.986643519430546,-0.167551548113268,0.000118032786280329,0.0553994135842288,0.491951477201392
"Vamp3",0.065168543582772,0.998454033907698,0.104103074276075,0.999215727032816,0.0273201820675786,0.849269553072148,-0.0534475718602103,0.89669104281016,0.122236696217052,0.28995734393645,-0.229352948987669,0.000959693001621668,-0.110564213512848,0.362800484232581
"Vasn",0.0897320537001833,0.998454033907698,0.0273983828501141,0.999215727032816,-0.0784662827419775,0.391695533996569,0.0281229311039287,0.974185554464106,0.1032852960333,0.25530963429489,-0.225469636561818,7.57661182624355e-06,0.0600333881471726,0.554756261238829
"Vax2",0.115560412308562,0.998454033907698,0.123114243924765,0.999215727032816,-0.155570612661485,0.402849523550616,0.109245494205452,0.807899866130704,0.297210000394184,0.112858636219005,-0.409762390279697,0.000163478945630622,-0.226521914804355,0.246607782158234
"Vcpkmt",0.00483136138577023,0.998454033907698,0.0555020404224496,0.999215727032816,0.00511177677774394,0.944555886258791,-0.0317693515900103,0.829912389093838,-0.0176922174435113,0.792047472655231,-0.0780224639066599,0.0349139348289255,0.100305217976071,0.0805223248027379
"Vegfa",0.0327797051589672,0.998454033907698,-0.0144564624953684,0.999215727032816,-0.0313938051442085,0.718332990357235,-0.0198155437065128,0.989667758022198,0.0532432884718555,0.504788307446799,-0.133432541161612,0.0055700230175456,0.188622921625295,0.0107717475941246
"Vezt",0.0930320620226287,0.998454033907698,-0.109627519212814,0.999215727032816,0.0142440316369521,0.941680893489945,0.0856672570371309,0.806203288723352,0.112960787808334,0.459298300266237,-0.330469966529617,5.36797300420783e-05,0.206099103630189,0.176733056911586
"Vim",-0.0376069921683218,0.998454033907698,-0.00999547149020619,0.999215727032816,0.00962880989104897,0.853332692731058,-0.0379129608731414,0.501696141088116,0.0339735242388981,0.430192583450449,0.031985892293255,0.251412758527051,0.026509147765521,0.568394743700367
"Vipr2",0.0131481454879815,0.998454033907698,0.051025626579901,0.999215727032816,0.0490434591885857,0.392340741404394,-0.00317267378790193,0.99429389708379,0.000782146037540399,0.994004963087202,-0.12546646487947,0.000151222740531788,0.00766549738593714,0.912244694742971
"Vkorc1l1",0.0526410119598199,0.998454033907698,-0.0400323369874699,0.999215727032816,-0.0172183591590598,0.926365055199826,0.128530479150197,0.495307588075204,0.180150455520667,0.18886145605407,-0.267495010282267,0.00073141141572477,-0.104426690647886,0.511466168717725
"Vopp1",0.36967099871304,0.998454033907698,-0.0746169384011042,0.999215727032816,-0.695719053460836,0.0586203067755569,0.723218684593206,0.146641562654742,-0.140111196231096,0.792047472655231,0.349108804680574,0.214817645691925,-0.984550940506799,0.0284357864865665
"Vps37b",0.273028670876155,0.738971152538551,0.0403284093037368,0.999215727032816,-0.146027935869178,0.514873897894703,0.028245849945959,0.99429389708379,0.30073414689449,0.154946852558326,-0.526601890809904,1.43806613967697e-05,-0.0472968100858004,0.853300636241156
"Vps37c",-0.0636126535287733,0.998454033907698,0.176861915917552,0.999215727032816,0.106159999195546,0.662623435078092,0.0240613306327657,0.99429389708379,0.273052893088477,0.201494695995772,-0.587692172392769,9.66145078313866e-07,0.0518045598234678,0.843596578212637
"Vps53",0.111069277297368,0.998454033907698,-0.104423580865933,0.999215727032816,0.164281222036976,0.48954755934344,0.016190340353071,0.99429389708379,0.00517484438506943,0.992136731394584,-0.560888592497309,1.34774620547594e-05,0.613730687637866,0.0052963917495276
"Vps8",-0.0167706900124784,0.998454033907698,-0.0696735502688461,0.999215727032816,0.132280035153719,0.398229609383157,0.0638033230331383,0.929800898745576,0.0246960837385082,0.906008417402538,-0.313572796702499,0.000421840776174053,0.303731383634997,0.0628664495784131
"Vrk1",0.0139702244387864,0.998454033907698,0.0108579418995717,0.999215727032816,-0.0329758768982825,0.729058261776812,0.0254217203366068,0.974185554464106,0.0196594891847697,0.853060362527913,-0.115838035532536,0.0180664906703816,0.128227786848243,0.157535212152948
"Vtn",-0.385504878265609,0.998454033907698,-0.11359658424955,0.999215727032816,-0.707727807599968,0.10307000057799,0.812332178723342,0.153153517081593,-0.113252686238751,0.859405719963424,1.0506642040472,0.000374800667740187,-0.839564099584415,0.106043466658009
"Wbp1",0.231991030813421,0.984550848878045,-0.049895782123687,0.999215727032816,-0.0265082300731101,0.923572901104006,-0.0343269183757995,0.99429389708379,0.0790935138925413,0.735101461389232,-0.484905650163327,2.01754060507577e-05,0.444479841693814,0.0311951035732808
"Wbp1l",0.00175426578569793,0.998454033907698,-0.0281774523343029,0.999215727032816,0.0199145309833351,0.877544274412365,0.0189369989772699,0.99429389708379,0.066665324270087,0.5371396497393,-0.233866651890595,9.22607000730908e-05,0.259129087002442,0.00860604797503193
"Wdr13",0.0744916622740917,0.998454033907698,-0.0653003937213976,0.999215727032816,-0.0276625787014921,0.779628304645893,0.0255787779287786,0.974185554464106,-0.0151966927076674,0.888393543986324,-0.0739420677407421,0.140549911862568,0.139562972688174,0.128399898109085
"Wdr31",-0.00643887898192963,0.998454033907698,0.297188487593586,0.999215727032816,0.353365206161971,0.346461162928604,-0.0155487808576975,0.99429389708379,0.276910957829886,0.481803136931886,-1.11072968820655,5.33306241722305e-09,0.226809942767108,0.591673164219701
"Wdr37",0.0636992149760132,0.998454033907698,-0.0117877338850008,0.999215727032816,-0.0435709011124708,0.888106124701941,0.0126542739284377,0.99429389708379,0.465271149834486,0.0478142799466464,-0.661051214463767,1.37782921954935e-06,0.229416832847486,0.385355278850368
"Wdr47",0.0999062024367041,0.998454033907698,0.212467001070273,0.999215727032816,-0.0499921365920342,0.879954235991211,0.114503041421526,0.919340320979294,0.156163240808643,0.582976613116151,-0.760147417552486,2.01320839925009e-09,0.296678676747497,0.296615888898348
"Wdr5b",0.0984007331819963,0.998454033907698,-0.0275563838357701,0.999215727032816,-0.0209792827691835,0.867731811351887,0.0225572057826047,0.99429389708379,0.073213438363166,0.488726382801778,-0.258393039918682,3.06286771149688e-06,0.167383161586917,0.1121735325355
"Wdr66",0.1730415028484,0.987915157375208,-0.101627269805619,0.999215727032816,-0.116031500792498,0.465412692997941,0.112250408129463,0.703605575935412,0.121897375289074,0.464827087742751,-0.156484088257139,0.109202683284841,-0.0939424780402962,0.608928477838114
"Wdr78",-0.15608797477483,0.998454033907698,0.0885603728680442,0.999215727032816,0.236921626270435,0.332180721592812,0.0232963416617391,0.99429389708379,0.191464480155089,0.464827087742751,-0.559856602454933,5.67728841235521e-05,0.269440967221844,0.312646155670025
"Wdr83os",0.0919465373284933,0.998454033907698,-0.0895597636842245,0.999215727032816,-0.0207394253219806,0.918907690841098,0.0395342134806183,0.989111337341283,0.251205729583704,0.106631806731068,-0.326168165772975,0.000266671156163723,0.0536585484331642,0.755545169441371
"Wrn",-0.0321808173759136,0.998454033907698,-0.00068242986759004,0.999215727032816,0.0207989697545967,0.636422002835309,-0.000873959323312856,0.996357979649697,0.0424688702617947,0.295087046908578,-0.0411136397122508,0.122315489471814,0.0197666704770859,0.659143715910999
"Wsb1",0.153337839549547,0.998454033907698,-0.0891972078567698,0.999215727032816,0.13183160379482,0.490671265475818,0.0272904982051394,0.99429389708379,0.144872638972853,0.454554245106863,-0.495410054348661,8.30892027562638e-07,0.167963260761368,0.398871036043792
"Wwox",0.0105445304026108,0.998454033907698,-0.0453039355532814,0.999215727032816,0.332576712477523,0.224466350882363,-0.110705481600265,0.946885188414384,0.15994844526042,0.604185626869879,-0.797935378603092,4.92414083623072e-07,0.744384881059939,0.00714789633483744
"Wwtr1",0.050098752208198,0.998454033907698,-0.14398722602105,0.999215727032816,-0.191020471769673,0.111627690972557,0.0788554420696347,0.819623452700831,0.265895835803754,0.0411233053173282,-0.00943956044004252,0.92664758803503,-0.0961989227462328,0.520047441669987
"Xbp1",0.0692035640362914,0.998454033907698,0.122093224668326,0.999215727032816,-0.225436946434173,0.181777060379017,0.150644070199545,0.605361051215357,0.0927308926012937,0.640320626514286,-0.243701413356543,0.0403438198062288,0.0104195845956792,0.966293747084778
"Xkr6",0.0258485627836771,0.998454033907698,-0.0687707631862742,0.999215727032816,0.0978529942491891,0.404336125493169,-0.033721096636699,0.9788631557912,0.0532129243704804,0.671816618495285,-0.262607325892294,0.000139162301393679,0.320142273833565,0.0034184109519398
"Xpa",0.0237305025448531,0.998454033907698,-0.0150095476046773,0.999215727032816,-0.00337685672812404,0.98077032175629,0.0270926357711885,0.982872048454166,0.0837963543817088,0.413566363246331,-0.202465478452509,0.000518550394755525,0.132275626427298,0.200413356887672
"Xpo1",0.074373963214114,0.998454033907698,-0.109698200717011,0.999215727032816,0.156549291482021,0.661174310625095,-0.0748027444387751,0.99429389708379,0.346322856272752,0.287957699121079,-0.846063976665997,1.84326192072126e-06,0.734486521929115,0.0195829952857407
"Xpo6",0.0964623760334602,0.998454033907698,-0.0733623106070378,0.999215727032816,0.224755483582081,0.406718331317383,-0.020114024684744,0.99429389708379,0.163977605636643,0.567162765555182,-0.779432630630973,4.10945184670594e-08,0.62086919530367,0.0181841296911387
"Xrcc2",0.00958553104866133,0.998454033907698,0.0514207366270553,0.999215727032816,0.0522132929441773,0.688842348160642,0.0290389735655879,0.993193144482628,0.0501722285968071,0.699126485611139,-0.309288569975477,2.73025280474546e-06,0.173955048099048,0.153656939022709
"Xrcc4",0.0116807851751541,0.998454033907698,-0.0293761731404881,0.999215727032816,0.0534316860158828,0.526028351505605,0.0440967529033595,0.841262857209791,0.0834856633269048,0.316711651352348,-0.126745143456587,0.00882017739694115,-0.0811594041751227,0.362800484232581
"Xrcc6",0.0793851524455401,0.998454033907698,0.108709333126149,0.999215727032816,0.293615862581706,0.373656968677821,-0.0482822581710081,0.99429389708379,0.224814517328952,0.505545620990035,-0.981949168445023,3.99665950757307e-09,0.466237656802128,0.161249572204542
"Xxylt1",0.045987351738475,0.998454033907698,-0.052253625066296,0.999215727032816,-0.0375416224409189,0.567327022974005,0.058013899901072,0.477169830323488,0.0615601058437613,0.336992710065493,-0.0419994878086807,0.292723240111752,-0.0695374337873187,0.303335171911903
"Ybx1",-0.0206405177450475,0.998454033907698,-0.169282156370054,0.999215727032816,-0.352507498627789,0.10307000057799,0.254826892864773,0.41270111550237,-0.0299538529358028,0.930971215015904,0.618703523341614,1.45256479547708e-05,-0.473063195598678,0.0565204465736504
"Ybx2",0.0628467666882976,0.998454033907698,-0.0176639432057675,0.999215727032816,0.079904383770465,0.418839126099572,-0.10039082548979,0.413820045876456,0.114663683494601,0.239931491208865,-0.164365540965477,0.0106739158462947,0.0213017721880437,0.852201202683624
"Yeats4",0.0955450175615926,0.998454033907698,-0.0346477245137752,0.999215727032816,-0.300039912664663,0.0179565820084687,0.234520188765059,0.153153517081593,0.104200303576637,0.490498682448179,-0.0227572153968792,0.818374377167675,-0.160100121256404,0.310050728569713
"Yes1",0.0115633625373541,0.998454033907698,0.0132759425260338,0.999215727032816,0.00489462252292938,0.969515853723629,0.0184546294704528,0.99429389708379,0.0926439481528551,0.331482852606772,-0.150748531298575,0.00309423839639086,-0.00326026823458037,0.979333369841278
"Yipf2",0.00628859911638007,0.998454033907698,-0.0105471691456361,0.999215727032816,0.0929889666344926,0.360060089060051,-0.0152178800437866,0.99429389708379,0.035001586128123,0.76122692192535,-0.237047911184909,3.96104855581441e-05,0.210689147275525,0.0368492423538641
"Ypel1",-0.0375103262031753,0.998454033907698,0.0321080863688723,0.999215727032816,0.0244701952426036,0.605453110298342,0.0133558115246262,0.974185554464106,0.0351110694300152,0.441300437001203,-0.0884339776474509,0.000850706763425671,0.0294083192764874,0.545679042926628
"Ypel5",0.146422039154134,0.951141854512388,-0.00422877580365927,0.999215727032816,-0.197460109684305,0.0637599690382016,0.164031398359089,0.218136191526227,0.044558426633049,0.754757390868926,-0.0614217911191134,0.466548973508926,-0.197056362031227,0.139102303749061
"Zbtb1",-0.0022543072592669,0.998454033907698,-0.0163747387669338,0.999215727032816,-0.0734941671193692,0.312889193214531,0.0245530690952755,0.967621465666329,0.0652902559949656,0.394739351347916,-0.0276763422995076,0.603220677587072,0.0507111265236213,0.532755577536004
"Zbtb18",0.140780171201821,0.998454033907698,0.007428577242449,0.999215727032816,-0.483300361776369,0.0382913148228727,0.43200989149587,0.162761090649006,0.390802267275042,0.153169783092188,-0.436667645798952,0.0124178366163899,-0.178689925207128,0.565125016720039
"Zbtb25",0.0542265573644718,0.998454033907698,-0.0355539666990077,0.999215727032816,0.0343793990447598,0.808806349428765,-0.00104489384779916,0.996357979649697,0.0654075038647461,0.590094336456516,-0.259403589912885,6.65389716481801e-05,0.227924689851366,0.0494917055679975
"Zbtb26",0.00705655610025957,0.998454033907698,0.00158326760116201,0.999215727032816,-0.0323571917660659,0.813893967799958,0.0402807214042431,0.958398978172115,0.172588588649312,0.117652960128263,-0.173626170656538,0.0146948295098593,-0.0535753827221652,0.663464929291584
"Zbtb44",0.161181186812912,0.998454033907698,0.00880422192518648,0.999215727032816,-0.159516710647983,0.413244147346819,0.219492019794505,0.336674184278744,0.170301393397962,0.405527527031744,-0.496901180916776,1.96276894193507e-06,0.0951732023899148,0.669843339887499
"Zc3h6",0.0406677868189258,0.998454033907698,-0.10479657681144,0.999215727032816,0.152093190277383,0.450324992886591,-0.0239158273032736,0.99429389708379,-0.0014546032134532,0.99749864375581,-0.457741234756222,0.000110886713585205,0.682102425293474,3.86854443016632e-05
"Zcchc18",-0.0375813862913635,0.998454033907698,0.125450859475002,0.999215727032816,-0.00893854559349175,0.949070824021427,0.0154337900056718,0.99429389708379,0.135656822973831,0.18886145605407,-0.249788071852386,2.49922410289843e-05,-0.00199968262826875,0.987891165378166
"Zcchc4",0.0247357305779538,0.998454033907698,0.01333800173043,0.999215727032816,0.0802906402044678,0.352087277194775,-0.0707309512042361,0.601890059181554,0.0809472273375533,0.366075784610317,-0.227290397029961,1.48934771953879e-06,0.151761920187495,0.0827530836506437
"Zcchc7",0.106793123285235,0.998454033907698,0.0453901861727829,0.999215727032816,0.253975692838688,0.380184526443883,-0.0428371521424968,0.99429389708379,0.320391769536733,0.258763629920531,-0.890052826919791,9.70142810136503e-11,0.260670203682767,0.391160200604411
"Zcwpw2",-0.0468088149345851,0.998454033907698,0.0235922856356574,0.999215727032816,0.0557587370108839,0.411316804220558,-0.0139652304746194,0.99429389708379,0.000259528554561017,0.998063703956988,-0.13270372191699,0.00186790092846564,0.198466384624608,0.00106522350313686
"Zdbf2",0.0383316510327695,0.998454033907698,0.0120985795416555,0.999215727032816,-0.0328058196745987,0.533832594201558,0.032330321340211,0.762492159987754,0.0128799016468649,0.832242499632574,-0.038333161654704,0.269228728345943,-0.0557151004235754,0.287877455140563
"Zdhhc5",0.19460499858879,0.998454033907698,-0.0472100009858374,0.999215727032816,-0.654612283657527,0.0336190545131691,0.636619127879068,0.121544333753561,0.193632522105658,0.624638996669868,0.179081886976801,0.478454094335522,-0.938748407384498,0.00900520795677726
"Zdhhc7",0.0653515752165816,0.998454033907698,0.125868736256416,0.999215727032816,-0.0246968401001864,0.902166181877767,0.0246008896651708,0.99429389708379,0.182609833801211,0.242786423125671,-0.429405659036226,7.40128022365032e-08,0.0308045525917686,0.871535669004322
"Zfand5",0.207657262852071,0.998454033907698,0.294482199413135,0.999215727032816,-0.34720743889161,0.132813166765514,0.107422253840598,0.929800898745576,0.338833933468021,0.18886145605407,-0.542298371725192,0.000439975805416054,-0.233110973545769,0.415066131148003
"Zfat",0.0162230128487125,0.998454033907698,0.0183585994525485,0.999215727032816,0.00714797164130768,0.954446683076476,-0.00103587397809429,0.996357979649697,0.011329114459361,0.930971215015904,-0.175460124795989,0.00355248515921576,0.203437258979647,0.0271078026583704
"Zfc3h1",0.0223655168382848,0.998454033907698,0.0439008702426147,0.999215727032816,0.371660040673355,0.102169577027683,-0.10712544448475,0.929800898745576,0.169212732525511,0.539570682691804,-0.738341706024032,8.14831798892385e-08,0.351890598507247,0.19757257360992
"Zfp119a",0.135526982120769,0.733671679326959,-0.0340045086075573,0.999215727032816,0.045544124261558,0.700875568837509,-0.0491946648161532,0.903282388901035,0.00632864027397706,0.972477308826986,-0.235465098720813,0.000193516811769241,0.203374173742635,0.0558158483780632
"Zfp169",0.0272307185207631,0.998454033907698,-0.0355907887452951,0.999215727032816,0.0425443977097119,0.747730282862374,-0.031774286587792,0.9788631557912,0.204747726284568,0.0592587646872883,-0.279213584957428,1.5323370150541e-05,0.0974376923824045,0.416116371481292
"Zfp229",0.034672623012658,0.998454033907698,-0.013144346847382,0.999215727032816,0.00173594174010697,0.982392651726642,0.0296885170702928,0.874007161394681,0.00687407743737653,0.934537927388758,-0.12115722843389,0.00090529366192198,0.0960812363103484,0.112331238189897
"Zfp280d",0.16061765576823,0.998454033907698,-0.00453583338060815,0.999215727032816,0.236787275241892,0.467641201670496,-0.0317113969621376,0.99429389708379,0.382790394237919,0.220892952567403,-0.977421925851756,3.72457234269599e-10,0.297354564275025,0.377855969007312
"Zfp36",-0.0448209289598888,0.998454033907698,-0.00946731768565404,0.999215727032816,-0.00658641314827133,0.94324274691299,-0.0245838381934296,0.96300529916161,0.104869653114669,0.136211349067089,-0.028607242982279,0.587054535502301,0.017182678493229,0.836122155694396
"Zfp36l2",0.192442628024917,0.998454033907698,0.154671473715124,0.999215727032816,-0.203193605177321,0.449889116006639,0.0260649342960715,0.99429389708379,0.452622455994503,0.0861462831925315,-0.589303880674956,0.00017336458775511,-0.176764688190354,0.545679042926628
"Zfp385a",-0.0187365346425281,0.998454033907698,-0.319659061027616,0.999215727032816,-0.895847801157699,0.0730085255152928,0.779259870819795,0.213138074163052,-0.130786695601993,0.859405719963424,1.36650129020288,5.84187023410562e-05,-1.26660926858039,0.0282783790258345
"Zfp385b",0.077986614559804,0.998454033907698,-0.0381969131155917,0.999215727032816,0.10515232000963,0.54650715031021,0.0791311451402357,0.888246850361541,0.0507238425175882,0.804257613153481,-0.217257913134746,0.0224630070114327,-0.134940271952097,0.494784265454563
"Zfp40",0.0541005356745035,0.998454033907698,-0.0466323588901412,0.999215727032816,0.0279095610720108,0.793377251382044,0.016405800513932,0.99429389708379,0.0716585593252026,0.429718199357867,-0.165116906810888,0.002271010263251,0.0549375050233392,0.568554675396605
"Zfp445",0.133276172522625,0.998454033907698,-0.122376136512459,0.999215727032816,0.268887999081909,0.512856719107202,-0.126595886511613,0.972878219984818,0.458042119160329,0.241515781807631,-1.13882957255623,1.81558622221636e-08,0.83233204053579,0.031559360872079
"Zfp458",0.0237944410814434,0.998454033907698,-0.0308950165705956,0.999215727032816,0.0319442824583533,0.401566437739107,-0.00235201771873245,0.99429389708379,-0.0109959681130459,0.81072839602417,-0.0295713242310699,0.23944722054726,0.0308127613098132,0.468142408105457
"Zfp507",0.0131863346916696,0.998454033907698,0.0123488441076183,0.999215727032816,0.0357485725689288,0.846744863199127,0.0378537435275303,0.989667758022198,0.123974149349392,0.418249415505869,-0.391081580667644,3.77880822708115e-07,0.259741237679353,0.0833717441789685
"Zfp512b",0.110445170726581,0.998454033907698,-0.068410184407695,0.999215727032816,0.0746633864486368,0.663218894592562,-0.0164141647845889,0.99429389708379,0.118266225952649,0.466341801264292,-0.394440667581753,7.96332080036563e-06,0.271271638050101,0.082509468066218
"Zfp516",0.0786318697283399,0.998454033907698,-0.129544648726802,0.999215727032816,0.136879560845325,0.831515033572628,-0.0566931766974964,0.99429389708379,0.686802128984944,0.16808589331944,-1.45620139952692,6.16010241379864e-08,1.18598192501098,0.0156686252222422
"Zfp532",0.115451336822312,0.998454033907698,0.0464794126990498,0.999215727032816,0.0222280981534873,0.911225277508312,-0.027144063441825,0.99429389708379,0.0951566246916244,0.563513509891774,-0.35824082695615,1.06813311072133e-05,0.135864857717745,0.432976909003725
"Zfp536",0.218666672699629,0.998454033907698,-0.00779951286296171,0.999215727032816,0.300714607786048,0.317072612895129,-0.0505591268425893,0.99429389708379,0.0255239782651975,0.956799053596632,-0.87382181768462,4.79747813643511e-08,0.594516325307479,0.0519067337886686
"Zfp560",-0.00571563559588562,0.998454033907698,-0.00842053885791305,0.999215727032816,0.021711827220759,0.86126569235887,0.00775870108787613,0.99429389708379,0.154397213918958,0.117204021196557,-0.149180758423906,0.0255586763586913,-0.0561962492314354,0.604656791364383
"Zfp60",0.0245987216537268,0.998454033907698,0.041698485216214,0.999215727032816,-0.0976464730454345,0.411316804220558,0.0668845151897803,0.825803075299397,0.0917324430790176,0.466341801264292,-0.256170271364091,0.000119244918850742,0.197377900897144,0.116028590340047
"Zfp606",0.0107291230142988,0.998454033907698,-0.000834059538609544,0.999215727032816,0.0676585829841408,0.67173495157905,0.00874263929050778,0.99429389708379,0.0838648220419843,0.590094336456516,-0.393017139263583,5.62706280915321e-07,0.363392740764371,0.0105954864888185
"Zfp641",0.034873509899684,0.998454033907698,-0.0204571177686099,0.999215727032816,0.0226280418464868,0.860686566606906,-0.0364089538323411,0.958398978172115,0.120641194364456,0.238604570371515,-0.204102896231979,0.00112737194144437,0.124981279002984,0.245413253914388
"Zfp652",0.092028220723276,0.998454033907698,-0.0609188784868555,0.999215727032816,-0.155048990485572,0.188410232935797,0.142842867043089,0.348927948636541,0.173028434481672,0.179959739896232,-0.177439144581036,0.0223817091192017,-0.0587481201792311,0.703193555558735
"Zfp653",0.0968562090746824,0.998454033907698,-0.00428598698116702,0.999215727032816,0.090830974424105,0.571425966396062,-0.0429819912739011,0.9788631557912,0.143902856429587,0.352722778803811,-0.402158516899192,9.6047108790556e-07,0.159404614382055,0.309631526619556
"Zfp658",0.0515649726287346,0.998454033907698,0.0368499392329481,0.999215727032816,0.0268470651824773,0.779628304645893,0.0299541609662093,0.952919278499648,0.071448735245014,0.39160287768077,-0.169240097881774,0.000592590698138112,-0.116418730855469,0.15541559750112
"Zfp687",0.180612050204046,0.998454033907698,0.113613626289379,0.999215727032816,0.165851665631026,0.472961662853273,-0.151583111028732,0.743521923144373,0.125105121402727,0.599258601908452,-0.643362410952726,3.4176006797083e-08,0.283470798572242,0.22577399079019
"Zfp715",0.0887570054260811,0.998454033907698,-0.0577900878766253,0.999215727032816,-0.0115693947126805,0.95238117105481,0.0246236038145158,0.99429389708379,0.185542460559733,0.184793644383073,-0.360553924429153,3.57520873806864e-06,0.19083059402351,0.202608264294863
"Zfp74",0.0449980696330643,0.998454033907698,-0.0181274441151208,0.999215727032816,-0.0761596046707087,0.307553064797606,0.0504696291032556,0.75392606338173,0.0596027475627235,0.45472768305715,-0.102628234585148,0.041415043816476,0.0589560605072417,0.474866269602888
"Zfp799",0.0731183154601244,0.998454033907698,0.0181811575431381,0.999215727032816,-0.0297542852145178,0.8534409405781,0.0452490459933821,0.958398978172115,0.159739228903001,0.201236701632628,-0.359324150970376,2.78320802343404e-08,0.115935657038829,0.405336172808305
"Zfp821",0.0553411096131209,0.998454033907698,0.0479914931182147,0.999215727032816,-0.131748330991456,0.387308476769548,0.00578787662477276,0.99429389708379,0.270239756231138,0.0658718108781426,-0.226154096294784,0.0225768837934354,-0.0838181727930627,0.613389099685129
"Zfp866",-0.03751231975042,0.998454033907698,0.12468691269056,0.999215727032816,0.0631630712645879,0.864300910528001,0.104253705425267,0.961930554916282,0.367190949823164,0.209158506888072,-0.883009980515996,9.26745343163185e-09,0.366230714869182,0.237308961906123
"Zfp873",0.000181056266330248,0.999350121005674,0.0120591232098424,0.999215727032816,0.0613772744278052,0.606942655428556,-0.0215721276079561,0.99429389708379,0.143848597979588,0.181014130591593,-0.301120338534161,4.86497256165184e-07,0.156354099607771,0.166871257117389
"Zfp90",0.0362391119003616,0.998454033907698,-0.0581395448004791,0.999215727032816,0.0401548912606495,0.700528836532125,0.0481836141921133,0.864108610063104,0.0881258146306214,0.367805894160864,-0.214987290019928,4.2939541864804e-05,0.0865347293844376,0.403888302100883
"Zfp933",0.0110980969320156,0.998454033907698,0.00395123983184664,0.999215727032816,0.0647925398938125,0.663218894592562,-0.014881061787317,0.99429389708379,0.052485484201251,0.735101461389232,-0.310226467135718,6.40133589684434e-05,0.317725795041577,0.0184035247399633
"Zfp963",-0.0163181054949186,0.998454033907698,0.0104664338600962,0.999215727032816,0.0528977487754321,0.489462821841382,-0.0140160901711971,0.99429389708379,0.103236344498671,0.153235360805055,-0.188922548709648,6.4534637545275e-06,0.0751146158927126,0.330413092310318
"Zfp964",0.0735901569616755,0.998454033907698,0.0148270272766532,0.999215727032816,-0.0191538586879823,0.855689287436835,-0.0105427800590606,0.99429389708379,0.125722030940234,0.126478851762202,-0.204760735483522,2.87987351492096e-05,0.00161051265261902,0.987568770773312
"Zfyve16",0.139292127864478,0.998454033907698,0.0594416020729654,0.999215727032816,0.0550894452899913,0.808806349428765,-0.029597594513601,0.99429389708379,0.111490204556574,0.567162765555182,-0.541960587774957,3.09179640924636e-09,0.295643594130323,0.115626884299125
"Zfyve21",0.0222669911608689,0.998454033907698,0.0214279974108136,0.999215727032816,0.0485501921901999,0.477398687064956,-0.0207008700667388,0.974185554464106,0.0458251984205429,0.505524656057495,-0.117004859733848,0.00519391533682693,-0.0182709780611656,0.814522937379188
"Zfyve28",-0.160467002706234,0.998454033907698,-0.0826428426273854,0.999215727032816,-0.0271780907170117,0.954446683076476,-0.066051628334953,0.99429389708379,0.397422415394455,0.259030267345592,-0.739996201036991,0.000891361764904112,1.18012928088985,9.5987367750686e-05
"Zgrf1",0.00130964608389167,0.998454033907698,-0.014949011944958,0.999215727032816,0.0392397445416557,0.731292148548659,-0.0105304663429281,0.99429389708379,0.0432278634112865,0.685571268379699,-0.229796440206287,0.000112438814657733,0.290175460435446,0.00104520104092997
"Zkscan14",0.0874228645796368,0.704736577890568,0.0287456624913784,0.999215727032816,-0.0544911599884084,0.416216336950329,-0.00651899355008645,0.99429389708379,-0.034071876066214,0.628727311705398,-0.0660740370795926,0.148477015937546,0.0626127444642357,0.375203434397625
"Zkscan2",0.0862030719274413,0.998454033907698,0.0800949275451667,0.999215727032816,0.163336892426655,0.505762814747196,-0.1173062186623,0.873920236356898,0.192717037572876,0.429776406976652,-0.704558325102298,2.40507062076136e-09,0.453336018722717,0.0522237199391544
"Zmpste24",-0.0272203664223972,0.998454033907698,-0.0343226343147959,0.999215727032816,0.0418868092436935,0.683845221280316,0.0505613607193689,0.850228070338868,0.0699866747349982,0.47832026003802,-0.229621373035957,1.87075487442279e-05,0.215776088229242,0.0193373923727721
"Zmynd11",0.171410717947916,0.998454033907698,-0.115608852207441,0.999215727032816,0.273039618269464,0.436810487568503,0.0195342678160088,0.99429389708379,0.287590533694971,0.429776406976652,-0.998199880384647,1.153645570154e-08,0.542822814955054,0.131051728867349
"Znhit6",0.0431698978773532,0.998454033907698,-0.0636323319088679,0.999215727032816,0.125819690205766,0.449385139114297,-0.0343005075958735,0.99429389708379,0.144529074325525,0.392945606552798,-0.398492772052937,2.51054749900309e-05,0.291256933782626,0.0741166677821259
"Zrsr1",0.00936148709707996,0.998454033907698,0.050984916212364,0.999215727032816,-0.118784219400216,0.393375048569608,0.0813341135468266,0.807899866130704,0.276215837053698,0.0411233053173282,-0.225551000440148,0.00868076551378932,-0.174755087123745,0.23359809692129
"Zscan26",0.193441623024521,0.998454033907698,0.34807681224246,0.999215727032816,-0.159297571887415,0.65093587885753,0.0761468198908508,0.9935127750171,0.339571573779953,0.295478287501081,-0.902665947723213,2.01422830224819e-08,0.0273225996929432,0.947677179052123
"Zup1",0.0760147745686921,0.998454033907698,-0.0581848719032929,0.999215727032816,0.0926016355166953,0.590762432363725,-0.0857728929454682,0.848097732104563,0.130058206934481,0.429718199357867,-0.364965212499782,0.000110886713585205,0.340986108133632,0.0282873160775093
"Zzz3",0.166288524643488,0.998454033907698,-0.0161185362047248,0.999215727032816,0.0172526272173098,0.946456096931731,0.00597013259343893,0.996357979649697,0.202378577057433,0.318057935915433,-0.561598789659178,1.42406209024721e-08,0.256777779155951,0.220623175913997
