,p_val,avg_log2FC,pct.1,pct.2,p_val_adj,gene,pct.1_pct.2
1,8.9972417121e-28,3.48693041776063,0.903,0.166,1.01209972019413e-23,Zfp516,0.737
2,7.50454552721331e-31,3.73093035225971,0.839,0.105,8.44186326356225e-27,Camk2d,0.734
3,8.70392178874485e-29,3.96153477271552,0.806,0.113,9.79104162015909e-25,Cadm1,0.693
4,9.67444780522998e-27,3.32333766514203,0.806,0.115,1.08827863361032e-22,Vps37a,0.691
5,4.80107789549987e-22,3.02215242154848,0.935,0.264,5.40073252464781e-18,Clasp1,0.671
6,5.86495619190414e-31,4.06060069154121,0.742,0.078,6.59748922027297e-27,Kif1b,0.664
7,7.82616138966767e-18,2.6007273639529,0.935,0.273,8.80364894723717e-14,Tnrc6b,0.662
8,3.57852569513502e-24,3.61812198108206,0.774,0.121,4.02548355445738e-20,Stxbp1,0.653
9,1.94234890958006e-23,3.37922742333832,0.774,0.125,2.18494828838661e-19,Gpsm1,0.649
10,3.05219565773437e-20,3.27421989857734,0.806,0.166,3.43341489538539e-16,Impdh1,0.64
11,3.73218055127275e-30,4.10294759671673,0.71,0.074,4.19832990212671e-26,Grina,0.636
12,5.77618548613613e-16,2.72685329452566,0.903,0.275,6.49763105335453e-12,Kdm3b,0.628
13,6.98093421045018e-16,2.35278144303452,0.871,0.244,7.85285289333541e-12,R3hdm4,0.627
14,9.95858849600814e-19,2.45683925833447,0.968,0.342,1.12024161991596e-14,Ahcyl1,0.626
15,4.45991806468547e-19,2.93537969991947,0.806,0.184,5.01696183096468e-15,Ap2a2,0.622
16,2.49271905172037e-17,2.53846208601444,0.839,0.219,2.80405966128025e-13,Rab28,0.62
17,1.61061649678615e-18,2.89896230128385,0.903,0.297,1.81178249723474e-14,Tnpo1,0.606
18,4.45519979177568e-19,3.17133457169698,0.774,0.168,5.01165424576846e-15,Fam53b,0.606
19,5.57265101027223e-18,2.83041465601444,0.774,0.174,6.26867512145523e-14,Clcn3,0.6
20,3.08368040128902e-18,2.58973892207423,0.968,0.369,3.46883208341002e-14,Dctn1,0.599
21,4.41793548409949e-21,3.29998717786465,0.71,0.115,4.96973562606351e-17,Usp33,0.595
22,9.47036066797624e-18,3.07751254934046,0.774,0.18,1.06532087154065e-13,Acadvl,0.594
23,7.85675446342699e-16,2.23119295155272,0.903,0.309,8.83806309590902e-12,Frmd4b,0.594
24,4.73878000726108e-17,2.79888894914261,0.774,0.186,5.33065363016799e-13,Ppm1b,0.588
25,1.68402561031252e-18,2.63571540630601,0.968,0.383,1.89436040904056e-14,Ppp2r5c,0.585
26,4.7019119696281e-13,1.9715491349197,0.903,0.318,5.28918077463465e-09,Ccdc85c,0.585
27,7.31303324090682e-15,2.45242894907577,0.806,0.223,8.22643109269608e-11,Otud7b,0.583
28,2.60461068084287e-15,2.3744264370745,0.903,0.32,2.92992655488015e-11,Mllt6,0.583
29,1.16785246760078e-20,2.99633501334883,0.677,0.096,1.31371724080411e-16,Dmd,0.581
30,1.67820158920087e-26,3.54984619495071,0.645,0.064,1.88780896769206e-22,Map7,0.581
31,5.90491686806472e-19,3.18330721336306,0.71,0.131,6.642440984886e-15,Cirbp,0.579
32,1.15340580563542e-26,4.25225456708055,0.645,0.07,1.29746619075929e-22,Icmt,0.575
33,1.32042312248182e-14,2.44655696288572,0.806,0.236,1.4853439704798e-10,Med13l,0.57
34,5.64624392748432e-24,3.61140086546735,0.645,0.076,6.35145979402711e-20,Wwox,0.569
35,1.96492680515597e-14,2.38731215347,0.774,0.205,2.21034616311995e-10,Cul5,0.569
36,4.27995642958417e-14,2.22205432930485,0.774,0.205,4.81452298763923e-10,Slc25a25,0.569
37,1.23800700856337e-22,3.88307418957502,0.645,0.086,1.39263408393293e-18,Trafd1,0.559
38,9.09664096784295e-28,4.07046574384739,0.613,0.055,1.02328114247265e-23,AW549877,0.558
39,1.68218358882865e-15,2.20500228446238,1,0.443,1.89228831907334e-11,Mef2d,0.557
40,7.19167789503998e-16,2.29990497067691,0.968,0.412,8.08991846413048e-12,Ybx3,0.556
41,7.38520469766031e-13,2.09089157914166,0.839,0.285,8.30761676439808e-09,Cdc37l1,0.554
42,6.12044193714266e-26,3.74812314097244,0.613,0.061,6.88488513509178e-22,Tbc1d8,0.552
43,7.03047686845526e-16,2.68941218515754,0.806,0.256,7.90858342932532e-12,Aff1,0.55
44,3.49877859250845e-35,5.35839391992115,0.581,0.033,3.93577603871276e-31,Ric8b,0.548
45,4.64694875725737e-15,2.32716275366,0.903,0.357,5.22735265703881e-11,Fam3c,0.546
46,2.71034758565994e-12,2.15901430006112,0.839,0.293,3.04886999910886e-08,Pfkp,0.546
47,1.62804569633293e-14,2.80811213189379,0.774,0.229,1.83138860380492e-10,Aldoa,0.545
48,1.14054376763922e-12,2.18933100099083,0.839,0.295,1.28299768421735e-08,Adam9,0.544
49,1.98307189305456e-23,3.82341126827668,0.613,0.07,2.23075757249707e-19,Mtfr1,0.543
50,2.08677959457835e-23,3.8199222821968,0.613,0.07,2.34741836594118e-19,Stard7,0.543
51,1.83558002395959e-22,3.49058853228602,0.613,0.072,2.06484396895215e-18,Dgke,0.541
52,1.29689273078547e-16,3.02155614336645,0.677,0.137,1.45887463286057e-12,Eml3,0.54
53,7.4113662388904e-12,2.03320365283349,0.806,0.268,8.33704588212781e-08,Hmgcr,0.538
54,3.76866695803643e-14,2.56499842018326,0.742,0.205,4.23937346109517e-10,Dgkd,0.537
55,7.34211524662893e-12,1.97732395173036,0.742,0.205,8.25914544093289e-08,Capn7,0.537
56,4.56347200225317e-11,1.8517930696465,0.839,0.303,5.1334496553346e-07,Igf1r,0.536
57,2.42044880493412e-16,3.09720284211977,0.677,0.143,2.72276286067039e-12,Anp32e,0.534
58,1.5982373854345e-28,4.55395059328345,0.581,0.047,1.79785723487527e-24,Bin1,0.534
59,1.32584556785295e-15,2.71822903158462,0.677,0.145,1.49144367927778e-11,Chd7,0.532
60,8.89133885505883e-14,1.94833788017751,0.968,0.438,1.00018670780557e-09,Ptp4a3,0.53
61,9.79286044459245e-14,2.08902421821225,0.935,0.406,1.1015988714122e-09,Msi2,0.529
62,7.08595725365163e-11,2.00747557095403,0.839,0.314,7.97099331463272e-07,D5Ertd579e,0.525
63,1.76762193440014e-15,2.59329148491562,0.645,0.121,1.98839791400671e-11,Sfi1,0.524
64,1.3450471026439e-18,2.95834084836279,0.613,0.09,1.51304348576413e-14,Fance,0.523
65,8.59683182832918e-12,2.27890081129281,0.774,0.254,9.67057612368749e-08,Hif1a,0.52
66,4.28589443313125e-13,2.89502373743752,0.742,0.223,4.82120264782935e-09,Laptm4b,0.519
67,7.33357969622294e-23,3.96173942482465,0.581,0.062,8.24954380028119e-19,Rabgef1,0.519
68,2.19547514552642e-09,1.46425585330473,0.903,0.385,2.46968999120267e-05,Slc38a3,0.518
69,7.4125874224216e-16,2.84550503912729,0.645,0.129,8.33841959148205e-12,Desi1,0.516
70,2.46790686013913e-13,2.22671947497341,0.871,0.355,2.7761484269705e-09,Hk1,0.516
71,5.48648043989252e-10,1.77937070731747,0.806,0.291,6.17174184683509e-06,Luc7l3,0.515
72,1.41869804281028e-14,2.76159526067492,0.677,0.164,1.59589342835729e-10,Kirrel,0.513
73,5.88208588189974e-12,2.24277902105425,0.871,0.359,6.61675840854902e-08,Ldha,0.512
74,2.31546848942692e-11,1.89634279073053,0.871,0.359,2.60467050375634e-07,Slc31a2,0.512
75,1.11028104207086e-09,1.29998717786465,0.806,0.295,1.24895514422551e-05,Atp13a3,0.511
76,2.73067758877001e-15,2.55395059328345,0.613,0.107,3.07173921960739e-11,Ocrl,0.506
77,3.71782726401601e-10,1.6962192518229,0.71,0.205,4.18218388929161e-06,Homer1,0.505
78,2.16304217727433e-10,1.83895211917245,0.839,0.334,2.4332061452159e-06,Wapl,0.505
79,2.13169382104099e-14,2.18161754495884,0.935,0.432,2.39794237928901e-10,Ctbp2,0.503
80,2.37272409955252e-11,1.88060109841322,0.839,0.336,2.66907733958663e-07,Ric1,0.503
81,2.04405069469018e-14,2.71774949192892,0.645,0.143,2.29935262645699e-10,Fyco1,0.502
82,5.35468004769132e-14,2.73594842702634,0.645,0.145,6.02347958564797e-10,Flcn,0.5
83,8.62071090545949e-11,1.94975700214209,0.677,0.178,9.69743769755138e-07,Ndrg1,0.499
84,2.38347560041016e-10,1.95116681547505,0.742,0.246,2.68117170290139e-06,Atp6v1b2,0.496
85,3.56265291831778e-13,2.83864578197184,0.677,0.182,4.00762826781567e-09,Glo1,0.495
86,1.97799618135964e-17,3.17790722562047,0.581,0.086,2.22504790441146e-13,Kdm4c,0.495
87,6.93022549427425e-14,2.71718094215175,0.645,0.15,7.7958106585091e-10,Cspp1,0.495
88,1.02050195547779e-09,1.61659885840769,0.839,0.346,1.14796264971696e-05,Trak1,0.493
89,3.61613905637504e-09,1.49906051112246,0.839,0.348,4.06779482451628e-05,Casc3,0.491
90,2.73072326659607e-09,1.61556378369061,0.839,0.35,3.07179060259392e-05,Arfgef1,0.489
91,2.754088167927e-12,2.43757140956912,0.645,0.158,3.09807378010108e-08,Trappc9,0.487
92,1.81889161236796e-10,2.19780678305817,0.71,0.223,2.04607117475272e-06,Araf,0.487
93,4.95205341899585e-21,3.83280996627893,0.548,0.062,5.57056489102843e-17,Gucd1,0.486
94,2.8945367743607e-10,1.92027280752927,0.774,0.289,3.25606441747835e-06,Pdzd2,0.485
95,7.38762390694332e-11,2.27180736450195,0.71,0.225,8.31033813292055e-07,Srpk2,0.485
96,2.07528453048546e-11,2.35312737159172,0.677,0.193,2.3344875683431e-07,Tmem135,0.484
97,4.86343223294886e-09,1.72989938235353,0.774,0.291,5.47087491884417e-05,Zfp292,0.483
98,2.83176643586332e-12,2.32201348419465,0.645,0.162,3.18545406370264e-08,Gripap1,0.483
99,4.12787346518052e-12,2.41961852616546,0.645,0.162,4.64344486098157e-08,Fbxl5,0.483
100,1.31038554215831e-13,2.70557477798282,0.613,0.131,1.47405269637388e-09,Zranb1,0.482
101,6.13876386587850e-11,2.0805691077738,0.774,0.293,6.90549547272673e-07,Tusc3,0.481
102,2.96154317937211e-12,2.13153356363901,0.613,0.133,3.33143992247569e-08,Slc16a6,0.48
103,1.53557592707953e-11,2.50814690367033,0.677,0.199,1.72736936037176e-07,Memo1,0.478
104,1.0015989283505e-08,1.7364756315054,0.774,0.297,0.000112669863450147,Clasp2,0.477
105,4.08780946193386e-10,1.8721556021281,0.677,0.201,4.5983768637294e-06,Dnmt3a,0.476
106,1.76233557944281e-10,2.12297155013558,0.645,0.17,1.98245129331522e-06,Tnfsf12,0.475
107,2.59534802331737e-09,1.60928646292383,0.871,0.396,2.91950699142971e-05,Ubtd1,0.475
108,4.61127143318533e-08,1.39911219914026,0.806,0.332,0.000518721923519017,Cdk19,0.474
109,1.4277440225098e-14,2.96173942482465,0.581,0.107,1.60606925092127e-10,Ccndbp1,0.474
110,1.26192665632997e-08,1.35378166495924,0.968,0.494,0.000141954129570558,Fryl,0.474
111,1.30371156901407e-08,1.65676139886723,0.774,0.301,0.000146654514398393,Ipo8,0.473
112,1.81674382345076e-09,1.75570104058116,0.774,0.303,2.04365512699975e-05,Unc13b,0.471
113,1.95088903576404e-10,1.69683634197341,0.871,0.4,2.19455507633097e-06,Med13,0.471
114,1.71117507222449e-09,1.6452657600294,0.806,0.336,1.92490083874533e-05,Dicer1,0.47
115,1.39477583967542e-13,2.58283171327058,0.581,0.111,1.56898334205088e-09,Polg2,0.47
116,3.35810712999333e-11,1.74501436178391,0.903,0.436,3.77753471052949e-07,Tax1bp1,0.467
117,2.66838915651784e-12,2.48637628099911,0.613,0.146,3.00167096216692e-08,Lmbr1l,0.467
118,1.36390974636108e-10,2.20528190362032,0.677,0.211,1.53426207368158e-06,Map2k7,0.466
119,4.07289228311341e-13,2.56663585291456,0.581,0.115,4.58159652927427e-09,Macrod2,0.466
120,2.64734036529687e-10,2.11506635205024,0.677,0.213,2.97799317692245e-06,Zfp866,0.464
121,6.80101769646464e-10,2.09584437211272,0.677,0.213,7.65046480675307e-06,Pan2,0.464
122,1.71323271049812e-21,4.21572869105544,0.516,0.053,1.92721547603934e-17,Tdrd7,0.463
123,8.71577774231558e-11,2.52127704275394,0.677,0.215,9.8043783823308e-07,Kdm5b,0.462
124,1.4616444173088e-12,2.33176123972704,0.871,0.41,1.64420380503067e-08,Pkm,0.461
125,4.86101518482738e-10,2.03608853477991,0.645,0.184,5.46815598141232e-06,Pex2,0.461
126,1.60050709655508e-10,2.03491537347039,0.613,0.154,1.80041043291481e-06,Dnm3,0.459
127,1.0107338464193e-18,3.19780678305817,0.516,0.059,1.13697450383708e-14,Plagl2,0.457
128,2.15351417033109e-14,2.60523109822714,0.548,0.092,2.42248809020545e-10,Gigyf2,0.456
129,1.98609569138906e-08,1.45398751785091,0.839,0.383,0.000223415904324355,Lpcat1,0.456
130,4.75745831864563e-09,1.6784326239646,0.645,0.191,5.35166486264447e-05,Dennd1a,0.454
131,3.34253365192703e-08,1.5763184063119,0.742,0.289,0.000376001610505272,Trib1,0.453
132,5.89622803953447e-09,1.82592686619546,0.677,0.225,6.63266692167232e-05,Nbea,0.452
133,1.14750577321891e-09,1.52041592225034,0.903,0.451,1.29082924429396e-05,Map4k3,0.452
134,4.1053362384941e-09,1.8652314439713,0.645,0.193,4.61809273468201e-05,Dnttip1,0.452
135,2.88579052329267e-08,1.6117078545186,0.774,0.322,0.000324622575965192,Efr3a,0.452
136,4.11694719028362e-11,2.47206844431522,0.613,0.164,4.63115389435004e-07,Plxnb1,0.449
137,1.05434840405519e-09,1.84649488138972,0.613,0.164,1.18603651972169e-05,Fbxl12,0.449
138,3.63264417241032e-13,2.61086663289658,0.548,0.1,4.08636142954437e-09,Ttc19,0.448
139,7.13207732414608e-10,2.00247625794902,0.677,0.229,8.02287378193193e-06,Pias1,0.448
140,1.16226082489311e-09,1.78097600195628,0.839,0.391,1.30742720192226e-05,Ppp3r1,0.448
141,2.60123894481871e-10,1.52150397079859,0.935,0.488,2.92613368902657e-06,Ip6k1,0.447
142,2.3823496003952e-06,1.20145456007332,0.806,0.359,0.0267990506548456,Akap8,0.447
143,6.04283985687789e-09,1.94000902559053,0.742,0.295,6.79759055500194e-05,Atp2b1,0.447
144,1.59600582268458e-08,1.81799777209031,0.742,0.295,0.000179534694993788,Atp11a,0.447
145,4.19185470160874e-08,1.63592789545006,0.677,0.232,0.000471541735383967,Epm2aip1,0.445
146,7.91397048386624e-16,2.77731485368722,0.516,0.072,8.90242539730114e-12,Msh3,0.444
147,5.01492114733034e-11,2.2776193648362,0.581,0.137,5.6412847986319e-07,Cep250,0.444
148,2.94870676408608e-14,3.27641661775454,0.548,0.105,3.31700023892043e-10,Klhl36,0.443
149,6.76417984947084e-13,2.6707642582662,0.548,0.105,7.60902591266974e-09,Camta1,0.443
150,1.60432980543278e-06,1.38008017692813,0.806,0.363,0.0180471059813134,Ndufa10,0.443
151,5.0715287843846e-11,2.31997865305212,0.581,0.139,5.70496272955424e-07,Rhot1,0.442
152,1.13640149062643e-13,3.10853944496109,0.548,0.107,1.27833803680567e-09,Ncoa2,0.441
153,9.1110305217046e-10,2.02272007650008,0.613,0.172,1.02489982338655e-05,Bzw2,0.441
154,8.00480024658785e-10,2.21895259192972,0.645,0.205,9.00459979738668e-06,Atp11b,0.44
155,7.02278249759535e-08,1.46861853948369,0.645,0.205,0.000789992803154501,Pcdhgb4,0.44
156,1.14204608421173e-08,1.8726109743369,0.71,0.27,0.000128468764012977,Senp3,0.44
157,3.52476446215493e-08,1.73385968329838,0.645,0.207,0.000396500754347808,Wbp4,0.438
158,1.43735913598131e-09,1.90724285908015,0.774,0.336,1.61688529206538e-05,Prpf39,0.438
159,4.38866808798312e-10,1.82685035224345,0.871,0.434,4.93681273217221e-06,Dync1li1,0.437
160,2.99698097546655e-06,1.18073326969923,0.71,0.273,0.0337130389930233,Usp12,0.437
161,1.92420065604974e-08,1.71488681149851,0.645,0.209,0.000216453331799036,Aktip,0.436
162,1.81687686268091e-07,1.53369175429965,0.742,0.307,0.00204380478282975,Usp6nl,0.435
163,4.78007748735293e-05,0.879526465185957,0.871,0.436,0.537710916552331,Ash1l,0.435
164,3.63472749287907e-11,2.83769549428292,0.581,0.146,4.08870495673967e-07,Dyrk2,0.435
165,3.25660187822157e-12,2.50814690367033,0.548,0.115,3.66335145281145e-08,Rogdi,0.433
166,1.17203949583601e-10,1.70793405085674,0.871,0.438,1.31842722886593e-06,Rsrc2,0.433
167,1.34624946614445e-08,1.81632184349036,0.613,0.18,0.000151439602446589,Mcrs1,0.433
168,6.65312611234385e-08,1.48392480200501,0.613,0.18,0.00074841015637756,Hcfc2,0.433
169,4.79395183348758e-11,2.43198632621978,0.581,0.148,5.39271641749017e-07,Prpf40b,0.433
170,6.26174039450916e-06,1.09519171657529,0.71,0.277,0.0704383176978335,Zcrb1,0.433
171,1.24731957170615e-08,1.78110046341871,0.677,0.246,0.000140310978621225,Atf6b,0.431
172,2.18030082340641e-08,1.6611398393778,0.613,0.182,0.000245262039624987,Med16,0.431
173,1.18758594619881e-07,1.59734318879683,0.742,0.311,0.00133591543087905,Nktr,0.431
174,1.14577049153869e-07,1.5836979366775,0.742,0.312,0.00128887722593188,Dtx3,0.43
175,3.54832489675525e-11,2.3744264370745,0.548,0.119,3.99151067635998e-07,Pithd1,0.429
176,3.19555891239553e-07,1.53725430441114,0.71,0.281,0.00359468422055373,Zfp280d,0.429
177,1.0972498543335e-13,3.04580368961313,0.516,0.088,1.23429636113975e-09,Ap1b1,0.428
178,1.12561689393876e-08,1.95269428522164,0.71,0.283,0.000126620644399171,Pnisr,0.427
179,2.28883571057828e-07,1.50036955307861,0.71,0.283,0.00257471129082951,Larp4,0.427
180,4.11687676649137e-06,1.13751985870474,0.839,0.412,0.0463107467462614,Rassf8,0.427
181,1.5525690468786e-07,1.57187250128071,0.774,0.348,0.00174648492083373,Srek1,0.426
182,1.73721136915051e-05,1.02533958705341,0.774,0.348,0.195418906915741,Supt6,0.426
183,7.9365185832487e-09,1.93032647219319,0.613,0.188,8.92778975429646e-05,Paqr4,0.425
184,9.64554666313291e-09,2.01760679778247,0.613,0.188,0.000108502754413582,Chsy1,0.425
185,1.73690800348073e-08,1.83635032398417,0.613,0.189,0.000195384781311548,Npepps,0.424
186,1.62135185489429e-09,2.1113920312407,0.645,0.223,1.82385870157059e-05,Sik2,0.422
187,5.58986329937965e-07,1.34536397147203,0.645,0.223,0.00628803722547217,Hectd4,0.422
188,1.11217028045191e-06,1.17690267988587,0.871,0.449,0.0125108034848035,Nipbl,0.422
189,6.39613671343804e-10,2.26819611094957,0.581,0.16,7.19501418894646e-06,Gtf2f2,0.421
190,3.44969195644004e-07,1.46084118889197,0.645,0.225,0.0038805584817994,Ctr9,0.42
191,1.24226852081757e-07,1.59577076897808,0.613,0.193,0.00139742785906768,Zfyve27,0.42
192,2.24348546991889e-07,1.66648811256824,0.774,0.355,0.00252369680511176,Ssu72,0.419
193,7.28702844789953e-09,1.96127017940146,0.581,0.162,8.19717830104218e-05,Kif3b,0.419
194,1.91428961104424e-08,1.7364756315054,0.581,0.162,0.000215338438346366,Ppp1r16a,0.419
195,1.29847829083595e-07,1.63399009120857,0.645,0.227,0.00146065822936136,Dhx8,0.418
196,1.34510862015179e-07,1.42590739878258,0.871,0.453,0.00151311268680875,Cyth2,0.418
197,6.5041403861036e-08,1.46915645710397,0.806,0.389,0.000731650752032794,Tmcc1,0.417
198,9.03282945861461e-06,1.20386853584538,0.806,0.389,0.101610298579956,Zscan26,0.417
199,6.17194135472012e-12,2.49983532050783,0.516,0.1,6.94281682992467e-08,Dtnb,0.416
200,7.94096832567413e-08,1.70265910881607,0.613,0.197,0.000893279526955083,Senp2,0.416
201,2.37790640810851e-06,1.3376421240943,0.742,0.326,0.0267490691848126,Ago2,0.416
202,2.65639670921722e-07,1.56633431773928,0.774,0.359,0.00298818065819845,Dld,0.415
203,3.42443583825518e-07,1.72387559472576,0.645,0.23,0.00385214787445326,Crebzf,0.415
204,3.43697311124934e-07,1.62884898733999,0.71,0.295,0.00386625105284438,Ccpg1,0.415
205,1.09823719773185e-05,1.15450994905562,0.71,0.295,0.123540702372855,Safb2,0.415
206,3.96224806740197e-09,2.05874274532062,0.581,0.166,4.45713285102047e-05,Bace1,0.415
207,1.99323799990241e-09,1.91455915633487,0.548,0.135,2.24219342609022e-05,Decr2,0.413
208,2.6328588851326e-09,1.81314293282285,0.548,0.135,2.96170295988566e-05,Zfp507,0.413
209,4.37601531515952e-05,1.01832295319102,0.806,0.393,0.492257962802295,Pbrm1,0.413
210,9.02486721873898e-12,2.8613791184757,0.516,0.105,1.01520731343595e-07,Thoc5,0.411
211,2.23193949330016e-11,2.59123782614764,0.516,0.105,2.51070873601335e-07,Chd9,0.411
212,7.4222401685551e-11,2.1198042710569,0.516,0.105,8.34927796560763e-07,Pcdhga10,0.411
213,3.51701342392468e-06,1.3843891284541,0.742,0.332,0.0395628840057287,Trak2,0.41
214,4.30374678130955e-09,2.19997461974088,0.581,0.172,4.84128475429512e-05,Synj1,0.409
215,5.91549921025819e-09,2.28878044310567,0.613,0.205,6.65434506161944e-05,Adcy6,0.408
216,7.66325990058879e-07,1.47426170465429,0.677,0.27,0.00862040106217233,Stam2,0.407
217,2.97772084280457e-09,1.27685889091585,0.968,0.561,3.34963817607086e-05,Wdfy3,0.407
218,6.48783037569336e-08,1.83635032398417,0.613,0.207,0.000729816038961746,Med24,0.406
219,1.11325803121626e-07,1.71787685410432,0.677,0.271,0.00125230395931518,Clk4,0.406
220,3.03130810172286e-07,1.61756669257942,0.677,0.271,0.00340991848362805,Akap10,0.406
221,5.74015427191703e-06,1.20031363866875,0.677,0.271,0.0645709954047947,Get4,0.406
222,1.11713960759155e-05,0.971035921211153,0.806,0.4,0.125667034457974,Kras,0.406
223,5.11493309374407e-14,3.25360857472653,0.484,0.078,5.75378823715271e-10,Dusp8,0.406
224,2.9459494131108e-05,1.13411210774078,0.968,0.562,0.331389849480834,H2afy,0.406
225,1.52825826924009e-18,3.90562603156486,0.452,0.047,1.71913772706818e-14,Vamp2,0.405
226,2.68834420612358e-07,1.71733274885899,0.645,0.242,0.00302411839746842,Ptbp2,0.403
227,1.80017324056088e-06,1.40754296273192,0.645,0.242,0.0202501487830694,Rpf1,0.403
228,6.12472647035971e-06,1.24303603705117,0.774,0.371,0.0688970480650764,Cul4a,0.403
229,1.21037818011656e-07,1.69096097225303,0.581,0.178,0.00136155441481312,Smpd2,0.403
230,6.68539206728814e-06,1.28719310140694,0.71,0.307,0.0752039753649242,Cxxc5,0.403
231,5.63531634243353e-07,1.57703420639649,0.613,0.211,0.00633916735360348,Atg2b,0.402
232,6.28980730881529e-13,2.91335339358948,0.484,0.082,7.07540424168632e-09,Dnal1,0.402
233,2.20372380259933e-07,1.71844170867513,0.71,0.309,0.00247896890554399,Trp53inp2,0.401
234,3.43737088556333e-07,1.50344736026983,0.806,0.406,0.00386669850917019,Tjp2,0.4
235,2.65279424420758e-09,1.73717241733922,0.839,0.439,2.98412824530911e-05,Leng8,0.4
236,2.04983651957469e-10,2.38587913121075,0.516,0.117,2.30586110086957e-06,Zmynd8,0.399
237,2.60881314533591e-06,1.58068095889797,0.71,0.311,0.0293465390718837,Mcts1,0.399
238,2.48185205457492e-09,2.44676600368025,0.548,0.15,2.79183537619133e-05,Braf,0.398
239,5.38623601841379e-06,1.32698544215718,0.677,0.279,0.0605897689711367,Brd8,0.398
240,9.6022702364322e-26,4.46084118889197,0.419,0.021,1.08015937889626e-21,Ralgps1,0.398
241,4.06680334194231e-10,2.99236443065166,0.516,0.119,4.57474707935091e-06,Guk1,0.397
242,9.33146953749561e-05,0.993162209871895,0.774,0.377,1,Rnf14,0.397
243,1.30416078829388e-07,1.82341126827668,0.581,0.184,0.00146705047075179,Dop1a,0.397
244,1.9896858988776e-06,1.3799211935084,0.613,0.217,0.0223819766764742,Akap9,0.396
245,1.10574380117213e-07,1.84850224923951,0.581,0.186,0.00124385120193852,Kif1bp,0.395
246,1.78717244699328e-06,1.31670021321989,0.71,0.316,0.0201039028562274,Lgmn,0.394
247,0.000391789544472627,0.77990962964009,0.839,0.445,1,Rere,0.394
248,7.83034731468801e-06,1.16128090703306,0.645,0.252,0.0880835769429254,Ints1,0.393
249,6.52401194043892e-12,2.94626801606221,0.484,0.092,7.33886103179974e-08,Pias3,0.392
250,0.000281740631332235,0.816215766872473,0.871,0.479,1,Acox1,0.392
251,6.72216083715497e-08,2.0247420740853,0.581,0.189,0.000756175872571563,Sugp2,0.392
252,1.35087318069265e-14,3.18073326969923,0.452,0.061,1.51959724096116e-10,Rnpc3,0.391
253,1.12904736048624e-05,1.18268549603351,0.774,0.383,0.127006537581097,Trib2,0.391
254,4.82808757392567e-07,1.43161047756821,0.806,0.416,0.00543111571190899,Sirt2,0.39
255,1.62317674053262e-06,1.58637207097583,0.677,0.287,0.0182591151542515,Agap1,0.39
256,8.17190615097023e-07,1.7785814868159,0.645,0.256,0.00919257722922642,Cep120,0.389
257,1.34435774040671e-05,1.17396004110381,0.645,0.256,0.151226802218351,Ubr1,0.389
258,9.41087604081222e-06,1.29686545378084,0.677,0.289,0.105862944583097,Heatr5a,0.388
259,1.87943050748052e-08,2.04580368961312,0.548,0.16,0.000211417137786483,Ip6k2,0.388
260,7.18810709762449e-08,1.83167888426028,0.548,0.16,0.000808590167411779,Anks3,0.388
261,1.51564243409096e-07,1.66409436640035,0.742,0.354,0.00170494617410892,Usp19,0.388
262,2.0245882004585e-06,1.37203192193411,0.742,0.354,0.0227745926669577,Gbf1,0.388
263,5.14426411199417e-06,1.19494712891893,0.742,0.354,0.0578678269958224,Lmbrd1,0.388
264,6.59571567512877e-06,0.930326472193189,0.968,0.58,0.0741952056295235,Acin1,0.388
265,5.23611670506226e-07,1.80739895028805,0.581,0.193,0.00589010768152454,Slc26a2,0.388
266,4.98173905591799e-05,0.981673352193409,0.645,0.258,0.560395826400214,Itpa,0.387
267,0.000101966786462873,0.723875594725762,0.645,0.258,1,Dtymk,0.387
268,0.000136969058783215,0.871305958380989,0.742,0.355,1,Ppt1,0.387
269,8.79578878549221e-21,4.76569577042039,0.419,0.033,9.89438280480019e-17,Agpat3,0.386
270,3.09411999940065e-13,2.72387559472576,0.452,0.066,3.48057558732579e-09,Wdr90,0.386
271,1.58315440890866e-07,1.97541436172173,0.613,0.227,0.00178089039458135,Akap8l,0.386
272,2.14235676198442e-07,1.23303527136916,0.935,0.549,0.00240993712155628,Ythdf3,0.386
273,2.2392916768234e-06,1.35312737159172,0.71,0.324,0.0251897920725864,Tnrc6c,0.386
274,4.28143496198482e-07,1.87902524348768,0.645,0.26,0.00481618618873672,Zfp445,0.385
275,1.92953245974269e-06,1.5168752238063,0.645,0.26,0.0217053106396455,Nsfl1c,0.385
276,2.85455130171642e-06,1.42391461989361,0.742,0.357,0.032110847593008,Dyrk1a,0.385
277,7.15931663728575e-06,1.3154107493704,0.677,0.293,0.0805351528528274,Ncoa6,0.384
278,1.03370312911175e-07,1.76040147075088,0.548,0.164,0.0011628126499378,Jade1,0.384
279,2.43691298695566e-06,1.43530609678483,0.613,0.23,0.0274128341902642,Gpbp1,0.383
280,7.85595497205635e-06,1.3523167321138,0.645,0.262,0.0883716374806619,Brf1,0.383
281,1.30739960720983e-05,1.12297155013558,0.839,0.457,0.147069381815034,Rbm25,0.382
282,7.09174203010289e-07,2.03798418515383,0.613,0.232,0.00797750060966274,Atp6v0a1,0.381
283,1.55522080029507e-06,1.49560660705265,0.774,0.393,0.0174946787825193,Gdpd5,0.381
284,2.78612584558478e-06,1.4361791346577,0.613,0.232,0.0313411296369832,Edem2,0.381
285,1.09915761203874e-05,1.40676451613618,0.742,0.361,0.123644239778238,Dlg1,0.381
286,0.000129491970359565,0.711051554368179,0.742,0.361,1,Gas6,0.381
287,1.26492184012906e-06,1.44824115211234,0.677,0.297,0.0142291057796118,Slc12a6,0.38
288,3.19611150938042e-18,4.04580368961313,0.419,0.039,3.59530583690203e-14,Klhdc8b,0.38
289,1.57244011169041e-12,2.84416982844347,0.452,0.072,1.76883788164054e-08,Rpusd3,0.38
290,2.79664241194594e-07,1.70732441846191,0.71,0.33,0.00314594304919799,Cpeb4,0.38
291,3.88499382278932e-06,1.36969330083377,0.581,0.201,0.043702295512557,Aasdhppt,0.38
292,7.3769811716993e-06,1.31589285298087,0.71,0.33,0.0829836612004454,Golga4,0.38
293,1.5802353412721e-08,2.03144839663605,0.516,0.137,0.000177760673539698,Pcdhga9,0.379
294,4.98182029746426e-07,1.41429860295494,0.774,0.395,0.00560404965261755,Akt3,0.379
295,1.46827564828127e-06,1.39179954446232,0.742,0.363,0.016516632767516,Immt,0.379
296,1.5664496133781e-06,1.46084118889197,0.613,0.234,0.0176209917008902,Kmt2c,0.379
297,1.12171192456533e-05,1.27506735879167,0.774,0.395,0.126181374394354,Atp6v0b,0.379
298,3.46522285451444e-05,1.15129681846044,0.742,0.363,0.389802918904329,Usp47,0.379
299,1.84945481266456e-05,1.26030820151926,0.677,0.299,0.208045171876637,Tet2,0.378
300,9.26779703405803e-08,1.91927128368419,0.548,0.17,0.00104253448836119,Usp32,0.378
301,2.03671656445108e-07,1.75892254182496,0.548,0.17,0.00229110246335102,Gpam,0.378
302,2.13638853579754e-08,2.08803192500242,0.516,0.139,0.000240322346391866,Txndc16,0.377
303,3.13463395092245e-08,1.83280996627893,0.516,0.139,0.000352614973139266,Meaf6,0.377
304,1.253915267384e-06,1.58637207097583,0.613,0.236,0.0141052928428027,Timm44,0.377
305,2.72296091511437e-06,1.6268511403309,0.677,0.301,0.0306305873341216,Spg7,0.376
306,3.36083369351129e-05,1.16079621190306,0.677,0.301,0.378060182183085,Kif13a,0.376
307,8.2745088643249e-06,1.28187104784665,0.774,0.398,0.0930799502147908,Ppp2r5e,0.376
308,5.78518820114803e-05,0.995177616543157,0.774,0.398,0.650775820747142,Tmem214,0.376
309,1.64293964409312e-05,1.35896157487276,0.71,0.334,0.184814280564035,Pwwp2a,0.376
310,1.01296042114118e-07,1.86360035839238,0.613,0.238,0.00113947917774172,Mapk8ip3,0.375
311,2.1588691009664e-07,1.80597667494066,0.645,0.27,0.00242851185167711,Nbr1,0.375
312,9.78348233091454e-07,1.65516284464175,0.645,0.27,0.0110054392740458,Rbm26,0.375
313,2.91904544135801e-05,1.17880582112812,0.742,0.367,0.328363421698362,Sumo3,0.375
314,2.08457324978144e-07,1.85315861167073,0.548,0.174,0.00234493644867915,Ppm1d,0.374
315,1.06254365133675e-09,2.47945686705932,0.484,0.111,1.19525535338871e-05,Ttll5,0.373
316,2.09043164468811e-09,2.36397964963938,0.484,0.111,2.35152655710965e-05,Slc38a6,0.373
317,1.2488438501841e-07,1.33030962574974,0.871,0.498,0.00140482444707209,Gls,0.373
318,2.44577047829116e-06,1.66280001797399,0.613,0.24,0.0275124721102973,Cmtr1,0.373
319,2.53029876670043e-06,1.5737352452979,0.613,0.24,0.0284633308266131,Paxbp1,0.373
320,5.18097757162322e-06,1.28647028241846,0.613,0.24,0.0582808167031896,Arrdc3,0.373
321,2.24842308821119e-05,1.1366780896213,0.742,0.369,0.252925113192877,Jmy,0.373
322,2.13659774417891e-07,1.86700053682436,0.581,0.209,0.00240345880242685,Atf4,0.372
323,1.49771658297932e-06,1.64821132479369,0.581,0.209,0.0168478138419344,Kctd3,0.372
324,2.82235810577751e-06,1.42131282470533,0.71,0.338,0.0317487063318912,Osbpl8,0.372
325,5.00816371594848e-06,1.44052120451237,0.71,0.338,0.0563368336407045,Mau2,0.372
326,0.000326946625124231,0.797876176169539,0.742,0.371,1,Fam114a2,0.371
327,3.6977656256305e-07,1.86360035839238,0.548,0.178,0.00415961655227175,Tnip2,0.37
328,5.63792334573546e-06,1.3068898236574,0.677,0.307,0.0634209997161782,Dot1l,0.37
329,6.45946510846449e-08,2.07617733865664,0.516,0.146,0.00072662523005117,Ring1,0.37
330,6.77101570865381e-06,1.47505504811167,0.645,0.275,0.0761671557066467,Trp53bp1,0.37
331,1.5349393103584e-05,1.11046640647757,0.903,0.533,0.172665323022217,Tra2a,0.37
332,5.3419486353908e-05,1.01395482357379,0.645,0.275,0.600915801995111,Tut4,0.37
333,0.000141024965991496,0.87143278313962,0.774,0.404,1,Fam76b,0.37
334,1.99609952220699e-05,1.21691560600588,0.71,0.34,0.224541235253065,Ddb1,0.37
335,0.000166206221477542,0.974341327056501,0.71,0.34,1,Ctdspl2,0.37
336,0.000250051790687661,0.848502249239507,0.871,0.502,1,Top2b,0.369
337,9.39615281149896e-08,2.34054695517426,0.548,0.18,0.00105697322976552,Ypel2,0.368
338,4.21829984687169e-11,2.71237995588793,0.452,0.084,4.74516549774597e-07,C2cd5,0.368
339,1.59157201514261e-06,1.59912056371782,0.581,0.213,0.0179035935983392,Ufl1,0.368
340,3.70101564609407e-06,1.79054663437105,0.71,0.342,0.0416327250029122,Kat6b,0.368
341,8.55988217988479e-09,2.1238062016144,0.484,0.117,9.6290114641524e-05,Zfp707,0.367
342,7.77467504652028e-06,1.36462587363267,0.613,0.246,0.0874573195983066,Gpr108,0.367
343,6.37300105085369e-15,3.84835762540691,0.419,0.053,7.16898888210532e-11,Hsp90aa1,0.366
344,3.24774679157334e-14,3.17133457169698,0.419,0.053,3.65339036584085e-10,Sec22a,0.366
345,5.50972704461264e-14,2.84416982844347,0.419,0.053,6.19789195248476e-10,Phyhd1,0.366
346,3.90878604062484e-11,2.92242127410784,0.452,0.086,4.39699341709888e-07,Slc25a19,0.366
347,4.26989187814368e-07,1.78765150515908,0.581,0.215,0.00480320137372382,Mapre2,0.366
348,1.71252393587934e-06,1.61157262510097,0.645,0.279,0.0192641817547067,Prkab1,0.366
349,2.30067750906211e-06,1.2167536964562,0.839,0.473,0.0258803212994397,Epc1,0.366
350,1.64409658738715e-05,1.38473820980618,0.677,0.312,0.18494442511518,Pnn,0.365
351,1.31929973304214e-08,2.10094524380559,0.484,0.119,0.00014840802696991,Gfm2,0.365
352,4.24261087787398e-14,3.24610234009896,0.419,0.055,4.77251297652044e-10,Peg3,0.364
353,2.79883967210454e-10,2.50814690367033,0.452,0.088,3.14841474715039e-06,Btrc,0.364
354,1.07731307841728e-05,1.29091618744966,0.71,0.346,0.12118694819116,Tlk2,0.364
355,5.45608511589957e-05,0.681949730958059,0.903,0.539,0.613755014687543,Ccnl1,0.364
356,3.01909737584558e-09,2.58637207097583,0.484,0.121,3.39618263808869e-05,Sh3bgrl2,0.363
357,1.64693184794063e-05,1.31349947281678,0.613,0.25,0.185263363574841,Prr14,0.363
358,4.86613907637259e-06,1.43812111239188,0.548,0.186,0.0547391984701153,Xpo5,0.362
359,5.31650711467433e-05,1.1198042710569,0.645,0.283,0.598053885329715,Arfip2,0.362
360,4.39718924619642e-07,1.97339519408507,0.581,0.219,0.00494639818304635,Brd3,0.362
361,5.28792219885325e-06,1.42131282470533,0.581,0.219,0.0594838368149002,Ncbp3,0.362
362,3.15951718190888e-08,2.14768330363234,0.484,0.123,0.000355414087792929,Paip2b,0.361
363,1.86554685509864e-05,1.31349947281678,0.645,0.285,0.209855365730046,Ciz1,0.36
364,6.02660764031961e-20,3.95834084836279,0.387,0.027,6.77933093459553e-16,Arl3,0.36
365,5.26761097545297e-13,2.96780117761185,0.419,0.059,5.92553558628705e-09,Rhot2,0.36
366,3.10061492966387e-10,2.81550607019133,0.452,0.092,3.48788173437889e-06,Ercc2,0.36
367,3.81193315942971e-07,1.77079664211325,0.516,0.156,0.00428804361104248,Peli2,0.36
368,6.03798480210335e-06,1.54027565638637,0.581,0.221,0.0679212910388606,Dym,0.36
369,1.38142422176641e-05,1.29778290693792,0.71,0.35,0.155396410706503,Cpsf7,0.36
370,5.66520591367525e-05,0.954655801554929,0.71,0.35,0.637279013229329,Klf9,0.36
371,1.98414011809818e-06,1.59734318879683,0.548,0.189,0.0223195921884864,Snx14,0.359
372,5.08149165844808e-06,1.14768330363234,0.806,0.447,0.0571616996658825,Sf3b2,0.359
373,6.14806631389013e-08,1.88434026691901,0.484,0.125,0.000691595979649501,Mms19,0.359
374,6.4328917568711e-07,1.71138465054257,0.742,0.383,0.0072363599373043,Dnajc5,0.359
375,0.000215707364871043,0.951476307064972,0.742,0.383,1,Dnajb12,0.359
376,1.38164692633526e-05,1.50853793092326,0.645,0.287,0.155421462743454,Gtpbp1,0.358
377,2.84440981812493e-09,2.23844876755552,0.452,0.094,3.19967660440874e-05,Gpatch2l,0.358
378,6.08461616437614e-08,2.52224173355611,0.516,0.158,0.000684458472330672,Pgam1,0.358
379,5.95314381636204e-07,1.74624340775422,0.516,0.158,0.00669669147902566,Cfap298,0.358
380,1.64592312136995e-06,1.82038357557911,0.581,0.223,0.0185149891922905,Zdhhc6,0.358
381,1.37856708327059e-05,1.2932412403959,0.581,0.223,0.155075011197108,Dcp1a,0.358
382,2.12764510073582e-05,1.27712923571958,0.581,0.223,0.239338797381773,Rnf145,0.358
383,0.00155661026163069,0.435065065117594,0.935,0.578,1,Slc6a6,0.357
384,1.77337960234824e-06,1.63641275347542,0.548,0.191,0.0199487471468153,Pcdhga6,0.357
385,2.72630267999935e-06,1.51742471725834,0.548,0.191,0.0306681788473126,Blcap,0.357
386,4.34523290726031e-06,1.44995287274923,0.548,0.191,0.0488795249737712,Atad1,0.357
387,1.65043425165077e-12,2.90284573577108,0.419,0.062,1.85657348968195e-08,Itpk1,0.357
388,1.19514768696738e-08,2.4280512537743,0.484,0.127,0.00013444216330696,Nsun4,0.357
389,0.000238161949664757,0.988252667050966,0.774,0.418,1,Bptf,0.356
390,2.30897962307149e-18,3.90830016586319,0.387,0.031,2.59737117799312e-14,Sp4,0.356
391,1.39046379445651e-07,2.11291788547166,0.516,0.16,0.00156413272238413,Pde6d,0.356
392,1.54756441898316e-06,1.71565508792079,0.581,0.225,0.0174085521491415,Chd2,0.356
393,1.18852884345588e-06,1.82341126827668,0.548,0.193,0.0133697609600351,Zcchc7,0.355
394,9.37549393336531e-09,1.55691716044702,0.935,0.582,0.000105464931256426,Cul3,0.353
395,1.39214362038733e-05,1.32654009718038,0.677,0.324,0.156602235857371,Napa,0.353
396,0.00038197933798549,0.822315411755404,0.806,0.453,1,Ipo9,0.353
397,3.7192980321342e-05,1.26030820151926,0.645,0.293,0.418383835634776,Ypel3,0.352
398,2.91948296726338e-06,1.66393305426948,0.581,0.229,0.0328412638987458,Stxbp5,0.352
399,3.66072600102609e-11,2.6867225963083,0.419,0.068,4.11795067855424e-07,Ccdc107,0.351
400,5.52523439039862e-05,1.30626415178309,0.613,0.262,0.62153361657594,Mpp5,0.351
401,0.000225723187001253,0.992692353153562,0.677,0.328,1,Zbtb38,0.349
402,1.49974610104295e-05,1.41353547411361,0.581,0.232,0.168706438906322,Hacd3,0.349
403,5.53306233686458e-09,2.35065827114155,0.452,0.104,6.22414182273897e-05,Srr,0.348
404,0.000259417981743827,1.05349808140313,0.774,0.426,1,Ccar1,0.348
405,4.05162078529026e-05,1.16848620938795,0.677,0.33,0.455766822137301,Pitpnc1,0.347
406,0.000131848926462108,0.995955140162563,0.677,0.33,1,Kpna1,0.347
407,4.0222508132575e-11,2.83007499855769,0.419,0.072,4.52462993983336e-07,Zfp654,0.347
408,2.05122476133802e-07,1.97868949375459,0.484,0.137,0.00230742273402914,Mroh1,0.347
409,5.34760777814702e-06,1.63367778575418,0.581,0.234,0.0601552398963759,Trappc12,0.347
410,3.99693137368914e-05,1.2532457694836,0.71,0.363,0.449614810226291,Oaz1,0.347
411,3.30498768822449e-05,1.37171529841898,0.645,0.299,0.371778065048373,Tbpl1,0.346
412,0.000222612497690356,1.01700642530569,0.645,0.299,1,Rbm33,0.346
413,1.74497463987148e-06,1.8652314439713,0.516,0.17,0.0196292197239142,Appl2,0.346
414,0.000318375308080104,0.859530694083329,0.742,0.396,1,Tnpo2,0.346
415,1.5310655030161e-08,2.19432621432321,0.452,0.107,0.000172229558434281,Igip,0.345
416,5.88143600250456e-06,1.5133086087861,0.548,0.203,0.0661602735921738,Hat1,0.345
417,9.32906906031028e-06,1.46084118889197,0.548,0.203,0.10494269785943,Cry1,0.345
418,3.44547112927416e-05,1.05516174431136,0.806,0.461,0.38758104733205,Tecr,0.345
419,2.14961621642202e-07,2.00315935220463,0.484,0.139,0.00241810328185313,Ivd,0.345
420,1.61433489743135e-06,1.50148317338931,0.484,0.139,0.0181596532612052,Trim37,0.345
421,4.1081053693426e-06,1.5899211380569,0.613,0.268,0.046212077299735,Polb,0.345
422,1.50522228623558e-05,1.39981175549441,0.581,0.236,0.16932245497864,Upf3a,0.345
423,2.19529941429302e-05,1.41193158841102,0.581,0.236,0.246949231113821,Ubn2,0.345
424,0.000101836452659268,0.822685749005219,0.968,0.623,1,Srsf9,0.345
425,0.000124816097417682,1.0805691077738,0.581,0.236,1,Urod,0.345
426,4.3742041776901e-07,1.94958837435382,0.516,0.172,0.00492054227948359,Atad2b,0.344
427,5.45123258844581e-05,1.20734755026778,0.774,0.43,0.613209153874269,B4galt1,0.344
428,1.77675369214832e-05,1.31012679141549,0.742,0.398,0.199867022829764,Apc,0.344
429,6.28179651784302e-06,1.6707642582662,0.548,0.205,0.0706639290292162,Agpat5,0.343
430,8.5020689340705e-06,1.82499751916863,0.548,0.205,0.095639773439359,Hist1h2bc,0.343
431,1.3851327340943e-05,1.45162265886259,0.548,0.205,0.155813581258267,Dmtf1,0.343
432,9.84100934275034e-05,0.875878688170812,0.806,0.463,1,Sema3f,0.343
433,1.66071164098843e-10,2.76201072361253,0.419,0.076,1.86813452494789e-06,Ift122,0.343
434,2.11066201716584e-10,2.89694030369864,0.419,0.076,2.37428370310985e-06,Clec16a,0.343
435,8.55872737211813e-10,2.11089871783501,0.419,0.076,9.62771242089568e-06,Nlgn2,0.343
436,4.49399402608825e-07,1.85315861167073,0.484,0.141,0.00505529387994667,Dip2c,0.343
437,6.76720914939904e-07,1.99052125411194,0.516,0.174,0.00761243357215898,Plekhf2,0.342
438,1.06712897497105e-06,1.83167888426028,0.516,0.174,0.0120041338394494,Ftsj1,0.342
439,1.20514295684236e-06,1.85142564444627,0.516,0.174,0.0135566531215197,Zfp523,0.342
440,1.08699758554736e-05,1.50465742118446,0.645,0.303,0.122276358398223,Sltm,0.342
441,5.0844930395331e-05,1.26529037977416,0.613,0.271,0.571954622017079,Pspc1,0.342
442,3.60610496105679e-08,2.19780678305817,0.452,0.111,0.000405650747069279,Cxxc4,0.341
443,3.28335861045284e-05,1.27592347297418,0.677,0.336,0.36934501008984,Rai1,0.341
444,0.000200596805459968,0.959942952959287,0.806,0.465,1,Creb1,0.341
445,0.000439386435270435,1,0.677,0.336,1,Mon2,0.341
446,1.08701869152584e-07,2.18953916707457,0.484,0.143,0.00122278732609742,Wdr7,0.341
447,9.41007603654103e-07,1.69381836086958,0.484,0.143,0.010585394533505,Fam160a2,0.341
448,9.6694110712595e-05,1.1445818440913,0.645,0.305,1,Fto,0.34
449,4.33714699998257e-06,1.73768139425079,0.613,0.273,0.0487885666028039,Lrch4,0.34
450,0.000202336999179381,1.0101797798824,0.613,0.273,1,Npc1,0.34
451,0.000291821592616022,0.836350323984175,0.806,0.467,1,Tra2b,0.339
452,0.000835995792099368,0.771441277977818,0.806,0.467,1,Tob1,0.339
453,1.8705767685733e-05,1.44246265957711,0.581,0.242,0.210421180696811,Ndufs5,0.339
454,4.1661166430104e-05,1.41503749927884,0.581,0.242,0.46864646117224,Gps2,0.339
455,4.53258120623754e-05,1.31274254990283,0.645,0.307,0.50987005988966,Zfp638,0.338
456,0.000185491669891959,0.672760278998908,0.645,0.307,1,Mest,0.338
457,2.69860722302962e-06,1.53335368867634,0.484,0.146,0.0303566326518602,Terf1,0.338
458,3.63927254438731e-05,1.28735836803647,0.613,0.275,0.409381768518129,Rnf126,0.338
459,0.000333290793482109,0.999110454165083,0.71,0.373,1,Kmt5b,0.337
460,0.000659601135287312,0.875878688170812,0.71,0.373,1,Pdhb,0.337
461,9.72046605728385e-13,3.17133457169698,0.387,0.051,1.09345522678386e-08,Oxct1,0.336
462,0.000144875294532088,1.15196924683005,0.645,0.309,1,Nf1,0.336
463,7.78619452010616e-07,2.00315935220463,0.484,0.148,0.00875869021566742,Rab3ip,0.336
464,2.73735841791059e-06,1.47426170465429,0.484,0.148,0.0307925448430762,Dexi,0.336
465,5.07749968623164e-05,1.33844455753224,0.613,0.277,0.571167939704197,Kdm4a,0.336
466,0.00254312581270834,0.61157262510097,0.806,0.471,1,Itsn2,0.335
467,4.23250861958601e-05,1.1891678647843,0.677,0.342,0.476114894617231,Smarcb1,0.335
468,0.00035936135750959,1.08290768427586,0.677,0.342,1,Dhrs3,0.335
469,0.000144125416319702,1.08090749056904,0.581,0.246,1,Cops3,0.335
470,6.60493372742117e-13,4.12614579793073,0.387,0.053,7.42988994997608e-09,Gnb1,0.334
471,6.7707919345494e-05,1.25099402087463,0.613,0.279,0.761646384717462,Tmx2,0.334
472,3.85394510553074e-06,1.62010770883556,0.677,0.344,0.0433530284921153,R3hdm2,0.333
473,9.46022615796464e-06,1.76040147075088,0.548,0.215,0.106418084050944,Fbxo9,0.333
474,5.39139009684393e-05,1.25821202237695,0.548,0.215,0.606477471993974,Taf4,0.333
475,7.12686943793713e-05,1.29856975999309,0.548,0.215,0.801701543073548,Nt5dc3,0.333
476,8.57821137613243e-05,1.2651167180176,0.677,0.344,0.964962997701137,Txndc11,0.333
477,0.000555207196348936,0.818267965000717,0.677,0.344,1,Cdk12,0.333
478,1.91338868580927e-07,2.06308168104496,0.452,0.119,0.00215237093266684,Ptpn2,0.333
479,3.27662844521332e-07,1.91194794287833,0.452,0.119,0.00368587933802046,Srfbp1,0.333
480,9.20393093837369e-05,1.09310940439148,0.645,0.312,1,Spen,0.333
481,9.26170152049646e-09,2.1198042710569,0.419,0.086,0.000104184880404065,Fgfr1op,0.333
482,9.69441204258462e-05,1.0803313727414,0.71,0.377,1,Smu1,0.333
483,3.29048437540655e-06,1.82341126827668,0.516,0.184,0.0370146587389483,Rptor,0.332
484,5.09425537132171e-06,1.70097519261568,0.516,0.184,0.0573052786719979,Ubap1,0.332
485,0.000129677961455968,1.04180175905563,0.742,0.41,1,Poldip3,0.332
486,1.64050678655084e-06,1.77731485368722,0.484,0.152,0.0184540608419104,Spata5,0.332
487,2.19675189776819e-06,1.73768139425079,0.484,0.152,0.0247112620979944,Cep104,0.332
488,4.78306981064778e-06,1.51528897291435,0.484,0.152,0.0538047522999769,Pomt2,0.332
489,0.00021643760313309,0.883916007236231,0.548,0.217,1,Rangap1,0.331
490,5.03192526870516e-07,1.75457239194868,0.452,0.121,0.00566041273476643,Dalrd3,0.331
491,1.84163651011561e-05,1.17519721132938,0.774,0.443,0.207165691022905,E2f4,0.331
492,3.53513495251446e-05,1.32451971767919,0.645,0.314,0.397667330808351,Tnrc6a,0.331
493,0.000565531675475,0.869953854213707,0.645,0.314,1,Fbxl14,0.331
494,1.0978432570519e-08,1.3964244603962,0.968,0.637,0.000123496387985768,H3f3b,0.331
495,1.8475227277119e-06,1.47333213307517,0.71,0.379,0.0207827831640311,Ppp3cb,0.331
496,4.91488582795077e-06,1.77952362427568,0.581,0.25,0.0552875506786183,Cyhr1,0.331
497,8.89226219302268e-06,1.52901269153355,0.71,0.379,0.100029057409312,Pacsin2,0.331
498,0.00016702523926359,1.15341266369972,0.71,0.379,1,Srrm1,0.331
499,2.64034116177357e-06,1.7739990741516,0.516,0.186,0.0297011977287909,Arl4d,0.33
500,1.31480796276756e-05,1.25503165175112,0.742,0.412,0.147902747731723,Lin7c,0.33
501,1.77766960837799e-05,1.32959665561372,0.516,0.186,0.19997005424644,Ppil4,0.33
502,8.17088747724428e-13,1.53980802322909,1,0.67,9.19143132315210e-09,Rsrp1,0.33
503,4.18204408658248e-06,1.59208572217022,0.484,0.154,0.0470438139299663,Aig1,0.33
504,6.45354870675135e-06,1.46084118889197,0.484,0.154,0.0725959694022459,Tmem186,0.33
505,8.89846857391387e-06,1.60396613099057,0.548,0.219,0.100098872987957,Mpdz,0.329
506,2.18518841783886e-05,1.4802065137589,0.548,0.219,0.245811845122693,Azi2,0.329
507,2.44780997153028e-05,1.52456678650236,0.548,0.219,0.275354143697441,Ammecr1,0.329
508,4.64100497205689e-05,1.37337834764163,0.548,0.219,0.52206664930668,Senp1,0.329
509,5.42882719639685e-05,1.26819611094957,0.548,0.219,0.610688771322682,Ankhd1,0.329
510,0.00032546212910245,0.995815553781448,0.677,0.348,1,Chchd3,0.329
511,3.24077668792848e-06,1.77686868233965,0.645,0.316,0.0364554969625075,Zdhhc5,0.329
512,6.04215993048454e-06,1.29176458208798,0.774,0.445,0.0679682570580206,Cpt1a,0.329
513,5.85866510702222e-05,1.33392907640975,0.581,0.252,0.65904123788893,Bcor,0.329
514,6.74761976779293e-05,1.2425766531782,0.71,0.381,0.759039747679026,Patz1,0.329
515,0.000172073657165295,1.11570570284328,0.71,0.381,1,Mtdh,0.329
516,0.000294962916451302,0.861885416091313,0.839,0.51,1,Ralgapa1,0.329
517,0.000976287125833969,0.820383575579109,0.71,0.381,1,Pja2,0.329
518,1.29722095953756e-05,1.47898853560223,0.613,0.285,0.14592438573838,Dmxl1,0.328
519,0.000350689246293779,1.03937742045369,0.613,0.285,1,Xiap,0.328
520,3.37440730160225e-17,3.79787617616954,0.355,0.027,3.79587077357237e-13,Plekhm3,0.328
521,1.17259792245332e-06,2.11688678767461,0.484,0.156,0.0131905540296774,Napg,0.328
522,5.38867647136278e-06,1.53884370089324,0.484,0.156,0.06061722162636,Hdhd2,0.328
523,0.00018328224845352,0.64492425333094,0.548,0.221,1,Dusp5,0.327
524,0.000515431747924499,0.973395194085075,0.677,0.35,1,Sf3a1,0.327
525,2.83486972350035e-05,1.35650452907723,0.516,0.189,0.318894495196555,Foxred1,0.327
526,0.000187854215494698,0.932593079165134,0.774,0.447,1,Fam193b,0.327
527,0.000244347185124832,1.05711900284096,0.645,0.318,1,Spag7,0.327
528,0.000717261825318239,0.842169326564037,0.774,0.447,1,Pigt,0.327
529,1.54013563894165e-05,1.54937786349363,0.581,0.254,0.173249858024547,Syne2,0.327
530,0.000132299515229521,1.13535527459142,0.581,0.254,1,Ccdc59,0.327
531,0.000122302166208908,1.29244365719625,0.613,0.287,1,Baz2b,0.326
532,4.52630401744303e-06,1.84416982844347,0.484,0.158,0.0509163938922167,Tapt1,0.326
533,9.16338934080659e-06,1.65585717129711,0.548,0.223,0.103078966694733,Nkapd1,0.325
534,7.73304470975481e-05,1.30883809544692,0.548,0.223,0.869890199400319,Rnf181,0.325
535,1.94591114309677e-07,1.64800072775063,0.774,0.449,0.00218895544486956,Pfkl,0.325
536,2.67074433321757e-07,2.17704822289138,0.452,0.127,0.00300432030043645,Zkscan8,0.325
537,1.78531051317e-05,1.53390465108169,0.516,0.191,0.200829579626494,Mxi1,0.325
538,4.9166701552027e-05,1.28026894325015,0.516,0.191,0.553076225758751,Tex2,0.325
539,0.000121844162286432,1.10863052706856,0.71,0.385,1,Psme3,0.325
540,0.000532538540994524,0.920272807529266,0.71,0.385,1,Add3,0.325
541,4.74520688453065e-05,1.14695041307002,0.742,0.418,0.533788322440853,Mkln1,0.324
542,0.000103619597027983,0.894091491428842,0.871,0.547,1,Rbbp6,0.324
543,1.88588660123654e-05,1.69878461376293,0.677,0.354,0.212143383773099,Tet3,0.323
544,0.000142149299432448,1.10176009558714,0.548,0.225,1,Kif13b,0.323
545,3.59492142319844e-07,2.31997865305212,0.452,0.129,0.00404392710895592,Rufy2,0.323
546,1.73061679910927e-06,1.59410771975543,0.452,0.129,0.0194677083731802,D10Wsu102e,0.323
547,0.000118141262366977,1.00217675721287,0.774,0.451,1,Slc23a2,0.323
548,2.70556849070684e-08,2.41961852616546,0.419,0.096,0.000304349399519612,Rfx3,0.323
549,4.00601550467428e-05,1.51121471140709,0.581,0.258,0.450636684120809,Smc5,0.323
550,0.000101292947805588,1.17396004110381,0.581,0.258,1,Rbm27,0.323
551,0.000108067324610127,1.33064246576527,0.581,0.258,1,Pdpk1,0.323
552,0.000158165754129964,1.23844876755552,0.581,0.258,1,Tsg101,0.323
553,0.00144431610006373,0.69412825133171,0.806,0.484,1,Nfic,0.322
554,2.92328765133443e-15,3.76569577042039,0.355,0.033,3.2884062789861e-11,Cdk2ap2,0.322
555,9.13987021486879e-06,1.65127184576892,0.548,0.227,0.102814400047059,Asxl2,0.321
556,2.8453851496495e-05,1.42375187015675,0.581,0.26,0.320077375484072,Dcaf11,0.321
557,0.000222441427836533,0.976318589291841,0.71,0.389,1,Zfp740,0.321
558,0.000549780267583906,1.00028903036076,0.71,0.389,1,Trappc6b,0.321
559,0.000388688947087438,1.01278863238516,0.613,0.293,1,Arfgap2,0.32
560,0.00917417475165727,0.538009049414429,0.742,0.422,1,Ep400,0.32
561,5.94782634238561e-15,3.99849797483477,0.355,0.035,6.69070985254958e-11,Wdtc1,0.32
562,8.29248517430458e-06,1.64208150356212,0.484,0.164,0.0932821657257522,Pcca,0.32
563,1.29799103379853e-05,1.50148317338931,0.484,0.164,0.146011011391996,Pcdhga5,0.32
564,4.09620313559853e-05,1.34536397147203,0.548,0.229,0.460781890723478,Cabin1,0.319
565,1.70288252445067e-06,1.78946393635334,0.452,0.133,0.0191557255175456,Zbtb45,0.319
566,2.39384635605773e-05,1.53945102358834,0.516,0.197,0.269283776592934,Brpf1,0.319
567,3.27007936187933e-05,1.36568395585163,0.516,0.197,0.367851227417806,Rprd1b,0.319
568,3.33582568070489e-05,1.43914611779265,0.516,0.197,0.375247030822493,Gtf3c3,0.319
569,2.95833062838206e-08,2.59649628824953,0.419,0.1,0.000332782612386698,Acaca,0.319
570,7.05682352449413e-08,2.32959665561372,0.419,0.1,0.000793822078270344,Ccdc157,0.319
571,1.94345959810997e-05,1.12090514485384,0.839,0.52,0.218619770191391,Adnp,0.319
572,6.4670576371827e-05,1.36130551534105,0.581,0.262,0.727479313606682,Slc20a1,0.319
573,8.37804389627633e-05,1.32177715115442,0.581,0.262,0.942446157892124,Fbxo21,0.319
574,0.000256248424754312,1.05384100867854,0.71,0.391,1,Rbm14,0.319
575,1.65289696556801e-05,1.47291402119254,0.548,0.23,0.185934379656745,Pgk1,0.318
576,6.30462488983826e-05,1.14563895719292,0.677,0.359,0.709207253857906,Ipo5,0.318
577,6.77842716177849e-05,1.31687541451234,0.548,0.23,0.762505271428463,Mtrex,0.318
578,8.84397280794039e-05,1.09782590196141,0.806,0.488,0.994858501165215,Hnrnpr,0.318
579,0.000415463385930132,1.07771293756787,0.677,0.359,1,Uhmk1,0.318
580,0.0012606506102648,0.807398950288046,0.677,0.359,1,Med25,0.318
581,0.000185845106562527,1.11125675110174,0.613,0.295,1,Atf6,0.318
582,0.000615751407456646,0.935750144148211,0.742,0.424,1,Stk11,0.318
583,1.00989672930729e-07,2.1282658498051,0.419,0.102,0.00113603283079777,Nr2c1,0.317
584,1.30513123238672e-07,2.08644567411047,0.419,0.102,0.00146814212331182,Ss18l2,0.317
585,1.90282938448627e-07,2.04580368961312,0.419,0.102,0.0021404927746086,Fdft1,0.317
586,0.0006696413626231,0.952694285221643,0.645,0.328,1,Rnf20,0.317
587,1.04021204104089e-13,3.63076619033428,0.355,0.039,1.1701345249669e-09,Tmem229b,0.316
588,9.26831275601168e-09,2.01832295319102,0.387,0.072,0.000104259250192375,Zc3h6,0.315
589,8.06512593377034e-08,2.26558489749304,0.419,0.104,0.000907246016289825,Rnf5,0.315
590,5.77216444237908e-06,1.57187250128071,0.452,0.137,0.0649310778123223,Ptdss2,0.315
591,6.93407529001205e-05,1.39751525352314,0.548,0.234,0.780014129373455,Fam98c,0.314
592,0.000256171313274451,0.901757319996418,0.806,0.492,1,Psmd11,0.314
593,0.00519453933762437,0.650944072271911,0.677,0.363,1,Hdac2,0.314
594,0.00122986542232632,0.929120709447792,0.71,0.396,1,Vbp1,0.314
595,0.00356918605784175,0.667292066359395,0.71,0.396,1,Anapc16,0.314
596,2.82543750878738e-09,2.69788038619282,0.387,0.074,3.17833465363492e-05,Upf3b,0.313
597,7.08378126980676e-06,1.80739895028805,0.516,0.203,0.0796854555040563,Gpatch8,0.313
598,2.03090990998777e-05,1.60101884694023,0.516,0.203,0.228457055774524,Kmt5c,0.313
599,0.00102693644448753,0.860448647601206,0.677,0.365,1,Tollip,0.312
600,5.74042350721768e-05,1.25138782326302,0.484,0.172,0.645740240326917,Map3k7,0.312
601,5.53290172152765e-07,2.36299386549382,0.452,0.141,0.00622396114654645,Zbtb18,0.311
602,6.99881208651449e-05,1.38629423552691,0.516,0.205,0.787296371612015,Gnl2,0.311
603,7.62334708858148e-05,1.22911090297618,0.516,0.205,0.857550313994531,Ap1ar,0.311
604,1.54585562013399e-23,5.32591160880586,0.323,0.012,1.73893298708873e-19,Tbc1d24,0.311
605,2.7392198853786e-05,1.35065827114155,0.645,0.334,0.308134844906239,Faf1,0.311
606,1.52094100528422e-12,3.7409491080847,0.355,0.045,1.71090653684422e-08,Pcmtd2,0.31
607,7.72629215302405e-12,2.80876449231228,0.355,0.045,8.69130604293676e-08,Tbc1d30,0.31
608,1.43172248280847e-06,1.13411210774078,0.871,0.561,0.0161054462091125,Tnks2,0.31
609,4.41807624681591e-05,1.58637207097583,0.516,0.207,0.496989397004322,Ptprs,0.309
610,5.58384551871112e-05,1.41777246700008,0.516,0.207,0.628126782399814,Pak4,0.309
611,0.000112779176602936,1.2932412403959,0.516,0.207,1,Dusp22,0.309
612,0.000204200994211413,1.13069258719964,0.645,0.336,1,Ambra1,0.309
613,0.00018279375181223,0.974811858041686,0.806,0.498,1,Ide,0.308
614,0.000446776544820006,1.17955507850195,0.548,0.24,1,Lsm4,0.308
615,7.55780272779163e-05,1.37904709772832,0.484,0.176,0.850177228849281,Cnst,0.308
616,0.000315821613451117,1.17133457169698,0.613,0.305,1,Rictor,0.308
617,8.0345550379887e-05,1.331558171947,0.581,0.273,0.903807096223349,Fnbp4,0.308
618,0.000478413587622724,0.891998353534089,0.71,0.402,1,Ppp3ca,0.308
619,0.00136033648941202,0.90141378027795,0.71,0.402,1,Cnot1,0.308
620,1.83024707392146e-06,2.17133457169698,0.452,0.145,0.0205884493345426,Rfx1,0.307
621,5.19407762882762e-06,1.85315861167073,0.452,0.145,0.0584281792466819,Ints10,0.307
622,5.61421507625879e-06,1.91509999796853,0.452,0.145,0.0631543053928351,Aak1,0.307
623,6.19534282029346e-06,1.82789865926899,0.452,0.145,0.0696914113854811,Stk39,0.307
624,9.97522650499873e-05,1.16848620938795,0.516,0.209,1,Ppox,0.307
625,0.000297630162408533,1.09160737922625,0.516,0.209,1,Slc48a1,0.307
626,3.93763839530264e-08,2.14533936316404,0.387,0.08,0.000442944943087594,Sall2,0.307
627,1.32957995638722e-05,1.18537813862099,0.774,0.467,0.149564449293998,Kansl1,0.307
628,4.19834436429583e-06,1.95465580155493,0.452,0.146,0.0472271757539638,Leo1,0.306
629,4.9183203796961e-05,1.4443530661034,0.548,0.242,0.553261859512014,Pi4ka,0.306
630,7.23874368095535e-05,1.32820342031385,0.677,0.371,0.814286276670667,Vezf1,0.306
631,0.000197194311291072,0.910644106331489,0.806,0.5,1,Nxf1,0.306
632,0.000280605220353417,0.919694920463302,0.806,0.5,1,Ubxn4,0.306
633,0.000580125147139895,0.959884663428122,0.806,0.5,1,Fam168b,0.306
634,2.2711271256428e-11,3.15827841887154,0.355,0.049,2.55479090363559e-07,Acvr2b,0.306
635,1.06899485939181e-06,1.97541436172173,0.419,0.113,0.0120251231732984,Tctn3,0.306
636,2.94296255684874e-05,1.61041754494248,0.484,0.178,0.331053858019915,Tmem68,0.306
637,8.79612285681076e-05,1.25062348150162,0.484,0.178,0.989475860162642,Pdcd7,0.306
638,0.000170559074973195,1.39554972864025,0.613,0.307,1,Impa1,0.306
639,0.000685848966886425,1.00140957025467,0.613,0.307,1,Ptpn23,0.306
640,0.00273479283556749,0.745144211479414,0.742,0.436,1,Cox8a,0.306
641,0.000266242575403319,1.15271889352964,0.581,0.275,1,Ralgapb,0.306
642,0.00046186431086047,1.02661012437981,0.581,0.275,1,Prkce,0.306
643,0.00134256587865487,0.802100762031265,0.71,0.404,1,Dnm1l,0.306
644,4.33431012688019e-08,1.10077014883105,1,0.695,0.000487566546172752,Hnrnpu,0.305
645,0.000101286546260494,1.40837376899783,0.516,0.211,1,Aagab,0.305
646,0.000136154048663874,1.22866774676294,0.516,0.211,1,Tbce,0.305
647,0.00441775512342924,0.639178430150481,0.774,0.469,1,Snrnp200,0.305
648,2.68034853536576e-08,2.43282681272237,0.387,0.082,0.000301512406743295,Lonrf1,0.305
649,9.48142536183079e-05,1.25439031142454,0.645,0.34,1,R3hdm1,0.305
650,0.000102418778727814,1.395990044542,0.548,0.244,1,Mcoln1,0.304
651,1.19317590980437e-10,2.54330334908394,0.355,0.051,1.34220358093894e-06,Nadsyn1,0.304
652,1.40048847871685e-07,2.5133086087861,0.419,0.115,0.00157540948970858,Ufsp2,0.304
653,2.33588035378905e-06,1.7059536867285,0.419,0.115,0.026276318099773,Rab11fip2,0.304
654,3.50370055551322e-05,1.53594264413269,0.484,0.18,0.394131275489682,Pgam5,0.304
655,3.4745103555926e-06,1.30190204823654,0.839,0.535,0.0390847669900612,Pcbp2,0.304
656,5.09209839964055e-05,1.20450143563218,0.71,0.406,0.572810148975566,Gtf3c2,0.304
657,6.01585240939389e-05,1.00688470032082,0.839,0.535,0.676723237532719,Prpf4b,0.304
658,0.000168630987935928,0.892724359608736,0.839,0.535,1,Ndufs2,0.304
659,0.00144208244394575,1.00315935220463,0.581,0.277,1,Gcc2,0.304
660,0.0023673904360229,0.788244413845482,0.839,0.535,1,Paip1,0.304
661,0.000124074819667969,1.25730779480684,0.516,0.213,1,Zdhhc16,0.303
662,0.000364099788464594,1.04580368961312,0.516,0.213,1,Mllt1,0.303
663,1.53971680697501e-18,4.93888848569661,0.323,0.02,1.73202743616619e-14,Ankrd33b,0.303
664,1.56823777008231e-07,1.80294716571696,0.387,0.084,0.00176411066756559,Ddit3,0.303
665,0.000129221482328959,1.26683056892534,0.645,0.342,1,Zc3h4,0.303
666,0.0002437821839571,0.964273804116527,0.742,0.439,1,Scaf1,0.303
667,0.00282713800770138,0.740618858560339,0.645,0.342,1,Ndufs7,0.303
668,7.84995739212104e-06,1.84144519110694,0.452,0.15,0.0883041707039696,Nucb2,0.302
669,8.32079229991155e-06,1.8187347810672,0.452,0.15,0.0936005925817051,Mknk1,0.302
670,9.76386359225621e-06,1.65348626683436,0.452,0.15,0.10983370154929,Zer1,0.302
671,1.22169199065546e-05,1.74918668325495,0.452,0.15,0.137428132028833,Dnaja4,0.302
672,0.00585283592034608,0.641689839370517,0.677,0.375,1,Etfa,0.302
673,1.57777108824464e-06,1.94000902559053,0.419,0.117,0.0177483469716639,Zfp462,0.302
674,2.20006196562002e-06,1.77571452624538,0.419,0.117,0.0247484970512596,Alkbh1,0.302
675,1.2065495258628e-05,1.7763430146199,0.484,0.182,0.135724756164306,Phf8,0.302
676,3.00111574718799e-05,1.71322835052625,0.484,0.182,0.337595510401177,Gse1,0.302
677,9.64846296673506e-05,1.37954108679012,0.484,0.182,1,Dyrk1b,0.302
678,0.000247098050080803,1.12585694117916,0.71,0.408,1,Cdk13,0.302
679,0.000589696469951034,0.973047347177811,0.581,0.279,1,Gabbr1,0.302
680,3.97588711271971e-08,2.48508873513865,0.387,0.086,0.00044724754130984,Als2,0.301
681,3.17352811775487e-07,1.72387559472576,0.387,0.086,0.00356990177966245,Uqcc1,0.301
682,0.00390952188200163,0.664094366400345,0.645,0.344,1,Prpf19,0.301
683,0.000174747344557024,1.19538004566363,0.613,0.312,1,Zfc3h1,0.301
684,0.00560604790617887,0.770360497088251,0.742,0.441,1,Sec13,0.301
685,3.68543968515495e-07,1.53527822323301,0.806,0.506,0.0041457511018308,Mat2a,0.3
686,2.22499506418307e-05,1.60723067587349,0.452,0.152,0.250289694769953,Slc25a28,0.3
687,7.4658723150881e-05,1.73955721695803,0.548,0.248,0.839835976724261,Rnf6,0.3
688,1.41976671928809e-16,4.48637628099911,0.323,0.023,1.59709558252718e-12,Scn8a,0.3
689,1.52072505722556e-16,4.25225456708055,0.323,0.023,1.71066361687303e-12,Camsap1,0.3
690,1.68314583586439e-06,1.87587868817081,0.419,0.119,0.0189337075076385,Vps45,0.3
691,6.1333609138225e-05,1.54623268012261,0.484,0.184,0.689941769195893,Noct,0.3
692,0.000118831887806923,1.42590739878258,0.581,0.281,1,Xpo6,0.3
693,0.00152281642469191,0.849406476809621,0.581,0.281,1,Megf8,0.3
694,8.35538963757934e-08,2.40837376899783,0.387,0.088,0.0009398977803313,Fig4,0.299
695,1.50420507611683e-07,2.21291367544838,0.387,0.088,0.00169208029012382,Ecsit,0.299
696,0.000106127575929555,1.29937776619785,0.645,0.346,1,Clk2,0.299
697,0.000169045206699311,1.24784746555777,0.516,0.217,1,Ciapin1,0.299
698,0.00489844400594475,0.767268190239143,0.645,0.346,1,Eprs,0.299
699,0.00153539010154376,0.971256736248071,0.613,0.314,1,Ddx1,0.299
700,2.04542067968579e-05,1.64987501328199,0.452,0.154,0.230089372257855,Mphosph6,0.298
701,0.000388596718690999,1.03234142980656,0.677,0.379,1,Med20,0.298
702,1.86554087002073e-07,2.8113384359761,0.419,0.121,0.00209854692468632,Nlk,0.298
703,1.84534855339406e-06,2.19432621432321,0.419,0.121,0.0207583258771298,Cluap1,0.298
704,2.0861109570918e-06,2.0101797798824,0.419,0.121,0.0234666621563256,Siah1a,0.298
705,2.21422291431187e-06,1.99269235315356,0.419,0.121,0.0249077935630942,Ngrn,0.298
706,8.34749207893612e-05,1.36299386549382,0.484,0.186,0.939009383959524,Alkbh6,0.298
707,0.000147467924127113,1.24933708369826,0.484,0.186,1,Elp4,0.298
708,0.000197379077683433,1.16044625555425,0.484,0.186,1,Rhbdf2,0.298
709,0.000127201180710848,1.4369944469376,0.516,0.219,1,Hdac5,0.297
710,0.000479882078611681,1.07257059917591,0.645,0.348,1,Fnip2,0.297
711,0.00144159263726822,0.853158611670729,0.645,0.348,1,Fxr2,0.297
712,0.00100161534176255,0.832809966278926,0.742,0.445,1,Scaf11,0.297
713,5.11412003757959e-05,1.39179954446232,0.452,0.156,0.575287363027329,Cwc22,0.296
714,0.000301527352293166,1.29091618744966,0.548,0.252,1,Zbtb22,0.296
715,0.000352421945411891,1.0805691077738,0.677,0.381,1,Ndufs3,0.296
716,0.000376309993606054,1.20584410212359,0.548,0.252,1,Fbxw5,0.296
717,0.000410019481691569,1.16609792333084,0.548,0.252,1,Nelfa,0.296
718,0.000539285592528042,1.03860818820892,0.548,0.252,1,Thra,0.296
719,0.00116497807870061,0.903623678653717,0.677,0.381,1,Hgs,0.296
720,5.98457331675526e-05,1.47133356270961,0.484,0.188,0.673204652401799,Vps8,0.296
721,0.000198590384338213,1.31948533964643,0.581,0.285,1,Mtor,0.296
722,0.000473982764706644,1.09642976268309,0.581,0.285,1,Rabgap1l,0.296
723,3.32851570228808e-07,2.1198042710569,0.387,0.092,0.00374424731350386,Vps37c,0.295
724,4.13323064991526e-07,2.16316064025128,0.387,0.092,0.00464947115808968,Wfs1,0.295
725,0.00010374343708772,1.38587913121075,0.516,0.221,1,Dgcr8,0.295
726,0.000199414170201199,0.776986931185325,0.774,0.479,1,Jam2,0.295
727,0.000811165687515146,1.04580368961312,0.645,0.35,1,Mbnl1,0.295
728,0.00136765577129732,1.04106577060646,0.645,0.35,1,Orc4,0.295
729,0.00411316995852575,0.560376862442883,0.774,0.479,1,Slc25a5,0.295
730,0.000142116520568228,1.40046857091249,0.613,0.318,1,Ccar2,0.295
731,0.000168600201293459,1.23844876755552,0.484,0.189,1,Sp2,0.295
732,0.000356391303839217,1.10720423427727,0.613,0.318,1,Camta2,0.295
733,2.43424562340388e-05,1.75302194038528,0.452,0.158,0.273828290176703,Nelfcd,0.294
734,0.000181861474746523,0.894140894563541,0.806,0.512,1,Snrnp70,0.294
735,0.000218447964662349,1.24743755078278,0.548,0.254,1,Stom,0.294
736,0.00131899890932616,0.875878688170812,0.548,0.254,1,Tfip11,0.294
737,2.83709363601394e-14,3.74624340775422,0.323,0.029,3.19144663115208e-10,Arntl,0.294
738,3.58600285257038e-14,3.97541436172173,0.323,0.029,4.03389460885642e-10,Uckl1,0.294
739,1.28771849978705e-06,2.32959665561372,0.419,0.125,0.0144855454041045,Tmem230,0.294
740,4.55006026205244e-06,1.98995045487961,0.419,0.125,0.0511836278878279,Wdr59,0.294
741,0.000874403845312253,1.09035012856639,0.581,0.287,1,Uap1,0.294
742,5.95593516452319e-07,1.98351941135878,0.387,0.094,0.00669983146657214,Tmem67,0.293
743,9.49600497392558e-05,1.51146726196194,0.516,0.223,1,Copg2,0.293
744,0.000860713025496409,1.04580368961312,0.645,0.352,1,Ddrgk1,0.293
745,0.00890213905972132,0.562286452451514,0.645,0.352,1,Tomm20,0.293
746,0.000199788101578545,1.26153238066856,0.484,0.191,1,Fiz1,0.293
747,0.000258338598984783,1.22791810006335,0.613,0.32,1,Cse1l,0.293
748,0.00507975281791676,0.62626479809934,0.742,0.449,1,Pgrmc2,0.293
749,7.70875201002464e-14,4.04580368961313,0.323,0.031,8.67157513607671e-10,Arhgap39,0.292
750,1.95003493134355e-13,3.33531030680811,0.323,0.031,2.19359429426836e-09,Gas8,0.292
751,1.86886102474838e-05,1.79426492261716,0.452,0.16,0.210228176673946,Clpp,0.292
752,5.18217924725208e-05,1.28547410238141,0.677,0.385,0.582943343523386,Emc1,0.292
753,9.89308504380076e-05,1.25138782326302,0.452,0.16,1,Tyk2,0.292
754,0.00025812258916603,1.2148619472379,0.548,0.256,1,Rnf40,0.292
755,0.000358473799964231,1.26339512468575,0.548,0.256,1,Tbc1d19,0.292
756,0.000366098372227679,1.20708459664619,0.548,0.256,1,Ints13,0.292
757,0.000914248479635614,1.00712322144907,0.548,0.256,1,Zfp800,0.292
758,1.07874507906214e-05,1.61284428233702,0.419,0.127,0.1213480339437,Pcdhga7,0.292
759,0.00088502868014073,0.996894089132178,0.581,0.289,1,Golgb1,0.292
760,1.30207265466342e-06,1.90830016586319,0.387,0.096,0.0146470152923088,Gatd1,0.291
761,5.21437929530006e-05,1.79138241408404,0.516,0.225,0.586565526928303,Htt,0.291
762,0.000110680997854426,1.52008039226664,0.516,0.225,1,Nsmce2,0.291
763,0.000426929418061395,1.10720423427727,0.516,0.225,1,Mecp2,0.291
764,5.26665934982489e-05,1.63076619033428,0.484,0.193,0.592446510261802,Hnrnph3,0.291
765,0.000264367029269214,1.1282658498051,0.484,0.193,1,Nup160,0.291
766,6.53552014710431e-05,1.52224173355611,0.452,0.162,0.735180661347763,BC005624,0.29
767,0.000171581643368766,1.44754436627851,0.548,0.258,1,Cuedc1,0.29
768,0.000403240981969166,1.21392644842145,0.548,0.258,1,Narf,0.29
769,0.00238348055797168,0.671520189664626,0.806,0.516,1,Crebbp,0.29
770,8.84930874604559e-06,1.86995385421371,0.419,0.129,0.0995458740842668,Enah,0.29
771,1.22983975064022e-05,1.68123125731727,0.419,0.129,0.138344673549518,Coq10a,0.29
772,1.45089107177655e-05,1.6028601937644,0.419,0.129,0.163210736664144,Mtif2,0.29
773,0.000848451392210881,1.07837155206956,0.581,0.291,1,Rab3gap2,0.29
774,0.000168541284249801,0.905780173884674,0.839,0.549,1,Chtop,0.29
775,1.33178411351946e-06,1.95834084836279,0.387,0.098,0.0149812394929805,Mphosph9,0.289
776,7.01990315039945e-05,0.881172987840325,0.935,0.646,0.789668905388434,Arglu1,0.289
777,0.000533026033163194,1.12523815710753,0.516,0.227,1,Pex6,0.289
778,0.000900496914715304,0.741469654740501,0.871,0.582,1,Dusp11,0.289
779,2.21991259763534e-08,2.30883809544692,0.355,0.066,0.000249717968108,Med12,0.289
780,0.00011482067494101,1.45125514006277,0.484,0.195,1,Bicral,0.289
781,0.000151941540123316,1.35548818874574,0.484,0.195,1,Luc7l,0.289
782,0.000196562740716871,1.32143813222655,0.484,0.195,1,Eef1akmt2,0.289
783,0.000719704623460466,0.947771606652598,0.484,0.195,1,Yars,0.289
784,0.00164434684379664,1.01952436481428,0.613,0.324,1,Coro2b,0.289
785,7.25775092031004e-05,1.58113542260968,0.452,0.164,0.816424401025676,Ipmk,0.288
786,7.65388739004072e-05,1.17345151270908,0.452,0.164,0.860985792505681,Tnfaip3,0.288
787,0.00010942077014289,1.32591160880586,0.452,0.164,1,Gon4l,0.288
788,0.000309441146622902,1.26153238066856,0.548,0.26,1,Zfp609,0.288
789,0.00193197936558779,0.863906046504736,0.677,0.389,1,Nptn,0.288
790,0.0057778335684996,0.58113542260968,0.806,0.518,1,Trim44,0.288
791,1.0814214536841e-05,1.80633775491774,0.419,0.131,0.121649099324925,Dvl3,0.288
792,1.82320152037035e-05,1.58637207097583,0.419,0.131,0.205091939026461,Dmac2,0.288
793,2.28107007874636e-05,1.47696085425525,0.419,0.131,0.256597573158178,Dmap1,0.288
794,0.00104750175857299,1.03888427567333,0.581,0.293,1,Mdh2,0.288
795,0.00240189659871079,0.793663924882625,0.71,0.422,1,Exoc6b,0.288
796,6.07188319408969e-07,2.29578194262147,0.387,0.1,0.00683026140503149,Akna,0.287
797,6.98921346376882e-05,1.5906090638623,0.516,0.229,0.786216622539354,Gnptg,0.287
798,0.000376981519882078,1.23022826075055,0.516,0.229,1,Rsbn1l,0.287
799,5.161751321727e-08,2.19780678305817,0.355,0.068,0.000580645406181071,Necap1,0.287
800,8.26768184014019e-05,1.64821132479369,0.484,0.197,0.93003153019737,Vps51,0.287
801,0.00151325053708687,0.990895348510735,0.613,0.326,1,Taf2,0.287
802,4.59470786734071e-05,1.6268511403309,0.452,0.166,0.516858687997157,Thada,0.286
803,0.000161256937475573,0.998899225022555,0.903,0.617,1,Pabpn1,0.286
804,0.000525514527013745,1.24706189786023,0.516,0.23,1,Ift52,0.286
805,0.00119939357953389,1.15827841887154,0.548,0.262,1,Mapk9,0.286
806,0.00128309740889041,0.90141378027795,0.516,0.23,1,Atxn2,0.286
807,0.0014278372405964,0.735701030122552,0.806,0.52,1,Sp3,0.286
808,0.00172472959276257,0.927806480214673,0.548,0.262,1,Gtf2b,0.286
809,0.00231395598926465,0.851689222603742,0.774,0.488,1,Dbnl,0.286
810,4.48279123244372e-28,6.68323361022842,0.29,0.004,5.04269185737594e-24,C2cd2l,0.286
811,1.08837709557132e-05,1.91869177170979,0.419,0.133,0.122431539480817,Dtx2,0.286
812,1.23038846319905e-05,1.72387559472576,0.419,0.133,0.138406398225261,Zdhhc12,0.286
813,0.00145064033896814,0.930326472193189,0.581,0.295,1,Ddx41,0.286
814,0.000116431216516161,1.00273496772124,0.806,0.521,1,Kmt2d,0.285
815,7.89477880368388e-08,2.17133457169698,0.355,0.07,0.000888083667626399,Pou6f1,0.285
816,7.3229047942675e-05,1.71282040621677,0.484,0.199,0.823753560307151,Rbm45,0.285
817,0.000108029151186707,1.53273410737375,0.484,0.199,1,Upf2,0.285
818,0.000115309203626258,1.58152267131443,0.484,0.199,1,Auh,0.285
819,0.000138066754341968,1.47133356270961,0.484,0.199,1,Smg9,0.285
820,0.000324967196565714,0.896809346040413,0.742,0.457,1,Plxna2,0.285
821,0.000560752407028523,1.06656224977992,0.613,0.328,1,Ctcf,0.285
822,0.00220847281504149,0.858176686437353,0.613,0.328,1,Baz2a,0.285
823,1.79457658491238e-11,3.25225456708055,0.323,0.039,2.01871920036794e-07,Ccp110,0.284
824,8.30706695191288e-05,1.52224173355611,0.452,0.168,0.93446196142068,Nedd4l,0.284
825,0.000260066320567666,1.37337834764163,0.548,0.264,1,Sys1,0.284
826,0.000337017595921059,1.02218008508723,0.774,0.49,1,Ube2q1,0.284
827,0.00053951875203486,1.06491251256083,0.645,0.361,1,Tmem9b,0.284
828,0.000844603963270629,0.903623678653717,0.677,0.393,1,Thoc2,0.284
829,0.00225023008336963,0.936179198438627,0.677,0.393,1,Fbrs,0.284
830,9.53841010621302e-26,6.89380059616807,0.29,0.006,1.0729757528479e-21,Madd,0.284
831,1.27325491401973e-25,5.74624340775422,0.29,0.006,1.43228445278079e-21,Sec14l2,0.284
832,1.78338446018207e-05,1.75629707241814,0.419,0.135,0.200612917925881,Mapk1ip1,0.284
833,0.00189033332300515,0.894494366338159,0.581,0.297,1,Polr2b,0.284
834,0.00219544020416195,1.02788178161586,0.581,0.297,1,Arhgap5,0.284
835,1.92784494268515e-05,0.953685487624693,0.935,0.652,0.216863277602652,Rnf10,0.283
836,1.26330042797515e-07,1.89199835353409,0.355,0.072,0.00142108665142925,Slc16a3,0.283
837,7.98060239789358e-05,1.5763184063119,0.484,0.201,0.897737963739048,Ttc1,0.283
838,8.644646006159e-05,1.68323361022842,0.484,0.201,0.972436229232826,Relch,0.283
839,0.000276861938689636,1.34536397147203,0.484,0.201,1,Angel2,0.283
840,0.000494018542361226,1.10720423427727,0.484,0.201,1,Bpnt1,0.283
841,0.000799798031173556,1.06458089664375,0.613,0.33,1,Psmd4,0.283
842,0.00159751151939682,0.951085032359986,0.613,0.33,1,Abcc5,0.283
843,0.00175438808515162,0.797876176169539,0.742,0.459,1,Srrt,0.283
844,1.84391934820913e-06,2.06598157155076,0.387,0.105,0.0207422487480046,Cnnm4,0.282
845,3.31439105930973e-06,1.91652067266816,0.387,0.105,0.0372835850261752,Zbtb43,0.282
846,3.85272054395062e-06,1.90444784036758,0.387,0.105,0.0433392533989005,Prmt7,0.282
847,3.92670440901518e-05,1.91509999796853,0.452,0.17,0.441714978970117,Fam204a,0.282
848,0.000131729055422609,1.60768257722124,0.516,0.234,1,Slc25a12,0.282
849,0.000187460118830104,1.19997461974088,0.645,0.363,1,Ap3d1,0.282
850,0.000424728600216305,1.43282681272237,0.548,0.266,1,Cnot10,0.282
851,0.000484520024766788,1.29984931221966,0.516,0.234,1,Tbrg4,0.282
852,0.000726138628125295,1.06030325930824,0.548,0.266,1,Cpsf3,0.282
853,0.00955576185438728,0.490427984880319,0.903,0.621,1,Pnrc1,0.282
854,0.000386899165019615,1.37171529841898,0.581,0.299,1,Mllt10,0.282
855,0.00079524202315219,1.10720423427727,0.581,0.299,1,Stx16,0.282
856,0.00324221069013636,0.64846819206774,0.71,0.428,1,Ccdc28b,0.282
857,0.00781109511732719,0.590124205836935,0.71,0.428,1,Ddx23,0.282
858,0.000821137080732419,1.04981675211975,0.677,0.396,1,Brwd1,0.281
859,1.83406201637125e-10,2.82341126827668,0.323,0.043,2.06313636221602e-06,Cep164,0.28
860,5.87043590968751e-05,1.60358136100805,0.452,0.172,0.660365335480748,Fam45a,0.28
861,0.000202495907125521,1.3330856416936,0.452,0.172,1,Csgalnact2,0.28
862,0.000349687148190967,1.24784746555777,0.516,0.236,1,Epc2,0.28
863,0.000522673521726775,1.24706189786023,0.516,0.236,1,Tmem41b,0.28
864,0.000685227180144643,1.12932704517541,0.516,0.236,1,Hypk,0.28
865,7.83403204140932e-05,1.3139998005627,0.419,0.139,0.881250264338135,Ccdc115,0.28
866,0.000386389532245008,1.28929790905127,0.581,0.301,1,Rbm15,0.28
867,0.000966057335671217,0.768778819288815,0.839,0.559,1,Hp1bp3,0.28
868,0.00142155542194442,0.79402041875404,0.839,0.559,1,Zc3h7a,0.28
869,0.000405025257939436,1.26339512468575,0.484,0.205,1,Atp8a1,0.279
870,0.000778594285299301,1.03523444790294,0.484,0.205,1,Krit1,0.279
871,0.00147160826953468,0.850115592105731,0.677,0.398,1,Phf12,0.279
872,0.00197426324894583,0.904941153773275,0.677,0.398,1,Chd1,0.279
873,0.00035903737021426,1.24743755078278,0.613,0.334,1,St3gal1,0.279
874,4.437525619514e-06,1.98995045487961,0.387,0.109,0.049917725693913,Gba2,0.278
875,6.72941825868354e-06,1.91652067266816,0.387,0.109,0.0756992259919311,Mccc2,0.278
876,9.2042994469745e-06,1.6672920663594,0.387,0.109,0.103539164479016,Tmem201,0.278
877,1.17439103140083e-05,1.68825168499504,0.387,0.109,0.132107247122279,Mpp6,0.278
878,3.69771408369064e-05,1.67656987994741,0.419,0.141,0.415955857274361,Zfp62,0.278
879,7.10937737979423e-05,1.61838246587845,0.452,0.174,0.799733861453053,Tob2,0.278
880,0.000252390670813923,1.46861853948369,0.548,0.27,1,Usp16,0.278
881,0.000420735252497865,1.39179954446232,0.516,0.238,1,Tmem63b,0.278
882,0.000595602991232539,1.26339512468575,0.516,0.238,1,Zfp407,0.278
883,1.8210582052597e-20,5.68965987938785,0.29,0.012,2.04850837509663e-16,Slc4a7,0.278
884,2.53221460811269e-20,5.46084118889197,0.29,0.012,2.84848821266596e-16,Klhl18,0.278
885,0.000740136405311376,0.971602747771708,0.71,0.432,1,Ube4b,0.278
886,0.00114537400515121,0.964883694229558,0.581,0.303,1,Usp48,0.278
887,0.00237733715804811,0.823411268276677,0.581,0.303,1,Urm1,0.278
888,0.00456944516155427,0.80091663048959,0.581,0.303,1,Drg2,0.278
889,0.004601034678563,0.717876854104319,0.581,0.303,1,Map1s,0.278
890,7.95478758279079e-05,1.68323361022842,0.484,0.207,0.894834055188136,Snrnp27,0.277
891,0.00020561231956283,1.36773178450049,0.484,0.207,1,Itsn1,0.277
892,0.00060962044469108,1.15450994905562,0.548,0.271,1,Fam193a,0.277
893,0.00129750537326951,0.982300747306967,0.548,0.271,1,Nfyb,0.277
894,0.00147223646179777,0.885932352834735,0.484,0.207,1,Wrnip1,0.277
895,0.00241365011789059,0.935379699919474,0.677,0.4,1,Ndufa4,0.277
896,3.90011300038928e-07,2.22764201259894,0.355,0.078,0.0043872371141379,Cep89,0.277
897,5.10321973779916e-07,2.01832295319102,0.355,0.078,0.00574061188305027,Zfp692,0.277
898,0.00136945399209403,0.967146745738126,0.613,0.336,1,Brd1,0.277
899,2.6010796739049e-06,2.20145456007332,0.387,0.111,0.0292595452517562,Ift22,0.276
900,8.732067677603e-06,1.82341126827668,0.387,0.111,0.0982270293053562,Gtpbp8,0.276
901,4.00485102221416e-05,1.54330334908394,0.419,0.143,0.45050569148887,Fam110a,0.276
902,4.33465277685315e-05,1.52922816387222,0.419,0.143,0.487605090868211,Dnajb14,0.276
903,8.39607351107318e-05,1.41353547411361,0.419,0.143,0.944474309260621,Cox19,0.276
904,0.000165385761572307,1.39554972864025,0.452,0.176,1,Mplkip,0.276
905,0.000417856233446835,1.10328918427388,0.452,0.176,1,Med31,0.276
906,0.000707440497200782,0.769131875855412,0.903,0.627,1,Acly,0.276
907,0.000430774446075423,1.03523444790294,0.71,0.434,1,Klc1,0.276
908,0.000440491316665386,1.20558413364989,0.581,0.305,1,Naa30,0.276
909,0.00209881106723422,0.932241130789925,0.581,0.305,1,Uqcc3,0.276
910,0.00283943713732346,0.96441536277247,0.581,0.305,1,Ice1,0.276
911,0.000111441508111474,1.2724962483832,0.677,0.402,1,Usp34,0.275
912,0.000525365161181257,1.25920732772232,0.548,0.273,1,Taf1,0.275
913,0.000815558481763743,1.11382211304178,0.484,0.209,1,Scaf8,0.275
914,0.00188312700552833,0.978689493754588,0.677,0.402,1,Aup1,0.275
915,0.00325630085465795,0.821939881060009,0.613,0.338,1,Ext1,0.275
916,0.00454905946408006,0.735016152330963,0.613,0.338,1,Rnf146,0.275
917,1.79626302618835e-09,2.74624340775422,0.323,0.049,2.02061627815927e-05,Bcl6,0.274
918,1.07383476635996e-05,1.74202294143602,0.387,0.113,0.120795672867832,Cdan1,0.274
919,2.69629265008558e-05,1.97971449915535,0.452,0.178,0.303305960208127,Galnt4,0.274
920,0.000110937421846179,1.57449797068754,0.452,0.178,1,Nfyc,0.274
921,0.000317877273888047,1.34536397147203,0.516,0.242,1,Dhdds,0.274
922,0.00042561445749451,1.48286749522197,0.516,0.242,1,Cerk,0.274
923,0.00124098551407415,0.958340848362785,0.516,0.242,1,Fam162a,0.274
924,0.00303122396528404,0.861885416091313,0.774,0.5,1,Dusp7,0.274
925,1.08902147296887e-17,4.67383491222617,0.29,0.016,1.22504025494269e-13,Mapre3,0.274
926,0.000903261523697456,1.07338952128502,0.581,0.307,1,Ccnt1,0.274
927,0.00179635505978141,1.14718070998821,0.581,0.307,1,Gtf2a1,0.274
928,0.00328710328354287,0.895244013037743,0.581,0.307,1,Tent2,0.274
929,5.71372649695069e-05,1.60101884694023,0.419,0.146,0.642737093641984,Sec61a2,0.273
930,0.000426832788786,1.31788323504993,0.484,0.211,1,Coq2,0.273
931,0.00101123994584672,1.02590413217542,0.484,0.211,1,Tmem39a,0.273
932,0.00386441434671319,0.815853917098595,0.677,0.404,1,Rabgap1,0.273
933,4.82158741511298e-07,2.36130551534105,0.355,0.082,0.00542380368326059,Chchd5,0.273
934,6.75317932067284e-07,2.209302421896,0.355,0.082,0.00759665141782487,Jmjd4,0.273
935,1.79023055351406e-06,1.74624340775422,0.355,0.082,0.0201383034964797,Pola1,0.273
936,0.00463537396869078,0.973395194085075,0.613,0.34,1,Dhx36,0.273
937,0.00759984275659762,0.591063766300549,0.613,0.34,1,Vmp1,0.273
938,5.08465528884223e-09,2.5763184063119,0.323,0.051,5.71972873441862e-05,Cfap410,0.272
939,0.000307318676147542,1.27180736450195,0.645,0.373,1,Ttc14,0.272
940,0.000550213933801799,1.12203927544021,0.452,0.18,1,Impact,0.272
941,0.000837411220726311,1.05055721958376,0.645,0.373,1,Tmem127,0.272
942,0.000901903448098995,1.13891309400461,0.516,0.244,1,Zrsr2,0.272
943,0.000977739583792225,1.01605634621907,0.516,0.244,1,Pwwp2b,0.272
944,0.00274988823357711,0.86589459959819,0.645,0.373,1,Gnpat,0.272
945,0.000869492678340894,1.19165455607658,0.581,0.309,1,Ahdc1,0.272
946,0.00386834108927788,0.858176686437353,0.581,0.309,1,Pip4p1,0.272
947,0.00811182628719552,0.623271653787357,0.71,0.438,1,Ubxn1,0.272
948,0.000100267164418762,1.34536397147203,0.419,0.148,1,Tmem29,0.271
949,0.000127228935781159,1.39810543354401,0.419,0.148,1,Nfx1,0.271
950,0.000137265108281397,1.60328545391217,0.548,0.277,1,Safb,0.271
951,0.000165803314734922,1.39554972864025,0.419,0.148,1,Kansl1l,0.271
952,0.000354572521130751,1.38587913121075,0.484,0.213,1,Rlf,0.271
953,0.000519265410621944,1.39503913049622,0.484,0.213,1,Zfp236,0.271
954,0.00104900461723299,1.01760679778247,0.484,0.213,1,Armc8,0.271
955,0.00123276113588557,0.958340848362785,0.677,0.406,1,Mmd,0.271
956,0.00558943791194333,0.711201764690652,0.677,0.406,1,Prcc,0.271
957,1.03583649402022e-06,2.1198042710569,0.355,0.084,0.0116521247212334,Aacs,0.271
958,0.00120814843538062,1.02097183663319,0.613,0.342,1,Max,0.271
959,0.00231996952061849,0.881058927276493,0.613,0.342,1,Mia3,0.271
960,1.53393724750012e-05,1.83635032398417,0.387,0.117,0.172552600971289,Pgm1,0.27
961,2.64708863471658e-05,1.65348626683436,0.387,0.117,0.297771000519268,Prkd1,0.27
962,3.95017238372402e-05,1.47945686705932,0.387,0.117,0.444354891445115,Capn10,0.27
963,0.000122250043926847,1.59734318879683,0.452,0.182,1,Nt5c3,0.27
964,0.000784325137222137,1.25503165175112,0.645,0.375,1,Got2,0.27
965,0.000972594297830713,1.13507102771021,0.516,0.246,1,Kat5,0.27
966,0.000989364756844475,1.1122310513521,0.516,0.246,1,Nae1,0.27
967,0.00222015635487928,0.90141378027795,0.516,0.246,1,Mnat1,0.27
968,0.00141503733755192,1.02661012437981,0.581,0.311,1,Trappc11,0.27
969,0.000667000238043468,1.10720423427727,0.677,0.408,1,Trpm7,0.269
970,2.0819967419817e-06,2.02195694765876,0.355,0.086,0.0234203813505522,Map3k12,0.269
971,7.59276330018232e-05,1.59329148491562,0.419,0.15,0.854109943637509,Zfp574,0.269
972,0.000350859722292145,0.88572647412716,0.742,0.473,1,Ep300,0.269
973,0.000496740817631152,1.1731080138882,0.613,0.344,1,Helz,0.269
974,0.000835435728218159,1.12597403829711,0.613,0.344,1,Atg4b,0.269
975,0.0010206285033939,1.05922420537545,0.548,0.279,1,Zcchc8,0.269
976,0.00153220562970612,1.06281011491881,0.613,0.344,1,Arid4b,0.269
977,0.00341807973204589,0.762010723612534,0.548,0.279,1,Irf3,0.269
978,0.00393362550697048,0.782769283779331,0.613,0.344,1,Suds3,0.269
979,0.00434036406443927,0.755584454453101,0.742,0.473,1,Uba2,0.269
980,4.7078318596114e-15,4.92027280752927,0.29,0.021,5.29584005887686e-11,Epb41l2,0.269
981,8.04483819660722e-15,4.36773178450049,0.29,0.021,9.04963848736346e-11,Dennd6b,0.269
982,0.00039544568046255,1.07311103560886,0.71,0.441,1,Xpo1,0.269
983,0.000438772031126012,1.27050997678782,0.581,0.312,1,Aars,0.269
984,0.00178989165460477,1.00766856072635,0.581,0.312,1,Chm,0.269
985,1.94239021733122e-05,1.26306406680977,0.774,0.506,0.218499475547589,Atp6v0c,0.268
986,2.58586710700009e-05,1.68590774452674,0.387,0.119,0.29088419086644,Phka1,0.268
987,3.18232484163042e-05,1.63076619033428,0.387,0.119,0.357979721435006,Atrip,0.268
988,0.00018094981676254,1.44943642561972,0.452,0.184,1,Eif2ak3,0.268
989,0.000300100790084058,1.42689385696863,0.452,0.184,1,Nop2,0.268
990,0.000444375938704353,1.22764201259894,0.452,0.184,1,Aarsd1,0.268
991,0.00306641423522088,0.845270702240416,0.774,0.506,1,Gdi1,0.268
992,2.58624746034437e-06,2.09471329009407,0.355,0.088,0.0290926976814138,Cc2d1b,0.267
993,3.31892466017567e-06,1.92242127410784,0.355,0.088,0.0373345835023161,Acyp1,0.267
994,0.000105815112360431,1.51528897291435,0.419,0.152,1,Unc45a,0.267
995,0.000740811537726197,1.13434036421478,0.484,0.217,1,Chuk,0.267
996,0.000809460170105165,1.23202249839609,0.548,0.281,1,Ctif,0.267
997,0.00204460049872933,0.924788288651759,0.484,0.217,1,Chchd7,0.267
998,0.00265070688272235,0.937279232834956,0.548,0.281,1,Cdk8,0.267
999,0.00432338020432131,0.689387218340472,0.839,0.572,1,Selenot,0.267
1000,0.00138800730130867,1.15598660736355,0.581,0.314,1,Ensa,0.267
1001,0.00245437580232256,1.05558471040571,0.581,0.314,1,Tmx1,0.267
1002,0.0039519517892353,0.898160135546819,0.581,0.314,1,Coro7,0.267
1003,0.0075775005190027,0.69884680023424,0.71,0.443,1,Txn2,0.267
1004,2.12317826413664e-05,1.87587868817081,0.387,0.121,0.238836322932731,Cplane1,0.266
1005,2.99913165827629e-05,1.70876870233555,0.387,0.121,0.337372320239499,Hirip3,0.266
1006,0.000305575458937767,1.4922053598013,0.516,0.25,1,Kif2a,0.266
1007,0.000534272285024088,1.04580368961312,0.645,0.379,1,Ube2e3,0.266
1008,0.000642067536203013,1.37742518070433,0.516,0.25,1,Mafg,0.266
1009,0.00209444611533304,1.0383091530662,0.516,0.25,1,Rnf169,0.266
1010,0.00684356289549334,0.735701030122552,0.774,0.508,1,Srsf3,0.266
1011,4.20928241059776e-06,1.91652067266816,0.355,0.09,0.0473502178368142,Jrkl,0.265
1012,4.37469672468509e-06,1.87587868817081,0.355,0.09,0.0492109634559826,Dcun1d2,0.265
1013,5.90026635862233e-06,1.77278519520671,0.355,0.09,0.0663720962681426,Zfp955b,0.265
1014,6.36287900104492e-06,1.68015421729644,0.355,0.09,0.0715760258827543,Zc3h3,0.265
1015,0.000114863702972372,1.62130586108521,0.419,0.154,1,N4bp2,0.265
1016,0.000189562144194136,1.3519068173388,0.419,0.154,1,Yod1,0.265
1017,0.000266842287876436,1.29091618744966,0.419,0.154,1,Tsc1,0.265
1018,0.000649413030710036,1.26444397608847,0.484,0.219,1,Esco1,0.265
1019,0.00672997215139073,0.527074887292055,0.742,0.477,1,H2afv,0.265
1020,0.00140580798658096,1.06656224977992,0.581,0.316,1,Kmt2a,0.265
1021,3.71713551271446e-05,1.68825168499504,0.387,0.123,0.41814057382525,Mdc1,0.264
1022,5.48680265884341e-05,1.6707642582662,0.387,0.123,0.617210431093296,Grhpr,0.264
1023,0.000527606063447559,1.22704400428327,0.452,0.188,1,Mcu,0.264
1024,0.00103909431780691,1.23844876755552,0.516,0.252,1,Ppp2r5d,0.264
1025,0.00354380495839238,0.816069292935509,0.516,0.252,1,Ttc4,0.264
1026,0.00997571764786482,0.704945866190911,0.774,0.51,1,Far1,0.264
1027,0.00264743969239521,0.941467029798389,0.548,0.285,1,Smarcc1,0.263
1028,0.00451186436269446,0.868925927529046,0.548,0.285,1,Washc1,0.263
1029,0.00540672647307352,0.801677746329395,0.677,0.414,1,Ndufv2,0.263
1030,9.15239592728138e-06,1.70002885277139,0.355,0.092,0.102955301785988,Supv3l1,0.263
1031,9.8435440129225e-06,1.5564188488742,0.355,0.092,0.110730026601365,Xylt1,0.263
1032,0.000139989102641186,1.53335368867634,0.419,0.156,1,Spata2,0.263
1033,0.000175253858172674,1.74463415489256,0.452,0.189,1,Tbcel,0.263
1034,0.000326191075105076,1.50783866842914,0.452,0.189,1,Gtf2ird1,0.263
1035,0.000501473434680557,0.993235638808971,0.806,0.543,1,Stat3,0.263
1036,0.000612645961617212,1.31687541451234,0.484,0.221,1,Arhgap26,0.263
1037,0.000654959260647107,1.2932412403959,0.484,0.221,1,Mga,0.263
1038,0.00107849895682207,1.02343587658467,0.484,0.221,1,Dcun1d3,0.263
1039,0.00169700406008003,0.962387681425487,0.484,0.221,1,Wdr6,0.263
1040,0.00282862433169021,0.811142430943413,0.742,0.479,1,Atp6v1d,0.263
1041,0.00196805148004138,0.973047347177811,0.581,0.318,1,Ube4a,0.263
1042,5.52236643405623e-08,2.92550945589541,0.323,0.061,0.000621211000166986,Hmgn1,0.262
1043,9.93102431182842e-08,2.3828386768907,0.323,0.061,0.00111714092483758,Slc9a5,0.262
1044,5.33605237209366e-05,1.64587308272449,0.387,0.125,0.600252531336816,Stk38l,0.262
1045,0.000538259677059184,1.44676600368025,0.516,0.254,1,Akap11,0.262
1046,0.00162844802197598,1.09363221470374,0.516,0.254,1,Fip1l1,0.262
1047,0.00235210295233757,0.970515562308888,0.516,0.254,1,Aco2,0.262
1048,0.00295433128340634,0.870361683203247,0.516,0.254,1,Psip1,0.262
1049,0.00410807066457582,0.734035460945984,0.774,0.512,1,Polr2a,0.262
1050,0.00467742994955003,0.80479559010933,0.645,0.383,1,Emc4,0.262
1051,2.8986714479875e-06,2.5564188488742,0.355,0.094,0.0326071551184114,Nsf,0.261
1052,1.33978804580355e-05,1.30556296341406,0.806,0.545,0.150712757272441,Lsm14a,0.261
1053,8.49681893887485e-05,1.8187347810672,0.419,0.158,0.955807162434032,Scap,0.261
1054,0.000130860450369341,1.72387559472576,0.419,0.158,1,Abtb1,0.261
1055,0.000138490405253098,1.59954745972356,0.419,0.158,1,Usp37,0.261
1056,0.000710469321298339,1.40837376899783,0.484,0.223,1,Srp54b,0.261
1057,0.000785913960322405,1.17133457169698,0.452,0.191,1,Ncdn,0.261
1058,0.00101796601580425,1.08738279336452,0.484,0.223,1,Sipa1l3,0.261
1059,0.00110773643953198,0.98953546996638,0.452,0.191,1,Pcdhgb2,0.261
1060,0.00141766969768198,0.951085032359986,0.613,0.352,1,Zfp871,0.261
1061,0.00205578388641936,0.95335744084853,0.613,0.352,1,Mycbp2,0.261
1062,0.00269960708229489,0.629156937472624,0.806,0.545,1,Tpp1,0.261
1063,0.00309289110527784,0.875878688170812,0.613,0.352,1,Ncln,0.261
1064,0.00140295406077535,0.834494767405693,0.71,0.449,1,Smarce1,0.261
1065,0.00104716370454404,1.17133457169698,0.516,0.256,1,Smpd1,0.26
1066,0.00105791585186739,1.19336087802698,0.516,0.256,1,Cnot4,0.26
1067,0.00114349127910708,1.28735836803647,0.516,0.256,1,Phax,0.26
1068,0.00168813896196219,0.832809966278926,0.645,0.385,1,Zfp598,0.26
1069,0.00197488425100581,0.98953546996638,0.516,0.256,1,Trap1,0.26
1070,0.00236747187655255,0.976908608402057,0.516,0.256,1,Znrf2,0.26
1071,0.00153701626558839,1.09984352932601,0.677,0.418,1,Pcf11,0.259
1072,2.90787993853679e-07,2.60970457480645,0.323,0.064,0.00327107414286003,Tmem138,0.259
1073,0.00014969940507735,1.62626479809934,0.419,0.16,1,Cox15,0.259
1074,0.000246598437244645,1.40534607630026,0.419,0.16,1,Eps15l1,0.259
1075,0.000340011439290085,1.31788323504993,0.419,0.16,1,Zfp263,0.259
1076,0.00042557140247404,1.25225456708055,0.419,0.16,1,Tango6,0.259
1077,0.000813804053920283,1.33096090634506,0.452,0.193,1,Gart,0.259
1078,0.00244644131547363,1.02026859750599,0.484,0.225,1,Hpf1,0.259
1079,4.46268115524812e-05,1.33044455163629,0.71,0.451,0.502007003153861,Cnot6,0.259
1080,0.00157563177675022,1.1301958769035,0.581,0.322,1,Mfn1,0.259
1081,0.00232111715993226,1.04580368961312,0.581,0.322,1,Ing4,0.259
1082,0.00248272862798926,0.889586107591411,0.71,0.451,1,Khsrp,0.259
1083,0.00814157309259759,0.609363713602057,0.71,0.451,1,Srsf1,0.259
1084,0.000105233883691275,1.46084118889197,0.387,0.129,1,Snapc2,0.258
1085,0.000348337111699894,1.15503275936788,0.645,0.387,1,Dynll2,0.258
1086,0.00374078910771093,0.7170219236847,0.742,0.484,1,Fbxw8,0.258
1087,0.00391122740909265,0.697880386192818,0.742,0.484,1,Atn1,0.258
1088,0.00419675841821533,0.536790042125267,0.613,0.355,1,Pdia5,0.258
1089,0.00520569341327435,0.805489360279414,0.516,0.258,1,Rtf1,0.258
1090,0.000714451570122515,1.10853944496109,0.677,0.42,1,Alg10b,0.257
1091,0.00197061240757601,1.04580368961312,0.548,0.291,1,Togaram1,0.257
1092,0.00499234180254905,0.871974233714896,0.677,0.42,1,Ndufa7,0.257
1093,3.90254416962873e-11,3.7701692469997,0.29,0.033,4.38997193641536e-07,Stk35,0.257
1094,3.53439059956399e-06,2.80479559010933,0.355,0.098,0.0397583598544953,Cdr2,0.257
1095,1.47941727061846e-05,1.80876449231228,0.355,0.098,0.16641964877187,Lysmd4,0.257
1096,1.76809176652713e-05,1.74624340775422,0.355,0.098,0.198892642816637,D11Wsu47e,0.257
1097,0.000433739481384841,1.32698544215718,0.484,0.227,1,Me2,0.257
1098,0.000686690018899501,1.2732141857162,0.452,0.195,1,Prelid3b,0.257
1099,0.000770055285663903,0.814239622378427,0.806,0.549,1,Usf2,0.257
1100,0.00134957682436039,1.18161754495884,0.484,0.227,1,Ckap5,0.257
1101,0.00137773073180575,1.01605634621907,0.452,0.195,1,Snx27,0.257
1102,0.00102005638985179,1.13291435338316,0.581,0.324,1,Vti1a,0.257
1103,0.0055954337089421,0.784843612017189,0.581,0.324,1,Seh1l,0.257
1104,0.00142809004484529,1.14633056556709,0.516,0.26,1,Rnf214,0.256
1105,0.001763223736821,1.0536658073861,0.516,0.26,1,Abcf1,0.256
1106,0.00232590452571928,1.01832295319102,0.516,0.26,1,Rbmx,0.256
1107,0.00282641915230793,1.04580368961312,0.516,0.26,1,Trim26,0.256
1108,0.00354523264839199,0.905322466063295,0.516,0.26,1,Washc4,0.256
1109,0.00653242429775609,0.754572391948679,0.516,0.26,1,Cbx1,0.256
1110,0.000360796576259634,1.35847947126229,0.548,0.293,1,Arih2,0.255
1111,0.0015555749323638,1.03913995933211,0.548,0.293,1,Lsm12,0.255
1112,2.67912563250006e-06,1.07083662027755,0.935,0.68,0.0301374842399931,Purb,0.255
1113,1.47696299427658e-05,2.02026859750599,0.355,0.1,0.166143567226172,Ap4e1,0.255
1114,0.000727262426073142,1.25920732772232,0.452,0.197,1,Slc33a1,0.255
1115,0.000834532329464327,1.31788323504993,0.452,0.197,1,Atxn1,0.255
1116,0.00260362684204506,0.953881200172086,0.484,0.229,1,Taf8,0.255
1117,0.00193179156248773,1.09434754157116,0.581,0.326,1,Bmi1,0.255
1118,0.00589899533143177,0.750842642326032,0.581,0.326,1,Adipor2,0.255
1119,9.32553392233972e-05,1.73914235137907,0.387,0.133,1,Repin1,0.254
1120,0.000138958304095719,1.47505504811167,0.387,0.133,1,Nup85,0.254
1121,0.000255247206472244,0.911679409598659,0.774,0.52,1,Smarcc2,0.254
1122,0.000626857405835402,1.32741020148334,0.613,0.359,1,Eif1b,0.254
1123,0.00267742462407404,1.016852315917,0.613,0.359,1,Rbm6,0.254
1124,0.00583894771337281,0.800327655163636,0.613,0.359,1,Larp4b,0.254
1125,0.00753596399933076,0.791382414084039,0.645,0.391,1,Prkcsh,0.254
1126,1.79453151898459e-06,1.93888848569661,0.323,0.07,0.0201866850570576,Ift74,0.253
1127,2.61642318168999e-05,1.7689634842543,0.355,0.102,0.294321443708307,Yju2,0.253
1128,2.76285224382414e-05,1.69032303501474,0.355,0.102,0.310793248907778,Mfsd12,0.253
1129,0.000470293155731382,1.34536397147203,0.419,0.166,1,Usp30,0.253
1130,0.00129536543675684,1.12203927544021,0.452,0.199,1,Dolk,0.253
1131,0.00564805623131646,0.870361683203247,0.581,0.328,1,Zfp592,0.253
1132,0.000131081580885447,1.58637207097583,0.387,0.135,1,Ttbk2,0.252
1133,0.000175991855303258,1.47594808128218,0.387,0.135,1,Hdhd5,0.252
1134,0.000801607400107395,1.03007076334853,0.742,0.49,1,Ttc7b,0.252
1135,0.000926002209424075,1.31788323504993,0.484,0.232,1,Crbn,0.252
1136,0.00254890316752222,0.922421274107842,0.484,0.232,1,Pcdhga12,0.252
1137,0.00502011662012322,0.849406476809621,0.516,0.264,1,Rab40c,0.252
1138,0.000518665495959448,0.964273804116527,0.677,0.426,1,Nudt3,0.251
1139,0.00751156456934035,0.754249243769281,0.548,0.297,1,Kdm3a,0.251
1140,1.99926872693388e-05,2.04580368961313,0.355,0.104,0.224897739092792,Usp49,0.251
1141,2.38759668165882e-05,1.8652314439713,0.355,0.104,0.2685807507198,Ing2,0.251
1142,2.81714425341786e-05,1.83079079864227,0.355,0.104,0.316900557066975,Cep78,0.251
1143,3.24468570132043e-05,1.66333405279071,0.355,0.104,0.364994694541535,Ltv1,0.251
1144,0.000332821057903626,1.68505634583523,0.419,0.168,1,Ift172,0.251
1145,0.000557464283851903,1.45125514006277,0.452,0.201,1,Iffo1,0.251
1146,0.00118349788788373,1.1238062016144,0.452,0.201,1,Cdc14a,0.251
1147,0.00145848777357779,1.1282658498051,0.452,0.201,1,Cog1,0.251
1148,0.0019143294720214,1.14856326403833,0.452,0.201,1,Brwd3,0.251
1149,0.00249913030319402,0.930326472193189,0.452,0.201,1,Nup155,0.251
1150,0.00344498236649693,0.792822948443254,0.452,0.201,1,Pdcd11,0.251
1151,0.00802911035010489,0.739995260089039,0.581,0.33,1,Tjap1,0.251
1152,3.49169933860432e-05,1.88660509476387,0.355,0.105,0.3927812585996,Trit1,0.25
1153,3.92790604479941e-05,1.72387559472576,0.355,0.105,0.441850150979486,Tsr2,0.25
1154,5.17937180450769e-05,1.61696039080925,0.355,0.105,0.58262753428907,Htra2,0.25
1155,5.96402683855058e-05,1.47426170465429,0.355,0.105,0.670893379068554,Camk2n1,0.25
1156,0.00541514556220309,0.925709844122819,0.613,0.363,1,Ascc3,0.25
1157,0.000688919846088037,1.23202249839609,0.548,0.299,1,Ncbp1,0.249
1158,2.15226184724347e-06,2.2226814516972,0.323,0.074,0.0242107935196418,Agbl5,0.249
1159,0.000653791933333346,1.48998753455149,0.452,0.203,1,Polr3k,0.249
1160,0.000694748151682643,1.39671085147225,0.452,0.203,1,E2f3,0.249
1161,0.000741270532756368,1.28606678778826,0.452,0.203,1,Cwf19l2,0.249
1162,0.00202386368500092,1.01760679778247,0.452,0.203,1,Eci1,0.249
1163,0.000257095532470293,1.66729206635939,0.419,0.17,1,Samd8,0.249
1164,0.000505175267545699,1.51925787511729,0.419,0.17,1,Capn15,0.249
1165,0.000634849781328188,1.32794691839462,0.419,0.17,1,Tmem170b,0.249
1166,0.000819942997164067,1.19336087802698,0.419,0.17,1,Oat,0.249
1167,0.000921138732263276,1.18782269448555,0.419,0.17,1,Entpd7,0.249
1168,0.00111319219966397,1.0578765219137,0.419,0.17,1,Tank,0.249
1169,4.53302867240648e-05,1.53820007159821,0.71,0.461,0.509920395359005,Ktn1,0.249
1170,0.00282369156863476,0.875878688170812,0.71,0.461,1,Srsf11,0.249
1171,4.04101406440967e-05,1.89605657010844,0.355,0.107,0.454573672105444,Rmdn3,0.248
1172,8.33053050004296e-05,1.50148317338931,0.355,0.107,0.937101375949832,Mlx,0.248
1173,0.00016258140713341,1.61953893491103,0.387,0.139,1,Vps9d1,0.248
1174,0.000199273548131341,1.60691944837991,0.516,0.268,1,Pik3r1,0.248
1175,0.000250045173365452,1.42689385696863,0.387,0.139,1,Irgq,0.248
1176,0.00221191627299033,1.09363221470374,0.484,0.236,1,Foxj3,0.248
1177,0.00351367269972268,0.901145446781242,0.613,0.365,1,Ecpas,0.248
1178,0.00459698055217914,0.875878688170812,0.484,0.236,1,Fbxo38,0.248
1179,0.00696573368106282,0.693014631021002,0.677,0.43,1,Pcmt1,0.247
1180,0.00892201091197184,0.760401470750876,0.548,0.301,1,Scfd1,0.247
1181,0.00114626667749431,1.22818043210169,0.452,0.205,1,Rnf31,0.247
1182,0.00163484087292664,1.13385986627832,0.452,0.205,1,Ikbip,0.247
1183,0.00234439744650146,1.05484882921613,0.452,0.205,1,Tmem260,0.247
1184,1.23593223172188e-08,2.54330334908394,0.29,0.043,0.000139030016746394,Acsl1,0.247
1185,0.000364299645081435,1.48637628099911,0.419,0.172,1,Urgcp,0.247
1186,0.000478552461619413,1.42521727916125,0.419,0.172,1,Zfp110,0.247
1187,0.000631085315677246,1.34536397147203,0.419,0.172,1,BC003965,0.247
1188,0.000761560325051286,1.36508220608654,0.419,0.172,1,Nars,0.247
1189,0.00447872137709901,0.864865695448395,0.581,0.334,1,Snx13,0.247
1190,0.000371113401840784,1.4019474998384,0.387,0.141,1,Dcbld2,0.246
1191,7.28795274306697e-05,1.61696039080925,0.355,0.109,0.819821804067603,Stradb,0.246
1192,7.89606426510383e-05,1.60839837730583,0.355,0.109,0.888228269181529,LTO1,0.246
1193,0.00116264282187426,1.34980987650322,0.484,0.238,1,Daxx,0.246
1194,0.00225096543129869,1.15650715401934,0.484,0.238,1,Fbxl20,0.246
1195,0.00277491544716465,1.0101797798824,0.484,0.238,1,Med14,0.246
1196,0.00363385211618313,0.911154162918343,0.516,0.27,1,Syvn1,0.246
1197,0.00772806468704701,0.823411268276677,0.516,0.27,1,Faf2,0.246
1198,0.0058776429712666,0.81314293282285,0.548,0.303,1,Lemd3,0.245
1199,0.00172181246900394,1.14963950059766,0.452,0.207,1,Atp5g1,0.245
1200,2.43187028126834e-06,2.86930603424733,0.323,0.078,0.0273561087939875,Clstn1,0.245
1201,6.14190301997461e-06,1.99135590559075,0.323,0.078,0.0690902670716944,Klhl12,0.245
1202,0.00067956186215179,1.26030820151926,0.419,0.174,1,Bmt2,0.245
1203,0.000893553585184632,1.2732141857162,0.419,0.174,1,Morc3,0.245
1204,0.000926282117091983,1.36299386549382,0.419,0.174,1,Zswim4,0.245
1205,0.00164827024634358,0.986910000559556,0.419,0.174,1,Las1l,0.245
1206,0.0047414852802694,0.715414015977566,0.645,0.4,1,Mbtps1,0.245
1207,0.00755542279979836,0.78045912309213,0.581,0.336,1,Pom121,0.245
1208,0.000250167042745543,1.62547189066477,0.387,0.143,1,Uspl1,0.244
1209,0.000342191047217494,1.38759220686133,0.387,0.143,1,Tspyl2,0.244
1210,4.34245334752774e-05,1.97541436172173,0.355,0.111,0.488482577063395,Kin,0.244
1211,6.18666437907283e-05,1.87587868817081,0.355,0.111,0.695937876001903,AW209491,0.244
1212,0.000110988313289768,1.53679004212527,0.355,0.111,1,Pot1a,0.244
1213,0.00123320968884429,1.24706189786023,0.484,0.24,1,Sirt6,0.244
1214,0.00202320347457693,0.827784399969767,0.806,0.562,1,Psmc6,0.244
1215,0.00216816388060018,1.26930973126028,0.484,0.24,1,Reps1,0.244
1216,0.00782546628175514,0.826969087689866,0.613,0.369,1,Cops8,0.244
1217,0.00864154518374551,0.755584454453101,0.548,0.305,1,Vkorc1l1,0.243
1218,0.00117161315625049,1.32959665561372,0.452,0.209,1,Eya3,0.243
1219,0.00200379677191664,1.27641661775454,0.452,0.209,1,Rbbp5,0.243
1220,2.39151974424487e-08,3.28026894325015,0.29,0.047,0.000269022056030105,Galnt7,0.243
1221,3.85976690484365e-08,2.69788038619282,0.29,0.047,0.000434185179125862,Sema6c,0.243
1222,8.65485964481218e-06,1.91652067266816,0.323,0.08,0.0973585161444922,Ankrd12,0.243
1223,0.0014241302205489,1.0578765219137,0.419,0.176,1,Abca7,0.243
1224,0.0021764240924133,0.952694285221643,0.419,0.176,1,Zfyve9,0.243
1225,0.00039346706622156,0.967397344147804,0.71,0.467,1,Pum1,0.243
1226,0.00233492400550026,1.10151312219941,0.581,0.338,1,Ppp5c,0.243
1227,0.00723342999506067,0.858176686437353,0.581,0.338,1,Rxrb,0.243
1228,0.00738263154718285,0.825252615100844,0.581,0.338,1,Thoc7,0.243
1229,0.000172020425469266,1.81314293282285,0.387,0.145,1,Pibf1,0.242
1230,0.000394582837426446,1.38759220686133,0.387,0.145,1,Eef2kmt,0.242
1231,0.000484697836062049,1.25062348150162,0.387,0.145,1,Wdr20,0.242
1232,0.00054436841553165,1.32959665561372,0.387,0.145,1,Guf1,0.242
1233,0.000935326949881228,1.04580368961312,0.387,0.145,1,Spg11,0.242
1234,9.11155893989008e-15,4.04580368961313,0.258,0.016,1.02495926514824e-10,Tyro3,0.242
1235,8.70498396548889e-05,1.72387559472576,0.355,0.113,0.979223646277845,Pick1,0.242
1236,0.00231452610320562,1.09957494605411,0.613,0.371,1,Pura,0.242
1237,0.00480974864783116,0.883916007236231,0.484,0.242,1,Afg3l1,0.242
1238,0.0066082223486391,0.751356331147869,0.742,0.5,1,Agap3,0.242
1239,0.00918270053772725,0.772785195206709,0.548,0.307,1,Chmp7,0.241
1240,0.000333386230180153,1.51237148953205,0.387,0.146,1,Cstf3,0.241
1241,0.00052461162788092,1.36773178450049,0.387,0.146,1,Zfp318,0.241
1242,0.000610967473952913,1.27528553573589,0.387,0.146,1,Zfp653,0.241
1243,0.000656567060810978,1.26619375803842,0.387,0.146,1,Eif2b4,0.241
1244,0.00150888561074417,1.23844876755552,0.452,0.211,1,Ndfip2,0.241
1245,0.00188806076529978,1.11815453383781,0.452,0.211,1,Msh2,0.241
1246,0.00209702970767696,1.16444818611174,0.452,0.211,1,Pip5k1a,0.241
1247,8.08644970036491e-06,2.19165455607658,0.323,0.082,0.0909644726794048,Uggt2,0.241
1248,1.21199385086232e-05,1.91335339358948,0.323,0.082,0.136337188283502,Rfesd,0.241
1249,0.000546294834933518,1.44886854722589,0.419,0.178,1,Cetn2,0.241
1250,0.000723317805742559,1.40469811085443,0.419,0.178,1,Zfp330,0.241
1251,0.000880636174214215,1.29373120305671,0.419,0.178,1,Cebpzos,0.241
1252,0.000997295802385603,1.3330856416936,0.419,0.178,1,Ttc39b,0.241
1253,0.00122145884015255,0.700028852771395,0.839,0.598,1,Hnrnpul1,0.241
1254,0.00179652881896646,1.12899762513952,0.516,0.275,1,Sntb2,0.241
1255,0.00615351750446137,0.926064445339029,0.516,0.275,1,Smc3,0.241
1256,0.0095094520299885,0.319978653052119,0.516,0.275,1,Lmnb1,0.241
1257,0.00624775376684287,0.782769283779331,0.581,0.34,1,Ero1l,0.241
1258,6.78504159843738e-14,4.30883809544692,0.258,0.018,7.63249329408221e-10,Spata1,0.24
1259,6.78504159843738e-14,4.30883809544692,0.258,0.018,7.63249329408221e-10,Elmod2,0.24
1260,1.01754082190685e-13,3.60523109822714,0.258,0.018,1.14463167056302e-09,Abhd14a,0.24
1261,0.000198451863971671,1.44376767553303,0.355,0.115,1,Brcc3,0.24
1262,0.000216904421050157,1.35392598497546,0.355,0.115,1,Neu1,0.24
1263,0.00607338726103743,0.787787358545956,0.613,0.373,1,Zfp384,0.24
1264,0.00717094489336598,0.789141366191931,0.742,0.502,1,Hadhb,0.24
1265,0.00172659031739102,1.21440329358887,0.548,0.309,1,Zgpat,0.239
1266,0.00481128901358362,0.999791291856289,0.548,0.309,1,Atxn7,0.239
1267,0.000352497721269983,1.57948568539059,0.387,0.148,1,Cenpc1,0.239
1268,0.000415816003657376,1.50664487850509,0.387,0.148,1,Ebag9,0.239
1269,0.000890252961789778,1.209302421896,0.387,0.148,1,Cep63,0.239
1270,0.00355110895631149,0.993715178464671,0.452,0.213,1,Lrrfip2,0.239
1271,7.28919498014394e-07,0.997160097253313,0.968,0.729,0.00819961543316392,Srsf5,0.239
1272,8.48306863541072e-06,1.11706237278295,0.839,0.6,0.0954260390797352,Zfp207,0.239
1273,1.37891715232499e-05,2.02343587658467,0.323,0.084,0.155114390465039,Zfp398,0.239
1274,2.00073438768399e-05,1.95269428522164,0.323,0.084,0.225062611270573,Itfg2,0.239
1275,0.000460996648828197,1.67454788236219,0.419,0.18,1,Med6,0.239
1276,0.00109891530014829,1.31645127955679,0.419,0.18,1,Rnf121,0.239
1277,0.00147547038088812,1.34536397147203,0.516,0.277,1,Borcs8,0.239
1278,0.00247779973864742,1.10961878721057,0.516,0.277,1,Clk3,0.239
1279,0.00558136512625477,0.871666436883898,0.645,0.406,1,Ddx39b,0.239
1280,0.00444991776045769,0.988772744576746,0.581,0.342,1,Hdgfl2,0.239
1281,0.00647406746777112,0.886976397054143,0.581,0.342,1,Atrn,0.239
1282,0.000813564121154121,1.15271889352964,0.677,0.439,1,Ube3a,0.238
1283,5.38850901771328e-13,3.82341126827668,0.258,0.02,6.06153379402567e-09,Armc9,0.238
1284,7.01524091711461e-05,2.02873017625418,0.355,0.117,0.789144450766223,Ormdl3,0.238
1285,0.00310272812209624,1.05402419641809,0.484,0.246,1,Map3k2,0.238
1286,0.00451060653577206,0.927408988810895,0.484,0.246,1,Vps72,0.238
1287,0.00179583144343771,1.08850814056736,0.548,0.311,1,Sec23a,0.237
1288,2.01627837138105e-05,2.08887241150501,0.323,0.086,0.226811153996654,Strbp,0.237
1289,2.66423233095678e-05,1.79787617616954,0.323,0.086,0.299699494909329,Acsf3,0.237
1290,3.45339745770021e-05,1.69788038619282,0.323,0.086,0.388472680016696,Zfyve19,0.237
1291,3.63267055333001e-05,1.67234529408568,0.323,0.086,0.408639110544093,Rnf8,0.237
1292,0.000747866752362633,1.30883809544692,0.387,0.15,1,Trim39,0.237
1293,0.00114232769335335,1.33096090634506,0.452,0.215,1,Ppie,0.237
1294,0.00122619337411235,1.14533936316404,0.387,0.15,1,Unk,0.237
1295,4.27888782923043e-07,2.08232956563824,0.29,0.053,0.00481332091910131,Tmem143,0.237
1296,0.00135912768824095,1.24994440639335,0.419,0.182,1,Acp6,0.237
1297,0.00502730927800109,0.963063258605189,0.581,0.344,1,Ndufv3,0.237
1298,0.00667801587838087,0.830790798642274,0.581,0.344,1,Kdm5a,0.237
1299,0.00226661825951117,0.771181309504119,0.806,0.57,1,Smarca4,0.236
1300,0.00219429482948466,0.991936817634389,0.677,0.441,1,Lsm14b,0.236
1301,0.00632558588069471,1.02195694765876,0.548,0.312,1,Galnt10,0.236
1302,0.000131577997208253,1.88533901741988,0.355,0.119,1,Surf6,0.236
1303,0.000298490105902196,1.35392598497546,0.355,0.119,1,Nup107,0.236
1304,0.00199144114744695,1.28878044310567,0.484,0.248,1,Desi2,0.236
1305,0.00621972415839385,0.891998353534089,0.484,0.248,1,Vps16,0.236
1306,0.00675901848421731,0.844169828443474,0.484,0.248,1,Man2c1,0.236
1307,1.7046504913741e-11,3.75629707241814,0.258,0.023,1.91756133774672e-07,Rora,0.235
1308,2.22843105269768e-05,2.01832295319102,0.323,0.088,0.250676209117962,Eef1e1,0.235
1309,3.22948881204405e-05,1.84940647680962,0.323,0.088,0.363285196466835,Cyb5d2,0.235
1310,3.73804869908356e-05,1.79787617616954,0.323,0.088,0.420493098159909,Ap5z1,0.235
1311,0.00129721065001717,1.15271889352964,0.387,0.152,1,Fbxo10,0.235
1312,0.00417613065809263,0.980848247772355,0.452,0.217,1,Cask,0.235
1313,0.00527456499611726,0.885932352834735,0.452,0.217,1,Bahd1,0.235
1314,0.000400984342745004,1.11578321916605,0.71,0.475,1,Pink1,0.235
1315,0.00094927894824456,1.55547806303004,0.419,0.184,1,Nhlrc2,0.235
1316,0.00166062155869384,1.15598660736355,0.419,0.184,1,Dcaf5,0.235
1317,0.00355502832606326,1.05922420537545,0.516,0.281,1,Zfp451,0.235
1318,0.00577817907981978,0.912778270982342,0.516,0.281,1,Ankle2,0.235
1319,0.00230887190457129,0.915464140185283,0.806,0.572,1,Atp5b,0.234
1320,0.00843843551831524,0.882057263099937,0.548,0.314,1,Stk16,0.234
1321,0.000177502570331489,1.7059536867285,0.355,0.121,1,Dhx35,0.234
1322,0.000184473799841515,1.72387559472576,0.355,0.121,1,Cog7,0.234
1323,0.000304352618716569,1.46084118889197,0.355,0.121,1,Trmt13,0.234
1324,0.00032141813911057,1.46084118889197,0.355,0.121,1,Pus10,0.234
1325,0.000328521327838187,1.4781191803238,0.355,0.121,1,Zbtb37,0.234
1326,0.000339669822341873,1.39810543354401,0.355,0.121,1,Ppm1h,0.234
1327,0.000406163299567986,1.72387559472576,0.484,0.25,1,Mdh1,0.234
1328,0.00239691021266182,1.18010478132472,0.613,0.379,1,Rbm7,0.234
1329,0.00380963938313413,1.09363221470374,0.484,0.25,1,Tmem87b,0.234
1330,0.0044255115827544,1.02950187728402,0.484,0.25,1,Rgp1,0.234
1331,7.86265022565791e-05,1.46084118889197,0.323,0.09,0.884469523884258,Fasn,0.233
1332,0.000261829861192065,1.84649488138972,0.387,0.154,1,Tcf20,0.233
1333,0.00104813884381765,1.26619375803842,0.387,0.154,1,Mtr,0.233
1334,0.00104813884381765,1.25225456708055,0.387,0.154,1,Tubgcp6,0.233
1335,0.00213583857811156,1.29091618744966,0.452,0.219,1,Tmem181a,0.233
1336,0.00274601321664951,1.12153101577637,0.452,0.219,1,Ylpm1,0.233
1337,0.0031909060041411,0.940009025590528,0.452,0.219,1,Mylip,0.233
1338,0.00523498299132957,0.884340266919009,0.452,0.219,1,Nceh1,0.233
1339,6.92050410777688e-07,2.49831589431063,0.29,0.057,0.00778487507083821,Tecpr2,0.233
1340,1.02580884081284e-06,2.25730779480684,0.29,0.057,0.0115393236503036,Phka2,0.233
1341,0.00130064375805008,1.35121669771747,0.419,0.186,1,Ube2j1,0.233
1342,0.00314699873612475,1.05645093381263,0.419,0.186,1,Bola3,0.233
1343,0.00367662596466862,0.941467029798389,0.419,0.186,1,Smpd4,0.233
1344,0.00114278387667124,1.26908038620918,0.548,0.316,1,Clock,0.232
1345,0.0063730022181992,1.10518223669206,0.548,0.316,1,Rab24,0.232
1346,0.000959882733359462,0.76415919019111,0.839,0.607,1,Eif4g3,0.232
1347,0.00353412719155126,0.712648339302508,0.871,0.639,1,Ppp6r3,0.232
1348,0.00412493568891129,1.24706189786023,0.484,0.252,1,Smg5,0.232
1349,0.00491576572402759,1.04580368961312,0.484,0.252,1,Ikzf5,0.232
1350,0.00692928607198075,0.890525464135214,0.484,0.252,1,Cryzl1,0.232
1351,2.84111547170161e-05,2.21291367544838,0.323,0.092,0.319597079411715,Taco1,0.231
1352,6.73580953511851e-05,1.72387559472576,0.323,0.092,0.757711214605481,Vars2,0.231
1353,0.00115145179693565,1.33885066451336,0.387,0.156,1,Slc6a8,0.231
1354,0.00144454944472084,1.32698544215718,0.452,0.221,1,Mrs2,0.231
1355,0.00297543505175106,1.08939295816081,0.452,0.221,1,Sde2,0.231
1356,0.00405498739691951,1.0372416761097,0.452,0.221,1,Shprh,0.231
1357,0.00499004149842691,0.971803108169348,0.452,0.221,1,Uqcrq,0.231
1358,1.23942921291817e-06,2.41777246700008,0.29,0.059,0.0139423392161165,Sars2,0.231
1359,1.59048259231859e-06,2.21983308938817,0.29,0.059,0.0178913386809918,Wdr5b,0.231
1360,0.00151755884927452,1.36773178450049,0.419,0.188,1,Vps13b,0.231
1361,0.00300329826896157,0.990521254111935,0.419,0.188,1,Apeh,0.231
1362,0.00553970946828491,0.790989790584299,0.71,0.479,1,Ik,0.231
1363,0.000315727141338083,1.53335368867634,0.355,0.125,1,Foxo3,0.23
1364,0.000321835331526077,1.6672920663594,0.355,0.125,1,Orc2,0.23
1365,0.000697179176209968,1.63437744388666,0.419,0.189,1,Hif1an,0.23
1366,0.00175392312472367,1.21653399112708,0.484,0.254,1,Tef,0.23
1367,0.00217106982019525,1.34536397147203,0.484,0.254,1,Btbd9,0.23
1368,0.00252029777821229,1.19075202552422,0.419,0.189,1,Phf20,0.23
1369,0.00266739410454961,1.12203927544021,0.419,0.189,1,Lrrc57,0.23
1370,0.00278157401115884,1.1282658498051,0.419,0.189,1,Hint3,0.23
1371,0.00468804588939123,0.9837940273377,0.613,0.383,1,Trappc8,0.23
1372,0.00543608241863205,0.784538376632387,0.742,0.512,1,Mgat1,0.23
1373,0.00312440303022285,1.03383104794705,0.645,0.416,1,Emc7,0.229
1374,7.22929051270396e-05,1.86360035839238,0.323,0.094,0.813222889774069,Erich1,0.229
1375,8.20514675249848e-05,1.72387559472576,0.323,0.094,0.922996958188554,Pkd1,0.229
1376,8.29906522643387e-05,1.76569577042039,0.323,0.094,0.933561847321546,Mettl3,0.229
1377,0.00177398576942469,1.11169162526958,0.387,0.158,1,Kif3c,0.229
1378,0.00650108083923317,0.9396042857812,0.452,0.223,1,Rpia,0.229
1379,0.0074453708791414,0.866479990168563,0.452,0.223,1,Gpatch2,0.229
1380,0.00761190509657801,0.814849254773253,0.452,0.223,1,Ccdc71,0.229
1381,4.11610535569303e-06,2.16128090703306,0.29,0.062,0.0463020691461909,Cyp51,0.228
1382,4.80271755702973e-06,2.0101797798824,0.29,0.062,0.0540257697990274,Mmachc,0.228
1383,0.000443518826877183,1.4781191803238,0.355,0.127,1,Mapk8,0.228
1384,0.000491852389110673,1.50975078937291,0.355,0.127,1,Actr8,0.228
1385,0.000711485732524389,1.28681178911692,0.355,0.127,1,Zfp760,0.228
1386,0.000810384537426226,1.5821474851141,0.419,0.191,1,Tmem9,0.228
1387,0.00205002191399233,1.22637593525495,0.419,0.191,1,Pdpr,0.228
1388,0.0031071755430404,1.33531030680811,0.419,0.191,1,Osgep,0.228
1389,0.00331226054882566,1.0247420740853,0.419,0.191,1,Fam104a,0.228
1390,0.00399619812345953,1.03523444790294,0.419,0.191,1,Gpsm3,0.228
1391,0.00403596855087121,1.05711900284096,0.419,0.191,1,Zfp24,0.228
1392,0.00676479986327624,0.898962301283854,0.484,0.256,1,Atp6v1c1,0.228
1393,0.00919161498570599,0.875878688170812,0.484,0.256,1,Tent4a,0.228
1394,0.00661251211653636,1.04580368961312,0.516,0.289,1,Smap1,0.227
1395,0.00724825311521049,0.948192892986703,0.516,0.289,1,Sec24a,0.227
1396,0.00769709477605427,0.832809966278927,0.516,0.289,1,Slc9a1,0.227
1397,2.5688591501733e-09,3.1282658498051,0.258,0.031,2.88970965802994e-05,Atg4c,0.227
1398,0.00157897286743599,1.39503913049622,0.452,0.225,1,Hps3,0.227
1399,0.0036810109302923,1.12741745516678,0.452,0.225,1,Fam135a,0.227
1400,0.00765880301329334,0.858176686437353,0.452,0.225,1,Prpf31,0.227
1401,0.00365248393512459,0.796544662423995,0.774,0.547,1,Ubtf,0.227
1402,0.00933847082608274,0.81314293282285,0.581,0.354,1,Tasor,0.227
1403,0.00619196278962398,1.02845644604923,0.548,0.322,1,Dvl1,0.226
1404,5.54833321446695e-06,1.88660509476387,0.29,0.064,0.0624132003295387,Kpna2,0.226
1405,3.74925014021781e-05,0.913999212589869,0.871,0.645,0.421753148273102,BC005537,0.226
1406,0.000300375000858245,1.88353226071425,0.355,0.129,1,Pcdhgb5,0.226
1407,0.000439452941761303,1.59410771975543,0.355,0.129,1,Ice2,0.226
1408,0.000441529580940377,1.67383491222617,0.355,0.129,1,Rnaseh2a,0.226
1409,0.000563169884521929,1.52642953051955,0.355,0.129,1,Pskh1,0.226
1410,0.000614824951104108,1.44376767553303,0.355,0.129,1,Wdr91,0.226
1411,0.000993288941496826,1.53679004212527,0.419,0.193,1,Top3b,0.226
1412,0.0011157543533941,0.995177616543157,0.742,0.516,1,Dcaf7,0.226
1413,0.0024845732683455,1.30883809544692,0.419,0.193,1,Fbxo8,0.226
1414,0.0028709598979176,1.1445818440913,0.419,0.193,1,Zfp317,0.226
1415,0.00336479382827969,1.21572869105544,0.484,0.258,1,AU040320,0.226
1416,0.00904097746918882,0.860448647601206,0.581,0.355,1,Atp13a2,0.226
1417,5.91847668277397e-09,3.04580368961313,0.258,0.033,6.65769442045244e-05,Tmem42,0.225
1418,0.000653186288035559,1.62626479809934,0.387,0.162,1,Mier3,0.225
1419,0.00123600906872402,1.44676600368025,0.387,0.162,1,AW554918,0.225
1420,0.00236537189196688,1.16316064025128,0.387,0.162,1,Snap47,0.225
1421,0.00282737015666727,1.15151313078424,0.452,0.227,1,Ppp6r2,0.225
1422,0.0033553431471076,1.07311103560886,0.452,0.227,1,Kansl3,0.225
1423,0.00631964315440471,0.999110454165083,0.452,0.227,1,Ttc17,0.225
1424,1.54803162989057e-07,1.04130229737818,0.935,0.711,0.0017413807804639,Son,0.224
1425,0.00165927894932204,0.969593122993006,0.677,0.453,1,Stag2,0.224
1426,0.00562852138240366,1.02533958705341,0.548,0.324,1,Atp6ap2,0.224
1427,5.65928605862516e-06,2.36130551534105,0.29,0.066,0.0636613088734744,Akr1e1,0.224
1428,7.50714957351087e-06,2.39372699303343,0.29,0.066,0.0844479255524238,Wrb,0.224
1429,1.00650364991063e-05,2.04580368961313,0.29,0.066,0.113221595578447,Ptges2,0.224
1430,0.000588756182382155,0.754953905911206,0.839,0.615,1,Setd5,0.224
1431,0.000922936283723278,1.30329991190549,0.355,0.131,1,Nufip1,0.224
1432,0.00339866698335502,1.14963950059766,0.419,0.195,1,Ccdc90b,0.224
1433,0.00400775812637887,1.37954108679012,0.419,0.195,1,Prkar2a,0.224
1434,0.0074488420955528,0.836350323984175,0.419,0.195,1,Cisd1,0.224
1435,0.0018454774431508,1.2021069204918,0.516,0.293,1,Creb3,0.223
1436,1.27879009014613e-08,3.49326266658435,0.258,0.035,0.000143851097240539,Slc27a1,0.223
1437,1.66933241090738e-08,3.11291788547166,0.258,0.035,0.000187783202902971,Abhd18,0.223
1438,3.40204298704586e-08,2.28026894325015,0.258,0.035,0.000382695815612788,Dnajb2,0.223
1439,8.15985902529141e-05,2.2883739928872,0.323,0.1,0.917902541755031,Apex2,0.223
1440,0.000112395731773459,1.87587868817081,0.323,0.1,1,Hsf2,0.223
1441,0.000140783341630697,1.93617919843863,0.323,0.1,1,Eepd1,0.223
1442,0.000233793999931877,1.43914611779265,0.323,0.1,1,Cutc,0.223
1443,0.000580742535315375,1.71081944190032,0.387,0.164,1,Akap1,0.223
1444,0.00122441193031878,1.35121669771747,0.387,0.164,1,Rev3l,0.223
1445,0.00164669801266733,1.25062348150162,0.387,0.164,1,Zfp414,0.223
1446,0.0017071951536339,1.30883809544692,0.387,0.164,1,Lrba,0.223
1447,0.00247018857965504,1.2298867540521,0.452,0.229,1,Gcc1,0.223
1448,0.00320587901720569,1.19235235296607,0.452,0.229,1,Mmadhc,0.223
1449,0.00507076821703343,1.00832898419446,0.452,0.229,1,Zfpl1,0.223
1450,0.0058376330271772,1.0372416761097,0.452,0.229,1,Slc27a4,0.223
1451,0.00331706333228187,1.07798409536227,0.548,0.326,1,Rab43,0.222
1452,0.00240291980461422,1.32839089286832,0.452,0.23,1,Herc4,0.222
1453,0.00330900376785007,1.30257910497524,0.452,0.23,1,Vrk3,0.222
1454,0.000900453607614028,1.36130551534105,0.355,0.133,1,Cep295,0.222
1455,0.000906786948672617,1.34536397147203,0.355,0.133,1,Pdik1l,0.222
1456,0.00102222576763131,1.2226814516972,0.355,0.133,1,Bloc1s5,0.222
1457,0.00104848854003995,1.36773178450049,0.355,0.133,1,Csnk1g1,0.222
1458,0.00190022939666219,1.46084118889197,0.419,0.197,1,Setdb1,0.222
1459,0.00375743141751394,0.866292639341614,0.71,0.488,1,Zfp91,0.222
1460,0.00667814442583935,1.02873017625418,0.484,0.262,1,Ddx47,0.222
1461,0.00706091062582223,0.864473924898563,0.419,0.197,1,Tada1,0.222
1462,0.00805724519012636,1.02141953098617,0.484,0.262,1,Ergic2,0.222
1463,0.000113447742972852,2.02343587658467,0.323,0.102,1,Pmvk,0.221
1464,0.00016859341509895,1.80294716571696,0.323,0.102,1,Arxes2,0.221
1465,0.000175815123618592,1.64370524604178,0.323,0.102,1,Castor2,0.221
1466,0.000299729543677534,1.3828386768907,0.323,0.102,1,Prkab2,0.221
1467,4.07223405487676e-08,2.75034780608695,0.258,0.037,0.000458085608833086,Pip4k2c,0.221
1468,0.00162820843378788,1.53884370089324,0.387,0.166,1,Nol11,0.221
1469,0.00299895027879288,1.34536397147203,0.452,0.232,1,Fastk,0.22
1470,0.00450300793842823,1.13434036421478,0.452,0.232,1,Mphosph8,0.22
1471,0.00721914978308826,1.05441681991783,0.452,0.232,1,Med4,0.22
1472,0.000657791871267944,1.61581584886831,0.355,0.135,1,Mbd6,0.22
1473,0.000755069813018559,1.53800904941443,0.355,0.135,1,Pja1,0.22
1474,0.000856683949879238,1.42913232916463,0.355,0.135,1,Nrf1,0.22
1475,0.00148588936664669,1.13891309400461,0.355,0.135,1,Hs1bp3,0.22
1476,0.00215982740494561,1.39671085147225,0.419,0.199,1,Nbas,0.22
1477,0.00233511570669257,1.2782497756135,0.419,0.199,1,Rif1,0.22
1478,0.00340872053049426,1.23844876755552,0.484,0.264,1,P4ha1,0.22
1479,0.0040915936620336,1.08887241150501,0.419,0.199,1,Naf1,0.22
1480,0.00439815993658251,1.11089871783501,0.419,0.199,1,Dus1l,0.22
1481,0.00500745633108261,0.967801177611852,0.419,0.199,1,Lyrm2,0.22
1482,0.00706303730171309,0.875878688170812,0.419,0.199,1,Usp42,0.22
1483,0.00728128047639151,0.865231443971304,0.419,0.199,1,Wsb2,0.22
1484,0.00891568032675945,0.82180201541502,0.581,0.361,1,Exoc7,0.22
1485,0.00915180638205392,0.755784842680506,0.613,0.393,1,Rnf216,0.22
1486,0.000161105631363188,1.82341126827668,0.323,0.104,1,Cln3,0.219
1487,0.000249171865498985,1.68015421729644,0.323,0.104,1,Ptcd1,0.219
1488,0.00415348697420507,1.1301958769035,0.516,0.297,1,Sept8,0.219
1489,0.00807710576970403,0.90012623441749,0.645,0.426,1,Exoc4,0.219
1490,7.52836258918022e-08,2.97541436172173,0.258,0.039,0.000846865507656883,Tmem216,0.219
1491,7.82717140021009e-08,2.92027280752927,0.258,0.039,0.000880478510809633,Cc2d2a,0.219
1492,7.8636778242506e-08,2.89896230128385,0.258,0.039,0.00088458511844995,Tmem218,0.219
1493,8.78918180474833e-08,2.91652067266816,0.258,0.039,0.00098869506121614,Lyar,0.219
1494,1.17460414443783e-07,2.35774769592787,0.258,0.039,0.00132131220207812,Ppa2,0.219
1495,0.00158908085820708,1.48637628099911,0.387,0.168,1,Pold3,0.219
1496,0.00225048648775909,1.24879071177698,0.387,0.168,1,Sgpp1,0.219
1497,0.00226940495908629,1.25062348150162,0.387,0.168,1,Rprd1a,0.219
1498,0.00287475257996977,1.14533936316404,0.387,0.168,1,Dhx30,0.219
1499,0.00317900210200949,1.09827110950726,0.387,0.168,1,Cnnm3,0.219
1500,0.000196704811011148,2.00627532542649,0.323,0.105,1,Cipc,0.218
1501,0.000475939763654276,1.36397964963938,0.323,0.105,1,Pank4,0.218
1502,1.76274226495337e-05,2.36130551534105,0.29,0.072,0.198290877384605,Zscan29,0.218
1503,2.71961501967201e-05,2.02026859750599,0.29,0.072,0.305929493562905,Zmym6,0.218
1504,3.04550116995097e-05,1.93032647219319,0.29,0.072,0.342588426607784,Tmem106c,0.218
1505,0.000671842332993512,1.59514228060356,0.355,0.137,1,Fam173a,0.218
1506,0.000898447172801403,1.43109384549792,0.355,0.137,1,Fnip1,0.218
1507,0.00162441924980074,1.26819611094957,0.355,0.137,1,Zfp426,0.218
1508,0.0017301243250036,1.41961852616546,0.419,0.201,1,Fam149b,0.218
1509,0.00175870509861815,1.03383104794705,0.355,0.137,1,Cish,0.218
1510,0.00206302954927476,1.24806677011712,0.581,0.363,1,Zc3h14,0.218
1511,0.00625377150682269,0.95335744084853,0.419,0.201,1,Zfp335,0.218
1512,0.00701853070289209,0.906252337214331,0.419,0.201,1,Elp1,0.218
1513,0.00357624451447348,1.33531030680811,0.516,0.299,1,Secisbp2l,0.217
1514,0.00593400711709812,0.875878688170813,0.387,0.17,1,Nprl3,0.217
1515,0.00713486833565515,0.927622263264811,0.613,0.396,1,Slc25a4,0.217
1516,0.000209808489799657,2.20252919330058,0.323,0.107,1,Pcdhgc4,0.216
1517,0.000220041490559581,1.93032647219319,0.323,0.107,1,Tsr3,0.216
1518,0.00918562557101696,0.720524385226125,0.677,0.461,1,Akirin2,0.216
1519,0.000894695249322013,1.65753309989707,0.355,0.139,1,Large1,0.216
1520,0.00116783548956725,1.39810543354401,0.355,0.139,1,Ube2o,0.216
1521,0.0012002393553815,1.39810543354401,0.355,0.139,1,Zfp553,0.216
1522,0.00121197896414381,1.34536397147203,0.355,0.139,1,Ilvbl,0.216
1523,0.00156127232223353,1.28681178911692,0.355,0.139,1,Hbs1l,0.216
1524,0.00161519533659113,1.28681178911692,0.355,0.139,1,Stk11ip,0.216
1525,0.00172831823217025,1.2532457694836,0.355,0.139,1,Arhgap21,0.216
1526,0.0023351836927901,1.38629423552691,0.419,0.203,1,Snx25,0.216
1527,0.00268554965969692,1.35019712520798,0.419,0.203,1,Ncbp2,0.216
1528,0.00373006540402771,1.01432545813996,0.581,0.365,1,Arfgap1,0.216
1529,0.00375512860178716,1.29856975999309,0.419,0.203,1,Cdadc1,0.216
1530,0.00773832199778268,1.14633056556709,0.484,0.268,1,Slc11a2,0.216
1531,0.00223593048726825,1.66498190567219,0.387,0.172,1,Klc2,0.215
1532,0.00267339128215817,1.25138782326302,0.387,0.172,1,Pcnt,0.215
1533,0.00376241423853333,1.13251532280646,0.387,0.172,1,Ptpmt1,0.215
1534,0.00611255764786315,1.16710998583526,0.516,0.301,1,Scaf4,0.215
1535,0.00832010327167675,0.903784684740697,0.516,0.301,1,Retreg2,0.215
1536,0.00294621039940707,0.943924075593911,0.613,0.398,1,Pcm1,0.215
1537,4.8911818462223e-06,1.05851474136268,0.935,0.721,0.0550209045881546,Trip12,0.214
1538,0.000334793925751289,2.06852376611321,0.323,0.109,1,Mzt2,0.214
1539,0.000383085565741938,1.80876449231228,0.323,0.109,1,Cox18,0.214
1540,0.000408960929372656,1.62433992117485,0.323,0.109,1,Pcyt2,0.214
1541,0.00674834431126071,1.02873017625418,0.452,0.238,1,Cdkal1,0.214
1542,0.00851007826400344,1.04580368961312,0.548,0.334,1,Tnpo3,0.214
1543,0.00889686023021696,1.01900363026941,0.452,0.238,1,Gatd3a,0.214
1544,0.00971502216806797,0.966852348218303,0.452,0.238,1,Lats1,0.214
1545,0.000690165913965322,1.66993678761496,0.355,0.141,1,R3hcc1l,0.214
1546,0.000796282051337422,1.7701692469997,0.355,0.141,1,Evi5l,0.214
1547,0.00100371768759781,1.64587308272449,0.355,0.141,1,BC005561,0.214
1548,0.00121912437395259,1.73914235137907,0.355,0.141,1,Xpc,0.214
1549,0.00141453604071496,1.30883809544692,0.355,0.141,1,Cited2,0.214
1550,0.00269227816263433,1.35650452907723,0.419,0.205,1,Pex5,0.214
1551,0.00357459595926572,1.16044625555425,0.419,0.205,1,Tbc1d22b,0.214
1552,0.00556603655684296,1.2078604477221,0.419,0.205,1,Scnm1,0.214
1553,0.0068055047903035,1.1238062016144,0.419,0.205,1,Cox20,0.214
1554,3.1707002192132e-05,2.51528897291435,0.29,0.076,0.356672067659292,Zfp90,0.214
1555,0.00757197847308633,1.0536658073861,0.484,0.27,1,Atf1,0.214
1556,0.00212726828948025,1.53945102358834,0.387,0.174,1,Vps53,0.213
1557,0.0026859687063674,1.33885066451336,0.387,0.174,1,Slc25a46,0.213
1558,0.000527007084454903,1.66333405279071,0.323,0.111,1,Taf3,0.212
1559,0.000938637825148708,1.27641661775454,0.323,0.111,1,Slc39a3,0.212
1560,0.008132244280446,1.10435587196824,0.452,0.24,1,Klhl11,0.212
1561,0.000859042732014445,1.78276928377933,0.355,0.143,1,Pigs,0.212
1562,0.00106523604286346,1.43282681272237,0.355,0.143,1,Hdac9,0.212
1563,0.00210224448263403,1.25439031142454,0.355,0.143,1,Slc5a3,0.212
1564,0.00227889654587472,1.17638779942327,0.355,0.143,1,Rffl,0.212
1565,0.00278867720834394,0.898962301283853,0.355,0.143,1,Cd276,0.212
1566,0.00345356315716492,1.25821202237695,0.419,0.207,1,Ptpn4,0.212
1567,0.00545178913250401,1.16805943966412,0.419,0.207,1,Chrac1,0.212
1568,0.00783875885896567,0.9335941860271,0.419,0.207,1,Gtf2f1,0.212
1569,6.88274721844282e-05,1.95064645657279,0.29,0.078,0.774240234602633,Rdh14,0.212
1570,0.00999574537658872,0.621937430959543,0.774,0.562,1,Zfp532,0.212
1571,0.00280244934017157,1.35774769592786,0.387,0.176,1,Mapkbp1,0.211
1572,0.00344208113711837,1.3330856416936,0.387,0.176,1,Ksr1,0.211
1573,0.00367906909593328,1.16316064025128,0.387,0.176,1,Erg28,0.211
1574,0.00549986769216798,0.806732527130047,0.645,0.434,1,Raf1,0.211
1575,0.000723777331809182,1.51742471725834,0.323,0.113,1,Zfp408,0.21
1576,0.000764486456150025,1.4810190708296,0.323,0.113,1,Pdcd2,0.21
1577,0.0052645545983388,0.862852007874573,0.677,0.467,1,Qrich1,0.21
1578,0.00182399255911727,1.32333766514203,0.355,0.145,1,Lrpprc,0.21
1579,0.00271425495139233,1.19780678305817,0.355,0.145,1,Uvssa,0.21
1580,0.00303145311058006,1.10720423427727,0.355,0.145,1,Ldah,0.21
1581,0.00547419228951889,1.11769660809491,0.419,0.209,1,Rsbn1,0.21
1582,7.00001679849911e-05,2.04580368961313,0.29,0.08,0.787431889663164,Ccser1,0.21
1583,0.000103279961036452,1.81314293282285,0.29,0.08,1,Fastkd2,0.21
1584,0.00751913778059515,0.705179501015857,0.71,0.5,1,Ankrd11,0.21
1585,2.28961917145905e-06,2.51528897291435,0.258,0.049,0.0257559260597429,Tctex1d2,0.209
1586,0.00404727010416123,1.17543897002972,0.387,0.178,1,Tyw1,0.209
1587,0.00450277666421636,1.15450994905562,0.387,0.178,1,Mylk,0.209
1588,0.00278728916214074,1.23844876755552,0.355,0.146,1,Mpp7,0.209
1589,0.00287081424915112,1.18073326969923,0.355,0.146,1,Katna1,0.209
1590,0.00398449131699977,1.03085334814715,0.355,0.146,1,Trp53bp2,0.209
1591,6.85350992620286e-05,1.88633596034636,0.677,0.469,0.770951331598559,Cst3,0.208
1592,0.00070078757415682,1.85993714430179,0.323,0.115,1,Pcdhga8,0.208
1593,0.00102991307384769,1.3828386768907,0.323,0.115,1,Neurl4,0.208
1594,0.00950081879314882,1.14695041307002,0.452,0.244,1,Eri3,0.208
1595,0.00195708831031035,1.60523109822714,0.419,0.211,1,Crlf3,0.208
1596,0.00882141656435978,0.95335744084853,0.419,0.211,1,Med27,0.208
1597,9.87115468487115e-05,2.23844876755552,0.29,0.082,1,Stau2,0.208
1598,0.000131820420301845,1.84416982844347,0.29,0.082,1,Gorab,0.208
1599,0.000150257176113391,1.69530644252899,0.29,0.082,1,Mipep,0.208
1600,0.00380853385469076,0.978059082977291,0.581,0.373,1,Rabep1,0.208
1601,3.01743900361204e-06,2.64725431312285,0.258,0.051,0.0339431713516318,Sfxn2,0.207
1602,0.00133635886648513,1.83007499855769,0.387,0.18,1,Zdhhc17,0.207
1603,0.00224415357248248,1.64725431312285,0.387,0.18,1,Atg13,0.207
1604,0.00514604416987355,1.14533936316404,0.387,0.18,1,Rnmt,0.207
1605,0.00528373961377029,1.08232956563824,0.387,0.18,1,Lamtor1,0.207
1606,0.00667637943767935,0.850016624858847,0.645,0.438,1,Mfsd14b,0.207
1607,0.00347332866355045,1.07179889814607,0.355,0.148,1,Zfp369,0.207
1608,0.00348910917368876,1.209302421896,0.355,0.148,1,Dffb,0.207
1609,0.0053275338267471,0.758227099516539,0.355,0.148,1,Tmem255b,0.207
1610,0.00640645498953146,1.15271889352964,0.484,0.277,1,Limk2,0.207
1611,0.00743897308895233,1.00140957025467,0.484,0.277,1,Ppp1r37,0.207
1612,0.000955429486853894,1.60523109822714,0.323,0.117,1,Def8,0.206
1613,0.0010029448652461,1.5133086087861,0.323,0.117,1,Mcts2,0.206
1614,0.00135346520679486,1.33531030680811,0.323,0.117,1,Rmi1,0.206
1615,0.00156336350085713,1.21983308938817,0.323,0.117,1,Adck2,0.206
1616,0.00571841431163991,1.19336087802698,0.548,0.342,1,Ssh1,0.206
1617,0.00295544751245208,1.47133356270961,0.419,0.213,1,Hnrnpdl,0.206
1618,0.000120293109520574,2.01832295319102,0.29,0.084,1,Atxn7l2,0.206
1619,0.00013572177094933,2.18782269448555,0.29,0.084,1,Ift43,0.206
1620,0.000189472264393595,1.72387559472576,0.29,0.084,1,Klhl20,0.206
1621,0.000248054900170107,1.57449797068754,0.29,0.084,1,Fgfbp3,0.206
1622,6.13673087820926e-06,2.41777246700008,0.258,0.053,0.0690320856489759,Zfp846,0.205
1623,0.00465457933132142,1.16748224620138,0.387,0.182,1,Esf1,0.205
1624,0.00680889013343403,1.04580368961312,0.387,0.182,1,Nup188,0.205
1625,0.00167510007053069,1.57187250128071,0.355,0.15,1,Zfp119a,0.205
1626,0.00201370883808524,1.51528897291435,0.355,0.15,1,Zfp84,0.205
1627,0.00282866437438347,1.28026894325015,0.355,0.15,1,Nup205,0.205
1628,0.00310504822088255,1.30883809544692,0.355,0.15,1,Dnajc4,0.205
1629,0.00464876155259761,1.03297964925554,0.355,0.15,1,Gga3,0.205
1630,0.0055715335851567,1.11688678767461,0.484,0.279,1,Fam192a,0.205
1631,0.00963234481346718,1.06030325930824,0.484,0.279,1,Sec23ip,0.205
1632,0.000760576779009991,1.7059536867285,0.323,0.119,1,Tatdn1,0.204
1633,0.00084816814324459,1.63641275347542,0.323,0.119,1,Cry2,0.204
1634,0.000855140049277879,1.44489964502295,0.323,0.119,1,Rcan1,0.204
1635,0.00129702081617709,1.47696085425525,0.323,0.119,1,Tmem243,0.204
1636,0.00158240455935024,1.2732141857162,0.323,0.119,1,Tubgcp4,0.204
1637,0.00193247949174717,0.986910000559556,0.323,0.119,1,Syne1,0.204
1638,0.00894569657687499,0.995177616543157,0.452,0.248,1,Pofut1,0.204
1639,0.00899379543661874,1.01760679778247,0.452,0.248,1,Pcsk7,0.204
1640,0.000212333834615555,1.80479559010933,0.29,0.086,1,Ddx20,0.204
1641,0.000239444161395167,1.75034780608695,0.29,0.086,1,Rmnd1,0.204
1642,0.000250393466590998,1.54937786349363,0.29,0.086,1,Dbndd2,0.204
1643,0.00370185264772466,1.30883809544692,0.419,0.215,1,Bcl2l13,0.204
1644,9.52383889199584e-06,2.28681178911692,0.258,0.055,0.107133663696061,Sap25,0.203
1645,1.45266503647807e-05,2.00627532542649,0.258,0.055,0.163410289953418,Haus8,0.203
1646,0.004862711962657,1.42689385696863,0.387,0.184,1,Clpx,0.203
1647,0.00971737023819695,0.947771606652598,0.387,0.184,1,Dph6,0.203
1648,0.00348930139400618,1.23844876755552,0.355,0.152,1,Fem1a,0.203
1649,0.00477981318842427,0.923813165234514,0.355,0.152,1,Dnajc9,0.203
1650,0.00087176415852695,1.68590774452674,0.323,0.121,1,Ctu2,0.202
1651,0.00171504419178218,1.42431531286685,0.323,0.121,1,Zfp395,0.202
1652,0.00206613434690929,1.23844876755552,0.323,0.121,1,Cep85,0.202
1653,0.000259784943044128,1.80294716571696,0.29,0.088,1,Cfap36,0.202
1654,0.000324500610506175,1.65348626683436,0.29,0.088,1,Rasa2,0.202
1655,0.000380652404222694,1.46084118889197,0.29,0.088,1,Pdk2,0.202
1656,0.00736662673869558,1.33096090634506,0.419,0.217,1,Spsb3,0.202
1657,0.00265148115558628,1.59649628824954,0.387,0.186,1,Gfpt1,0.201
1658,0.00429355823542457,1.23844876755552,0.355,0.154,1,Aldh7a1,0.201
1659,0.00570384253885289,1.07257059917591,0.548,0.348,1,Wipi2,0.2
1660,0.00750381145347057,0.955771488750652,0.548,0.348,1,Ankrd52,0.2
1661,0.00764400137398517,1.10536053429358,0.548,0.348,1,Dip2b,0.2
1662,0.00106014894711632,1.7059536867285,0.323,0.123,1,Lclat1,0.2
1663,0.00172165741244752,1.63076619033428,0.323,0.123,1,Slc9a8,0.2
1664,0.00211289215983558,1.30329991190549,0.323,0.123,1,Zbtb6,0.2
1665,0.0022436634688066,1.30883809544692,0.323,0.123,1,Timm9,0.2
1666,0.00325395882386105,1.06229181240169,0.323,0.123,1,Dhps,0.2
1667,0.00924118193081512,1.13535527459142,0.452,0.252,1,Mamld1,0.2
1668,0.000165610452294403,2.3330856416936,0.29,0.09,1,Plekha8,0.2
1669,0.000285771294849976,1.94626801606221,0.29,0.09,1,Atg4d,0.2
1670,0.000341969590668721,1.56775639280848,0.29,0.09,1,Pcdhga3,0.2
1671,0.000475977948905503,1.48508873513865,0.29,0.09,1,Cep97,0.2
1672,0.00794733687526314,1.15271889352964,0.419,0.219,1,Ssbp1,0.2
1673,0.00240304270074971,1.00766856072635,0.71,0.51,1,Ankrd17,0.2
1674,0.00249535830979765,0.924497393390991,0.71,0.51,1,Srcap,0.2
1675,0.00931974445474835,0.94839118795518,0.581,0.381,1,Pitpnb,0.2
1676,0.000500376692210797,0.81314293282285,0.806,0.607,1,Nsd3,0.199
1677,1.73326814831281e-05,2.56037686244288,0.258,0.059,0.194975334003708,Pik3r2,0.199
1678,2.36158580966497e-05,2.15827841887154,0.258,0.059,0.265654787729213,Unc5a,0.199
1679,3.23128839516161e-05,1.93032647219319,0.258,0.059,0.363487631571729,Nxt2,0.199
1680,0.00729381874168502,1.17133457169698,0.387,0.188,1,Zbtb21,0.199
1681,0.0073904288845705,1.16444818611174,0.387,0.188,1,Brms1l,0.199
1682,0.00219882230094981,1.57187250128071,0.355,0.156,1,Slc7a6,0.199
1683,0.00491087243463816,1.25225456708055,0.355,0.156,1,Rpa3,0.199
1684,0.00555797353289156,1.17133457169698,0.355,0.156,1,Hltf,0.199
1685,0.00612610113109449,1.01832295319102,0.355,0.156,1,Lrrc8d,0.199
1686,0.00706677746123235,1.01605634621907,0.355,0.156,1,Zpr1,0.199
1687,0.00870189400123225,0.64492425333094,0.742,0.543,1,Mark3,0.199
1688,5.71089046216997e-05,1.30050973568777,0.774,0.576,0.6424180680895,Kdm2a,0.198
1689,0.00444325308329587,0.648406349470011,0.774,0.576,1,Wwc2,0.198
1690,0.00160007637464713,1.50975078937291,0.323,0.125,1,Sdccag8,0.198
1691,0.00263190893911431,1.2732141857162,0.323,0.125,1,Trim23,0.198
1692,0.00542374549385147,1.16044625555425,0.516,0.318,1,Arid1b,0.198
1693,0.000457733281937173,1.72387559472576,0.29,0.092,1,Dedd2,0.198
1694,0.000477775623811951,1.67234529408568,0.29,0.092,1,Bud13,0.198
1695,0.00668865236480739,1.2820380361032,0.419,0.221,1,Clasrp,0.198
1696,0.00796073629442724,0.914098010401302,0.581,0.383,1,Clcn4,0.198
1697,3.56718669888274e-05,2.2732141857162,0.258,0.061,0.401272831757319,Tctn2,0.197
1698,4.85290183260718e-05,1.94146702979839,0.258,0.061,0.545902927149982,Mypop,0.197
1699,0.00186119840526096,1.88286511848692,0.355,0.158,1,Fars2,0.197
1700,0.00454035817653719,1.35774769592786,0.355,0.158,1,Zfp386,0.197
1701,0.00644725574472359,1.07381806578272,0.355,0.158,1,Aldh4a1,0.197
1702,0.00753962901920345,0.978059082977291,0.355,0.158,1,Bmyc,0.197
1703,0.00981430255881972,0.875878688170812,0.355,0.158,1,Rexo4,0.197
1704,4.87740976989371e-05,2.21983308938817,0.258,0.062,0.548659825015343,Zfp651,0.196
1705,5.05897279139845e-05,2.13891309400461,0.258,0.062,0.569083849304412,Dctpp1,0.196
1706,6.11077894087944e-05,2.07617733865664,0.258,0.062,0.687401523059528,Wnk2,0.196
1707,0.00965140728895368,1.02343587658467,0.387,0.191,1,Polr2j,0.196
1708,0.000587164054905689,1.80876449231228,0.29,0.094,1,Paxx,0.196
1709,0.000662165880878331,1.72387559472576,0.29,0.094,1,Fam107b,0.196
1710,0.000751066107925561,1.46084118889197,0.29,0.094,1,Rbm19,0.196
1711,0.00438447733022566,1.31645127955679,0.355,0.16,1,Arl13b,0.195
1712,0.0084989888444293,0.951827541404111,0.355,0.16,1,Tmem126b,0.195
1713,0.00204149656823441,0.830074998557688,0.774,0.58,1,Luc7l2,0.194
1714,6.75838510919116e-05,2.38869140313613,0.258,0.064,0.760250740932914,Abcb6,0.194
1715,7.33486229626003e-05,2.11291788547166,0.258,0.064,0.825098659706291,Cep131,0.194
1716,7.54517602517316e-05,2.20450143563218,0.258,0.064,0.848756851071729,Snx8,0.194
1717,8.92650346649751e-05,1.93032647219319,0.258,0.064,1,Eml6,0.194
1718,0.000100181767529102,1.81314293282285,0.258,0.064,1,Coq8b,0.194
1719,0.000107673563800435,1.82341126827668,0.258,0.064,1,Pla2g4b,0.194
1720,0.00262261759869775,1.40639340486959,0.323,0.129,1,Polr3a,0.194
1721,0.00301026610359143,1.31997865305212,0.323,0.129,1,Mettl16,0.194
1722,0.00421035709910362,1.1301958769035,0.323,0.129,1,Wdr3,0.194
1723,0.00580274206333239,1.34054695517426,0.387,0.193,1,Scai,0.194
1724,0.000662339524509425,1.72387559472576,0.29,0.096,1,Ints2,0.194
1725,0.000732443579107838,1.65348626683436,0.29,0.096,1,Txlng,0.194
1726,0.00199304160335637,1.22380199159112,0.613,0.42,1,Lman1,0.193
1727,0.00394202837796187,1.44676600368025,0.355,0.162,1,Rbm10,0.193
1728,0.00437020141673339,1.24784746555777,0.355,0.162,1,Tacc2,0.193
1729,0.00793210948185307,1.03383104794705,0.355,0.162,1,Zranb2,0.193
1730,6.49545749810084e-05,2.42431531286686,0.258,0.066,0.730674013961364,Zmym1,0.192
1731,0.000168447727218306,1.52224173355611,0.258,0.066,1,Ahr,0.192
1732,0.00183195858449782,1.61953893491103,0.323,0.131,1,Tgds,0.192
1733,0.00292275033389036,1.56037686244288,0.323,0.131,1,Utp20,0.192
1734,0.00346963598698638,1.28330300333978,0.323,0.131,1,Gpn3,0.192
1735,0.00360209878206363,1.30883809544692,0.323,0.131,1,Lrrc45,0.192
1736,0.00386350375577956,1.15503275936788,0.323,0.131,1,Mus81,0.192
1737,0.00479714453381732,1.13891309400461,0.323,0.131,1,Chpt1,0.192
1738,0.00517278734919683,1.04580368961312,0.323,0.131,1,Zbtb24,0.192
1739,0.00602662165762015,0.950646456572785,0.323,0.131,1,Rint1,0.192
1740,0.00620038864528555,0.887374327008642,0.645,0.453,1,Sec63,0.192
1741,0.00991384488923405,1.09678761833193,0.387,0.195,1,Clcn7,0.192
1742,0.000898153684677685,1.77571452624538,0.29,0.098,1,Tln2,0.192
1743,0.000984916135370154,1.55103899786355,0.29,0.098,1,Pigf,0.192
1744,0.00822115959446418,0.806337754917735,0.71,0.518,1,Aff4,0.192
1745,0.00818060970082743,1.18450996044472,0.355,0.164,1,Npat,0.191
1746,0.0085103934919403,1.08803192500242,0.355,0.164,1,Qtrt1,0.191
1747,0.00905682766752189,1.04580368961312,0.355,0.164,1,Zfyve26,0.191
1748,0.00128252758623175,0.951085032359986,0.774,0.584,1,Ranbp2,0.19
1749,0.000161646914359111,1.91335339358948,0.258,0.068,1,Dhdh,0.19
1750,0.00328253861708021,1.40639340486959,0.323,0.133,1,Tut1,0.19
1751,0.00486830022220255,1.18782269448555,0.323,0.133,1,Pdhx,0.19
1752,0.00722773924999265,1.29091618744966,0.387,0.197,1,Mboat7,0.19
1753,0.00945228187321097,1.09938472981797,0.452,0.262,1,Spats2,0.19
1754,0.000616492784197066,1.99849797483477,0.29,0.1,1,Coq7,0.19
1755,0.00103871288129466,1.60839837730583,0.29,0.1,1,Krba1,0.19
1756,0.00108434732217309,1.54330334908394,0.29,0.1,1,Snapc4,0.19
1757,0.00112882391530997,1.56037686244288,0.29,0.1,1,Lbh,0.19
1758,0.00119559423979517,1.63076619033428,0.29,0.1,1,Armt1,0.19
1759,0.0041427515104869,1.32470450090594,0.484,0.295,1,Ercc3,0.189
1760,0.00709500848670156,1.25138782326302,0.355,0.166,1,Mtm1,0.189
1761,0.00739763848303375,1.14533936316404,0.355,0.166,1,Mettl6,0.189
1762,0.00778355760614847,1.21572869105544,0.355,0.166,1,Ccng1,0.189
1763,0.00895317735253362,0.970515562308888,0.355,0.166,1,Sphk2,0.189
1764,0.0095249897160175,1.059742880571,0.355,0.166,1,Pikfyve,0.189
1765,0.00984174206623663,1.08644567411047,0.355,0.166,1,Lrrc49,0.189
1766,0.00166392783616177,0.828572973392456,0.871,0.682,1,Ap2m1,0.189
1767,0.000198988746928741,1.98167335219341,0.258,0.07,1,Qrsl1,0.188
1768,0.000245696309019715,1.81314293282285,0.258,0.07,1,Elac1,0.188
1769,0.00027527633592954,1.75302194038528,0.258,0.07,1,Tigd2,0.188
1770,0.000290930863236398,1.63076619033428,0.258,0.07,1,Arhgap32,0.188
1771,0.000327051415334836,1.57187250128071,0.258,0.07,1,Amt,0.188
1772,0.00109885739533787,1.74463415489256,0.29,0.102,1,Cldn12,0.188
1773,0.00143870299623703,1.27050997678782,0.29,0.102,1,Slc7a8,0.188
1774,0.00146653973544444,1.48286749522197,0.29,0.102,1,Smug1,0.188
1775,0.00149565654334286,1.4810190708296,0.29,0.102,1,Grpel2,0.188
1776,0.00160081573254845,1.84068925970851,0.323,0.135,1,Birc2,0.188
1777,0.00161830746543608,1.43914611779265,0.29,0.102,1,Zfp81,0.188
1778,0.00439005889089123,1.31997865305212,0.323,0.135,1,Tmem251,0.188
1779,0.00529383660084508,1.13891309400461,0.323,0.135,1,Rabggta,0.188
1780,0.00676345772795068,1.30883809544692,0.387,0.199,1,Tbcc,0.188
1781,0.00680052072764101,0.997440668051726,0.323,0.135,1,Elk1,0.188
1782,0.00702816921266845,1.42689385696863,0.387,0.199,1,Snapin,0.188
1783,0.00429324446532072,1.50148317338931,0.355,0.168,1,C2cd3,0.187
1784,0.000248105856338007,1.98167335219341,0.258,0.072,1,Cdk5rap1,0.186
1785,0.00492220848744229,1.27050997678782,0.323,0.137,1,Supt5,0.186
1786,0.00536017854441947,1.25439031142454,0.323,0.137,1,Slc25a44,0.186
1787,0.00813802296680395,1.32333766514203,0.387,0.201,1,Vac14,0.186
1788,0.00182057415126559,1.51742471725834,0.29,0.105,1,Nt5m,0.185
1789,0.00191232470867951,1.52795538475051,0.29,0.105,1,Lin54,0.185
1790,0.00209078543077798,1.44094163145426,0.29,0.105,1,Dcaf17,0.185
1791,0.00225432505901692,1.41777246700008,0.29,0.105,1,Gphn,0.185
1792,0.00542121998131864,1.46084118889197,0.355,0.17,1,Tbc1d10a,0.185
1793,0.00669355167898498,1.34536397147203,0.419,0.234,1,Slf2,0.185
1794,0.00973708794507845,1.13891309400461,0.355,0.17,1,Zfp777,0.185
1795,0.000389858452397078,2.02026859750599,0.258,0.074,1,Ncoa1,0.184
1796,0.000474406735540121,1.69216673499842,0.258,0.074,1,Kctd13,0.184
1797,0.00404312216711031,1.6028601937644,0.323,0.139,1,Nat10,0.184
1798,0.00618406218382016,1.37595229130546,0.387,0.203,1,Ccdc117,0.184
1799,0.00807935957839949,1.04580368961312,0.323,0.139,1,Pdp1,0.184
1800,0.00974502188193318,0.603966130990566,0.677,0.494,1,Hnrnpd,0.183
1801,0.00209790149452445,1.52224173355611,0.29,0.107,1,Trub2,0.183
1802,0.00242764518238643,1.48286749522197,0.29,0.107,1,Leng1,0.183
1803,0.00335408924339306,1.23844876755552,0.29,0.107,1,Zfp169,0.183
1804,3.47595899782883e-05,0.926183770018878,0.903,0.721,0.391010627665765,Add1,0.182
1805,0.00589965855056802,1.39372699303343,0.323,0.141,1,Mcm9,0.182
1806,0.00753728334262357,1.07381806578272,0.323,0.141,1,Lrrc28,0.182
1807,0.00782839892124869,1.07617733865664,0.323,0.141,1,Rad9a,0.182
1808,0.00969893135430205,0.997440668051726,0.323,0.141,1,Nob1,0.182
1809,0.000382522519737006,2.10238721797949,0.258,0.076,1,Tmem86b,0.182
1810,0.000458954153037015,1.95834084836279,0.258,0.076,1,Mterf4,0.182
1811,0.000539278931002308,1.78276928377933,0.258,0.076,1,Stxbp4,0.182
1812,0.000589512646359591,1.57449797068754,0.258,0.076,1,Mid1ip1,0.182
1813,0.000689382383392836,1.51528897291435,0.258,0.076,1,Porcn,0.182
1814,0.00111127229521899,2.13891309400461,0.29,0.109,1,Nicn1,0.181
1815,0.00177894736850353,1.61284428233702,0.29,0.109,1,Pogk,0.181
1816,0.00411762162080641,0.617566692579422,0.839,0.658,1,Gsk3b,0.181
1817,0.00968954990322473,0.682894032719284,0.71,0.529,1,Sec14l1,0.181
1818,0.00640150937799452,1.23844876755552,0.323,0.143,1,Hs6st1,0.18
1819,0.00716081561191398,1.25439031142454,0.323,0.143,1,Myo9a,0.18
1820,0.000745918959082627,1.69530644252899,0.258,0.078,1,Mlh3,0.18
1821,0.00375922471551315,1.31541074937041,0.29,0.111,1,Zfp790,0.179
1822,0.00404015992527945,1.32698544215718,0.29,0.111,1,Noc3l,0.179
1823,0.007570180383412,1.49736706491708,0.355,0.176,1,Sesn3,0.179
1824,0.000899504077034679,0.741153586157598,0.903,0.725,1,Prrc2c,0.178
1825,0.00163054099332714,0.834433969873461,0.742,0.564,1,Ist1,0.178
1826,0.00446975250107394,1.53335368867634,0.323,0.145,1,Fam199x,0.178
1827,0.00864673632790167,1.14633056556709,0.323,0.145,1,Cisd3,0.178
1828,0.000645064571546101,1.98167335219341,0.258,0.08,1,Hspbap1,0.178
1829,0.0006454788595545,2.22477383065844,0.258,0.08,1,Nup35,0.178
1830,0.000948688703228141,1.63076619033428,0.258,0.08,1,Dgat1,0.178
1831,0.000982246794255409,1.63981132993729,0.258,0.08,1,Coq5,0.178
1832,0.000990431376119954,1.56037686244288,0.258,0.08,1,Mpv17l2,0.178
1833,0.00684050350770703,1.35278144303452,0.323,0.146,1,Mettl14,0.177
1834,0.00904116697523848,1.36397964963938,0.323,0.146,1,Gadd45a,0.177
1835,0.00934324532048556,1.20708459664619,0.323,0.146,1,Cwc25,0.177
1836,0.00356764347363473,1.44094163145426,0.29,0.113,1,Mre11a,0.177
1837,0.00410347325600365,1.39671085147225,0.29,0.113,1,Med19,0.177
1838,0.00441816937836987,1.23844876755552,0.29,0.113,1,Rab6b,0.177
1839,0.000846115445574282,1.92027280752927,0.258,0.082,1,Fam133b,0.176
1840,0.000983867512773561,1.82341126827668,0.258,0.082,1,Abcb10,0.176
1841,0.00167282262542136,1.35774769592786,0.258,0.082,1,Ccdc66,0.176
1842,5.34168228461931e-05,1.04365841778157,0.806,0.631,0.600885840196827,Prpf8,0.175
1843,0.00631424568331546,0.986910000559556,0.29,0.115,1,Kcnq4,0.175
1844,4.66838918917276e-12,1.31229365408314,1,0.826,5.25147099890044e-08,Ddx17,0.174
1845,0.000741705948872511,2.13153356363901,0.258,0.084,1,E4f1,0.174
1846,0.00136178358163767,1.64725431312285,0.258,0.084,1,Letmd1,0.174
1847,0.00150367431496765,1.56037686244288,0.258,0.084,1,Pigh,0.174
1848,0.00194920801838,1.26153238066856,0.258,0.084,1,Dhx29,0.174
1849,0.00567447385608488,1.32698544215718,0.29,0.117,1,Rangrf,0.173
1850,0.00662001513491826,1.21983308938817,0.29,0.117,1,Galk2,0.173
1851,0.00688467107782357,1.19780678305817,0.29,0.117,1,Trp53rka,0.173
1852,0.000328116492839896,0.76781894231336,0.871,0.699,1,Hnrnpm,0.172
1853,0.00150280861321493,1.75034780608695,0.258,0.086,1,Cep44,0.172
1854,0.00192527689184625,1.48286749522197,0.258,0.086,1,Tox3,0.172
1855,0.0019270774108828,1.54330334908394,0.258,0.086,1,Dolpp1,0.172
1856,0.00205405865113484,1.48780823649224,0.258,0.086,1,Coa7,0.172
1857,0.00255785895588454,1.23844876755552,0.258,0.086,1,Chaf1a,0.172
1858,0.00522822831042929,0.62626479809934,0.935,0.764,1,Fus,0.171
1859,0.00456941407470148,1.60523109822714,0.29,0.119,1,L3mbtl2,0.171
1860,0.0062040685480962,1.42431531286685,0.29,0.119,1,Zmat5,0.171
1861,0.00887260728586161,1.06395103632338,0.29,0.119,1,Pafah1b3,0.171
1862,0.00101516400458487,0.829147637825821,0.71,0.539,1,Rnps1,0.171
1863,0.0088941005180347,0.853158611670729,0.645,0.475,1,Ndufb10,0.17
1864,0.0020278138532013,1.57449797068754,0.258,0.088,1,Micu3,0.17
1865,0.00205344863571014,1.6672920663594,0.258,0.088,1,Hdgfl3,0.17
1866,0.0021941902965923,1.58637207097583,0.258,0.088,1,Pyroxd1,0.17
1867,0.0029404220811371,1.28499135349255,0.258,0.088,1,Hibch,0.17
1868,0.000531238766939907,0.772272419284876,0.903,0.734,1,Uqcrc1,0.169
1869,0.00853668922154077,1.4019474998384,0.323,0.154,1,Aen,0.169
1870,0.00550286293052083,1.53123051678337,0.29,0.121,1,Eif2b3,0.169
1871,0.00602906968563171,1.4781191803238,0.29,0.121,1,Spout1,0.169
1872,0.00616492515783567,1.42131282470533,0.29,0.121,1,Bivm,0.169
1873,0.00794238914099628,1.34536397147203,0.29,0.121,1,Psmg3,0.169
1874,0.00163215381655977,2.15271889352964,0.258,0.09,1,Taf1a,0.168
1875,0.00205823192471914,1.87587868817081,0.258,0.09,1,Traf3ip1,0.168
1876,0.00226796535818861,1.74812314097244,0.258,0.09,1,Slc25a42,0.168
1877,0.00229498332338198,1.77278519520671,0.258,0.09,1,Fktn,0.168
1878,0.00238466209827854,1.70002885277139,0.258,0.09,1,Gpatch11,0.168
1879,0.00873130560761475,1.25730779480684,0.29,0.123,1,Etfrf1,0.167
1880,0.00270255512893582,1.77278519520671,0.258,0.092,1,Ppp1r12b,0.166
1881,0.00305702183750494,1.67234529408568,0.258,0.092,1,Pdss1,0.166
1882,0.00363726804137259,1.4369944469376,0.258,0.092,1,Endov,0.166
1883,0.00371620070672921,1.3828386768907,0.258,0.092,1,Maml3,0.166
1884,0.00261515104248539,1.77278519520671,0.258,0.094,1,Zbtb5,0.164
1885,0.00464129782061354,1.25920732772232,0.258,0.094,1,Csrnp2,0.164
1886,0.00514491188481829,1.06598157155076,0.258,0.094,1,Pcdhb16,0.164
1887,0.00328447298076983,1.89896230128385,0.258,0.096,1,Kiz,0.162
1888,0.00532123996664122,1.26153238066856,0.258,0.096,1,Dmac2l,0.162
1889,0.00547224888954504,1.30883809544692,0.258,0.096,1,Mtx1,0.162
1890,0.00798183423018523,1.49560660705265,0.29,0.129,1,Cox10,0.161
1891,0.00859549123459276,1.36773178450049,0.29,0.129,1,Dut,0.161
1892,0.000520947107049293,0.930860111940678,0.839,0.678,1,Snrk,0.161
1893,0.0055002057993718,1.4369944469376,0.258,0.098,1,Nars2,0.16
1894,0.00577671952985621,1.5564188488742,0.258,0.098,1,Pcdhga11,0.16
1895,0.00580503645596516,1.35774769592786,0.258,0.098,1,Ighmbp2,0.16
1896,0.00597397522325879,1.36773178450049,0.258,0.098,1,Dph5,0.16
1897,0.00633025359926414,1.30164259404271,0.258,0.098,1,Lrig1,0.16
1898,0.00648220396560665,1.30164259404271,0.258,0.098,1,Rnf25,0.16
1899,0.00705071455950033,1.2179846649958,0.258,0.098,1,Bag4,0.16
1900,0.00915662813025354,0.986910000559556,0.258,0.098,1,Setbp1,0.16
1901,0.00996559292388027,1.5133086087861,0.29,0.131,1,Wdr41,0.159
1902,6.60851556873902e-06,1.32640396818982,0.871,0.713,0.0743391916327453,Ndfip1,0.158
1903,0.00115899692036625,0.810396685088348,0.742,0.584,1,Iqsec1,0.158
1904,0.00458763355877339,1.70002885277139,0.258,0.1,1,Champ1,0.158
1905,0.00944510439564703,0.575483754833091,0.258,0.1,1,Knstrn,0.158
1906,0.0092723828200887,1.55395059328345,0.29,0.133,1,Tbp,0.157
1907,0.00609076751540986,1.57449797068754,0.258,0.102,1,Utp25,0.156
1908,0.00669798994257454,1.68015421729644,0.258,0.102,1,Traf3,0.156
1909,0.00776408236925044,1.39045186100057,0.258,0.102,1,Tprkb,0.156
1910,0.00964630889905349,1.1282658498051,0.258,0.102,1,Ctc1,0.156
1911,0.00905098220018749,1.63641275347542,0.29,0.135,1,Fam216a,0.155
1912,0.00880714123525175,1.39045186100057,0.258,0.104,1,Tbc1d7,0.154
1913,0.00883447202327296,1.34536397147203,0.258,0.104,1,Nle1,0.154
1914,0.00886254172694177,1.34536397147203,0.258,0.104,1,Shld1,0.154
1915,0.00903756404349878,1.36773178450049,0.258,0.104,1,Zcchc9,0.154
1916,0.00753030309011403,1.72387559472576,0.258,0.105,1,Synrg,0.153
1917,0.00900837473394992,1.52224173355611,0.258,0.107,1,Slx4,0.151
1918,0.00678695163373574,0.626449510351163,0.774,0.631,1,Gpi1,0.143
1919,0.00648665897453132,0.925224741549019,0.71,0.574,1,Ptov1,0.136
1920,2.76997483432873e-05,0.89303340920988,0.903,0.773,0.311594469113638,Ddx5,0.13
1921,0.00010512429988619,0.807961075773782,0.935,0.822,1,Dync1h1,0.113
1922,0.00655851942429401,0.675819453381259,0.871,0.777,1,Anp32a,0.094
1923,0.00234445111710578,0.542502963465139,0.871,0.783,1,Etnk1,0.088
1924,0.000235017127742856,0.70112566143527,0.935,0.889,1,Hnrnpa2b1,0.046
1925,4.40463172216301e-05,1.07556963222774,0.871,0.85,0.495477022426117,Adipor1,0.021
