Name,Category,CategoryID,GO,Description,PARENT_GO,LogP,Enrichment,Z-score,#TotalGeneInLibrary,#GeneInGO,#GeneInHitList,#GeneInGOAndHitList,%InGO,STDV %InGO,GeneID,Hits,Log(q-value)
hits,GO Biological Processes,19,GO:0050953,sensory perception of light stimulus,19_GO:0032501 multicellular organismal process,-19,15,17,21160,167,180,22,12,2.4,12296|12951|14685|14913|17921|18587|18588|19133|19739|19881|20028|22248|24013|54652|73750|94220|107477|224224|225004|225998|243923|245650,Cacnb2|Crx|Gnat1|Guca1a|Myo7a|Pde6b|Pde6g|Prph2|Rgs9|Rom1|Pdc|Unc119|Grk1|Cacna1f|Whrn|Cnnm4|Guca1b|Impg2|Pcare|Rorb|Rgs9bp|Gucy2f,-15
hits,GO Biological Processes,19,GO:0007601,visual perception,19_GO:0032501 multicellular organismal process,-18,15,17,21160,163,180,21,12,2.4,12296|12951|14685|14913|17921|18587|18588|19133|19739|19881|20028|22248|24013|54652|94220|107477|224224|225004|225998|243923|245650,Cacnb2|Crx|Gnat1|Guca1a|Myo7a|Pde6b|Pde6g|Prph2|Rgs9|Rom1|Pdc|Unc119|Grk1|Cacna1f|Cnnm4|Guca1b|Impg2|Pcare|Rorb|Rgs9bp|Gucy2f,-14
hits,KEGG Pathway,24,mmu04744,Phototransduction - Mus musculus (house mouse),,-14,44,20,21160,27,180,10,5.6,1.7,14685|14688|14699|14913|18587|18588|19739|24013|107477|245650,Gnat1|Gnb1|Gngt1|Guca1a|Pde6b|Pde6g|Rgs9|Grk1|Guca1b|Gucy2f,-11
hits,GO Biological Processes,19,GO:0009583,detection of light stimulus,19_GO:0050896 response to stimulus,-14,26,17,21160,54,180,12,6.7,1.9,14685|14688|14699|14913|18587|19133|19881|54652|107477|225004|243923|245650,Gnat1|Gnb1|Gngt1|Guca1a|Pde6b|Prph2|Rom1|Cacna1f|Guca1b|Pcare|Rgs9bp|Gucy2f,-10
hits,Reactome Gene Sets,6,R-MMU-2514856,The phototransduction cascade,,-12,39,18,21160,27,180,9,5,1.6,14685|14688|14699|14913|18587|18588|107477|243923|245650,Gnat1|Gnb1|Gngt1|Guca1a|Pde6b|Pde6g|Guca1b|Rgs9bp|Gucy2f,-9.3
hits,Reactome Gene Sets,6,R-MMU-2187338,Visual phototransduction,,-11,17,13,21160,85,180,12,6.7,1.9,14685|14688|14699|14725|14913|17921|18587|18588|20970|107477|243923|245650,Gnat1|Gnb1|Gngt1|Lrp2|Guca1a|Myo7a|Pde6b|Pde6g|Sdc3|Guca1b|Rgs9bp|Gucy2f,-8.5
hits,GO Biological Processes,19,GO:0009416,response to light stimulus,19_GO:0050896 response to stimulus,-11,6.7,10,21160,350,180,20,11,2.3,12696|14281|14685|14688|14699|14913|18587|18708|19133|19739|19881|20393|24013|54652|76123|107477|225004|225028|243923|245650,Cirbp|Fos|Gnat1|Gnb1|Gngt1|Guca1a|Pde6b|Pik3r1|Prph2|Rgs9|Rom1|Sgk1|Grk1|Cacna1f|Gpsm2|Guca1b|Pcare|Map4k3|Rgs9bp|Gucy2f,-8.1
hits,Reactome Gene Sets,6,R-MMU-2514859,"Inactivation, recovery and regulation of the phototransduction cascade",,-10,36,17,21160,26,180,8,4.4,1.5,14685|14699|14913|18587|18588|107477|243923|245650,Gnat1|Gngt1|Guca1a|Pde6b|Pde6g|Guca1b|Rgs9bp|Gucy2f,-8
hits,GO Biological Processes,19,GO:0060041,retina development in camera-type eye,19_GO:0032502 developmental process,-10,8.9,11,21160,212,180,16,8.9,2.1,11789|12951|14281|14685|14688|15165|18185|18587|19133|19881|20848|24013|54652|56297|224224|225998,Apc|Crx|Fos|Gnat1|Gnb1|Hcn1|Nrl|Pde6b|Prph2|Rom1|Stat3|Grk1|Cacna1f|Arl6|Impg2|Rorb,-7.9
hits,GO Biological Processes,19,GO:0048880,sensory system development,19_GO:0032502 developmental process,-10,5.5,9.1,21160,470,180,22,12,2.4,11622|11789|12951|14281|14685|14688|14699|15165|16476|18185|18587|19133|19881|20848|22241|24013|26401|54652|56297|224224|225998|238021,Ahr|Apc|Crx|Fos|Gnat1|Gnb1|Gngt1|Hcn1|Jun|Nrl|Pde6b|Prph2|Rom1|Stat3|Ulk1|Grk1|Map3k1|Cacna1f|Arl6|Impg2|Rorb|Fscn2,-7.6
hits,GO Biological Processes,19,GO:0009314,response to radiation,19_GO:0050896 response to stimulus,-9.9,5.4,9,21160,478,180,22,12,2.4,12696|13653|14281|14685|14688|14699|14725|14913|18587|18708|19133|19739|19881|20393|24013|54652|76123|107477|225004|225028|243923|245650,Cirbp|Egr1|Fos|Gnat1|Gnb1|Gngt1|Lrp2|Guca1a|Pde6b|Pik3r1|Prph2|Rgs9|Rom1|Sgk1|Grk1|Cacna1f|Gpsm2|Guca1b|Pcare|Map4k3|Rgs9bp|Gucy2f,-7.5
hits,GO Biological Processes,19,GO:0009582,detection of abiotic stimulus,19_GO:0050896 response to stimulus,-9.5,11,11,21160,144,180,13,7.2,1.9,14685|14688|14699|14913|18587|19133|19881|54652|73750|107477|225004|243923|245650,Gnat1|Gnb1|Gngt1|Guca1a|Pde6b|Prph2|Rom1|Cacna1f|Whrn|Guca1b|Pcare|Rgs9bp|Gucy2f,-7.2
hits,GO Biological Processes,19,GO:0046530,photoreceptor cell differentiation,19_GO:0032502 developmental process,-9.5,14,12,21160,91,180,11,6.1,1.8,14685|14699|15165|18185|19133|19881|20848|24013|225004|225998|238021,Gnat1|Gngt1|Hcn1|Nrl|Prph2|Rom1|Stat3|Grk1|Pcare|Rorb|Fscn2,-7.2
hits,GO Biological Processes,19,GO:0009581,detection of external stimulus,19_GO:0050896 response to stimulus,-9.5,11,11,21160,145,180,13,7.2,1.9,14685|14688|14699|14913|18587|19133|19881|54652|73750|107477|225004|243923|245650,Gnat1|Gnb1|Gngt1|Guca1a|Pde6b|Prph2|Rom1|Cacna1f|Whrn|Guca1b|Pcare|Rgs9bp|Gucy2f,-7.2
hits,GO Biological Processes,19,GO:0042461,photoreceptor cell development,19_GO:0032502 developmental process,-9.4,17,12,21160,70,180,10,5.6,1.7,14685|14699|15165|18185|19133|19881|24013|225004|225998|238021,Gnat1|Gngt1|Hcn1|Nrl|Prph2|Rom1|Grk1|Pcare|Rorb|Fscn2,-7.1
hits,GO Biological Processes,19,GO:0001654,eye development,19_GO:0032502 developmental process,-9.4,5.4,8.8,21160,460,180,21,12,2.4,11622|11789|12951|14281|14685|14688|14699|15165|16476|18185|18587|19133|19881|20848|24013|26401|54652|56297|224224|225998|238021,Ahr|Apc|Crx|Fos|Gnat1|Gnb1|Gngt1|Hcn1|Jun|Nrl|Pde6b|Prph2|Rom1|Stat3|Grk1|Map3k1|Cacna1f|Arl6|Impg2|Rorb|Fscn2,-7.1
hits,GO Biological Processes,19,GO:0150063,visual system development,19_GO:0032502 developmental process,-9.3,5.3,8.7,21160,463,180,21,12,2.4,11622|11789|12951|14281|14685|14688|14699|15165|16476|18185|18587|19133|19881|20848|24013|26401|54652|56297|224224|225998|238021,Ahr|Apc|Crx|Fos|Gnat1|Gnb1|Gngt1|Hcn1|Jun|Nrl|Pde6b|Prph2|Rom1|Stat3|Grk1|Map3k1|Cacna1f|Arl6|Impg2|Rorb|Fscn2,-7.1
hits,GO Biological Processes,19,GO:0050908,detection of light stimulus involved in visual perception,19_GO:0032501 multicellular organismal process,-8.9,33,15,21160,25,180,7,3.9,1.4,14685|19133|19881|54652|225004|243923|245650,Gnat1|Prph2|Rom1|Cacna1f|Pcare|Rgs9bp|Gucy2f,-6.7
hits,GO Biological Processes,19,GO:0050962,detection of light stimulus involved in sensory perception,19_GO:0032501 multicellular organismal process,-8.9,33,15,21160,25,180,7,3.9,1.4,14685|19133|19881|54652|225004|243923|245650,Gnat1|Prph2|Rom1|Cacna1f|Pcare|Rgs9bp|Gucy2f,-6.7
hits,GO Biological Processes,19,GO:0007423,sensory organ development,19_GO:0032502 developmental process,-8.7,4.1,7.9,21160,710,180,25,14,2.6,11622|11789|12951|14173|14281|14685|14688|14699|15165|16476|17921|18185|18587|19133|19881|20848|24013|26380|26401|54652|56297|73750|224224|225998|238021,Ahr|Apc|Crx|Fgf2|Fos|Gnat1|Gnb1|Gngt1|Hcn1|Jun|Myo7a|Nrl|Pde6b|Prph2|Rom1|Stat3|Grk1|Esrrb|Map3k1|Cacna1f|Arl6|Whrn|Impg2|Rorb|Fscn2,-6.6
hits,Reactome Gene Sets,6,R-MMU-2485179,Activation of the phototransduction cascade,,-8.6,73,19,21160,8,180,5,2.8,1.2,14685|14688|14699|18587|18588,Gnat1|Gnb1|Gngt1|Pde6b|Pde6g,-6.5
hits,GO Biological Processes,19,GO:0043010,camera-type eye development,19_GO:0032502 developmental process,-8.6,5.4,8.4,21160,413,180,19,11,2.3,11622|11789|12951|14281|14685|14688|15165|16476|18185|18587|19133|19881|20848|24013|26401|54652|56297|224224|225998,Ahr|Apc|Crx|Fos|Gnat1|Gnb1|Hcn1|Jun|Nrl|Pde6b|Prph2|Rom1|Stat3|Grk1|Map3k1|Cacna1f|Arl6|Impg2|Rorb,-6.5
hits,Reactome Gene Sets,6,R-MMU-9709957,Sensory Perception,,-8.5,8.8,9.6,21160,173,180,13,7.2,1.9,14685|14688|14695|14699|14725|14913|17921|18587|18588|20970|107477|243923|245650,Gnat1|Gnb1|Gnb3|Gngt1|Lrp2|Guca1a|Myo7a|Pde6b|Pde6g|Sdc3|Guca1b|Rgs9bp|Gucy2f,-6.4
hits,GO Biological Processes,19,GO:0030522,intracellular receptor signaling pathway,19_GO:0050896 response to stimulus,-8.4,8.6,9.4,21160,178,180,13,7.2,1.9,11622|11798|15370|17978|20848|26381|64383|67070|70572|170826|225998|231130|353187,Ahr|Xiap|Nr4a1|Ncoa2|Stat3|Esrrg|Sirt2|Lsm14a|Ipo5|Ppargc1b|Rorb|Tnip2|Nr1d2,-6.3
hits,GO Biological Processes,19,GO:0033365,protein localization to organelle,19_GO:0051179 localization,-8.4,3.8,7.5,21160,799,180,26,14,2.6,11426|11622|12759|14725|15275|15277|16647|18708|19386|19881|20848|21856|21929|52440|56297|58869|70572|71648|76123|100732|103573|107305|109676|225004|230872|238799,Macf1|Ahr|Clu|Lrp2|Hk1|Hk2|Kpna2|Pik3r1|Ranbp2|Rom1|Stat3|Timm44|Tnfaip3|Tax1bp1|Arl6|Pex5l|Ipo5|Optn|Gpsm2|Mapre3|Xpo1|Vps37c|Ank2|Pcare|Crocc|Tnpo1,-6.3
hits,GO Biological Processes,19,GO:0060042,retina morphogenesis in camera-type eye,19_GO:0032502 developmental process,-7.1,12,9.4,21160,91,180,9,5,1.6,14685|15165|18185|19881|20848|24013|56297|224224|225998,Gnat1|Hcn1|Nrl|Rom1|Stat3|Grk1|Arl6|Impg2|Rorb,-5.2
hits,GO Biological Processes,19,GO:0001754,eye photoreceptor cell differentiation,19_GO:0032502 developmental process,-6.8,13,9.7,21160,70,180,8,4.4,1.5,14685|14699|15165|18185|19881|20848|225998|238021,Gnat1|Gngt1|Hcn1|Nrl|Rom1|Stat3|Rorb|Fscn2,-4.9
hits,GO Biological Processes,19,GO:0006002,fructose 6-phosphate metabolic process,19_GO:0009987 cellular process,-6.8,37,13,21160,16,180,5,2.8,1.2,14583|15275|15277|18641|56421,Gfpt1|Hk1|Hk2|Pfkl|Pfkp,-4.9
hits,GO Biological Processes,19,GO:0072594,establishment of protein localization to organelle,19_GO:0051179 localization,-6.3,4.9,6.9,21160,362,180,15,8.3,2.1,11426|12759|14725|15275|15277|16647|18708|19386|20848|21856|21929|58869|70572|107305|238799,Macf1|Clu|Lrp2|Hk1|Hk2|Kpna2|Pik3r1|Ranbp2|Stat3|Timm44|Tnfaip3|Pex5l|Ipo5|Vps37c|Tnpo1,-4.4
hits,KEGG Pathway,24,mmu04725,Cholinergic synapse - Mus musculus (house mouse),,-6.3,9.4,8.3,21160,113,180,9,5,1.6,14281|14688|14693|14695|14699|18708|18798|54652|108058,Fos|Gnb1|Gnb2|Gnb3|Gngt1|Pik3r1|Plcb4|Cacna1f|Camk2d,-4.4
hits,GO Biological Processes,19,GO:1990778,protein localization to cell periphery,19_GO:0051179 localization,-6,5.4,6.9,21160,283,180,13,7.2,1.9,11426|12296|16500|16561|19133|19878|20910|56297|71648|76123|108797|109676|269116,Macf1|Cacnb2|Kcnb1|Kif1b|Prph2|Rock2|Stxbp1|Arl6|Optn|Gpsm2|Mex3b|Ank2|Nfasc,-4.2
hits,GO Biological Processes,19,GO:0048592,eye morphogenesis,19_GO:0032502 developmental process,-6,6.5,7.2,21160,198,180,11,6.1,1.8,14685|14699|15165|18185|19881|20848|24013|56297|224224|225998|238021,Gnat1|Gngt1|Hcn1|Nrl|Rom1|Stat3|Grk1|Arl6|Impg2|Rorb|Fscn2,-4.2
hits,WikiPathways,27,WP65,Insulin signaling,,-6,7.4,7.5,21160,159,180,10,5.6,1.7,13653|14281|16476|18641|18708|20393|20614|20910|26401|225028,Egr1|Fos|Jun|Pfkl|Pik3r1|Sgk1|Snap25|Stxbp1|Map3k1|Map4k3,-4.2
hits,Reactome Gene Sets,6,R-MMU-9009391,Extra-nuclear estrogen signaling,,-5.8,12,8.6,21160,66,180,7,3.9,1.4,12223|14688|14693|14695|14699|18708|103573,Btc|Gnb1|Gnb2|Gnb3|Gngt1|Pik3r1|Xpo1,-4.1
hits,GO Biological Processes,19,GO:0003407,neural retina development,19_GO:0032502 developmental process,-5.7,9.5,7.9,21160,99,180,8,4.4,1.5,14281|14685|15165|18185|19881|20848|56297|225998,Fos|Gnat1|Hcn1|Nrl|Rom1|Stat3|Arl6|Rorb,-3.9
hits,GO Biological Processes,19,GO:0009135,purine nucleoside diphosphate metabolic process,19_GO:0009987 cellular process,-5.7,12,8.3,21160,70,180,7,3.9,1.4,15275|15277|18640|18641|23959|56421|56524,Hk1|Hk2|Pfkfb2|Pfkl|Nt5e|Pfkp|Pals2,-3.9
hits,GO Biological Processes,19,GO:0009179,purine ribonucleoside diphosphate metabolic process,19_GO:0009987 cellular process,-5.7,12,8.3,21160,70,180,7,3.9,1.4,15275|15277|18640|18641|23959|56421|56524,Hk1|Hk2|Pfkfb2|Pfkl|Nt5e|Pfkp|Pals2,-3.9
hits,Reactome Gene Sets,6,R-MMU-383280,Nuclear Receptor transcription pathway,,-5.6,15,9,21160,46,180,6,3.3,1.3,15370|26380|26381|217166|225998|353187,Nr4a1|Esrrb|Esrrg|Nr1d1|Rorb|Nr1d2,-3.9
hits,Reactome Gene Sets,6,R-MMU-4086398,Ca2+ pathway,,-5.6,15,9,21160,46,180,6,3.3,1.3,14688|14693|14695|14699|18587|18588,Gnb1|Gnb2|Gnb3|Gngt1|Pde6b|Pde6g,-3.9
hits,GO Biological Processes,19,GO:0060219,camera-type eye photoreceptor cell differentiation,19_GO:0032502 developmental process,-5.4,14,8.7,21160,49,180,6,3.3,1.3,14685|15165|18185|19881|20848|225998,Gnat1|Hcn1|Nrl|Rom1|Stat3|Rorb,-3.7
hits,GO Biological Processes,19,GO:0042462,eye photoreceptor cell development,19_GO:0032502 developmental process,-5.4,14,8.6,21160,50,180,6,3.3,1.3,14685|14699|15165|18185|225998|238021,Gnat1|Gngt1|Hcn1|Nrl|Rorb|Fscn2,-3.7
hits,WikiPathways,27,WP385,Myometrial relaxation and contraction pathways,,-5.2,7.1,6.9,21160,150,180,9,5,1.6,14281|14688|14693|14695|14699|16476|19739|58175|108058,Fos|Gnb1|Gnb2|Gnb3|Gngt1|Jun|Rgs9|Rgs20|Camk2d,-3.5
hits,Reactome Gene Sets,6,R-MMU-418597,G alpha (z) signalling events,,-5.2,19,9.3,21160,31,180,5,2.8,1.2,14688|14693|14695|14699|58175,Gnb1|Gnb2|Gnb3|Gngt1|Rgs20,-3.5
hits,Reactome Gene Sets,6,R-MMU-381676,Glucagon-like Peptide-1 (GLP1) regulates insulin secretion,,-5.2,19,9.3,21160,31,180,5,2.8,1.2,14688|14693|14695|14699|16500,Gnb1|Gnb2|Gnb3|Gngt1|Kcnb1,-3.5
hits,GO Biological Processes,19,GO:0007602,phototransduction,19_GO:0050896 response to stimulus,-5.2,19,9.3,21160,31,180,5,2.8,1.2,14685|14688|14699|14913|107477,Gnat1|Gnb1|Gngt1|Guca1a|Guca1b,-3.5
hits,GO Biological Processes,19,GO:0009185,ribonucleoside diphosphate metabolic process,19_GO:0009987 cellular process,-5.2,10,7.6,21160,82,180,7,3.9,1.4,15275|15277|18640|18641|23959|56421|56524,Hk1|Hk2|Pfkfb2|Pfkl|Nt5e|Pfkp|Pals2,-3.5
hits,GO Biological Processes,19,GO:0090596,sensory organ morphogenesis,19_GO:0032502 developmental process,-5.2,4.5,6,21160,338,180,13,7.2,1.9,14685|14699|15165|17921|18185|19881|20848|24013|56297|73750|224224|225998|238021,Gnat1|Gngt1|Hcn1|Myo7a|Nrl|Rom1|Stat3|Grk1|Arl6|Whrn|Impg2|Rorb|Fscn2,-3.5
hits,WikiPathways,27,WP1560,MicroRNAs in cardiomyocyte hypertrophy,,-5.2,9.9,7.5,21160,83,180,7,3.9,1.4,14173|16195|18708|19878|20848|79221|108058,Fgf2|Il6st|Pik3r1|Rock2|Stat3|Hdac9|Camk2d,-3.5
hits,KEGG Pathway,24,mmu04066,HIF-1 signaling pathway - Mus musculus (house mouse),,-5.1,8,7.1,21160,117,180,8,4.4,1.5,15275|15277|18641|18708|20848|56421|108058|228026,Hk1|Hk2|Pfkl|Pik3r1|Stat3|Pfkp|Camk2d|Pdk1,-3.4
hits,GO Biological Processes,19,GO:0009132,nucleoside diphosphate metabolic process,19_GO:0009987 cellular process,-5,9.5,7.3,21160,87,180,7,3.9,1.4,15275|15277|18640|18641|23959|56421|56524,Hk1|Hk2|Pfkfb2|Pfkl|Nt5e|Pfkp|Pals2,-3.3
hits,GO Biological Processes,19,GO:0046032,ADP catabolic process,19_GO:0009987 cellular process,-5,12,7.9,21160,58,180,6,3.3,1.3,15275|15277|18640|18641|23959|56421,Hk1|Hk2|Pfkfb2|Pfkl|Nt5e|Pfkp,-3.3
hits,GO Biological Processes,19,GO:0031113,regulation of microtubule polymerization,19_GO:0050789 regulation of biological process,-5,12,7.9,21160,58,180,6,3.3,1.3,11789|15511|17756|20393|100732|193740,Apc|Hspa1b|Map2|Sgk1|Mapre3|Hspa1a,-3.3
hits,Reactome Gene Sets,6,R-MMU-422356,Regulation of insulin secretion,,-5,12,7.8,21160,59,180,6,3.3,1.3,12296|14688|14693|14695|14699|16500,Cacnb2|Gnb1|Gnb2|Gnb3|Gngt1|Kcnb1,-3.3
hits,GO Biological Processes,19,GO:0043254,regulation of protein-containing complex assembly,19_GO:0050789 regulation of biological process,-4.9,3.8,5.6,21160,466,180,15,8.3,2.1,11622|11789|12759|15511|17756|20393|20740|20910|22241|26401|27360|64383|100732|170643|193740,Ahr|Apc|Clu|Hspa1b|Map2|Sgk1|Sptan1|Stxbp1|Ulk1|Map3k1|Add3|Sirt2|Mapre3|Kirrel1|Hspa1a,-3.3
hits,Reactome Gene Sets,6,R-MMU-70171,Glycolysis,,-4.9,12,7.7,21160,60,180,6,3.3,1.3,15275|15277|18640|18641|19386|56421,Hk1|Hk2|Pfkfb2|Pfkl|Ranbp2|Pfkp,-3.3
hits,KEGG Pathway,24,mmu00051,Fructose and mannose metabolism - Mus musculus (house mouse),,-4.9,16,8.5,21160,36,180,5,2.8,1.2,15275|15277|18640|18641|56421,Hk1|Hk2|Pfkfb2|Pfkl|Pfkp,-3.2
hits,GO Biological Processes,19,GO:0032271,regulation of protein polymerization,19_GO:0050789 regulation of biological process,-4.9,5.6,6.2,21160,211,180,10,5.6,1.7,11789|15511|17756|20393|20740|26401|27360|100732|170643|193740,Apc|Hspa1b|Map2|Sgk1|Sptan1|Map3k1|Add3|Mapre3|Kirrel1|Hspa1a,-3.2
hits,GO Biological Processes,19,GO:0009642,response to light intensity,19_GO:0050896 response to stimulus,-4.9,26,9.9,21160,18,180,4,2.2,1.1,14685|19133|19739|76123,Gnat1|Prph2|Rgs9|Gpsm2,-3.2
hits,Reactome Gene Sets,6,R-MMU-8964315,G beta:gamma signalling through BTK,,-4.9,26,9.9,21160,18,180,4,2.2,1.1,14688|14693|14695|14699,Gnb1|Gnb2|Gnb3|Gngt1,-3.2
hits,GO Biological Processes,19,GO:0048593,camera-type eye morphogenesis,19_GO:0032502 developmental process,-4.8,6.3,6.4,21160,168,180,9,5,1.6,14685|15165|18185|19881|20848|24013|56297|224224|225998,Gnat1|Hcn1|Nrl|Rom1|Stat3|Grk1|Arl6|Impg2|Rorb,-3.2
hits,GO Biological Processes,19,GO:0009137,purine nucleoside diphosphate catabolic process,19_GO:0009987 cellular process,-4.8,11,7.6,21160,62,180,6,3.3,1.3,15275|15277|18640|18641|23959|56421,Hk1|Hk2|Pfkfb2|Pfkl|Nt5e|Pfkp,-3.2
hits,GO Biological Processes,19,GO:0009181,purine ribonucleoside diphosphate catabolic process,19_GO:0009987 cellular process,-4.8,11,7.6,21160,62,180,6,3.3,1.3,15275|15277|18640|18641|23959|56421,Hk1|Hk2|Pfkfb2|Pfkl|Nt5e|Pfkp,-3.2
hits,KEGG Pathway,24,mmu04926,Relaxin signaling pathway - Mus musculus (house mouse),,-4.8,7.2,6.6,21160,130,180,8,4.4,1.5,14281|14688|14693|14695|14699|16476|18708|18798,Fos|Gnb1|Gnb2|Gnb3|Gngt1|Jun|Pik3r1|Plcb4,-3.2
hits,GO Biological Processes,19,GO:0046031,ADP metabolic process,19_GO:0009987 cellular process,-4.8,11,7.5,21160,63,180,6,3.3,1.3,15275|15277|18640|18641|23959|56421,Hk1|Hk2|Pfkfb2|Pfkl|Nt5e|Pfkp,-3.2
hits,Reactome Gene Sets,6,R-MMU-392851,Prostacyclin signalling through prostacyclin receptor,,-4.8,25,9.6,21160,19,180,4,2.2,1.1,14688|14693|14695|14699,Gnb1|Gnb2|Gnb3|Gngt1,-3.1
hits,Reactome Gene Sets,6,R-MMU-8964616,G beta:gamma signalling through CDC42,,-4.8,25,9.6,21160,19,180,4,2.2,1.1,14688|14693|14695|14699,Gnb1|Gnb2|Gnb3|Gngt1,-3.1
hits,GO Biological Processes,19,GO:0009896,positive regulation of catabolic process,19_GO:0048518 positive regulation of biological process,-4.7,3.4,5.4,21160,546,180,16,8.9,2.1,11740|11789|12759|15277|15511|19317|19878|21929|22241|26380|64383|71648|83814|193740|211770|217410,Slc25a5|Apc|Clu|Hk2|Hspa1b|Qki|Rock2|Tnfaip3|Ulk1|Esrrb|Sirt2|Optn|Nedd4l|Hspa1a|Trib1|Trib2,-3.1
hits,GO Biological Processes,19,GO:0072659,protein localization to plasma membrane,19_GO:0051179 localization,-4.7,5.3,6,21160,220,180,10,5.6,1.7,11426|12296|16500|19133|19878|20910|56297|71648|109676|269116,Macf1|Cacnb2|Kcnb1|Prph2|Rock2|Stxbp1|Arl6|Optn|Ank2|Nfasc,-3.1
hits,WikiPathways,27,WP447,Adipogenesis genes,,-4.7,7,6.4,21160,135,180,8,4.4,1.5,11622|14245|16195|16880|17978|20848|97064|104394,Ahr|Lpin1|Il6st|Lifr|Ncoa2|Stat3|Wwtr1|E2f4,-3.1
hits,GO Biological Processes,19,GO:0009191,ribonucleoside diphosphate catabolic process,19_GO:0009987 cellular process,-4.7,11,7.3,21160,66,180,6,3.3,1.3,15275|15277|18640|18641|23959|56421,Hk1|Hk2|Pfkfb2|Pfkl|Nt5e|Pfkp,-3.1
hits,Reactome Gene Sets,6,R-MMU-418217,G beta:gamma signalling through PLC beta,,-4.7,24,9.3,21160,20,180,4,2.2,1.1,14688|14693|14695|14699,Gnb1|Gnb2|Gnb3|Gngt1,-3
hits,KEGG Pathway,24,mmu04713,Circadian entrainment - Mus musculus (house mouse),,-4.7,8.3,6.8,21160,99,180,7,3.9,1.4,14281|14688|14693|14695|14699|18798|108058,Fos|Gnb1|Gnb2|Gnb3|Gngt1|Plcb4|Camk2d,-3
hits,KEGG Pathway,24,mmu05167,Kaposi sarcoma-associated herpesvirus infection - Mus musculus (house mouse),,-4.7,5.3,5.9,21160,223,180,10,5.6,1.7,14173|14281|14688|14693|14695|14699|16195|16476|18708|20848,Fgf2|Fos|Gnb1|Gnb2|Gnb3|Gngt1|Il6st|Jun|Pik3r1|Stat3,-3
hits,WikiPathways,27,WP2292,Chemokine signaling pathway,,-4.6,5.9,6.1,21160,178,180,9,5,1.6,14688|14693|14695|14699|18708|18798|19878|20848|24013,Gnb1|Gnb2|Gnb3|Gngt1|Pik3r1|Plcb4|Rock2|Stat3|Grk1,-3
hits,GO Biological Processes,19,GO:0048812,neuron projection morphogenesis,19_GO:0032502 developmental process,-4.6,3.4,5.2,21160,559,180,16,8.9,2.1,11789|12759|14725|16880|17756|19878|20393|20404|20614|20910|22241|54652|114873|228357|269116|330177,Apc|Clu|Lrp2|Lifr|Map2|Rock2|Sgk1|Sh3gl2|Snap25|Stxbp1|Ulk1|Cacna1f|Dscaml1|Lrp4|Nfasc|Taok3,-3
hits,GO Biological Processes,19,GO:0009134,nucleoside diphosphate catabolic process,19_GO:0009987 cellular process,-4.6,10,7.2,21160,68,180,6,3.3,1.3,15275|15277|18640|18641|23959|56421,Hk1|Hk2|Pfkfb2|Pfkl|Nt5e|Pfkp,-3
hits,KEGG Pathway,24,mmu05230,Central carbon metabolism in cancer - Mus musculus (house mouse),,-4.6,10,7.1,21160,69,180,6,3.3,1.3,15275|15277|18641|18708|56421|228026,Hk1|Hk2|Pfkl|Pik3r1|Pfkp|Pdk1,-3
hits,Reactome Gene Sets,6,R-MMU-70326,Glucose metabolism,,-4.6,10,7.1,21160,69,180,6,3.3,1.3,15275|15277|18640|18641|19386|56421,Hk1|Hk2|Pfkfb2|Pfkl|Ranbp2|Pfkp,-3
hits,Reactome Gene Sets,6,R-MMU-500657,Presynaptic function of Kainate receptors,,-4.6,22,9.1,21160,21,180,4,2.2,1.1,14688|14693|14695|14699,Gnb1|Gnb2|Gnb3|Gngt1,-3
hits,GO Biological Processes,19,GO:0120039,plasma membrane bounded cell projection morphogenesis,19_GO:0032502 developmental process,-4.6,3.3,5.2,21160,565,180,16,8.9,2.1,11789|12759|14725|16880|17756|19878|20393|20404|20614|20910|22241|54652|114873|228357|269116|330177,Apc|Clu|Lrp2|Lifr|Map2|Rock2|Sgk1|Sh3gl2|Snap25|Stxbp1|Ulk1|Cacna1f|Dscaml1|Lrp4|Nfasc|Taok3,-3
hits,Reactome Gene Sets,6,R-MMU-163685,Integration of energy metabolism,,-4.5,10,7,21160,70,180,6,3.3,1.3,12296|14688|14693|14695|14699|16500,Cacnb2|Gnb1|Gnb2|Gnb3|Gngt1|Kcnb1,-2.9
hits,GO Biological Processes,19,GO:0032886,regulation of microtubule-based process,19_GO:0050789 regulation of biological process,-4.5,4.6,5.6,21160,280,180,11,6.1,1.8,11426|11603|11789|15511|17756|19878|20393|76123|100732|103573|193740,Macf1|Agrn|Apc|Hspa1b|Map2|Rock2|Sgk1|Gpsm2|Mapre3|Xpo1|Hspa1a,-2.9
hits,Reactome Gene Sets,6,R-MMU-392170,ADP signalling through P2Y purinoceptor 12,,-4.5,21,8.9,21160,22,180,4,2.2,1.1,14688|14693|14695|14699,Gnb1|Gnb2|Gnb3|Gngt1,-2.9
hits,Reactome Gene Sets,6,R-MMU-400042,"Adrenaline,noradrenaline inhibits insulin secretion",,-4.5,21,8.9,21160,22,180,4,2.2,1.1,14688|14693|14695|14699,Gnb1|Gnb2|Gnb3|Gngt1,-2.9
hits,GO Biological Processes,19,GO:0048858,cell projection morphogenesis,19_GO:0032502 developmental process,-4.5,3.3,5.1,21160,575,180,16,8.9,2.1,11789|12759|14725|16880|17756|19878|20393|20404|20614|20910|22241|54652|114873|228357|269116|330177,Apc|Clu|Lrp2|Lifr|Map2|Rock2|Sgk1|Sh3gl2|Snap25|Stxbp1|Ulk1|Cacna1f|Dscaml1|Lrp4|Nfasc|Taok3,-2.9
hits,WikiPathways,27,WP553,Calcium regulation in cardiac cells,,-4.5,6.5,6.1,21160,145,180,8,4.4,1.5,14688|14693|14695|14699|16500|19739|58175|108058,Gnb1|Gnb2|Gnb3|Gngt1|Kcnb1|Rgs9|Rgs20|Camk2d,-2.9
hits,GO Biological Processes,19,GO:0045637,regulation of myeloid cell differentiation,19_GO:0002376 immune system process,-4.4,5,5.7,21160,236,180,10,5.6,1.7,11789|14281|15511|16476|18708|19317|20848|107829|170826|211770,Apc|Fos|Hspa1b|Jun|Pik3r1|Qki|Stat3|Thoc5|Ppargc1b|Trib1,-2.9
hits,GO Biological Processes,19,GO:0051960,regulation of nervous system development,19_GO:0032502 developmental process,-4.4,3.2,5.1,21160,581,180,16,8.9,2.1,11426|11603|14173|14245|14725|16195|17756|18011|18708|19317|20393|22241|64383|217166|228357|232227,Macf1|Agrn|Fgf2|Lpin1|Lrp2|Il6st|Map2|Neurl1a|Pik3r1|Qki|Sgk1|Ulk1|Sirt2|Nr1d1|Lrp4|Iqsec1,-2.8
hits,Reactome Gene Sets,6,R-MMU-202040,G-protein activation,,-4.4,20,8.6,21160,23,180,4,2.2,1.1,14688|14693|14695|14699,Gnb1|Gnb2|Gnb3|Gngt1,-2.8
hits,KEGG Pathway,24,mmu04062,Chemokine signaling pathway - Mus musculus (house mouse),,-4.4,5.5,5.8,21160,193,180,9,5,1.6,14688|14693|14695|14699|18708|18798|19878|20848|24013,Gnb1|Gnb2|Gnb3|Gngt1|Pik3r1|Plcb4|Rock2|Stat3|Grk1,-2.8
hits,WikiPathways,27,WP1763,Mechanisms associated with pluripotency,,-4.4,4.4,5.5,21160,292,180,11,6.1,1.8,11789|14281|16195|16647|16880|19878|20393|20848|26380|83814|381022,Apc|Fos|Il6st|Kpna2|Lifr|Rock2|Sgk1|Stat3|Esrrb|Nedd4l|Kmt2d,-2.8
hits,GO Biological Processes,19,GO:0062012,regulation of small molecule metabolic process,19_GO:0050789 regulation of biological process,-4.3,3.8,5.2,21160,406,180,13,7.2,1.9,11789|13653|14695|14913|17978|19317|19386|20848|26380|64383|107477|217166|228026,Apc|Egr1|Gnb3|Guca1a|Ncoa2|Qki|Ranbp2|Stat3|Esrrb|Sirt2|Guca1b|Nr1d1|Pdk1,-2.8
hits,Reactome Gene Sets,6,R-MMU-428930,Thromboxane signalling through TP receptor,,-4.3,20,8.4,21160,24,180,4,2.2,1.1,14688|14693|14695|14699,Gnb1|Gnb2|Gnb3|Gngt1,-2.8
hits,Reactome Gene Sets,6,R-MMU-112315,Transmission across Chemical Synapses,,-4.3,5.4,5.7,21160,196,180,9,5,1.6,12296|14645|14688|14693|14695|14699|20910|72961|108058,Cacnb2|Glul|Gnb1|Gnb2|Gnb3|Gngt1|Stxbp1|Slc17a7|Camk2d,-2.7
hits,GO Biological Processes,19,GO:0032870,cellular response to hormone stimulus,19_GO:0050896 response to stimulus,-4.3,3.2,5,21160,591,180,16,8.9,2.1,11789|11928|14245|14281|15370|17978|18708|20393|20848|26380|26381|56392|79221|170826|217166|353187,Apc|Atp1a1|Lpin1|Fos|Nr4a1|Ncoa2|Pik3r1|Sgk1|Stat3|Esrrb|Esrrg|Shoc2|Hdac9|Ppargc1b|Nr1d1|Nr1d2,-2.7
hits,GO Biological Processes,19,GO:2000650,negative regulation of sodium ion transmembrane transporter activity,19_GO:0051179 localization,-4.3,39,11,21160,9,180,3,1.7,0.95,11603|83814|108058,Agrn|Nedd4l|Camk2d,-2.7
hits,GO Biological Processes,19,GO:1902903,regulation of supramolecular fiber organization,19_GO:0050789 regulation of biological process,-4.3,3.7,5.2,21160,408,180,13,7.2,1.9,11789|12759|15511|17756|18708|19878|20393|20740|26401|27360|100732|170643|193740,Apc|Clu|Hspa1b|Map2|Pik3r1|Rock2|Sgk1|Sptan1|Map3k1|Add3|Mapre3|Kirrel1|Hspa1a,-2.7
hits,Reactome Gene Sets,6,R-MMU-8939211,ESR-mediated signaling,,-4.3,6.1,5.9,21160,153,180,8,4.4,1.5,12223|14688|14693|14695|14699|17978|18708|103573,Btc|Gnb1|Gnb2|Gnb3|Gngt1|Ncoa2|Pik3r1|Xpo1,-2.7
hits,KEGG Pathway,24,mmu04723,Retrograde endocannabinoid signaling - Mus musculus (house mouse),,-4.3,6.1,5.9,21160,153,180,8,4.4,1.5,14688|14693|14695|14699|18798|54652|66414|72961,Gnb1|Gnb2|Gnb3|Gngt1|Plcb4|Cacna1f|Ndufa12|Slc17a7,-2.7
hits,KEGG Pathway,24,mmu04010,MAPK signaling pathway - Mus musculus (house mouse),,-4.3,4.3,5.4,21160,299,180,11,6.1,1.8,12296|14173|14281|15370|15511|16476|26401|54652|193740|225028|330177,Cacnb2|Fgf2|Fos|Nr4a1|Hspa1b|Jun|Map3k1|Cacna1f|Hspa1a|Map4k3|Taok3,-2.7
hits,GO Biological Processes,19,GO:0002761,regulation of myeloid leukocyte differentiation,19_GO:0002376 immune system process,-4.3,6.1,5.9,21160,154,180,8,4.4,1.5,11789|14281|16476|18708|19317|107829|170826|211770,Apc|Fos|Jun|Pik3r1|Qki|Thoc5|Ppargc1b|Trib1,-2.7
hits,GO Biological Processes,19,GO:0019725,cellular homeostasis,19_GO:0042592 homeostatic process,-4.3,2.9,4.8,21160,732,180,18,10,2.2,11789|11928|12296|14645|14695|15275|15277|16500|18708|20393|54652|72961|94220|104394|108058|109676|217166|230872,Apc|Atp1a1|Cacnb2|Glul|Gnb3|Hk1|Hk2|Kcnb1|Pik3r1|Sgk1|Cacna1f|Slc17a7|Cnnm4|E2f4|Camk2d|Ank2|Nr1d1|Crocc,-2.7
hits,Reactome Gene Sets,6,R-MMU-392451,G beta:gamma signalling through PI3Kgamma,,-4.3,19,8.3,21160,25,180,4,2.2,1.1,14688|14693|14695|14699,Gnb1|Gnb2|Gnb3|Gngt1,-2.7
hits,Reactome Gene Sets,6,R-MMU-418592,ADP signalling through P2Y purinoceptor 1,,-4.3,19,8.3,21160,25,180,4,2.2,1.1,14688|14693|14695|14699,Gnb1|Gnb2|Gnb3|Gngt1,-2.7
hits,KEGG Pathway,24,mmu04973,Carbohydrate digestion and absorption - Mus musculus (house mouse),,-4.2,12,7.1,21160,49,180,5,2.8,1.2,11928|15275|15277|18708|18798,Atp1a1|Hk1|Hk2|Pik3r1|Plcb4,-2.7
hits,GO Biological Processes,19,GO:0006886,intracellular protein transport,19_GO:0051179 localization,-4.2,3.3,4.9,21160,539,180,15,8.3,2.1,12759|16647|17475|17921|18708|19386|20848|20910|21856|56297|58869|70572|103573|107305|238799,Clu|Kpna2|Mpdz|Myo7a|Pik3r1|Ranbp2|Stat3|Stxbp1|Timm44|Arl6|Pex5l|Ipo5|Xpo1|Vps37c|Tnpo1,-2.7
hits,KEGG Pathway,24,mmu04724,Glutamatergic synapse - Mus musculus (house mouse),,-4.2,7.1,6.1,21160,116,180,7,3.9,1.4,14645|14688|14693|14695|14699|18798|72961,Glul|Gnb1|Gnb2|Gnb3|Gngt1|Plcb4|Slc17a7,-2.7
hits,GO Biological Processes,19,GO:0032436,positive regulation of proteasomal ubiquitin-dependent protein catabolic process,19_GO:0048518 positive regulation of biological process,-4.2,8.8,6.5,21160,80,180,6,3.3,1.3,12759|15511|64383|193740|211770|217410,Clu|Hspa1b|Sirt2|Hspa1a|Trib1|Trib2,-2.7
hits,Reactome Gene Sets,6,R-MMU-9006931,Signaling by Nuclear Receptors,,-4.2,5.2,5.6,21160,203,180,9,5,1.6,12223|14688|14693|14695|14699|17978|18708|103573|228026,Btc|Gnb1|Gnb2|Gnb3|Gngt1|Ncoa2|Pik3r1|Xpo1|Pdk1,-2.7
hits,WikiPathways,27,WP339,ESC pluripotency pathways,,-4.2,7,6.1,21160,117,180,7,3.9,1.4,11789|14173|14281|16195|16476|16880|20848,Apc|Fgf2|Fos|Il6st|Jun|Lifr|Stat3,-2.6
hits,KEGG Pathway,24,mmu04935,"Growth hormone synthesis, secretion and action - Mus musculus (house mouse)",,-4.2,7,6.1,21160,117,180,7,3.9,1.4,14281|16477|18708|18798|20848|26401|54652,Fos|Junb|Pik3r1|Plcb4|Stat3|Map3k1|Cacna1f,-2.6
hits,Reactome Gene Sets,6,R-MMU-9634597,GPER1 signaling,,-4.2,18,8.1,21160,26,180,4,2.2,1.1,14688|14693|14695|14699,Gnb1|Gnb2|Gnb3|Gngt1,-2.6
hits,GO Biological Processes,19,GO:0006007,glucose catabolic process,19_GO:0009987 cellular process,-4.2,18,8.1,21160,26,180,4,2.2,1.1,15275|18640|18641|56421,Hk1|Pfkfb2|Pfkl|Pfkp,-2.6
hits,GO Biological Processes,19,GO:0060221,retinal rod cell differentiation,19_GO:0032502 developmental process,-4.2,18,8.1,21160,26,180,4,2.2,1.1,14685|18185|20848|225998,Gnat1|Nrl|Stat3|Rorb,-2.6
hits,GO Biological Processes,19,GO:1902306,negative regulation of sodium ion transmembrane transport,19_GO:0051179 localization,-4.2,35,10,21160,10,180,3,1.7,0.95,11603|83814|108058,Agrn|Nedd4l|Camk2d,-2.6
hits,GO Biological Processes,19,GO:0045732,positive regulation of protein catabolic process,19_GO:0048518 positive regulation of biological process,-4.2,5.1,5.5,21160,206,180,9,5,1.6,11789|12759|15511|21929|64383|83814|193740|211770|217410,Apc|Clu|Hspa1b|Tnfaip3|Sirt2|Nedd4l|Hspa1a|Trib1|Trib2,-2.6
hits,KEGG Pathway,24,mmu05200,Pathways in cancer - Mus musculus (house mouse),,-4.1,3.2,4.9,21160,548,180,15,8.3,2.1,11789|11798|14173|14281|14688|14693|14695|14699|16195|16476|18708|18798|19878|20848|108058,Apc|Xiap|Fgf2|Fos|Gnb1|Gnb2|Gnb3|Gngt1|Il6st|Jun|Pik3r1|Plcb4|Rock2|Stat3|Camk2d,-2.6
hits,KEGG Pathway,24,mmu04919,Thyroid hormone signaling pathway - Mus musculus (house mouse),,-4.1,6.9,6,21160,120,180,7,3.9,1.4,11928|17978|18640|18641|18708|18798|56421,Atp1a1|Ncoa2|Pfkfb2|Pfkl|Pik3r1|Plcb4|Pfkp,-2.6
hits,Reactome Gene Sets,6,R-MMU-112316,Neuronal System,,-4.1,4.1,5.2,21160,314,180,11,6.1,1.8,12296|14645|14688|14693|14695|14699|15165|16500|20910|72961|108058,Cacnb2|Glul|Gnb1|Gnb2|Gnb3|Gngt1|Hcn1|Kcnb1|Stxbp1|Slc17a7|Camk2d,-2.5
hits,GO Biological Processes,19,GO:0031333,negative regulation of protein-containing complex assembly,19_GO:0048519 negative regulation of biological process,-4.1,5.7,5.6,21160,164,180,8,4.4,1.5,12759|17756|20393|20740|20910|22241|27360|64383,Clu|Map2|Sgk1|Sptan1|Stxbp1|Ulk1|Add3|Sirt2,-2.5
hits,GO Biological Processes,19,GO:0002521,leukocyte differentiation,19_GO:0032502 developmental process,-4.1,3.4,4.9,21160,491,180,14,7.8,2,11622|11740|11789|13653|14281|16476|16477|18708|19317|20848|21929|27999|79221|107829,Ahr|Slc25a5|Apc|Egr1|Fos|Jun|Junb|Pik3r1|Qki|Stat3|Tnfaip3|Fam3c|Hdac9|Thoc5,-2.5
hits,GO Biological Processes,19,GO:1903829,positive regulation of protein localization,19_GO:0051179 localization,-4.1,3.2,4.8,21160,556,180,15,8.3,2.1,11603|11789|14645|14725|16500|18640|18708|19245|19878|20614|70572|76123|97064|228357|230872,Agrn|Apc|Glul|Lrp2|Kcnb1|Pfkfb2|Pik3r1|Ptp4a3|Rock2|Snap25|Ipo5|Gpsm2|Wwtr1|Lrp4|Crocc,-2.5
hits,Reactome Gene Sets,6,R-MMU-1296059,G protein gated Potassium channels,,-4.1,17,7.7,21160,28,180,4,2.2,1.1,14688|14693|14695|14699,Gnb1|Gnb2|Gnb3|Gngt1,-2.5
hits,Reactome Gene Sets,6,R-MMU-1296041,Activation of G protein gated Potassium channels,,-4.1,17,7.7,21160,28,180,4,2.2,1.1,14688|14693|14695|14699,Gnb1|Gnb2|Gnb3|Gngt1,-2.5
hits,Reactome Gene Sets,6,R-MMU-997272,Inhibition  of voltage gated Ca2+ channels via Gbeta/gamma subunits,,-4.1,17,7.7,21160,28,180,4,2.2,1.1,14688|14693|14695|14699,Gnb1|Gnb2|Gnb3|Gngt1,-2.5
hits,GO Biological Processes,19,GO:0044089,positive regulation of cellular component biogenesis,19_GO:0048518 positive regulation of biological process,-4,3.1,4.8,21160,560,180,15,8.3,2.1,11603|11622|11789|12759|15511|18011|18708|19878|22241|26401|76123|170643|193740|230872|232227,Agrn|Ahr|Apc|Clu|Hspa1b|Neurl1a|Pik3r1|Rock2|Ulk1|Map3k1|Gpsm2|Kirrel1|Hspa1a|Crocc|Iqsec1,-2.5
hits,GO Biological Processes,19,GO:0070507,regulation of microtubule cytoskeleton organization,19_GO:0050789 regulation of biological process,-4,5.6,5.6,21160,167,180,8,4.4,1.5,11603|11789|15511|17756|20393|76123|100732|193740,Agrn|Apc|Hspa1b|Map2|Sgk1|Gpsm2|Mapre3|Hspa1a,-2.5
hits,GO Biological Processes,19,GO:0006096,glycolytic process,19_GO:0009987 cellular process,-4,11,6.7,21160,54,180,5,2.8,1.2,15275|15277|18640|18641|56421,Hk1|Hk2|Pfkfb2|Pfkl|Pfkp,-2.5
hits,GO Biological Processes,19,GO:0046034,ATP metabolic process,19_GO:0009987 cellular process,-4,5.6,5.5,21160,169,180,8,4.4,1.5,15275|15277|15511|18640|18641|23959|56421|66414,Hk1|Hk2|Hspa1b|Pfkfb2|Pfkl|Nt5e|Pfkp|Ndufa12,-2.5
hits,KEGG Pathway,24,mmu05417,Lipid and atherosclerosis - Mus musculus (house mouse),,-4,4.9,5.3,21160,217,180,9,5,1.6,14281|15511|16476|18708|18798|19878|20848|108058|193740,Fos|Hspa1b|Jun|Pik3r1|Plcb4|Rock2|Stat3|Camk2d|Hspa1a,-2.5
hits,GO Biological Processes,19,GO:0030048,actin filament-based movement,19_GO:0009987 cellular process,-4,8,6.1,21160,88,180,6,3.3,1.3,12296|17921|19317|83814|108058|109676,Cacnb2|Myo7a|Qki|Nedd4l|Camk2d|Ank2,-2.5
hits,GO Biological Processes,19,GO:0072657,protein localization to membrane,19_GO:0051179 localization,-4,3.3,4.8,21160,503,180,14,7.8,2,11426|11603|12296|16500|19133|19878|20910|56297|71648|76123|107305|109676|228357|269116,Macf1|Agrn|Cacnb2|Kcnb1|Prph2|Rock2|Stxbp1|Arl6|Optn|Gpsm2|Vps37c|Ank2|Lrp4|Nfasc,-2.5
hits,Reactome Gene Sets,6,R-MMU-432040,Vasopressin regulates renal water homeostasis via Aquaporins,,-3.9,16,7.4,21160,30,180,4,2.2,1.1,14688|14693|14695|14699,Gnb1|Gnb2|Gnb3|Gngt1,-2.4
hits,Reactome Gene Sets,6,R-MMU-451326,Activation of kainate receptors upon glutamate binding,,-3.9,16,7.4,21160,30,180,4,2.2,1.1,14688|14693|14695|14699,Gnb1|Gnb2|Gnb3|Gngt1,-2.4
hits,KEGG Pathway,24,mmu04912,GnRH signaling pathway - Mus musculus (house mouse),,-3.9,7.8,6,21160,90,180,6,3.3,1.3,13653|16476|18798|26401|54652|108058,Egr1|Jun|Plcb4|Map3k1|Cacna1f|Camk2d,-2.4
hits,KEGG Pathway,24,mmu04727,GABAergic synapse - Mus musculus (house mouse),,-3.9,7.8,6,21160,90,180,6,3.3,1.3,14645|14688|14693|14695|14699|54652,Glul|Gnb1|Gnb2|Gnb3|Gngt1|Cacna1f,-2.4
hits,GO Biological Processes,19,GO:0048667,cell morphogenesis involved in neuron differentiation,19_GO:0032502 developmental process,-3.9,3.2,4.7,21160,509,180,14,7.8,2,11789|14725|17756|17921|19878|20614|20910|22241|24013|54652|73750|114873|228357|269116,Apc|Lrp2|Map2|Myo7a|Rock2|Snap25|Stxbp1|Ulk1|Grk1|Cacna1f|Whrn|Dscaml1|Lrp4|Nfasc,-2.4
hits,GO Biological Processes,19,GO:0006607,NLS-bearing protein import into nucleus,19_GO:0051179 localization,-3.9,29,9.1,21160,12,180,3,1.7,0.95,16647|19386|70572,Kpna2|Ranbp2|Ipo5,-2.4
hits,GO Biological Processes,19,GO:0043523,regulation of neuron apoptotic process,19_GO:0050789 regulation of biological process,-3.9,3.9,4.9,21160,330,180,11,6.1,1.8,11603|11798|12759|13653|14173|16195|16476|16500|20910|24013|71648,Agrn|Xiap|Clu|Egr1|Fgf2|Il6st|Jun|Kcnb1|Stxbp1|Grk1|Optn,-2.4
hits,WikiPathways,27,WP572,EGFR1 signaling pathway,,-3.9,5.4,5.4,21160,175,180,8,4.4,1.5,14281|16476|18708|20404|20848|20910|26401|56392,Fos|Jun|Pik3r1|Sh3gl2|Stat3|Stxbp1|Map3k1|Shoc2,-2.4
hits,Reactome Gene Sets,6,R-MMU-397795,G-protein beta:gamma signalling,,-3.9,15,7.3,21160,31,180,4,2.2,1.1,14688|14693|14695|14699,Gnb1|Gnb2|Gnb3|Gngt1,-2.4
hits,GO Biological Processes,19,GO:1902904,negative regulation of supramolecular fiber organization,19_GO:0048519 negative regulation of biological process,-3.9,5.3,5.4,21160,176,180,8,4.4,1.5,11789|12759|17756|18708|20393|20740|26401|27360,Apc|Clu|Map2|Pik3r1|Sgk1|Sptan1|Map3k1|Add3,-2.4
hits,GO Biological Processes,19,GO:0009154,purine ribonucleotide catabolic process,19_GO:0009987 cellular process,-3.9,7.7,5.9,21160,92,180,6,3.3,1.3,15275|15277|18640|18641|23959|56421,Hk1|Hk2|Pfkfb2|Pfkl|Nt5e|Pfkp,-2.4
hits,GO Biological Processes,19,GO:0032434,regulation of proteasomal ubiquitin-dependent protein catabolic process,19_GO:0050789 regulation of biological process,-3.9,6.2,5.6,21160,132,180,7,3.9,1.4,12759|15511|64383|103573|193740|211770|217410,Clu|Hspa1b|Sirt2|Xpo1|Hspa1a|Trib1|Trib2,-2.4
hits,Reactome Gene Sets,6,R-MMU-456926,Thrombin signalling through proteinase activated receptors (PARs),,-3.8,15,7.2,21160,32,180,4,2.2,1.1,14688|14693|14695|14699,Gnb1|Gnb2|Gnb3|Gngt1,-2.3
hits,KEGG Pathway,24,mmu00052,Galactose metabolism - Mus musculus (house mouse),,-3.8,15,7.2,21160,32,180,4,2.2,1.1,15275|15277|18641|56421,Hk1|Hk2|Pfkl|Pfkp,-2.3
hits,KEGG Pathway,24,mmu05207,Chemical carcinogenesis - receptor activation - Mus musculus (house mouse),,-3.8,4.6,5.1,21160,228,180,9,5,1.6,11622|11798|14173|14281|16476|16647|18708|20848|54652,Ahr|Xiap|Fgf2|Fos|Jun|Kpna2|Pik3r1|Stat3|Cacna1f,-2.3
hits,KEGG Pathway,24,mmu04210,Apoptosis - Mus musculus (house mouse),,-3.8,6.1,5.5,21160,134,180,7,3.9,1.4,11798|14281|16476|18708|18952|20740|22143,Xiap|Fos|Jun|Pik3r1|Septin4|Sptan1|Tuba1b,-2.3
hits,KEGG Pathway,24,mmu04915,Estrogen signaling pathway - Mus musculus (house mouse),,-3.8,6.1,5.5,21160,134,180,7,3.9,1.4,14281|15511|16476|17978|18708|18798|193740,Fos|Hspa1b|Jun|Ncoa2|Pik3r1|Plcb4|Hspa1a,-2.3
hits,KEGG Pathway,24,mmu04728,Dopaminergic synapse - Mus musculus (house mouse),,-3.8,6.1,5.5,21160,136,180,7,3.9,1.4,14281|14688|14693|14695|14699|18798|108058,Fos|Gnb1|Gnb2|Gnb3|Gngt1|Plcb4|Camk2d,-2.3
hits,Reactome Gene Sets,6,R-MMU-392518,Signal amplification,,-3.8,14,7.1,21160,33,180,4,2.2,1.1,14688|14693|14695|14699,Gnb1|Gnb2|Gnb3|Gngt1,-2.3
hits,Reactome Gene Sets,6,R-MMU-5357905,Regulation of TNFR1 signaling,,-3.8,14,7.1,21160,33,180,4,2.2,1.1,21929|22241|52440|71648,Tnfaip3|Ulk1|Tax1bp1|Optn,-2.3
hits,Reactome Gene Sets,6,R-MMU-420092,Glucagon-type ligand receptors,,-3.8,14,7.1,21160,33,180,4,2.2,1.1,14688|14693|14695|14699,Gnb1|Gnb2|Gnb3|Gngt1,-2.3
hits,GO Biological Processes,19,GO:0019364,pyridine nucleotide catabolic process,19_GO:0009987 cellular process,-3.7,9.5,6.2,21160,62,180,5,2.8,1.2,15275|15277|18640|18641|56421,Hk1|Hk2|Pfkfb2|Pfkl|Pfkp,-2.3
hits,GO Biological Processes,19,GO:0009150,purine ribonucleotide metabolic process,19_GO:0009987 cellular process,-3.7,4.1,4.9,21160,289,180,10,5.6,1.7,15275|15277|15511|18640|18641|23959|56421|56524|66414|245650,Hk1|Hk2|Hspa1b|Pfkfb2|Pfkl|Nt5e|Pfkp|Pals2|Ndufa12|Gucy2f,-2.2
hits,Reactome Gene Sets,6,R-MMU-1296071,Potassium Channels,,-3.7,7.2,5.7,21160,98,180,6,3.3,1.3,14688|14693|14695|14699|15165|16500,Gnb1|Gnb2|Gnb3|Gngt1|Hcn1|Kcnb1,-2.2
hits,Reactome Gene Sets,6,R-MMU-1296065,Inwardly rectifying K+ channels,,-3.7,14,6.9,21160,34,180,4,2.2,1.1,14688|14693|14695|14699,Gnb1|Gnb2|Gnb3|Gngt1,-2.2
hits,KEGG Pathway,24,mmu04550,Signaling pathways regulating pluripotency of stem cells - Mus musculus (house mouse),,-3.7,5.9,5.4,21160,140,180,7,3.9,1.4,11789|14173|16195|16880|18708|20848|26380,Apc|Fgf2|Il6st|Lifr|Pik3r1|Stat3|Esrrb,-2.2
hits,GO Biological Processes,19,GO:0051606,detection of stimulus,19_GO:0050896 response to stimulus,-3.7,2.9,4.5,21160,601,180,15,8.3,2.1,14685|14688|14699|14913|15370|18587|19133|19881|54652|54725|73750|107477|225004|243923|245650,Gnat1|Gnb1|Gngt1|Guca1a|Nr4a1|Pde6b|Prph2|Rom1|Cacna1f|Cadm1|Whrn|Guca1b|Pcare|Rgs9bp|Gucy2f,-2.2
hits,GO Biological Processes,19,GO:0031110,regulation of microtubule polymerization or depolymerization,19_GO:0050789 regulation of biological process,-3.7,7.1,5.7,21160,99,180,6,3.3,1.3,11789|15511|17756|20393|100732|193740,Apc|Hspa1b|Map2|Sgk1|Mapre3|Hspa1a,-2.2
hits,WikiPathways,27,WP387,IL 6 signaling pathway,,-3.7,7.1,5.7,21160,99,180,6,3.3,1.3,14281|16195|16476|18708|20393|20848,Fos|Il6st|Jun|Pik3r1|Sgk1|Stat3,-2.2
hits,GO Biological Processes,19,GO:0097499,protein localization to non-motile cilium,19_GO:0051179 localization,-3.7,25,8.4,21160,14,180,3,1.7,0.95,19881|56297|225004,Rom1|Arl6|Pcare,-2.2
hits,GO Biological Processes,19,GO:0002831,regulation of response to biotic stimulus,19_GO:0050896 response to stimulus,-3.7,2.9,4.4,21160,603,180,15,8.3,2.1,11622|11798|15511|18708|21929|52440|54725|56213|64383|67070|70572|71648|211770|217166|231130,Ahr|Xiap|Hspa1b|Pik3r1|Tnfaip3|Tax1bp1|Cadm1|Htra1|Sirt2|Lsm14a|Ipo5|Optn|Trib1|Nr1d1|Tnip2,-2.2
hits,GO Biological Processes,19,GO:0070252,actin-mediated cell contraction,19_GO:0009987 cellular process,-3.7,9.2,6.1,21160,64,180,5,2.8,1.2,12296|19317|83814|108058|109676,Cacnb2|Qki|Nedd4l|Camk2d|Ank2,-2.2
hits,GO Biological Processes,19,GO:0048545,response to steroid hormone,19_GO:0050896 response to stimulus,-3.7,4,4.8,21160,293,180,10,5.6,1.7,11928|14281|16476|16477|17978|18708|20393|26380|26381|170826,Atp1a1|Fos|Jun|Junb|Ncoa2|Pik3r1|Sgk1|Esrrb|Esrrg|Ppargc1b,-2.2
hits,GO Biological Processes,19,GO:2000060,positive regulation of ubiquitin-dependent protein catabolic process,19_GO:0048518 positive regulation of biological process,-3.6,7,5.6,21160,101,180,6,3.3,1.3,12759|15511|64383|193740|211770|217410,Clu|Hspa1b|Sirt2|Hspa1a|Trib1|Trib2,-2.2
hits,GO Biological Processes,19,GO:0009261,ribonucleotide catabolic process,19_GO:0009987 cellular process,-3.6,7,5.6,21160,101,180,6,3.3,1.3,15275|15277|18640|18641|23959|56421,Hk1|Hk2|Pfkfb2|Pfkl|Nt5e|Pfkp,-2.2
hits,GO Biological Processes,19,GO:0002931,response to ischemia,19_GO:0050896 response to stimulus,-3.6,9,6,21160,65,180,5,2.8,1.2,13653|15275|15277|19878|20848,Egr1|Hk1|Hk2|Rock2|Stat3,-2.2
hits,Reactome Gene Sets,6,R-MMU-8953897,Cellular responses to stimuli,,-3.6,3,4.4,21160,543,180,14,7.8,2,14281|14688|14693|14695|14699|15511|16476|17978|19386|22143|58233|103573|108058|193740,Fos|Gnb1|Gnb2|Gnb3|Gngt1|Hspa1b|Jun|Ncoa2|Ranbp2|Tuba1b|Dnaja4|Xpo1|Camk2d|Hspa1a,-2.2
hits,GO Biological Processes,19,GO:1903131,mononuclear cell differentiation,19_GO:0032502 developmental process,-3.6,3.4,4.6,21160,415,180,12,6.7,1.9,11622|11740|11789|13653|14281|16476|18708|19317|20848|21929|79221|107829,Ahr|Slc25a5|Apc|Egr1|Fos|Jun|Pik3r1|Qki|Stat3|Tnfaip3|Hdac9|Thoc5,-2.2
hits,Reactome Gene Sets,6,R-MMU-6814122,Cooperation of PDCL (PhLP1) and TRiC/CCT in G-protein beta folding,,-3.6,13,6.7,21160,36,180,4,2.2,1.1,14688|14693|14695|14699,Gnb1|Gnb2|Gnb3|Gngt1,-2.2
hits,GO Biological Processes,19,GO:0010638,positive regulation of organelle organization,19_GO:0048518 positive regulation of biological process,-3.6,3,4.4,21160,545,180,14,7.8,2,11789|12223|15511|19878|22241|26401|27360|64383|70361|76123|103172|170643|193740|230872,Apc|Btc|Hspa1b|Rock2|Ulk1|Map3k1|Add3|Sirt2|Lman1|Gpsm2|Chchd10|Kirrel1|Hspa1a|Crocc,-2.1
hits,KEGG Pathway,24,mmu05162,Measles - Mus musculus (house mouse),,-3.6,5.7,5.2,21160,145,180,7,3.9,1.4,14281|15511|16476|18708|20848|21929|193740,Fos|Hspa1b|Jun|Pik3r1|Stat3|Tnfaip3|Hspa1a,-2.1
hits,GO Biological Processes,19,GO:0072526,pyridine-containing compound catabolic process,19_GO:0009987 cellular process,-3.6,8.9,6,21160,66,180,5,2.8,1.2,15275|15277|18640|18641|56421,Hk1|Hk2|Pfkfb2|Pfkl|Pfkp,-2.1
hits,GO Biological Processes,19,GO:0010766,negative regulation of sodium ion transport,19_GO:0051179 localization,-3.6,24,8.1,21160,15,180,3,1.7,0.95,11603|83814|108058,Agrn|Nedd4l|Camk2d,-2.1
hits,GO Biological Processes,19,GO:0035845,photoreceptor cell outer segment organization,19_GO:0032502 developmental process,-3.6,24,8.1,21160,15,180,3,1.7,0.95,19133|19881|225004,Prph2|Rom1|Pcare,-2.1
hits,GO Biological Processes,19,GO:0009205,purine ribonucleoside triphosphate metabolic process,19_GO:0009987 cellular process,-3.6,4.8,5,21160,194,180,8,4.4,1.5,15275|15277|15511|18640|18641|23959|56421|66414,Hk1|Hk2|Hspa1b|Pfkfb2|Pfkl|Nt5e|Pfkp|Ndufa12,-2.1
hits,GO Biological Processes,19,GO:0008285,negative regulation of cell population proliferation,19_GO:0048519 negative regulation of biological process,-3.6,2.6,4.3,21160,757,180,17,9.4,2.2,11622|11789|14173|15511|16476|18011|18708|18952|20848|21929|22241|56392|64383|71648|73916|193740|211770,Ahr|Apc|Fgf2|Hspa1b|Jun|Neurl1a|Pik3r1|Septin4|Stat3|Tnfaip3|Ulk1|Shoc2|Sirt2|Optn|Ift57|Hspa1a|Trib1,-2.1
hits,GO Biological Processes,19,GO:0006195,purine nucleotide catabolic process,19_GO:0009987 cellular process,-3.6,6.8,5.5,21160,104,180,6,3.3,1.3,15275|15277|18640|18641|23959|56421,Hk1|Hk2|Pfkfb2|Pfkl|Nt5e|Pfkp,-2.1
hits,Reactome Gene Sets,6,R-MMU-111885,Opioid Signalling,,-3.6,8.8,5.9,21160,67,180,5,2.8,1.2,14688|14693|14695|14699|18798,Gnb1|Gnb2|Gnb3|Gngt1|Plcb4,-2.1
hits,Reactome Gene Sets,6,R-MMU-445717,Aquaporin-mediated transport,,-3.6,13,6.6,21160,37,180,4,2.2,1.1,14688|14693|14695|14699,Gnb1|Gnb2|Gnb3|Gngt1,-2.1
hits,Reactome Gene Sets,6,R-MMU-391251,Protein folding,,-3.6,13,6.6,21160,37,180,4,2.2,1.1,14688|14693|14695|14699,Gnb1|Gnb2|Gnb3|Gngt1,-2.1
hits,Reactome Gene Sets,6,R-MMU-390466,Chaperonin-mediated protein folding,,-3.6,13,6.6,21160,37,180,4,2.2,1.1,14688|14693|14695|14699,Gnb1|Gnb2|Gnb3|Gngt1,-2.1
hits,GO Biological Processes,19,GO:0016310,phosphorylation,19_GO:0009987 cellular process,-3.6,3,4.4,21160,550,180,14,7.8,2,15275|15277|18640|18708|19878|20393|20848|22241|24013|27999|56077|108058|225028|330177,Hk1|Hk2|Pfkfb2|Pik3r1|Rock2|Sgk1|Stat3|Ulk1|Grk1|Fam3c|Dgke|Camk2d|Map4k3|Taok3,-2.1
hits,KEGG Pathway,24,mmu04960,Aldosterone-regulated sodium reabsorption - Mus musculus (house mouse),,-3.5,12,6.5,21160,38,180,4,2.2,1.1,11928|18708|20393|83814,Atp1a1|Pik3r1|Sgk1|Nedd4l,-2.1
hits,Reactome Gene Sets,6,R-MMU-416482,G alpha (12/13) signalling events,,-3.5,8.5,5.8,21160,69,180,5,2.8,1.2,14688|14693|14695|14699|19878,Gnb1|Gnb2|Gnb3|Gngt1|Rock2,-2.1
hits,GO Biological Processes,19,GO:0051493,regulation of cytoskeleton organization,19_GO:0050789 regulation of biological process,-3.5,3,4.3,21160,557,180,14,7.8,2,11603|11789|15511|17756|18708|19878|20393|20740|26401|27360|76123|100732|170643|193740,Agrn|Apc|Hspa1b|Map2|Pik3r1|Rock2|Sgk1|Sptan1|Map3k1|Add3|Gpsm2|Mapre3|Kirrel1|Hspa1a,-2.1
hits,GO Biological Processes,19,GO:0051495,positive regulation of cytoskeleton organization,19_GO:0048518 positive regulation of biological process,-3.5,4.7,4.9,21160,201,180,8,4.4,1.5,11789|15511|19878|26401|27360|76123|170643|193740,Apc|Hspa1b|Rock2|Map3k1|Add3|Gpsm2|Kirrel1|Hspa1a,-2
hits,GO Biological Processes,19,GO:0009199,ribonucleoside triphosphate metabolic process,19_GO:0009987 cellular process,-3.5,4.7,4.9,21160,201,180,8,4.4,1.5,15275|15277|15511|18640|18641|23959|56421|66414,Hk1|Hk2|Hspa1b|Pfkfb2|Pfkl|Nt5e|Pfkp|Ndufa12,-2
hits,GO Biological Processes,19,GO:0016358,dendrite development,19_GO:0032502 developmental process,-3.5,5.4,5,21160,153,180,7,3.9,1.4,17475|17756|19878|54652|93842|228357|232227,Mpdz|Map2|Rock2|Cacna1f|Igsf9|Lrp4|Iqsec1,-2
hits,KEGG Pathway,24,mmu04921,Oxytocin signaling pathway - Mus musculus (house mouse),,-3.5,5.4,5,21160,153,180,7,3.9,1.4,12296|14281|16476|18798|19878|54652|108058,Cacnb2|Fos|Jun|Plcb4|Rock2|Cacna1f|Camk2d,-2
hits,GO Biological Processes,19,GO:0009259,ribonucleotide metabolic process,19_GO:0009987 cellular process,-3.5,3.8,4.6,21160,311,180,10,5.6,1.7,15275|15277|15511|18640|18641|23959|56421|56524|66414|245650,Hk1|Hk2|Hspa1b|Pfkfb2|Pfkl|Nt5e|Pfkp|Pals2|Ndufa12|Gucy2f,-2
hits,GO Biological Processes,19,GO:0009144,purine nucleoside triphosphate metabolic process,19_GO:0009987 cellular process,-3.5,4.7,4.8,21160,202,180,8,4.4,1.5,15275|15277|15511|18640|18641|23959|56421|66414,Hk1|Hk2|Hspa1b|Pfkfb2|Pfkl|Nt5e|Pfkp|Ndufa12,-2
hits,GO Biological Processes,19,GO:0032922,circadian regulation of gene expression,19_GO:0048511 rhythmic process,-3.5,8.3,5.7,21160,71,180,5,2.8,1.2,11622|13653|14583|17978|217166,Ahr|Egr1|Gfpt1|Ncoa2|Nr1d1,-2
hits,Reactome Gene Sets,6,R-MMU-450531,Regulation of mRNA stability by proteins that bind AU-rich elements,,-3.5,8.3,5.7,21160,71,180,5,2.8,1.2,15511|69583|103573|193740|238799,Hspa1b|Tnfsf13|Xpo1|Hspa1a|Tnpo1,-2
hits,GO Biological Processes,19,GO:0051129,negative regulation of cellular component organization,19_GO:0048519 negative regulation of biological process,-3.4,2.6,4.1,21160,778,180,17,9.4,2.2,11740|11789|12759|15511|17756|18708|19878|20393|20740|20910|22241|22248|26401|27360|58233|64383|228357,Slc25a5|Apc|Clu|Hspa1b|Map2|Pik3r1|Rock2|Sgk1|Sptan1|Stxbp1|Ulk1|Unc119|Map3k1|Add3|Dnaja4|Sirt2|Lrp4,-2
hits,Reactome Gene Sets,6,R-MMU-991365,Activation of GABAB receptors,,-3.4,12,6.3,21160,40,180,4,2.2,1.1,14688|14693|14695|14699,Gnb1|Gnb2|Gnb3|Gngt1,-2
hits,Reactome Gene Sets,6,R-MMU-977444,GABA B receptor activation,,-3.4,12,6.3,21160,40,180,4,2.2,1.1,14688|14693|14695|14699,Gnb1|Gnb2|Gnb3|Gngt1,-2
hits,GO Biological Processes,19,GO:0086003,cardiac muscle cell contraction,19_GO:0032501 multicellular organismal process,-3.4,12,6.3,21160,40,180,4,2.2,1.1,12296|83814|108058|109676,Cacnb2|Nedd4l|Camk2d|Ank2,-2
hits,GO Biological Processes,19,GO:0007167,enzyme-linked receptor protein signaling pathway,19_GO:0050896 response to stimulus,-3.4,2.8,4.2,21160,636,180,15,8.3,2.1,11603|11789|12223|13653|14173|14281|16195|16476|16880|18708|20848|26401|97064|228357|245650,Agrn|Apc|Btc|Egr1|Fgf2|Fos|Il6st|Jun|Lifr|Pik3r1|Stat3|Map3k1|Wwtr1|Lrp4|Gucy2f,-2
hits,GO Biological Processes,19,GO:0006163,purine nucleotide metabolic process,19_GO:0009987 cellular process,-3.4,3.5,4.4,21160,374,180,11,6.1,1.8,15275|15277|15511|18640|18641|23959|56421|56524|66414|68646|245650,Hk1|Hk2|Hspa1b|Pfkfb2|Pfkl|Nt5e|Pfkp|Pals2|Ndufa12|Nadk2|Gucy2f,-2
hits,GO Biological Processes,19,GO:0071378,cellular response to growth hormone stimulus,19_GO:0050896 response to stimulus,-3.4,21,7.5,21160,17,180,3,1.7,0.95,18708|20848|56392,Pik3r1|Stat3|Shoc2,-2
hits,GO Biological Processes,19,GO:0003015,heart process,19_GO:0032501 multicellular organismal process,-3.4,6.4,5.2,21160,111,180,6,3.3,1.3,11928|12296|83814|97064|108058|109676,Atp1a1|Cacnb2|Nedd4l|Wwtr1|Camk2d|Ank2,-2
hits,Reactome Gene Sets,6,R-MMU-3858494,Beta-catenin independent WNT signaling,,-3.4,6.4,5.2,21160,111,180,6,3.3,1.3,14688|14693|14695|14699|18587|18588,Gnb1|Gnb2|Gnb3|Gngt1|Pde6b|Pde6g,-2
hits,GO Biological Processes,19,GO:1901800,positive regulation of proteasomal protein catabolic process,19_GO:0048518 positive regulation of biological process,-3.4,6.3,5.2,21160,112,180,6,3.3,1.3,12759|15511|64383|193740|211770|217410,Clu|Hspa1b|Sirt2|Hspa1a|Trib1|Trib2,-2
hits,Reactome Gene Sets,6,R-MMU-75893,TNF signaling,,-3.4,11,6.2,21160,41,180,4,2.2,1.1,21929|22241|52440|71648,Tnfaip3|Ulk1|Tax1bp1|Optn,-2
hits,GO Biological Processes,19,GO:0003013,circulatory system process,19_GO:0032501 multicellular organismal process,-3.4,3,4.3,21160,505,180,13,7.2,1.9,11622|11928|12296|18708|19245|19878|20404|27360|83814|97064|104394|108058|109676,Ahr|Atp1a1|Cacnb2|Pik3r1|Ptp4a3|Rock2|Sh3gl2|Add3|Nedd4l|Wwtr1|E2f4|Camk2d|Ank2,-2
hits,GO Biological Processes,19,GO:0034504,protein localization to nucleus,19_GO:0051179 localization,-3.4,4.5,4.7,21160,207,180,8,4.4,1.5,11622|16647|18708|19386|20848|70572|103573|238799,Ahr|Kpna2|Pik3r1|Ranbp2|Stat3|Ipo5|Xpo1|Tnpo1,-2
hits,GO Biological Processes,19,GO:0010959,regulation of metal ion transport,19_GO:0051179 localization,-3.4,3.2,4.3,21160,442,180,12,6.7,1.9,11603|11622|11928|12296|14693|18798|19739|20393|54652|83814|108058|109676,Agrn|Ahr|Atp1a1|Cacnb2|Gnb2|Plcb4|Rgs9|Sgk1|Cacna1f|Nedd4l|Camk2d|Ank2,-2
hits,GO Biological Processes,19,GO:0019693,ribose phosphate metabolic process,19_GO:0009987 cellular process,-3.4,3.7,4.5,21160,320,180,10,5.6,1.7,15275|15277|15511|18640|18641|23959|56421|56524|66414|245650,Hk1|Hk2|Hspa1b|Pfkfb2|Pfkl|Nt5e|Pfkp|Pals2|Ndufa12|Gucy2f,-1.9
hits,Reactome Gene Sets,6,R-MMU-1280215,Cytokine Signaling in Immune system,,-3.4,3.2,4.3,21160,444,180,12,6.7,1.9,14281|15511|16195|16476|16880|18708|20848|22143|69583|108058|193740|231130,Fos|Hspa1b|Il6st|Jun|Lifr|Pik3r1|Stat3|Tuba1b|Tnfsf13|Camk2d|Hspa1a|Tnip2,-1.9
hits,WikiPathways,27,WP1983,Splicing factor NOVA regulated synaptic proteins,,-3.4,11,6.1,21160,42,180,4,2.2,1.1,11603|17758|18798|54725,Agrn|Map4|Plcb4|Cadm1,-1.9
hits,GO Biological Processes,19,GO:0006735,NADH regeneration,19_GO:0009987 cellular process,-3.3,20,7.3,21160,18,180,3,1.7,0.95,15275|18641|56421,Hk1|Pfkl|Pfkp,-1.9
hits,GO Biological Processes,19,GO:0061621,canonical glycolysis,19_GO:0009987 cellular process,-3.3,20,7.3,21160,18,180,3,1.7,0.95,15275|18641|56421,Hk1|Pfkl|Pfkp,-1.9
hits,GO Biological Processes,19,GO:0061718,glucose catabolic process to pyruvate,19_GO:0009987 cellular process,-3.3,20,7.3,21160,18,180,3,1.7,0.95,15275|18641|56421,Hk1|Pfkl|Pfkp,-1.9
hits,KEGG Pathway,24,mmu04934,Cushing syndrome - Mus musculus (house mouse),,-3.3,5.1,4.8,21160,162,180,7,3.9,1.4,11622|11789|15370|18798|54652|108058|381022,Ahr|Apc|Nr4a1|Plcb4|Cacna1f|Camk2d|Kmt2d,-1.9
hits,GO Biological Processes,19,GO:0006812,monoatomic cation transport,19_GO:0051179 localization,-3.3,2.5,4,21160,798,180,17,9.4,2.2,11740|11928|12296|14173|14725|15165|16500|18798|20273|20614|54652|66694|72961|83814|94220|108058|269615,Slc25a5|Atp1a1|Cacnb2|Fgf2|Lrp2|Hcn1|Kcnb1|Plcb4|Scn8a|Snap25|Cacna1f|Uqcrfs1|Slc17a7|Nedd4l|Cnnm4|Camk2d|Plch2,-1.9
hits,GO Biological Processes,19,GO:0051668,localization within membrane,19_GO:0051179 localization,-3.3,2.8,4.1,21160,587,180,14,7.8,2,11426|11603|12296|16500|19133|19878|20910|56297|71648|76123|107305|109676|228357|269116,Macf1|Agrn|Cacnb2|Kcnb1|Prph2|Rock2|Stxbp1|Arl6|Optn|Gpsm2|Vps37c|Ank2|Lrp4|Nfasc,-1.9
hits,KEGG Pathway,24,mmu03013,Nucleocytoplasmic transport - Mus musculus (house mouse),,-3.3,6,5,21160,118,180,6,3.3,1.3,16647|19386|70572|103573|107829|238799,Kpna2|Ranbp2|Ipo5|Xpo1|Thoc5|Tnpo1,-1.9
hits,KEGG Pathway,24,mmu04668,TNF signaling pathway - Mus musculus (house mouse),,-3.3,6,5,21160,118,180,6,3.3,1.3,11798|14281|16476|16477|18708|21929,Xiap|Fos|Jun|Junb|Pik3r1|Tnfaip3,-1.9
hits,GO Biological Processes,19,GO:0000226,microtubule cytoskeleton organization,19_GO:0009987 cellular process,-3.3,2.8,4.1,21160,588,180,14,7.8,2,11789|17756|17758|18011|19878|20393|22143|67070|71206|76123|78785|100732|104394|230872,Apc|Map2|Map4|Neurl1a|Rock2|Sgk1|Tuba1b|Lsm14a|Katnal2|Gpsm2|Clip4|Mapre3|E2f4|Crocc,-1.9
hits,GO Biological Processes,19,GO:0019320,hexose catabolic process,19_GO:0009987 cellular process,-3.3,11,6,21160,44,180,4,2.2,1.1,15275|18640|18641|56421,Hk1|Pfkfb2|Pfkl|Pfkp,-1.9
hits,GO Biological Processes,19,GO:0035022,positive regulation of Rac protein signal transduction,19_GO:0048518 positive regulation of biological process,-3.3,19,7.1,21160,19,180,3,1.7,0.95,11603|108058|228357,Agrn|Camk2d|Lrp4,-1.9
hits,GO Biological Processes,19,GO:0045639,positive regulation of myeloid cell differentiation,19_GO:0002376 immune system process,-3.3,5.9,5,21160,119,180,6,3.3,1.3,14281|15511|16476|20848|170826|211770,Fos|Hspa1b|Jun|Stat3|Ppargc1b|Trib1,-1.9
hits,GO Biological Processes,19,GO:0006606,protein import into nucleus,19_GO:0051179 localization,-3.3,5.9,5,21160,119,180,6,3.3,1.3,16647|18708|19386|20848|70572|238799,Kpna2|Pik3r1|Ranbp2|Stat3|Ipo5|Tnpo1,-1.9
hits,GO Biological Processes,19,GO:0030001,metal ion transport,19_GO:0051179 localization,-3.3,2.7,4,21160,662,180,15,8.3,2.1,11928|12296|14173|14725|15165|16500|18798|20273|20614|54652|72961|83814|94220|108058|269615,Atp1a1|Cacnb2|Fgf2|Lrp2|Hcn1|Kcnb1|Plcb4|Scn8a|Snap25|Cacna1f|Slc17a7|Nedd4l|Cnnm4|Camk2d|Plch2,-1.8
hits,GO Biological Processes,19,GO:0051301,cell division,19_GO:0009987 cellular process,-3.3,2.9,4.1,21160,523,180,13,7.2,1.9,11789|17758|18952|19878|21678|22248|26380|64383|76123|97064|100732|107829|214552,Apc|Map4|Septin4|Rock2|Tead3|Unc119|Esrrb|Sirt2|Gpsm2|Wwtr1|Mapre3|Thoc5|Cep164,-1.8
hits,KEGG Pathway,24,mmu05020,Prion disease - Mus musculus (house mouse),,-3.2,3.9,4.4,21160,273,180,9,5,1.6,11740|13653|15511|18708|22143|54652|66414|66694|193740,Slc25a5|Egr1|Hspa1b|Pik3r1|Tuba1b|Cacna1f|Ndufa12|Uqcrfs1|Hspa1a,-1.8
hits,GO Biological Processes,19,GO:0002753,cytoplasmic pattern recognition receptor signaling pathway,19_GO:0044419 biological process involved in interspecies interaction between organisms,-3.2,7.4,5.3,21160,79,180,5,2.8,1.2,11798|64383|67070|70572|231130,Xiap|Sirt2|Lsm14a|Ipo5|Tnip2,-1.8
hits,GO Biological Processes,19,GO:0010632,regulation of epithelial cell migration,19_GO:0040011 locomotion,-3.2,7.4,5.3,21160,79,180,5,2.8,1.2,11426|11789|16476|52392|232227,Macf1|Apc|Jun|Macir|Iqsec1,-1.8
hits,GO Biological Processes,19,GO:0009141,nucleoside triphosphate metabolic process,19_GO:0009987 cellular process,-3.2,4.3,4.6,21160,218,180,8,4.4,1.5,15275|15277|15511|18640|18641|23959|56421|66414,Hk1|Hk2|Hspa1b|Pfkfb2|Pfkl|Nt5e|Pfkp|Ndufa12,-1.8
hits,Reactome Gene Sets,6,R-MMU-9856530,High laminar flow shear stress activates signaling by PIEZO1 and PECAM1:CDH5:KDR in endothelial cells,,-3.2,10,5.9,21160,45,180,4,2.2,1.1,14688|14693|14695|14699,Gnb1|Gnb2|Gnb3|Gngt1,-1.8
hits,GO Biological Processes,19,GO:0009166,nucleotide catabolic process,19_GO:0009987 cellular process,-3.2,5.8,4.9,21160,122,180,6,3.3,1.3,15275|15277|18640|18641|23959|56421,Hk1|Hk2|Pfkfb2|Pfkl|Nt5e|Pfkp,-1.8
hits,GO Biological Processes,19,GO:0007616,long-term memory,19_GO:0032501 multicellular organismal process,-3.2,10,5.8,21160,46,180,4,2.2,1.1,13653|20393|20614|72961,Egr1|Sgk1|Snap25|Slc17a7,-1.8
hits,GO Biological Processes,19,GO:0043524,negative regulation of neuron apoptotic process,19_GO:0048519 negative regulation of biological process,-3.2,4.3,4.5,21160,221,180,8,4.4,1.5,11798|12759|14173|16195|16476|20910|24013|71648,Xiap|Clu|Fgf2|Il6st|Jun|Stxbp1|Grk1|Optn,-1.8
hits,GO Biological Processes,19,GO:0030111,regulation of Wnt signaling pathway,19_GO:0050896 response to stimulus,-3.2,3.5,4.3,21160,336,180,10,5.6,1.7,11426|11789|11798|13653|14173|21929|26401|97064|228357|232941,Macf1|Apc|Xiap|Egr1|Fgf2|Tnfaip3|Map3k1|Wwtr1|Lrp4|Ppm1n,-1.8
hits,GO Biological Processes,19,GO:2000058,regulation of ubiquitin-dependent protein catabolic process,19_GO:0050789 regulation of biological process,-3.2,4.8,4.7,21160,170,180,7,3.9,1.4,12759|15511|64383|103573|193740|211770|217410,Clu|Hspa1b|Sirt2|Xpo1|Hspa1a|Trib1|Trib2,-1.8
hits,GO Biological Processes,19,GO:0072523,purine-containing compound catabolic process,19_GO:0009987 cellular process,-3.2,5.7,4.9,21160,123,180,6,3.3,1.3,15275|15277|18640|18641|23959|56421,Hk1|Hk2|Pfkfb2|Pfkl|Nt5e|Pfkp,-1.8
hits,Reactome Gene Sets,6,R-MMU-199991,Membrane Trafficking,,-3.2,2.9,4,21160,533,180,13,7.2,1.9,12223|14725|16561|16565|20404|22143|22241|28169|56324|70361|71648|107305|215474,Btc|Lrp2|Kif1b|Kif21b|Sh3gl2|Tuba1b|Ulk1|Agpat3|Stam2|Lman1|Optn|Vps37c|Sec22c,-1.8
hits,GO Biological Processes,19,GO:0006090,pyruvate metabolic process,19_GO:0009987 cellular process,-3.2,7.2,5.2,21160,82,180,5,2.8,1.2,15275|15277|18640|18641|56421,Hk1|Hk2|Pfkfb2|Pfkl|Pfkp,-1.8
hits,Reactome Gene Sets,6,R-MMU-177929,Signaling by EGFR,,-3.2,10,5.7,21160,47,180,4,2.2,1.1,12223|18708|20404|56324,Btc|Pik3r1|Sh3gl2|Stam2,-1.8
hits,GO Biological Processes,19,GO:0046365,monosaccharide catabolic process,19_GO:0009987 cellular process,-3.2,10,5.7,21160,47,180,4,2.2,1.1,15275|18640|18641|56421,Hk1|Pfkfb2|Pfkl|Pfkp,-1.8
hits,GO Biological Processes,19,GO:0061620,glycolytic process through glucose-6-phosphate,19_GO:0009987 cellular process,-3.1,17,6.7,21160,21,180,3,1.7,0.95,15275|18641|56421,Hk1|Pfkl|Pfkp,-1.8
hits,GO Biological Processes,19,GO:0042670,retinal cone cell differentiation,19_GO:0032502 developmental process,-3.1,17,6.7,21160,21,180,3,1.7,0.95,14685|15165|225998,Gnat1|Hcn1|Rorb,-1.8
hits,GO Biological Processes,19,GO:0090083,regulation of inclusion body assembly,19_GO:0050789 regulation of biological process,-3.1,17,6.7,21160,21,180,3,1.7,0.95,12759|15511|58233,Clu|Hspa1b|Dnaja4,-1.8
hits,GO Biological Processes,19,GO:0042026,protein refolding,19_GO:0009987 cellular process,-3.1,17,6.7,21160,21,180,3,1.7,0.95,15511|58233|193740,Hspa1b|Dnaja4|Hspa1a,-1.8
hits,GO Biological Processes,19,GO:0051170,import into nucleus,19_GO:0051179 localization,-3.1,5.6,4.8,21160,126,180,6,3.3,1.3,16647|18708|19386|20848|70572|238799,Kpna2|Pik3r1|Ranbp2|Stat3|Ipo5|Tnpo1,-1.7
hits,GO Biological Processes,19,GO:0008015,blood circulation,19_GO:0032501 multicellular organismal process,-3.1,3,4,21160,472,180,12,6.7,1.9,11622|11928|12296|18708|19245|19878|20404|27360|83814|104394|108058|109676,Ahr|Atp1a1|Cacnb2|Pik3r1|Ptp4a3|Rock2|Sh3gl2|Add3|Nedd4l|E2f4|Camk2d|Ank2,-1.7
hits,GO Biological Processes,19,GO:0045596,negative regulation of cell differentiation,19_GO:0048519 negative regulation of biological process,-3.1,2.5,3.9,21160,756,180,16,8.9,2.1,11622|17756|18708|19317|20848|22241|26380|56392|64383|97064|107829|211770|217166|217410|225998|228357,Ahr|Map2|Pik3r1|Qki|Stat3|Ulk1|Esrrb|Shoc2|Sirt2|Wwtr1|Thoc5|Trib1|Nr1d1|Trib2|Rorb|Lrp4,-1.7
hits,GO Biological Processes,19,GO:0050767,regulation of neurogenesis,19_GO:0032502 developmental process,-3.1,3,4,21160,473,180,12,6.7,1.9,11426|14173|14725|16195|17756|18011|19317|20393|22241|64383|217166|228357,Macf1|Fgf2|Lrp2|Il6st|Map2|Neurl1a|Qki|Sgk1|Ulk1|Sirt2|Nr1d1|Lrp4,-1.7
hits,GO Biological Processes,19,GO:0051494,negative regulation of cytoskeleton organization,19_GO:0048519 negative regulation of biological process,-3.1,4.7,4.6,21160,175,180,7,3.9,1.4,11789|17756|18708|20393|20740|26401|27360,Apc|Map2|Pik3r1|Sgk1|Sptan1|Map3k1|Add3,-1.7
hits,WikiPathways,27,WP157,Glycolysis and gluconeogenesis,,-3.1,9.6,5.6,21160,49,180,4,2.2,1.1,15275|15277|18641|56421,Hk1|Hk2|Pfkl|Pfkp,-1.7
hits,GO Biological Processes,19,GO:0043491,phosphatidylinositol 3-kinase/protein kinase B signal transduction,19_GO:0050896 response to stimulus,-3.1,6.9,5.1,21160,85,180,5,2.8,1.2,14173|14725|18708|20848|27999,Fgf2|Lrp2|Pik3r1|Stat3|Fam3c,-1.7
hits,GO Biological Processes,19,GO:0019362,pyridine nucleotide metabolic process,19_GO:0009987 cellular process,-3.1,5.5,4.7,21160,128,180,6,3.3,1.3,15275|15277|18640|18641|56421|68646,Hk1|Hk2|Pfkfb2|Pfkl|Pfkp|Nadk2,-1.7
hits,GO Biological Processes,19,GO:0046496,nicotinamide nucleotide metabolic process,19_GO:0009987 cellular process,-3.1,5.5,4.7,21160,128,180,6,3.3,1.3,15275|15277|18640|18641|56421|68646,Hk1|Hk2|Pfkfb2|Pfkl|Pfkp|Nadk2,-1.7
hits,GO Biological Processes,19,GO:0007623,circadian rhythm,19_GO:0048511 rhythmic process,-3.1,4.6,4.5,21160,177,180,7,3.9,1.4,11603|11622|13653|14583|17978|217166|353187,Agrn|Ahr|Egr1|Gfpt1|Ncoa2|Nr1d1|Nr1d2,-1.7
hits,GO Biological Processes,19,GO:0050728,negative regulation of inflammatory response,19_GO:0048519 negative regulation of biological process,-3.1,4.6,4.5,21160,177,180,7,3.9,1.4,11622|20848|21929|23959|52392|217166|353187,Ahr|Stat3|Tnfaip3|Nt5e|Macir|Nr1d1|Nr1d2,-1.7
hits,Reactome Gene Sets,6,R-MMU-3371571,HSF1-dependent transactivation,,-3.1,16,6.5,21160,22,180,3,1.7,0.95,15511|108058|193740,Hspa1b|Camk2d|Hspa1a,-1.7
hits,GO Biological Processes,19,GO:0045649,regulation of macrophage differentiation,19_GO:0002376 immune system process,-3.1,16,6.5,21160,22,180,3,1.7,0.95,19317|107829|211770,Qki|Thoc5|Trib1,-1.7
hits,Reactome Gene Sets,6,R-MMU-6783589,Interleukin-6 family signaling,,-3.1,16,6.5,21160,22,180,3,1.7,0.95,16195|16880|20848,Il6st|Lifr|Stat3,-1.7
hits,GO Biological Processes,19,GO:0032253,dense core granule localization,19_GO:0051179 localization,-3.1,16,6.5,21160,22,180,3,1.7,0.95,16561|20614|20910,Kif1b|Snap25|Stxbp1,-1.7
hits,GO Biological Processes,19,GO:0071277,cellular response to calcium ion,19_GO:0050896 response to stimulus,-3.1,6.8,5,21160,86,180,5,2.8,1.2,14281|14913|16476|16477|16500,Fos|Guca1a|Jun|Junb|Kcnb1,-1.7
hits,KEGG Pathway,24,mmu04911,Insulin secretion - Mus musculus (house mouse),,-3.1,6.8,5,21160,86,180,5,2.8,1.2,11928|18798|20614|54652|108058,Atp1a1|Plcb4|Snap25|Cacna1f|Camk2d,-1.7
hits,Reactome Gene Sets,6,R-MMU-3371497,HSP90 chaperone cycle for steroid hormone receptors (SHR) in the presence of ligand,,-3.1,9.4,5.5,21160,50,180,4,2.2,1.1,15511|22143|58233|193740,Hspa1b|Tuba1b|Dnaja4|Hspa1a,-1.7
hits,GO Biological Processes,19,GO:0045859,regulation of protein kinase activity,19_GO:0050789 regulation of biological process,-3.1,2.9,4,21160,480,180,12,6.7,1.9,11603|11789|14173|18011|21929|22248|26401|97064|100732|211770|217410|330177,Agrn|Apc|Fgf2|Neurl1a|Tnfaip3|Unc119|Map3k1|Wwtr1|Mapre3|Trib1|Trib2|Taok3,-1.7
hits,GO Biological Processes,19,GO:0002028,regulation of sodium ion transport,19_GO:0051179 localization,-3,6.7,4.9,21160,88,180,5,2.8,1.2,11603|11928|20393|83814|108058,Agrn|Atp1a1|Sgk1|Nedd4l|Camk2d,-1.7
hits,GO Biological Processes,19,GO:1903052,positive regulation of proteolysis involved in protein catabolic process,19_GO:0048518 positive regulation of biological process,-3,5.3,4.6,21160,132,180,6,3.3,1.3,12759|15511|64383|193740|211770|217410,Clu|Hspa1b|Sirt2|Hspa1a|Trib1|Trib2,-1.7
hits,GO Biological Processes,19,GO:0061615,glycolytic process through fructose-6-phosphate,19_GO:0009987 cellular process,-3,15,6.4,21160,23,180,3,1.7,0.95,15275|18641|56421,Hk1|Pfkl|Pfkp,-1.7
hits,GO Biological Processes,19,GO:0019677,NAD catabolic process,19_GO:0009987 cellular process,-3,15,6.4,21160,23,180,3,1.7,0.95,15275|18641|56421,Hk1|Pfkl|Pfkp,-1.7
hits,GO Biological Processes,19,GO:0046835,carbohydrate phosphorylation,19_GO:0009987 cellular process,-3,15,6.4,21160,23,180,3,1.7,0.95,15275|15277|18640,Hk1|Hk2|Pfkfb2,-1.7
hits,KEGG Pathway,24,mmu04014,Ras signaling pathway - Mus musculus (house mouse),,-3,4,4.3,21160,236,180,8,4.4,1.5,14173|14688|14693|14695|14699|18708|56392|217944,Fgf2|Gnb1|Gnb2|Gnb3|Gngt1|Pik3r1|Shoc2|Rapgef5,-1.6
hits,GO Biological Processes,19,GO:0001508,action potential,19_GO:0065007 biological regulation,-3,5.3,4.6,21160,133,180,6,3.3,1.3,12296|15165|16500|20273|83814|109676,Cacnb2|Hcn1|Kcnb1|Scn8a|Nedd4l|Ank2,-1.6
hits,GO Biological Processes,19,GO:1904063,negative regulation of cation transmembrane transport,19_GO:0051179 localization,-3,6.6,4.9,21160,89,180,5,2.8,1.2,11603|11622|54652|83814|108058,Agrn|Ahr|Cacna1f|Nedd4l|Camk2d,-1.6
hits,GO Biological Processes,19,GO:0031401,positive regulation of protein modification process,19_GO:0048518 positive regulation of biological process,-3,2.4,3.7,21160,776,180,16,8.9,2.1,11603|11798|13653|14173|16195|18011|18708|18952|19878|22248|26401|100732|211770|217410|228357|330177,Agrn|Xiap|Egr1|Fgf2|Il6st|Neurl1a|Pik3r1|Septin4|Rock2|Unc119|Map3k1|Mapre3|Trib1|Trib2|Lrp4|Taok3,-1.6
hits,GO Biological Processes,19,GO:0045937,positive regulation of phosphate metabolic process,19_GO:0048518 positive regulation of biological process,-3,2.5,3.8,21160,704,180,15,8.3,2.1,11603|14173|16195|18011|18708|19878|20848|22248|24013|26380|26401|100732|170826|228357|330177,Agrn|Fgf2|Il6st|Neurl1a|Pik3r1|Rock2|Stat3|Unc119|Grk1|Esrrb|Map3k1|Mapre3|Ppargc1b|Lrp4|Taok3,-1.6
hits,GO Biological Processes,19,GO:0010562,positive regulation of phosphorus metabolic process,19_GO:0048518 positive regulation of biological process,-3,2.5,3.8,21160,704,180,15,8.3,2.1,11603|14173|16195|18011|18708|19878|20848|22248|24013|26380|26401|100732|170826|228357|330177,Agrn|Fgf2|Il6st|Neurl1a|Pik3r1|Rock2|Stat3|Unc119|Grk1|Esrrb|Map3k1|Mapre3|Ppargc1b|Lrp4|Taok3,-1.6
hits,Reactome Gene Sets,6,R-MMU-76002,"Platelet activation, signaling and aggregation",,-3,3.9,4.2,21160,239,180,8,4.4,1.5,12759|14688|14693|14695|14699|18708|27999|56077,Clu|Gnb1|Gnb2|Gnb3|Gngt1|Pik3r1|Fam3c|Dgke,-1.6
hits,GO Biological Processes,19,GO:0098662,inorganic cation transmembrane transport,19_GO:0051179 localization,-3,2.6,3.8,21160,632,180,14,7.8,2,11740|11928|12296|14173|15165|16500|18798|20273|20614|54652|66694|72961|94220|269615,Slc25a5|Atp1a1|Cacnb2|Fgf2|Hcn1|Kcnb1|Plcb4|Scn8a|Snap25|Cacna1f|Uqcrfs1|Slc17a7|Cnnm4|Plch2,-1.6
hits,Reactome Gene Sets,6,R-MMU-194315,Signaling by Rho GTPases,,-3,2.7,3.8,21160,562,180,13,7.2,1.9,16709|17978|18708|19386|19878|22143|27360|56324|70361|78514|103573|320557|330177,Ktn1|Ncoa2|Pik3r1|Ranbp2|Rock2|Tuba1b|Add3|Stam2|Lman1|Arhgap10|Xpo1|Fam169a|Taok3,-1.6
hits,KEGG Pathway,24,mmu04726,Serotonergic synapse - Mus musculus (house mouse),,-3,5.2,4.5,21160,136,180,6,3.3,1.3,14688|14693|14695|14699|18798|54652,Gnb1|Gnb2|Gnb3|Gngt1|Plcb4|Cacna1f,-1.6
hits,GO Biological Processes,19,GO:0002573,myeloid leukocyte differentiation,19_GO:0032502 developmental process,-2.9,4.4,4.3,21160,187,180,7,3.9,1.4,14281|16476|16477|18708|19317|27999|107829,Fos|Jun|Junb|Pik3r1|Qki|Fam3c|Thoc5,-1.6
hits,GO Biological Processes,19,GO:0032413,negative regulation of ion transmembrane transporter activity,19_GO:0051179 localization,-2.9,8.7,5.3,21160,54,180,4,2.2,1.1,11603|54652|83814|108058,Agrn|Cacna1f|Nedd4l|Camk2d,-1.6
hits,Reactome Gene Sets,6,R-MMU-5653656,Vesicle-mediated transport,,-2.9,2.7,3.8,21160,567,180,13,7.2,1.9,12223|14725|16561|16565|20404|22143|22241|28169|56324|70361|71648|107305|215474,Btc|Lrp2|Kif1b|Kif21b|Sh3gl2|Tuba1b|Ulk1|Agpat3|Stam2|Lman1|Optn|Vps37c|Sec22c,-1.6
hits,GO Biological Processes,19,GO:0043271,negative regulation of monoatomic ion transport,19_GO:0051179 localization,-2.9,5.1,4.5,21160,138,180,6,3.3,1.3,11603|11622|18798|54652|83814|108058,Agrn|Ahr|Plcb4|Cacna1f|Nedd4l|Camk2d,-1.6
hits,GO Biological Processes,19,GO:0072524,pyridine-containing compound metabolic process,19_GO:0009987 cellular process,-2.9,5.1,4.5,21160,138,180,6,3.3,1.3,15275|15277|18640|18641|56421|68646,Hk1|Hk2|Pfkfb2|Pfkl|Pfkp|Nadk2,-1.6
hits,GO Biological Processes,19,GO:0097242,amyloid-beta clearance,19_GO:0032501 multicellular organismal process,-2.9,14,6.1,21160,25,180,3,1.7,0.95,12759|14725|228357,Clu|Lrp2|Lrp4,-1.6
hits,GO Biological Processes,19,GO:0044321,response to leptin,19_GO:0050896 response to stimulus,-2.9,14,6.1,21160,25,180,3,1.7,0.95,14725|20848|217166,Lrp2|Stat3|Nr1d1,-1.6
hits,GO Biological Processes,19,GO:0098655,monoatomic cation transmembrane transport,19_GO:0051179 localization,-2.9,2.6,3.7,21160,642,180,14,7.8,2,11740|11928|12296|14173|15165|16500|18798|20273|20614|54652|66694|72961|94220|269615,Slc25a5|Atp1a1|Cacnb2|Fgf2|Hcn1|Kcnb1|Plcb4|Scn8a|Snap25|Cacna1f|Uqcrfs1|Slc17a7|Cnnm4|Plch2,-1.6
hits,KEGG Pathway,24,mmu04371,Apelin signaling pathway - Mus musculus (house mouse),,-2.9,5.1,4.5,21160,139,180,6,3.3,1.3,13653|14688|14693|14695|14699|18798,Egr1|Gnb1|Gnb2|Gnb3|Gngt1|Plcb4,-1.6
hits,GO Biological Processes,19,GO:0009117,nucleotide metabolic process,19_GO:0009987 cellular process,-2.9,3,3.9,21160,433,180,11,6.1,1.8,15275|15277|15511|18640|18641|23959|56421|56524|66414|68646|245650,Hk1|Hk2|Hspa1b|Pfkfb2|Pfkl|Nt5e|Pfkp|Pals2|Ndufa12|Nadk2|Gucy2f,-1.6
hits,KEGG Pathway,24,mmu05166,Human T-cell leukemia virus 1 infection - Mus musculus (house mouse),,-2.9,3.8,4.1,21160,247,180,8,4.4,1.5,11740|11798|13653|14281|16476|18708|26401|103573,Slc25a5|Xiap|Egr1|Fos|Jun|Pik3r1|Map3k1|Xpo1,-1.5
hits,GO Biological Processes,19,GO:0034766,negative regulation of monoatomic ion transmembrane transport,19_GO:0051179 localization,-2.9,6.2,4.7,21160,95,180,5,2.8,1.2,11603|11622|54652|83814|108058,Agrn|Ahr|Cacna1f|Nedd4l|Camk2d,-1.5
hits,GO Biological Processes,19,GO:2000628,regulation of miRNA metabolic process,19_GO:0050789 regulation of biological process,-2.9,6.2,4.7,21160,95,180,5,2.8,1.2,13653|14281|16476|19317|20848,Egr1|Fos|Jun|Qki|Stat3,-1.5
hits,Reactome Gene Sets,6,R-MMU-977443,GABA receptor activation,,-2.9,8.4,5.1,21160,56,180,4,2.2,1.1,14688|14693|14695|14699,Gnb1|Gnb2|Gnb3|Gngt1,-1.5
hits,Reactome Gene Sets,6,R-MMU-373080,Class B/2 (Secretin family receptors),,-2.9,8.4,5.1,21160,56,180,4,2.2,1.1,14688|14693|14695|14699,Gnb1|Gnb2|Gnb3|Gngt1,-1.5
hits,Reactome Gene Sets,6,R-MMU-109582,Hemostasis,,-2.9,2.8,3.8,21160,505,180,12,6.7,1.9,12759|14688|14693|14695|14699|16561|16565|18708|20970|22143|27999|56077,Clu|Gnb1|Gnb2|Gnb3|Gngt1|Kif1b|Kif21b|Pik3r1|Sdc3|Tuba1b|Fam3c|Dgke,-1.5
hits,WikiPathways,27,WP3654,Novel Jun Dmp1 pathway,,-2.9,14,5.9,21160,26,180,3,1.7,0.95,14281|16476|16477,Fos|Jun|Junb,-1.5
hits,GO Biological Processes,19,GO:0061098,positive regulation of protein tyrosine kinase activity,19_GO:0048518 positive regulation of biological process,-2.9,14,5.9,21160,26,180,3,1.7,0.95,11603|18011|22248,Agrn|Neurl1a|Unc119,-1.5
hits,Reactome Gene Sets,6,R-MMU-9716542,"Signaling by Rho GTPases, Miro GTPases and RHOBTB3",,-2.9,2.6,3.7,21160,577,180,13,7.2,1.9,16709|17978|18708|19386|19878|22143|27360|56324|70361|78514|103573|320557|330177,Ktn1|Ncoa2|Pik3r1|Ranbp2|Rock2|Tuba1b|Add3|Stam2|Lman1|Arhgap10|Xpo1|Fam169a|Taok3,-1.5
hits,GO Biological Processes,19,GO:1901292,nucleoside phosphate catabolic process,19_GO:0009987 cellular process,-2.9,5,4.4,21160,142,180,6,3.3,1.3,15275|15277|18640|18641|23959|56421,Hk1|Hk2|Pfkfb2|Pfkl|Nt5e|Pfkp,-1.5
hits,GO Biological Processes,19,GO:0042176,regulation of protein catabolic process,19_GO:0050789 regulation of biological process,-2.8,3.1,3.9,21160,374,180,10,5.6,1.7,11789|12759|15511|21929|64383|83814|103573|193740|211770|217410,Apc|Clu|Hspa1b|Tnfaip3|Sirt2|Nedd4l|Xpo1|Hspa1a|Trib1|Trib2,-1.5
hits,GO Biological Processes,19,GO:1901888,regulation of cell junction assembly,19_GO:0050789 regulation of biological process,-2.8,3.4,4,21160,311,180,9,5,1.6,11426|11603|18011|18708|19878|20614|83814|228357|232227,Macf1|Agrn|Neurl1a|Pik3r1|Rock2|Snap25|Nedd4l|Lrp4|Iqsec1,-1.5
hits,GO Biological Processes,19,GO:0032273,positive regulation of protein polymerization,19_GO:0048518 positive regulation of biological process,-2.8,6.1,4.6,21160,97,180,5,2.8,1.2,11789|15511|26401|170643|193740,Apc|Hspa1b|Map3k1|Kirrel1|Hspa1a,-1.5
hits,GO Biological Processes,19,GO:0060047,heart contraction,19_GO:0032501 multicellular organismal process,-2.8,6.1,4.6,21160,97,180,5,2.8,1.2,11928|12296|83814|108058|109676,Atp1a1|Cacnb2|Nedd4l|Camk2d|Ank2,-1.5
hits,GO Biological Processes,19,GO:0060249,anatomical structure homeostasis,19_GO:0042592 homeostatic process,-2.8,3.7,4,21160,252,180,8,4.4,1.5,11798|20404|23959|26380|73750|97064|230872|234404,Xiap|Sh3gl2|Nt5e|Esrrb|Whrn|Wwtr1|Crocc|Nxnl1,-1.5
hits,GO Biological Processes,19,GO:0001894,tissue homeostasis,19_GO:0042592 homeostatic process,-2.8,3.7,4,21160,252,180,8,4.4,1.5,11798|20404|23959|26380|73750|97064|230872|234404,Xiap|Sh3gl2|Nt5e|Esrrb|Whrn|Wwtr1|Crocc|Nxnl1,-1.5
hits,GO Biological Processes,19,GO:0048259,regulation of receptor-mediated endocytosis,19_GO:0051179 localization,-2.8,4.9,4.3,21160,144,180,6,3.3,1.3,12759|20404|22248|64383|83814|232227,Clu|Sh3gl2|Unc119|Sirt2|Nedd4l|Iqsec1,-1.5
hits,GO Biological Processes,19,GO:0001933,negative regulation of protein phosphorylation,19_GO:0048519 negative regulation of biological process,-2.8,3.4,3.9,21160,313,180,9,5,1.6,11789|16476|20404|21929|54725|64383|97064|170643|211770,Apc|Jun|Sh3gl2|Tnfaip3|Cadm1|Sirt2|Wwtr1|Kirrel1|Trib1,-1.5
hits,GO Biological Processes,19,GO:0043549,regulation of kinase activity,19_GO:0050789 regulation of biological process,-2.8,2.8,3.7,21160,512,180,12,6.7,1.9,11603|11789|14173|18011|21929|22248|26401|97064|100732|211770|217410|330177,Agrn|Apc|Fgf2|Neurl1a|Tnfaip3|Unc119|Map3k1|Wwtr1|Mapre3|Trib1|Trib2|Taok3,-1.5
hits,GO Biological Processes,19,GO:1902895,positive regulation of miRNA transcription,19_GO:0048518 positive regulation of biological process,-2.8,8.1,5,21160,58,180,4,2.2,1.1,13653|14281|16476|20848,Egr1|Fos|Jun|Stat3,-1.5
hits,GO Biological Processes,19,GO:0061136,regulation of proteasomal protein catabolic process,19_GO:0050789 regulation of biological process,-2.8,4.2,4.1,21160,197,180,7,3.9,1.4,12759|15511|64383|103573|193740|211770|217410,Clu|Hspa1b|Sirt2|Xpo1|Hspa1a|Trib1|Trib2,-1.5
hits,Reactome Gene Sets,6,R-MMU-416476,G alpha (q) signalling events,,-2.8,4.2,4.1,21160,197,180,7,3.9,1.4,14688|14693|14695|14699|18708|18798|56077,Gnb1|Gnb2|Gnb3|Gngt1|Pik3r1|Plcb4|Dgke,-1.5
hits,GO Biological Processes,19,GO:0060395,SMAD protein signal transduction,19_GO:0050896 response to stimulus,-2.8,13,5.8,21160,27,180,3,1.7,0.95,14281|16476|97064,Fos|Jun|Wwtr1,-1.5
hits,KEGG Pathway,24,mmu05163,Human cytomegalovirus infection - Mus musculus (house mouse),,-2.8,3.7,4,21160,254,180,8,4.4,1.5,14688|14693|14695|14699|18708|18798|19878|20848,Gnb1|Gnb2|Gnb3|Gngt1|Pik3r1|Plcb4|Rock2|Stat3,-1.5
hits,GO Biological Processes,19,GO:0010721,negative regulation of cell development,19_GO:0048519 negative regulation of biological process,-2.8,3.4,3.9,21160,315,180,9,5,1.6,17756|18708|19317|22241|64383|107829|211770|217166|228357,Map2|Pik3r1|Qki|Ulk1|Sirt2|Thoc5|Trib1|Nr1d1|Lrp4,-1.5
hits,GO Biological Processes,19,GO:0006006,glucose metabolic process,19_GO:0009987 cellular process,-2.8,4.8,4.3,21160,146,180,6,3.3,1.3,15275|15277|18640|18641|18708|56421,Hk1|Hk2|Pfkfb2|Pfkl|Pik3r1|Pfkp,-1.5
hits,GO Biological Processes,19,GO:0043065,positive regulation of apoptotic process,19_GO:0048518 positive regulation of biological process,-2.8,2.5,3.6,21160,660,180,14,7.8,2,11603|11622|11789|12759|13653|15370|16476|18011|18952|26401|56213|64383|71648|108058,Agrn|Ahr|Apc|Clu|Egr1|Nr4a1|Jun|Neurl1a|Septin4|Map3k1|Htra1|Sirt2|Optn|Camk2d,-1.5
hits,GO Biological Processes,19,GO:0046902,regulation of mitochondrial membrane permeability,19_GO:0051179 localization,-2.8,8,5,21160,59,180,4,2.2,1.1,11740|15277|20848|103172,Slc25a5|Hk2|Stat3|Chchd10,-1.5
hits,GO Biological Processes,19,GO:0071375,cellular response to peptide hormone stimulus,19_GO:0050896 response to stimulus,-2.8,3.3,3.9,21160,317,180,9,5,1.6,11789|14245|14281|15370|18708|20393|20848|56392|79221,Apc|Lpin1|Fos|Nr4a1|Pik3r1|Sgk1|Stat3|Shoc2|Hdac9,-1.5
hits,GO Biological Processes,19,GO:0045936,negative regulation of phosphate metabolic process,19_GO:0048519 negative regulation of biological process,-2.8,3.1,3.8,21160,382,180,10,5.6,1.7,11789|16476|20404|20848|21929|54725|64383|97064|170643|211770,Apc|Jun|Sh3gl2|Stat3|Tnfaip3|Cadm1|Sirt2|Wwtr1|Kirrel1|Trib1,-1.5
hits,GO Biological Processes,19,GO:0010563,negative regulation of phosphorus metabolic process,19_GO:0048519 negative regulation of biological process,-2.8,3.1,3.8,21160,382,180,10,5.6,1.7,11789|16476|20404|20848|21929|54725|64383|97064|170643|211770,Apc|Jun|Sh3gl2|Stat3|Tnfaip3|Cadm1|Sirt2|Wwtr1|Kirrel1|Trib1,-1.5
hits,GO Biological Processes,19,GO:0006091,generation of precursor metabolites and energy,19_GO:0009987 cellular process,-2.8,3.1,3.8,21160,383,180,10,5.6,1.7,15275|15277|16195|18640|18641|56421|66414|66694|103172|217166,Hk1|Hk2|Il6st|Pfkfb2|Pfkl|Pfkp|Ndufa12|Uqcrfs1|Chchd10|Nr1d1,-1.4
hits,GO Biological Processes,19,GO:0060416,response to growth hormone,19_GO:0050896 response to stimulus,-2.8,13,5.7,21160,28,180,3,1.7,0.95,18708|20848|56392,Pik3r1|Stat3|Shoc2,-1.4
hits,WikiPathways,27,WP251,Mapk cascade,,-2.8,13,5.7,21160,28,180,3,1.7,0.95,16476|17756|26401,Jun|Map2|Map3k1,-1.4
hits,GO Biological Processes,19,GO:0032252,secretory granule localization,19_GO:0051179 localization,-2.8,13,5.7,21160,28,180,3,1.7,0.95,16561|20614|20910,Kif1b|Snap25|Stxbp1,-1.4
hits,GO Biological Processes,19,GO:0048660,regulation of smooth muscle cell proliferation,19_GO:0050789 regulation of biological process,-2.8,4.1,4.1,21160,201,180,7,3.9,1.4,13653|14173|16476|18708|21929|108058|211770,Egr1|Fgf2|Jun|Pik3r1|Tnfaip3|Camk2d|Trib1,-1.4
hits,GO Biological Processes,19,GO:0019674,NAD metabolic process,19_GO:0009987 cellular process,-2.8,7.8,4.9,21160,60,180,4,2.2,1.1,15275|18641|56421|68646,Hk1|Pfkl|Pfkp|Nadk2,-1.4
hits,GO Biological Processes,19,GO:0051962,positive regulation of nervous system development,19_GO:0032502 developmental process,-2.8,3.1,3.8,21160,384,180,10,5.6,1.7,11426|11603|14173|14725|16195|18011|18708|19317|20393|232227,Macf1|Agrn|Fgf2|Lrp2|Il6st|Neurl1a|Pik3r1|Qki|Sgk1|Iqsec1,-1.4
hits,WikiPathways,27,WP2432,Spinal cord injury,,-2.8,5.8,4.5,21160,101,180,5,2.8,1.2,13653|14281|15370|19878|69583,Egr1|Fos|Nr4a1|Rock2|Tnfsf13,-1.4
hits,KEGG Pathway,24,mmu04933,AGE-RAGE signaling pathway in diabetic complications - Mus musculus (house mouse),,-2.8,5.8,4.5,21160,101,180,5,2.8,1.2,13653|16476|18708|18798|20848,Egr1|Jun|Pik3r1|Plcb4|Stat3,-1.4
hits,GO Biological Processes,19,GO:0071900,regulation of protein serine/threonine kinase activity,19_GO:0050789 regulation of biological process,-2.8,3.6,3.9,21160,259,180,8,4.4,1.5,11789|14173|21929|26401|100732|211770|217410|330177,Apc|Fgf2|Tnfaip3|Map3k1|Mapre3|Trib1|Trib2|Taok3,-1.4
hits,GO Biological Processes,19,GO:0043269,regulation of monoatomic ion transport,19_GO:0051179 localization,-2.8,2.7,3.7,21160,521,180,12,6.7,1.9,11603|11622|11928|12296|14693|18798|19739|20393|54652|83814|108058|109676,Agrn|Ahr|Atp1a1|Cacnb2|Gnb2|Plcb4|Rgs9|Sgk1|Cacna1f|Nedd4l|Camk2d|Ank2,-1.4
hits,GO Biological Processes,19,GO:0030029,actin filament-based process,19_GO:0009987 cellular process,-2.8,2.6,3.6,21160,593,180,13,7.2,1.9,12296|14245|17921|19317|19878|20404|20740|83814|108058|109676|170826|232227|238021,Cacnb2|Lpin1|Myo7a|Qki|Rock2|Sh3gl2|Sptan1|Nedd4l|Camk2d|Ank2|Ppargc1b|Iqsec1|Fscn2,-1.4
hits,GO Biological Processes,19,GO:0051592,response to calcium ion,19_GO:0050896 response to stimulus,-2.8,4.7,4.2,21160,149,180,6,3.3,1.3,14281|14913|15165|16476|16477|16500,Fos|Guca1a|Hcn1|Jun|Junb|Kcnb1,-1.4
hits,GO Biological Processes,19,GO:0032410,negative regulation of transporter activity,19_GO:0051179 localization,-2.7,7.7,4.9,21160,61,180,4,2.2,1.1,11603|54652|83814|108058,Agrn|Cacna1f|Nedd4l|Camk2d,-1.4
hits,GO Biological Processes,19,GO:0030177,positive regulation of Wnt signaling pathway,19_GO:0048518 positive regulation of biological process,-2.7,4.7,4.2,21160,150,180,6,3.3,1.3,11426|11798|14173|21929|26401|232941,Macf1|Xiap|Fgf2|Tnfaip3|Map3k1|Ppm1n,-1.4
hits,GO Biological Processes,19,GO:0042391,regulation of membrane potential,19_GO:0065007 biological regulation,-2.7,2.7,3.6,21160,524,180,12,6.7,1.9,11603|11928|12296|15165|16476|16500|20273|58869|72961|83814|108058|109676,Agrn|Atp1a1|Cacnb2|Hcn1|Jun|Kcnb1|Scn8a|Pex5l|Slc17a7|Nedd4l|Camk2d|Ank2,-1.4
hits,GO Biological Processes,19,GO:0048511,rhythmic process,19_GO:0048511 rhythmic process,-2.7,3.3,3.8,21160,323,180,9,5,1.6,11603|11622|13653|14583|17978|19878|217166|225998|353187,Agrn|Ahr|Egr1|Gfpt1|Ncoa2|Rock2|Nr1d1|Rorb|Nr1d2,-1.4
hits,Reactome Gene Sets,6,R-MMU-9012999,RHO GTPase cycle,,-2.7,3,3.7,21160,388,180,10,5.6,1.7,16709|18708|19878|22143|27360|56324|70361|78514|320557|330177,Ktn1|Pik3r1|Rock2|Tuba1b|Add3|Stam2|Lman1|Arhgap10|Fam169a|Taok3,-1.4
hits,GO Biological Processes,19,GO:0060828,regulation of canonical Wnt signaling pathway,19_GO:0050896 response to stimulus,-2.7,3.6,3.9,21160,262,180,8,4.4,1.5,11789|11798|13653|14173|26401|97064|228357|232941,Apc|Xiap|Egr1|Fgf2|Map3k1|Wwtr1|Lrp4|Ppm1n,-1.4
hits,GO Biological Processes,19,GO:0045598,regulation of fat cell differentiation,19_GO:0032502 developmental process,-2.7,4.7,4.2,21160,151,180,6,3.3,1.3,14245|14695|64383|97064|217166|217410,Lpin1|Gnb3|Sirt2|Wwtr1|Nr1d1|Trib2,-1.4
hits,GO Biological Processes,19,GO:0120161,regulation of cold-induced thermogenesis,19_GO:0042592 homeostatic process,-2.7,4.7,4.2,21160,151,180,6,3.3,1.3,11789|14245|19317|26381|170826|217166,Apc|Lpin1|Qki|Esrrg|Ppargc1b|Nr1d1,-1.4
hits,GO Biological Processes,19,GO:1900371,regulation of purine nucleotide biosynthetic process,19_GO:0050789 regulation of biological process,-2.7,12,5.6,21160,29,180,3,1.7,0.95,14913|20848|107477,Guca1a|Stat3|Guca1b,-1.4
hits,GO Biological Processes,19,GO:0030808,regulation of nucleotide biosynthetic process,19_GO:0050789 regulation of biological process,-2.7,12,5.6,21160,29,180,3,1.7,0.95,14913|20848|107477,Guca1a|Stat3|Guca1b,-1.4
hits,GO Biological Processes,19,GO:0034143,regulation of toll-like receptor 4 signaling pathway,19_GO:0044419 biological process involved in interspecies interaction between organisms,-2.7,12,5.6,21160,29,180,3,1.7,0.95,18708|52440|217166,Pik3r1|Tax1bp1|Nr1d1,-1.4
hits,KEGG Pathway,24,mmu04925,Aldosterone synthesis and secretion - Mus musculus (house mouse),,-2.7,5.7,4.4,21160,103,180,5,2.8,1.2,11928|15370|18798|54652|108058,Atp1a1|Nr4a1|Plcb4|Cacna1f|Camk2d,-1.4
hits,GO Biological Processes,19,GO:0061024,membrane organization,19_GO:0009987 cellular process,-2.7,2.4,3.5,21160,748,180,15,8.3,2.1,11603|11740|12759|15277|16500|20404|20614|20848|20910|56297|66075|103172|109676|228357|269116,Agrn|Slc25a5|Clu|Hk2|Kcnb1|Sh3gl2|Snap25|Stat3|Stxbp1|Arl6|Chchd3|Chchd10|Ank2|Lrp4|Nfasc,-1.4
hits,Reactome Gene Sets,6,R-MMU-6806834,Signaling by MET,,-2.7,7.6,4.8,21160,62,180,4,2.2,1.1,18708|20404|20848|56324,Pik3r1|Sh3gl2|Stat3|Stam2,-1.4
hits,GO Biological Processes,19,GO:0043068,positive regulation of programmed cell death,19_GO:0048518 positive regulation of biological process,-2.7,2.4,3.5,21160,678,180,14,7.8,2,11603|11622|11789|12759|13653|15370|16476|18011|18952|26401|56213|64383|71648|108058,Agrn|Ahr|Apc|Clu|Egr1|Nr4a1|Jun|Neurl1a|Septin4|Map3k1|Htra1|Sirt2|Optn|Camk2d,-1.4
hits,Reactome Gene Sets,6,R-MMU-9833482,PKR-mediated signaling,,-2.7,7.5,4.8,21160,63,180,4,2.2,1.1,15511|20848|22143|193740,Hspa1b|Stat3|Tuba1b|Hspa1a,-1.4
hits,KEGG Pathway,24,mmu04929,GnRH secretion - Mus musculus (house mouse),,-2.7,7.5,4.8,21160,63,180,4,2.2,1.1,15165|18708|18798|54652,Hcn1|Pik3r1|Plcb4|Cacna1f,-1.4
hits,GO Biological Processes,19,GO:0001895,retina homeostasis,19_GO:0042592 homeostatic process,-2.7,7.5,4.8,21160,63,180,4,2.2,1.1,26380|73750|230872|234404,Esrrb|Whrn|Crocc|Nxnl1,-1.4
hits,KEGG Pathway,24,mmu00561,Glycerolipid metabolism - Mus musculus (house mouse),,-2.7,7.5,4.8,21160,63,180,4,2.2,1.1,14245|28169|52123|56077,Lpin1|Agpat3|Agpat5|Dgke,-1.4
hits,GO Biological Processes,19,GO:0002762,negative regulation of myeloid leukocyte differentiation,19_GO:0002376 immune system process,-2.7,7.5,4.8,21160,63,180,4,2.2,1.1,18708|19317|107829|211770,Pik3r1|Qki|Thoc5|Trib1,-1.4
hits,GO Biological Processes,19,GO:0006913,nucleocytoplasmic transport,19_GO:0051179 localization,-2.7,3.5,3.9,21160,266,180,8,4.4,1.5,16647|18708|19386|20848|70572|103573|107829|238799,Kpna2|Pik3r1|Ranbp2|Stat3|Ipo5|Xpo1|Thoc5|Tnpo1,-1.4
hits,KEGG Pathway,24,mmu04659,Th17 cell differentiation - Mus musculus (house mouse),,-2.7,5.6,4.4,21160,105,180,5,2.8,1.2,11622|14281|16195|16476|20848,Ahr|Fos|Il6st|Jun|Stat3,-1.4
hits,Reactome Gene Sets,6,R-MMU-182971,EGFR downregulation,,-2.7,12,5.5,21160,30,180,3,1.7,0.95,12223|20404|56324,Btc|Sh3gl2|Stam2,-1.4
hits,GO Biological Processes,19,GO:0051169,nuclear transport,19_GO:0051179 localization,-2.7,3.5,3.8,21160,267,180,8,4.4,1.5,16647|18708|19386|20848|70572|103573|107829|238799,Kpna2|Pik3r1|Ranbp2|Stat3|Ipo5|Xpo1|Thoc5|Tnpo1,-1.4
hits,Reactome Gene Sets,6,R-MMU-9860931,Response of endothelial cells to shear stress,,-2.7,7.3,4.7,21160,64,180,4,2.2,1.1,14688|14693|14695|14699,Gnb1|Gnb2|Gnb3|Gngt1,-1.4
hits,Reactome Gene Sets,6,R-MMU-9855142,Cellular responses to mechanical stimuli,,-2.7,7.3,4.7,21160,64,180,4,2.2,1.1,14688|14693|14695|14699,Gnb1|Gnb2|Gnb3|Gngt1,-1.4
hits,Reactome Gene Sets,6,R-MMU-418594,G alpha (i) signalling events,,-2.7,3.5,3.8,21160,269,180,8,4.4,1.5,14685|14688|14693|14695|14699|18798|58175|76123,Gnat1|Gnb1|Gnb2|Gnb3|Gngt1|Plcb4|Rgs20|Gpsm2,-1.4
hits,GO Biological Processes,19,GO:0043266,regulation of potassium ion transport,19_GO:0051179 localization,-2.7,5.5,4.3,21160,107,180,5,2.8,1.2,11603|14693|18798|83814|109676,Agrn|Gnb2|Plcb4|Nedd4l|Ank2,-1.4
hits,GO Biological Processes,19,GO:1901136,carbohydrate derivative catabolic process,19_GO:0009987 cellular process,-2.6,3.9,3.9,21160,211,180,7,3.9,1.4,14173|15275|15277|18640|18641|23959|56421,Fgf2|Hk1|Hk2|Pfkfb2|Pfkl|Nt5e|Pfkp,-1.4
hits,KEGG Pathway,24,mmu04144,Endocytosis - Mus musculus (house mouse),,-2.6,3.5,3.8,21160,270,180,8,4.4,1.5,15511|20404|24013|56324|83814|107305|193740|232227,Hspa1b|Sh3gl2|Grk1|Stam2|Nedd4l|Vps37c|Hspa1a|Iqsec1,-1.4
hits,GO Biological Processes,19,GO:0043124,negative regulation of canonical NF-kappaB signal transduction,19_GO:0048519 negative regulation of biological process,-2.6,7.2,4.7,21160,65,180,4,2.2,1.1,21929|71648|217166|231130,Tnfaip3|Optn|Nr1d1|Tnip2,-1.3
hits,GO Biological Processes,19,GO:2000630,positive regulation of miRNA metabolic process,19_GO:0048518 positive regulation of biological process,-2.6,7.2,4.7,21160,65,180,4,2.2,1.1,13653|14281|16476|20848,Egr1|Fos|Jun|Stat3,-1.3
hits,GO Biological Processes,19,GO:0042326,negative regulation of phosphorylation,19_GO:0048519 negative regulation of biological process,-2.6,3.2,3.7,21160,334,180,9,5,1.6,11789|16476|20404|21929|54725|64383|97064|170643|211770,Apc|Jun|Sh3gl2|Tnfaip3|Cadm1|Sirt2|Wwtr1|Kirrel1|Trib1,-1.3
hits,GO Biological Processes,19,GO:0006366,transcription by RNA polymerase II,19_GO:0009987 cellular process,-2.6,2.9,3.6,21160,400,180,10,5.6,1.7,11622|13653|14173|14281|15370|16476|16477|17978|18708|20848,Ahr|Egr1|Fgf2|Fos|Nr4a1|Jun|Junb|Ncoa2|Pik3r1|Stat3,-1.3
hits,GO Biological Processes,19,GO:1904062,regulation of monoatomic cation transmembrane transport,19_GO:0051179 localization,-2.6,3.2,3.7,21160,335,180,9,5,1.6,11603|11622|12296|14693|19739|54652|83814|108058|109676,Agrn|Ahr|Cacnb2|Gnb2|Rgs9|Cacna1f|Nedd4l|Camk2d|Ank2,-1.3
hits,GO Biological Processes,19,GO:0050803,regulation of synapse structure or activity,19_GO:0065007 biological regulation,-2.6,2.9,3.6,21160,401,180,10,5.6,1.7,11603|18011|18708|19878|20614|72961|83814|93842|228357|232227,Agrn|Neurl1a|Pik3r1|Rock2|Snap25|Slc17a7|Nedd4l|Igsf9|Lrp4|Iqsec1,-1.3
hits,GO Biological Processes,19,GO:0000165,MAPK cascade,19_GO:0050896 response to stimulus,-2.6,3.9,3.9,21160,213,180,7,3.9,1.4,11789|14173|26401|27999|211770|225028|330177,Apc|Fgf2|Map3k1|Fam3c|Trib1|Map4k3|Taok3,-1.3
hits,GO Biological Processes,19,GO:0006351,DNA-templated transcription,19_GO:0009987 cellular process,-2.6,2.6,3.5,21160,542,180,12,6.7,1.9,11622|13653|14173|14281|15370|16476|16477|17355|17978|18708|20848|170826,Ahr|Egr1|Fgf2|Fos|Nr4a1|Jun|Junb|Aff1|Ncoa2|Pik3r1|Stat3|Ppargc1b,-1.3
hits,GO Biological Processes,19,GO:0007006,mitochondrial membrane organization,19_GO:0009987 cellular process,-2.6,5.4,4.3,21160,109,180,5,2.8,1.2,11740|15277|20848|66075|103172,Slc25a5|Hk2|Stat3|Chchd3|Chchd10,-1.3
hits,Reactome Gene Sets,6,R-MMU-195721,Signaling by WNT,,-2.6,3.8,3.9,21160,214,180,7,3.9,1.4,14688|14693|14695|14699|18587|18588|103573,Gnb1|Gnb2|Gnb3|Gngt1|Pde6b|Pde6g|Xpo1,-1.3
hits,WikiPathways,27,WP493,Mapk signaling pathway,,-2.6,4.4,4,21160,159,180,6,3.3,1.3,14281|15370|16476|26401|193740|225028,Fos|Nr4a1|Jun|Map3k1|Hspa1a|Map4k3,-1.3
hits,GO Biological Processes,19,GO:0015931,nucleobase-containing compound transport,19_GO:0051179 localization,-2.6,3.8,3.9,21160,215,180,7,3.9,1.4,11740|19317|19386|56392|72416|103573|107829,Slc25a5|Qki|Ranbp2|Shoc2|Lrpprc|Xpo1|Thoc5,-1.3
hits,GO Biological Processes,19,GO:0090128,regulation of synapse maturation,19_GO:0032502 developmental process,-2.6,11,5.3,21160,32,180,3,1.7,0.95,18011|19878|93842,Neurl1a|Rock2|Igsf9,-1.3
hits,GO Biological Processes,19,GO:0055082,intracellular chemical homeostasis,19_GO:0042592 homeostatic process,-2.6,2.5,3.4,21160,619,180,13,7.2,1.9,11928|12296|14645|15275|15277|16500|18708|20393|54652|94220|108058|109676|217166,Atp1a1|Cacnb2|Glul|Hk1|Hk2|Kcnb1|Pik3r1|Sgk1|Cacna1f|Cnnm4|Camk2d|Ank2|Nr1d1,-1.3
hits,KEGG Pathway,24,mmu00010,Glycolysis / Gluconeogenesis - Mus musculus (house mouse),,-2.6,7,4.6,21160,67,180,4,2.2,1.1,15275|15277|18641|56421,Hk1|Hk2|Pfkl|Pfkp,-1.3
hits,GO Biological Processes,19,GO:1901699,cellular response to nitrogen compound,19_GO:0050896 response to stimulus,-2.6,2.4,3.4,21160,696,180,14,7.8,2,11622|11789|13653|14245|14281|15165|15370|18708|19739|19878|20393|20848|56392|79221,Ahr|Apc|Egr1|Lpin1|Fos|Hcn1|Nr4a1|Pik3r1|Rgs9|Rock2|Sgk1|Stat3|Shoc2|Hdac9,-1.3
hits,KEGG Pathway,24,mmu05415,Diabetic cardiomyopathy - Mus musculus (house mouse),,-2.6,3.8,3.8,21160,217,180,7,3.9,1.4,11740|14583|18708|18798|66414|66694|108058,Slc25a5|Gfpt1|Pik3r1|Plcb4|Ndufa12|Uqcrfs1|Camk2d,-1.3
hits,GO Biological Processes,19,GO:0034655,nucleobase-containing compound catabolic process,19_GO:0009987 cellular process,-2.6,3.1,3.6,21160,341,180,9,5,1.6,15275|15277|15511|18640|18641|23959|56421|72416|193740,Hk1|Hk2|Hspa1b|Pfkfb2|Pfkl|Nt5e|Pfkp|Lrpprc|Hspa1a,-1.3
hits,WikiPathways,27,WP151,IL 5 signaling pathway,,-2.6,6.9,4.5,21160,68,180,4,2.2,1.1,16476|18708|20848|22248,Jun|Pik3r1|Stat3|Unc119,-1.3
hits,GO Biological Processes,19,GO:0032535,regulation of cellular component size,19_GO:0065007 biological regulation,-2.6,2.9,3.5,21160,409,180,10,5.6,1.7,11426|11622|14695|17756|20740|22241|26401|27360|104394|170643,Macf1|Ahr|Gnb3|Map2|Sptan1|Ulk1|Map3k1|Add3|E2f4|Kirrel1,-1.3
hits,GO Biological Processes,19,GO:0086002,cardiac muscle cell action potential involved in contraction,19_GO:0032501 multicellular organismal process,-2.6,11,5.2,21160,33,180,3,1.7,0.95,12296|83814|109676,Cacnb2|Nedd4l|Ank2,-1.3
hits,GO Biological Processes,19,GO:0031116,positive regulation of microtubule polymerization,19_GO:0048518 positive regulation of biological process,-2.6,11,5.2,21160,33,180,3,1.7,0.95,11789|15511|193740,Apc|Hspa1b|Hspa1a,-1.3
hits,GO Biological Processes,19,GO:0090169,regulation of spindle assembly,19_GO:0050789 regulation of biological process,-2.6,11,5.2,21160,33,180,3,1.7,0.95,15511|76123|193740,Hspa1b|Gpsm2|Hspa1a,-1.3
hits,KEGG Pathway,24,mmu05022,Pathways of neurodegeneration - multiple diseases - Mus musculus (house mouse),,-2.5,2.7,3.5,21160,481,180,11,6.1,1.8,11740|11789|18798|22143|22241|54652|66414|66694|71648|73916|108058,Slc25a5|Apc|Plcb4|Tuba1b|Ulk1|Cacna1f|Ndufa12|Uqcrfs1|Optn|Ift57|Camk2d,-1.3
hits,GO Biological Processes,19,GO:0045667,regulation of osteoblast differentiation,19_GO:0032502 developmental process,-2.5,4.3,3.9,21160,164,180,6,3.3,1.3,11622|11789|14173|16195|97064|225998,Ahr|Apc|Fgf2|Il6st|Wwtr1|Rorb,-1.3
hits,GO Biological Processes,19,GO:0043434,response to peptide hormone,19_GO:0050896 response to stimulus,-2.5,2.7,3.5,21160,482,180,11,6.1,1.8,11789|13653|14245|14281|15370|18708|19878|20393|20848|56392|79221,Apc|Egr1|Lpin1|Fos|Nr4a1|Pik3r1|Rock2|Sgk1|Stat3|Shoc2|Hdac9,-1.3
hits,GO Biological Processes,19,GO:0006109,regulation of carbohydrate metabolic process,19_GO:0050789 regulation of biological process,-2.5,3.7,3.8,21160,221,180,7,3.9,1.4,14583|14695|17978|19386|20848|26380|228026,Gfpt1|Gnb3|Ncoa2|Ranbp2|Stat3|Esrrb|Pdk1,-1.3
hits,GO Biological Processes,19,GO:0031334,positive regulation of protein-containing complex assembly,19_GO:0048518 positive regulation of biological process,-2.5,3.7,3.8,21160,222,180,7,3.9,1.4,11622|11789|12759|15511|26401|170643|193740,Ahr|Apc|Clu|Hspa1b|Map3k1|Kirrel1|Hspa1a,-1.3
hits,GO Biological Processes,19,GO:0017145,stem cell division,19_GO:0009987 cellular process,-2.5,10,5.1,21160,34,180,3,1.7,0.95,26380|97064|107829,Esrrb|Wwtr1|Thoc5,-1.3
hits,KEGG Pathway,24,mmu04710,Circadian rhythm - Mus musculus (house mouse),,-2.5,10,5.1,21160,34,180,3,1.7,0.95,217166|225998|353187,Nr1d1|Rorb|Nr1d2,-1.3
hits,WikiPathways,27,WP193,Hepatocyte growth factor receptor signaling,,-2.5,10,5.1,21160,34,180,3,1.7,0.95,14281|16476|20848,Fos|Jun|Stat3,-1.3
hits,GO Biological Processes,19,GO:0035020,regulation of Rac protein signal transduction,19_GO:0050896 response to stimulus,-2.5,10,5.1,21160,34,180,3,1.7,0.95,11603|108058|228357,Agrn|Camk2d|Lrp4,-1.3
hits,GO Biological Processes,19,GO:0010720,positive regulation of cell development,19_GO:0032502 developmental process,-2.5,2.5,3.4,21160,559,180,12,6.7,1.9,11426|14173|14281|14725|16195|16476|18011|19317|20393|64383|170826|211770,Macf1|Fgf2|Fos|Lrp2|Il6st|Jun|Neurl1a|Qki|Sgk1|Sirt2|Ppargc1b|Trib1,-1.2
hits,KEGG Pathway,24,mmu04024,cAMP signaling pathway - Mus musculus (house mouse),,-2.5,3.7,3.7,21160,224,180,7,3.9,1.4,11928|14281|16476|18708|19878|54652|108058,Atp1a1|Fos|Jun|Pik3r1|Rock2|Cacna1f|Camk2d,-1.2
hits,GO Biological Processes,19,GO:0031400,negative regulation of protein modification process,19_GO:0048519 negative regulation of biological process,-2.5,2.8,3.5,21160,418,180,10,5.6,1.7,11789|15511|16476|20404|21929|54725|64383|97064|170643|211770,Apc|Hspa1b|Jun|Sh3gl2|Tnfaip3|Cadm1|Sirt2|Wwtr1|Kirrel1|Trib1,-1.2
hits,GO Biological Processes,19,GO:0051347,positive regulation of transferase activity,19_GO:0065007 biological regulation,-2.5,3,3.5,21160,351,180,9,5,1.6,11603|14173|18011|22248|26401|100732|211770|217410|330177,Agrn|Fgf2|Neurl1a|Unc119|Map3k1|Mapre3|Trib1|Trib2|Taok3,-1.2
hits,GO Biological Processes,19,GO:0001975,response to amphetamine,19_GO:0050896 response to stimulus,-2.5,10,5,21160,35,180,3,1.7,0.95,15370|19386|19739,Nr4a1|Ranbp2|Rgs9,-1.2
hits,GO Biological Processes,19,GO:0030100,regulation of endocytosis,19_GO:0051179 localization,-2.5,3,3.5,21160,352,180,9,5,1.6,12759|14725|20404|22248|64383|72961|83814|108797|232227,Clu|Lrp2|Sh3gl2|Unc119|Sirt2|Slc17a7|Nedd4l|Mex3b|Iqsec1,-1.2
hits,GO Biological Processes,19,GO:0042327,positive regulation of phosphorylation,19_GO:0048518 positive regulation of biological process,-2.5,2.4,3.3,21160,640,180,13,7.2,1.9,11603|14173|16195|18011|18708|19878|22248|24013|26401|100732|170826|228357|330177,Agrn|Fgf2|Il6st|Neurl1a|Pik3r1|Rock2|Unc119|Grk1|Map3k1|Mapre3|Ppargc1b|Lrp4|Taok3,-1.2
hits,KEGG Pathway,24,mmu04530,Tight junction - Mus musculus (house mouse),,-2.5,4.1,3.8,21160,170,180,6,3.3,1.3,16476|17475|19878|22143|26401|83814,Jun|Mpdz|Rock2|Tuba1b|Map3k1|Nedd4l,-1.2
hits,Reactome Gene Sets,6,R-MMU-418346,Platelet homeostasis,,-2.5,6.4,4.3,21160,73,180,4,2.2,1.1,14688|14693|14695|14699,Gnb1|Gnb2|Gnb3|Gngt1,-1.2
hits,GO Biological Processes,19,GO:0043267,negative regulation of potassium ion transport,19_GO:0051179 localization,-2.5,9.8,4.9,21160,36,180,3,1.7,0.95,11603|18798|83814,Agrn|Plcb4|Nedd4l,-1.2
hits,KEGG Pathway,24,mmu05208,Chemical carcinogenesis - reactive oxygen species - Mus musculus (house mouse),,-2.5,3.6,3.7,21160,229,180,7,3.9,1.4,11622|11740|14281|16476|18708|66414|66694,Ahr|Slc25a5|Fos|Jun|Pik3r1|Ndufa12|Uqcrfs1,-1.2
hits,GO Biological Processes,19,GO:0032102,negative regulation of response to external stimulus,19_GO:0048519 negative regulation of biological process,-2.4,2.8,3.4,21160,425,180,10,5.6,1.7,11622|14173|20848|21929|23959|52392|56213|211770|217166|353187,Ahr|Fgf2|Stat3|Tnfaip3|Nt5e|Macir|Htra1|Trib1|Nr1d1|Nr1d2,-1.2
hits,GO Biological Processes,19,GO:0098900,regulation of action potential,19_GO:0050789 regulation of biological process,-2.4,6.4,4.3,21160,74,180,4,2.2,1.1,15165|16500|108058|109676,Hcn1|Kcnb1|Camk2d|Ank2,-1.2
hits,GO Biological Processes,19,GO:0006734,NADH metabolic process,19_GO:0009987 cellular process,-2.4,9.5,4.8,21160,37,180,3,1.7,0.95,15275|18641|56421,Hk1|Pfkl|Pfkp,-1.2
hits,WikiPathways,27,WP571,FAS pathway and stress induction of HSP regulation,,-2.4,9.5,4.8,21160,37,180,3,1.7,0.95,16476|20740|26401,Jun|Sptan1|Map3k1,-1.2
hits,GO Biological Processes,19,GO:0045088,regulation of innate immune response,19_GO:0044419 biological process involved in interspecies interaction between organisms,-2.4,2.6,3.3,21160,501,180,11,6.1,1.8,11798|15511|18708|21929|52440|54725|64383|67070|70572|217166|231130,Xiap|Hspa1b|Pik3r1|Tnfaip3|Tax1bp1|Cadm1|Sirt2|Lsm14a|Ipo5|Nr1d1|Tnip2,-1.2
hits,WikiPathways,27,WP1244,Estrogen signaling,,-2.4,6.3,4.2,21160,75,180,4,2.2,1.1,14281|14688|14699|16476,Fos|Gnb1|Gngt1|Jun,-1.2
hits,GO Biological Processes,19,GO:0031348,negative regulation of defense response,19_GO:0048519 negative regulation of biological process,-2.4,3.2,3.5,21160,295,180,8,4.4,1.5,11622|20848|21929|23959|52392|56213|217166|353187,Ahr|Stat3|Tnfaip3|Nt5e|Macir|Htra1|Nr1d1|Nr1d2,-1.2
hits,GO Biological Processes,19,GO:0098660,inorganic ion transmembrane transport,19_GO:0051179 localization,-2.4,2.3,3.2,21160,728,180,14,7.8,2,11740|11928|12296|14173|15165|16500|18798|20273|20614|54652|66694|72961|94220|269615,Slc25a5|Atp1a1|Cacnb2|Fgf2|Hcn1|Kcnb1|Plcb4|Scn8a|Snap25|Cacna1f|Uqcrfs1|Slc17a7|Cnnm4|Plch2,-1.2
hits,GO Biological Processes,19,GO:0006753,nucleoside phosphate metabolic process,19_GO:0009987 cellular process,-2.4,2.5,3.3,21160,575,180,12,6.7,1.9,14583|15275|15277|15511|18640|18641|23959|56421|56524|66414|68646|245650,Gfpt1|Hk1|Hk2|Hspa1b|Pfkfb2|Pfkl|Nt5e|Pfkp|Pals2|Ndufa12|Nadk2|Gucy2f,-1.2
hits,GO Biological Processes,19,GO:0048661,positive regulation of smooth muscle cell proliferation,19_GO:0048518 positive regulation of biological process,-2.4,4.8,3.9,21160,122,180,5,2.8,1.2,13653|14173|16476|18708|108058,Egr1|Fgf2|Jun|Pik3r1|Camk2d,-1.1
hits,GO Biological Processes,19,GO:0120034,positive regulation of plasma membrane bounded cell projection assembly,19_GO:0048518 positive regulation of biological process,-2.4,4.8,3.9,21160,122,180,5,2.8,1.2,11603|11789|18011|18708|230872,Agrn|Apc|Neurl1a|Pik3r1|Crocc,-1.1
hits,GO Biological Processes,19,GO:1903050,regulation of proteolysis involved in protein catabolic process,19_GO:0050789 regulation of biological process,-2.4,3.5,3.6,21160,234,180,7,3.9,1.4,12759|15511|64383|103573|193740|211770|217410,Clu|Hspa1b|Sirt2|Xpo1|Hspa1a|Trib1|Trib2,-1.1
hits,GO Biological Processes,19,GO:0051028,mRNA transport,19_GO:0051179 localization,-2.4,4.8,3.9,21160,123,180,5,2.8,1.2,19317|19386|72416|103573|107829,Qki|Ranbp2|Lrpprc|Xpo1|Thoc5,-1.1
hits,GO Biological Processes,19,GO:0050678,regulation of epithelial cell proliferation,19_GO:0050789 regulation of biological process,-2.4,2.7,3.3,21160,433,180,10,5.6,1.7,11789|14173|14645|15370|16476|20848|21929|56213|73916|217166,Apc|Fgf2|Glul|Nr4a1|Jun|Stat3|Tnfaip3|Htra1|Ift57|Nr1d1,-1.1
hits,Reactome Gene Sets,6,R-MMU-9035034,RHOF GTPase cycle,,-2.4,9.3,4.7,21160,38,180,3,1.7,0.95,18708|27360|320557,Pik3r1|Add3|Fam169a,-1.1
hits,GO Biological Processes,19,GO:0048710,regulation of astrocyte differentiation,19_GO:0032502 developmental process,-2.4,9.3,4.7,21160,38,180,3,1.7,0.95,16195|19317|217166,Il6st|Qki|Nr1d1,-1.1
hits,KEGG Pathway,24,mmu01250,Biosynthesis of nucleotide sugars - Mus musculus (house mouse),,-2.4,9.3,4.7,21160,38,180,3,1.7,0.95,14583|15275|15277,Gfpt1|Hk1|Hk2,-1.1
hits,KEGG Pathway,24,mmu04217,Necroptosis - Mus musculus (house mouse),,-2.4,4,3.7,21160,177,180,6,3.3,1.3,11740|11798|14645|20848|21929|108058,Slc25a5|Xiap|Glul|Stat3|Tnfaip3|Camk2d,-1.1
hits,GO Biological Processes,19,GO:0007005,mitochondrion organization,19_GO:0009987 cellular process,-2.4,2.7,3.3,21160,434,180,10,5.6,1.7,11740|14245|15277|16476|18952|20848|26401|66075|66414|103172,Slc25a5|Lpin1|Hk2|Jun|Septin4|Stat3|Map3k1|Chchd3|Ndufa12|Chchd10,-1.1
hits,GO Biological Processes,19,GO:0071407,cellular response to organic cyclic compound,19_GO:0050896 response to stimulus,-2.4,2.4,3.2,21160,581,180,12,6.7,1.9,11622|11928|13653|15165|19739|19878|20393|20848|26380|26381|170826|235283,Ahr|Atp1a1|Egr1|Hcn1|Rgs9|Rock2|Sgk1|Stat3|Esrrb|Esrrg|Ppargc1b|Gramd1b,-1.1
hits,GO Biological Processes,19,GO:0016052,carbohydrate catabolic process,19_GO:0009987 cellular process,-2.4,4.7,3.9,21160,124,180,5,2.8,1.2,15275|15277|18640|18641|56421,Hk1|Hk2|Pfkfb2|Pfkl|Pfkp,-1.1
hits,GO Biological Processes,19,GO:0090559,regulation of membrane permeability,19_GO:0065007 biological regulation,-2.4,6.1,4.2,21160,77,180,4,2.2,1.1,11740|15277|20848|103172,Slc25a5|Hk2|Stat3|Chchd10,-1.1
hits,GO Biological Processes,19,GO:0034765,regulation of monoatomic ion transmembrane transport,19_GO:0051179 localization,-2.4,2.9,3.4,21160,367,180,9,5,1.6,11603|11622|12296|14693|19739|54652|83814|108058|109676,Agrn|Ahr|Cacnb2|Gnb2|Rgs9|Cacna1f|Nedd4l|Camk2d|Ank2,-1.1
hits,GO Biological Processes,19,GO:0009755,hormone-mediated signaling pathway,19_GO:0050896 response to stimulus,-2.4,4.7,3.8,21160,125,180,5,2.8,1.2,26380|26381|170826|217166|353187,Esrrb|Esrrg|Ppargc1b|Nr1d1|Nr1d2,-1.1
hits,GO Biological Processes,19,GO:0072521,purine-containing compound metabolic process,19_GO:0009987 cellular process,-2.4,2.5,3.3,21160,510,180,11,6.1,1.8,15275|15277|15511|18640|18641|23959|56421|56524|66414|68646|245650,Hk1|Hk2|Hspa1b|Pfkfb2|Pfkl|Nt5e|Pfkp|Pals2|Ndufa12|Nadk2|Gucy2f,-1.1
hits,WikiPathways,27,WP509,Nuclear Receptors,,-2.4,9,4.7,21160,39,180,3,1.7,0.95,15370|26380|353187,Nr4a1|Esrrb|Nr1d2,-1.1
hits,GO Biological Processes,19,GO:0031112,positive regulation of microtubule polymerization or depolymerization,19_GO:0048518 positive regulation of biological process,-2.4,9,4.7,21160,39,180,3,1.7,0.95,11789|15511|193740,Apc|Hspa1b|Hspa1a,-1.1
hits,GO Biological Processes,19,GO:0086001,cardiac muscle cell action potential,19_GO:0065007 biological regulation,-2.4,9,4.7,21160,39,180,3,1.7,0.95,12296|83814|109676,Cacnb2|Nedd4l|Ank2,-1.1
hits,GO Biological Processes,19,GO:0099149,regulation of postsynaptic neurotransmitter receptor internalization,19_GO:0051179 localization,-2.4,9,4.7,21160,39,180,3,1.7,0.95,64383|83814|232227,Sirt2|Nedd4l|Iqsec1,-1.1
hits,GO Biological Processes,19,GO:1901880,negative regulation of protein depolymerization,19_GO:0048519 negative regulation of biological process,-2.4,6,4.1,21160,78,180,4,2.2,1.1,11789|17756|20740|27360,Apc|Map2|Sptan1|Add3,-1.1
hits,GO Biological Processes,19,GO:0032272,negative regulation of protein polymerization,19_GO:0048519 negative regulation of biological process,-2.4,6,4.1,21160,78,180,4,2.2,1.1,17756|20393|20740|27360,Map2|Sgk1|Sptan1|Add3,-1.1
hits,GO Biological Processes,19,GO:0002763,positive regulation of myeloid leukocyte differentiation,19_GO:0002376 immune system process,-2.4,6,4.1,21160,78,180,4,2.2,1.1,14281|16476|170826|211770,Fos|Jun|Ppargc1b|Trib1,-1.1
hits,GO Biological Processes,19,GO:0060048,cardiac muscle contraction,19_GO:0032501 multicellular organismal process,-2.4,6,4.1,21160,78,180,4,2.2,1.1,12296|83814|108058|109676,Cacnb2|Nedd4l|Camk2d|Ank2,-1.1
hits,GO Biological Processes,19,GO:1902893,regulation of miRNA transcription,19_GO:0050789 regulation of biological process,-2.4,6,4.1,21160,78,180,4,2.2,1.1,13653|14281|16476|20848,Egr1|Fos|Jun|Stat3,-1.1
hits,GO Biological Processes,19,GO:0051338,regulation of transferase activity,19_GO:0065007 biological regulation,-2.3,2.4,3.2,21160,587,180,12,6.7,1.9,11603|11789|14173|18011|21929|22248|26401|97064|100732|211770|217410|330177,Agrn|Apc|Fgf2|Neurl1a|Tnfaip3|Unc119|Map3k1|Wwtr1|Mapre3|Trib1|Trib2|Taok3,-1.1
hits,Reactome Gene Sets,6,R-MMU-3371556,Cellular response to heat stress,,-2.3,6,4.1,21160,79,180,4,2.2,1.1,15511|19386|108058|193740,Hspa1b|Ranbp2|Camk2d|Hspa1a,-1.1
hits,GO Biological Processes,19,GO:0051057,positive regulation of small GTPase mediated signal transduction,19_GO:0048518 positive regulation of biological process,-2.3,6,4.1,21160,79,180,4,2.2,1.1,11603|56392|108058|228357,Agrn|Shoc2|Camk2d|Lrp4,-1.1
hits,GO Biological Processes,19,GO:0019218,regulation of steroid metabolic process,19_GO:0050789 regulation of biological process,-2.3,4.6,3.8,21160,127,180,5,2.8,1.2,11928|13653|14695|19317|217166,Atp1a1|Egr1|Gnb3|Qki|Nr1d1,-1.1
hits,GO Biological Processes,19,GO:2000177,regulation of neural precursor cell proliferation,19_GO:0050789 regulation of biological process,-2.3,4.6,3.8,21160,127,180,5,2.8,1.2,14173|14725|56392|64383|71648,Fgf2|Lrp2|Shoc2|Sirt2|Optn,-1.1
hits,GO Biological Processes,19,GO:0001678,intracellular glucose homeostasis,19_GO:0042592 homeostatic process,-2.3,4.6,3.8,21160,127,180,5,2.8,1.2,15275|15277|16500|18708|217166,Hk1|Hk2|Kcnb1|Pik3r1|Nr1d1,-1.1
hits,KEGG Pathway,24,mmu04152,AMPK signaling pathway - Mus musculus (house mouse),,-2.3,4.6,3.8,21160,127,180,5,2.8,1.2,18640|18641|18708|22241|56421,Pfkfb2|Pfkl|Pik3r1|Ulk1|Pfkp,-1.1
hits,GO Biological Processes,19,GO:0050679,positive regulation of epithelial cell proliferation,19_GO:0048518 positive regulation of biological process,-2.3,3.4,3.5,21160,241,180,7,3.9,1.4,14173|14645|15370|16476|20848|21929|56213,Fgf2|Glul|Nr4a1|Jun|Stat3|Tnfaip3|Htra1,-1.1
hits,KEGG Pathway,24,mmu05170,Human immunodeficiency virus 1 infection - Mus musculus (house mouse),,-2.3,3.4,3.5,21160,241,180,7,3.9,1.4,14281|14688|14693|14695|14699|16476|18708,Fos|Gnb1|Gnb2|Gnb3|Gngt1|Jun|Pik3r1,-1.1
hits,GO Biological Processes,19,GO:0044057,regulation of system process,19_GO:0032501 multicellular organismal process,-2.3,2.3,3.1,21160,666,180,13,7.2,1.9,11603|11622|11928|12296|14245|15370|18708|19317|19878|27360|58869|108058|109676,Agrn|Ahr|Atp1a1|Cacnb2|Lpin1|Nr4a1|Pik3r1|Qki|Rock2|Add3|Pex5l|Camk2d|Ank2,-1.1
hits,GO Biological Processes,19,GO:0019318,hexose metabolic process,19_GO:0009987 cellular process,-2.3,3.9,3.6,21160,182,180,6,3.3,1.3,15275|15277|18640|18641|18708|56421,Hk1|Hk2|Pfkfb2|Pfkl|Pik3r1|Pfkp,-1.1
hits,GO Biological Processes,19,GO:0048512,circadian behavior,19_GO:0048511 rhythmic process,-2.3,8.8,4.6,21160,40,180,3,1.7,0.95,13653|17978|353187,Egr1|Ncoa2|Nr1d2,-1.1
hits,GO Biological Processes,19,GO:0051491,positive regulation of filopodium assembly,19_GO:0048518 positive regulation of biological process,-2.3,8.8,4.6,21160,40,180,3,1.7,0.95,11603|18011|18708,Agrn|Neurl1a|Pik3r1,-1.1
hits,GO Biological Processes,19,GO:2000649,regulation of sodium ion transmembrane transporter activity,19_GO:0051179 localization,-2.3,8.8,4.6,21160,40,180,3,1.7,0.95,11603|83814|108058,Agrn|Nedd4l|Camk2d,-1.1
hits,GO Biological Processes,19,GO:0042752,regulation of circadian rhythm,19_GO:0048511 rhythmic process,-2.3,4.6,3.8,21160,128,180,5,2.8,1.2,18587|19878|217166|225998|353187,Pde6b|Rock2|Nr1d1|Rorb|Nr1d2,-1.1
hits,WikiPathways,27,WP1254,Apoptosis,,-2.3,5.9,4,21160,80,180,4,2.2,1.1,11798|16476|18708|26401,Xiap|Jun|Pik3r1|Map3k1,-1.1
hits,Reactome Gene Sets,6,R-MMU-8980692,RHOA GTPase cycle,,-2.3,4.6,3.8,21160,129,180,5,2.8,1.2,16709|18708|19878|70361|78514,Ktn1|Pik3r1|Rock2|Lman1|Arhgap10,-1.1
hits,GO Biological Processes,19,GO:0010906,regulation of glucose metabolic process,19_GO:0050789 regulation of biological process,-2.3,4.6,3.8,21160,129,180,5,2.8,1.2,14695|17978|19386|26380|228026,Gnb3|Ncoa2|Ranbp2|Esrrb|Pdk1,-1.1
hits,GO Biological Processes,19,GO:0051302,regulation of cell division,19_GO:0050789 regulation of biological process,-2.3,3.8,3.5,21160,186,180,6,3.3,1.3,11789|12223|14173|26380|64383|107829,Apc|Btc|Fgf2|Esrrb|Sirt2|Thoc5,-1
hits,GO Biological Processes,19,GO:0032412,regulation of monoatomic ion transmembrane transporter activity,19_GO:0051179 localization,-2.3,3.8,3.5,21160,187,180,6,3.3,1.3,11603|12296|54652|83814|108058|109676,Agrn|Cacnb2|Cacna1f|Nedd4l|Camk2d|Ank2,-1
hits,GO Biological Processes,19,GO:0055086,nucleobase-containing small molecule metabolic process,19_GO:0009987 cellular process,-2.3,2.4,3.1,21160,600,180,12,6.7,1.9,14583|15275|15277|15511|18640|18641|23959|56421|56524|66414|68646|245650,Gfpt1|Hk1|Hk2|Hspa1b|Pfkfb2|Pfkl|Nt5e|Pfkp|Pals2|Ndufa12|Nadk2|Gucy2f,-1
hits,GO Biological Processes,19,GO:0034763,negative regulation of transmembrane transport,19_GO:0051179 localization,-2.3,4.5,3.7,21160,132,180,5,2.8,1.2,11603|11622|54652|83814|108058,Agrn|Ahr|Cacna1f|Nedd4l|Camk2d,-1
hits,Reactome Gene Sets,6,R-MMU-913531,Interferon Signaling,,-2.2,4.4,3.7,21160,133,180,5,2.8,1.2,15511|20848|22143|108058|193740,Hspa1b|Stat3|Tuba1b|Camk2d|Hspa1a,-1
hits,GO Biological Processes,19,GO:0002221,pattern recognition receptor signaling pathway,19_GO:0044419 biological process involved in interspecies interaction between organisms,-2.2,4.4,3.7,21160,133,180,5,2.8,1.2,11798|64383|67070|70572|231130,Xiap|Sirt2|Lsm14a|Ipo5|Tnip2,-1
hits,GO Biological Processes,19,GO:1902905,positive regulation of supramolecular fiber organization,19_GO:0048518 positive regulation of biological process,-2.2,3.7,3.5,21160,189,180,6,3.3,1.3,11789|15511|19878|26401|170643|193740,Apc|Hspa1b|Rock2|Map3k1|Kirrel1|Hspa1a,-1
hits,GO Biological Processes,19,GO:1903169,regulation of calcium ion transmembrane transport,19_GO:0051179 localization,-2.2,3.7,3.5,21160,189,180,6,3.3,1.3,11622|12296|19739|54652|108058|109676,Ahr|Cacnb2|Rgs9|Cacna1f|Camk2d|Ank2,-1
hits,GO Biological Processes,19,GO:0062207,regulation of pattern recognition receptor signaling pathway,19_GO:0044419 biological process involved in interspecies interaction between organisms,-2.2,3.7,3.5,21160,189,180,6,3.3,1.3,15511|18708|21929|52440|64383|217166,Hspa1b|Pik3r1|Tnfaip3|Tax1bp1|Sirt2|Nr1d1,-1
hits,KEGG Pathway,24,mmu04012,ErbB signaling pathway - Mus musculus (house mouse),,-2.2,5.6,3.9,21160,84,180,4,2.2,1.1,12223|16476|18708|108058,Btc|Jun|Pik3r1|Camk2d,-1
hits,GO Biological Processes,19,GO:1901379,regulation of potassium ion transmembrane transport,19_GO:0051179 localization,-2.2,5.6,3.9,21160,84,180,4,2.2,1.1,11603|14693|83814|109676,Agrn|Gnb2|Nedd4l|Ank2,-1
hits,KEGG Pathway,24,mmu00760,Nicotinate and nicotinamide metabolism - Mus musculus (house mouse),,-2.2,8.2,4.4,21160,43,180,3,1.7,0.95,23959|64383|68646,Nt5e|Sirt2|Nadk2,-1
hits,GO Biological Processes,19,GO:0007622,rhythmic behavior,19_GO:0032501 multicellular organismal process,-2.2,8.2,4.4,21160,43,180,3,1.7,0.95,13653|17978|353187,Egr1|Ncoa2|Nr1d2,-1
hits,GO Biological Processes,19,GO:0060236,regulation of mitotic spindle organization,19_GO:0050789 regulation of biological process,-2.2,8.2,4.4,21160,43,180,3,1.7,0.95,15511|76123|193740,Hspa1b|Gpsm2|Hspa1a,-1
hits,Reactome Gene Sets,6,R-MMU-112314,Neurotransmitter receptors and postsynaptic signal transmission,,-2.2,4.4,3.6,21160,134,180,5,2.8,1.2,14688|14693|14695|14699|108058,Gnb1|Gnb2|Gnb3|Gngt1|Camk2d,-1
hits,GO Biological Processes,19,GO:1903320,regulation of protein modification by small protein conjugation or removal,19_GO:0050789 regulation of biological process,-2.2,3.3,3.4,21160,252,180,7,3.9,1.4,11798|13653|15511|18952|21929|211770|217410,Xiap|Egr1|Hspa1b|Septin4|Tnfaip3|Trib1|Trib2,-1
hits,GO Biological Processes,19,GO:1903706,regulation of hemopoiesis,19_GO:0002376 immune system process,-2.2,2.6,3.1,21160,459,180,10,5.6,1.7,11789|14281|15511|16476|18708|19317|20848|107829|170826|211770,Apc|Fos|Hspa1b|Jun|Pik3r1|Qki|Stat3|Thoc5|Ppargc1b|Trib1,-0.99
hits,Reactome Gene Sets,6,R-MMU-71387,Metabolism of carbohydrates,,-2.2,3.2,3.3,21160,254,180,7,3.9,1.4,15275|15277|18640|18641|19386|20970|56421,Hk1|Hk2|Pfkfb2|Pfkl|Ranbp2|Sdc3|Pfkp,-0.98
hits,WikiPathways,27,WP297,IL 7 signaling pathway,,-2.2,8,4.3,21160,44,180,3,1.7,0.95,18708|20848|56324,Pik3r1|Stat3|Stam2,-0.98
hits,KEGG Pathway,24,mmu05010,Alzheimer disease - Mus musculus (house mouse),,-2.2,2.7,3.2,21160,389,180,9,5,1.6,11740|11789|18708|18798|22143|22241|54652|66414|66694,Slc25a5|Apc|Pik3r1|Plcb4|Tuba1b|Ulk1|Cacna1f|Ndufa12|Uqcrfs1,-0.98
hits,GO Biological Processes,19,GO:0099536,synaptic signaling,19_GO:0050789 regulation of biological process,-2.2,2.6,3.1,21160,461,180,10,5.6,1.7,11603|12296|15370|16561|16647|20614|20848|20910|54725|72961,Agrn|Cacnb2|Nr4a1|Kif1b|Kpna2|Snap25|Stat3|Stxbp1|Cadm1|Slc17a7,-0.98
hits,GO Biological Processes,19,GO:0040008,regulation of growth,19_GO:0040007 growth,-2.2,2.2,3,21160,691,180,13,7.2,1.9,11426|11603|11622|11789|12696|14173|15511|17756|20393|20848|22241|83814|193740,Macf1|Agrn|Ahr|Apc|Cirbp|Fgf2|Hspa1b|Map2|Sgk1|Stat3|Ulk1|Nedd4l|Hspa1a,-0.98
hits,GO Biological Processes,19,GO:0019216,regulation of lipid metabolic process,19_GO:0050789 regulation of biological process,-2.2,2.7,3.2,21160,390,180,9,5,1.6,11928|13653|14695|17978|19317|64383|217166|228026|353187,Atp1a1|Egr1|Gnb3|Ncoa2|Qki|Sirt2|Nr1d1|Pdk1|Nr1d2,-0.98
hits,WikiPathways,27,WP2841,Focal adhesion PI3K Akt mTOR signaling pathway,,-2.2,2.9,3.2,21160,322,180,8,4.4,1.5,14173|14688|14693|14695|14699|18640|18708|22241,Fgf2|Gnb1|Gnb2|Gnb3|Gngt1|Pfkfb2|Pik3r1|Ulk1,-0.97
hits,GO Biological Processes,19,GO:0044092,negative regulation of molecular function,19_GO:0065007 biological regulation,-2.2,2.1,3,21160,773,180,14,7.8,2,11603|11789|11798|15370|15511|16476|21929|52440|54652|83814|97064|108058|211770|217410,Agrn|Apc|Xiap|Nr4a1|Hspa1b|Jun|Tnfaip3|Tax1bp1|Cacna1f|Nedd4l|Wwtr1|Camk2d|Trib1|Trib2,-0.97
hits,GO Biological Processes,19,GO:0099173,postsynapse organization,19_GO:0009987 cellular process,-2.2,4.3,3.6,21160,138,180,5,2.8,1.2,11603|19878|20404|54725|228357,Agrn|Rock2|Sh3gl2|Cadm1|Lrp4,-0.96
hits,GO Biological Processes,19,GO:0000079,regulation of cyclin-dependent protein serine/threonine kinase activity,19_GO:0050789 regulation of biological process,-2.2,7.8,4.3,21160,45,180,3,1.7,0.95,11789|21929|100732,Apc|Tnfaip3|Mapre3,-0.96
hits,GO Biological Processes,19,GO:0050807,regulation of synapse organization,19_GO:0050789 regulation of biological process,-2.2,2.7,3.1,21160,393,180,9,5,1.6,11603|18011|18708|19878|20614|83814|93842|228357|232227,Agrn|Neurl1a|Pik3r1|Rock2|Snap25|Nedd4l|Igsf9|Lrp4|Iqsec1,-0.96
hits,GO Biological Processes,19,GO:0001666,response to hypoxia,19_GO:0050896 response to stimulus,-2.2,2.9,3.2,21160,324,180,8,4.4,1.5,13653|14281|14688|14699|15277|64383|108058|228026,Egr1|Fos|Gnb1|Gngt1|Hk2|Sirt2|Camk2d|Pdk1,-0.95
hits,GO Biological Processes,19,GO:1901873,regulation of post-translational protein modification,19_GO:0050789 regulation of biological process,-2.2,3.2,3.3,21160,258,180,7,3.9,1.4,11798|13653|15511|18952|21929|211770|217410,Xiap|Egr1|Hspa1b|Septin4|Tnfaip3|Trib1|Trib2,-0.95
hits,GO Biological Processes,19,GO:0061564,axon development,19_GO:0032502 developmental process,-2.2,2.5,3.1,21160,466,180,10,5.6,1.7,11789|14725|16476|17756|20614|20910|22241|54652|114873|269116,Apc|Lrp2|Jun|Map2|Snap25|Stxbp1|Ulk1|Cacna1f|Dscaml1|Nfasc,-0.95
hits,GO Biological Processes,19,GO:0030183,B cell differentiation,19_GO:0002376 immune system process,-2.2,4.2,3.5,21160,139,180,5,2.8,1.2,11622|11740|18708|21929|79221,Ahr|Slc25a5|Pik3r1|Tnfaip3|Hdac9,-0.95
hits,KEGG Pathway,24,mmu05235,PD-L1 expression and PD-1 checkpoint pathway in cancer - Mus musculus (house mouse),,-2.2,5.3,3.8,21160,88,180,4,2.2,1.1,14281|16476|18708|20848,Fos|Jun|Pik3r1|Stat3,-0.95
hits,GO Biological Processes,19,GO:0043242,negative regulation of protein-containing complex disassembly,19_GO:0048519 negative regulation of biological process,-2.2,5.3,3.8,21160,88,180,4,2.2,1.1,11789|17756|20740|27360,Apc|Map2|Sptan1|Add3,-0.95
hits,KEGG Pathway,24,mmu05210,Colorectal cancer - Mus musculus (house mouse),,-2.2,5.3,3.8,21160,88,180,4,2.2,1.1,11789|14281|16476|18708,Apc|Fos|Jun|Pik3r1,-0.95
hits,GO Biological Processes,19,GO:0030098,lymphocyte differentiation,19_GO:0002376 immune system process,-2.2,2.9,3.2,21160,325,180,8,4.4,1.5,11622|11740|11789|13653|18708|20848|21929|79221,Ahr|Slc25a5|Apc|Egr1|Pik3r1|Stat3|Tnfaip3|Hdac9,-0.95
hits,GO Biological Processes,19,GO:0022898,regulation of transmembrane transporter activity,19_GO:0051179 localization,-2.2,3.6,3.4,21160,197,180,6,3.3,1.3,11603|12296|54652|83814|108058|109676,Agrn|Cacnb2|Cacna1f|Nedd4l|Camk2d|Ank2,-0.95
hits,GO Biological Processes,19,GO:0071456,cellular response to hypoxia,19_GO:0050896 response to stimulus,-2.2,4.2,3.5,21160,140,180,5,2.8,1.2,14281|14688|14699|64383|228026,Fos|Gnb1|Gngt1|Sirt2|Pdk1,-0.94
hits,GO Biological Processes,19,GO:1901016,regulation of potassium ion transmembrane transporter activity,19_GO:0051179 localization,-2.2,7.7,4.2,21160,46,180,3,1.7,0.95,11603|83814|109676,Agrn|Nedd4l|Ank2,-0.94
hits,GO Biological Processes,19,GO:0045494,photoreceptor cell maintenance,19_GO:0042592 homeostatic process,-2.2,7.7,4.2,21160,46,180,3,1.7,0.95,26380|230872|234404,Esrrb|Crocc|Nxnl1,-0.94
hits,GO Biological Processes,19,GO:1904707,positive regulation of vascular associated smooth muscle cell proliferation,19_GO:0048518 positive regulation of biological process,-2.2,7.7,4.2,21160,46,180,3,1.7,0.95,14173|16476|108058,Fgf2|Jun|Camk2d,-0.94
hits,GO Biological Processes,19,GO:0071396,cellular response to lipid,19_GO:0050896 response to stimulus,-2.2,2.2,2.9,21160,700,180,13,7.2,1.9,11622|11928|14281|19878|20393|21929|26380|26381|170826|217166|225998|231130|235283,Ahr|Atp1a1|Fos|Rock2|Sgk1|Tnfaip3|Esrrb|Esrrg|Ppargc1b|Nr1d1|Rorb|Tnip2|Gramd1b,-0.94
hits,KEGG Pathway,24,mmu04260,Cardiac muscle contraction - Mus musculus (house mouse),,-2.2,5.3,3.8,21160,89,180,4,2.2,1.1,11928|12296|54652|66694,Atp1a1|Cacnb2|Cacna1f|Uqcrfs1,-0.94
hits,GO Biological Processes,19,GO:0001819,positive regulation of cytokine production,19_GO:0048518 positive regulation of biological process,-2.1,2.4,3,21160,545,180,11,6.1,1.8,11798|12759|13653|15275|15511|16647|18708|19878|20848|54725|71648,Xiap|Clu|Egr1|Hk1|Hspa1b|Kpna2|Pik3r1|Rock2|Stat3|Cadm1|Optn,-0.93
hits,GO Biological Processes,19,GO:0120035,regulation of plasma membrane bounded cell projection organization,19_GO:0050789 regulation of biological process,-2.1,2.1,2.9,21160,782,180,14,7.8,2,11426|11603|11789|17756|18011|18708|19317|20393|20614|22241|56392|83814|228357|230872,Macf1|Agrn|Apc|Map2|Neurl1a|Pik3r1|Qki|Sgk1|Snap25|Ulk1|Shoc2|Nedd4l|Lrp4|Crocc,-0.93
hits,GO Biological Processes,19,GO:0046488,phosphatidylinositol metabolic process,19_GO:0009987 cellular process,-2.1,4.2,3.5,21160,141,180,5,2.8,1.2,18708|18798|52123|56077|269615,Pik3r1|Plcb4|Agpat5|Dgke|Plch2,-0.93
hits,GO Biological Processes,19,GO:0048638,regulation of developmental growth,19_GO:0040007 growth,-2.1,2.7,3.1,21160,398,180,9,5,1.6,11426|11603|11622|11789|14173|17756|20848|22241|83814,Macf1|Agrn|Ahr|Apc|Fgf2|Map2|Stat3|Ulk1|Nedd4l,-0.93
hits,GO Biological Processes,19,GO:0046434,organophosphate catabolic process,19_GO:0009987 cellular process,-2.1,3.5,3.3,21160,199,180,6,3.3,1.3,15275|15277|18640|18641|23959|56421,Hk1|Hk2|Pfkfb2|Pfkl|Nt5e|Pfkp,-0.93
hits,GO Biological Processes,19,GO:0044782,cilium organization,19_GO:0009987 cellular process,-2.1,2.7,3.1,21160,399,180,9,5,1.6,17758|18011|52392|56297|73916|97064|104394|214552|230872,Map4|Neurl1a|Macir|Arl6|Ift57|Wwtr1|E2f4|Cep164|Crocc,-0.93
hits,WikiPathways,27,WP232,G protein signaling pathways,,-2.1,5.2,3.7,21160,90,180,4,2.2,1.1,14688|14693|14695|14699,Gnb1|Gnb2|Gnb3|Gngt1,-0.92
hits,Reactome Gene Sets,6,R-MMU-1169410,Antiviral mechanism by IFN-stimulated genes,,-2.1,5.2,3.7,21160,90,180,4,2.2,1.1,15511|20848|22143|193740,Hspa1b|Stat3|Tuba1b|Hspa1a,-0.92
hits,GO Biological Processes,19,GO:0006814,sodium ion transport,19_GO:0051179 localization,-2.1,3.5,3.3,21160,200,180,6,3.3,1.3,11928|15165|20273|72961|83814|94220,Atp1a1|Hcn1|Scn8a|Slc17a7|Nedd4l|Cnnm4,-0.92
hits,GO Biological Processes,19,GO:0035725,sodium ion transmembrane transport,19_GO:0051179 localization,-2.1,4.1,3.5,21160,142,180,5,2.8,1.2,11928|15165|20273|72961|94220,Atp1a1|Hcn1|Scn8a|Slc17a7|Cnnm4,-0.92
hits,GO Biological Processes,19,GO:0051261,protein depolymerization,19_GO:0009987 cellular process,-2.1,7.5,4.1,21160,47,180,3,1.7,0.95,11789|20393|20404,Apc|Sgk1|Sh3gl2,-0.92
hits,GO Biological Processes,19,GO:0090224,regulation of spindle organization,19_GO:0050789 regulation of biological process,-2.1,7.5,4.1,21160,47,180,3,1.7,0.95,15511|76123|193740,Hspa1b|Gpsm2|Hspa1a,-0.92
hits,GO Biological Processes,19,GO:2001259,positive regulation of cation channel activity,19_GO:0051179 localization,-2.1,7.5,4.1,21160,47,180,3,1.7,0.95,12296|83814|109676,Cacnb2|Nedd4l|Ank2,-0.92
hits,Reactome Gene Sets,6,R-MMU-449147,Signaling by Interleukins,,-2.1,3.1,3.2,21160,264,180,7,3.9,1.4,14281|16195|16476|16880|18708|20848|231130,Fos|Il6st|Jun|Lifr|Pik3r1|Stat3|Tnip2,-0.91
hits,GO Biological Processes,19,GO:0006650,glycerophospholipid metabolic process,19_GO:0009987 cellular process,-2.1,3.1,3.2,21160,264,180,7,3.9,1.4,14245|18708|18798|28169|52123|56077|269615,Lpin1|Pik3r1|Plcb4|Agpat3|Agpat5|Dgke|Plch2,-0.91
hits,GO Biological Processes,19,GO:0034220,monoatomic ion transmembrane transport,19_GO:0051179 localization,-2.1,2.1,2.9,21160,788,180,14,7.8,2,11740|11928|12296|14173|15165|16500|18798|20273|20614|54652|66694|72961|94220|269615,Slc25a5|Atp1a1|Cacnb2|Fgf2|Hcn1|Kcnb1|Plcb4|Scn8a|Snap25|Cacna1f|Uqcrfs1|Slc17a7|Cnnm4|Plch2,-0.91
hits,GO Biological Processes,19,GO:0051282,regulation of sequestering of calcium ion,19_GO:0042592 homeostatic process,-2.1,4.1,3.5,21160,143,180,5,2.8,1.2,14173|18798|108058|109676|269615,Fgf2|Plcb4|Camk2d|Ank2|Plch2,-0.91
hits,GO Biological Processes,19,GO:0002758,innate immune response-activating signaling pathway,19_GO:0044419 biological process involved in interspecies interaction between organisms,-2.1,4.1,3.5,21160,143,180,5,2.8,1.2,11798|64383|67070|70572|231130,Xiap|Sirt2|Lsm14a|Ipo5|Tnip2,-0.91
hits,GO Biological Processes,19,GO:0006942,regulation of striated muscle contraction,19_GO:0032501 multicellular organismal process,-2.1,5.2,3.7,21160,91,180,4,2.2,1.1,11603|11928|15370|109676,Agrn|Atp1a1|Nr4a1|Ank2,-0.91
hits,GO Biological Processes,19,GO:0060627,regulation of vesicle-mediated transport,19_GO:0051179 localization,-2.1,2.2,2.9,21160,628,180,12,6.7,1.9,12759|14725|16500|18952|20404|20910|22248|64383|72961|83814|108797|232227,Clu|Lrp2|Kcnb1|Septin4|Sh3gl2|Stxbp1|Unc119|Sirt2|Slc17a7|Nedd4l|Mex3b|Iqsec1,-0.91
hits,GO Biological Processes,19,GO:0014013,regulation of gliogenesis,19_GO:0032502 developmental process,-2.1,4.1,3.4,21160,144,180,5,2.8,1.2,14725|16195|19317|64383|217166,Lrp2|Il6st|Qki|Sirt2|Nr1d1,-0.9
hits,GO Biological Processes,19,GO:0001659,temperature homeostasis,19_GO:0042592 homeostatic process,-2.1,7.3,4.1,21160,48,180,3,1.7,0.95,13653|20848|217166,Egr1|Stat3|Nr1d1,-0.9
hits,Reactome Gene Sets,6,R-MMU-9013405,RHOD GTPase cycle,,-2.1,7.3,4.1,21160,48,180,3,1.7,0.95,18708|27360|70361,Pik3r1|Add3|Lman1,-0.9
hits,KEGG Pathway,24,mmu04930,Type II diabetes mellitus - Mus musculus (house mouse),,-2.1,7.3,4.1,21160,48,180,3,1.7,0.95,15275|15277|18708,Hk1|Hk2|Pik3r1,-0.9
hits,KEGG Pathway,24,mmu05032,Morphine addiction - Mus musculus (house mouse),,-2.1,5.1,3.7,21160,92,180,4,2.2,1.1,14688|14693|14695|14699,Gnb1|Gnb2|Gnb3|Gngt1,-0.9
hits,Reactome Gene Sets,6,R-MMU-166166,MyD88-independent TLR4 cascade,,-2.1,5.1,3.7,21160,92,180,4,2.2,1.1,14281|16476|71648|231130,Fos|Jun|Optn|Tnip2,-0.9
hits,GO Biological Processes,19,GO:0051781,positive regulation of cell division,19_GO:0048518 positive regulation of biological process,-2.1,5.1,3.7,21160,92,180,4,2.2,1.1,11789|12223|14173|64383,Apc|Btc|Fgf2|Sirt2,-0.9
hits,Reactome Gene Sets,6,R-MMU-937061,TRIF (TICAM1)-mediated TLR4 signaling,,-2.1,5.1,3.7,21160,92,180,4,2.2,1.1,14281|16476|71648|231130,Fos|Jun|Optn|Tnip2,-0.9
hits,GO Biological Processes,19,GO:0007409,axonogenesis,19_GO:0032502 developmental process,-2.1,2.6,3,21160,405,180,9,5,1.6,11789|14725|17756|20614|20910|22241|54652|114873|269116,Apc|Lrp2|Map2|Snap25|Stxbp1|Ulk1|Cacna1f|Dscaml1|Nfasc,-0.9
hits,GO Biological Processes,19,GO:0046683,response to organophosphorus,19_GO:0050896 response to stimulus,-2.1,4.1,3.4,21160,145,180,5,2.8,1.2,11622|14281|15165|18708|23959,Ahr|Fos|Hcn1|Pik3r1|Nt5e,-0.89
hits,KEGG Pathway,24,mmu05205,Proteoglycans in cancer - Mus musculus (house mouse),,-2.1,3.5,3.3,21160,204,180,6,3.3,1.3,14173|18708|19878|20848|108058|109676,Fgf2|Pik3r1|Rock2|Stat3|Camk2d|Ank2,-0.89
hits,Reactome Gene Sets,6,R-MMU-2262752,Cellular responses to stress,,-2.1,2.4,3,21160,480,180,10,5.6,1.7,14281|15511|16476|17978|19386|22143|58233|103573|108058|193740,Fos|Hspa1b|Jun|Ncoa2|Ranbp2|Tuba1b|Dnaja4|Xpo1|Camk2d|Hspa1a,-0.89
hits,Reactome Gene Sets,6,R-MMU-388396,GPCR downstream signalling,,-2.1,2.3,2.9,21160,556,180,11,6.1,1.8,14685|14688|14693|14695|14699|18708|18798|19878|56077|58175|76123,Gnat1|Gnb1|Gnb2|Gnb3|Gngt1|Pik3r1|Plcb4|Rock2|Dgke|Rgs20|Gpsm2,-0.89
hits,GO Biological Processes,19,GO:0045670,regulation of osteoclast differentiation,19_GO:0002376 immune system process,-2.1,5.1,3.6,21160,93,180,4,2.2,1.1,11789|14281|18708|170826,Apc|Fos|Pik3r1|Ppargc1b,-0.89
hits,GO Biological Processes,19,GO:1901875,positive regulation of post-translational protein modification,19_GO:0048518 positive regulation of biological process,-2.1,4,3.4,21160,146,180,5,2.8,1.2,11798|13653|18952|211770|217410,Xiap|Egr1|Septin4|Trib1|Trib2,-0.88
hits,WikiPathways,27,WP544,Exercise induced circadian regulation,,-2.1,7.2,4,21160,49,180,3,1.7,0.95,19317|217166|353187,Qki|Nr1d1|Nr1d2,-0.88
hits,GO Biological Processes,19,GO:1904029,regulation of cyclin-dependent protein kinase activity,19_GO:0050789 regulation of biological process,-2.1,7.2,4,21160,49,180,3,1.7,0.95,11789|21929|100732,Apc|Tnfaip3|Mapre3,-0.88
hits,GO Biological Processes,19,GO:0031344,regulation of cell projection organization,19_GO:0050789 regulation of biological process,-2.1,2.1,2.8,21160,798,180,14,7.8,2,11426|11603|11789|17756|18011|18708|19317|20393|20614|22241|56392|83814|228357|230872,Macf1|Agrn|Apc|Map2|Neurl1a|Pik3r1|Qki|Sgk1|Snap25|Ulk1|Shoc2|Nedd4l|Lrp4|Crocc,-0.88
hits,GO Biological Processes,19,GO:0005996,monosaccharide metabolic process,19_GO:0009987 cellular process,-2.1,3.4,3.2,21160,206,180,6,3.3,1.3,15275|15277|18640|18641|18708|56421,Hk1|Hk2|Pfkfb2|Pfkl|Pik3r1|Pfkp,-0.88
hits,KEGG Pathway,24,mmu05224,Breast cancer - Mus musculus (house mouse),,-2.1,4,3.4,21160,147,180,5,2.8,1.2,11789|14173|14281|16476|18708,Apc|Fgf2|Fos|Jun|Pik3r1,-0.87
hits,GO Biological Processes,19,GO:0045862,positive regulation of proteolysis,19_GO:0048518 positive regulation of biological process,-2.1,2.8,3.1,21160,339,180,8,4.4,1.5,12759|15511|20848|64383|73916|193740|211770|217410,Clu|Hspa1b|Stat3|Sirt2|Ift57|Hspa1a|Trib1|Trib2,-0.87
hits,GO Biological Processes,19,GO:0007267,cell-cell signaling,19_GO:0050789 regulation of biological process,-2.1,2.1,2.8,21160,719,180,13,7.2,1.9,11603|12296|14173|14685|15370|16561|16647|20614|20848|20910|54725|72961|109676,Agrn|Cacnb2|Fgf2|Gnat1|Nr4a1|Kif1b|Kpna2|Snap25|Stat3|Stxbp1|Cadm1|Slc17a7|Ank2,-0.87
hits,GO Biological Processes,19,GO:0050657,nucleic acid transport,19_GO:0051179 localization,-2.1,4,3.4,21160,148,180,5,2.8,1.2,19317|19386|72416|103573|107829,Qki|Ranbp2|Lrpprc|Xpo1|Thoc5,-0.86
hits,GO Biological Processes,19,GO:0050658,RNA transport,19_GO:0051179 localization,-2.1,4,3.4,21160,148,180,5,2.8,1.2,19317|19386|72416|103573|107829,Qki|Ranbp2|Lrpprc|Xpo1|Thoc5,-0.86
hits,GO Biological Processes,19,GO:0002090,regulation of receptor internalization,19_GO:0051179 localization,-2.1,4.9,3.6,21160,95,180,4,2.2,1.1,20404|64383|83814|232227,Sh3gl2|Sirt2|Nedd4l|Iqsec1,-0.86
hits,WikiPathways,27,WP5051,Na K ATPase Src signaling,,-2.1,4.9,3.6,21160,95,180,4,2.2,1.1,11798|11928|16476|18708,Xiap|Atp1a1|Jun|Pik3r1,-0.86
hits,Reactome Gene Sets,6,R-MMU-8856825,Cargo recognition for clathrin-mediated endocytosis,,-2.1,4.9,3.6,21160,95,180,4,2.2,1.1,12223|14725|20404|56324,Btc|Lrp2|Sh3gl2|Stam2,-0.86
hits,GO Biological Processes,19,GO:0007528,neuromuscular junction development,19_GO:0009987 cellular process,-2.1,7.1,4,21160,50,180,3,1.7,0.95,11603|83814|228357,Agrn|Nedd4l|Lrp4,-0.86
hits,GO Biological Processes,19,GO:0018107,peptidyl-threonine phosphorylation,19_GO:0009987 cellular process,-2.1,7.1,4,21160,50,180,3,1.7,0.95,19878|22241|108058,Rock2|Ulk1|Camk2d,-0.86
hits,GO Biological Processes,19,GO:0032409,regulation of transporter activity,19_GO:0065007 biological regulation,-2.1,3.4,3.2,21160,208,180,6,3.3,1.3,11603|12296|54652|83814|108058|109676,Agrn|Cacnb2|Cacna1f|Nedd4l|Camk2d|Ank2,-0.86
hits,GO Biological Processes,19,GO:0090257,regulation of muscle system process,19_GO:0032501 multicellular organismal process,-2,3,3.1,21160,273,180,7,3.9,1.4,11603|11928|12296|15370|19878|108058|109676,Agrn|Atp1a1|Cacnb2|Nr4a1|Rock2|Camk2d|Ank2,-0.86
hits,KEGG Pathway,24,mmu04072,Phospholipase D signaling pathway - Mus musculus (house mouse),,-2,3.9,3.3,21160,149,180,5,2.8,1.2,18708|18798|28169|52123|56077,Pik3r1|Plcb4|Agpat3|Agpat5|Dgke,-0.86
hits,GO Biological Processes,19,GO:0071383,cellular response to steroid hormone stimulus,19_GO:0050896 response to stimulus,-2,3.9,3.3,21160,149,180,5,2.8,1.2,11928|20393|26380|26381|170826,Atp1a1|Sgk1|Esrrb|Esrrg|Ppargc1b,-0.86
hits,GO Biological Processes,19,GO:0051963,regulation of synapse assembly,19_GO:0032502 developmental process,-2,3.4,3.2,21160,209,180,6,3.3,1.3,11603|18011|18708|20614|228357|232227,Agrn|Neurl1a|Pik3r1|Snap25|Lrp4|Iqsec1,-0.85
hits,GO Biological Processes,19,GO:2001257,regulation of cation channel activity,19_GO:0051179 localization,-2,4.9,3.5,21160,96,180,4,2.2,1.1,12296|54652|83814|109676,Cacnb2|Cacna1f|Nedd4l|Ank2,-0.85
hits,GO Biological Processes,19,GO:0051236,establishment of RNA localization,19_GO:0051179 localization,-2,3.9,3.3,21160,150,180,5,2.8,1.2,19317|19386|72416|103573|107829,Qki|Ranbp2|Lrpprc|Xpo1|Thoc5,-0.85
hits,GO Biological Processes,19,GO:0016049,cell growth,19_GO:0040007 growth,-2,3.9,3.3,21160,150,180,5,2.8,1.2,20404|22241|54725|108058|381022,Sh3gl2|Ulk1|Cadm1|Camk2d|Kmt2d,-0.85
hits,GO Biological Processes,19,GO:0007178,cell surface receptor protein serine/threonine kinase signaling pathway,19_GO:0050896 response to stimulus,-2,3.4,3.2,21160,210,180,6,3.3,1.3,13653|14281|16476|20848|26401|97064,Egr1|Fos|Jun|Stat3|Map3k1|Wwtr1,-0.85
hits,GO Biological Processes,19,GO:2000378,negative regulation of reactive oxygen species metabolic process,19_GO:0048519 negative regulation of biological process,-2,6.9,3.9,21160,51,180,3,1.7,0.95,15277|20848|64383,Hk2|Stat3|Sirt2,-0.84
hits,GO Biological Processes,19,GO:0031111,negative regulation of microtubule polymerization or depolymerization,19_GO:0048519 negative regulation of biological process,-2,6.9,3.9,21160,51,180,3,1.7,0.95,11789|17756|20393,Apc|Map2|Sgk1,-0.84
hits,GO Biological Processes,19,GO:0045638,negative regulation of myeloid cell differentiation,19_GO:0002376 immune system process,-2,4.8,3.5,21160,97,180,4,2.2,1.1,18708|19317|107829|211770,Pik3r1|Qki|Thoc5|Trib1,-0.84
hits,GO Biological Processes,19,GO:1903522,regulation of blood circulation,19_GO:0032501 multicellular organismal process,-2,3,3.1,21160,277,180,7,3.9,1.4,11603|11622|11928|12296|18708|27360|109676,Agrn|Ahr|Atp1a1|Cacnb2|Pik3r1|Add3|Ank2,-0.83
hits,GO Biological Processes,19,GO:0046486,glycerolipid metabolic process,19_GO:0009987 cellular process,-2,2.7,3,21160,346,180,8,4.4,1.5,14245|16195|18708|18798|28169|52123|56077|269615,Lpin1|Il6st|Pik3r1|Plcb4|Agpat3|Agpat5|Dgke|Plch2,-0.83
hits,KEGG Pathway,24,mmu05231,Choline metabolism in cancer - Mus musculus (house mouse),,-2,4.8,3.5,21160,98,180,4,2.2,1.1,14281|16476|18708|56077,Fos|Jun|Pik3r1|Dgke,-0.83
hits,Reactome Gene Sets,6,R-MMU-448424,Interleukin-17 signaling,,-2,6.8,3.9,21160,52,180,3,1.7,0.95,14281|16476|231130,Fos|Jun|Tnip2,-0.83
hits,Reactome Gene Sets,6,R-MMU-450294,MAP kinase activation,,-2,6.8,3.9,21160,52,180,3,1.7,0.95,14281|16476|231130,Fos|Jun|Tnip2,-0.83
hits,GO Biological Processes,19,GO:0010762,regulation of fibroblast migration,19_GO:0040011 locomotion,-2,6.8,3.9,21160,52,180,3,1.7,0.95,11789|14173|52392,Apc|Fgf2|Macir,-0.83
hits,Reactome Gene Sets,6,R-MMU-983189,Kinesins,,-2,6.8,3.9,21160,52,180,3,1.7,0.95,16561|16565|22143,Kif1b|Kif21b|Tuba1b,-0.83
hits,KEGG Pathway,24,mmu00520,Amino sugar and nucleotide sugar metabolism - Mus musculus (house mouse),,-2,6.8,3.9,21160,52,180,3,1.7,0.95,14583|15275|15277,Gfpt1|Hk1|Hk2,-0.83
hits,WikiPathways,27,WP113,TGF beta signaling pathway,,-2,6.8,3.9,21160,52,180,3,1.7,0.95,14281|16476|20848,Fos|Jun|Stat3,-0.83
hits,GO Biological Processes,19,GO:0090276,regulation of peptide hormone secretion,19_GO:0051179 localization,-2,3,3,21160,278,180,7,3.9,1.4,14645|16500|18640|18641|20614|58869|217166,Glul|Kcnb1|Pfkfb2|Pfkl|Snap25|Pex5l|Nr1d1,-0.83
hits_MCODE_ALL,KEGG Pathway,24,mmu04744,Phototransduction - Mus musculus (house mouse),,-15,1.3e+02,31,21160,27,50,8,16,5.2,14685|14688|14699|14913|18587|18588|19739|107477,Gnat1|Gnb1|Gngt1|Guca1a|Pde6b|Pde6g|Rgs9|Guca1b,-11
hits_MCODE_ALL,Reactome Gene Sets,6,R-MMU-2514856,The phototransduction cascade,,-13,1.1e+02,28,21160,27,50,7,14,4.9,14685|14688|14699|14913|18587|18588|107477,Gnat1|Gnb1|Gngt1|Guca1a|Pde6b|Pde6g|Guca1b,-9.6
hits_MCODE_ALL,Reactome Gene Sets,6,R-MMU-2187338,Visual phototransduction,,-12,45,20,21160,85,50,9,18,5.4,14685|14688|14699|14725|14913|17921|18587|18588|107477,Gnat1|Gnb1|Gngt1|Lrp2|Guca1a|Myo7a|Pde6b|Pde6g|Guca1b,-9.6
hits_MCODE_ALL,Reactome Gene Sets,6,R-MMU-2485179,Activation of the phototransduction cascade,,-11,2.6e+02,36,21160,8,50,5,10,4.2,14685|14688|14699|18587|18588,Gnat1|Gnb1|Gngt1|Pde6b|Pde6g,-8.8
hits_MCODE_ALL,Reactome Gene Sets,6,R-MMU-9709957,Sensory Perception,,-11,24,15,21160,173,50,10,20,5.7,14685|14688|14695|14699|14725|14913|17921|18587|18588|107477,Gnat1|Gnb1|Gnb3|Gngt1|Lrp2|Guca1a|Myo7a|Pde6b|Pde6g|Guca1b,-8.5
hits_MCODE_ALL,Reactome Gene Sets,6,R-MMU-2514859,"Inactivation, recovery and regulation of the phototransduction cascade",,-11,98,24,21160,26,50,6,12,4.6,14685|14699|14913|18587|18588|107477,Gnat1|Gngt1|Guca1a|Pde6b|Pde6g|Guca1b,-8
hits_MCODE_ALL,KEGG Pathway,24,mmu04725,Cholinergic synapse - Mus musculus (house mouse),,-9.6,30,15,21160,113,50,8,16,5.2,14281|14688|14693|14695|14699|18708|18798|108058,Fos|Gnb1|Gnb2|Gnb3|Gngt1|Pik3r1|Plcb4|Camk2d,-7.3
hits_MCODE_ALL,Reactome Gene Sets,6,R-MMU-4086398,Ca2+ pathway,,-9,55,18,21160,46,50,6,12,4.6,14688|14693|14695|14699|18587|18588,Gnb1|Gnb2|Gnb3|Gngt1|Pde6b|Pde6g,-6.8
hits_MCODE_ALL,WikiPathways,27,WP385,Myometrial relaxation and contraction pathways,,-8.7,23,13,21160,150,50,8,16,5.2,14281|14688|14693|14695|14699|19739|58175|108058,Fos|Gnb1|Gnb2|Gnb3|Gngt1|Rgs9|Rgs20|Camk2d,-6.5
hits_MCODE_ALL,GO Biological Processes,19,GO:0009583,detection of light stimulus,19_GO:0050896 response to stimulus,-8.5,47,16,21160,54,50,6,12,4.6,14685|14688|14699|14913|18587|107477,Gnat1|Gnb1|Gngt1|Guca1a|Pde6b|Guca1b,-6.4
hits_MCODE_ALL,KEGG Pathway,24,mmu04713,Circadian entrainment - Mus musculus (house mouse),,-8.5,30,14,21160,99,50,7,14,4.9,14281|14688|14693|14695|14699|18798|108058,Fos|Gnb1|Gnb2|Gnb3|Gngt1|Plcb4|Camk2d,-6.4
hits_MCODE_ALL,Reactome Gene Sets,6,R-MMU-8953897,Cellular responses to stimuli,,-8.4,9.4,9.6,21160,543,50,12,24,6,14281|14688|14693|14695|14699|15511|17978|19386|22143|58233|108058|193740,Fos|Gnb1|Gnb2|Gnb3|Gngt1|Hspa1b|Ncoa2|Ranbp2|Tuba1b|Dnaja4|Camk2d|Hspa1a,-6.4
hits_MCODE_ALL,GO Biological Processes,19,GO:0050953,sensory perception of light stimulus,19_GO:0032501 multicellular organismal process,-8.3,20,12,21160,167,50,8,16,5.2,14685|14913|17921|18587|18588|19739|73750|107477,Gnat1|Guca1a|Myo7a|Pde6b|Pde6g|Rgs9|Whrn|Guca1b,-6.2
hits_MCODE_ALL,Reactome Gene Sets,6,R-MMU-70171,Glycolysis,,-8.2,42,16,21160,60,50,6,12,4.6,15275|15277|18640|18641|19386|56421,Hk1|Hk2|Pfkfb2|Pfkl|Ranbp2|Pfkp,-6.2
hits_MCODE_ALL,GO Biological Processes,19,GO:0009416,response to light stimulus,19_GO:0050896 response to stimulus,-8.1,12,10,21160,350,50,10,20,5.7,14281|14685|14688|14699|14913|18587|18708|19739|76123|107477,Fos|Gnat1|Gnb1|Gngt1|Guca1a|Pde6b|Pik3r1|Rgs9|Gpsm2|Guca1b,-6.1
hits_MCODE_ALL,GO Biological Processes,19,GO:0007602,phototransduction,19_GO:0050896 response to stimulus,-8,68,18,21160,31,50,5,10,4.2,14685|14688|14699|14913|107477,Gnat1|Gnb1|Gngt1|Guca1a|Guca1b,-6
hits_MCODE_ALL,Reactome Gene Sets,6,R-MMU-418597,G alpha (z) signalling events,,-8,68,18,21160,31,50,5,10,4.2,14688|14693|14695|14699|58175,Gnb1|Gnb2|Gnb3|Gngt1|Rgs20,-6
hits_MCODE_ALL,Reactome Gene Sets,6,R-MMU-9009391,Extra-nuclear estrogen signaling,,-8,38,15,21160,66,50,6,12,4.6,12223|14688|14693|14695|14699|18708,Btc|Gnb1|Gnb2|Gnb3|Gngt1|Pik3r1,-6
hits_MCODE_ALL,KEGG Pathway,24,mmu04066,HIF-1 signaling pathway - Mus musculus (house mouse),,-8,25,13,21160,117,50,7,14,4.9,15275|15277|18641|18708|20848|56421|108058,Hk1|Hk2|Pfkl|Pik3r1|Stat3|Pfkp|Camk2d,-6
hits_MCODE_ALL,GO Biological Processes,19,GO:0009314,response to radiation,19_GO:0050896 response to stimulus,-7.9,9.7,9.4,21160,478,50,11,22,5.9,14281|14685|14688|14699|14725|14913|18587|18708|19739|76123|107477,Fos|Gnat1|Gnb1|Gngt1|Lrp2|Guca1a|Pde6b|Pik3r1|Rgs9|Gpsm2|Guca1b,-5.9
hits_MCODE_ALL,Reactome Gene Sets,6,R-MMU-70326,Glucose metabolism,,-7.9,37,14,21160,69,50,6,12,4.6,15275|15277|18640|18641|19386|56421,Hk1|Hk2|Pfkfb2|Pfkl|Ranbp2|Pfkp,-5.9
hits_MCODE_ALL,KEGG Pathway,24,mmu00051,Fructose and mannose metabolism - Mus musculus (house mouse),,-7.7,59,17,21160,36,50,5,10,4.2,15275|15277|18640|18641|56421,Hk1|Hk2|Pfkfb2|Pfkl|Pfkp,-5.7
hits_MCODE_ALL,KEGG Pathway,24,mmu04926,Relaxin signaling pathway - Mus musculus (house mouse),,-7.6,23,12,21160,130,50,7,14,4.9,14281|14688|14693|14695|14699|18708|18798,Fos|Gnb1|Gnb2|Gnb3|Gngt1|Pik3r1|Plcb4,-5.7
hits_MCODE_ALL,KEGG Pathway,24,mmu04728,Dopaminergic synapse - Mus musculus (house mouse),,-7.5,22,12,21160,136,50,7,14,4.9,14281|14688|14693|14695|14699|18798|108058,Fos|Gnb1|Gnb2|Gnb3|Gngt1|Plcb4|Camk2d,-5.5
hits_MCODE_ALL,GO Biological Processes,19,GO:0009582,detection of abiotic stimulus,19_GO:0050896 response to stimulus,-7.3,21,11,21160,144,50,7,14,4.9,14685|14688|14699|14913|18587|73750|107477,Gnat1|Gnb1|Gngt1|Guca1a|Pde6b|Whrn|Guca1b,-5.4
hits_MCODE_ALL,WikiPathways,27,WP553,Calcium regulation in cardiac cells,,-7.3,20,11,21160,145,50,7,14,4.9,14688|14693|14695|14699|19739|58175|108058,Gnb1|Gnb2|Gnb3|Gngt1|Rgs9|Rgs20|Camk2d,-5.4
hits_MCODE_ALL,GO Biological Processes,19,GO:0009581,detection of external stimulus,19_GO:0050896 response to stimulus,-7.3,20,11,21160,145,50,7,14,4.9,14685|14688|14699|14913|18587|73750|107477,Gnat1|Gnb1|Gngt1|Guca1a|Pde6b|Whrn|Guca1b,-5.4
hits_MCODE_ALL,GO Biological Processes,19,GO:0006002,fructose 6-phosphate metabolic process,19_GO:0009987 cellular process,-7.3,1.1e+02,20,21160,16,50,4,8,3.8,15275|15277|18641|56421,Hk1|Hk2|Pfkl|Pfkp,-5.4
hits_MCODE_ALL,KEGG Pathway,24,mmu05167,Kaposi sarcoma-associated herpesvirus infection - Mus musculus (house mouse),,-7.3,15,10,21160,223,50,8,16,5.2,14173|14281|14688|14693|14695|14699|18708|20848,Fgf2|Fos|Gnb1|Gnb2|Gnb3|Gngt1|Pik3r1|Stat3,-5.4
hits_MCODE_ALL,Reactome Gene Sets,6,R-MMU-8939211,ESR-mediated signaling,,-7.2,19,11,21160,153,50,7,14,4.9,12223|14688|14693|14695|14699|17978|18708,Btc|Gnb1|Gnb2|Gnb3|Gngt1|Ncoa2|Pik3r1,-5.2
hits_MCODE_ALL,Reactome Gene Sets,6,R-MMU-8964315,G beta:gamma signalling through BTK,,-7.1,94,19,21160,18,50,4,8,3.8,14688|14693|14695|14699,Gnb1|Gnb2|Gnb3|Gngt1,-5.2
hits_MCODE_ALL,Reactome Gene Sets,6,R-MMU-8964616,G beta:gamma signalling through CDC42,,-7,89,19,21160,19,50,4,8,3.8,14688|14693|14695|14699,Gnb1|Gnb2|Gnb3|Gngt1,-5.1
hits_MCODE_ALL,Reactome Gene Sets,6,R-MMU-392851,Prostacyclin signalling through prostacyclin receptor,,-7,89,19,21160,19,50,4,8,3.8,14688|14693|14695|14699,Gnb1|Gnb2|Gnb3|Gngt1,-5.1
hits_MCODE_ALL,GO Biological Processes,19,GO:0007601,visual perception,19_GO:0032501 multicellular organismal process,-7,18,11,21160,163,50,7,14,4.9,14685|14913|17921|18587|18588|19739|107477,Gnat1|Guca1a|Myo7a|Pde6b|Pde6g|Rgs9|Guca1b,-5
hits_MCODE_ALL,Reactome Gene Sets,6,R-MMU-418217,G beta:gamma signalling through PLC beta,,-6.9,85,18,21160,20,50,4,8,3.8,14688|14693|14695|14699,Gnb1|Gnb2|Gnb3|Gngt1,-5
hits_MCODE_ALL,Reactome Gene Sets,6,R-MMU-500657,Presynaptic function of Kainate receptors,,-6.8,81,18,21160,21,50,4,8,3.8,14688|14693|14695|14699,Gnb1|Gnb2|Gnb3|Gngt1,-4.9
hits_MCODE_ALL,GO Biological Processes,19,GO:0006096,glycolytic process,19_GO:0009987 cellular process,-6.8,39,14,21160,54,50,5,10,4.2,15275|15277|18640|18641|56421,Hk1|Hk2|Pfkfb2|Pfkl|Pfkp,-4.9
hits_MCODE_ALL,WikiPathways,27,WP2292,Chemokine signaling pathway,,-6.7,17,10,21160,178,50,7,14,4.9,14688|14693|14695|14699|18708|18798|20848,Gnb1|Gnb2|Gnb3|Gngt1|Pik3r1|Plcb4|Stat3,-4.8
hits_MCODE_ALL,Reactome Gene Sets,6,R-MMU-400042,"Adrenaline,noradrenaline inhibits insulin secretion",,-6.7,77,17,21160,22,50,4,8,3.8,14688|14693|14695|14699,Gnb1|Gnb2|Gnb3|Gngt1,-4.8
hits_MCODE_ALL,Reactome Gene Sets,6,R-MMU-392170,ADP signalling through P2Y purinoceptor 12,,-6.7,77,17,21160,22,50,4,8,3.8,14688|14693|14695|14699,Gnb1|Gnb2|Gnb3|Gngt1,-4.8
hits_MCODE_ALL,Reactome Gene Sets,6,R-MMU-418594,G alpha (i) signalling events,,-6.7,13,9.3,21160,269,50,8,16,5.2,14685|14688|14693|14695|14699|18798|58175|76123,Gnat1|Gnb1|Gnb2|Gnb3|Gngt1|Plcb4|Rgs20|Gpsm2,-4.8
hits_MCODE_ALL,Reactome Gene Sets,6,R-MMU-202040,G-protein activation,,-6.6,74,17,21160,23,50,4,8,3.8,14688|14693|14695|14699,Gnb1|Gnb2|Gnb3|Gngt1,-4.7
hits_MCODE_ALL,Reactome Gene Sets,6,R-MMU-3858494,Beta-catenin independent WNT signaling,,-6.6,23,11,21160,111,50,6,12,4.6,14688|14693|14695|14699|18587|18588,Gnb1|Gnb2|Gnb3|Gngt1|Pde6b|Pde6g,-4.7
hits_MCODE_ALL,GO Biological Processes,19,GO:0046032,ADP catabolic process,19_GO:0009987 cellular process,-6.6,36,13,21160,58,50,5,10,4.2,15275|15277|18640|18641|56421,Hk1|Hk2|Pfkfb2|Pfkl|Pfkp,-4.7
hits_MCODE_ALL,Reactome Gene Sets,6,R-MMU-428930,Thromboxane signalling through TP receptor,,-6.5,71,17,21160,24,50,4,8,3.8,14688|14693|14695|14699,Gnb1|Gnb2|Gnb3|Gngt1,-4.7
hits_MCODE_ALL,Reactome Gene Sets,6,R-MMU-418592,ADP signalling through P2Y purinoceptor 1,,-6.5,68,16,21160,25,50,4,8,3.8,14688|14693|14695|14699,Gnb1|Gnb2|Gnb3|Gngt1,-4.6
hits_MCODE_ALL,Reactome Gene Sets,6,R-MMU-392451,G beta:gamma signalling through PI3Kgamma,,-6.5,68,16,21160,25,50,4,8,3.8,14688|14693|14695|14699,Gnb1|Gnb2|Gnb3|Gngt1,-4.6
hits_MCODE_ALL,KEGG Pathway,24,mmu04062,Chemokine signaling pathway - Mus musculus (house mouse),,-6.5,15,9.7,21160,193,50,7,14,4.9,14688|14693|14695|14699|18708|18798|20848,Gnb1|Gnb2|Gnb3|Gngt1|Pik3r1|Plcb4|Stat3,-4.6
hits_MCODE_ALL,GO Biological Processes,19,GO:0019364,pyridine nucleotide catabolic process,19_GO:0009987 cellular process,-6.5,34,13,21160,62,50,5,10,4.2,15275|15277|18640|18641|56421,Hk1|Hk2|Pfkfb2|Pfkl|Pfkp,-4.6
hits_MCODE_ALL,GO Biological Processes,19,GO:0009137,purine nucleoside diphosphate catabolic process,19_GO:0009987 cellular process,-6.5,34,13,21160,62,50,5,10,4.2,15275|15277|18640|18641|56421,Hk1|Hk2|Pfkfb2|Pfkl|Pfkp,-4.6
hits_MCODE_ALL,GO Biological Processes,19,GO:0009181,purine ribonucleoside diphosphate catabolic process,19_GO:0009987 cellular process,-6.5,34,13,21160,62,50,5,10,4.2,15275|15277|18640|18641|56421,Hk1|Hk2|Pfkfb2|Pfkl|Pfkp,-4.6
hits_MCODE_ALL,KEGG Pathway,24,mmu04919,Thyroid hormone signaling pathway - Mus musculus (house mouse),,-6.4,21,11,21160,120,50,6,12,4.6,17978|18640|18641|18708|18798|56421,Ncoa2|Pfkfb2|Pfkl|Pik3r1|Plcb4|Pfkp,-4.6
hits_MCODE_ALL,GO Biological Processes,19,GO:0046031,ADP metabolic process,19_GO:0009987 cellular process,-6.4,34,13,21160,63,50,5,10,4.2,15275|15277|18640|18641|56421,Hk1|Hk2|Pfkfb2|Pfkl|Pfkp,-4.6
hits_MCODE_ALL,Reactome Gene Sets,6,R-MMU-416476,G alpha (q) signalling events,,-6.4,15,9.6,21160,197,50,7,14,4.9,14688|14693|14695|14699|18708|18798|56077,Gnb1|Gnb2|Gnb3|Gngt1|Pik3r1|Plcb4|Dgke,-4.6
hits_MCODE_ALL,Reactome Gene Sets,6,R-MMU-9634597,GPER1 signaling,,-6.4,65,16,21160,26,50,4,8,3.8,14688|14693|14695|14699,Gnb1|Gnb2|Gnb3|Gngt1,-4.6
hits_MCODE_ALL,GO Biological Processes,19,GO:0006007,glucose catabolic process,19_GO:0009987 cellular process,-6.4,65,16,21160,26,50,4,8,3.8,15275|18640|18641|56421,Hk1|Pfkfb2|Pfkl|Pfkp,-4.6
hits_MCODE_ALL,Reactome Gene Sets,6,R-MMU-9006931,Signaling by Nuclear Receptors,,-6.3,15,9.5,21160,203,50,7,14,4.9,12223|14688|14693|14695|14699|17978|18708,Btc|Gnb1|Gnb2|Gnb3|Gngt1|Ncoa2|Pik3r1,-4.5
hits_MCODE_ALL,GO Biological Processes,19,GO:0072526,pyridine-containing compound catabolic process,19_GO:0009987 cellular process,-6.3,32,12,21160,66,50,5,10,4.2,15275|15277|18640|18641|56421,Hk1|Hk2|Pfkfb2|Pfkl|Pfkp,-4.5
hits_MCODE_ALL,GO Biological Processes,19,GO:0009191,ribonucleoside diphosphate catabolic process,19_GO:0009987 cellular process,-6.3,32,12,21160,66,50,5,10,4.2,15275|15277|18640|18641|56421,Hk1|Hk2|Pfkfb2|Pfkl|Pfkp,-4.5
hits_MCODE_ALL,KEGG Pathway,24,mmu05200,Pathways in cancer - Mus musculus (house mouse),,-6.3,7.7,7.8,21160,548,50,10,20,5.7,14173|14281|14688|14693|14695|14699|18708|18798|20848|108058,Fgf2|Fos|Gnb1|Gnb2|Gnb3|Gngt1|Pik3r1|Plcb4|Stat3|Camk2d,-4.5
hits_MCODE_ALL,Reactome Gene Sets,6,R-MMU-111885,Opioid Signalling,,-6.3,32,12,21160,67,50,5,10,4.2,14688|14693|14695|14699|18798,Gnb1|Gnb2|Gnb3|Gngt1|Plcb4,-4.4
hits_MCODE_ALL,Reactome Gene Sets,6,R-MMU-997272,Inhibition  of voltage gated Ca2+ channels via Gbeta/gamma subunits,,-6.3,60,15,21160,28,50,4,8,3.8,14688|14693|14695|14699,Gnb1|Gnb2|Gnb3|Gngt1,-4.4
hits_MCODE_ALL,Reactome Gene Sets,6,R-MMU-1296041,Activation of G protein gated Potassium channels,,-6.3,60,15,21160,28,50,4,8,3.8,14688|14693|14695|14699,Gnb1|Gnb2|Gnb3|Gngt1,-4.4
hits_MCODE_ALL,Reactome Gene Sets,6,R-MMU-1296059,G protein gated Potassium channels,,-6.3,60,15,21160,28,50,4,8,3.8,14688|14693|14695|14699,Gnb1|Gnb2|Gnb3|Gngt1,-4.4
hits_MCODE_ALL,GO Biological Processes,19,GO:0009134,nucleoside diphosphate catabolic process,19_GO:0009987 cellular process,-6.3,31,12,21160,68,50,5,10,4.2,15275|15277|18640|18641|56421,Hk1|Hk2|Pfkfb2|Pfkl|Pfkp,-4.4
hits_MCODE_ALL,Reactome Gene Sets,6,R-MMU-388396,GPCR downstream signalling,,-6.2,7.6,7.7,21160,556,50,10,20,5.7,14685|14688|14693|14695|14699|18708|18798|56077|58175|76123,Gnat1|Gnb1|Gnb2|Gnb3|Gngt1|Pik3r1|Plcb4|Dgke|Rgs20|Gpsm2,-4.4
hits_MCODE_ALL,KEGG Pathway,24,mmu05230,Central carbon metabolism in cancer - Mus musculus (house mouse),,-6.2,31,12,21160,69,50,5,10,4.2,15275|15277|18641|18708|56421,Hk1|Hk2|Pfkl|Pik3r1|Pfkp,-4.4
hits_MCODE_ALL,GO Biological Processes,19,GO:0007423,sensory organ development,19_GO:0032502 developmental process,-6.2,6.6,7.3,21160,710,50,11,22,5.9,14173|14281|14685|14688|14699|17921|18587|20848|26380|73750|238021,Fgf2|Fos|Gnat1|Gnb1|Gngt1|Myo7a|Pde6b|Stat3|Esrrb|Whrn|Fscn2,-4.4
hits_MCODE_ALL,GO Biological Processes,19,GO:0009179,purine ribonucleoside diphosphate metabolic process,19_GO:0009987 cellular process,-6.2,30,12,21160,70,50,5,10,4.2,15275|15277|18640|18641|56421,Hk1|Hk2|Pfkfb2|Pfkl|Pfkp,-4.4
hits_MCODE_ALL,GO Biological Processes,19,GO:0009135,purine nucleoside diphosphate metabolic process,19_GO:0009987 cellular process,-6.2,30,12,21160,70,50,5,10,4.2,15275|15277|18640|18641|56421,Hk1|Hk2|Pfkfb2|Pfkl|Pfkp,-4.4
hits_MCODE_ALL,Reactome Gene Sets,6,R-MMU-432040,Vasopressin regulates renal water homeostasis via Aquaporins,,-6.1,56,15,21160,30,50,4,8,3.8,14688|14693|14695|14699,Gnb1|Gnb2|Gnb3|Gngt1,-4.3
hits_MCODE_ALL,Reactome Gene Sets,6,R-MMU-451326,Activation of kainate receptors upon glutamate binding,,-6.1,56,15,21160,30,50,4,8,3.8,14688|14693|14695|14699,Gnb1|Gnb2|Gnb3|Gngt1,-4.3
hits_MCODE_ALL,KEGG Pathway,24,mmu04915,Estrogen signaling pathway - Mus musculus (house mouse),,-6.1,19,10,21160,134,50,6,12,4.6,14281|15511|17978|18708|18798|193740,Fos|Hspa1b|Ncoa2|Pik3r1|Plcb4|Hspa1a,-4.3
hits_MCODE_ALL,KEGG Pathway,24,mmu05417,Lipid and atherosclerosis - Mus musculus (house mouse),,-6.1,14,9.1,21160,217,50,7,14,4.9,14281|15511|18708|18798|20848|108058|193740,Fos|Hspa1b|Pik3r1|Plcb4|Stat3|Camk2d|Hspa1a,-4.3
hits_MCODE_ALL,Reactome Gene Sets,6,R-MMU-397795,G-protein beta:gamma signalling,,-6.1,55,15,21160,31,50,4,8,3.8,14688|14693|14695|14699,Gnb1|Gnb2|Gnb3|Gngt1,-4.3
hits_MCODE_ALL,Reactome Gene Sets,6,R-MMU-381676,Glucagon-like Peptide-1 (GLP1) regulates insulin secretion,,-6.1,55,15,21160,31,50,4,8,3.8,14688|14693|14695|14699,Gnb1|Gnb2|Gnb3|Gngt1,-4.3
hits_MCODE_ALL,KEGG Pathway,24,mmu00052,Galactose metabolism - Mus musculus (house mouse),,-6,53,14,21160,32,50,4,8,3.8,15275|15277|18641|56421,Hk1|Hk2|Pfkl|Pfkp,-4.2
hits_MCODE_ALL,Reactome Gene Sets,6,R-MMU-456926,Thrombin signalling through proteinase activated receptors (PARs),,-6,53,14,21160,32,50,4,8,3.8,14688|14693|14695|14699,Gnb1|Gnb2|Gnb3|Gngt1,-4.2
hits_MCODE_ALL,Reactome Gene Sets,6,R-MMU-372790,Signaling by GPCR,,-6,7.2,7.4,21160,589,50,10,20,5.7,14685|14688|14693|14695|14699|18708|18798|56077|58175|76123,Gnat1|Gnb1|Gnb2|Gnb3|Gngt1|Pik3r1|Plcb4|Dgke|Rgs20|Gpsm2,-4.2
hits_MCODE_ALL,Reactome Gene Sets,6,R-MMU-392518,Signal amplification,,-6,51,14,21160,33,50,4,8,3.8,14688|14693|14695|14699,Gnb1|Gnb2|Gnb3|Gngt1,-4.2
hits_MCODE_ALL,Reactome Gene Sets,6,R-MMU-420092,Glucagon-type ligand receptors,,-6,51,14,21160,33,50,4,8,3.8,14688|14693|14695|14699,Gnb1|Gnb2|Gnb3|Gngt1,-4.2
hits_MCODE_ALL,GO Biological Processes,19,GO:0006006,glucose metabolic process,19_GO:0009987 cellular process,-5.9,17,9.7,21160,146,50,6,12,4.6,15275|15277|18640|18641|18708|56421,Hk1|Hk2|Pfkfb2|Pfkl|Pik3r1|Pfkp,-4.1
hits_MCODE_ALL,Reactome Gene Sets,6,R-MMU-1296065,Inwardly rectifying K+ channels,,-5.9,50,14,21160,34,50,4,8,3.8,14688|14693|14695|14699,Gnb1|Gnb2|Gnb3|Gngt1,-4.1
hits_MCODE_ALL,GO Biological Processes,19,GO:0006090,pyruvate metabolic process,19_GO:0009987 cellular process,-5.8,26,11,21160,82,50,5,10,4.2,15275|15277|18640|18641|56421,Hk1|Hk2|Pfkfb2|Pfkl|Pfkp,-4.1
hits_MCODE_ALL,GO Biological Processes,19,GO:0009185,ribonucleoside diphosphate metabolic process,19_GO:0009987 cellular process,-5.8,26,11,21160,82,50,5,10,4.2,15275|15277|18640|18641|56421,Hk1|Hk2|Pfkfb2|Pfkl|Pfkp,-4.1
hits_MCODE_ALL,Reactome Gene Sets,6,R-MMU-6814122,Cooperation of PDCL (PhLP1) and TRiC/CCT in G-protein beta folding,,-5.8,47,13,21160,36,50,4,8,3.8,14688|14693|14695|14699,Gnb1|Gnb2|Gnb3|Gngt1,-4
hits_MCODE_ALL,Reactome Gene Sets,6,R-MMU-391251,Protein folding,,-5.8,46,13,21160,37,50,4,8,3.8,14688|14693|14695|14699,Gnb1|Gnb2|Gnb3|Gngt1,-4
hits_MCODE_ALL,Reactome Gene Sets,6,R-MMU-445717,Aquaporin-mediated transport,,-5.8,46,13,21160,37,50,4,8,3.8,14688|14693|14695|14699,Gnb1|Gnb2|Gnb3|Gngt1,-4
hits_MCODE_ALL,Reactome Gene Sets,6,R-MMU-390466,Chaperonin-mediated protein folding,,-5.8,46,13,21160,37,50,4,8,3.8,14688|14693|14695|14699,Gnb1|Gnb2|Gnb3|Gngt1,-4
hits_MCODE_ALL,GO Biological Processes,19,GO:0009132,nucleoside diphosphate metabolic process,19_GO:0009987 cellular process,-5.7,24,11,21160,87,50,5,10,4.2,15275|15277|18640|18641|56421,Hk1|Hk2|Pfkfb2|Pfkl|Pfkp,-4
hits_MCODE_ALL,KEGG Pathway,24,mmu05163,Human cytomegalovirus infection - Mus musculus (house mouse),,-5.7,12,8.3,21160,254,50,7,14,4.9,14688|14693|14695|14699|18708|18798|20848,Gnb1|Gnb2|Gnb3|Gngt1|Pik3r1|Plcb4|Stat3,-3.9
hits_MCODE_ALL,Reactome Gene Sets,6,R-MMU-977444,GABA B receptor activation,,-5.6,42,13,21160,40,50,4,8,3.8,14688|14693|14695|14699,Gnb1|Gnb2|Gnb3|Gngt1,-3.9
hits_MCODE_ALL,Reactome Gene Sets,6,R-MMU-991365,Activation of GABAB receptors,,-5.6,42,13,21160,40,50,4,8,3.8,14688|14693|14695|14699,Gnb1|Gnb2|Gnb3|Gngt1,-3.9
hits_MCODE_ALL,GO Biological Processes,19,GO:0009154,purine ribonucleotide catabolic process,19_GO:0009987 cellular process,-5.6,23,10,21160,92,50,5,10,4.2,15275|15277|18640|18641|56421,Hk1|Hk2|Pfkfb2|Pfkl|Pfkp,-3.9
hits_MCODE_ALL,GO Biological Processes,19,GO:0046034,ATP metabolic process,19_GO:0009987 cellular process,-5.5,15,8.9,21160,169,50,6,12,4.6,15275|15277|15511|18640|18641|56421,Hk1|Hk2|Hspa1b|Pfkfb2|Pfkl|Pfkp,-3.8
hits_MCODE_ALL,GO Biological Processes,19,GO:0019320,hexose catabolic process,19_GO:0009987 cellular process,-5.5,38,12,21160,44,50,4,8,3.8,15275|18640|18641|56421,Hk1|Pfkfb2|Pfkl|Pfkp,-3.7
hits_MCODE_ALL,Reactome Gene Sets,6,R-MMU-9856530,High laminar flow shear stress activates signaling by PIEZO1 and PECAM1:CDH5:KDR in endothelial cells,,-5.4,38,12,21160,45,50,4,8,3.8,14688|14693|14695|14699,Gnb1|Gnb2|Gnb3|Gngt1,-3.7
hits_MCODE_ALL,GO Biological Processes,19,GO:0009261,ribonucleotide catabolic process,19_GO:0009987 cellular process,-5.4,21,9.8,21160,101,50,5,10,4.2,15275|15277|18640|18641|56421,Hk1|Hk2|Pfkfb2|Pfkl|Pfkp,-3.7
hits_MCODE_ALL,GO Biological Processes,19,GO:0019318,hexose metabolic process,19_GO:0009987 cellular process,-5.4,14,8.5,21160,182,50,6,12,4.6,15275|15277|18640|18641|18708|56421,Hk1|Hk2|Pfkfb2|Pfkl|Pik3r1|Pfkp,-3.6
hits_MCODE_ALL,Reactome Gene Sets,6,R-MMU-177929,Signaling by EGFR,,-5.3,36,12,21160,47,50,4,8,3.8,12223|18708|20404|56324,Btc|Pik3r1|Sh3gl2|Stam2,-3.6
hits_MCODE_ALL,GO Biological Processes,19,GO:0046365,monosaccharide catabolic process,19_GO:0009987 cellular process,-5.3,36,12,21160,47,50,4,8,3.8,15275|18640|18641|56421,Hk1|Pfkfb2|Pfkl|Pfkp,-3.6
hits_MCODE_ALL,GO Biological Processes,19,GO:0006195,purine nucleotide catabolic process,19_GO:0009987 cellular process,-5.3,20,9.6,21160,104,50,5,10,4.2,15275|15277|18640|18641|56421,Hk1|Hk2|Pfkfb2|Pfkl|Pfkp,-3.6
hits_MCODE_ALL,WikiPathways,27,WP157,Glycolysis and gluconeogenesis,,-5.3,35,11,21160,49,50,4,8,3.8,15275|15277|18641|56421,Hk1|Hk2|Pfkl|Pfkp,-3.6
hits_MCODE_ALL,KEGG Pathway,24,mmu04973,Carbohydrate digestion and absorption - Mus musculus (house mouse),,-5.3,35,11,21160,49,50,4,8,3.8,15275|15277|18708|18798,Hk1|Hk2|Pik3r1|Plcb4,-3.6
hits_MCODE_ALL,Reactome Gene Sets,6,R-MMU-3371497,HSP90 chaperone cycle for steroid hormone receptors (SHR) in the presence of ligand,,-5.2,34,11,21160,50,50,4,8,3.8,15511|22143|58233|193740,Hspa1b|Tuba1b|Dnaja4|Hspa1a,-3.5
hits_MCODE_ALL,GO Biological Processes,19,GO:0009205,purine ribonucleoside triphosphate metabolic process,19_GO:0009987 cellular process,-5.2,13,8.2,21160,194,50,6,12,4.6,15275|15277|15511|18640|18641|56421,Hk1|Hk2|Hspa1b|Pfkfb2|Pfkl|Pfkp,-3.5
hits_MCODE_ALL,GO Biological Processes,19,GO:0009199,ribonucleoside triphosphate metabolic process,19_GO:0009987 cellular process,-5.1,13,8.1,21160,201,50,6,12,4.6,15275|15277|15511|18640|18641|56421,Hk1|Hk2|Hspa1b|Pfkfb2|Pfkl|Pfkp,-3.4
hits_MCODE_ALL,GO Biological Processes,19,GO:0009144,purine nucleoside triphosphate metabolic process,19_GO:0009987 cellular process,-5.1,13,8,21160,202,50,6,12,4.6,15275|15277|15511|18640|18641|56421,Hk1|Hk2|Hspa1b|Pfkfb2|Pfkl|Pfkp,-3.4
hits_MCODE_ALL,KEGG Pathway,24,mmu04724,Glutamatergic synapse - Mus musculus (house mouse),,-5.1,18,9.1,21160,116,50,5,10,4.2,14688|14693|14695|14699|18798,Gnb1|Gnb2|Gnb3|Gngt1|Plcb4,-3.4
hits_MCODE_ALL,GO Biological Processes,19,GO:0005996,monosaccharide metabolic process,19_GO:0009987 cellular process,-5.1,12,8,21160,206,50,6,12,4.6,15275|15277|18640|18641|18708|56421,Hk1|Hk2|Pfkfb2|Pfkl|Pik3r1|Pfkp,-3.4
hits_MCODE_ALL,Reactome Gene Sets,6,R-MMU-977443,GABA receptor activation,,-5,30,11,21160,56,50,4,8,3.8,14688|14693|14695|14699,Gnb1|Gnb2|Gnb3|Gngt1,-3.3
hits_MCODE_ALL,Reactome Gene Sets,6,R-MMU-373080,Class B/2 (Secretin family receptors),,-5,30,11,21160,56,50,4,8,3.8,14688|14693|14695|14699,Gnb1|Gnb2|Gnb3|Gngt1,-3.3
hits_MCODE_ALL,GO Biological Processes,19,GO:0061718,glucose catabolic process to pyruvate,19_GO:0009987 cellular process,-5,71,14,21160,18,50,3,6,3.4,15275|18641|56421,Hk1|Pfkl|Pfkp,-3.3
hits_MCODE_ALL,GO Biological Processes,19,GO:0006735,NADH regeneration,19_GO:0009987 cellular process,-5,71,14,21160,18,50,3,6,3.4,15275|18641|56421,Hk1|Pfkl|Pfkp,-3.3
hits_MCODE_ALL,GO Biological Processes,19,GO:0061621,canonical glycolysis,19_GO:0009987 cellular process,-5,71,14,21160,18,50,3,6,3.4,15275|18641|56421,Hk1|Pfkl|Pfkp,-3.3
hits_MCODE_ALL,GO Biological Processes,19,GO:0009642,response to light intensity,19_GO:0050896 response to stimulus,-5,71,14,21160,18,50,3,6,3.4,14685|19739|76123,Gnat1|Rgs9|Gpsm2,-3.3
hits_MCODE_ALL,WikiPathways,27,WP2841,Focal adhesion PI3K Akt mTOR signaling pathway,,-5,9.2,7.2,21160,322,50,7,14,4.9,14173|14688|14693|14695|14699|18640|18708,Fgf2|Gnb1|Gnb2|Gnb3|Gngt1|Pfkfb2|Pik3r1,-3.3
hits_MCODE_ALL,GO Biological Processes,19,GO:1901136,carbohydrate derivative catabolic process,19_GO:0009987 cellular process,-5,12,7.8,21160,211,50,6,12,4.6,14173|15275|15277|18640|18641|56421,Fgf2|Hk1|Hk2|Pfkfb2|Pfkl|Pfkp,-3.3
hits_MCODE_ALL,GO Biological Processes,19,GO:0009166,nucleotide catabolic process,19_GO:0009987 cellular process,-5,17,8.8,21160,122,50,5,10,4.2,15275|15277|18640|18641|56421,Hk1|Hk2|Pfkfb2|Pfkl|Pfkp,-3.3
hits_MCODE_ALL,GO Biological Processes,19,GO:0072523,purine-containing compound catabolic process,19_GO:0009987 cellular process,-5,17,8.8,21160,123,50,5,10,4.2,15275|15277|18640|18641|56421,Hk1|Hk2|Pfkfb2|Pfkl|Pfkp,-3.3
hits_MCODE_ALL,GO Biological Processes,19,GO:0016052,carbohydrate catabolic process,19_GO:0009987 cellular process,-5,17,8.7,21160,124,50,5,10,4.2,15275|15277|18640|18641|56421,Hk1|Hk2|Pfkfb2|Pfkl|Pfkp,-3.3
hits_MCODE_ALL,Reactome Gene Sets,6,R-MMU-195721,Signaling by WNT,,-5,12,7.8,21160,214,50,6,12,4.6,14688|14693|14695|14699|18587|18588,Gnb1|Gnb2|Gnb3|Gngt1|Pde6b|Pde6g,-3.3
hits_MCODE_ALL,Reactome Gene Sets,6,R-MMU-422356,Regulation of insulin secretion,,-4.9,29,10,21160,59,50,4,8,3.8,14688|14693|14695|14699,Gnb1|Gnb2|Gnb3|Gngt1,-3.3
hits_MCODE_ALL,GO Biological Processes,19,GO:0009141,nucleoside triphosphate metabolic process,19_GO:0009987 cellular process,-4.9,12,7.7,21160,218,50,6,12,4.6,15275|15277|15511|18640|18641|56421,Hk1|Hk2|Hspa1b|Pfkfb2|Pfkl|Pfkp,-3.2
hits_MCODE_ALL,GO Biological Processes,19,GO:0046496,nicotinamide nucleotide metabolic process,19_GO:0009987 cellular process,-4.9,17,8.6,21160,128,50,5,10,4.2,15275|15277|18640|18641|56421,Hk1|Hk2|Pfkfb2|Pfkl|Pfkp,-3.2
hits_MCODE_ALL,GO Biological Processes,19,GO:0019362,pyridine nucleotide metabolic process,19_GO:0009987 cellular process,-4.9,17,8.6,21160,128,50,5,10,4.2,15275|15277|18640|18641|56421,Hk1|Hk2|Pfkfb2|Pfkl|Pfkp,-3.2
hits_MCODE_ALL,Reactome Gene Sets,6,R-MMU-6806834,Signaling by MET,,-4.9,27,10,21160,62,50,4,8,3.8,18708|20404|20848|56324,Pik3r1|Sh3gl2|Stat3|Stam2,-3.2
hits_MCODE_ALL,GO Biological Processes,19,GO:0034655,nucleobase-containing compound catabolic process,19_GO:0009987 cellular process,-4.8,8.7,7,21160,341,50,7,14,4.9,15275|15277|15511|18640|18641|56421|193740,Hk1|Hk2|Hspa1b|Pfkfb2|Pfkl|Pfkp|Hspa1a,-3.2
hits_MCODE_ALL,Reactome Gene Sets,6,R-MMU-9833482,PKR-mediated signaling,,-4.8,27,10,21160,63,50,4,8,3.8,15511|20848|22143|193740,Hspa1b|Stat3|Tuba1b|Hspa1a,-3.2
hits_MCODE_ALL,Reactome Gene Sets,6,R-MMU-913531,Interferon Signaling,,-4.8,16,8.4,21160,133,50,5,10,4.2,15511|20848|22143|108058|193740,Hspa1b|Stat3|Tuba1b|Camk2d|Hspa1a,-3.2
hits_MCODE_ALL,Reactome Gene Sets,6,R-MMU-2262752,Cellular responses to stress,,-4.8,7.1,6.5,21160,480,50,8,16,5.2,14281|15511|17978|19386|22143|58233|108058|193740,Fos|Hspa1b|Ncoa2|Ranbp2|Tuba1b|Dnaja4|Camk2d|Hspa1a,-3.2
hits_MCODE_ALL,Reactome Gene Sets,6,R-MMU-9855142,Cellular responses to mechanical stimuli,,-4.8,26,9.9,21160,64,50,4,8,3.8,14688|14693|14695|14699,Gnb1|Gnb2|Gnb3|Gngt1,-3.2
hits_MCODE_ALL,Reactome Gene Sets,6,R-MMU-9860931,Response of endothelial cells to shear stress,,-4.8,26,9.9,21160,64,50,4,8,3.8,14688|14693|14695|14699,Gnb1|Gnb2|Gnb3|Gngt1,-3.2
hits_MCODE_ALL,Reactome Gene Sets,6,R-MMU-112314,Neurotransmitter receptors and postsynaptic signal transmission,,-4.8,16,8.4,21160,134,50,5,10,4.2,14688|14693|14695|14699|108058,Gnb1|Gnb2|Gnb3|Gngt1|Camk2d,-3.2
hits_MCODE_ALL,GO Biological Processes,19,GO:0042026,protein refolding,19_GO:0009987 cellular process,-4.8,60,13,21160,21,50,3,6,3.4,15511|58233|193740,Hspa1b|Dnaja4|Hspa1a,-3.2
hits_MCODE_ALL,GO Biological Processes,19,GO:0061620,glycolytic process through glucose-6-phosphate,19_GO:0009987 cellular process,-4.8,60,13,21160,21,50,3,6,3.4,15275|18641|56421,Hk1|Pfkl|Pfkp,-3.2
hits_MCODE_ALL,KEGG Pathway,24,mmu04726,Serotonergic synapse - Mus musculus (house mouse),,-4.8,16,8.3,21160,136,50,5,10,4.2,14688|14693|14695|14699|18798,Gnb1|Gnb2|Gnb3|Gngt1|Plcb4,-3.1
hits_MCODE_ALL,GO Biological Processes,19,GO:0072524,pyridine-containing compound metabolic process,19_GO:0009987 cellular process,-4.7,15,8.2,21160,138,50,5,10,4.2,15275|15277|18640|18641|56421,Hk1|Hk2|Pfkfb2|Pfkl|Pfkp,-3.1
hits_MCODE_ALL,Reactome Gene Sets,6,R-MMU-3371571,HSF1-dependent transactivation,,-4.7,58,13,21160,22,50,3,6,3.4,15511|108058|193740,Hspa1b|Camk2d|Hspa1a,-3.1
hits_MCODE_ALL,KEGG Pathway,24,mmu00010,Glycolysis / Gluconeogenesis - Mus musculus (house mouse),,-4.7,25,9.7,21160,67,50,4,8,3.8,15275|15277|18641|56421,Hk1|Hk2|Pfkl|Pfkp,-3.1
hits_MCODE_ALL,KEGG Pathway,24,mmu04371,Apelin signaling pathway - Mus musculus (house mouse),,-4.7,15,8.2,21160,139,50,5,10,4.2,14688|14693|14695|14699|18798,Gnb1|Gnb2|Gnb3|Gngt1|Plcb4,-3.1
hits_MCODE_ALL,KEGG Pathway,24,mmu04014,Ras signaling pathway - Mus musculus (house mouse),,-4.7,11,7.3,21160,236,50,6,12,4.6,14173|14688|14693|14695|14699|18708,Fgf2|Gnb1|Gnb2|Gnb3|Gngt1|Pik3r1,-3.1
hits_MCODE_ALL,Reactome Gene Sets,6,R-MMU-76002,"Platelet activation, signaling and aggregation",,-4.7,11,7.3,21160,239,50,6,12,4.6,14688|14693|14695|14699|18708|56077,Gnb1|Gnb2|Gnb3|Gngt1|Pik3r1|Dgke,-3.1
hits_MCODE_ALL,GO Biological Processes,19,GO:1901292,nucleoside phosphate catabolic process,19_GO:0009987 cellular process,-4.7,15,8.1,21160,142,50,5,10,4.2,15275|15277|18640|18641|56421,Hk1|Hk2|Pfkfb2|Pfkl|Pfkp,-3.1
hits_MCODE_ALL,GO Biological Processes,19,GO:0061615,glycolytic process through fructose-6-phosphate,19_GO:0009987 cellular process,-4.7,55,13,21160,23,50,3,6,3.4,15275|18641|56421,Hk1|Pfkl|Pfkp,-3.1
hits_MCODE_ALL,GO Biological Processes,19,GO:0019677,NAD catabolic process,19_GO:0009987 cellular process,-4.7,55,13,21160,23,50,3,6,3.4,15275|18641|56421,Hk1|Pfkl|Pfkp,-3.1
hits_MCODE_ALL,GO Biological Processes,19,GO:0046835,carbohydrate phosphorylation,19_GO:0009987 cellular process,-4.7,55,13,21160,23,50,3,6,3.4,15275|15277|18640,Hk1|Hk2|Pfkfb2,-3.1
hits_MCODE_ALL,Reactome Gene Sets,6,R-MMU-416482,G alpha (12/13) signalling events,,-4.7,25,9.5,21160,69,50,4,8,3.8,14688|14693|14695|14699,Gnb1|Gnb2|Gnb3|Gngt1,-3.1
hits_MCODE_ALL,KEGG Pathway,24,mmu05170,Human immunodeficiency virus 1 infection - Mus musculus (house mouse),,-4.7,11,7.2,21160,241,50,6,12,4.6,14281|14688|14693|14695|14699|18708,Fos|Gnb1|Gnb2|Gnb3|Gngt1|Pik3r1,-3.1
hits_MCODE_ALL,Reactome Gene Sets,6,R-MMU-109582,Hemostasis,,-4.7,6.7,6.3,21160,505,50,8,16,5.2,14688|14693|14695|14699|16565|18708|22143|56077,Gnb1|Gnb2|Gnb3|Gngt1|Kif21b|Pik3r1|Tuba1b|Dgke,-3
hits_MCODE_ALL,GO Biological Processes,19,GO:0001754,eye photoreceptor cell differentiation,19_GO:0032502 developmental process,-4.6,24,9.5,21160,70,50,4,8,3.8,14685|14699|20848|238021,Gnat1|Gngt1|Stat3|Fscn2,-3
hits_MCODE_ALL,Reactome Gene Sets,6,R-MMU-163685,Integration of energy metabolism,,-4.6,24,9.5,21160,70,50,4,8,3.8,14688|14693|14695|14699,Gnb1|Gnb2|Gnb3|Gngt1,-3
hits_MCODE_ALL,KEGG Pathway,24,mmu05162,Measles - Mus musculus (house mouse),,-4.6,15,8,21160,145,50,5,10,4.2,14281|15511|18708|20848|193740,Fos|Hspa1b|Pik3r1|Stat3|Hspa1a,-3
hits_MCODE_ALL,KEGG Pathway,24,mmu04072,Phospholipase D signaling pathway - Mus musculus (house mouse),,-4.6,14,7.9,21160,149,50,5,10,4.2,18708|18798|28169|52123|56077,Pik3r1|Plcb4|Agpat3|Agpat5|Dgke,-3
hits_MCODE_ALL,Reactome Gene Sets,6,R-MMU-418346,Platelet homeostasis,,-4.6,23,9.2,21160,73,50,4,8,3.8,14688|14693|14695|14699,Gnb1|Gnb2|Gnb3|Gngt1,-3
hits_MCODE_ALL,Reactome Gene Sets,6,R-MMU-71387,Metabolism of carbohydrates,,-4.5,10,7,21160,254,50,6,12,4.6,15275|15277|18640|18641|19386|56421,Hk1|Hk2|Pfkfb2|Pfkl|Ranbp2|Pfkp,-2.9
hits_MCODE_ALL,KEGG Pathway,24,mmu04723,Retrograde endocannabinoid signaling - Mus musculus (house mouse),,-4.5,14,7.8,21160,153,50,5,10,4.2,14688|14693|14695|14699|18798,Gnb1|Gnb2|Gnb3|Gngt1|Plcb4,-2.9
hits_MCODE_ALL,Reactome Gene Sets,6,R-MMU-3371556,Cellular response to heat stress,,-4.4,21,8.9,21160,79,50,4,8,3.8,15511|19386|108058|193740,Hspa1b|Ranbp2|Camk2d|Hspa1a,-2.9
hits_MCODE_ALL,GO Biological Processes,19,GO:0032436,positive regulation of proteasomal ubiquitin-dependent protein catabolic process,19_GO:0048518 positive regulation of biological process,-4.4,21,8.8,21160,80,50,4,8,3.8,15511|193740|211770|217410,Hspa1b|Hspa1a|Trib1|Trib2,-2.8
hits_MCODE_ALL,GO Biological Processes,19,GO:0030808,regulation of nucleotide biosynthetic process,19_GO:0050789 regulation of biological process,-4.4,44,11,21160,29,50,3,6,3.4,14913|20848|107477,Guca1a|Stat3|Guca1b,-2.8
hits_MCODE_ALL,GO Biological Processes,19,GO:1900371,regulation of purine nucleotide biosynthetic process,19_GO:0050789 regulation of biological process,-4.4,44,11,21160,29,50,3,6,3.4,14913|20848|107477,Guca1a|Stat3|Guca1b,-2.8
hits_MCODE_ALL,WikiPathways,27,WP1560,MicroRNAs in cardiomyocyte hypertrophy,,-4.4,20,8.6,21160,83,50,4,8,3.8,14173|18708|20848|108058,Fgf2|Pik3r1|Stat3|Camk2d,-2.8
hits_MCODE_ALL,GO Biological Processes,19,GO:0062012,regulation of small molecule metabolic process,19_GO:0050789 regulation of biological process,-4.4,7.3,6.2,21160,406,50,7,14,4.9,14695|14913|17978|19386|20848|26380|107477,Gnb3|Guca1a|Ncoa2|Ranbp2|Stat3|Esrrb|Guca1b,-2.8
hits_MCODE_ALL,Reactome Gene Sets,6,R-MMU-182971,EGFR downregulation,,-4.3,42,11,21160,30,50,3,6,3.4,12223|20404|56324,Btc|Sh3gl2|Stam2,-2.7
hits_MCODE_ALL,GO Biological Processes,19,GO:0043491,phosphatidylinositol 3-kinase/protein kinase B signal transduction,19_GO:0050896 response to stimulus,-4.3,20,8.5,21160,85,50,4,8,3.8,14173|14725|18708|20848,Fgf2|Lrp2|Pik3r1|Stat3,-2.7
hits_MCODE_ALL,GO Biological Processes,19,GO:0009150,purine ribonucleotide metabolic process,19_GO:0009987 cellular process,-4.2,8.8,6.5,21160,289,50,6,12,4.6,15275|15277|15511|18640|18641|56421,Hk1|Hk2|Hspa1b|Pfkfb2|Pfkl|Pfkp,-2.7
hits_MCODE_ALL,KEGG Pathway,24,mmu04727,GABAergic synapse - Mus musculus (house mouse),,-4.2,19,8.2,21160,90,50,4,8,3.8,14688|14693|14695|14699,Gnb1|Gnb2|Gnb3|Gngt1,-2.7
hits_MCODE_ALL,WikiPathways,27,WP232,G protein signaling pathways,,-4.2,19,8.2,21160,90,50,4,8,3.8,14688|14693|14695|14699,Gnb1|Gnb2|Gnb3|Gngt1,-2.7
hits_MCODE_ALL,Reactome Gene Sets,6,R-MMU-1169410,Antiviral mechanism by IFN-stimulated genes,,-4.2,19,8.2,21160,90,50,4,8,3.8,15511|20848|22143|193740,Hspa1b|Stat3|Tuba1b|Hspa1a,-2.7
hits_MCODE_ALL,GO Biological Processes,19,GO:0046530,photoreceptor cell differentiation,19_GO:0032502 developmental process,-4.2,19,8.2,21160,91,50,4,8,3.8,14685|14699|20848|238021,Gnat1|Gngt1|Stat3|Fscn2,-2.6
hits_MCODE_ALL,GO Biological Processes,19,GO:0090169,regulation of spindle assembly,19_GO:0050789 regulation of biological process,-4.2,38,10,21160,33,50,3,6,3.4,15511|76123|193740,Hspa1b|Gpsm2|Hspa1a,-2.6
hits_MCODE_ALL,KEGG Pathway,24,mmu05032,Morphine addiction - Mus musculus (house mouse),,-4.2,18,8.1,21160,92,50,4,8,3.8,14688|14693|14695|14699,Gnb1|Gnb2|Gnb3|Gngt1,-2.6
hits_MCODE_ALL,Reactome Gene Sets,6,R-MMU-8856825,Cargo recognition for clathrin-mediated endocytosis,,-4.1,18,8,21160,95,50,4,8,3.8,12223|14725|20404|56324,Btc|Lrp2|Sh3gl2|Stam2,-2.6
hits_MCODE_ALL,Reactome Gene Sets,6,R-MMU-1280215,Cytokine Signaling in Immune system,,-4.1,6.7,5.9,21160,444,50,7,14,4.9,14281|15511|18708|20848|22143|108058|193740,Fos|Hspa1b|Pik3r1|Stat3|Tuba1b|Camk2d|Hspa1a,-2.6
hits_MCODE_ALL,Reactome Gene Sets,6,R-MMU-1296071,Potassium Channels,,-4.1,17,7.9,21160,98,50,4,8,3.8,14688|14693|14695|14699,Gnb1|Gnb2|Gnb3|Gngt1,-2.5
hits_MCODE_ALL,GO Biological Processes,19,GO:0009259,ribonucleotide metabolic process,19_GO:0009987 cellular process,-4.1,8.2,6.2,21160,311,50,6,12,4.6,15275|15277|15511|18640|18641|56421,Hk1|Hk2|Hspa1b|Pfkfb2|Pfkl|Pfkp,-2.5
hits_MCODE_ALL,GO Biological Processes,19,GO:0006734,NADH metabolic process,19_GO:0009987 cellular process,-4,34,9.9,21160,37,50,3,6,3.4,15275|18641|56421,Hk1|Pfkl|Pfkp,-2.5
hits_MCODE_ALL,GO Biological Processes,19,GO:1900542,regulation of purine nucleotide metabolic process,19_GO:0050789 regulation of biological process,-4,17,7.7,21160,101,50,4,8,3.8,14913|20848|26380|107477,Guca1a|Stat3|Esrrb|Guca1b,-2.5
hits_MCODE_ALL,GO Biological Processes,19,GO:2000060,positive regulation of ubiquitin-dependent protein catabolic process,19_GO:0048518 positive regulation of biological process,-4,17,7.7,21160,101,50,4,8,3.8,15511|193740|211770|217410,Hspa1b|Hspa1a|Trib1|Trib2,-2.5
hits_MCODE_ALL,GO Biological Processes,19,GO:0001654,eye development,19_GO:0032502 developmental process,-4,6.4,5.7,21160,460,50,7,14,4.9,14281|14685|14688|14699|18587|20848|238021,Fos|Gnat1|Gnb1|Gngt1|Pde6b|Stat3|Fscn2,-2.5
hits_MCODE_ALL,Reactome Gene Sets,6,R-MMU-112315,Transmission across Chemical Synapses,,-4,11,6.7,21160,196,50,5,10,4.2,14688|14693|14695|14699|108058,Gnb1|Gnb2|Gnb3|Gngt1|Camk2d,-2.5
hits_MCODE_ALL,GO Biological Processes,19,GO:0006140,regulation of nucleotide metabolic process,19_GO:0050789 regulation of biological process,-4,17,7.7,21160,102,50,4,8,3.8,14913|20848|26380|107477,Guca1a|Stat3|Esrrb|Guca1b,-2.5
hits_MCODE_ALL,GO Biological Processes,19,GO:0150063,visual system development,19_GO:0032502 developmental process,-4,6.4,5.7,21160,463,50,7,14,4.9,14281|14685|14688|14699|18587|20848|238021,Fos|Gnat1|Gnb1|Gngt1|Pde6b|Stat3|Fscn2,-2.5
hits_MCODE_ALL,GO Biological Processes,19,GO:0019693,ribose phosphate metabolic process,19_GO:0009987 cellular process,-4,7.9,6.1,21160,320,50,6,12,4.6,15275|15277|15511|18640|18641|56421,Hk1|Hk2|Hspa1b|Pfkfb2|Pfkl|Pfkp,-2.5
hits_MCODE_ALL,GO Biological Processes,19,GO:0046434,organophosphate catabolic process,19_GO:0009987 cellular process,-4,11,6.6,21160,199,50,5,10,4.2,15275|15277|18640|18641|56421,Hk1|Hk2|Pfkfb2|Pfkl|Pfkp,-2.5
hits_MCODE_ALL,KEGG Pathway,24,mmu04922,Glucagon signaling pathway - Mus musculus (house mouse),,-4,16,7.6,21160,104,50,4,8,3.8,18641|18798|56421|108058,Pfkl|Plcb4|Pfkp|Camk2d,-2.5
hits_MCODE_ALL,GO Biological Processes,19,GO:0048880,sensory system development,19_GO:0032502 developmental process,-4,6.3,5.7,21160,470,50,7,14,4.9,14281|14685|14688|14699|18587|20848|238021,Fos|Gnat1|Gnb1|Gngt1|Pde6b|Stat3|Fscn2,-2.4
hits_MCODE_ALL,GO Biological Processes,19,GO:0090596,sensory organ morphogenesis,19_GO:0032502 developmental process,-3.9,7.5,5.9,21160,338,50,6,12,4.6,14685|14699|17921|20848|73750|238021,Gnat1|Gngt1|Myo7a|Stat3|Whrn|Fscn2,-2.4
hits_MCODE_ALL,GO Biological Processes,19,GO:0060041,retina development in camera-type eye,19_GO:0032502 developmental process,-3.8,10,6.4,21160,212,50,5,10,4.2,14281|14685|14688|18587|20848,Fos|Gnat1|Gnb1|Pde6b|Stat3,-2.4
hits_MCODE_ALL,GO Biological Processes,19,GO:1901800,positive regulation of proteasomal protein catabolic process,19_GO:0048518 positive regulation of biological process,-3.8,15,7.3,21160,112,50,4,8,3.8,15511|193740|211770|217410,Hspa1b|Hspa1a|Trib1|Trib2,-2.3
hits_MCODE_ALL,GO Biological Processes,19,GO:0060236,regulation of mitotic spindle organization,19_GO:0050789 regulation of biological process,-3.8,30,9.1,21160,43,50,3,6,3.4,15511|76123|193740,Hspa1b|Gpsm2|Hspa1a,-2.3
hits_MCODE_ALL,WikiPathways,27,WP297,IL 7 signaling pathway,,-3.8,29,9,21160,44,50,3,6,3.4,18708|20848|56324,Pik3r1|Stat3|Stam2,-2.3
hits_MCODE_ALL,KEGG Pathway,24,mmu04935,"Growth hormone synthesis, secretion and action - Mus musculus (house mouse)",,-3.8,14,7.1,21160,117,50,4,8,3.8,14281|18708|18798|20848,Fos|Pik3r1|Plcb4|Stat3,-2.3
hits_MCODE_ALL,GO Biological Processes,19,GO:0006109,regulation of carbohydrate metabolic process,19_GO:0050789 regulation of biological process,-3.8,9.6,6.2,21160,221,50,5,10,4.2,14695|17978|19386|20848|26380,Gnb3|Ncoa2|Ranbp2|Stat3|Esrrb,-2.3
hits_MCODE_ALL,GO Biological Processes,19,GO:0045639,positive regulation of myeloid cell differentiation,19_GO:0002376 immune system process,-3.7,14,7,21160,119,50,4,8,3.8,14281|15511|20848|211770,Fos|Hspa1b|Stat3|Trib1,-2.3
hits_MCODE_ALL,GO Biological Processes,19,GO:0090224,regulation of spindle organization,19_GO:0050789 regulation of biological process,-3.7,27,8.7,21160,47,50,3,6,3.4,15511|76123|193740,Hspa1b|Gpsm2|Hspa1a,-2.2
hits_MCODE_ALL,KEGG Pathway,24,mmu01200,Carbon metabolism - Mus musculus (house mouse),,-3.7,14,6.9,21160,122,50,4,8,3.8,15275|15277|18641|56421,Hk1|Hk2|Pfkl|Pfkp,-2.2
hits_MCODE_ALL,KEGG Pathway,24,mmu04930,Type II diabetes mellitus - Mus musculus (house mouse),,-3.7,26,8.6,21160,48,50,3,6,3.4,15275|15277|18708,Hk1|Hk2|Pik3r1,-2.2
hits_MCODE_ALL,GO Biological Processes,19,GO:0072594,establishment of protein localization to organelle,19_GO:0051179 localization,-3.7,7,5.6,21160,362,50,6,12,4.6,14725|15275|15277|18708|19386|20848,Lrp2|Hk1|Hk2|Pik3r1|Ranbp2|Stat3,-2.2
hits_MCODE_ALL,KEGG Pathway,24,mmu04151,PI3K-Akt signaling pathway - Mus musculus (house mouse),,-3.7,6.9,5.6,21160,367,50,6,12,4.6,14173|14688|14693|14695|14699|18708,Fgf2|Gnb1|Gnb2|Gnb3|Gngt1|Pik3r1,-2.2
hits_MCODE_ALL,GO Biological Processes,19,GO:0042462,eye photoreceptor cell development,19_GO:0032502 developmental process,-3.6,25,8.4,21160,50,50,3,6,3.4,14685|14699|238021,Gnat1|Gngt1|Fscn2,-2.2
hits_MCODE_ALL,KEGG Pathway,24,mmu04152,AMPK signaling pathway - Mus musculus (house mouse),,-3.6,13,6.8,21160,127,50,4,8,3.8,18640|18641|18708|56421,Pfkfb2|Pfkl|Pik3r1|Pfkp,-2.2
hits_MCODE_ALL,GO Biological Processes,19,GO:0045637,regulation of myeloid cell differentiation,19_GO:0002376 immune system process,-3.6,9,6,21160,236,50,5,10,4.2,14281|15511|18708|20848|211770,Fos|Hspa1b|Pik3r1|Stat3|Trib1,-2.2
hits_MCODE_ALL,GO Biological Processes,19,GO:0006163,purine nucleotide metabolic process,19_GO:0009987 cellular process,-3.6,6.8,5.5,21160,374,50,6,12,4.6,15275|15277|15511|18640|18641|56421,Hk1|Hk2|Hspa1b|Pfkfb2|Pfkl|Pfkp,-2.2
hits_MCODE_ALL,Reactome Gene Sets,6,R-MMU-199991,Membrane Trafficking,,-3.6,5.6,5.2,21160,533,50,7,14,4.9,12223|14725|16565|20404|22143|28169|56324,Btc|Lrp2|Kif21b|Sh3gl2|Tuba1b|Agpat3|Stam2,-2.2
hits_MCODE_ALL,Reactome Gene Sets,6,R-MMU-418555,G alpha (s) signalling events,,-3.6,13,6.7,21160,129,50,4,8,3.8,14688|14693|14695|14699,Gnb1|Gnb2|Gnb3|Gngt1,-2.2
hits_MCODE_ALL,GO Biological Processes,19,GO:0010906,regulation of glucose metabolic process,19_GO:0050789 regulation of biological process,-3.6,13,6.7,21160,129,50,4,8,3.8,14695|17978|19386|26380,Gnb3|Ncoa2|Ranbp2|Esrrb,-2.2
hits_MCODE_ALL,Reactome Gene Sets,6,R-MMU-8856828,Clathrin-mediated endocytosis,,-3.6,13,6.7,21160,131,50,4,8,3.8,12223|14725|20404|56324,Btc|Lrp2|Sh3gl2|Stam2,-2.1
hits_MCODE_ALL,GO Biological Processes,19,GO:1903052,positive regulation of proteolysis involved in protein catabolic process,19_GO:0048518 positive regulation of biological process,-3.6,13,6.6,21160,132,50,4,8,3.8,15511|193740|211770|217410,Hspa1b|Hspa1a|Trib1|Trib2,-2.1
hits_MCODE_ALL,GO Biological Processes,19,GO:0032434,regulation of proteasomal ubiquitin-dependent protein catabolic process,19_GO:0050789 regulation of biological process,-3.6,13,6.6,21160,132,50,4,8,3.8,15511|193740|211770|217410,Hspa1b|Hspa1a|Trib1|Trib2,-2.1
hits_MCODE_ALL,KEGG Pathway,24,mmu04210,Apoptosis - Mus musculus (house mouse),,-3.5,13,6.6,21160,134,50,4,8,3.8,14281|18708|20740|22143,Fos|Pik3r1|Sptan1|Tuba1b,-2.1
hits_MCODE_ALL,GO Biological Processes,19,GO:0016310,phosphorylation,19_GO:0009987 cellular process,-3.5,5.4,5.1,21160,550,50,7,14,4.9,15275|15277|18640|18708|20848|56077|108058,Hk1|Hk2|Pfkfb2|Pik3r1|Stat3|Dgke|Camk2d,-2.1
hits_MCODE_ALL,KEGG Pathway,24,mmu04550,Signaling pathways regulating pluripotency of stem cells - Mus musculus (house mouse),,-3.5,12,6.4,21160,140,50,4,8,3.8,14173|18708|20848|26380,Fgf2|Pik3r1|Stat3|Esrrb,-2
hits_MCODE_ALL,GO Biological Processes,19,GO:0046488,phosphatidylinositol metabolic process,19_GO:0009987 cellular process,-3.5,12,6.4,21160,141,50,4,8,3.8,18708|18798|52123|56077,Pik3r1|Plcb4|Agpat5|Dgke,-2
hits_MCODE_ALL,Reactome Gene Sets,6,R-MMU-9006934,Signaling by Receptor Tyrosine Kinases,,-3.5,6.3,5.3,21160,400,50,6,12,4.6,12223|14173|18708|20404|20848|56324,Btc|Fgf2|Pik3r1|Sh3gl2|Stat3|Stam2,-2
hits_MCODE_ALL,GO Biological Processes,19,GO:0031113,regulation of microtubule polymerization,19_GO:0050789 regulation of biological process,-3.5,22,7.8,21160,58,50,3,6,3.4,15511|100732|193740,Hspa1b|Mapre3|Hspa1a,-2
hits_MCODE_ALL,Reactome Gene Sets,6,R-MMU-5653656,Vesicle-mediated transport,,-3.5,5.2,5,21160,567,50,7,14,4.9,12223|14725|16565|20404|22143|28169|56324,Btc|Lrp2|Kif21b|Sh3gl2|Tuba1b|Agpat3|Stam2,-2
hits_MCODE_ALL,GO Biological Processes,19,GO:0019674,NAD metabolic process,19_GO:0009987 cellular process,-3.4,21,7.6,21160,60,50,3,6,3.4,15275|18641|56421,Hk1|Pfkl|Pfkp,-2
hits_MCODE_ALL,GO Biological Processes,19,GO:0042491,inner ear auditory receptor cell differentiation,19_GO:0032502 developmental process,-3.4,21,7.6,21160,60,50,3,6,3.4,14173|17921|73750,Fgf2|Myo7a|Whrn,-2
hits_MCODE_ALL,GO Biological Processes,19,GO:0006650,glycerophospholipid metabolic process,19_GO:0009987 cellular process,-3.4,8,5.6,21160,264,50,5,10,4.2,18708|18798|28169|52123|56077,Pik3r1|Plcb4|Agpat3|Agpat5|Dgke,-2
hits_MCODE_ALL,KEGG Pathway,24,mmu04213,Longevity regulating pathway - multiple species - Mus musculus (house mouse),,-3.4,21,7.5,21160,61,50,3,6,3.4,15511|18708|193740,Hspa1b|Pik3r1|Hspa1a,-2
hits_MCODE_ALL,Reactome Gene Sets,6,R-MMU-3371453,Regulation of HSF1-mediated heat shock response,,-3.4,21,7.5,21160,61,50,3,6,3.4,15511|19386|193740,Hspa1b|Ranbp2|Hspa1a,-2
hits_MCODE_ALL,KEGG Pathway,24,mmu00561,Glycerolipid metabolism - Mus musculus (house mouse),,-3.4,20,7.4,21160,63,50,3,6,3.4,28169|52123|56077,Agpat3|Agpat5|Dgke,-1.9
hits_MCODE_ALL,GO Biological Processes,19,GO:0002931,response to ischemia,19_GO:0050896 response to stimulus,-3.3,20,7.3,21160,65,50,3,6,3.4,15275|15277|20848,Hk1|Hk2|Stat3,-1.9
hits_MCODE_ALL,GO Biological Processes,19,GO:0051606,detection of stimulus,19_GO:0050896 response to stimulus,-3.3,4.9,4.8,21160,601,50,7,14,4.9,14685|14688|14699|14913|18587|73750|107477,Gnat1|Gnb1|Gngt1|Guca1a|Pde6b|Whrn|Guca1b,-1.9
hits_MCODE_ALL,GO Biological Processes,19,GO:0046474,glycerophospholipid biosynthetic process,19_GO:0009987 cellular process,-3.3,11,6,21160,156,50,4,8,3.8,18708|28169|52123|56077,Pik3r1|Agpat3|Agpat5|Dgke,-1.9
hits_MCODE_ALL,GO Biological Processes,19,GO:0033365,protein localization to organelle,19_GO:0051179 localization,-3.3,4.2,4.5,21160,799,50,8,16,5.2,14725|15275|15277|18708|19386|20848|76123|100732,Lrp2|Hk1|Hk2|Pik3r1|Ranbp2|Stat3|Gpsm2|Mapre3,-1.9
hits_MCODE_ALL,GO Biological Processes,19,GO:0009117,nucleotide metabolic process,19_GO:0009987 cellular process,-3.3,5.9,5,21160,433,50,6,12,4.6,15275|15277|15511|18640|18641|56421,Hk1|Hk2|Hspa1b|Pfkfb2|Pfkl|Pfkp,-1.9
hits_MCODE_ALL,GO Biological Processes,19,GO:0005975,carbohydrate metabolic process,19_GO:0009987 cellular process,-3.3,5.9,5,21160,434,50,6,12,4.6,15275|15277|18640|18641|18708|56421,Hk1|Hk2|Pfkfb2|Pfkl|Pik3r1|Pfkp,-1.9
hits_MCODE_ALL,GO Biological Processes,19,GO:0035315,hair cell differentiation,19_GO:0032502 developmental process,-3.3,19,7.1,21160,68,50,3,6,3.4,14173|17921|73750,Fgf2|Myo7a|Whrn,-1.8
hits_MCODE_ALL,GO Biological Processes,19,GO:0042461,photoreceptor cell development,19_GO:0032502 developmental process,-3.2,18,7,21160,70,50,3,6,3.4,14685|14699|238021,Gnat1|Gngt1|Fscn2,-1.8
hits_MCODE_ALL,GO Biological Processes,19,GO:0048545,response to steroid hormone,19_GO:0050896 response to stimulus,-3.2,7.2,5.2,21160,293,50,5,10,4.2,14281|17978|18708|26380|26381,Fos|Ncoa2|Pik3r1|Esrrb|Esrrg,-1.8
hits_MCODE_ALL,GO Biological Processes,19,GO:0070507,regulation of microtubule cytoskeleton organization,19_GO:0050789 regulation of biological process,-3.2,10,5.8,21160,167,50,4,8,3.8,15511|76123|100732|193740,Hspa1b|Gpsm2|Mapre3|Hspa1a,-1.8
hits_MCODE_ALL,GO Biological Processes,19,GO:2000058,regulation of ubiquitin-dependent protein catabolic process,19_GO:0050789 regulation of biological process,-3.2,10,5.7,21160,170,50,4,8,3.8,15511|193740|211770|217410,Hspa1b|Hspa1a|Trib1|Trib2,-1.8
hits_MCODE_ALL,KEGG Pathway,24,mmu04917,Prolactin signaling pathway - Mus musculus (house mouse),,-3.1,17,6.8,21160,74,50,3,6,3.4,14281|18708|20848,Fos|Pik3r1|Stat3,-1.8
hits_MCODE_ALL,WikiPathways,27,WP1244,Estrogen signaling,,-3.1,17,6.7,21160,75,50,3,6,3.4,14281|14688|14699,Fos|Gnb1|Gngt1,-1.7
hits_MCODE_ALL,WikiPathways,27,WP450,IL 2 signaling pathway,,-3.1,17,6.7,21160,76,50,3,6,3.4,18708|20848|56324,Pik3r1|Stat3|Stam2,-1.7
hits_MCODE_ALL,WikiPathways,27,WP572,EGFR1 signaling pathway,,-3.1,9.7,5.6,21160,175,50,4,8,3.8,14281|18708|20404|20848,Fos|Pik3r1|Sh3gl2|Stat3,-1.7
hits_MCODE_ALL,Reactome Gene Sets,6,R-MMU-112316,Neuronal System,,-3.1,6.7,5,21160,314,50,5,10,4.2,14688|14693|14695|14699|108058,Gnb1|Gnb2|Gnb3|Gngt1|Camk2d,-1.7
hits_MCODE_ALL,GO Biological Processes,19,GO:0006457,protein folding,19_GO:0009987 cellular process,-3.1,9.4,5.5,21160,181,50,4,8,3.8,15511|19386|58233|193740,Hspa1b|Ranbp2|Dnaja4|Hspa1a,-1.7
hits_MCODE_ALL,KEGG Pathway,24,mmu01521,EGFR tyrosine kinase inhibitor resistance - Mus musculus (house mouse),,-3,16,6.5,21160,80,50,3,6,3.4,14173|18708|20848,Fgf2|Pik3r1|Stat3,-1.7
hits_MCODE_ALL,GO Biological Processes,19,GO:0001666,response to hypoxia,19_GO:0050896 response to stimulus,-3,6.5,4.9,21160,324,50,5,10,4.2,14281|14688|14699|15277|108058,Fos|Gnb1|Gngt1|Hk2|Camk2d,-1.6
hits_MCODE_ALL,GO Biological Processes,19,GO:0045017,glycerolipid biosynthetic process,19_GO:0009987 cellular process,-3,9.1,5.4,21160,187,50,4,8,3.8,18708|28169|52123|56077,Pik3r1|Agpat3|Agpat5|Dgke,-1.6
hits_MCODE_ALL,KEGG Pathway,24,mmu04012,ErbB signaling pathway - Mus musculus (house mouse),,-3,15,6.3,21160,84,50,3,6,3.4,12223|18708|108058,Btc|Pik3r1|Camk2d,-1.6
hits_MCODE_ALL,KEGG Pathway,24,mmu05235,PD-L1 expression and PD-1 checkpoint pathway in cancer - Mus musculus (house mouse),,-2.9,14,6.1,21160,88,50,3,6,3.4,14281|18708|20848,Fos|Pik3r1|Stat3,-1.6
hits_MCODE_ALL,GO Biological Processes,19,GO:0061136,regulation of proteasomal protein catabolic process,19_GO:0050789 regulation of biological process,-2.9,8.6,5.2,21160,197,50,4,8,3.8,15511|193740|211770|217410,Hspa1b|Hspa1a|Trib1|Trib2,-1.6
hits_MCODE_ALL,GO Biological Processes,19,GO:0045862,positive regulation of proteolysis,19_GO:0048518 positive regulation of biological process,-2.9,6.2,4.7,21160,339,50,5,10,4.2,15511|20848|193740|211770|217410,Hspa1b|Stat3|Hspa1a|Trib1|Trib2,-1.6
hits_MCODE_ALL,GO Biological Processes,19,GO:0006644,phospholipid metabolic process,19_GO:0009987 cellular process,-2.9,6.2,4.7,21160,339,50,5,10,4.2,18708|18798|28169|52123|56077,Pik3r1|Plcb4|Agpat3|Agpat5|Dgke,-1.6
hits_MCODE_ALL,GO Biological Processes,19,GO:0048592,eye morphogenesis,19_GO:0032502 developmental process,-2.9,8.5,5.2,21160,198,50,4,8,3.8,14685|14699|20848|238021,Gnat1|Gngt1|Stat3|Fscn2,-1.6
hits_MCODE_ALL,GO Biological Processes,19,GO:0072521,purine-containing compound metabolic process,19_GO:0009987 cellular process,-2.9,5,4.4,21160,510,50,6,12,4.6,15275|15277|15511|18640|18641|56421,Hk1|Hk2|Hspa1b|Pfkfb2|Pfkl|Pfkp,-1.6
hits_MCODE_ALL,GO Biological Processes,19,GO:2000736,regulation of stem cell differentiation,19_GO:0032502 developmental process,-2.9,14,6.1,21160,90,50,3,6,3.4,14173|20848|26380,Fgf2|Stat3|Esrrb,-1.5
hits_MCODE_ALL,GO Biological Processes,19,GO:0060113,inner ear receptor cell differentiation,19_GO:0032502 developmental process,-2.9,14,6.1,21160,90,50,3,6,3.4,14173|17921|73750,Fgf2|Myo7a|Whrn,-1.5
hits_MCODE_ALL,GO Biological Processes,19,GO:0008654,phospholipid biosynthetic process,19_GO:0009987 cellular process,-2.9,8.5,5.2,21160,200,50,4,8,3.8,18708|28169|52123|56077,Pik3r1|Agpat3|Agpat5|Dgke,-1.5
hits_MCODE_ALL,GO Biological Processes,19,GO:0048660,regulation of smooth muscle cell proliferation,19_GO:0050789 regulation of biological process,-2.9,8.4,5.1,21160,201,50,4,8,3.8,14173|18708|108058|211770,Fgf2|Pik3r1|Camk2d|Trib1,-1.5
hits_MCODE_ALL,GO Biological Processes,19,GO:0046486,glycerolipid metabolic process,19_GO:0009987 cellular process,-2.9,6.1,4.7,21160,346,50,5,10,4.2,18708|18798|28169|52123|56077,Pik3r1|Plcb4|Agpat3|Agpat5|Dgke,-1.5
hits_MCODE_ALL,KEGG Pathway,24,mmu05205,Proteoglycans in cancer - Mus musculus (house mouse),,-2.9,8.3,5.1,21160,204,50,4,8,3.8,14173|18708|20848|108058,Fgf2|Pik3r1|Stat3|Camk2d,-1.5
hits_MCODE_ALL,GO Biological Processes,19,GO:0045732,positive regulation of protein catabolic process,19_GO:0048518 positive regulation of biological process,-2.8,8.2,5.1,21160,206,50,4,8,3.8,15511|193740|211770|217410,Hspa1b|Hspa1a|Trib1|Trib2,-1.5
hits_MCODE_ALL,GO Biological Processes,19,GO:0009408,response to heat,19_GO:0050896 response to stimulus,-2.8,14,5.9,21160,94,50,3,6,3.4,15511|58233|193740,Hspa1b|Dnaja4|Hspa1a,-1.5
hits_MCODE_ALL,KEGG Pathway,24,mmu05034,Alcoholism - Mus musculus (house mouse),,-2.8,8.2,5.1,21160,207,50,4,8,3.8,14688|14693|14695|14699,Gnb1|Gnb2|Gnb3|Gngt1,-1.5
hits_MCODE_ALL,KEGG Pathway,24,mmu04070,Phosphatidylinositol signaling system - Mus musculus (house mouse),,-2.8,13,5.8,21160,96,50,3,6,3.4,18708|18798|56077,Pik3r1|Plcb4|Dgke,-1.5
hits_MCODE_ALL,GO Biological Processes,19,GO:0032271,regulation of protein polymerization,19_GO:0050789 regulation of biological process,-2.8,8,5,21160,211,50,4,8,3.8,15511|20740|100732|193740,Hspa1b|Sptan1|Mapre3|Hspa1a,-1.5
hits_MCODE_ALL,GO Biological Processes,19,GO:0036293,response to decreased oxygen levels,19_GO:0050896 response to stimulus,-2.8,5.9,4.5,21160,360,50,5,10,4.2,14281|14688|14699|15277|108058,Fos|Gnb1|Gngt1|Hk2|Camk2d,-1.5
hits_MCODE_ALL,GO Biological Processes,19,GO:0042490,mechanoreceptor differentiation,19_GO:0032502 developmental process,-2.8,13,5.8,21160,98,50,3,6,3.4,14173|17921|73750,Fgf2|Myo7a|Whrn,-1.5
hits_MCODE_ALL,KEGG Pathway,24,mmu05231,Choline metabolism in cancer - Mus musculus (house mouse),,-2.8,13,5.8,21160,98,50,3,6,3.4,14281|18708|56077,Fos|Pik3r1|Dgke,-1.5
hits_MCODE_ALL,WikiPathways,27,WP387,IL 6 signaling pathway,,-2.8,13,5.7,21160,99,50,3,6,3.4,14281|18708|20848,Fos|Pik3r1|Stat3,-1.5
hits_MCODE_ALL,GO Biological Processes,19,GO:0003407,neural retina development,19_GO:0032502 developmental process,-2.8,13,5.7,21160,99,50,3,6,3.4,14281|14685|20848,Fos|Gnat1|Stat3,-1.5
hits_MCODE_ALL,GO Biological Processes,19,GO:0031110,regulation of microtubule polymerization or depolymerization,19_GO:0050789 regulation of biological process,-2.8,13,5.7,21160,99,50,3,6,3.4,15511|100732|193740,Hspa1b|Mapre3|Hspa1a,-1.5
hits_MCODE_ALL,GO Biological Processes,19,GO:0009896,positive regulation of catabolic process,19_GO:0048518 positive regulation of biological process,-2.8,4.7,4.2,21160,546,50,6,12,4.6,15277|15511|26380|193740|211770|217410,Hk2|Hspa1b|Esrrb|Hspa1a|Trib1|Trib2,-1.4
hits_MCODE_ALL,KEGG Pathway,24,mmu04933,AGE-RAGE signaling pathway in diabetic complications - Mus musculus (house mouse),,-2.8,13,5.7,21160,101,50,3,6,3.4,18708|18798|20848,Pik3r1|Plcb4|Stat3,-1.4
hits_MCODE_ALL,KEGG Pathway,24,mmu00564,Glycerophospholipid metabolism - Mus musculus (house mouse),,-2.8,13,5.7,21160,101,50,3,6,3.4,28169|52123|56077,Agpat3|Agpat5|Dgke,-1.4
hits_MCODE_ALL,GO Biological Processes,19,GO:0051651,maintenance of location in cell,19_GO:0051179 localization,-2.8,13,5.7,21160,101,50,3,6,3.4,15275|15277|76123,Hk1|Hk2|Gpsm2,-1.4
hits_MCODE_ALL,KEGG Pathway,24,mmu05142,Chagas disease - Mus musculus (house mouse),,-2.7,12,5.6,21160,103,50,3,6,3.4,14281|18708|18798,Fos|Pik3r1|Plcb4,-1.4
hits_MCODE_ALL,GO Biological Processes,19,GO:0051493,regulation of cytoskeleton organization,19_GO:0050789 regulation of biological process,-2.7,4.6,4.1,21160,557,50,6,12,4.6,15511|18708|20740|76123|100732|193740,Hspa1b|Pik3r1|Sptan1|Gpsm2|Mapre3|Hspa1a,-1.4
hits_MCODE_ALL,Reactome Gene Sets,6,R-MMU-6811558,"PI5P, PP2A and IER3 Regulate PI3K/AKT Signaling",,-2.7,12,5.5,21160,106,50,3,6,3.4,12223|14173|18708,Btc|Fgf2|Pik3r1,-1.4
hits_MCODE_ALL,KEGG Pathway,24,mmu05207,Chemical carcinogenesis - receptor activation - Mus musculus (house mouse),,-2.7,7.4,4.7,21160,228,50,4,8,3.8,14173|14281|18708|20848,Fgf2|Fos|Pik3r1|Stat3,-1.4
hits_MCODE_ALL,GO Biological Processes,19,GO:0006091,generation of precursor metabolites and energy,19_GO:0009987 cellular process,-2.7,5.5,4.3,21160,383,50,5,10,4.2,15275|15277|18640|18641|56421,Hk1|Hk2|Pfkfb2|Pfkl|Pfkp,-1.4
hits_MCODE_ALL,KEGG Pathway,24,mmu05145,Toxoplasmosis - Mus musculus (house mouse),,-2.7,12,5.4,21160,109,50,3,6,3.4,15511|20848|193740,Hspa1b|Stat3|Hspa1a,-1.4
hits_MCODE_ALL,GO Biological Processes,19,GO:1903050,regulation of proteolysis involved in protein catabolic process,19_GO:0050789 regulation of biological process,-2.6,7.2,4.7,21160,234,50,4,8,3.8,15511|193740|211770|217410,Hspa1b|Hspa1a|Trib1|Trib2,-1.4
hits_MCODE_ALL,GO Biological Processes,19,GO:0006753,nucleoside phosphate metabolic process,19_GO:0009987 cellular process,-2.6,4.4,4,21160,575,50,6,12,4.6,15275|15277|15511|18640|18641|56421,Hk1|Hk2|Hspa1b|Pfkfb2|Pfkl|Pfkp,-1.4
hits_MCODE_ALL,Reactome Gene Sets,6,R-MMU-199418,Negative regulation of the PI3K/AKT network,,-2.6,11,5.3,21160,113,50,3,6,3.4,12223|14173|18708,Btc|Fgf2|Pik3r1,-1.3
hits_MCODE_ALL,GO Biological Processes,19,GO:0048589,developmental growth,19_GO:0040007 growth,-2.6,4.3,4,21160,584,50,6,12,4.6,14173|14685|20404|26380|108058|381022,Fgf2|Gnat1|Sh3gl2|Esrrb|Camk2d|Kmt2d,-1.3
hits_MCODE_ALL,GO Biological Processes,19,GO:0006366,transcription by RNA polymerase II,19_GO:0009987 cellular process,-2.6,5.3,4.2,21160,400,50,5,10,4.2,14173|14281|17978|18708|20848,Fgf2|Fos|Ncoa2|Pik3r1|Stat3,-1.3
hits_MCODE_ALL,GO Biological Processes,19,GO:0071482,cellular response to light stimulus,19_GO:0050896 response to stimulus,-2.6,11,5.3,21160,115,50,3,6,3.4,14685|18708|19739,Gnat1|Pik3r1|Rgs9,-1.3
hits_MCODE_ALL,GO Biological Processes,19,GO:0040007,growth,19_GO:0040007 growth,-2.6,4.3,4,21160,590,50,6,12,4.6,14173|14685|20404|26380|108058|381022,Fgf2|Gnat1|Sh3gl2|Esrrb|Camk2d|Kmt2d,-1.3
hits_MCODE_ALL,GO Biological Processes,19,GO:0032870,cellular response to hormone stimulus,19_GO:0050896 response to stimulus,-2.6,4.3,4,21160,591,50,6,12,4.6,14281|17978|18708|20848|26380|26381,Fos|Ncoa2|Pik3r1|Stat3|Esrrb|Esrrg,-1.3
hits_MCODE_ALL,GO Biological Processes,19,GO:0048839,inner ear development,19_GO:0032502 developmental process,-2.6,6.9,4.5,21160,244,50,4,8,3.8,14173|17921|26380|73750,Fgf2|Myo7a|Esrrb|Whrn,-1.3
hits_MCODE_ALL,WikiPathways,27,WP339,ESC pluripotency pathways,,-2.6,11,5.2,21160,117,50,3,6,3.4,14173|14281|20848,Fgf2|Fos|Stat3,-1.3
hits_MCODE_ALL,GO Biological Processes,19,GO:1902903,regulation of supramolecular fiber organization,19_GO:0050789 regulation of biological process,-2.6,5.2,4.2,21160,408,50,5,10,4.2,15511|18708|20740|100732|193740,Hspa1b|Pik3r1|Sptan1|Mapre3|Hspa1a,-1.3
hits_MCODE_ALL,GO Biological Processes,19,GO:0055086,nucleobase-containing small molecule metabolic process,19_GO:0009987 cellular process,-2.6,4.2,3.9,21160,600,50,6,12,4.6,15275|15277|15511|18640|18641|56421,Hk1|Hk2|Hspa1b|Pfkfb2|Pfkl|Pfkp,-1.3
hits_MCODE_ALL,GO Biological Processes,19,GO:0006606,protein import into nucleus,19_GO:0051179 localization,-2.6,11,5.1,21160,119,50,3,6,3.4,18708|19386|20848,Pik3r1|Ranbp2|Stat3,-1.3
hits_MCODE_ALL,GO Biological Processes,19,GO:0043010,camera-type eye development,19_GO:0032502 developmental process,-2.5,5.1,4.1,21160,413,50,5,10,4.2,14281|14685|14688|18587|20848,Fos|Gnat1|Gnb1|Pde6b|Stat3,-1.3
hits_MCODE_ALL,Reactome Gene Sets,6,R-MMU-5673001,RAF/MAP kinase cascade,,-2.5,6.8,4.5,21160,250,50,4,8,3.8,12223|14173|18708|108058,Btc|Fgf2|Pik3r1|Camk2d,-1.3
hits_MCODE_ALL,Reactome Gene Sets,6,R-MMU-2132295,MHC class II antigen presentation,,-2.5,11,5.1,21160,120,50,3,6,3.4,16565|20404|22143,Kif21b|Sh3gl2|Tuba1b,-1.3
hits_MCODE_ALL,GO Biological Processes,19,GO:0048661,positive regulation of smooth muscle cell proliferation,19_GO:0048518 positive regulation of biological process,-2.5,10,5.1,21160,122,50,3,6,3.4,14173|18708|108058,Fgf2|Pik3r1|Camk2d,-1.2
hits_MCODE_ALL,Reactome Gene Sets,6,R-MMU-8856688,Golgi-to-ER retrograde transport,,-2.5,10,5,21160,123,50,3,6,3.4,16565|22143|28169,Kif21b|Tuba1b|Agpat3,-1.2
hits_MCODE_ALL,Reactome Gene Sets,6,R-MMU-5684996,MAPK1/MAPK3 signaling,,-2.5,6.6,4.4,21160,256,50,4,8,3.8,12223|14173|18708|108058,Btc|Fgf2|Pik3r1|Camk2d,-1.2
hits_MCODE_ALL,GO Biological Processes,19,GO:0071900,regulation of protein serine/threonine kinase activity,19_GO:0050789 regulation of biological process,-2.5,6.5,4.4,21160,259,50,4,8,3.8,14173|100732|211770|217410,Fgf2|Mapre3|Trib1|Trib2,-1.2
hits_MCODE_ALL,GO Biological Processes,19,GO:0070482,response to oxygen levels,19_GO:0050896 response to stimulus,-2.5,5,4,21160,426,50,5,10,4.2,14281|14688|14699|15277|108058,Fos|Gnb1|Gngt1|Hk2|Camk2d,-1.2
hits_MCODE_ALL,GO Biological Processes,19,GO:0051170,import into nucleus,19_GO:0051179 localization,-2.5,10,5,21160,126,50,3,6,3.4,18708|19386|20848,Pik3r1|Ranbp2|Stat3,-1.2
hits_MCODE_ALL,GO Biological Processes,19,GO:0001678,intracellular glucose homeostasis,19_GO:0042592 homeostatic process,-2.5,10,4.9,21160,127,50,3,6,3.4,15275|15277|18708,Hk1|Hk2|Pik3r1,-1.2
hits_MCODE_ALL,GO Biological Processes,19,GO:0042593,glucose homeostasis,19_GO:0042592 homeostatic process,-2.5,6.4,4.3,21160,263,50,4,8,3.8,15275|15277|18708|20848,Hk1|Hk2|Pik3r1|Stat3,-1.2
hits_MCODE_ALL,GO Biological Processes,19,GO:0033500,carbohydrate homeostasis,19_GO:0042592 homeostatic process,-2.5,6.4,4.3,21160,264,50,4,8,3.8,15275|15277|18708|20848,Hk1|Hk2|Pik3r1|Stat3,-1.2
hits_MCODE_ALL,KEGG Pathway,24,mmu04750,Inflammatory mediator regulation of TRP channels - Mus musculus (house mouse),,-2.4,9.8,4.9,21160,130,50,3,6,3.4,18708|18798|108058,Pik3r1|Plcb4|Camk2d,-1.2
hits_MCODE_ALL,KEGG Pathway,24,mmu04144,Endocytosis - Mus musculus (house mouse),,-2.4,6.3,4.2,21160,270,50,4,8,3.8,15511|20404|56324|193740,Hspa1b|Sh3gl2|Stam2|Hspa1a,-1.2
hits_MCODE_ALL,GO Biological Processes,19,GO:0007200,phospholipase C-activating G protein-coupled receptor signaling pathway,19_GO:0050896 response to stimulus,-2.4,9.5,4.8,21160,133,50,3,6,3.4,14688|18798|56077,Gnb1|Plcb4|Dgke,-1.2
hits_MCODE_ALL,KEGG Pathway,24,mmu05020,Prion disease - Mus musculus (house mouse),,-2.4,6.2,4.2,21160,273,50,4,8,3.8,15511|18708|22143|193740,Hspa1b|Pik3r1|Tuba1b|Hspa1a,-1.1
hits_MCODE_ALL,GO Biological Processes,19,GO:0043583,ear development,19_GO:0032502 developmental process,-2.4,6.1,4.2,21160,276,50,4,8,3.8,14173|17921|26380|73750,Fgf2|Myo7a|Esrrb|Whrn,-1.1
hits_MCODE_ALL,GO Biological Processes,19,GO:0030162,regulation of proteolysis,19_GO:0050789 regulation of biological process,-2.4,3.9,3.6,21160,653,50,6,12,4.6,15511|18708|20848|193740|211770|217410,Hspa1b|Pik3r1|Stat3|Hspa1a|Trib1|Trib2,-1.1
hits_MCODE_ALL,Reactome Gene Sets,6,R-MMU-5683057,MAPK family signaling cascades,,-2.4,6.1,4.1,21160,279,50,4,8,3.8,12223|14173|18708|108058,Btc|Fgf2|Pik3r1|Camk2d,-1.1
hits_MCODE_ALL,GO Biological Processes,19,GO:0032886,regulation of microtubule-based process,19_GO:0050789 regulation of biological process,-2.4,6,4.1,21160,280,50,4,8,3.8,15511|76123|100732|193740,Hspa1b|Gpsm2|Mapre3|Hspa1a,-1.1
hits_MCODE_ALL,GO Biological Processes,19,GO:0048588,developmental cell growth,19_GO:0040007 growth,-2.4,9.1,4.7,21160,140,50,3,6,3.4,20404|108058|381022,Sh3gl2|Camk2d|Kmt2d,-1.1
hits_MCODE_ALL,GO Biological Processes,19,GO:0071456,cellular response to hypoxia,19_GO:0050896 response to stimulus,-2.4,9.1,4.7,21160,140,50,3,6,3.4,14281|14688|14699,Fos|Gnb1|Gngt1,-1.1
hits_MCODE_ALL,KEGG Pathway,24,mmu04910,Insulin signaling pathway - Mus musculus (house mouse),,-2.4,9.1,4.7,21160,140,50,3,6,3.4,15275|15277|18708,Hk1|Hk2|Pik3r1,-1.1
hits_MCODE_ALL,GO Biological Processes,19,GO:1903706,regulation of hemopoiesis,19_GO:0002376 immune system process,-2.4,4.6,3.8,21160,459,50,5,10,4.2,14281|15511|18708|20848|211770,Fos|Hspa1b|Pik3r1|Stat3|Trib1,-1.1
hits_MCODE_ALL,GO Biological Processes,19,GO:0051282,regulation of sequestering of calcium ion,19_GO:0042592 homeostatic process,-2.3,8.9,4.6,21160,143,50,3,6,3.4,14173|18798|108058,Fgf2|Plcb4|Camk2d,-1.1
hits_MCODE_ALL,WikiPathways,27,WP1763,Mechanisms associated with pluripotency,,-2.3,5.8,4,21160,292,50,4,8,3.8,14281|20848|26380|381022,Fos|Stat3|Esrrb|Kmt2d,-1.1
hits_MCODE_ALL,KEGG Pathway,24,mmu05224,Breast cancer - Mus musculus (house mouse),,-2.3,8.6,4.5,21160,147,50,3,6,3.4,14173|14281|18708,Fgf2|Fos|Pik3r1,-1.1
hits_MCODE_ALL,GO Biological Processes,19,GO:0016049,cell growth,19_GO:0040007 growth,-2.3,8.5,4.5,21160,150,50,3,6,3.4,20404|108058|381022,Sh3gl2|Camk2d|Kmt2d,-1
hits_MCODE_ALL,KEGG Pathway,24,mmu04010,MAPK signaling pathway - Mus musculus (house mouse),,-2.3,5.7,4,21160,299,50,4,8,3.8,14173|14281|15511|193740,Fgf2|Fos|Hspa1b|Hspa1a,-1
hits_MCODE_ALL,KEGG Pathway,24,mmu04921,Oxytocin signaling pathway - Mus musculus (house mouse),,-2.2,8.3,4.4,21160,153,50,3,6,3.4,14281|18798|108058,Fos|Plcb4|Camk2d,-1
hits_MCODE_ALL,GO Biological Processes,19,GO:0002761,regulation of myeloid leukocyte differentiation,19_GO:0002376 immune system process,-2.2,8.2,4.4,21160,154,50,3,6,3.4,14281|18708|211770,Fos|Pik3r1|Trib1,-1
hits_MCODE_ALL,WikiPathways,27,WP65,Insulin signaling,,-2.2,8,4.3,21160,159,50,3,6,3.4,14281|18641|18708,Fos|Pfkl|Pik3r1,-0.98
hits_MCODE_ALL,GO Biological Processes,19,GO:0043405,regulation of MAP kinase activity,19_GO:0050789 regulation of biological process,-2.2,7.9,4.3,21160,160,50,3,6,3.4,14173|211770|217410,Fgf2|Trib1|Trib2,-0.97
hits_MCODE_ALL,KEGG Pathway,24,mmu04934,Cushing syndrome - Mus musculus (house mouse),,-2.2,7.8,4.3,21160,162,50,3,6,3.4,18798|108058|381022,Plcb4|Camk2d|Kmt2d,-0.96
hits_MCODE_ALL,KEGG Pathway,24,mmu05161,Hepatitis B - Mus musculus (house mouse),,-2.2,7.7,4.2,21160,164,50,3,6,3.4,14281|18708|20848,Fos|Pik3r1|Stat3,-0.95
hits_MCODE_ALL,GO Biological Processes,19,GO:1904375,regulation of protein localization to cell periphery,19_GO:0051179 localization,-2.1,7.6,4.2,21160,166,50,3,6,3.4,18708|76123|108058,Pik3r1|Gpsm2|Camk2d,-0.94
hits_MCODE_ALL,GO Biological Processes,19,GO:0030336,negative regulation of cell migration,19_GO:0040011 locomotion,-2.1,5.2,3.7,21160,328,50,4,8,3.8,14173|20848|58233|211770,Fgf2|Stat3|Dnaja4|Trib1,-0.92
hits_MCODE_ALL,GO Biological Processes,19,GO:0036294,cellular response to decreased oxygen levels,19_GO:0050896 response to stimulus,-2.1,7.5,4.1,21160,170,50,3,6,3.4,14281|14688|14699,Fos|Gnb1|Gngt1,-0.91
hits_MCODE_ALL,KEGG Pathway,24,mmu04630,JAK-STAT signaling pathway - Mus musculus (house mouse),,-2.1,7.4,4.1,21160,171,50,3,6,3.4,18708|20848|56324,Pik3r1|Stat3|Stam2,-0.91
hits_MCODE_ALL,GO Biological Processes,19,GO:0090407,organophosphate biosynthetic process,19_GO:0009987 cellular process,-2.1,4,3.4,21160,529,50,5,10,4.2,15275|18708|28169|52123|56077,Hk1|Pik3r1|Agpat3|Agpat5|Dgke,-0.89
hits_MCODE_ALL,GO Biological Processes,19,GO:0009266,response to temperature stimulus,19_GO:0050896 response to stimulus,-2.1,7.3,4,21160,175,50,3,6,3.4,15511|58233|193740,Hspa1b|Dnaja4|Hspa1a,-0.89
hits_MCODE_ALL,GO Biological Processes,19,GO:0008285,negative regulation of cell population proliferation,19_GO:0048519 negative regulation of biological process,-2.1,3.4,3.2,21160,757,50,6,12,4.6,14173|15511|18708|20848|193740|211770,Fgf2|Hspa1b|Pik3r1|Stat3|Hspa1a|Trib1,-0.87
hits_MCODE_ALL,Reactome Gene Sets,6,R-MMU-6811442,Intra-Golgi and retrograde Golgi-to-ER traffic,,-2.1,7.1,4,21160,178,50,3,6,3.4,16565|22143|28169,Kif21b|Tuba1b|Agpat3,-0.87
hits_MCODE_ALL,GO Biological Processes,19,GO:0030522,intracellular receptor signaling pathway,19_GO:0050896 response to stimulus,-2.1,7.1,4,21160,178,50,3,6,3.4,17978|20848|26381,Ncoa2|Stat3|Esrrg,-0.87
hits_MCODE_ALL,GO Biological Processes,19,GO:2000146,negative regulation of cell motility,19_GO:0040011 locomotion,-2.1,4.9,3.6,21160,344,50,4,8,3.8,14173|20848|58233|211770,Fgf2|Stat3|Dnaja4|Trib1,-0.86
hits_MCODE_ALL,GO Biological Processes,19,GO:0006351,DNA-templated transcription,19_GO:0009987 cellular process,-2.1,3.9,3.3,21160,542,50,5,10,4.2,14173|14281|17978|18708|20848,Fgf2|Fos|Ncoa2|Pik3r1|Stat3,-0.86
hits_MCODE_ALL,GO Biological Processes,19,GO:0051235,maintenance of location,19_GO:0051179 localization,-2,7,3.9,21160,182,50,3,6,3.4,15275|15277|76123,Hk1|Hk2|Gpsm2,-0.85
hits_MCODE_ALL,GO Biological Processes,19,GO:0045766,positive regulation of angiogenesis,19_GO:0032502 developmental process,-2,6.9,3.9,21160,184,50,3,6,3.4,14173|15277|20848,Fgf2|Hk2|Stat3,-0.84
hits_MCODE_ALL,GO Biological Processes,19,GO:0051347,positive regulation of transferase activity,19_GO:0065007 biological regulation,-2,4.8,3.5,21160,351,50,4,8,3.8,14173|100732|211770|217410,Fgf2|Mapre3|Trib1|Trib2,-0.84
hits_MCODE_ALL,GO Biological Processes,19,GO:0044282,small molecule catabolic process,19_GO:0009987 cellular process,-2,4.8,3.5,21160,353,50,4,8,3.8,15275|18640|18641|56421,Hk1|Pfkfb2|Pfkl|Pfkp,-0.83
hits_MCODE_ALL,GO Biological Processes,19,GO:0071478,cellular response to radiation,19_GO:0050896 response to stimulus,-2,6.8,3.9,21160,186,50,3,6,3.4,14685|18708|19739,Gnat1|Pik3r1|Rgs9,-0.83
hits_MCODE_ALL,GO Biological Processes,19,GO:0051302,regulation of cell division,19_GO:0050789 regulation of biological process,-2,6.8,3.9,21160,186,50,3,6,3.4,12223|14173|26380,Btc|Fgf2|Esrrb,-0.83
hits_MCODE_ALL,Reactome Gene Sets,6,R-MMU-1483257,Phospholipid metabolism,,-2,6.8,3.9,21160,187,50,3,6,3.4,18708|28169|52123,Pik3r1|Agpat3|Agpat5,-0.83
hits_MCODE_ALL,GO Biological Processes,19,GO:1904018,positive regulation of vasculature development,19_GO:0032502 developmental process,-2,6.8,3.9,21160,187,50,3,6,3.4,14173|15277|20848,Fgf2|Hk2|Stat3,-0.83
hits_MCODE_ALL,GO Biological Processes,19,GO:0071453,cellular response to oxygen levels,19_GO:0050896 response to stimulus,-2,6.8,3.9,21160,188,50,3,6,3.4,14281|14688|14699,Fos|Gnb1|Gngt1,-0.82
hits_SUB1_MCODE_1,Reactome Gene Sets,6,R-MMU-2485179,Activation of the phototransduction cascade,,-15,1.1e+03,74,21160,8,12,5,42,14,14685|14688|14699|18587|18588,Gnat1|Gnb1|Gngt1|Pde6b|Pde6g,-11
hits_SUB1_MCODE_1,KEGG Pathway,24,mmu04744,Phototransduction - Mus musculus (house mouse),,-15,3.9e+02,48,21160,27,12,6,50,14,14685|14688|14699|18587|18588|19739,Gnat1|Gnb1|Gngt1|Pde6b|Pde6g|Rgs9,-11
hits_SUB1_MCODE_1,Reactome Gene Sets,6,R-MMU-4086398,Ca2+ pathway,,-13,2.3e+02,37,21160,46,12,6,50,14,14688|14693|14695|14699|18587|18588,Gnb1|Gnb2|Gnb3|Gngt1|Pde6b|Pde6g,-9.9
hits_SUB1_MCODE_1,Reactome Gene Sets,6,R-MMU-418594,G alpha (i) signalling events,,-13,52,20,21160,269,12,8,67,14,14685|14688|14693|14695|14699|18798|58175|76123,Gnat1|Gnb1|Gnb2|Gnb3|Gngt1|Plcb4|Rgs20|Gpsm2,-9.6
hits_SUB1_MCODE_1,Reactome Gene Sets,6,R-MMU-388396,GPCR downstream signalling,,-12,29,16,21160,556,12,9,75,12,14685|14688|14693|14695|14699|18708|18798|58175|76123,Gnat1|Gnb1|Gnb2|Gnb3|Gngt1|Pik3r1|Plcb4|Rgs20|Gpsm2,-9.2
hits_SUB1_MCODE_1,Reactome Gene Sets,6,R-MMU-2514856,The phototransduction cascade,,-12,3.3e+02,40,21160,27,12,5,42,14,14685|14688|14699|18587|18588,Gnat1|Gnb1|Gngt1|Pde6b|Pde6g,-9
hits_SUB1_MCODE_1,Reactome Gene Sets,6,R-MMU-372790,Signaling by GPCR,,-12,27,15,21160,589,12,9,75,12,14685|14688|14693|14695|14699|18708|18798|58175|76123,Gnat1|Gnb1|Gnb2|Gnb3|Gngt1|Pik3r1|Plcb4|Rgs20|Gpsm2,-9
hits_SUB1_MCODE_1,Reactome Gene Sets,6,R-MMU-418597,G alpha (z) signalling events,,-11,2.8e+02,38,21160,31,12,5,42,14,14688|14693|14695|14699|58175,Gnb1|Gnb2|Gnb3|Gngt1|Rgs20,-8.8
hits_SUB1_MCODE_1,Reactome Gene Sets,6,R-MMU-3858494,Beta-catenin independent WNT signaling,,-11,95,24,21160,111,12,6,50,14,14688|14693|14695|14699|18587|18588,Gnb1|Gnb2|Gnb3|Gngt1|Pde6b|Pde6g,-8.2
hits_SUB1_MCODE_1,KEGG Pathway,24,mmu04725,Cholinergic synapse - Mus musculus (house mouse),,-11,94,24,21160,113,12,6,50,14,14688|14693|14695|14699|18708|18798,Gnb1|Gnb2|Gnb3|Gngt1|Pik3r1|Plcb4,-8.2
hits_SUB1_MCODE_1,KEGG Pathway,24,mmu04926,Relaxin signaling pathway - Mus musculus (house mouse),,-10,81,22,21160,130,12,6,50,14,14688|14693|14695|14699|18708|18798,Gnb1|Gnb2|Gnb3|Gngt1|Pik3r1|Plcb4,-7.9
hits_SUB1_MCODE_1,WikiPathways,27,WP553,Calcium regulation in cardiac cells,,-10,73,21,21160,145,12,6,50,14,14688|14693|14695|14699|19739|58175,Gnb1|Gnb2|Gnb3|Gngt1|Rgs9|Rgs20,-7.7
hits_SUB1_MCODE_1,WikiPathways,27,WP385,Myometrial relaxation and contraction pathways,,-10,71,20,21160,150,12,6,50,14,14688|14693|14695|14699|19739|58175,Gnb1|Gnb2|Gnb3|Gngt1|Rgs9|Rgs20,-7.6
hits_SUB1_MCODE_1,Reactome Gene Sets,6,R-MMU-8964315,G beta:gamma signalling through BTK,,-9.7,3.9e+02,40,21160,18,12,4,33,14,14688|14693|14695|14699,Gnb1|Gnb2|Gnb3|Gngt1,-7.4
hits_SUB1_MCODE_1,Reactome Gene Sets,6,R-MMU-9009391,Extra-nuclear estrogen signaling,,-9.7,1.3e+02,26,21160,66,12,5,42,14,14688|14693|14695|14699|18708,Gnb1|Gnb2|Gnb3|Gngt1|Pik3r1,-7.3
hits_SUB1_MCODE_1,Reactome Gene Sets,6,R-MMU-111885,Opioid Signalling,,-9.7,1.3e+02,26,21160,67,12,5,42,14,14688|14693|14695|14699|18798,Gnb1|Gnb2|Gnb3|Gngt1|Plcb4,-7.3
hits_SUB1_MCODE_1,Reactome Gene Sets,6,R-MMU-8964616,G beta:gamma signalling through CDC42,,-9.6,3.7e+02,38,21160,19,12,4,33,14,14688|14693|14695|14699,Gnb1|Gnb2|Gnb3|Gngt1,-7.3
hits_SUB1_MCODE_1,Reactome Gene Sets,6,R-MMU-392851,Prostacyclin signalling through prostacyclin receptor,,-9.6,3.7e+02,38,21160,19,12,4,33,14,14688|14693|14695|14699,Gnb1|Gnb2|Gnb3|Gngt1,-7.3
hits_SUB1_MCODE_1,GO Biological Processes,19,GO:0009416,response to light stimulus,19_GO:0050896 response to stimulus,-9.6,35,15,21160,350,12,7,58,14,14685|14688|14699|18587|18708|19739|76123,Gnat1|Gnb1|Gngt1|Pde6b|Pik3r1|Rgs9|Gpsm2,-7.3
hits_SUB1_MCODE_1,Reactome Gene Sets,6,R-MMU-9709957,Sensory Perception,,-9.6,61,19,21160,173,12,6,50,14,14685|14688|14695|14699|18587|18588,Gnat1|Gnb1|Gnb3|Gngt1|Pde6b|Pde6g,-7.3
hits_SUB1_MCODE_1,Reactome Gene Sets,6,R-MMU-418217,G beta:gamma signalling through PLC beta,,-9.5,3.5e+02,37,21160,20,12,4,33,14,14688|14693|14695|14699,Gnb1|Gnb2|Gnb3|Gngt1,-7.2
hits_SUB1_MCODE_1,WikiPathways,27,WP2292,Chemokine signaling pathway,,-9.5,59,19,21160,178,12,6,50,14,14688|14693|14695|14699|18708|18798,Gnb1|Gnb2|Gnb3|Gngt1|Pik3r1|Plcb4,-7.2
hits_SUB1_MCODE_1,Reactome Gene Sets,6,R-MMU-500657,Presynaptic function of Kainate receptors,,-9.5,3.4e+02,37,21160,21,12,4,33,14,14688|14693|14695|14699,Gnb1|Gnb2|Gnb3|Gngt1,-7.2
hits_SUB1_MCODE_1,Reactome Gene Sets,6,R-MMU-400042,"Adrenaline,noradrenaline inhibits insulin secretion",,-9.4,3.2e+02,36,21160,22,12,4,33,14,14688|14693|14695|14699,Gnb1|Gnb2|Gnb3|Gngt1,-7.1
hits_SUB1_MCODE_1,Reactome Gene Sets,6,R-MMU-392170,ADP signalling through P2Y purinoceptor 12,,-9.4,3.2e+02,36,21160,22,12,4,33,14,14688|14693|14695|14699,Gnb1|Gnb2|Gnb3|Gngt1,-7.1
hits_SUB1_MCODE_1,KEGG Pathway,24,mmu04062,Chemokine signaling pathway - Mus musculus (house mouse),,-9.3,55,18,21160,193,12,6,50,14,14688|14693|14695|14699|18708|18798,Gnb1|Gnb2|Gnb3|Gngt1|Pik3r1|Plcb4,-7.1
hits_SUB1_MCODE_1,Reactome Gene Sets,6,R-MMU-202040,G-protein activation,,-9.3,3.1e+02,35,21160,23,12,4,33,14,14688|14693|14695|14699,Gnb1|Gnb2|Gnb3|Gngt1,-7
hits_SUB1_MCODE_1,Reactome Gene Sets,6,R-MMU-416476,G alpha (q) signalling events,,-9.3,54,18,21160,197,12,6,50,14,14688|14693|14695|14699|18708|18798,Gnb1|Gnb2|Gnb3|Gngt1|Pik3r1|Plcb4,-7
hits_SUB1_MCODE_1,Reactome Gene Sets,6,R-MMU-428930,Thromboxane signalling through TP receptor,,-9.2,2.9e+02,34,21160,24,12,4,33,14,14688|14693|14695|14699,Gnb1|Gnb2|Gnb3|Gngt1,-7
hits_SUB1_MCODE_1,Reactome Gene Sets,6,R-MMU-2187338,Visual phototransduction,,-9.1,1e+02,23,21160,85,12,5,42,14,14685|14688|14699|18587|18588,Gnat1|Gnb1|Gngt1|Pde6b|Pde6g,-6.9
hits_SUB1_MCODE_1,Reactome Gene Sets,6,R-MMU-392451,G beta:gamma signalling through PI3Kgamma,,-9.1,2.8e+02,34,21160,25,12,4,33,14,14688|14693|14695|14699,Gnb1|Gnb2|Gnb3|Gngt1,-6.9
hits_SUB1_MCODE_1,Reactome Gene Sets,6,R-MMU-418592,ADP signalling through P2Y purinoceptor 1,,-9.1,2.8e+02,34,21160,25,12,4,33,14,14688|14693|14695|14699,Gnb1|Gnb2|Gnb3|Gngt1,-6.9
hits_SUB1_MCODE_1,Reactome Gene Sets,6,R-MMU-195721,Signaling by WNT,,-9.1,49,17,21160,214,12,6,50,14,14688|14693|14695|14699|18587|18588,Gnb1|Gnb2|Gnb3|Gngt1|Pde6b|Pde6g,-6.8
hits_SUB1_MCODE_1,Reactome Gene Sets,6,R-MMU-2514859,"Inactivation, recovery and regulation of the phototransduction cascade",,-9.1,2.7e+02,33,21160,26,12,4,33,14,14685|14699|18587|18588,Gnat1|Gngt1|Pde6b|Pde6g,-6.8
hits_SUB1_MCODE_1,Reactome Gene Sets,6,R-MMU-9634597,GPER1 signaling,,-9.1,2.7e+02,33,21160,26,12,4,33,14,14688|14693|14695|14699,Gnb1|Gnb2|Gnb3|Gngt1,-6.8
hits_SUB1_MCODE_1,Reactome Gene Sets,6,R-MMU-997272,Inhibition  of voltage gated Ca2+ channels via Gbeta/gamma subunits,,-8.9,2.5e+02,32,21160,28,12,4,33,14,14688|14693|14695|14699,Gnb1|Gnb2|Gnb3|Gngt1,-6.7
hits_SUB1_MCODE_1,Reactome Gene Sets,6,R-MMU-1296041,Activation of G protein gated Potassium channels,,-8.9,2.5e+02,32,21160,28,12,4,33,14,14688|14693|14695|14699,Gnb1|Gnb2|Gnb3|Gngt1,-6.7
hits_SUB1_MCODE_1,Reactome Gene Sets,6,R-MMU-1296059,G protein gated Potassium channels,,-8.9,2.5e+02,32,21160,28,12,4,33,14,14688|14693|14695|14699,Gnb1|Gnb2|Gnb3|Gngt1,-6.7
hits_SUB1_MCODE_1,KEGG Pathway,24,mmu04713,Circadian entrainment - Mus musculus (house mouse),,-8.8,89,21,21160,99,12,5,42,14,14688|14693|14695|14699|18798,Gnb1|Gnb2|Gnb3|Gngt1|Plcb4,-6.6
hits_SUB1_MCODE_1,Reactome Gene Sets,6,R-MMU-432040,Vasopressin regulates renal water homeostasis via Aquaporins,,-8.8,2.4e+02,31,21160,30,12,4,33,14,14688|14693|14695|14699,Gnb1|Gnb2|Gnb3|Gngt1,-6.6
hits_SUB1_MCODE_1,Reactome Gene Sets,6,R-MMU-451326,Activation of kainate receptors upon glutamate binding,,-8.8,2.4e+02,31,21160,30,12,4,33,14,14688|14693|14695|14699,Gnb1|Gnb2|Gnb3|Gngt1,-6.6
hits_SUB1_MCODE_1,Reactome Gene Sets,6,R-MMU-397795,G-protein beta:gamma signalling,,-8.7,2.3e+02,30,21160,31,12,4,33,14,14688|14693|14695|14699,Gnb1|Gnb2|Gnb3|Gngt1,-6.6
hits_SUB1_MCODE_1,Reactome Gene Sets,6,R-MMU-381676,Glucagon-like Peptide-1 (GLP1) regulates insulin secretion,,-8.7,2.3e+02,30,21160,31,12,4,33,14,14688|14693|14695|14699,Gnb1|Gnb2|Gnb3|Gngt1,-6.6
hits_SUB1_MCODE_1,GO Biological Processes,19,GO:0009314,response to radiation,19_GO:0050896 response to stimulus,-8.7,26,13,21160,478,12,7,58,14,14685|14688|14699|18587|18708|19739|76123,Gnat1|Gnb1|Gngt1|Pde6b|Pik3r1|Rgs9|Gpsm2,-6.5
hits_SUB1_MCODE_1,Reactome Gene Sets,6,R-MMU-456926,Thrombin signalling through proteinase activated receptors (PARs),,-8.7,2.2e+02,30,21160,32,12,4,33,14,14688|14693|14695|14699,Gnb1|Gnb2|Gnb3|Gngt1,-6.5
hits_SUB1_MCODE_1,Reactome Gene Sets,6,R-MMU-420092,Glucagon-type ligand receptors,,-8.6,2.1e+02,29,21160,33,12,4,33,14,14688|14693|14695|14699,Gnb1|Gnb2|Gnb3|Gngt1,-6.5
hits_SUB1_MCODE_1,Reactome Gene Sets,6,R-MMU-392518,Signal amplification,,-8.6,2.1e+02,29,21160,33,12,4,33,14,14688|14693|14695|14699,Gnb1|Gnb2|Gnb3|Gngt1,-6.5
hits_SUB1_MCODE_1,KEGG Pathway,24,mmu05163,Human cytomegalovirus infection - Mus musculus (house mouse),,-8.6,42,16,21160,254,12,6,50,14,14688|14693|14695|14699|18708|18798,Gnb1|Gnb2|Gnb3|Gngt1|Pik3r1|Plcb4,-6.5
hits_SUB1_MCODE_1,Reactome Gene Sets,6,R-MMU-1296065,Inwardly rectifying K+ channels,,-8.6,2.1e+02,29,21160,34,12,4,33,14,14688|14693|14695|14699,Gnb1|Gnb2|Gnb3|Gngt1,-6.4
hits_SUB1_MCODE_1,Reactome Gene Sets,6,R-MMU-6814122,Cooperation of PDCL (PhLP1) and TRiC/CCT in G-protein beta folding,,-8.5,2e+02,28,21160,36,12,4,33,14,14688|14693|14695|14699,Gnb1|Gnb2|Gnb3|Gngt1,-6.4
hits_SUB1_MCODE_1,KEGG Pathway,24,mmu04724,Glutamatergic synapse - Mus musculus (house mouse),,-8.5,76,19,21160,116,12,5,42,14,14688|14693|14695|14699|18798,Gnb1|Gnb2|Gnb3|Gngt1|Plcb4,-6.4
hits_SUB1_MCODE_1,Reactome Gene Sets,6,R-MMU-390466,Chaperonin-mediated protein folding,,-8.4,1.9e+02,28,21160,37,12,4,33,14,14688|14693|14695|14699,Gnb1|Gnb2|Gnb3|Gngt1,-6.3
hits_SUB1_MCODE_1,Reactome Gene Sets,6,R-MMU-391251,Protein folding,,-8.4,1.9e+02,28,21160,37,12,4,33,14,14688|14693|14695|14699,Gnb1|Gnb2|Gnb3|Gngt1,-6.3
hits_SUB1_MCODE_1,Reactome Gene Sets,6,R-MMU-445717,Aquaporin-mediated transport,,-8.4,1.9e+02,28,21160,37,12,4,33,14,14688|14693|14695|14699,Gnb1|Gnb2|Gnb3|Gngt1,-6.3
hits_SUB1_MCODE_1,Reactome Gene Sets,6,R-MMU-991365,Activation of GABAB receptors,,-8.3,1.8e+02,26,21160,40,12,4,33,14,14688|14693|14695|14699,Gnb1|Gnb2|Gnb3|Gngt1,-6.2
hits_SUB1_MCODE_1,Reactome Gene Sets,6,R-MMU-977444,GABA B receptor activation,,-8.3,1.8e+02,26,21160,40,12,4,33,14,14688|14693|14695|14699,Gnb1|Gnb2|Gnb3|Gngt1,-6.2
hits_SUB1_MCODE_1,KEGG Pathway,24,mmu04728,Dopaminergic synapse - Mus musculus (house mouse),,-8.1,65,18,21160,136,12,5,42,14,14688|14693|14695|14699|18798,Gnb1|Gnb2|Gnb3|Gngt1|Plcb4,-6.1
hits_SUB1_MCODE_1,KEGG Pathway,24,mmu04726,Serotonergic synapse - Mus musculus (house mouse),,-8.1,65,18,21160,136,12,5,42,14,14688|14693|14695|14699|18798,Gnb1|Gnb2|Gnb3|Gngt1|Plcb4,-6.1
hits_SUB1_MCODE_1,KEGG Pathway,24,mmu04371,Apelin signaling pathway - Mus musculus (house mouse),,-8.1,63,18,21160,139,12,5,42,14,14688|14693|14695|14699|18798,Gnb1|Gnb2|Gnb3|Gngt1|Plcb4,-6
hits_SUB1_MCODE_1,Reactome Gene Sets,6,R-MMU-9856530,High laminar flow shear stress activates signaling by PIEZO1 and PECAM1:CDH5:KDR in endothelial cells,,-8.1,1.6e+02,25,21160,45,12,4,33,14,14688|14693|14695|14699,Gnb1|Gnb2|Gnb3|Gngt1,-6
hits_SUB1_MCODE_1,Reactome Gene Sets,6,R-MMU-8939211,ESR-mediated signaling,,-7.9,58,17,21160,153,12,5,42,14,14688|14693|14695|14699|18708,Gnb1|Gnb2|Gnb3|Gngt1|Pik3r1,-5.9
hits_SUB1_MCODE_1,KEGG Pathway,24,mmu04723,Retrograde endocannabinoid signaling - Mus musculus (house mouse),,-7.9,58,17,21160,153,12,5,42,14,14688|14693|14695|14699|18798,Gnb1|Gnb2|Gnb3|Gngt1|Plcb4,-5.9
hits_SUB1_MCODE_1,GO Biological Processes,19,GO:0009583,detection of light stimulus,19_GO:0050896 response to stimulus,-7.7,1.3e+02,23,21160,54,12,4,33,14,14685|14688|14699|18587,Gnat1|Gnb1|Gngt1|Pde6b,-5.7
hits_SUB1_MCODE_1,Reactome Gene Sets,6,R-MMU-373080,Class B/2 (Secretin family receptors),,-7.7,1.3e+02,22,21160,56,12,4,33,14,14688|14693|14695|14699,Gnb1|Gnb2|Gnb3|Gngt1,-5.7
hits_SUB1_MCODE_1,Reactome Gene Sets,6,R-MMU-977443,GABA receptor activation,,-7.7,1.3e+02,22,21160,56,12,4,33,14,14688|14693|14695|14699,Gnb1|Gnb2|Gnb3|Gngt1,-5.7
hits_SUB1_MCODE_1,Reactome Gene Sets,6,R-MMU-422356,Regulation of insulin secretion,,-7.6,1.2e+02,22,21160,59,12,4,33,14,14688|14693|14695|14699,Gnb1|Gnb2|Gnb3|Gngt1,-5.6
hits_SUB1_MCODE_1,Reactome Gene Sets,6,R-MMU-9860931,Response of endothelial cells to shear stress,,-7.4,1.1e+02,21,21160,64,12,4,33,14,14688|14693|14695|14699,Gnb1|Gnb2|Gnb3|Gngt1,-5.5
hits_SUB1_MCODE_1,Reactome Gene Sets,6,R-MMU-9855142,Cellular responses to mechanical stimuli,,-7.4,1.1e+02,21,21160,64,12,4,33,14,14688|14693|14695|14699,Gnb1|Gnb2|Gnb3|Gngt1,-5.5
hits_SUB1_MCODE_1,Reactome Gene Sets,6,R-MMU-416482,G alpha (12/13) signalling events,,-7.3,1e+02,20,21160,69,12,4,33,14,14688|14693|14695|14699,Gnb1|Gnb2|Gnb3|Gngt1,-5.3
hits_SUB1_MCODE_1,Reactome Gene Sets,6,R-MMU-163685,Integration of energy metabolism,,-7.3,1e+02,20,21160,70,12,4,33,14,14688|14693|14695|14699,Gnb1|Gnb2|Gnb3|Gngt1,-5.3
hits_SUB1_MCODE_1,Reactome Gene Sets,6,R-MMU-9006931,Signaling by Nuclear Receptors,,-7.2,43,14,21160,203,12,5,42,14,14688|14693|14695|14699|18708,Gnb1|Gnb2|Gnb3|Gngt1|Pik3r1,-5.3
hits_SUB1_MCODE_1,Reactome Gene Sets,6,R-MMU-418346,Platelet homeostasis,,-7.2,97,19,21160,73,12,4,33,14,14688|14693|14695|14699,Gnb1|Gnb2|Gnb3|Gngt1,-5.3
hits_SUB1_MCODE_1,KEGG Pathway,24,mmu05167,Kaposi sarcoma-associated herpesvirus infection - Mus musculus (house mouse),,-7,40,14,21160,223,12,5,42,14,14688|14693|14695|14699|18708,Gnb1|Gnb2|Gnb3|Gngt1|Pik3r1,-5.1
hits_SUB1_MCODE_1,GO Biological Processes,19,GO:0009642,response to light intensity,19_GO:0050896 response to stimulus,-6.9,2.9e+02,30,21160,18,12,3,25,12,14685|19739|76123,Gnat1|Rgs9|Gpsm2,-5
hits_SUB1_MCODE_1,KEGG Pathway,24,mmu04014,Ras signaling pathway - Mus musculus (house mouse),,-6.9,37,13,21160,236,12,5,42,14,14688|14693|14695|14699|18708,Gnb1|Gnb2|Gnb3|Gngt1|Pik3r1,-5
hits_SUB1_MCODE_1,Reactome Gene Sets,6,R-MMU-76002,"Platelet activation, signaling and aggregation",,-6.9,37,13,21160,239,12,5,42,14,14688|14693|14695|14699|18708,Gnb1|Gnb2|Gnb3|Gngt1|Pik3r1,-5
hits_SUB1_MCODE_1,KEGG Pathway,24,mmu05170,Human immunodeficiency virus 1 infection - Mus musculus (house mouse),,-6.9,37,13,21160,241,12,5,42,14,14688|14693|14695|14699|18708,Gnb1|Gnb2|Gnb3|Gngt1|Pik3r1,-5
hits_SUB1_MCODE_1,WikiPathways,27,WP232,G protein signaling pathways,,-6.8,78,18,21160,90,12,4,33,14,14688|14693|14695|14699,Gnb1|Gnb2|Gnb3|Gngt1,-4.9
hits_SUB1_MCODE_1,KEGG Pathway,24,mmu04727,GABAergic synapse - Mus musculus (house mouse),,-6.8,78,18,21160,90,12,4,33,14,14688|14693|14695|14699,Gnb1|Gnb2|Gnb3|Gngt1,-4.9
hits_SUB1_MCODE_1,KEGG Pathway,24,mmu05032,Morphine addiction - Mus musculus (house mouse),,-6.8,77,17,21160,92,12,4,33,14,14688|14693|14695|14699,Gnb1|Gnb2|Gnb3|Gngt1,-4.9
hits_SUB1_MCODE_1,Reactome Gene Sets,6,R-MMU-1296071,Potassium Channels,,-6.7,72,17,21160,98,12,4,33,14,14688|14693|14695|14699,Gnb1|Gnb2|Gnb3|Gngt1,-4.8
hits_SUB1_MCODE_1,KEGG Pathway,24,mmu05200,Pathways in cancer - Mus musculus (house mouse),,-6.6,19,10,21160,548,12,6,50,14,14688|14693|14695|14699|18708|18798,Gnb1|Gnb2|Gnb3|Gngt1|Pik3r1|Plcb4,-4.7
hits_SUB1_MCODE_1,WikiPathways,27,WP2841,Focal adhesion PI3K Akt mTOR signaling pathway,,-6.2,27,11,21160,322,12,5,42,14,14688|14693|14695|14699|18708,Gnb1|Gnb2|Gnb3|Gngt1|Pik3r1,-4.4
hits_SUB1_MCODE_1,GO Biological Processes,19,GO:0007602,phototransduction,19_GO:0050896 response to stimulus,-6.2,1.7e+02,23,21160,31,12,3,25,12,14685|14688|14699,Gnat1|Gnb1|Gngt1,-4.4
hits_SUB1_MCODE_1,Reactome Gene Sets,6,R-MMU-418555,G alpha (s) signalling events,,-6.2,55,15,21160,129,12,4,33,14,14688|14693|14695|14699,Gnb1|Gnb2|Gnb3|Gngt1,-4.4
hits_SUB1_MCODE_1,Reactome Gene Sets,6,R-MMU-112314,Neurotransmitter receptors and postsynaptic signal transmission,,-6.1,53,14,21160,134,12,4,33,14,14688|14693|14695|14699,Gnb1|Gnb2|Gnb3|Gngt1,-4.3
hits_SUB1_MCODE_1,GO Biological Processes,19,GO:0009582,detection of abiotic stimulus,19_GO:0050896 response to stimulus,-6,49,14,21160,144,12,4,33,14,14685|14688|14699|18587,Gnat1|Gnb1|Gngt1|Pde6b,-4.2
hits_SUB1_MCODE_1,GO Biological Processes,19,GO:0009581,detection of external stimulus,19_GO:0050896 response to stimulus,-6,49,14,21160,145,12,4,33,14,14685|14688|14699|18587,Gnat1|Gnb1|Gngt1|Pde6b,-4.2
hits_SUB1_MCODE_1,KEGG Pathway,24,mmu04151,PI3K-Akt signaling pathway - Mus musculus (house mouse),,-6,24,11,21160,367,12,5,42,14,14688|14693|14695|14699|18708,Gnb1|Gnb2|Gnb3|Gngt1|Pik3r1,-4.2
hits_SUB1_MCODE_1,GO Biological Processes,19,GO:0007601,visual perception,19_GO:0032501 multicellular organismal process,-5.8,43,13,21160,163,12,4,33,14,14685|18587|18588|19739,Gnat1|Pde6b|Pde6g|Rgs9,-4
hits_SUB1_MCODE_1,GO Biological Processes,19,GO:0050953,sensory perception of light stimulus,19_GO:0032501 multicellular organismal process,-5.8,42,13,21160,167,12,4,33,14,14685|18587|18588|19739,Gnat1|Pde6b|Pde6g|Rgs9,-4
hits_SUB1_MCODE_1,Reactome Gene Sets,6,R-MMU-112315,Transmission across Chemical Synapses,,-5.5,36,12,21160,196,12,4,33,14,14688|14693|14695|14699,Gnb1|Gnb2|Gnb3|Gngt1,-3.7
hits_SUB1_MCODE_1,KEGG Pathway,24,mmu05034,Alcoholism - Mus musculus (house mouse),,-5.4,34,11,21160,207,12,4,33,14,14688|14693|14695|14699,Gnb1|Gnb2|Gnb3|Gngt1,-3.7
hits_SUB1_MCODE_1,Reactome Gene Sets,6,R-MMU-109582,Hemostasis,,-5.3,17,8.9,21160,505,12,5,42,14,14688|14693|14695|14699|18708,Gnb1|Gnb2|Gnb3|Gngt1|Pik3r1,-3.6
hits_SUB1_MCODE_1,Reactome Gene Sets,6,R-MMU-112316,Neuronal System,,-4.7,22,9.1,21160,314,12,4,33,14,14688|14693|14695|14699,Gnb1|Gnb2|Gnb3|Gngt1,-3.1
hits_SUB1_MCODE_1,GO Biological Processes,19,GO:0071482,cellular response to light stimulus,19_GO:0050896 response to stimulus,-4.5,46,12,21160,115,12,3,25,12,14685|18708|19739,Gnat1|Pik3r1|Rgs9,-2.9
hits_SUB1_MCODE_1,Reactome Gene Sets,6,R-MMU-500792,GPCR ligand binding,,-4.3,18,8.1,21160,391,12,4,33,14,14688|14693|14695|14699,Gnb1|Gnb2|Gnb3|Gngt1,-2.7
hits_SUB1_MCODE_1,GO Biological Processes,19,GO:0001654,eye development,19_GO:0032502 developmental process,-4,15,7.4,21160,460,12,4,33,14,14685|14688|14699|18587,Gnat1|Gnb1|Gngt1|Pde6b,-2.5
hits_SUB1_MCODE_1,GO Biological Processes,19,GO:0150063,visual system development,19_GO:0032502 developmental process,-4,15,7.4,21160,463,12,4,33,14,14685|14688|14699|18587,Gnat1|Gnb1|Gngt1|Pde6b,-2.5
hits_SUB1_MCODE_1,GO Biological Processes,19,GO:0048880,sensory system development,19_GO:0032502 developmental process,-4,15,7.3,21160,470,12,4,33,14,14685|14688|14699|18587,Gnat1|Gnb1|Gngt1|Pde6b,-2.5
hits_SUB1_MCODE_1,GO Biological Processes,19,GO:0071478,cellular response to radiation,19_GO:0050896 response to stimulus,-3.9,28,9,21160,186,12,3,25,12,14685|18708|19739,Gnat1|Pik3r1|Rgs9,-2.4
hits_SUB1_MCODE_1,Reactome Gene Sets,6,R-MMU-8953897,Cellular responses to stimuli,,-3.7,13,6.7,21160,543,12,4,33,14,14688|14693|14695|14699,Gnb1|Gnb2|Gnb3|Gngt1,-2.3
hits_SUB1_MCODE_1,GO Biological Processes,19,GO:0060041,retina development in camera-type eye,19_GO:0032502 developmental process,-3.7,25,8.3,21160,212,12,3,25,12,14685|14688|18587,Gnat1|Gnb1|Pde6b,-2.2
hits_SUB1_MCODE_1,GO Biological Processes,19,GO:0051606,detection of stimulus,19_GO:0050896 response to stimulus,-3.6,12,6.4,21160,601,12,4,33,14,14685|14688|14699|18587,Gnat1|Gnb1|Gngt1|Pde6b,-2.1
hits_SUB1_MCODE_1,Reactome Gene Sets,6,R-MMU-382551,Transport of small molecules,,-3.5,11,6.1,21160,638,12,4,33,14,14688|14693|14695|14699,Gnb1|Gnb2|Gnb3|Gngt1,-2
hits_SUB1_MCODE_1,GO Biological Processes,19,GO:0007423,sensory organ development,19_GO:0032502 developmental process,-3.3,9.9,5.8,21160,710,12,4,33,14,14685|14688|14699|18587,Gnat1|Gnb1|Gngt1|Pde6b,-1.9
hits_SUB1_MCODE_1,GO Biological Processes,19,GO:0071214,cellular response to abiotic stimulus,19_GO:0050896 response to stimulus,-2.9,13,5.9,21160,392,12,3,25,12,14685|18708|19739,Gnat1|Pik3r1|Rgs9,-1.6
hits_SUB1_MCODE_1,GO Biological Processes,19,GO:0104004,cellular response to environmental stimulus,19_GO:0050896 response to stimulus,-2.9,13,5.9,21160,392,12,3,25,12,14685|18708|19739,Gnat1|Pik3r1|Rgs9,-1.6
hits_SUB1_MCODE_1,GO Biological Processes,19,GO:0043010,camera-type eye development,19_GO:0032502 developmental process,-2.8,13,5.8,21160,413,12,3,25,12,14685|14688|18587,Gnat1|Gnb1|Pde6b,-1.5
hits_SUB1_MCODE_1,GO Biological Processes,19,GO:0010959,regulation of metal ion transport,19_GO:0051179 localization,-2.8,12,5.6,21160,442,12,3,25,12,14693|18798|19739,Gnb2|Plcb4|Rgs9,-1.4
hits_SUB1_MCODE_1,GO Biological Processes,19,GO:0043269,regulation of monoatomic ion transport,19_GO:0051179 localization,-2.6,10,5,21160,521,12,3,25,12,14693|18798|19739,Gnb2|Plcb4|Rgs9,-1.3
hits_SUB1_MCODE_2,Reactome Gene Sets,6,R-MMU-3371497,HSP90 chaperone cycle for steroid hormone receptors (SHR) in the presence of ligand,,-8.5,1.9e+02,27,21160,50,9,4,44,17,15511|22143|58233|193740,Hspa1b|Tuba1b|Dnaja4|Hspa1a,-6.4
hits_SUB1_MCODE_2,GO Biological Processes,19,GO:0042026,protein refolding,19_GO:0009987 cellular process,-7.2,3.4e+02,32,21160,21,9,3,33,16,15511|58233|193740,Hspa1b|Dnaja4|Hspa1a,-5.2
hits_SUB1_MCODE_2,GO Biological Processes,19,GO:0006457,protein folding,19_GO:0009987 cellular process,-6.2,52,14,21160,181,9,4,44,17,15511|19386|58233|193740,Hspa1b|Ranbp2|Dnaja4|Hspa1a,-4.4
hits_SUB1_MCODE_2,Reactome Gene Sets,6,R-MMU-2262752,Cellular responses to stress,,-6.2,24,11,21160,480,9,5,56,17,15511|19386|22143|58233|193740,Hspa1b|Ranbp2|Tuba1b|Dnaja4|Hspa1a,-4.4
hits_SUB1_MCODE_2,Reactome Gene Sets,6,R-MMU-8953897,Cellular responses to stimuli,,-5.9,22,10,21160,543,9,5,56,17,15511|19386|22143|58233|193740,Hspa1b|Ranbp2|Tuba1b|Dnaja4|Hspa1a,-4.1
hits_SUB1_MCODE_2,GO Biological Processes,19,GO:0031113,regulation of microtubule polymerization,19_GO:0050789 regulation of biological process,-5.8,1.2e+02,19,21160,58,9,3,33,16,15511|100732|193740,Hspa1b|Mapre3|Hspa1a,-4
hits_SUB1_MCODE_2,Reactome Gene Sets,6,R-MMU-3371453,Regulation of HSF1-mediated heat shock response,,-5.7,1.2e+02,18,21160,61,9,3,33,16,15511|19386|193740,Hspa1b|Ranbp2|Hspa1a,-4
hits_SUB1_MCODE_2,Reactome Gene Sets,6,R-MMU-9833482,PKR-mediated signaling,,-5.7,1.1e+02,18,21160,63,9,3,33,16,15511|22143|193740,Hspa1b|Tuba1b|Hspa1a,-3.9
hits_SUB1_MCODE_2,Reactome Gene Sets,6,R-MMU-3371556,Cellular response to heat stress,,-5.4,89,16,21160,79,9,3,33,16,15511|19386|193740,Hspa1b|Ranbp2|Hspa1a,-3.7
hits_SUB1_MCODE_2,Reactome Gene Sets,6,R-MMU-1169410,Antiviral mechanism by IFN-stimulated genes,,-5.2,78,15,21160,90,9,3,33,16,15511|22143|193740,Hspa1b|Tuba1b|Hspa1a,-3.5
hits_SUB1_MCODE_2,GO Biological Processes,19,GO:0009408,response to heat,19_GO:0050896 response to stimulus,-5.2,75,15,21160,94,9,3,33,16,15511|58233|193740,Hspa1b|Dnaja4|Hspa1a,-3.5
hits_SUB1_MCODE_2,GO Biological Processes,19,GO:0031110,regulation of microtubule polymerization or depolymerization,19_GO:0050789 regulation of biological process,-5.1,71,14,21160,99,9,3,33,16,15511|100732|193740,Hspa1b|Mapre3|Hspa1a,-3.4
hits_SUB1_MCODE_2,Reactome Gene Sets,6,R-MMU-913531,Interferon Signaling,,-4.7,53,12,21160,133,9,3,33,16,15511|22143|193740,Hspa1b|Tuba1b|Hspa1a,-3.1
hits_SUB1_MCODE_2,GO Biological Processes,19,GO:0070507,regulation of microtubule cytoskeleton organization,19_GO:0050789 regulation of biological process,-4.4,42,11,21160,167,9,3,33,16,15511|100732|193740,Hspa1b|Mapre3|Hspa1a,-2.8
hits_SUB1_MCODE_2,GO Biological Processes,19,GO:0009266,response to temperature stimulus,19_GO:0050896 response to stimulus,-4.3,40,11,21160,175,9,3,33,16,15511|58233|193740,Hspa1b|Dnaja4|Hspa1a,-2.8
hits_SUB1_MCODE_2,GO Biological Processes,19,GO:0051604,protein maturation,19_GO:0009987 cellular process,-4.3,17,7.9,21160,555,9,4,44,17,15511|19386|58233|193740,Hspa1b|Ranbp2|Dnaja4|Hspa1a,-2.7
hits_SUB1_MCODE_2,GO Biological Processes,19,GO:0032271,regulation of protein polymerization,19_GO:0050789 regulation of biological process,-4.1,33,9.8,21160,211,9,3,33,16,15511|100732|193740,Hspa1b|Mapre3|Hspa1a,-2.6
hits_SUB1_MCODE_2,KEGG Pathway,24,mmu05020,Prion disease - Mus musculus (house mouse),,-3.8,26,8.5,21160,273,9,3,33,16,15511|22143|193740,Hspa1b|Tuba1b|Hspa1a,-2.3
hits_SUB1_MCODE_2,GO Biological Processes,19,GO:0032886,regulation of microtubule-based process,19_GO:0050789 regulation of biological process,-3.7,25,8.4,21160,280,9,3,33,16,15511|100732|193740,Hspa1b|Mapre3|Hspa1a,-2.3
hits_SUB1_MCODE_2,GO Biological Processes,19,GO:1902903,regulation of supramolecular fiber organization,19_GO:0050789 regulation of biological process,-3.3,17,6.9,21160,408,9,3,33,16,15511|100732|193740,Hspa1b|Mapre3|Hspa1a,-1.9
hits_SUB1_MCODE_2,Reactome Gene Sets,6,R-MMU-1280215,Cytokine Signaling in Immune system,,-3.2,16,6.5,21160,444,9,3,33,16,15511|22143|193740,Hspa1b|Tuba1b|Hspa1a,-1.8
hits_SUB1_MCODE_2,GO Biological Processes,19,GO:0043254,regulation of protein-containing complex assembly,19_GO:0050789 regulation of biological process,-3.1,15,6.4,21160,466,9,3,33,16,15511|100732|193740,Hspa1b|Mapre3|Hspa1a,-1.7
hits_SUB1_MCODE_2,GO Biological Processes,19,GO:0051493,regulation of cytoskeleton organization,19_GO:0050789 regulation of biological process,-2.9,13,5.8,21160,557,9,3,33,16,15511|100732|193740,Hspa1b|Mapre3|Hspa1a,-1.5
hits_SUB1_MCODE_2,Reactome Gene Sets,6,R-MMU-8953854,Metabolism of RNA,,-2.8,12,5.7,21160,568,9,3,33,16,15511|19386|193740,Hspa1b|Ranbp2|Hspa1a,-1.5
hits_SUB1_MCODE_2,GO Biological Processes,19,GO:0000226,microtubule cytoskeleton organization,19_GO:0009987 cellular process,-2.8,12,5.6,21160,588,9,3,33,16,22143|78785|100732,Tuba1b|Clip4|Mapre3,-1.5
hits_SUB1_MCODE_3,GO Biological Processes,19,GO:0048545,response to steroid hormone,19_GO:0050896 response to stimulus,-4.1,31,9.4,21160,293,7,3,43,19,17978|26380|26381,Ncoa2|Esrrb|Esrrg,-2.5
hits_SUB1_MCODE_3,GO Biological Processes,19,GO:0009896,positive regulation of catabolic process,19_GO:0048518 positive regulation of biological process,-3.3,17,6.7,21160,546,7,3,43,19,26380|211770|217410,Esrrb|Trib1|Trib2,-1.9
hits_SUB1_MCODE_3,GO Biological Processes,19,GO:0032870,cellular response to hormone stimulus,19_GO:0050896 response to stimulus,-3.2,15,6.4,21160,591,7,3,43,19,17978|26380|26381,Ncoa2|Esrrb|Esrrg,-1.8
hits_SUB1_MCODE_3,GO Biological Processes,19,GO:0045596,negative regulation of cell differentiation,19_GO:0048519 negative regulation of biological process,-2.8,12,5.6,21160,756,7,3,43,19,26380|211770|217410,Esrrb|Trib1|Trib2,-1.5
hits_SUB1_MCODE_4,KEGG Pathway,24,mmu00051,Fructose and mannose metabolism - Mus musculus (house mouse),,-14,5.9e+02,54,21160,36,5,5,1e+02,18,15275|15277|18640|18641|56421,Hk1|Hk2|Pfkfb2|Pfkl|Pfkp,-11
hits_SUB1_MCODE_4,GO Biological Processes,19,GO:0006096,glycolytic process,19_GO:0009987 cellular process,-13,3.9e+02,44,21160,54,5,5,1e+02,18,15275|15277|18640|18641|56421,Hk1|Hk2|Pfkfb2|Pfkl|Pfkp,-9.8
hits_SUB1_MCODE_4,GO Biological Processes,19,GO:0046032,ADP catabolic process,19_GO:0009987 cellular process,-13,3.6e+02,43,21160,58,5,5,1e+02,18,15275|15277|18640|18641|56421,Hk1|Hk2|Pfkfb2|Pfkl|Pfkp,-9.7
hits_SUB1_MCODE_4,Reactome Gene Sets,6,R-MMU-70171,Glycolysis,,-13,3.5e+02,42,21160,60,5,5,1e+02,18,15275|15277|18640|18641|56421,Hk1|Hk2|Pfkfb2|Pfkl|Pfkp,-9.7
hits_SUB1_MCODE_4,GO Biological Processes,19,GO:0009137,purine nucleoside diphosphate catabolic process,19_GO:0009987 cellular process,-13,3.4e+02,41,21160,62,5,5,1e+02,18,15275|15277|18640|18641|56421,Hk1|Hk2|Pfkfb2|Pfkl|Pfkp,-9.7
hits_SUB1_MCODE_4,GO Biological Processes,19,GO:0019364,pyridine nucleotide catabolic process,19_GO:0009987 cellular process,-13,3.4e+02,41,21160,62,5,5,1e+02,18,15275|15277|18640|18641|56421,Hk1|Hk2|Pfkfb2|Pfkl|Pfkp,-9.7
hits_SUB1_MCODE_4,GO Biological Processes,19,GO:0009181,purine ribonucleoside diphosphate catabolic process,19_GO:0009987 cellular process,-13,3.4e+02,41,21160,62,5,5,1e+02,18,15275|15277|18640|18641|56421,Hk1|Hk2|Pfkfb2|Pfkl|Pfkp,-9.7
hits_SUB1_MCODE_4,GO Biological Processes,19,GO:0046031,ADP metabolic process,19_GO:0009987 cellular process,-13,3.4e+02,41,21160,63,5,5,1e+02,18,15275|15277|18640|18641|56421,Hk1|Hk2|Pfkfb2|Pfkl|Pfkp,-9.7
hits_SUB1_MCODE_4,GO Biological Processes,19,GO:0072526,pyridine-containing compound catabolic process,19_GO:0009987 cellular process,-13,3.2e+02,40,21160,66,5,5,1e+02,18,15275|15277|18640|18641|56421,Hk1|Hk2|Pfkfb2|Pfkl|Pfkp,-9.6
hits_SUB1_MCODE_4,GO Biological Processes,19,GO:0009191,ribonucleoside diphosphate catabolic process,19_GO:0009987 cellular process,-13,3.2e+02,40,21160,66,5,5,1e+02,18,15275|15277|18640|18641|56421,Hk1|Hk2|Pfkfb2|Pfkl|Pfkp,-9.6
hits_SUB1_MCODE_4,GO Biological Processes,19,GO:0009134,nucleoside diphosphate catabolic process,19_GO:0009987 cellular process,-13,3.1e+02,39,21160,68,5,5,1e+02,18,15275|15277|18640|18641|56421,Hk1|Hk2|Pfkfb2|Pfkl|Pfkp,-9.6
hits_SUB1_MCODE_4,Reactome Gene Sets,6,R-MMU-70326,Glucose metabolism,,-12,3.1e+02,39,21160,69,5,5,1e+02,18,15275|15277|18640|18641|56421,Hk1|Hk2|Pfkfb2|Pfkl|Pfkp,-9.6
hits_SUB1_MCODE_4,GO Biological Processes,19,GO:0009135,purine nucleoside diphosphate metabolic process,19_GO:0009987 cellular process,-12,3e+02,39,21160,70,5,5,1e+02,18,15275|15277|18640|18641|56421,Hk1|Hk2|Pfkfb2|Pfkl|Pfkp,-9.6
hits_SUB1_MCODE_4,GO Biological Processes,19,GO:0009179,purine ribonucleoside diphosphate metabolic process,19_GO:0009987 cellular process,-12,3e+02,39,21160,70,5,5,1e+02,18,15275|15277|18640|18641|56421,Hk1|Hk2|Pfkfb2|Pfkl|Pfkp,-9.6
hits_SUB1_MCODE_4,GO Biological Processes,19,GO:0009185,ribonucleoside diphosphate metabolic process,19_GO:0009987 cellular process,-12,2.6e+02,36,21160,82,5,5,1e+02,18,15275|15277|18640|18641|56421,Hk1|Hk2|Pfkfb2|Pfkl|Pfkp,-9.3
hits_SUB1_MCODE_4,GO Biological Processes,19,GO:0006090,pyruvate metabolic process,19_GO:0009987 cellular process,-12,2.6e+02,36,21160,82,5,5,1e+02,18,15275|15277|18640|18641|56421,Hk1|Hk2|Pfkfb2|Pfkl|Pfkp,-9.3
hits_SUB1_MCODE_4,GO Biological Processes,19,GO:0009132,nucleoside diphosphate metabolic process,19_GO:0009987 cellular process,-12,2.4e+02,35,21160,87,5,5,1e+02,18,15275|15277|18640|18641|56421,Hk1|Hk2|Pfkfb2|Pfkl|Pfkp,-9.2
hits_SUB1_MCODE_4,GO Biological Processes,19,GO:0006002,fructose 6-phosphate metabolic process,19_GO:0009987 cellular process,-12,1.1e+03,65,21160,16,5,4,80,18,15275|15277|18641|56421,Hk1|Hk2|Pfkl|Pfkp,-9.2
hits_SUB1_MCODE_4,GO Biological Processes,19,GO:0009154,purine ribonucleotide catabolic process,19_GO:0009987 cellular process,-12,2.3e+02,34,21160,92,5,5,1e+02,18,15275|15277|18640|18641|56421,Hk1|Hk2|Pfkfb2|Pfkl|Pfkp,-9.1
hits_SUB1_MCODE_4,GO Biological Processes,19,GO:0009261,ribonucleotide catabolic process,19_GO:0009987 cellular process,-12,2.1e+02,32,21160,101,5,5,1e+02,18,15275|15277|18640|18641|56421,Hk1|Hk2|Pfkfb2|Pfkl|Pfkp,-8.9
hits_SUB1_MCODE_4,GO Biological Processes,19,GO:0006195,purine nucleotide catabolic process,19_GO:0009987 cellular process,-12,2e+02,32,21160,104,5,5,1e+02,18,15275|15277|18640|18641|56421,Hk1|Hk2|Pfkfb2|Pfkl|Pfkp,-8.9
hits_SUB1_MCODE_4,GO Biological Processes,19,GO:0009166,nucleotide catabolic process,19_GO:0009987 cellular process,-11,1.7e+02,29,21160,122,5,5,1e+02,18,15275|15277|18640|18641|56421,Hk1|Hk2|Pfkfb2|Pfkl|Pfkp,-8.6
hits_SUB1_MCODE_4,GO Biological Processes,19,GO:0072523,purine-containing compound catabolic process,19_GO:0009987 cellular process,-11,1.7e+02,29,21160,123,5,5,1e+02,18,15275|15277|18640|18641|56421,Hk1|Hk2|Pfkfb2|Pfkl|Pfkp,-8.6
hits_SUB1_MCODE_4,GO Biological Processes,19,GO:0016052,carbohydrate catabolic process,19_GO:0009987 cellular process,-11,1.7e+02,29,21160,124,5,5,1e+02,18,15275|15277|18640|18641|56421,Hk1|Hk2|Pfkfb2|Pfkl|Pfkp,-8.6
hits_SUB1_MCODE_4,GO Biological Processes,19,GO:0046496,nicotinamide nucleotide metabolic process,19_GO:0009987 cellular process,-11,1.7e+02,29,21160,128,5,5,1e+02,18,15275|15277|18640|18641|56421,Hk1|Hk2|Pfkfb2|Pfkl|Pfkp,-8.5
hits_SUB1_MCODE_4,GO Biological Processes,19,GO:0019362,pyridine nucleotide metabolic process,19_GO:0009987 cellular process,-11,1.7e+02,29,21160,128,5,5,1e+02,18,15275|15277|18640|18641|56421,Hk1|Hk2|Pfkfb2|Pfkl|Pfkp,-8.5
hits_SUB1_MCODE_4,GO Biological Processes,19,GO:0006007,glucose catabolic process,19_GO:0009987 cellular process,-11,6.5e+02,51,21160,26,5,4,80,18,15275|18640|18641|56421,Hk1|Pfkfb2|Pfkl|Pfkp,-8.5
hits_SUB1_MCODE_4,GO Biological Processes,19,GO:0072524,pyridine-containing compound metabolic process,19_GO:0009987 cellular process,-11,1.5e+02,28,21160,138,5,5,1e+02,18,15275|15277|18640|18641|56421,Hk1|Hk2|Pfkfb2|Pfkl|Pfkp,-8.4
hits_SUB1_MCODE_4,GO Biological Processes,19,GO:1901292,nucleoside phosphate catabolic process,19_GO:0009987 cellular process,-11,1.5e+02,27,21160,142,5,5,1e+02,18,15275|15277|18640|18641|56421,Hk1|Hk2|Pfkfb2|Pfkl|Pfkp,-8.3
hits_SUB1_MCODE_4,GO Biological Processes,19,GO:0006006,glucose metabolic process,19_GO:0009987 cellular process,-11,1.4e+02,27,21160,146,5,5,1e+02,18,15275|15277|18640|18641|56421,Hk1|Hk2|Pfkfb2|Pfkl|Pfkp,-8.3
hits_SUB1_MCODE_4,KEGG Pathway,24,mmu00052,Galactose metabolism - Mus musculus (house mouse),,-11,5.3e+02,46,21160,32,5,4,80,18,15275|15277|18641|56421,Hk1|Hk2|Pfkl|Pfkp,-8.1
hits_SUB1_MCODE_4,GO Biological Processes,19,GO:0046034,ATP metabolic process,19_GO:0009987 cellular process,-11,1.3e+02,25,21160,169,5,5,1e+02,18,15275|15277|18640|18641|56421,Hk1|Hk2|Pfkfb2|Pfkl|Pfkp,-8
hits_SUB1_MCODE_4,GO Biological Processes,19,GO:0019318,hexose metabolic process,19_GO:0009987 cellular process,-10,1.2e+02,24,21160,182,5,5,1e+02,18,15275|15277|18640|18641|56421,Hk1|Hk2|Pfkfb2|Pfkl|Pfkp,-7.9
hits_SUB1_MCODE_4,GO Biological Processes,19,GO:0009205,purine ribonucleoside triphosphate metabolic process,19_GO:0009987 cellular process,-10,1.1e+02,23,21160,194,5,5,1e+02,18,15275|15277|18640|18641|56421,Hk1|Hk2|Pfkfb2|Pfkl|Pfkp,-7.7
hits_SUB1_MCODE_4,GO Biological Processes,19,GO:0046434,organophosphate catabolic process,19_GO:0009987 cellular process,-10,1.1e+02,23,21160,199,5,5,1e+02,18,15275|15277|18640|18641|56421,Hk1|Hk2|Pfkfb2|Pfkl|Pfkp,-7.7
hits_SUB1_MCODE_4,GO Biological Processes,19,GO:0009199,ribonucleoside triphosphate metabolic process,19_GO:0009987 cellular process,-10,1.1e+02,23,21160,201,5,5,1e+02,18,15275|15277|18640|18641|56421,Hk1|Hk2|Pfkfb2|Pfkl|Pfkp,-7.7
hits_SUB1_MCODE_4,GO Biological Processes,19,GO:0009144,purine nucleoside triphosphate metabolic process,19_GO:0009987 cellular process,-10,1e+02,23,21160,202,5,5,1e+02,18,15275|15277|18640|18641|56421,Hk1|Hk2|Pfkfb2|Pfkl|Pfkp,-7.7
hits_SUB1_MCODE_4,GO Biological Processes,19,GO:0019320,hexose catabolic process,19_GO:0009987 cellular process,-10,3.8e+02,39,21160,44,5,4,80,18,15275|18640|18641|56421,Hk1|Pfkfb2|Pfkl|Pfkp,-7.7
hits_SUB1_MCODE_4,GO Biological Processes,19,GO:0005996,monosaccharide metabolic process,19_GO:0009987 cellular process,-10,1e+02,23,21160,206,5,5,1e+02,18,15275|15277|18640|18641|56421,Hk1|Hk2|Pfkfb2|Pfkl|Pfkp,-7.7
hits_SUB1_MCODE_4,GO Biological Processes,19,GO:1901136,carbohydrate derivative catabolic process,19_GO:0009987 cellular process,-10,1e+02,22,21160,211,5,5,1e+02,18,15275|15277|18640|18641|56421,Hk1|Hk2|Pfkfb2|Pfkl|Pfkp,-7.6
hits_SUB1_MCODE_4,GO Biological Processes,19,GO:0046365,monosaccharide catabolic process,19_GO:0009987 cellular process,-10,3.6e+02,38,21160,47,5,4,80,18,15275|18640|18641|56421,Hk1|Pfkfb2|Pfkl|Pfkp,-7.6
hits_SUB1_MCODE_4,GO Biological Processes,19,GO:0009141,nucleoside triphosphate metabolic process,19_GO:0009987 cellular process,-10,97,22,21160,218,5,5,1e+02,18,15275|15277|18640|18641|56421,Hk1|Hk2|Pfkfb2|Pfkl|Pfkp,-7.6
hits_SUB1_MCODE_4,WikiPathways,27,WP157,Glycolysis and gluconeogenesis,,-9.9,3.5e+02,37,21160,49,5,4,80,18,15275|15277|18641|56421,Hk1|Hk2|Pfkl|Pfkp,-7.5
hits_SUB1_MCODE_4,Reactome Gene Sets,6,R-MMU-71387,Metabolism of carbohydrates,,-9.6,83,20,21160,254,5,5,1e+02,18,15275|15277|18640|18641|56421,Hk1|Hk2|Pfkfb2|Pfkl|Pfkp,-7.3
hits_SUB1_MCODE_4,KEGG Pathway,24,mmu00010,Glycolysis / Gluconeogenesis - Mus musculus (house mouse),,-9.3,2.5e+02,32,21160,67,5,4,80,18,15275|15277|18641|56421,Hk1|Hk2|Pfkl|Pfkp,-7.1
hits_SUB1_MCODE_4,GO Biological Processes,19,GO:0009150,purine ribonucleotide metabolic process,19_GO:0009987 cellular process,-9.3,73,19,21160,289,5,5,1e+02,18,15275|15277|18640|18641|56421,Hk1|Hk2|Pfkfb2|Pfkl|Pfkp,-7.1
hits_SUB1_MCODE_4,KEGG Pathway,24,mmu05230,Central carbon metabolism in cancer - Mus musculus (house mouse),,-9.3,2.5e+02,31,21160,69,5,4,80,18,15275|15277|18641|56421,Hk1|Hk2|Pfkl|Pfkp,-7
hits_SUB1_MCODE_4,GO Biological Processes,19,GO:0009259,ribonucleotide metabolic process,19_GO:0009987 cellular process,-9.2,68,18,21160,311,5,5,1e+02,18,15275|15277|18640|18641|56421,Hk1|Hk2|Pfkfb2|Pfkl|Pfkp,-6.9
hits_SUB1_MCODE_4,GO Biological Processes,19,GO:0019693,ribose phosphate metabolic process,19_GO:0009987 cellular process,-9.1,66,18,21160,320,5,5,1e+02,18,15275|15277|18640|18641|56421,Hk1|Hk2|Pfkfb2|Pfkl|Pfkp,-6.9
hits_SUB1_MCODE_4,GO Biological Processes,19,GO:0034655,nucleobase-containing compound catabolic process,19_GO:0009987 cellular process,-9,62,17,21160,341,5,5,1e+02,18,15275|15277|18640|18641|56421,Hk1|Hk2|Pfkfb2|Pfkl|Pfkp,-6.8
hits_SUB1_MCODE_4,GO Biological Processes,19,GO:0006163,purine nucleotide metabolic process,19_GO:0009987 cellular process,-8.8,57,17,21160,374,5,5,1e+02,18,15275|15277|18640|18641|56421,Hk1|Hk2|Pfkfb2|Pfkl|Pfkp,-6.6
hits_SUB1_MCODE_4,GO Biological Processes,19,GO:0006091,generation of precursor metabolites and energy,19_GO:0009987 cellular process,-8.7,55,16,21160,383,5,5,1e+02,18,15275|15277|18640|18641|56421,Hk1|Hk2|Pfkfb2|Pfkl|Pfkp,-6.6
hits_SUB1_MCODE_4,GO Biological Processes,19,GO:0009117,nucleotide metabolic process,19_GO:0009987 cellular process,-8.5,49,15,21160,433,5,5,1e+02,18,15275|15277|18640|18641|56421,Hk1|Hk2|Pfkfb2|Pfkl|Pfkp,-6.4
hits_SUB1_MCODE_4,GO Biological Processes,19,GO:0005975,carbohydrate metabolic process,19_GO:0009987 cellular process,-8.4,49,15,21160,434,5,5,1e+02,18,15275|15277|18640|18641|56421,Hk1|Hk2|Pfkfb2|Pfkl|Pfkp,-6.4
hits_SUB1_MCODE_4,KEGG Pathway,24,mmu04066,HIF-1 signaling pathway - Mus musculus (house mouse),,-8.4,1.4e+02,24,21160,117,5,4,80,18,15275|15277|18641|56421,Hk1|Hk2|Pfkl|Pfkp,-6.3
hits_SUB1_MCODE_4,GO Biological Processes,19,GO:0006735,NADH regeneration,19_GO:0009987 cellular process,-8.3,7.1e+02,46,21160,18,5,3,60,22,15275|18641|56421,Hk1|Pfkl|Pfkp,-6.2
hits_SUB1_MCODE_4,GO Biological Processes,19,GO:0061621,canonical glycolysis,19_GO:0009987 cellular process,-8.3,7.1e+02,46,21160,18,5,3,60,22,15275|18641|56421,Hk1|Pfkl|Pfkp,-6.2
hits_SUB1_MCODE_4,GO Biological Processes,19,GO:0061718,glucose catabolic process to pyruvate,19_GO:0009987 cellular process,-8.3,7.1e+02,46,21160,18,5,3,60,22,15275|18641|56421,Hk1|Pfkl|Pfkp,-6.2
hits_SUB1_MCODE_4,KEGG Pathway,24,mmu01200,Carbon metabolism - Mus musculus (house mouse),,-8.3,1.4e+02,23,21160,122,5,4,80,18,15275|15277|18641|56421,Hk1|Hk2|Pfkl|Pfkp,-6.2
hits_SUB1_MCODE_4,GO Biological Processes,19,GO:0072521,purine-containing compound metabolic process,19_GO:0009987 cellular process,-8.1,41,14,21160,510,5,5,1e+02,18,15275|15277|18640|18641|56421,Hk1|Hk2|Pfkfb2|Pfkl|Pfkp,-6.1
hits_SUB1_MCODE_4,GO Biological Processes,19,GO:0061620,glycolytic process through glucose-6-phosphate,19_GO:0009987 cellular process,-8.1,6e+02,43,21160,21,5,3,60,22,15275|18641|56421,Hk1|Pfkl|Pfkp,-6
hits_SUB1_MCODE_4,GO Biological Processes,19,GO:0019677,NAD catabolic process,19_GO:0009987 cellular process,-8,5.5e+02,41,21160,23,5,3,60,22,15275|18641|56421,Hk1|Pfkl|Pfkp,-5.9
hits_SUB1_MCODE_4,GO Biological Processes,19,GO:0046835,carbohydrate phosphorylation,19_GO:0009987 cellular process,-8,5.5e+02,41,21160,23,5,3,60,22,15275|15277|18640,Hk1|Hk2|Pfkfb2,-5.9
hits_SUB1_MCODE_4,GO Biological Processes,19,GO:0061615,glycolytic process through fructose-6-phosphate,19_GO:0009987 cellular process,-8,5.5e+02,41,21160,23,5,3,60,22,15275|18641|56421,Hk1|Pfkl|Pfkp,-5.9
hits_SUB1_MCODE_4,GO Biological Processes,19,GO:0006753,nucleoside phosphate metabolic process,19_GO:0009987 cellular process,-7.8,37,13,21160,575,5,5,1e+02,18,15275|15277|18640|18641|56421,Hk1|Hk2|Pfkfb2|Pfkl|Pfkp,-5.8
hits_SUB1_MCODE_4,GO Biological Processes,19,GO:0032787,monocarboxylic acid metabolic process,19_GO:0009987 cellular process,-7.8,36,13,21160,595,5,5,1e+02,18,15275|15277|18640|18641|56421,Hk1|Hk2|Pfkfb2|Pfkl|Pfkp,-5.8
hits_SUB1_MCODE_4,GO Biological Processes,19,GO:0055086,nucleobase-containing small molecule metabolic process,19_GO:0009987 cellular process,-7.7,35,13,21160,600,5,5,1e+02,18,15275|15277|18640|18641|56421,Hk1|Hk2|Pfkfb2|Pfkl|Pfkp,-5.8
hits_SUB1_MCODE_4,GO Biological Processes,19,GO:0006734,NADH metabolic process,19_GO:0009987 cellular process,-7.3,3.4e+02,32,21160,37,5,3,60,22,15275|18641|56421,Hk1|Pfkl|Pfkp,-5.4
hits_SUB1_MCODE_4,GO Biological Processes,19,GO:0019674,NAD metabolic process,19_GO:0009987 cellular process,-6.7,2.1e+02,25,21160,60,5,3,60,22,15275|18641|56421,Hk1|Pfkl|Pfkp,-4.8
hits_SUB1_MCODE_4,GO Biological Processes,19,GO:0044282,small molecule catabolic process,19_GO:0009987 cellular process,-6.4,48,14,21160,353,5,4,80,18,15275|18640|18641|56421,Hk1|Pfkfb2|Pfkl|Pfkp,-4.6
hits_SUB1_MCODE_4,KEGG Pathway,24,mmu04919,Thyroid hormone signaling pathway - Mus musculus (house mouse),,-5.8,1.1e+02,18,21160,120,5,3,60,22,18640|18641|56421,Pfkfb2|Pfkl|Pfkp,-4
hits_SUB1_MCODE_4,KEGG Pathway,24,mmu04152,AMPK signaling pathway - Mus musculus (house mouse),,-5.7,1e+02,17,21160,127,5,3,60,22,18640|18641|56421,Pfkfb2|Pfkl|Pfkp,-3.9
hits_SUB1_MCODE_4,GO Biological Processes,19,GO:0016310,phosphorylation,19_GO:0009987 cellular process,-3.8,23,8.1,21160,550,5,3,60,22,15275|15277|18640,Hk1|Hk2|Pfkfb2,-2.3
hits_SUB1_MCODE_5,GO Biological Processes,19,GO:0090596,sensory organ morphogenesis,19_GO:0032502 developmental process,-4.8,47,12,21160,338,4,3,75,22,17921|73750|238021,Myo7a|Whrn|Fscn2,-3.2
hits_SUB1_MCODE_5,GO Biological Processes,19,GO:0030036,actin cytoskeleton organization,19_GO:0009987 cellular process,-4.2,30,9.2,21160,535,4,3,75,22,17921|20740|238021,Myo7a|Sptan1|Fscn2,-2.6
hits_SUB1_MCODE_5,GO Biological Processes,19,GO:0030029,actin filament-based process,19_GO:0009987 cellular process,-4.1,27,8.7,21160,593,4,3,75,22,17921|20740|238021,Myo7a|Sptan1|Fscn2,-2.5
hits_SUB1_MCODE_5,GO Biological Processes,19,GO:0007423,sensory organ development,19_GO:0032502 developmental process,-3.8,22,8,21160,710,4,3,75,22,17921|73750|238021,Myo7a|Whrn|Fscn2,-2.3
hits_SUB1_MCODE_6,Reactome Gene Sets,6,R-MMU-8856825,Cargo recognition for clathrin-mediated endocytosis,,-9.4,2.2e+02,30,21160,95,4,4,1e+02,22,12223|14725|20404|56324,Btc|Lrp2|Sh3gl2|Stam2,-7.1
hits_SUB1_MCODE_6,Reactome Gene Sets,6,R-MMU-8856828,Clathrin-mediated endocytosis,,-8.9,1.6e+02,25,21160,131,4,4,1e+02,22,12223|14725|20404|56324,Btc|Lrp2|Sh3gl2|Stam2,-6.7
hits_SUB1_MCODE_6,Reactome Gene Sets,6,R-MMU-182971,EGFR downregulation,,-8,5.3e+02,40,21160,30,4,3,75,22,12223|20404|56324,Btc|Sh3gl2|Stam2,-6
hits_SUB1_MCODE_6,Reactome Gene Sets,6,R-MMU-177929,Signaling by EGFR,,-7.4,3.4e+02,32,21160,47,4,3,75,22,12223|20404|56324,Btc|Sh3gl2|Stam2,-5.4
hits_SUB1_MCODE_6,Reactome Gene Sets,6,R-MMU-199991,Membrane Trafficking,,-6.4,40,12,21160,533,4,4,1e+02,22,12223|14725|20404|56324,Btc|Lrp2|Sh3gl2|Stam2,-4.6
hits_SUB1_MCODE_6,Reactome Gene Sets,6,R-MMU-5653656,Vesicle-mediated transport,,-6.3,37,12,21160,567,4,4,1e+02,22,12223|14725|20404|56324,Btc|Lrp2|Sh3gl2|Stam2,-4.5
hits_SUB1_MCODE_6,Reactome Gene Sets,6,R-MMU-9006934,Signaling by Receptor Tyrosine Kinases,,-4.6,40,11,21160,400,4,3,75,22,12223|20404|56324,Btc|Sh3gl2|Stam2,-3
hits_SUB1_MCODE_7,WikiPathways,27,WP339,ESC pluripotency pathways,,-6.8,1.8e+02,23,21160,117,3,3,1e+02,27,14173|14281|20848,Fgf2|Fos|Stat3,-4.9
hits_SUB1_MCODE_7,KEGG Pathway,24,mmu05167,Kaposi sarcoma-associated herpesvirus infection - Mus musculus (house mouse),,-5.9,95,17,21160,223,3,3,1e+02,27,14173|14281|20848,Fgf2|Fos|Stat3,-4.2
hits_SUB1_MCODE_7,KEGG Pathway,24,mmu05207,Chemical carcinogenesis - receptor activation - Mus musculus (house mouse),,-5.9,93,17,21160,228,3,3,1e+02,27,14173|14281|20848,Fgf2|Fos|Stat3,-4.1
hits_SUB1_MCODE_7,GO Biological Processes,19,GO:0006366,transcription by RNA polymerase II,19_GO:0009987 cellular process,-5.2,53,12,21160,400,3,3,1e+02,27,14173|14281|20848,Fgf2|Fos|Stat3,-3.5
hits_SUB1_MCODE_7,GO Biological Processes,19,GO:0006351,DNA-templated transcription,19_GO:0009987 cellular process,-4.8,39,11,21160,542,3,3,1e+02,27,14173|14281|20848,Fgf2|Fos|Stat3,-3.1
hits_SUB1_MCODE_7,KEGG Pathway,24,mmu05200,Pathways in cancer - Mus musculus (house mouse),,-4.8,39,11,21160,548,3,3,1e+02,27,14173|14281|20848,Fgf2|Fos|Stat3,-3.1
hits_SUB1_MCODE_7,GO Biological Processes,19,GO:0071363,cellular response to growth factor stimulus,19_GO:0050896 response to stimulus,-4.7,37,10,21160,567,3,3,1e+02,27,14173|14281|20848,Fgf2|Fos|Stat3,-3.1
hits_SUB1_MCODE_7,GO Biological Processes,19,GO:0070848,response to growth factor,19_GO:0050896 response to stimulus,-4.7,36,10,21160,596,3,3,1e+02,27,14173|14281|20848,Fgf2|Fos|Stat3,-3
hits_SUB1_MCODE_7,GO Biological Processes,19,GO:0007167,enzyme-linked receptor protein signaling pathway,19_GO:0050896 response to stimulus,-4.6,33,9.8,21160,636,3,3,1e+02,27,14173|14281|20848,Fgf2|Fos|Stat3,-3
hits_SUB1_MCODE_7,GO Biological Processes,19,GO:0007423,sensory organ development,19_GO:0032502 developmental process,-4.4,30,9.3,21160,710,3,3,1e+02,27,14173|14281|20848,Fgf2|Fos|Stat3,-2.8
hits_SUB1_MCODE_8,KEGG Pathway,24,mmu00561,Glycerolipid metabolism - Mus musculus (house mouse),,-7.6,3.4e+02,32,21160,63,3,3,1e+02,27,28169|52123|56077,Agpat3|Agpat5|Dgke,-5.6
hits_SUB1_MCODE_8,KEGG Pathway,24,mmu00564,Glycerophospholipid metabolism - Mus musculus (house mouse),,-7,2.1e+02,25,21160,101,3,3,1e+02,27,28169|52123|56077,Agpat3|Agpat5|Dgke,-5.1
hits_SUB1_MCODE_8,KEGG Pathway,24,mmu04072,Phospholipase D signaling pathway - Mus musculus (house mouse),,-6.5,1.4e+02,21,21160,149,3,3,1e+02,27,28169|52123|56077,Agpat3|Agpat5|Dgke,-4.6
hits_SUB1_MCODE_8,GO Biological Processes,19,GO:0046474,glycerophospholipid biosynthetic process,19_GO:0009987 cellular process,-6.4,1.4e+02,20,21160,156,3,3,1e+02,27,28169|52123|56077,Agpat3|Agpat5|Dgke,-4.6
hits_SUB1_MCODE_8,GO Biological Processes,19,GO:0045017,glycerolipid biosynthetic process,19_GO:0009987 cellular process,-6.2,1.1e+02,18,21160,187,3,3,1e+02,27,28169|52123|56077,Agpat3|Agpat5|Dgke,-4.4
hits_SUB1_MCODE_8,GO Biological Processes,19,GO:0008654,phospholipid biosynthetic process,19_GO:0009987 cellular process,-6.1,1.1e+02,18,21160,200,3,3,1e+02,27,28169|52123|56077,Agpat3|Agpat5|Dgke,-4.3
hits_SUB1_MCODE_8,GO Biological Processes,19,GO:0006650,glycerophospholipid metabolic process,19_GO:0009987 cellular process,-5.7,80,15,21160,264,3,3,1e+02,27,28169|52123|56077,Agpat3|Agpat5|Dgke,-4
hits_SUB1_MCODE_8,GO Biological Processes,19,GO:0006644,phospholipid metabolic process,19_GO:0009987 cellular process,-5.4,62,14,21160,339,3,3,1e+02,27,28169|52123|56077,Agpat3|Agpat5|Dgke,-3.7
hits_SUB1_MCODE_8,GO Biological Processes,19,GO:0046486,glycerolipid metabolic process,19_GO:0009987 cellular process,-5.4,61,13,21160,346,3,3,1e+02,27,28169|52123|56077,Agpat3|Agpat5|Dgke,-3.6
hits_SUB1_MCODE_8,GO Biological Processes,19,GO:0090407,organophosphate biosynthetic process,19_GO:0009987 cellular process,-4.8,40,11,21160,529,3,3,1e+02,27,28169|52123|56077,Agpat3|Agpat5|Dgke,-3.2
hits_SUB1_MCODE_8,GO Biological Processes,19,GO:0008610,lipid biosynthetic process,19_GO:0009987 cellular process,-4.7,38,11,21160,559,3,3,1e+02,27,28169|52123|56077,Agpat3|Agpat5|Dgke,-3.1
