Name,Category,CategoryID,GO,Description,PARENT_GO,LogP,Enrichment,Z-score,#TotalGeneInLibrary,#GeneInGO,#GeneInHitList,#GeneInGOAndHitList,%InGO,STDV %InGO,GeneID,Hits,Log(q-value)
hits,GO Biological Processes,19,GO:0051493,regulation of cytoskeleton organization,19_GO:0050789 regulation of biological process,-9,2.9,7.4,21160,557,555,42,7.6,1.1,11465|12562|12576|12632|13169|13494|15182|15461|16202|17886|17926|18484|18596|18708|18709|18754|18763|18846|19062|20194|20356|20410|20740|20742|21803|26419|27360|30948|56430|66616|68810|72042|76123|76441|76709|99889|100732|101497|102774|110380|208177|225523,Actg1|Cdh5|Cdkn1b|Cfl2|Dbnl|Drg1|Hdac2|Hras|Ilk|Myh9|Myoc|Pam|Pdgfrb|Pik3r1|Pik3r2|Prkce|Pkd1|Plxna3|Inpp5k|S100a10|Sema5a|Sorbs3|Sptan1|Sptbn1|Tgfb1|Mapk8|Add3|Bin1|Clip1|Snx9|Nexn|Cotl1|Gpsm2|Daam2|Arpc2|Arfip1|Mapre3|Plekhg2|Bbs4|Shroom2|Phldb2|Cep120,-4.9
hits,Reactome Gene Sets,6,R-MMU-8953897,Cellular responses to stimuli,,-8.8,2.9,7.3,21160,543,555,41,7.4,1.1,11966|12306|12567|12576|13627|13666|13819|13875|14697|14701|15270|15516|17684|17978|19175|19386|20463|20655|20657|22059|22142|22143|26419|27354|53417|53598|56371|64384|66066|66403|67605|68024|70247|76650|77891|84682|112407|216805|216850|227613|333182,Atp6v1b2|Anxa2|Cdk4|Cdkn1b|Eef1a1|Eif2ak3|Epas1|Erf|Gnb5|Gng12|H2ax|Hsp90ab1|Cited2|Ncoa2|Psmb6|Ranbp2|Cox7a2l|Sod1|Sod3|Trp53|Tuba1a|Tuba1b|Mapk8|Nbn|Hif3a|Dctn3|Fzr1|Sirt3|Gng11|Asf1a|Akt1s1|H2bc4|Psmd1|Srxn1|Ube2s|Cox4i2|Egln3|Flcn|Kdm6b|Tubb4b|Cox6b2,-4.9
hits,Reactome Gene Sets,6,R-MMU-2262752,Cellular responses to stress,,-8.3,2.9,7.1,21160,480,555,37,6.7,1.1,11966|12567|12576|13627|13666|13819|13875|15270|15516|17684|17978|19175|19386|20463|20655|20657|22059|22142|22143|26419|27354|53417|53598|56371|64384|66403|67605|68024|70247|76650|77891|84682|112407|216805|216850|227613|333182,Atp6v1b2|Cdk4|Cdkn1b|Eef1a1|Eif2ak3|Epas1|Erf|H2ax|Hsp90ab1|Cited2|Ncoa2|Psmb6|Ranbp2|Cox7a2l|Sod1|Sod3|Trp53|Tuba1a|Tuba1b|Mapk8|Nbn|Hif3a|Dctn3|Fzr1|Sirt3|Asf1a|Akt1s1|H2bc4|Psmd1|Srxn1|Ube2s|Cox4i2|Egln3|Flcn|Kdm6b|Tubb4b|Cox6b2,-4.5
hits,WikiPathways,27,WP2841,Focal adhesion PI3K Akt mTOR signaling pathway,,-8.1,3.4,7.2,21160,322,555,29,5.2,0.94,12015|12576|13639|13819|14182|14701|15461|15516|16000|16779|18596|18708|18709|19053|19211|20525|20869|21827|21828|22241|23928|53417|66066|67605|75669|213119|226849|240752|384783,Bad|Cdkn1b|Efna4|Epas1|Fgfr1|Gng12|Hras|Hsp90ab1|Igf1|Lamb2|Pdgfrb|Pik3r1|Pik3r2|Ppp2cb|Pten|Slc2a1|Stk11|Thbs3|Thbs4|Ulk1|Lamc3|Hif3a|Gng11|Akt1s1|Pik3r4|Itga10|Ppp2r5a|Pik3c2b|Irs2,-4.4
hits,GO Biological Processes,19,GO:1902903,regulation of supramolecular fiber organization,19_GO:0050789 regulation of biological process,-7.9,3.1,7,21160,408,555,33,5.9,1,11465|12562|12576|12632|13169|13494|15182|17886|17926|18708|18709|18754|19062|20194|20356|20410|20740|20742|26419|27360|30948|56430|66616|72042|76441|76709|99889|100732|101497|102774|110380|208177|234407,Actg1|Cdh5|Cdkn1b|Cfl2|Dbnl|Drg1|Hdac2|Myh9|Myoc|Pik3r1|Pik3r2|Prkce|Inpp5k|S100a10|Sema5a|Sorbs3|Sptan1|Sptbn1|Mapk8|Add3|Bin1|Clip1|Snx9|Cotl1|Daam2|Arpc2|Arfip1|Mapre3|Plekhg2|Bbs4|Shroom2|Phldb2|Colgalt1,-4.4
hits,GO Biological Processes,19,GO:0032956,regulation of actin cytoskeleton organization,19_GO:0050789 regulation of biological process,-7.8,3.2,7,21160,371,555,31,5.6,0.97,11465|12632|13169|15182|15461|16202|17886|17926|18484|18596|18708|18709|18754|19062|20194|20356|20410|20740|20742|21803|27360|30948|66616|72042|76441|76709|99889|101497|102774|110380|208177,Actg1|Cfl2|Dbnl|Hdac2|Hras|Ilk|Myh9|Myoc|Pam|Pdgfrb|Pik3r1|Pik3r2|Prkce|Inpp5k|S100a10|Sema5a|Sorbs3|Sptan1|Sptbn1|Tgfb1|Add3|Bin1|Snx9|Cotl1|Daam2|Arpc2|Arfip1|Plekhg2|Bbs4|Shroom2|Phldb2,-4.3
hits,Reactome Gene Sets,6,R-MMU-109582,Hemostasis,,-7.7,2.8,6.7,21160,505,555,37,6.7,1.1,11465|12306|12505|12527|14697|14701|14726|15182|15461|16000|16440|16563|17540|18708|18709|18754|19053|19091|20194|20655|21803|21824|22142|22143|22612|60595|66053|66066|67072|68038|226849|227613|242202|268373|268936|269152|271457,Actg1|Anxa2|Cd44|Cd9|Gnb5|Gng12|Pdpn|Hdac2|Hras|Igf1|Itpr3|Kif2a|Irag1|Pik3r1|Pik3r2|Prkce|Ppp2cb|Prkg1|S100a10|Sod1|Tgfb1|Thbd|Tuba1a|Tuba1b|Yes1|Actn4|Ppil2|Gng11|Cdc37l1|Chid1|Ppp2r5a|Tubb4b|Pde5a|Ppia|Brpf3|Kif26b|Rab5a,-4.3
hits,Reactome Gene Sets,6,R-MMU-194315,Signaling by Rho GTPases,,-7.4,2.6,6.5,21160,562,555,39,7,1.1,11465|11671|12461|15516|16443|16449|16563|17886|17978|18708|18709|19053|19386|20619|20742|21873|22142|22143|27360|56389|56430|59009|64652|69668|75669|76709|77480|98932|101497|106628|170791|192662|219140|226849|227613|233489|238505|242202|330177,Actg1|Aldh3a2|Cct2|Hsp90ab1|Itsn1|Jag1|Kif2a|Myh9|Ncoa2|Pik3r1|Pik3r2|Ppp2cb|Ranbp2|Snap23|Sptbn1|Tjp2|Tuba1a|Tuba1b|Add3|Stx5a|Clip1|Sh3rf1|Nisch|Ccdc115|Pik3r4|Arpc2|Kidins220|Myl9|Plekhg2|Trip10|Rbm39|Arhgdia|Spata13|Ppp2r5a|Tubb4b|Picalm|Mtr|Pde5a|Taok3,-4.1
hits,GO Biological Processes,19,GO:0090066,regulation of anatomical structure size,19_GO:0065007 biological regulation,-7.2,2.6,6.4,21160,594,555,40,7.2,1.1,11607|12567|12632|13169|14567|15516|16202|17540|18208|18709|18754|18846|19091|19211|20315|20356|20655|20657|20740|20742|20928|22241|27360|30948|60596|66616|67605|72042|75620|76441|76709|101497|102774|110380|214063|233489|240672|242202|271457|320736,Agtr1a|Cdk4|Cfl2|Dbnl|Gdi1|Hsp90ab1|Ilk|Irag1|Ntn1|Pik3r2|Prkce|Plxna3|Prkg1|Pten|Cxcl12|Sema5a|Sod1|Sod3|Sptan1|Sptbn1|Abcc9|Ulk1|Add3|Bin1|Gucy1a1|Snx9|Akt1s1|Cotl1|Kxd1|Daam2|Arpc2|Plekhg2|Bbs4|Shroom2|Dnajc16|Picalm|Dusp5|Pde5a|Rab5a|Vstm4,-4
hits,GO Biological Processes,19,GO:0042176,regulation of protein catabolic process,19_GO:0050789 regulation of biological process,-7.2,3.1,6.6,21160,374,555,30,5.4,0.96,12306|12576|13010|13194|13666|14694|15516|18550|18763|19186|19188|19358|20620|24086|26419|28075|56371|56389|59009|66498|66616|68077|69807|70247|77125|83814|210992|229317|260302|414872,Anxa2|Cdkn1b|Cst3|Ddb1|Eif2ak3|Rack1|Hsp90ab1|Furin|Pkd1|Psme1|Psme2|Rad23a|Plk2|Tlk2|Mapk8|Desi1|Fzr1|Stx5a|Sh3rf1|Dda1|Snx9|Nop53|Trim32|Psmd1|Il33|Nedd4l|Lpcat1|Eif2a|Gga3|Zyg11b,-3.9
hits,Reactome Gene Sets,6,R-MMU-9716542,"Signaling by Rho GTPases, Miro GTPases and RHOBTB3",,-7.1,2.6,6.3,21160,577,555,39,7,1.1,11465|11671|12461|15516|16443|16449|16563|17886|17978|18708|18709|19053|19386|20619|20742|21873|22142|22143|27360|56389|56430|59009|64652|69668|75669|76709|77480|98932|101497|106628|170791|192662|219140|226849|227613|233489|238505|242202|330177,Actg1|Aldh3a2|Cct2|Hsp90ab1|Itsn1|Jag1|Kif2a|Myh9|Ncoa2|Pik3r1|Pik3r2|Ppp2cb|Ranbp2|Snap23|Sptbn1|Tjp2|Tuba1a|Tuba1b|Add3|Stx5a|Clip1|Sh3rf1|Nisch|Ccdc115|Pik3r4|Arpc2|Kidins220|Myl9|Plekhg2|Trip10|Rbm39|Arhgdia|Spata13|Ppp2r5a|Tubb4b|Picalm|Mtr|Pde5a|Taok3,-3.9
hits,GO Biological Processes,19,GO:0032970,regulation of actin filament-based process,19_GO:0050789 regulation of biological process,-7.1,2.9,6.5,21160,421,555,32,5.8,0.99,11465|12632|13169|14726|15182|15461|16202|17886|17926|18484|18596|18708|18709|18754|19062|20194|20356|20410|20740|20742|21803|27360|30948|66616|72042|76441|76709|99889|101497|102774|110380|208177,Actg1|Cfl2|Dbnl|Pdpn|Hdac2|Hras|Ilk|Myh9|Myoc|Pam|Pdgfrb|Pik3r1|Pik3r2|Prkce|Inpp5k|S100a10|Sema5a|Sorbs3|Sptan1|Sptbn1|Tgfb1|Add3|Bin1|Snx9|Cotl1|Daam2|Arpc2|Arfip1|Plekhg2|Bbs4|Shroom2|Phldb2,-3.9
hits,GO Biological Processes,19,GO:0110053,regulation of actin filament organization,19_GO:0050789 regulation of biological process,-6.8,3.3,6.5,21160,286,555,25,4.5,0.88,11465|12632|13169|17886|17926|18708|18709|18754|19062|20194|20356|20410|20740|20742|27360|30948|66616|72042|76441|76709|99889|101497|102774|110380|208177,Actg1|Cfl2|Dbnl|Myh9|Myoc|Pik3r1|Pik3r2|Prkce|Inpp5k|S100a10|Sema5a|Sorbs3|Sptan1|Sptbn1|Add3|Bin1|Snx9|Cotl1|Daam2|Arpc2|Arfip1|Plekhg2|Bbs4|Shroom2|Phldb2,-3.7
hits,GO Biological Processes,19,GO:0010638,positive regulation of organelle organization,19_GO:0048518 positive regulation of biological process,-6.4,2.5,5.9,21160,545,555,36,6.5,1,12015|12306|12461|12464|12576|12632|13494|16000|16600|17281|17926|18596|18754|18846|20194|20356|20410|22059|22241|22632|26419|27354|27360|30948|56430|66616|69714|69807|74143|76123|76709|102774|225523|230872|232944|245474,Bad|Anxa2|Cct2|Cct4|Cdkn1b|Cfl2|Drg1|Igf1|Klf4|Fyco1|Myoc|Pdgfrb|Prkce|Plxna3|S100a10|Sema5a|Sorbs3|Trp53|Ulk1|Yy1|Mapk8|Nbn|Add3|Bin1|Clip1|Snx9|Tfpt|Trim32|Opa1|Gpsm2|Arpc2|Bbs4|Cep120|Crocc|Mark4|Dkc1,-3.3
hits,GO Biological Processes,19,GO:0009896,positive regulation of catabolic process,19_GO:0048518 positive regulation of biological process,-6.3,2.5,5.9,21160,546,555,36,6.5,1,12576|12894|13194|13666|14694|15277|16000|16549|17281|18555|18754|19211|19358|20620|20773|20869|22241|26419|56371|56389|59009|66498|66616|68077|69807|74203|77040|77125|83814|210992|216805|225929|229317|260302|384783|414872,Cdkn1b|Cpt1a|Ddb1|Eif2ak3|Rack1|Hk2|Igf1|Khsrp|Fyco1|Cdk16|Prkce|Pten|Rad23a|Plk2|Sptlc2|Stk11|Ulk1|Mapk8|Fzr1|Stx5a|Sh3rf1|Dda1|Snx9|Nop53|Trim32|Eif4enif1|Atg16l1|Il33|Nedd4l|Lpcat1|Flcn|Patl1|Eif2a|Gga3|Irs2|Zyg11b,-3.3
hits,GO Biological Processes,19,GO:0032535,regulation of cellular component size,19_GO:0065007 biological regulation,-6.3,2.8,6,21160,409,555,30,5.4,0.96,12567|12632|13169|14567|15516|16202|18208|18709|18754|18846|19211|20315|20356|20740|20742|22241|27360|30948|66616|67605|72042|75620|76441|76709|101497|102774|110380|214063|233489|271457,Cdk4|Cfl2|Dbnl|Gdi1|Hsp90ab1|Ilk|Ntn1|Pik3r2|Prkce|Plxna3|Pten|Cxcl12|Sema5a|Sptan1|Sptbn1|Ulk1|Add3|Bin1|Snx9|Akt1s1|Cotl1|Kxd1|Daam2|Arpc2|Plekhg2|Bbs4|Shroom2|Dnajc16|Picalm|Rab5a,-3.3
hits,Reactome Gene Sets,6,R-MMU-190236,Signaling by FGFR,,-6.3,6.2,7.3,21160,74,555,12,2.2,0.62,14182|15461|17346|18708|19053|20020|20021|66420|71436|231329|245841|399558,Fgfr1|Hras|Mknk1|Pik3r1|Ppp2cb|Polr2a|Polr2c|Polr2e|Flrt3|Polr2b|Polr2h|Flrt2,-3.3
hits,GO Biological Processes,19,GO:0045732,positive regulation of protein catabolic process,19_GO:0048518 positive regulation of biological process,-6.3,3.7,6.4,21160,206,555,20,3.6,0.79,12576|13194|13666|14694|19358|20620|26419|56371|56389|59009|66498|66616|68077|69807|77125|83814|210992|229317|260302|414872,Cdkn1b|Ddb1|Eif2ak3|Rack1|Rad23a|Plk2|Mapk8|Fzr1|Stx5a|Sh3rf1|Dda1|Snx9|Nop53|Trim32|Il33|Nedd4l|Lpcat1|Eif2a|Gga3|Zyg11b,-3.3
hits,Reactome Gene Sets,6,R-MMU-8939211,ESR-mediated signaling,,-6.2,4.2,6.6,21160,153,555,17,3.1,0.73,12400|12576|14697|14701|15461|15516|17978|18708|18709|20020|20021|66066|66420|68024|83602|231329|245841,Cbfb|Cdkn1b|Gnb5|Gng12|Hras|Hsp90ab1|Ncoa2|Pik3r1|Pik3r2|Polr2a|Polr2c|Gng11|Polr2e|H2bc4|Gtf2a1|Polr2b|Polr2h,-3.3
hits,GO Biological Processes,19,GO:0034504,protein localization to nucleus,19_GO:0051179 localization,-6.2,3.7,6.4,21160,207,555,20,3.6,0.79,18708|19386|20869|22059|56338|67181|68077|71983|72135|74203|75751|77053|77125|102774|106021|110750|110809|223697|235320|238799,Pik3r1|Ranbp2|Stk11|Trp53|Txnip|Ctdnep1|Nop53|Tmco6|Pygo1|Eif4enif1|Ipo4|Sun1|Il33|Bbs4|Topors|Cse1l|Srsf1|Sun2|Zbtb16|Tnpo1,-3.3
hits,KEGG Pathway,24,mmu04919,Thyroid hormone signaling pathway - Mus musculus (house mouse),,-6.2,4.8,6.8,21160,120,555,15,2.7,0.69,11465|12015|15182|15461|17978|18708|18709|18799|20182|20525|22059|53901|56421|68975|74055,Actg1|Bad|Hdac2|Hras|Ncoa2|Pik3r1|Pik3r2|Plcd1|Rxrb|Slc2a1|Trp53|Rcan2|Pfkp|Med27|Plce1,-3.3
hits,GO Biological Processes,19,GO:0051960,regulation of nervous system development,19_GO:0032502 developmental process,-6.1,2.4,5.7,21160,581,555,37,6.7,1.1,12010|12306|13169|13666|13844|13845|14567|15182|16000|16202|17344|18208|18708|18846|19211|20182|20194|20315|20356|20869|20893|21803|21817|22059|22241|26419|30948|56708|56710|66515|69807|71436|74143|76441|77125|233489|399558,B2m|Anxa2|Dbnl|Eif2ak3|Ephb2|Ephb3|Gdi1|Hdac2|Igf1|Ilk|Pias2|Ntn1|Pik3r1|Plxna3|Pten|Rxrb|S100a10|Cxcl12|Sema5a|Stk11|Bhlhe40|Tgfb1|Tgm2|Trp53|Ulk1|Mapk8|Bin1|Clcf1|Brinp1|Cul7|Trim32|Flrt3|Opa1|Daam2|Il33|Picalm|Flrt2,-3.2
hits,GO Biological Processes,19,GO:0120035,regulation of plasma membrane bounded cell projection organization,19_GO:0050789 regulation of biological process,-6.1,2.2,5.6,21160,782,555,45,8.1,1.2,12010|12505|13169|13844|13845|13865|14182|14299|14567|14726|15182|15461|16202|16600|17344|18208|18708|18846|19211|20315|20356|20869|22241|22359|24047|56392|56401|56430|66515|69807|70314|74055|74143|75770|76441|76709|77480|83814|102774|225523|230872|231580|232944|233489|271457,B2m|Cd44|Dbnl|Ephb2|Ephb3|Nr2f1|Fgfr1|Ncs1|Gdi1|Pdpn|Hdac2|Hras|Ilk|Klf4|Pias2|Ntn1|Pik3r1|Plxna3|Pten|Cxcl12|Sema5a|Stk11|Ulk1|Vldlr|Ccl19|Shoc2|P3h1|Clip1|Cul7|Trim32|Rabep2|Plce1|Opa1|Brsk2|Daam2|Arpc2|Kidins220|Nedd4l|Bbs4|Cep120|Crocc|Gak|Mark4|Picalm|Rab5a,-3.2
hits,GO Biological Processes,19,GO:0048812,neuron projection morphogenesis,19_GO:0032502 developmental process,-6.1,2.5,5.7,21160,559,555,36,6.5,1,11465|13169|13639|13823|13844|13845|16202|16779|16911|18032|18208|18227|18846|19091|19211|20315|20348|20356|20869|20910|21828|22142|22241|22359|23928|26419|27965|66225|68810|71436|75770|77480|108902|233489|330177|399558,Actg1|Dbnl|Efna4|Epb41l3|Ephb2|Ephb3|Ilk|Lamb2|Lmo4|Nfix|Ntn1|Nr4a2|Plxna3|Prkg1|Pten|Cxcl12|Sema3c|Sema5a|Stk11|Stxbp1|Thbs4|Tuba1a|Ulk1|Vldlr|Lamc3|Mapk8|Spg21|Llph|Nexn|Flrt3|Brsk2|Kidins220|B4gat1|Picalm|Taok3|Flrt2,-3.2
hits,GO Biological Processes,19,GO:0043254,regulation of protein-containing complex assembly,19_GO:0050789 regulation of biological process,-6.1,2.6,5.8,21160,466,555,32,5.8,0.99,12562|12576|13169|13494|14694|16911|18709|18754|20740|20742|20910|20977|21803|22059|22241|26419|27360|30948|56430|58799|66616|68077|72042|76441|76709|100732|101497|102774|208643|231580|232944|327959,Cdh5|Cdkn1b|Dbnl|Drg1|Rack1|Lmo4|Pik3r2|Prkce|Sptan1|Sptbn1|Stxbp1|Syp|Tgfb1|Trp53|Ulk1|Mapk8|Add3|Bin1|Clip1|Crbn|Snx9|Nop53|Cotl1|Daam2|Arpc2|Mapre3|Plekhg2|Bbs4|Eif4g1|Gak|Mark4|Xaf1,-3.2
hits,Reactome Gene Sets,6,R-MMU-9006934,Signaling by Receptor Tyrosine Kinases,,-6,2.8,5.8,21160,400,555,29,5.2,0.94,11465|11966|12562|14182|15182|15461|16000|17346|18550|18596|18708|18709|18754|19053|20020|20021|20851|21827|21828|22612|66420|71436|75669|77480|231329|245841|260302|384783|399558,Actg1|Atp6v1b2|Cdh5|Fgfr1|Hdac2|Hras|Igf1|Mknk1|Furin|Pdgfrb|Pik3r1|Pik3r2|Prkce|Ppp2cb|Polr2a|Polr2c|Stat5b|Thbs3|Thbs4|Yes1|Polr2e|Flrt3|Pik3r4|Kidins220|Polr2b|Polr2h|Gga3|Irs2|Flrt2,-3.2
hits,GO Biological Processes,19,GO:0120039,plasma membrane bounded cell projection morphogenesis,19_GO:0032502 developmental process,-6,2.4,5.7,21160,565,555,36,6.5,1,11465|13169|13639|13823|13844|13845|16202|16779|16911|18032|18208|18227|18846|19091|19211|20315|20348|20356|20869|20910|21828|22142|22241|22359|23928|26419|27965|66225|68810|71436|75770|77480|108902|233489|330177|399558,Actg1|Dbnl|Efna4|Epb41l3|Ephb2|Ephb3|Ilk|Lamb2|Lmo4|Nfix|Ntn1|Nr4a2|Plxna3|Prkg1|Pten|Cxcl12|Sema3c|Sema5a|Stk11|Stxbp1|Thbs4|Tuba1a|Ulk1|Vldlr|Lamc3|Mapk8|Spg21|Llph|Nexn|Flrt3|Brsk2|Kidins220|B4gat1|Picalm|Taok3|Flrt2,-3.2
hits,Reactome Gene Sets,6,R-MMU-3700989,Transcriptional Regulation by TP53,,-6,3.2,6,21160,275,555,23,4.1,0.85,12576|14751|15182|19053|20020|20021|20463|20620|20869|22059|23894|26992|27354|56187|66420|67956|84682|216848|231329|234366|245841|268936|333182,Cdkn1b|Gpi1|Hdac2|Ppp2cb|Polr2a|Polr2c|Cox7a2l|Plk2|Stk11|Trp53|Gtf2h2|Brd7|Nbn|Rabggta|Polr2e|Kmt5a|Cox4i2|Chd3|Polr2b|Gatad2a|Polr2h|Brpf3|Cox6b2,-3.2
hits,GO Biological Processes,19,GO:0031344,regulation of cell projection organization,19_GO:0050789 regulation of biological process,-5.9,2.1,5.4,21160,798,555,45,8.1,1.2,12010|12505|13169|13844|13845|13865|14182|14299|14567|14726|15182|15461|16202|16600|17344|18208|18708|18846|19211|20315|20356|20869|22241|22359|24047|56392|56401|56430|66515|69807|70314|74055|74143|75770|76441|76709|77480|83814|102774|225523|230872|231580|232944|233489|271457,B2m|Cd44|Dbnl|Ephb2|Ephb3|Nr2f1|Fgfr1|Ncs1|Gdi1|Pdpn|Hdac2|Hras|Ilk|Klf4|Pias2|Ntn1|Pik3r1|Plxna3|Pten|Cxcl12|Sema5a|Stk11|Ulk1|Vldlr|Ccl19|Shoc2|P3h1|Clip1|Cul7|Trim32|Rabep2|Plce1|Opa1|Brsk2|Daam2|Arpc2|Kidins220|Nedd4l|Bbs4|Cep120|Crocc|Gak|Mark4|Picalm|Rab5a,-3.1
hits,GO Biological Processes,19,GO:0048858,cell projection morphogenesis,19_GO:0032502 developmental process,-5.8,2.4,5.5,21160,575,555,36,6.5,1,11465|13169|13639|13823|13844|13845|16202|16779|16911|18032|18208|18227|18846|19091|19211|20315|20348|20356|20869|20910|21828|22142|22241|22359|23928|26419|27965|66225|68810|71436|75770|77480|108902|233489|330177|399558,Actg1|Dbnl|Efna4|Epb41l3|Ephb2|Ephb3|Ilk|Lamb2|Lmo4|Nfix|Ntn1|Nr4a2|Plxna3|Prkg1|Pten|Cxcl12|Sema3c|Sema5a|Stk11|Stxbp1|Thbs4|Tuba1a|Ulk1|Vldlr|Lamc3|Mapk8|Spg21|Llph|Nexn|Flrt3|Brsk2|Kidins220|B4gat1|Picalm|Taok3|Flrt2,-3.1
hits,KEGG Pathway,24,mmu05230,Central carbon metabolism in cancer - Mus musculus (house mouse),,-5.8,6.1,6.9,21160,69,555,11,2,0.59,14182|15277|15461|18596|18708|18709|19211|20525|22059|56421|64384,Fgfr1|Hk2|Hras|Pdgfrb|Pik3r1|Pik3r2|Pten|Slc2a1|Trp53|Pfkp|Sirt3,-3
hits,Reactome Gene Sets,6,R-MMU-9006931,Signaling by Nuclear Receptors,,-5.7,3.6,6,21160,203,555,19,3.4,0.77,12400|12576|13382|14697|14701|15461|15516|17978|18708|18709|20020|20021|20182|66066|66420|68024|83602|231329|245841,Cbfb|Cdkn1b|Dld|Gnb5|Gng12|Hras|Hsp90ab1|Ncoa2|Pik3r1|Pik3r2|Polr2a|Polr2c|Rxrb|Gng11|Polr2e|H2bc4|Gtf2a1|Polr2b|Polr2h,-3
hits,GO Biological Processes,19,GO:0035239,tube morphogenesis,19_GO:0032502 developmental process,-5.7,2.1,5.4,21160,782,555,44,7.9,1.1,11465|12306|12505|13666|13805|13819|13844|13845|14182|14368|14595|14645|14726|16000|16202|16449|16911|17684|17886|18208|18596|18763|18799|19211|20315|20356|20397|21803|21810|21817|27428|53417|57875|59308|66515|67836|74143|74533|102774|105278|216274|234366|269152|320736,Actg1|Anxa2|Cd44|Eif2ak3|Eng|Epas1|Ephb2|Ephb3|Fgfr1|Fzd6|B4galt1|Glul|Pdpn|Igf1|Ilk|Jag1|Lmo4|Cited2|Myh9|Ntn1|Pdgfrb|Pkd1|Plcd1|Pten|Cxcl12|Sema5a|Sgpl1|Tgfb1|Tgfbi|Tgm2|Shroom3|Hif3a|Angptl4|Emcn|Cul7|Wdr83|Opa1|Gzf1|Bbs4|Cdk20|Cep290|Gatad2a|Kif26b|Vstm4,-3
hits,GO Biological Processes,19,GO:1903829,positive regulation of protein localization,19_GO:0051179 localization,-5.7,2.4,5.5,21160,556,555,35,6.3,1,12015|12461|12464|13666|13844|14645|14694|15461|15516|16000|17886|18708|18709|18754|19134|20411|20742|20866|20869|21803|50790|54721|64384|74551|76123|76709|77371|208643|216274|225523|230872|232944|245474|268373|384783,Bad|Cct2|Cct4|Eif2ak3|Ephb2|Glul|Rack1|Hras|Hsp90ab1|Igf1|Myh9|Pik3r1|Pik3r2|Prkce|Prpf4b|Sorbs1|Sptbn1|Stim1|Stk11|Tgfb1|Acsl4|Tyk2|Sirt3|Pck2|Gpsm2|Arpc2|Sec24a|Eif4g1|Cep290|Cep120|Crocc|Mark4|Dkc1|Ppia|Irs2,-3
hits,Reactome Gene Sets,6,R-MMU-199991,Membrane Trafficking,,-5.7,2.4,5.5,21160,533,555,34,6.1,1,11465|11607|11765|14319|14567|16443|16563|20334|20619|20742|22142|22143|22241|30948|53598|54160|56389|66616|66691|70297|76709|77371|77929|106628|108148|109181|227613|227800|228355|231580|231874|233489|269152|271457,Actg1|Agtr1a|Ap1g1|Fth1|Gdi1|Itsn1|Kif2a|Sec23a|Snap23|Sptbn1|Tuba1a|Tuba1b|Ulk1|Bin1|Dctn3|Copg2|Stx5a|Snx9|Gapvd1|Gcc2|Arpc2|Sec24a|Yipf6|Trip10|Galnt2|Trip11|Tubb4b|Rabgap1|Madd|Gak|Ccz1|Picalm|Kif26b|Rab5a,-3
hits,KEGG Pathway,24,mmu04140,Autophagy - animal - Mus musculus (house mouse),,-5.7,3.9,6.1,21160,167,555,17,3.1,0.73,12015|13666|15461|16783|18708|18709|19053|19211|20869|22241|26419|57436|67605|75669|77040|235040|384783,Bad|Eif2ak3|Hras|Lamp1|Pik3r1|Pik3r2|Ppp2cb|Pten|Stk11|Ulk1|Mapk8|Gabarapl1|Akt1s1|Pik3r4|Atg16l1|Atg4d|Irs2,-3
hits,GO Biological Processes,19,GO:0001944,vasculature development,19_GO:0032502 developmental process,-5.7,2.3,5.4,21160,633,555,38,6.8,1.1,11465|11607|12306|12562|13666|13805|13819|13844|13845|14182|14595|14645|14726|16000|16449|17684|17886|18596|18763|18799|19211|20315|20348|20356|20397|20869|20928|21803|21810|53417|57875|59308|66515|67836|226841|234366|268977|320736,Actg1|Agtr1a|Anxa2|Cdh5|Eif2ak3|Eng|Epas1|Ephb2|Ephb3|Fgfr1|B4galt1|Glul|Pdpn|Igf1|Jag1|Cited2|Myh9|Pdgfrb|Pkd1|Plcd1|Pten|Cxcl12|Sema3c|Sema5a|Sgpl1|Stk11|Abcc9|Tgfb1|Tgfbi|Hif3a|Angptl4|Emcn|Cul7|Wdr83|Vash2|Gatad2a|Ltbp1|Vstm4,-3
hits,GO Biological Processes,19,GO:0044089,positive regulation of cellular component biogenesis,19_GO:0048518 positive regulation of biological process,-5.7,2.4,5.4,21160,560,555,35,6.3,1,12562|12576|13494|13844|13845|14694|15461|17886|17926|18708|18754|20194|20410|21803|22059|22241|24047|26419|30948|56430|58799|66616|69807|71436|74055|76123|76709|102774|110829|208177|208643|225523|230872|232944|399558,Cdh5|Cdkn1b|Drg1|Ephb2|Ephb3|Rack1|Hras|Myh9|Myoc|Pik3r1|Prkce|S100a10|Sorbs3|Tgfb1|Trp53|Ulk1|Ccl19|Mapk8|Bin1|Clip1|Crbn|Snx9|Trim32|Flrt3|Plce1|Gpsm2|Arpc2|Bbs4|Lims1|Phldb2|Eif4g1|Cep120|Crocc|Mark4|Flrt2,-3
hits,GO Biological Processes,19,GO:0007167,enzyme-linked receptor protein signaling pathway,19_GO:0050896 response to stimulus,-5.6,2.3,5.4,21160,636,555,38,6.8,1.1,12161|12562|13639|13666|13805|13844|13845|14182|14561|15461|16000|17684|17926|18596|18708|18709|19211|20397|20411|20851|21803|22059|22612|23938|26419|27965|54721|56338|67605|71436|74055|78388|108075|216805|268977|268996|384783|399558,Bmp6|Cdh5|Efna4|Eif2ak3|Eng|Ephb2|Ephb3|Fgfr1|Gdf11|Hras|Igf1|Cited2|Myoc|Pdgfrb|Pik3r1|Pik3r2|Pten|Sgpl1|Sorbs1|Stat5b|Tgfb1|Trp53|Yes1|Map2k5|Mapk8|Spg21|Tyk2|Txnip|Akt1s1|Flrt3|Plce1|Mvp|Ltbp4|Flcn|Ltbp1|Ss18|Irs2|Flrt2,-3
hits,KEGG Pathway,24,mmu04933,AGE-RAGE signaling pathway in diabetic complications - Mus musculus (house mouse),,-5.6,4.9,6.5,21160,101,555,13,2.3,0.64,11607|12567|12576|15461|18708|18709|18754|18799|20851|21803|21824|26419|74055,Agtr1a|Cdk4|Cdkn1b|Hras|Pik3r1|Pik3r2|Prkce|Plcd1|Stat5b|Tgfb1|Thbd|Mapk8|Plce1,-3
hits,Reactome Gene Sets,6,R-MMU-9006925,Intracellular signaling by second messengers,,-5.6,3.3,5.8,21160,228,555,20,3.6,0.79,11513|12576|14182|15182|18596|18708|18709|18754|19053|19175|19211|67605|68877|70247|77125|216848|226849|234366|266632|384783,Adcy7|Cdkn1b|Fgfr1|Hdac2|Pdgfrb|Pik3r1|Pik3r2|Prkce|Ppp2cb|Psmb6|Pten|Akt1s1|Maf1|Psmd1|Il33|Chd3|Ppp2r5a|Gatad2a|Irak4|Irs2,-2.9
hits,GO Biological Processes,19,GO:0006366,transcription by RNA polymerase II,19_GO:0009987 cellular process,-5.6,2.7,5.5,21160,400,555,28,5,0.93,12306|13819|16600|17978|18032|18227|18708|19656|20020|20021|20182|20194|20851|22059|23894|26992|53417|56200|66420|67367|67674|68975|73473|83602|94246|214498|231329|245841,Anxa2|Epas1|Klf4|Ncoa2|Nfix|Nr4a2|Pik3r1|Rbmxl1|Polr2a|Polr2c|Rxrb|S100a10|Stat5b|Trp53|Gtf2h2|Brd7|Hif3a|Ddx21|Polr2e|Paxbp1|Trmt112|Med27|Iws1|Gtf2a1|Arid4b|Cdc73|Polr2b|Polr2h,-2.9
hits,GO Biological Processes,19,GO:0050767,regulation of neurogenesis,19_GO:0032502 developmental process,-5.5,2.5,5.4,21160,473,555,31,5.6,0.97,12010|12306|13169|13844|14567|15182|16000|16202|17344|18208|18846|19211|20194|20315|20356|20869|20893|21803|21817|22059|22241|26419|30948|56708|56710|66515|69807|74143|76441|77125|233489,B2m|Anxa2|Dbnl|Ephb2|Gdi1|Hdac2|Igf1|Ilk|Pias2|Ntn1|Plxna3|Pten|S100a10|Cxcl12|Sema5a|Stk11|Bhlhe40|Tgfb1|Tgm2|Trp53|Ulk1|Mapk8|Bin1|Clcf1|Brinp1|Cul7|Trim32|Opa1|Daam2|Il33|Picalm,-2.9
hits,GO Biological Processes,19,GO:0032271,regulation of protein polymerization,19_GO:0050789 regulation of biological process,-5.5,3.4,5.8,21160,211,555,19,3.4,0.77,12562|12576|13169|13494|18709|18754|20740|20742|26419|27360|30948|56430|66616|72042|76441|76709|100732|101497|102774,Cdh5|Cdkn1b|Dbnl|Drg1|Pik3r2|Prkce|Sptan1|Sptbn1|Mapk8|Add3|Bin1|Clip1|Snx9|Cotl1|Daam2|Arpc2|Mapre3|Plekhg2|Bbs4,-2.9
hits,KEGG Pathway,24,mmu05165,Human papillomavirus infection - Mus musculus (house mouse),,-5.5,2.8,5.5,21160,359,555,26,4.7,0.9,11966|12015|12567|12576|14368|14369|15015|15039|15182|15461|16449|16779|18596|18708|18709|19053|19211|21827|21828|22059|23928|54721|57265|93737|213119|226849,Atp6v1b2|Bad|Cdk4|Cdkn1b|Fzd6|Fzd7|H2-Q4|H2-T22|Hdac2|Hras|Jag1|Lamb2|Pdgfrb|Pik3r1|Pik3r2|Ppp2cb|Pten|Thbs3|Thbs4|Trp53|Lamc3|Tyk2|Fzd2|Pard6g|Itga10|Ppp2r5a,-2.9
hits,KEGG Pathway,24,mmu05132,Salmonella infection - Mus musculus (house mouse),,-5.5,3.2,5.7,21160,252,555,21,3.8,0.81,11465|12306|15461|15516|17281|20194|22142|22143|26419|53413|53598|66395|66616|70297|76709|98932|110750|227613|240752|266632|271457,Actg1|Anxa2|Hras|Hsp90ab1|Fyco1|S100a10|Tuba1a|Tuba1b|Mapk8|Exoc7|Dctn3|Ahnak|Snx9|Gcc2|Arpc2|Myl9|Cse1l|Tubb4b|Pik3c2b|Irak4|Rab5a,-2.9
hits,KEGG Pathway,24,mmu05200,Pathways in cancer - Mus musculus (house mouse),,-5.4,2.4,5.3,21160,548,555,34,6.1,1,11513|11607|12015|12567|12576|13819|14182|14368|14369|14697|14701|14873|15182|15461|15516|16000|16449|16779|18596|18708|18709|19211|20182|20315|20525|20851|21803|22059|23928|26419|57265|66066|112407|235320,Adcy7|Agtr1a|Bad|Cdk4|Cdkn1b|Epas1|Fgfr1|Fzd6|Fzd7|Gnb5|Gng12|Gsto1|Hdac2|Hras|Hsp90ab1|Igf1|Jag1|Lamb2|Pdgfrb|Pik3r1|Pik3r2|Pten|Rxrb|Cxcl12|Slc2a1|Stat5b|Tgfb1|Trp53|Lamc3|Mapk8|Fzd2|Gng11|Egln3|Zbtb16,-2.9
hits,Reactome Gene Sets,6,R-MMU-9012999,RHO GTPase cycle,,-5.3,2.7,5.4,21160,388,555,27,4.9,0.91,11465|11671|12461|15516|16443|16449|18708|18709|20619|20742|21873|22143|27360|56389|59009|64652|69668|77480|101497|106628|170791|192662|219140|233489|238505|242202|330177,Actg1|Aldh3a2|Cct2|Hsp90ab1|Itsn1|Jag1|Pik3r1|Pik3r2|Snap23|Sptbn1|Tjp2|Tuba1b|Add3|Stx5a|Sh3rf1|Nisch|Ccdc115|Kidins220|Plekhg2|Trip10|Rbm39|Arhgdia|Spata13|Picalm|Mtr|Pde5a|Taok3,-2.8
hits,GO Biological Processes,19,GO:0061136,regulation of proteasomal protein catabolic process,19_GO:0050789 regulation of biological process,-5.3,3.5,5.7,21160,197,555,18,3.2,0.75,13666|14694|15516|18763|19186|19188|19358|20620|24086|26419|28075|56371|59009|66498|68077|77125|229317|414872,Eif2ak3|Rack1|Hsp90ab1|Pkd1|Psme1|Psme2|Rad23a|Plk2|Tlk2|Mapk8|Desi1|Fzr1|Sh3rf1|Dda1|Nop53|Il33|Eif2a|Zyg11b,-2.8
hits,Reactome Gene Sets,6,R-MMU-422475,Axon guidance,,-5.3,3.2,5.6,21160,238,555,20,3.6,0.79,11465|13639|13844|13845|14182|15461|15516|16443|18708|18709|18846|20315|20742|22142|22143|22359|22612|76709|227613|384783,Actg1|Efna4|Ephb2|Ephb3|Fgfr1|Hras|Hsp90ab1|Itsn1|Pik3r1|Pik3r2|Plxna3|Cxcl12|Sptbn1|Tuba1a|Tuba1b|Vldlr|Yes1|Arpc2|Tubb4b|Irs2,-2.7
hits,GO Biological Processes,19,GO:0001666,response to hypoxia,19_GO:0050896 response to stimulus,-5.3,2.8,5.4,21160,324,555,24,4.3,0.86,11670|12015|12576|12894|13805|13819|15277|17684|18227|18754|19211|20525|20657|20928|21803|22059|22359|52538|53417|57875|66925|67836|68077|112407,Aldh3a1|Bad|Cdkn1b|Cpt1a|Eng|Epas1|Hk2|Cited2|Nr4a2|Prkce|Pten|Slc2a1|Sod3|Abcc9|Tgfb1|Trp53|Vldlr|Acaa2|Hif3a|Angptl4|Sdhd|Wdr83|Nop53|Egln3,-2.7
hits,Reactome Gene Sets,6,R-MMU-9675108,Nervous system development,,-5.3,3.2,5.6,21160,239,555,20,3.6,0.79,11465|13639|13844|13845|14182|15461|15516|16443|18708|18709|18846|20315|20742|22142|22143|22359|22612|76709|227613|384783,Actg1|Efna4|Ephb2|Ephb3|Fgfr1|Hras|Hsp90ab1|Itsn1|Pik3r1|Pik3r2|Plxna3|Cxcl12|Sptbn1|Tuba1a|Tuba1b|Vldlr|Yes1|Arpc2|Tubb4b|Irs2,-2.7
hits,GO Biological Processes,19,GO:0070201,regulation of establishment of protein localization,19_GO:0051179 localization,-5.2,2.2,5.1,21160,635,555,37,6.7,1.1,12015|12461|12464|12894|14567|14645|14694|15461|15516|16000|17886|18555|18708|18709|18754|19062|19134|20866|21803|50790|56401|64384|66691|70297|74551|75770|76273|76709|77371|99889|216274|225523|228355|233489|245474|268373|384783,Bad|Cct2|Cct4|Cpt1a|Gdi1|Glul|Rack1|Hras|Hsp90ab1|Igf1|Myh9|Cdk16|Pik3r1|Pik3r2|Prkce|Inpp5k|Prpf4b|Stim1|Tgfb1|Acsl4|P3h1|Sirt3|Gapvd1|Gcc2|Pck2|Brsk2|Ndfip2|Arpc2|Sec24a|Arfip1|Cep290|Cep120|Madd|Picalm|Dkc1|Ppia|Irs2,-2.7
hits,GO Biological Processes,19,GO:0061564,axon development,19_GO:0032502 developmental process,-5.2,2.5,5.2,21160,466,555,30,5.4,0.96,11465|13639|13823|13844|13845|16779|16911|18032|18208|18227|18846|19091|19211|20315|20348|20356|20869|20910|22241|23928|27965|68810|69807|71436|75770|108902|226841|233489|238505|399558,Actg1|Efna4|Epb41l3|Ephb2|Ephb3|Lamb2|Lmo4|Nfix|Ntn1|Nr4a2|Plxna3|Prkg1|Pten|Cxcl12|Sema3c|Sema5a|Stk11|Stxbp1|Ulk1|Lamc3|Spg21|Nexn|Trim32|Flrt3|Brsk2|B4gat1|Vash2|Picalm|Mtr|Flrt2,-2.7
hits,GO Biological Processes,19,GO:0006886,intracellular protein transport,19_GO:0051179 localization,-5.2,2.3,5.1,21160,539,555,33,5.9,1,11765|18634|18708|18763|19386|20334|20910|21803|22059|22142|28075|54160|56338|56389|56430|66616|70297|71983|74126|74203|74204|75669|75751|77125|77371|99889|103737|109815|110750|231834|238799|260302|271457,Ap1g1|Pex7|Pik3r1|Pkd1|Ranbp2|Sec23a|Stxbp1|Tgfb1|Trp53|Tuba1a|Desi1|Copg2|Txnip|Stx5a|Clip1|Snx9|Gcc2|Tmco6|Syvn1|Eif4enif1|Xpo6|Pik3r4|Ipo4|Il33|Sec24a|Arfip1|Pex12|Selenos|Cse1l|Snx8|Tnpo1|Gga3|Rab5a,-2.7
hits,KEGG Pathway,24,mmu04510,Focal adhesion - Mus musculus (house mouse),,-5.2,3.4,5.6,21160,202,555,18,3.2,0.75,11465|12015|15461|16000|16202|16779|18596|18708|18709|19211|21827|21828|23928|26419|60595|98932|213119|286940,Actg1|Bad|Hras|Igf1|Ilk|Lamb2|Pdgfrb|Pik3r1|Pik3r2|Pten|Thbs3|Thbs4|Lamc3|Mapk8|Actn4|Myl9|Itga10|Flnb,-2.7
hits,Reactome Gene Sets,6,R-MMU-5653656,Vesicle-mediated transport,,-5.1,2.3,5.1,21160,567,555,34,6.1,1,11465|11607|11765|14319|14567|16443|16563|20334|20619|20742|22142|22143|22241|30948|53598|54160|56389|66616|66691|70297|76709|77371|77929|106628|108148|109181|227613|227800|228355|231580|231874|233489|269152|271457,Actg1|Agtr1a|Ap1g1|Fth1|Gdi1|Itsn1|Kif2a|Sec23a|Snap23|Sptbn1|Tuba1a|Tuba1b|Ulk1|Bin1|Dctn3|Copg2|Stx5a|Snx9|Gapvd1|Gcc2|Arpc2|Sec24a|Yipf6|Trip10|Galnt2|Trip11|Tubb4b|Rabgap1|Madd|Gak|Ccz1|Picalm|Kif26b|Rab5a,-2.6
hits,KEGG Pathway,24,mmu05016,Huntington disease - Mus musculus (house mouse),,-5.1,2.8,5.4,21160,308,555,23,4.1,0.85,15182|19175|20020|20021|20463|20655|21817|22059|22142|22143|22241|26419|53598|66091|66420|66925|70247|75669|84682|227613|231329|245841|333182,Hdac2|Psmb6|Polr2a|Polr2c|Cox7a2l|Sod1|Tgm2|Trp53|Tuba1a|Tuba1b|Ulk1|Mapk8|Dctn3|Ndufa3|Polr2e|Sdhd|Psmd1|Pik3r4|Cox4i2|Tubb4b|Polr2b|Polr2h|Cox6b2,-2.6
hits,GO Biological Processes,19,GO:0001568,blood vessel development,19_GO:0032502 developmental process,-5.1,2.3,5.1,21160,593,555,35,6.3,1,11465|11607|12306|12562|13666|13805|13819|13844|13845|14182|14595|14645|16449|17684|17886|18596|18763|18799|19211|20315|20348|20356|20397|20928|21803|21810|53417|57875|59308|66515|67836|226841|234366|268977|320736,Actg1|Agtr1a|Anxa2|Cdh5|Eif2ak3|Eng|Epas1|Ephb2|Ephb3|Fgfr1|B4galt1|Glul|Jag1|Cited2|Myh9|Pdgfrb|Pkd1|Plcd1|Pten|Cxcl12|Sema3c|Sema5a|Sgpl1|Abcc9|Tgfb1|Tgfbi|Hif3a|Angptl4|Emcn|Cul7|Wdr83|Vash2|Gatad2a|Ltbp1|Vstm4,-2.6
hits,Reactome Gene Sets,6,R-MMU-1257604,PIP3 activates AKT signaling,,-5.1,3.4,5.6,21160,204,555,18,3.2,0.75,12576|14182|15182|18596|18708|18709|19053|19175|19211|67605|68877|70247|77125|216848|226849|234366|266632|384783,Cdkn1b|Fgfr1|Hdac2|Pdgfrb|Pik3r1|Pik3r2|Ppp2cb|Psmb6|Pten|Akt1s1|Maf1|Psmd1|Il33|Chd3|Ppp2r5a|Gatad2a|Irak4|Irs2,-2.6
hits,GO Biological Processes,19,GO:0061024,membrane organization,19_GO:0009987 cellular process,-5.1,2.1,5,21160,748,555,41,7.4,1.1,11982|12015|12306|12527|13400|13823|13844|15277|16202|17886|17926|18810|19153|19211|20194|20334|20619|20655|20742|20910|22059|22317|30948|52538|53413|54208|56389|56430|66098|66616|66821|67181|68099|71678|74143|76614|77053|77371|223697|233489|328370,Atp10a|Bad|Anxa2|Cd9|Dmpk|Epb41l3|Ephb2|Hk2|Ilk|Myh9|Myoc|Plec|Prx|Pten|S100a10|Sec23a|Snap23|Sod1|Sptbn1|Stxbp1|Trp53|Vamp1|Bin1|Acaa2|Exoc7|Arl6ip1|Stx5a|Clip1|Chchd6|Snx9|Bcs1l|Ctdnep1|Cibar1|Brox|Opa1|Immt|Sun1|Sec24a|Sun2|Picalm|Rft1,-2.6
hits,GO Biological Processes,19,GO:1903532,positive regulation of secretion by cell,19_GO:0051179 localization,-5.1,2.6,5.2,21160,400,555,27,4.9,0.91,11765|12015|12161|12306|14182|14299|14645|16000|16443|16783|17886|18754|18799|20194|20315|20866|20910|21803|50790|56708|64384|74551|76338|77371|268373|271457|384783,Ap1g1|Bad|Bmp6|Anxa2|Fgfr1|Ncs1|Glul|Igf1|Itsn1|Lamp1|Myh9|Prkce|Plcd1|S100a10|Cxcl12|Stim1|Stxbp1|Tgfb1|Acsl4|Clcf1|Sirt3|Pck2|Rab2b|Sec24a|Ppia|Rab5a|Irs2,-2.6
hits,GO Biological Processes,19,GO:0070482,response to oxygen levels,19_GO:0050896 response to stimulus,-5,2.5,5.2,21160,426,555,28,5,0.93,11670|12015|12576|12894|13805|13819|15277|17684|18227|18754|19211|20020|20525|20657|20928|21803|22059|22359|26419|52538|53417|57875|60596|66925|67836|68077|69668|112407,Aldh3a1|Bad|Cdkn1b|Cpt1a|Eng|Epas1|Hk2|Cited2|Nr4a2|Prkce|Pten|Polr2a|Slc2a1|Sod3|Abcc9|Tgfb1|Trp53|Vldlr|Mapk8|Acaa2|Hif3a|Angptl4|Gucy1a1|Sdhd|Wdr83|Nop53|Ccdc115|Egln3,-2.6
hits,GO Biological Processes,19,GO:0008064,regulation of actin polymerization or depolymerization,19_GO:0050789 regulation of biological process,-5,3.6,5.6,21160,168,555,16,2.9,0.71,12632|13169|18709|18754|20356|20740|20742|27360|30948|66616|72042|76441|76709|101497|102774|110380,Cfl2|Dbnl|Pik3r2|Prkce|Sema5a|Sptan1|Sptbn1|Add3|Bin1|Snx9|Cotl1|Daam2|Arpc2|Plekhg2|Bbs4|Shroom2,-2.6
hits,WikiPathways,27,WP567,Eukaryotic transcription initiation,,-5,7.4,6.8,21160,41,555,8,1.4,0.51,16202|20020|20021|23894|66420|67005|231329|245841,Ilk|Polr2a|Polr2c|Gtf2h2|Polr2e|Polr3k|Polr2b|Polr2h,-2.6
hits,GO Biological Processes,19,GO:0010564,regulation of cell cycle process,19_GO:0050789 regulation of biological process,-5,2.1,4.9,21160,781,555,42,7.6,1.1,12567|12576|12952|13194|13494|14182|14726|15270|16000|16600|18555|18596|18754|18763|19134|19186|19188|19211|20184|20620|21803|22059|26419|26992|27354|30948|50784|53413|56190|56371|66515|68077|69068|75669|75770|76123|102774|208643|214498|225523|232944|330177,Cdk4|Cdkn1b|Cry1|Ddb1|Drg1|Fgfr1|Pdpn|H2ax|Igf1|Klf4|Cdk16|Pdgfrb|Prkce|Pkd1|Prpf4b|Psme1|Psme2|Pten|Uimc1|Plk2|Tgfb1|Trp53|Mapk8|Brd7|Nbn|Bin1|Plpp2|Exoc7|Rbm38|Fzr1|Cul7|Nop53|Tcim|Pik3r4|Brsk2|Gpsm2|Bbs4|Eif4g1|Cdc73|Cep120|Mark4|Taok3,-2.6
hits,GO Biological Processes,19,GO:0071453,cellular response to oxygen levels,19_GO:0050896 response to stimulus,-5,3.4,5.5,21160,188,555,17,3.1,0.73,12015|12576|13819|17684|18754|19211|20020|21803|22059|22359|26419|52538|53417|66925|68077|69668|112407,Bad|Cdkn1b|Epas1|Cited2|Prkce|Pten|Polr2a|Tgfb1|Trp53|Vldlr|Mapk8|Acaa2|Hif3a|Sdhd|Nop53|Ccdc115|Egln3,-2.6
hits,Reactome Gene Sets,6,R-MMU-75955,RNA Polymerase II Transcription Elongation,,-5,6.4,6.5,21160,54,555,9,1.6,0.54,20020|20021|23894|66420|73473|93736|214498|231329|245841,Polr2a|Polr2c|Gtf2h2|Polr2e|Iws1|Aff4|Cdc73|Polr2b|Polr2h,-2.6
hits,Reactome Gene Sets,6,R-MMU-112382,Formation of RNA Pol II elongation complex,,-5,6.4,6.5,21160,54,555,9,1.6,0.54,20020|20021|23894|66420|73473|93736|214498|231329|245841,Polr2a|Polr2c|Gtf2h2|Polr2e|Iws1|Aff4|Cdc73|Polr2b|Polr2h,-2.6
hits,GO Biological Processes,19,GO:0036293,response to decreased oxygen levels,19_GO:0050896 response to stimulus,-5,2.6,5.2,21160,360,555,25,4.5,0.88,11670|12015|12576|12894|13805|13819|15277|17684|18227|18754|19211|20525|20657|20928|21803|22059|22359|26419|52538|53417|57875|66925|67836|68077|112407,Aldh3a1|Bad|Cdkn1b|Cpt1a|Eng|Epas1|Hk2|Cited2|Nr4a2|Prkce|Pten|Slc2a1|Sod3|Abcc9|Tgfb1|Trp53|Vldlr|Mapk8|Acaa2|Hif3a|Angptl4|Sdhd|Wdr83|Nop53|Egln3,-2.6
hits,KEGG Pathway,24,mmu04530,Tight junction - Mus musculus (house mouse),,-5,3.6,5.6,21160,170,555,16,2.9,0.71,11465|12567|17886|18754|19053|20869|21873|22142|22143|26419|60595|76709|83814|93737|98932|192786,Actg1|Cdk4|Myh9|Prkce|Ppp2cb|Stk11|Tjp2|Tuba1a|Tuba1b|Mapk8|Actn4|Arpc2|Nedd4l|Pard6g|Myl9|Rapgef6,-2.6
hits,GO Biological Processes,19,GO:0030832,regulation of actin filament length,19_GO:0050789 regulation of biological process,-4.9,3.6,5.5,21160,171,555,16,2.9,0.71,12632|13169|18709|18754|20356|20740|20742|27360|30948|66616|72042|76441|76709|101497|102774|110380,Cfl2|Dbnl|Pik3r2|Prkce|Sema5a|Sptan1|Sptbn1|Add3|Bin1|Snx9|Cotl1|Daam2|Arpc2|Plekhg2|Bbs4|Shroom2,-2.5
hits,GO Biological Processes,19,GO:0071375,cellular response to peptide hormone stimulus,19_GO:0050896 response to stimulus,-4.9,2.8,5.2,21160,317,555,23,4.1,0.85,11607|13844|13845|14182|15461|16000|18227|18596|18708|18709|19062|19211|20411|20851|21803|26569|51788|54721|56392|64898|74551|107508|384783,Agtr1a|Ephb2|Ephb3|Fgfr1|Hras|Igf1|Nr4a2|Pdgfrb|Pik3r1|Pik3r2|Inpp5k|Pten|Sorbs1|Stat5b|Tgfb1|Slc27a4|H2az1|Tyk2|Shoc2|Lpin2|Pck2|Eprs1|Irs2,-2.5
hits,GO Biological Processes,19,GO:0043434,response to peptide hormone,19_GO:0050896 response to stimulus,-4.9,2.4,5,21160,482,555,30,5.4,0.96,11607|12576|12952|13844|13845|14182|15461|16000|18227|18596|18708|18709|18799|19062|19211|20411|20525|20851|20869|21803|26569|51788|54721|56392|64898|67996|74551|107508|170574|384783,Agtr1a|Cdkn1b|Cry1|Ephb2|Ephb3|Fgfr1|Hras|Igf1|Nr4a2|Pdgfrb|Pik3r1|Pik3r2|Plcd1|Inpp5k|Pten|Sorbs1|Slc2a1|Stat5b|Stk11|Tgfb1|Slc27a4|H2az1|Tyk2|Shoc2|Lpin2|Srsf6|Pck2|Eprs1|Sp7|Irs2,-2.5
hits,GO Biological Processes,19,GO:1903530,regulation of secretion by cell,19_GO:0051179 localization,-4.9,2.1,4.9,21160,711,555,39,7,1.1,11607|11765|12015|12161|12306|12894|12952|14182|14299|14645|16000|16443|16783|17886|18555|18754|18799|18952|19091|20194|20315|20619|20866|20910|21803|50790|56401|56708|64384|66925|74551|75770|76338|77371|99889|228355|268373|271457|384783,Agtr1a|Ap1g1|Bad|Bmp6|Anxa2|Cpt1a|Cry1|Fgfr1|Ncs1|Glul|Igf1|Itsn1|Lamp1|Myh9|Cdk16|Prkce|Plcd1|Septin4|Prkg1|S100a10|Cxcl12|Snap23|Stim1|Stxbp1|Tgfb1|Acsl4|P3h1|Clcf1|Sirt3|Sdhd|Pck2|Brsk2|Rab2b|Sec24a|Arfip1|Madd|Ppia|Rab5a|Irs2,-2.5
hits,GO Biological Processes,19,GO:0051896,regulation of phosphatidylinositol 3-kinase/protein kinase B signal transduction,19_GO:0050896 response to stimulus,-4.9,2.8,5.2,21160,297,555,22,4,0.83,13805|14182|14694|15182|16000|16202|16443|16600|17926|18596|19062|19211|20315|20356|20869|21803|24047|56708|68077|68861|216805|384783,Eng|Fgfr1|Rack1|Hdac2|Igf1|Ilk|Itsn1|Klf4|Myoc|Pdgfrb|Inpp5k|Pten|Cxcl12|Sema5a|Stk11|Tgfb1|Ccl19|Clcf1|Nop53|Dipk2a|Flcn|Irs2,-2.5
hits,GO Biological Processes,19,GO:0048667,cell morphogenesis involved in neuron differentiation,19_GO:0032502 developmental process,-4.9,2.3,5,21160,509,555,31,5.6,0.97,11465|13639|13844|13845|16779|16911|18032|18208|18227|18846|19091|19211|20315|20348|20356|20655|20869|20910|22241|22359|23928|24013|26419|27965|68810|71436|75770|77480|108902|233489|399558,Actg1|Efna4|Ephb2|Ephb3|Lamb2|Lmo4|Nfix|Ntn1|Nr4a2|Plxna3|Prkg1|Pten|Cxcl12|Sema3c|Sema5a|Sod1|Stk11|Stxbp1|Ulk1|Vldlr|Lamc3|Grk1|Mapk8|Spg21|Nexn|Flrt3|Brsk2|Kidins220|B4gat1|Picalm|Flrt2,-2.5
hits,GO Biological Processes,19,GO:1903050,regulation of proteolysis involved in protein catabolic process,19_GO:0050789 regulation of biological process,-4.8,3.1,5.3,21160,234,555,19,3.4,0.77,13666|14694|15516|18763|19186|19188|19211|19358|20620|24086|26419|28075|56371|59009|66498|68077|77125|229317|414872,Eif2ak3|Rack1|Hsp90ab1|Pkd1|Psme1|Psme2|Pten|Rad23a|Plk2|Tlk2|Mapk8|Desi1|Fzr1|Sh3rf1|Dda1|Nop53|Il33|Eif2a|Zyg11b,-2.5
hits,KEGG Pathway,24,mmu04151,PI3K-Akt signaling pathway - Mus musculus (house mouse),,-4.8,2.6,5.1,21160,367,555,25,4.5,0.88,12015|12567|12576|13639|14182|14697|14701|15461|15516|16000|16779|18596|18708|18709|19053|19211|20869|21827|21828|22059|23928|66066|74551|213119|226849,Bad|Cdk4|Cdkn1b|Efna4|Fgfr1|Gnb5|Gng12|Hras|Hsp90ab1|Igf1|Lamb2|Pdgfrb|Pik3r1|Pik3r2|Ppp2cb|Pten|Stk11|Thbs3|Thbs4|Trp53|Lamc3|Gng11|Pck2|Itga10|Ppp2r5a,-2.5
hits,GO Biological Processes,19,GO:0060087,relaxation of vascular associated smooth muscle,19_GO:0048519 negative regulation of biological process,-4.8,22,9,21160,7,555,4,0.72,0.36,17540|19091|20655|60596,Irag1|Prkg1|Sod1|Gucy1a1,-2.5
hits,KEGG Pathway,24,mmu05218,Melanoma - Mus musculus (house mouse),,-4.8,5.3,6,21160,72,555,10,1.8,0.56,12015|12567|14182|15461|16000|18596|18708|18709|19211|22059,Bad|Cdk4|Fgfr1|Hras|Igf1|Pdgfrb|Pik3r1|Pik3r2|Pten|Trp53,-2.4
hits,KEGG Pathway,24,mmu04150,mTOR signaling pathway - Mus musculus (house mouse),,-4.7,3.6,5.4,21160,158,555,15,2.7,0.69,11966|14368|14369|15461|16000|18708|18709|19211|20869|22241|56430|57265|64898|67605|216805,Atp6v1b2|Fzd6|Fzd7|Hras|Igf1|Pik3r1|Pik3r2|Pten|Stk11|Ulk1|Clip1|Fzd2|Lpin2|Akt1s1|Flcn,-2.4
hits,KEGG Pathway,24,mmu03420,Nucleotide excision repair - Mus musculus (house mouse),,-4.7,5.9,6.2,21160,58,555,9,1.6,0.54,13194|19358|20020|20021|22592|23894|66420|231329|245841,Ddb1|Rad23a|Polr2a|Polr2c|Ercc5|Gtf2h2|Polr2e|Polr2b|Polr2h,-2.4
hits,GO Biological Processes,19,GO:0071456,cellular response to hypoxia,19_GO:0050896 response to stimulus,-4.7,3.8,5.5,21160,140,555,14,2.5,0.67,12015|12576|13819|17684|18754|19211|21803|22059|22359|52538|53417|66925|68077|112407,Bad|Cdkn1b|Epas1|Cited2|Prkce|Pten|Tgfb1|Trp53|Vldlr|Acaa2|Hif3a|Sdhd|Nop53|Egln3,-2.4
hits,GO Biological Processes,19,GO:0007169,cell surface receptor protein tyrosine kinase signaling pathway,19_GO:0050896 response to stimulus,-4.7,2.4,4.9,21160,422,555,27,4.9,0.91,13639|13666|13844|13845|14182|15461|16000|17926|18596|18708|18709|19211|20397|20411|20851|22612|23938|27965|54721|56338|67605|71436|74055|78388|268996|384783|399558,Efna4|Eif2ak3|Ephb2|Ephb3|Fgfr1|Hras|Igf1|Myoc|Pdgfrb|Pik3r1|Pik3r2|Pten|Sgpl1|Sorbs1|Stat5b|Yes1|Map2k5|Spg21|Tyk2|Txnip|Akt1s1|Flrt3|Plce1|Mvp|Ss18|Irs2|Flrt2,-2.4
hits,GO Biological Processes,19,GO:1904951,positive regulation of establishment of protein localization,19_GO:0051179 localization,-4.7,2.5,4.9,21160,375,555,25,4.5,0.88,12015|12461|12464|14645|14694|15461|15516|16000|17886|18708|18709|18754|19134|20866|21803|50790|64384|74551|76709|77371|216274|225523|245474|268373|384783,Bad|Cct2|Cct4|Glul|Rack1|Hras|Hsp90ab1|Igf1|Myh9|Pik3r1|Pik3r2|Prkce|Prpf4b|Stim1|Tgfb1|Acsl4|Sirt3|Pck2|Arpc2|Sec24a|Cep290|Cep120|Dkc1|Ppia|Irs2,-2.4
hits,GO Biological Processes,19,GO:0050821,protein stabilization,19_GO:0065007 biological regulation,-4.6,3.1,5.2,21160,221,555,18,3.2,0.75,12461|12464|14252|15516|16000|16783|18708|19211|20910|22059|28199|56401|56710|67072|68077|69747|74126|80985,Cct2|Cct4|Flot2|Hsp90ab1|Igf1|Lamp1|Pik3r1|Pten|Stxbp1|Trp53|Dcaf11|P3h1|Brinp1|Cdc37l1|Nop53|Zswim7|Syvn1|Trim44,-2.3
hits,GO Biological Processes,19,GO:0043255,regulation of carbohydrate biosynthetic process,19_GO:0050789 regulation of biological process,-4.6,4,5.5,21160,124,555,13,2.3,0.64,12952|13194|16000|17886|18799|19062|19091|19228|19386|20411|20869|21803|384783,Cry1|Ddb1|Igf1|Myh9|Plcd1|Inpp5k|Prkg1|Pth1r|Ranbp2|Sorbs1|Stk11|Tgfb1|Irs2,-2.3
hits,GO Biological Processes,19,GO:0051495,positive regulation of cytoskeleton organization,19_GO:0048518 positive regulation of biological process,-4.6,3.2,5.2,21160,201,555,17,3.1,0.73,12576|12632|13494|17926|18754|18846|20194|20356|20410|26419|27360|30948|56430|66616|76123|76709|225523,Cdkn1b|Cfl2|Drg1|Myoc|Prkce|Plxna3|S100a10|Sema5a|Sorbs3|Mapk8|Add3|Bin1|Clip1|Snx9|Gpsm2|Arpc2|Cep120,-2.3
hits,Reactome Gene Sets,6,R-MMU-5654738,Signaling by FGFR2,,-4.6,5.7,6,21160,60,555,9,1.6,0.54,15461|17346|18708|19053|20020|20021|66420|231329|245841,Hras|Mknk1|Pik3r1|Ppp2cb|Polr2a|Polr2c|Polr2e|Polr2b|Polr2h,-2.3
hits,GO Biological Processes,19,GO:0030162,regulation of proteolysis,19_GO:0050789 regulation of biological process,-4.6,2.1,4.7,21160,653,555,36,6.5,1,12015|12306|12505|13010|13666|14694|15182|15516|16600|17886|18550|18708|18763|19186|19188|19211|19358|20194|20620|22059|24086|26419|28075|30948|54208|56371|59009|66498|66616|68077|69807|77125|112407|229317|241576|414872,Bad|Anxa2|Cd44|Cst3|Eif2ak3|Rack1|Hdac2|Hsp90ab1|Klf4|Myh9|Furin|Pik3r1|Pkd1|Psme1|Psme2|Pten|Rad23a|S100a10|Plk2|Trp53|Tlk2|Mapk8|Desi1|Bin1|Arl6ip1|Fzr1|Sh3rf1|Dda1|Snx9|Nop53|Trim32|Il33|Egln3|Eif2a|Ldlrad3|Zyg11b,-2.3
hits,Reactome Gene Sets,6,R-MMU-674695,RNA Polymerase II Pre-transcription Events,,-4.6,5.1,5.8,21160,75,555,10,1.8,0.56,20020|20021|23894|66420|73473|83602|93736|214498|231329|245841,Polr2a|Polr2c|Gtf2h2|Polr2e|Iws1|Gtf2a1|Aff4|Cdc73|Polr2b|Polr2h,-2.3
hits,GO Biological Processes,19,GO:0140694,membraneless organelle assembly,19_GO:0009987 cellular process,-4.6,2.6,4.9,21160,356,555,24,4.3,0.86,11465|12632|13006|13169|13194|13664|16563|18596|18810|19211|21841|66235|66645|68077|68794|74203|98932|100732|109359|110816|218629|225929|229317|233871,Actg1|Cfl2|Smc3|Dbnl|Ddb1|Eif1a|Kif2a|Pdgfrb|Plec|Pten|Tia1|Eif1ax|Pspc1|Nop53|Flnc|Eif4enif1|Myl9|Mapre3|Abraxas2|Pwp2|Dhx29|Patl1|Eif2a|Atxn2l,-2.3
hits,GO Biological Processes,19,GO:0007409,axonogenesis,19_GO:0032502 developmental process,-4.5,2.4,4.8,21160,405,555,26,4.7,0.9,11465|13639|13844|13845|16779|16911|18032|18208|18227|18846|19091|19211|20315|20348|20356|20869|20910|22241|23928|27965|68810|71436|75770|108902|233489|399558,Actg1|Efna4|Ephb2|Ephb3|Lamb2|Lmo4|Nfix|Ntn1|Nr4a2|Plxna3|Prkg1|Pten|Cxcl12|Sema3c|Sema5a|Stk11|Stxbp1|Ulk1|Lamc3|Spg21|Nexn|Flrt3|Brsk2|B4gat1|Picalm|Flrt2,-2.3
hits,KEGG Pathway,24,mmu04213,Longevity regulating pathway - multiple species - Mus musculus (house mouse),,-4.5,5.6,5.9,21160,61,555,9,1.6,0.54,11513|15182|15461|16000|18708|18709|20655|67605|384783,Adcy7|Hdac2|Hras|Igf1|Pik3r1|Pik3r2|Sod1|Akt1s1|Irs2,-2.3
hits,KEGG Pathway,24,mmu05220,Chronic myeloid leukemia - Mus musculus (house mouse),,-4.5,5,5.8,21160,76,555,10,1.8,0.56,12015|12567|12576|15182|15461|18708|18709|20851|21803|22059,Bad|Cdk4|Cdkn1b|Hdac2|Hras|Pik3r1|Pik3r2|Stat5b|Tgfb1|Trp53,-2.3
hits,Reactome Gene Sets,6,R-MMU-3928662,EPHB-mediated forward signaling,,-4.5,7.6,6.4,21160,35,555,7,1.3,0.47,11465|13844|13845|15461|16443|22612|76709,Actg1|Ephb2|Ephb3|Hras|Itsn1|Yes1|Arpc2,-2.3
hits,GO Biological Processes,19,GO:0044557,relaxation of smooth muscle,19_GO:0032501 multicellular organismal process,-4.5,19,8.4,21160,8,555,4,0.72,0.36,17540|19091|20655|60596,Irag1|Prkg1|Sod1|Gucy1a1,-2.3
hits,GO Biological Processes,19,GO:0045664,regulation of neuron differentiation,19_GO:0032502 developmental process,-4.5,2.9,5,21160,247,555,19,3.4,0.77,12010|12161|14182|14561|16449|19211|20315|21413|26419|27354|30948|56392|56710|69807|70834|74143|74203|208643|243937,B2m|Bmp6|Fgfr1|Gdf11|Jag1|Pten|Cxcl12|Tcf4|Mapk8|Nbn|Bin1|Shoc2|Brinp1|Trim32|Spag9|Opa1|Eif4enif1|Eif4g1|Zfp536,-2.3
hits,WikiPathways,27,WP85,Focal adhesion,,-4.5,3.3,5.2,21160,185,555,16,2.9,0.71,11465|12015|16000|16202|16779|18596|18708|18709|19211|21827|21828|23928|23938|26419|75669|213119,Actg1|Bad|Igf1|Ilk|Lamb2|Pdgfrb|Pik3r1|Pik3r2|Pten|Thbs3|Thbs4|Lamc3|Map2k5|Mapk8|Pik3r4|Itga10,-2.3
hits,GO Biological Processes,19,GO:0051962,positive regulation of nervous system development,19_GO:0032502 developmental process,-4.5,2.5,4.8,21160,384,555,25,4.5,0.88,13169|13844|13845|14567|15182|16000|16202|17344|18208|18708|20315|20356|20869|21803|21817|26419|30948|56708|66515|69807|71436|74143|77125|233489|399558,Dbnl|Ephb2|Ephb3|Gdi1|Hdac2|Igf1|Ilk|Pias2|Ntn1|Pik3r1|Cxcl12|Sema5a|Stk11|Tgfb1|Tgm2|Mapk8|Bin1|Clcf1|Cul7|Trim32|Flrt3|Opa1|Il33|Picalm|Flrt2,-2.3
hits,KEGG Pathway,24,mmu01522,Endocrine resistance - Mus musculus (house mouse),,-4.5,4.5,5.6,21160,93,555,11,2,0.59,11513|12015|12567|12576|15461|16000|16449|18708|18709|22059|26419,Adcy7|Bad|Cdk4|Cdkn1b|Hras|Igf1|Jag1|Pik3r1|Pik3r2|Trp53|Mapk8,-2.3
hits,GO Biological Processes,19,GO:0050678,regulation of epithelial cell proliferation,19_GO:0050789 regulation of biological process,-4.5,2.4,4.8,21160,433,555,27,4.9,0.91,11607|12010|12015|12161|12567|12576|13805|14182|14369|14595|14645|15461|16000|16449|19211|20315|20356|20869|21803|21828|23938|67996|110829|214498|216805|226841|384783,Agtr1a|B2m|Bad|Bmp6|Cdk4|Cdkn1b|Eng|Fgfr1|Fzd7|B4galt1|Glul|Hras|Igf1|Jag1|Pten|Cxcl12|Sema5a|Stk11|Tgfb1|Thbs4|Map2k5|Srsf6|Lims1|Cdc73|Flcn|Vash2|Irs2,-2.2
hits,WikiPathways,27,WP307,Translation factors,,-4.4,6.2,6,21160,49,555,8,1.4,0.51,13627|13664|13666|54709|66085|67160|208643|218693,Eef1a1|Eif1a|Eif2ak3|Eif3i|Eif3f|Eef1g|Eif4g1|Paip1,-2.2
hits,GO Biological Processes,19,GO:1901800,positive regulation of proteasomal protein catabolic process,19_GO:0048518 positive regulation of biological process,-4.4,4.1,5.4,21160,112,555,12,2.2,0.62,13666|14694|19358|20620|26419|56371|59009|66498|68077|77125|229317|414872,Eif2ak3|Rack1|Rad23a|Plk2|Mapk8|Fzr1|Sh3rf1|Dda1|Nop53|Il33|Eif2a|Zyg11b,-2.2
hits,GO Biological Processes,19,GO:0051129,negative regulation of cellular component organization,19_GO:0048519 negative regulation of biological process,-4.4,2,4.5,21160,778,555,40,7.2,1.1,12010|12161|12306|12562|13010|13844|13865|14567|14694|15182|16000|16911|17926|18208|18708|18846|19062|19211|20356|20740|20742|20910|21803|22059|22241|26949|27354|27360|52538|58799|68077|69807|74143|102774|110380|208177|216805|231580|233489|327959,B2m|Bmp6|Anxa2|Cdh5|Cst3|Ephb2|Nr2f1|Gdi1|Rack1|Hdac2|Igf1|Lmo4|Myoc|Ntn1|Pik3r1|Plxna3|Inpp5k|Pten|Sema5a|Sptan1|Sptbn1|Stxbp1|Tgfb1|Trp53|Ulk1|Vat1|Nbn|Add3|Acaa2|Crbn|Nop53|Trim32|Opa1|Bbs4|Shroom2|Phldb2|Flcn|Gak|Picalm|Xaf1,-2.1
hits,GO Biological Processes,19,GO:0036294,cellular response to decreased oxygen levels,19_GO:0050896 response to stimulus,-4.4,3.4,5.1,21160,170,555,15,2.7,0.69,12015|12576|13819|17684|18754|19211|21803|22059|22359|26419|52538|53417|66925|68077|112407,Bad|Cdkn1b|Epas1|Cited2|Prkce|Pten|Tgfb1|Trp53|Vldlr|Mapk8|Acaa2|Hif3a|Sdhd|Nop53|Egln3,-2.1
hits,GO Biological Processes,19,GO:0032436,positive regulation of proteasomal ubiquitin-dependent protein catabolic process,19_GO:0048518 positive regulation of biological process,-4.3,4.8,5.5,21160,80,555,10,1.8,0.56,14694|19358|20620|26419|56371|59009|66498|68077|77125|414872,Rack1|Rad23a|Plk2|Mapk8|Fzr1|Sh3rf1|Dda1|Nop53|Il33|Zyg11b,-2.1
hits,GO Biological Processes,19,GO:0032434,regulation of proteasomal ubiquitin-dependent protein catabolic process,19_GO:0050789 regulation of biological process,-4.3,3.8,5.2,21160,132,555,13,2.3,0.64,14694|15516|19358|20620|24086|26419|28075|56371|59009|66498|68077|77125|414872,Rack1|Hsp90ab1|Rad23a|Plk2|Tlk2|Mapk8|Desi1|Fzr1|Sh3rf1|Dda1|Nop53|Il33|Zyg11b,-2.1
hits,GO Biological Processes,19,GO:1903052,positive regulation of proteolysis involved in protein catabolic process,19_GO:0048518 positive regulation of biological process,-4.3,3.8,5.2,21160,132,555,13,2.3,0.64,13666|14694|19211|19358|20620|26419|56371|59009|66498|68077|77125|229317|414872,Eif2ak3|Rack1|Pten|Rad23a|Plk2|Mapk8|Fzr1|Sh3rf1|Dda1|Nop53|Il33|Eif2a|Zyg11b,-2.1
hits,Reactome Gene Sets,6,R-MMU-77075,RNA Pol II CTD phosphorylation and interaction with CE,,-4.3,8.8,6.5,21160,26,555,6,1.1,0.44,20020|20021|23894|66420|231329|245841,Polr2a|Polr2c|Gtf2h2|Polr2e|Polr2b|Polr2h,-2.1
hits,KEGG Pathway,24,mmu04068,FoxO signaling pathway - Mus musculus (house mouse),,-4.3,3.7,5.2,21160,133,555,13,2.3,0.64,12576|15461|16000|18708|18709|19211|20620|20869|21803|26419|57436|74551|384783,Cdkn1b|Hras|Igf1|Pik3r1|Pik3r2|Pten|Plk2|Stk11|Tgfb1|Mapk8|Gabarapl1|Pck2|Irs2,-2.1
hits,Reactome Gene Sets,6,R-MMU-5684996,MAPK1/MAPK3 signaling,,-4.3,2.8,4.8,21160,256,555,19,3.4,0.77,11465|14182|15461|16706|18596|18708|18709|19053|19175|20742|54721|56392|67836|70247|171463|208884|226849|240672|384783,Actg1|Fgfr1|Hras|Ksr1|Pdgfrb|Pik3r1|Pik3r2|Ppp2cb|Psmb6|Sptbn1|Tyk2|Shoc2|Wdr83|Psmd1|Il17rd|Zdhhc9|Ppp2r5a|Dusp5|Irs2,-2.1
hits,GO Biological Processes,19,GO:0060348,bone development,19_GO:0032502 developmental process,-4.3,2.9,4.9,21160,235,555,18,3.2,0.75,12161|12306|13805|16000|17684|17926|18032|18634|21803|21817|21827|22059|23850|56401|77087|102866|109181|235320,Bmp6|Anxa2|Eng|Igf1|Cited2|Myoc|Nfix|Pex7|Tgfb1|Tgm2|Thbs3|Trp53|Pappa2|P3h1|Ankrd11|Pls3|Trip11|Zbtb16,-2.1
hits,KEGG Pathway,24,mmu04210,Apoptosis - Mus musculus (house mouse),,-4.3,3.7,5.1,21160,134,555,13,2.3,0.64,11465|12015|13666|15461|16440|18708|18709|18952|20740|22059|22142|22143|26419,Actg1|Bad|Eif2ak3|Hras|Itpr3|Pik3r1|Pik3r2|Septin4|Sptan1|Trp53|Tuba1a|Tuba1b|Mapk8,-2.1
hits,GO Biological Processes,19,GO:0021700,developmental maturation,19_GO:0032502 developmental process,-4.3,2.5,4.7,21160,349,555,23,4.1,0.85,11765|11966|12400|12562|13382|13819|14182|14561|16000|17926|18032|18227|18952|19211|19228|20910|21803|21827|24047|27965|72961|233489|235320,Ap1g1|Atp6v1b2|Cbfb|Cdh5|Dld|Epas1|Fgfr1|Gdf11|Igf1|Myoc|Nfix|Nr4a2|Septin4|Pten|Pth1r|Stxbp1|Tgfb1|Thbs3|Ccl19|Spg21|Slc17a7|Picalm|Zbtb16,-2.1
hits,Reactome Gene Sets,6,R-MMU-6803529,FGFR2 alternative splicing,,-4.2,11,6.9,21160,17,555,5,0.9,0.4,20020|20021|66420|231329|245841,Polr2a|Polr2c|Polr2e|Polr2b|Polr2h,-2.1
hits,Reactome Gene Sets,6,R-MMU-6804758,Regulation of TP53 Activity through Acetylation,,-4.2,8.5,6.4,21160,27,555,6,1.1,0.44,15182|22059|26992|216848|234366|268936,Hdac2|Trp53|Brd7|Chd3|Gatad2a|Brpf3,-2.1
hits,KEGG Pathway,24,mmu05215,Prostate cancer - Mus musculus (house mouse),,-4.2,4.2,5.3,21160,100,555,11,2,0.59,12015|12576|14182|15461|15516|16000|18596|18708|18709|19211|22059,Bad|Cdkn1b|Fgfr1|Hras|Hsp90ab1|Igf1|Pdgfrb|Pik3r1|Pik3r2|Pten|Trp53,-2
hits,Reactome Gene Sets,6,R-MMU-186797,Signaling by PDGF,,-4.2,5.8,5.7,21160,53,555,8,1.4,0.51,15461|18550|18596|18708|18709|20851|21827|21828,Hras|Furin|Pdgfrb|Pik3r1|Pik3r2|Stat5b|Thbs3|Thbs4,-2
hits,GO Biological Processes,19,GO:0051047,positive regulation of secretion,19_GO:0051179 localization,-4.2,2.3,4.5,21160,452,555,27,4.9,0.91,11765|12015|12161|12306|14182|14299|14645|16000|16443|16783|17886|18754|18799|20194|20315|20866|20910|21803|50790|56708|64384|74551|76338|77371|268373|271457|384783,Ap1g1|Bad|Bmp6|Anxa2|Fgfr1|Ncs1|Glul|Igf1|Itsn1|Lamp1|Myh9|Prkce|Plcd1|S100a10|Cxcl12|Stim1|Stxbp1|Tgfb1|Acsl4|Clcf1|Sirt3|Pck2|Rab2b|Sec24a|Ppia|Rab5a|Irs2,-2
hits,GO Biological Processes,19,GO:2000060,positive regulation of ubiquitin-dependent protein catabolic process,19_GO:0048518 positive regulation of biological process,-4.2,4.2,5.2,21160,101,555,11,2,0.59,14694|19211|19358|20620|26419|56371|59009|66498|68077|77125|414872,Rack1|Pten|Rad23a|Plk2|Mapk8|Fzr1|Sh3rf1|Dda1|Nop53|Il33|Zyg11b,-2
hits,GO Biological Processes,19,GO:1904874,positive regulation of telomerase RNA localization to Cajal body,19_GO:0051179 localization,-4.2,29,9.1,21160,4,555,3,0.54,0.31,12461|12464|245474,Cct2|Cct4|Dkc1,-2
hits,GO Biological Processes,19,GO:0050679,positive regulation of epithelial cell proliferation,19_GO:0048518 positive regulation of biological process,-4.1,2.8,4.7,21160,241,555,18,3.2,0.75,11607|12015|12161|12567|14182|14369|14595|14645|15461|16000|20315|20356|21803|21828|23938|67996|226841|384783,Agtr1a|Bad|Bmp6|Cdk4|Fgfr1|Fzd7|B4galt1|Glul|Hras|Igf1|Cxcl12|Sema5a|Tgfb1|Thbs4|Map2k5|Srsf6|Vash2|Irs2,-2
hits,Reactome Gene Sets,6,R-MMU-72086,mRNA Capping,,-4.1,8.2,6.2,21160,28,555,6,1.1,0.44,20020|20021|23894|66420|231329|245841,Polr2a|Polr2c|Gtf2h2|Polr2e|Polr2b|Polr2h,-2
hits,Reactome Gene Sets,6,R-MMU-1280218,Adaptive Immune System,,-4.1,2,4.4,21160,636,555,34,6.1,1,11765|12010|14794|15015|15039|15461|16440|16563|18708|18709|19053|19091|19175|19211|20334|20619|20866|22142|22143|22612|53598|56371|59009|66515|69807|70247|77371|77891|224170|226849|227613|231670|269152|269514,Ap1g1|B2m|Spsb2|H2-Q4|H2-T22|Hras|Itpr3|Kif2a|Pik3r1|Pik3r2|Ppp2cb|Prkg1|Psmb6|Pten|Sec23a|Snap23|Stim1|Tuba1a|Tuba1b|Yes1|Dctn3|Fzr1|Sh3rf1|Cul7|Trim32|Psmd1|Sec24a|Ube2s|Dzip3|Ppp2r5a|Tubb4b|Fbxo21|Kif26b|Fbxl4,-2
hits,GO Biological Processes,19,GO:0062012,regulation of small molecule metabolic process,19_GO:0050789 regulation of biological process,-4.1,2.3,4.5,21160,406,555,25,4.5,0.88,12161|12894|12952|13194|13350|13666|14261|16000|17886|17978|18754|18799|19091|19228|19386|20411|20655|20869|22059|26569|50790|216805|244373|320717|384783,Bmp6|Cpt1a|Cry1|Ddb1|Dgat1|Eif2ak3|Fmo1|Igf1|Myh9|Ncoa2|Prkce|Plcd1|Prkg1|Pth1r|Ranbp2|Sorbs1|Sod1|Stk11|Trp53|Slc27a4|Acsl4|Flcn|Erlin2|Pptc7|Irs2,-2
hits,GO Biological Processes,19,GO:0043217,myelin maintenance,19_GO:0032502 developmental process,-4.1,11,6.7,21160,18,555,5,0.9,0.4,13823|18810|19153|19211|20655,Epb41l3|Plec|Prx|Pten|Sod1,-2
hits,GO Biological Processes,19,GO:0006109,regulation of carbohydrate metabolic process,19_GO:0050789 regulation of biological process,-4.1,2.9,4.7,21160,221,555,17,3.1,0.73,12952|13194|16000|17886|17978|18754|18799|19062|19091|19228|19386|20411|20869|21803|22059|216805|384783,Cry1|Ddb1|Igf1|Myh9|Ncoa2|Prkce|Plcd1|Inpp5k|Prkg1|Pth1r|Ranbp2|Sorbs1|Stk11|Tgfb1|Trp53|Flcn|Irs2,-2
hits,GO Biological Processes,19,GO:0001558,regulation of cell growth,19_GO:0040007 growth,-4.1,2.3,4.5,21160,456,555,27,4.9,0.91,12505|12576|13169|14567|14694|16000|16202|18208|18846|19211|20315|20356|20869|21803|22059|22241|22632|23938|50790|56401|69807|70834|83814|106628|208643|214498|233489,Cd44|Cdkn1b|Dbnl|Gdi1|Rack1|Igf1|Ilk|Ntn1|Plxna3|Pten|Cxcl12|Sema5a|Stk11|Tgfb1|Trp53|Ulk1|Yy1|Map2k5|Acsl4|P3h1|Trim32|Spag9|Nedd4l|Trip10|Eif4g1|Cdc73|Picalm,-2
hits,KEGG Pathway,24,mmu04910,Insulin signaling pathway - Mus musculus (house mouse),,-4.1,3.5,4.9,21160,140,555,13,2.3,0.64,12015|14252|15277|15461|17346|18708|18709|20411|26419|53413|74551|106628|384783,Bad|Flot2|Hk2|Hras|Mknk1|Pik3r1|Pik3r2|Sorbs1|Mapk8|Exoc7|Pck2|Trip10|Irs2,-2
hits,KEGG Pathway,24,mmu04540,Gap junction - Mus musculus (house mouse),,-4.1,4.4,5.2,21160,86,555,10,1.8,0.56,11513|15461|16440|18596|19091|22142|22143|23938|60596|227613,Adcy7|Hras|Itpr3|Pdgfrb|Prkg1|Tuba1a|Tuba1b|Map2k5|Gucy1a1|Tubb4b,-2
hits,GO Biological Processes,19,GO:0032868,response to insulin,19_GO:0050896 response to stimulus,-4.1,2.6,4.6,21160,289,555,20,3.6,0.79,12952|13844|13845|14182|15461|18596|18708|18709|19062|19211|20411|20525|26569|51788|64898|67996|74551|107508|170574|384783,Cry1|Ephb2|Ephb3|Fgfr1|Hras|Pdgfrb|Pik3r1|Pik3r2|Inpp5k|Pten|Sorbs1|Slc2a1|Slc27a4|H2az1|Lpin2|Srsf6|Pck2|Eprs1|Sp7|Irs2,-2
hits,GO Biological Processes,19,GO:0007265,Ras protein signal transduction,19_GO:0050896 response to stimulus,-4.1,4.9,5.4,21160,70,555,9,1.6,0.54,15461|16706|18208|20620|22059|22241|74055|78255|192786,Hras|Ksr1|Ntn1|Plk2|Trp53|Ulk1|Plce1|Ralgps2|Rapgef6,-2
hits,KEGG Pathway,24,mmu05211,Renal cell carcinoma - Mus musculus (house mouse),,-4.1,4.9,5.4,21160,70,555,9,1.6,0.54,12015|13819|15461|18708|18709|20525|21803|112407|216805,Bad|Epas1|Hras|Pik3r1|Pik3r2|Slc2a1|Tgfb1|Egln3|Flcn,-2
hits,GO Biological Processes,19,GO:0031401,positive regulation of protein modification process,19_GO:0048518 positive regulation of biological process,-4.1,1.9,4.3,21160,776,555,39,7,1.1,12161|12306|12505|12576|12952|13805|14182|14694|15182|15461|16000|16202|18596|18708|18952|19211|20869|21803|21828|22059|22359|22612|24047|26419|26936|27354|56371|56708|66616|68077|69068|76273|77891|100732|106021|208643|242202|268373|330177,Bmp6|Anxa2|Cd44|Cdkn1b|Cry1|Eng|Fgfr1|Rack1|Hdac2|Hras|Igf1|Ilk|Pdgfrb|Pik3r1|Septin4|Pten|Stk11|Tgfb1|Thbs4|Trp53|Vldlr|Yes1|Ccl19|Mapk8|Mprip|Nbn|Fzr1|Clcf1|Snx9|Nop53|Tcim|Ndfip2|Ube2s|Mapre3|Topors|Eif4g1|Pde5a|Ppia|Taok3,-1.9
hits,KEGG Pathway,24,mmu04360,Axon guidance - Mus musculus (house mouse),,-4,3.2,4.8,21160,181,555,15,2.7,0.69,12632|13639|13844|13845|15461|16202|18208|18708|18709|18846|20315|20348|20356|93737|98932,Cfl2|Efna4|Ephb2|Ephb3|Hras|Ilk|Ntn1|Pik3r1|Pik3r2|Plxna3|Cxcl12|Sema3c|Sema5a|Pard6g|Myl9,-1.9
hits,WikiPathways,27,WP2573,Primary focal segmental glomerulosclerosis FSGS,,-4,4.8,5.3,21160,71,555,9,1.6,0.54,12576|16202|16449|16779|17886|21803|60595|74055|110829,Cdkn1b|Ilk|Jag1|Lamb2|Myh9|Tgfb1|Actn4|Plce1|Lims1,-1.9
hits,GO Biological Processes,19,GO:0007264,small GTPase-mediated signal transduction,19_GO:0050896 response to stimulus,-4,2.8,4.6,21160,247,555,18,3.2,0.75,11607|13169|14567|14726|15461|16443|16706|18032|18208|20620|22059|22241|64652|69159|74055|78255|192662|192786,Agtr1a|Dbnl|Gdi1|Pdpn|Hras|Itsn1|Ksr1|Nfix|Ntn1|Plk2|Trp53|Ulk1|Nisch|Rhebl1|Plce1|Ralgps2|Arhgdia|Rapgef6,-1.9
hits,GO Biological Processes,19,GO:0010256,endomembrane system organization,19_GO:0009987 cellular process,-4,2.1,4.3,21160,539,555,30,5.4,0.96,11765|12527|13400|13666|13823|16202|17886|18810|19153|19211|20168|20619|20655|20742|20910|30948|54208|56389|66515|66616|67181|70297|71678|76338|77053|109181|207352|223697|231580|232664,Ap1g1|Cd9|Dmpk|Eif2ak3|Epb41l3|Ilk|Myh9|Plec|Prx|Pten|Rtn3|Snap23|Sod1|Sptbn1|Stxbp1|Bin1|Arl6ip1|Stx5a|Cul7|Snx9|Ctdnep1|Gcc2|Brox|Rab2b|Sun1|Trip11|Sec23ip|Sun2|Gak|Ccdc136,-1.9
hits,Reactome Gene Sets,6,R-MMU-9018519,Estrogen-dependent gene expression,,-4,4.3,5.1,21160,88,555,10,1.8,0.56,12400|15516|17978|20020|20021|66420|68024|83602|231329|245841,Cbfb|Hsp90ab1|Ncoa2|Polr2a|Polr2c|Polr2e|H2bc4|Gtf2a1|Polr2b|Polr2h,-1.9
hits,KEGG Pathway,24,mmu05010,Alzheimer disease - Mus musculus (house mouse),,-4,2.4,4.4,21160,389,555,24,4.3,0.86,12015|13666|14368|14369|15461|16440|18708|18709|19175|20168|20463|22142|22143|22241|26419|57265|66091|66925|70247|75669|84682|227613|333182|384783,Bad|Eif2ak3|Fzd6|Fzd7|Hras|Itpr3|Pik3r1|Pik3r2|Psmb6|Rtn3|Cox7a2l|Tuba1a|Tuba1b|Ulk1|Mapk8|Fzd2|Ndufa3|Sdhd|Psmd1|Pik3r4|Cox4i2|Tubb4b|Cox6b2|Irs2,-1.9
hits,GO Biological Processes,19,GO:0030335,positive regulation of cell migration,19_GO:0040011 locomotion,-4,2,4.3,21160,621,555,33,5.9,1,11465|11754|12562|13844|14182|14694|14726|14751|15461|16000|16202|17926|18550|18596|18708|18754|20315|20348|20356|20620|20851|21803|21828|22059|24047|26419|60595|69807|70834|76441|76709|223697|384783,Actg1|Aoc3|Cdh5|Ephb2|Fgfr1|Rack1|Pdpn|Gpi1|Hras|Igf1|Ilk|Myoc|Furin|Pdgfrb|Pik3r1|Prkce|Cxcl12|Sema3c|Sema5a|Plk2|Stat5b|Tgfb1|Thbs4|Trp53|Ccl19|Mapk8|Actn4|Trim32|Spag9|Daam2|Arpc2|Sun2|Irs2,-1.9
hits,GO Biological Processes,19,GO:0006351,DNA-templated transcription,19_GO:0009987 cellular process,-4,2.1,4.3,21160,542,555,30,5.4,0.96,12306|13819|16600|17344|17978|18032|18227|18708|19656|20020|20021|20182|20194|20851|22059|23894|26992|53417|56200|66420|67005|67367|67674|68975|73473|83602|94246|214498|231329|245841,Anxa2|Epas1|Klf4|Pias2|Ncoa2|Nfix|Nr4a2|Pik3r1|Rbmxl1|Polr2a|Polr2c|Rxrb|S100a10|Stat5b|Trp53|Gtf2h2|Brd7|Hif3a|Ddx21|Polr2e|Polr3k|Paxbp1|Trmt112|Med27|Iws1|Gtf2a1|Arid4b|Cdc73|Polr2b|Polr2h,-1.9
hits,GO Biological Processes,19,GO:0045932,negative regulation of muscle contraction,19_GO:0048519 negative regulation of biological process,-4,7.6,6,21160,30,555,6,1.1,0.44,17540|19091|20655|30948|60596|242202,Irag1|Prkg1|Sod1|Bin1|Gucy1a1|Pde5a,-1.9
hits,GO Biological Processes,19,GO:0008285,negative regulation of cell population proliferation,19_GO:0048519 negative regulation of biological process,-4,1.9,4.2,21160,757,555,38,6.8,1.1,12010|12505|12527|12562|12576|13805|14319|14561|14595|14726|15182|15461|16000|16202|16600|17684|18708|18952|19091|19211|19228|20315|20869|21803|21843|22059|22241|56190|56392|69807|77125|110829|207259|214498|216805|218271|235320|242202,B2m|Cd44|Cd9|Cdh5|Cdkn1b|Eng|Fth1|Gdf11|B4galt1|Pdpn|Hdac2|Hras|Igf1|Ilk|Klf4|Cited2|Pik3r1|Septin4|Prkg1|Pten|Pth1r|Cxcl12|Stk11|Tgfb1|Tial1|Trp53|Ulk1|Rbm38|Shoc2|Trim32|Il33|Lims1|Zbtb7c|Cdc73|Flcn|B4galt7|Zbtb16|Pde5a,-1.9
hits,GO Biological Processes,19,GO:0031346,positive regulation of cell projection organization,19_GO:0048518 positive regulation of biological process,-4,2.2,4.3,21160,465,555,27,4.9,0.91,13169|13844|14182|14567|15461|16202|17344|18208|18708|20315|20356|20869|22359|24047|56392|56401|56430|66515|74055|74143|76709|77480|102774|225523|230872|232944|233489,Dbnl|Ephb2|Fgfr1|Gdi1|Hras|Ilk|Pias2|Ntn1|Pik3r1|Cxcl12|Sema5a|Stk11|Vldlr|Ccl19|Shoc2|P3h1|Clip1|Cul7|Plce1|Opa1|Arpc2|Kidins220|Bbs4|Cep120|Crocc|Mark4|Picalm,-1.9
hits,Reactome Gene Sets,6,R-MMU-5673001,RAF/MAP kinase cascade,,-3.9,2.7,4.6,21160,250,555,18,3.2,0.75,11465|14182|15461|16706|18596|18708|18709|19053|19175|20742|56392|67836|70247|171463|208884|226849|240672|384783,Actg1|Fgfr1|Hras|Ksr1|Pdgfrb|Pik3r1|Pik3r2|Ppp2cb|Psmb6|Sptbn1|Shoc2|Wdr83|Psmd1|Il17rd|Zdhhc9|Ppp2r5a|Dusp5|Irs2,-1.9
hits,GO Biological Processes,19,GO:0050769,positive regulation of neurogenesis,19_GO:0032502 developmental process,-3.9,2.5,4.5,21160,319,555,21,3.8,0.81,13169|13844|14567|15182|16000|16202|17344|18208|20315|20356|20869|21803|21817|26419|30948|56708|66515|69807|74143|77125|233489,Dbnl|Ephb2|Gdi1|Hdac2|Igf1|Ilk|Pias2|Ntn1|Cxcl12|Sema5a|Stk11|Tgfb1|Tgm2|Mapk8|Bin1|Clcf1|Cul7|Trim32|Opa1|Il33|Picalm,-1.9
hits,GO Biological Processes,19,GO:0045937,positive regulation of phosphate metabolic process,19_GO:0048518 positive regulation of biological process,-3.9,1.9,4.2,21160,704,555,36,6.5,1,12161|12306|12505|12576|13805|14182|14369|14694|15182|15461|16000|16202|16911|17886|18596|18708|18799|19228|20869|21803|21828|22059|22359|22612|24013|24047|26936|27354|56708|66616|69068|100732|208643|242202|268373|330177,Bmp6|Anxa2|Cd44|Cdkn1b|Eng|Fgfr1|Fzd7|Rack1|Hdac2|Hras|Igf1|Ilk|Lmo4|Myh9|Pdgfrb|Pik3r1|Plcd1|Pth1r|Stk11|Tgfb1|Thbs4|Trp53|Vldlr|Yes1|Grk1|Ccl19|Mprip|Nbn|Clcf1|Snx9|Tcim|Mapre3|Eif4g1|Pde5a|Ppia|Taok3,-1.9
hits,GO Biological Processes,19,GO:0010562,positive regulation of phosphorus metabolic process,19_GO:0048518 positive regulation of biological process,-3.9,1.9,4.2,21160,704,555,36,6.5,1,12161|12306|12505|12576|13805|14182|14369|14694|15182|15461|16000|16202|16911|17886|18596|18708|18799|19228|20869|21803|21828|22059|22359|22612|24013|24047|26936|27354|56708|66616|69068|100732|208643|242202|268373|330177,Bmp6|Anxa2|Cd44|Cdkn1b|Eng|Fgfr1|Fzd7|Rack1|Hdac2|Hras|Igf1|Ilk|Lmo4|Myh9|Pdgfrb|Pik3r1|Plcd1|Pth1r|Stk11|Tgfb1|Thbs4|Trp53|Vldlr|Yes1|Grk1|Ccl19|Mprip|Nbn|Clcf1|Snx9|Tcim|Mapre3|Eif4g1|Pde5a|Ppia|Taok3,-1.9
hits,GO Biological Processes,19,GO:0048729,tissue morphogenesis,19_GO:0032502 developmental process,-3.9,2,4.2,21160,677,555,35,6.3,1,11465|12505|13805|14182|14368|14726|14751|16000|16202|16449|16600|16911|17684|18208|18763|18952|20315|20348|20356|21803|21817|27428|57265|63958|67836|71436|74143|74533|75770|102774|105278|216274|216850|234366|269152,Actg1|Cd44|Eng|Fgfr1|Fzd6|Pdpn|Gpi1|Igf1|Ilk|Jag1|Klf4|Lmo4|Cited2|Ntn1|Pkd1|Septin4|Cxcl12|Sema3c|Sema5a|Tgfb1|Tgm2|Shroom3|Fzd2|Ube4b|Wdr83|Flrt3|Opa1|Gzf1|Brsk2|Bbs4|Cdk20|Cep290|Kdm6b|Gatad2a|Kif26b,-1.9
hits,GO Biological Processes,19,GO:0061351,neural precursor cell proliferation,19_GO:0009987 cellular process,-3.9,3.4,4.8,21160,145,555,13,2.3,0.64,14182|14368|16000|16202|18032|21357|22059|27354|77087|110829|140887|225523|231580,Fgfr1|Fzd6|Igf1|Ilk|Nfix|Tarbp2|Trp53|Nbn|Ankrd11|Lims1|Lnx2|Cep120|Gak,-1.9
hits,GO Biological Processes,19,GO:2000147,positive regulation of cell motility,19_GO:0040011 locomotion,-3.9,2,4.2,21160,651,555,34,6.1,1,11465|11754|12562|13844|14182|14694|14726|14751|15461|16000|16202|17926|18208|18550|18596|18708|18754|20315|20348|20356|20620|20851|21803|21828|22059|24047|26419|60595|69807|70834|76441|76709|223697|384783,Actg1|Aoc3|Cdh5|Ephb2|Fgfr1|Rack1|Pdpn|Gpi1|Hras|Igf1|Ilk|Myoc|Ntn1|Furin|Pdgfrb|Pik3r1|Prkce|Cxcl12|Sema3c|Sema5a|Plk2|Stat5b|Tgfb1|Thbs4|Trp53|Ccl19|Mapk8|Actn4|Trim32|Spag9|Daam2|Arpc2|Sun2|Irs2,-1.9
hits,Reactome Gene Sets,6,R-MMU-418346,Platelet homeostasis,,-3.9,4.7,5.2,21160,73,555,9,1.6,0.54,14697|14701|16440|17540|19053|19091|66066|226849|242202,Gnb5|Gng12|Itpr3|Irag1|Ppp2cb|Prkg1|Gng11|Ppp2r5a|Pde5a,-1.9
hits,GO Biological Processes,19,GO:0010498,proteasomal protein catabolic process,19_GO:0009987 cellular process,-3.9,2.2,4.3,21160,493,555,28,5,0.93,13194|13666|14794|19053|19175|19358|22670|28199|56371|56710|58799|63958|66349|67118|70247|70382|74126|75770|77087|77891|83814|106021|109815|223455|227619|242736|244373|269514,Ddb1|Eif2ak3|Spsb2|Ppp2cb|Psmb6|Rad23a|Trim26|Dcaf11|Fzr1|Brinp1|Crbn|Ube4b|Dmac2|Bfar|Psmd1|Kctd2|Syvn1|Brsk2|Ankrd11|Ube2s|Nedd4l|Topors|Selenos|Marchf6|Man1b1|Pramel12|Erlin2|Fbxl4,-1.9
hits,Reactome Gene Sets,6,R-MMU-1169410,Antiviral mechanism by IFN-stimulated genes,,-3.9,4.2,5,21160,90,555,10,1.8,0.56,19053|21357|22059|22142|22143|67781|208643|226849|227613|286940,Ppp2cb|Tarbp2|Trp53|Tuba1a|Tuba1b|Ilf2|Eif4g1|Ppp2r5a|Tubb4b|Flnb,-1.9
hits,KEGG Pathway,24,mmu04211,Longevity regulating pathway - Mus musculus (house mouse),,-3.9,4.2,5,21160,90,555,10,1.8,0.56,11513|15461|16000|18708|18709|20869|22059|22241|67605|384783,Adcy7|Hras|Igf1|Pik3r1|Pik3r2|Stk11|Trp53|Ulk1|Akt1s1|Irs2,-1.9
hits,GO Biological Processes,19,GO:1904375,regulation of protein localization to cell periphery,19_GO:0051179 localization,-3.9,3.2,4.7,21160,166,555,14,2.5,0.67,13844|14694|14735|15461|18708|18709|20411|20742|21803|23888|76123|208643|226849|233489,Ephb2|Rack1|Gpc4|Hras|Pik3r1|Pik3r2|Sorbs1|Sptbn1|Tgfb1|Gpc6|Gpsm2|Eif4g1|Ppp2r5a|Picalm,-1.9
hits,GO Biological Processes,19,GO:0090100,positive regulation of transmembrane receptor protein serine/threonine kinase signaling pathway,19_GO:0048518 positive regulation of biological process,-3.9,3.9,4.9,21160,108,555,11,2,0.59,12161|12562|13805|14561|15516|16202|17684|18550|20869|21803|216805,Bmp6|Cdh5|Eng|Gdf11|Hsp90ab1|Ilk|Cited2|Furin|Stk11|Tgfb1|Flcn,-1.9
hits,GO Biological Processes,19,GO:0048145,regulation of fibroblast proliferation,19_GO:0050789 regulation of biological process,-3.9,3.6,4.8,21160,127,555,12,2.2,0.62,12306|12567|14319|15461|16000|18596|21803|22059|27354|69807|214498|218271,Anxa2|Cdk4|Fth1|Hras|Igf1|Pdgfrb|Tgfb1|Trp53|Nbn|Trim32|Cdc73|B4galt7,-1.9
hits,KEGG Pathway,24,mmu04152,AMPK signaling pathway - Mus musculus (house mouse),,-3.9,3.6,4.8,21160,127,555,12,2.2,0.62,12894|16000|18708|18709|19053|20869|22241|56421|67605|74551|226849|384783,Cpt1a|Igf1|Pik3r1|Pik3r2|Ppp2cb|Stk11|Ulk1|Pfkp|Akt1s1|Pck2|Ppp2r5a|Irs2,-1.9
hits,GO Biological Processes,19,GO:0042063,gliogenesis,19_GO:0032502 developmental process,-3.9,2.5,4.4,21160,322,555,21,3.8,0.81,12527|13003|15182|15461|16000|16202|16779|17926|18032|18208|18810|19153|19211|20655|21803|22059|22142|23928|77053|77125|223697,Cd9|Vcan|Hdac2|Hras|Igf1|Ilk|Lamb2|Myoc|Nfix|Ntn1|Plec|Prx|Pten|Sod1|Tgfb1|Trp53|Tuba1a|Lamc3|Sun1|Il33|Sun2,-1.9
hits,Reactome Gene Sets,6,R-MMU-73779,RNA Polymerase II Transcription Pre-Initiation And Promoter Opening,,-3.9,6.1,5.5,21160,44,555,7,1.3,0.47,20020|20021|23894|66420|83602|231329|245841,Polr2a|Polr2c|Gtf2h2|Polr2e|Gtf2a1|Polr2b|Polr2h,-1.8
hits,Reactome Gene Sets,6,R-MMU-76042,RNA Polymerase II Transcription Initiation And Promoter Clearance,,-3.9,6.1,5.5,21160,44,555,7,1.3,0.47,20020|20021|23894|66420|83602|231329|245841,Polr2a|Polr2c|Gtf2h2|Polr2e|Gtf2a1|Polr2b|Polr2h,-1.8
hits,Reactome Gene Sets,6,R-MMU-75953,RNA Polymerase II Transcription Initiation,,-3.9,6.1,5.5,21160,44,555,7,1.3,0.47,20020|20021|23894|66420|83602|231329|245841,Polr2a|Polr2c|Gtf2h2|Polr2e|Gtf2a1|Polr2b|Polr2h,-1.8
hits,Reactome Gene Sets,6,R-MMU-73776,RNA Polymerase II Promoter Escape,,-3.9,6.1,5.5,21160,44,555,7,1.3,0.47,20020|20021|23894|66420|83602|231329|245841,Polr2a|Polr2c|Gtf2h2|Polr2e|Gtf2a1|Polr2b|Polr2h,-1.8
hits,Reactome Gene Sets,6,R-MMU-72165,mRNA Splicing - Minor Pathway,,-3.9,6.1,5.5,21160,44,555,7,1.3,0.47,20020|20021|66420|110809|231329|245841|320632,Polr2a|Polr2c|Polr2e|Srsf1|Polr2b|Polr2h|Snrnp200,-1.8
hits,GO Biological Processes,19,GO:0090075,relaxation of muscle,19_GO:0032501 multicellular organismal process,-3.9,9.5,6.3,21160,20,555,5,0.9,0.4,17540|19091|20655|60596|242202,Irag1|Prkg1|Sod1|Gucy1a1|Pde5a,-1.8
hits,GO Biological Processes,19,GO:0045785,positive regulation of cell adhesion,19_GO:0048518 positive regulation of biological process,-3.9,2.1,4.2,21160,523,555,29,5.2,0.94,12010|12015|12400|12505|13612|14252|14726|16000|16202|16779|17684|17886|17926|18709|18754|20194|20315|20851|21803|21817|24047|26992|54721|74143|74199|76709|83554|110829|269152,B2m|Bad|Cbfb|Cd44|Edil3|Flot2|Pdpn|Igf1|Ilk|Lamb2|Cited2|Myh9|Myoc|Pik3r2|Prkce|S100a10|Cxcl12|Stat5b|Tgfb1|Tgm2|Ccl19|Brd7|Tyk2|Opa1|Vit|Arpc2|Fstl3|Lims1|Kif26b,-1.8
hits,GO Biological Processes,19,GO:0007507,heart development,19_GO:0032502 developmental process,-3.9,2,4.2,21160,656,555,34,6.1,1,11607|12576|13003|13805|14182|14726|15182|16202|16449|16911|17684|18032|18596|18763|18810|19091|19211|20182|20348|20928|21803|22059|23938|57265|63958|68861|71436|71458|77087|109181|216274|216850|268977|399558,Agtr1a|Cdkn1b|Vcan|Eng|Fgfr1|Pdpn|Hdac2|Ilk|Jag1|Lmo4|Cited2|Nfix|Pdgfrb|Pkd1|Plec|Prkg1|Pten|Rxrb|Sema3c|Abcc9|Tgfb1|Trp53|Map2k5|Fzd2|Ube4b|Dipk2a|Flrt3|Bcor|Ankrd11|Trip11|Cep290|Kdm6b|Ltbp1|Flrt2,-1.8
hits,GO Biological Processes,19,GO:0002009,morphogenesis of an epithelium,19_GO:0032502 developmental process,-3.8,2.1,4.2,21160,550,555,30,5.4,0.96,11465|12505|13805|14182|14368|14726|16000|16202|16449|16600|16911|17684|18208|18763|20315|20348|20356|21803|21817|27428|67836|71436|74143|74533|75770|102774|105278|216274|234366|269152,Actg1|Cd44|Eng|Fgfr1|Fzd6|Pdpn|Igf1|Ilk|Jag1|Klf4|Lmo4|Cited2|Ntn1|Pkd1|Cxcl12|Sema3c|Sema5a|Tgfb1|Tgm2|Shroom3|Wdr83|Flrt3|Opa1|Gzf1|Brsk2|Bbs4|Cdk20|Cep290|Gatad2a|Kif26b,-1.8
hits,GO Biological Processes,19,GO:0030833,regulation of actin filament polymerization,19_GO:0050789 regulation of biological process,-3.8,3.3,4.7,21160,148,555,13,2.3,0.64,13169|18709|18754|20740|20742|27360|30948|66616|72042|76441|76709|101497|102774,Dbnl|Pik3r2|Prkce|Sptan1|Sptbn1|Add3|Bin1|Snx9|Cotl1|Daam2|Arpc2|Plekhg2|Bbs4,-1.8
hits,GO Biological Processes,19,GO:0051046,regulation of secretion,19_GO:0051179 localization,-3.8,1.9,4.1,21160,796,555,39,7,1.1,11607|11765|12015|12161|12306|12894|12952|14182|14299|14645|16000|16443|16783|17886|18555|18754|18799|18952|19091|20194|20315|20619|20866|20910|21803|50790|56401|56708|64384|66925|74551|75770|76338|77371|99889|228355|268373|271457|384783,Agtr1a|Ap1g1|Bad|Bmp6|Anxa2|Cpt1a|Cry1|Fgfr1|Ncs1|Glul|Igf1|Itsn1|Lamp1|Myh9|Cdk16|Prkce|Plcd1|Septin4|Prkg1|S100a10|Cxcl12|Snap23|Stim1|Stxbp1|Tgfb1|Acsl4|P3h1|Clcf1|Sirt3|Sdhd|Pck2|Brsk2|Rab2b|Sec24a|Arfip1|Madd|Ppia|Rab5a|Irs2,-1.8
hits,GO Biological Processes,19,GO:0034248,regulation of amide metabolic process,19_GO:0050789 regulation of biological process,-3.8,4.6,5.1,21160,75,555,9,1.6,0.54,13666|14694|16000|20168|22059|30948|64384|233489|260302,Eif2ak3|Rack1|Igf1|Rtn3|Trp53|Bin1|Sirt3|Picalm|Gga3,-1.8
hits,WikiPathways,27,WP1244,Estrogen signaling,,-3.8,4.6,5.1,21160,75,555,9,1.6,0.54,15182|15461|16202|20020|20021|23894|66420|231329|245841,Hdac2|Hras|Ilk|Polr2a|Polr2c|Gtf2h2|Polr2e|Polr2b|Polr2h,-1.8
hits,GO Biological Processes,19,GO:1901987,regulation of cell cycle phase transition,19_GO:0050789 regulation of biological process,-3.8,2.2,4.2,21160,474,555,27,4.9,0.91,12567|12576|12952|13194|14726|15270|16600|18555|18763|19134|19186|19188|19211|20184|21803|22059|26992|27354|50784|56190|56371|68077|69068|75770|208643|214498|330177,Cdk4|Cdkn1b|Cry1|Ddb1|Pdpn|H2ax|Klf4|Cdk16|Pkd1|Prpf4b|Psme1|Psme2|Pten|Uimc1|Tgfb1|Trp53|Brd7|Nbn|Plpp2|Rbm38|Fzr1|Nop53|Tcim|Brsk2|Eif4g1|Cdc73|Taok3,-1.8
hits,Reactome Gene Sets,6,R-MMU-5683057,MAPK family signaling cascades,,-3.8,2.6,4.4,21160,279,555,19,3.4,0.77,11465|14182|15461|16706|18596|18708|18709|19053|19175|20742|54721|56392|67836|70247|171463|208884|226849|240672|384783,Actg1|Fgfr1|Hras|Ksr1|Pdgfrb|Pik3r1|Pik3r2|Ppp2cb|Psmb6|Sptbn1|Tyk2|Shoc2|Wdr83|Psmd1|Il17rd|Zdhhc9|Ppp2r5a|Dusp5|Irs2,-1.8
hits,KEGG Pathway,24,mmu03020,RNA polymerase - Mus musculus (house mouse),,-3.8,7.1,5.7,21160,32,555,6,1.1,0.44,20020|20021|66420|67005|231329|245841,Polr2a|Polr2c|Polr2e|Polr3k|Polr2b|Polr2h,-1.8
hits,Reactome Gene Sets,6,R-MMU-113418,Formation of the Early Elongation Complex,,-3.8,7.1,5.7,21160,32,555,6,1.1,0.44,20020|20021|23894|66420|231329|245841,Polr2a|Polr2c|Gtf2h2|Polr2e|Polr2b|Polr2h,-1.8
hits,GO Biological Processes,19,GO:0001501,skeletal system development,19_GO:0032502 developmental process,-3.8,2.1,4.2,21160,554,555,30,5.4,0.96,11694|12161|12306|13003|13666|13805|14182|14561|16000|17684|17926|18032|18596|18634|18763|19228|20397|21803|21810|21817|21827|22059|23850|56401|77087|102866|105278|109181|217935|235320,Alx3|Bmp6|Anxa2|Vcan|Eif2ak3|Eng|Fgfr1|Gdf11|Igf1|Cited2|Myoc|Nfix|Pdgfrb|Pex7|Pkd1|Pth1r|Sgpl1|Tgfb1|Tgfbi|Tgm2|Thbs3|Trp53|Pappa2|P3h1|Ankrd11|Pls3|Cdk20|Trip11|Dync2i1|Zbtb16,-1.8
hits,GO Biological Processes,19,GO:2000058,regulation of ubiquitin-dependent protein catabolic process,19_GO:0050789 regulation of biological process,-3.8,3.1,4.6,21160,170,555,14,2.5,0.67,14694|15516|19211|19358|20620|24086|26419|28075|56371|59009|66498|68077|77125|414872,Rack1|Hsp90ab1|Pten|Rad23a|Plk2|Tlk2|Mapk8|Desi1|Fzr1|Sh3rf1|Dda1|Nop53|Il33|Zyg11b,-1.8
hits,Reactome Gene Sets,6,R-MMU-2682334,EPH-Ephrin signaling,,-3.8,5.1,5.2,21160,60,555,8,1.4,0.51,11465|13639|13844|13845|15461|16443|22612|76709,Actg1|Efna4|Ephb2|Ephb3|Hras|Itsn1|Yes1|Arpc2,-1.8
hits,GO Biological Processes,19,GO:0010810,regulation of cell-substrate adhesion,19_GO:0050789 regulation of biological process,-3.8,2.8,4.4,21160,235,555,17,3.1,0.73,11465|13612|14369|14726|16202|16449|17886|17926|18708|18754|19211|20194|60595|74199|76709|110829|208177,Actg1|Edil3|Fzd7|Pdpn|Ilk|Jag1|Myh9|Myoc|Pik3r1|Prkce|Pten|S100a10|Actn4|Vit|Arpc2|Lims1|Phldb2,-1.8
hits,GO Biological Processes,19,GO:0090666,scaRNA localization to Cajal body,19_GO:0051179 localization,-3.8,23,8,21160,5,555,3,0.54,0.31,12461|12464|245474,Cct2|Cct4|Dkc1,-1.8
hits,GO Biological Processes,19,GO:0090685,RNA localization to nucleus,19_GO:0051179 localization,-3.8,23,8,21160,5,555,3,0.54,0.31,12461|12464|245474,Cct2|Cct4|Dkc1,-1.8
hits,GO Biological Processes,19,GO:0090670,RNA localization to Cajal body,19_GO:0051179 localization,-3.8,23,8,21160,5,555,3,0.54,0.31,12461|12464|245474,Cct2|Cct4|Dkc1,-1.8
hits,Reactome Gene Sets,6,R-MMU-1234158,Regulation of gene expression by Hypoxia-inducible Factor,,-3.8,23,8,21160,5,555,3,0.54,0.31,13819|17684|53417,Epas1|Cited2|Hif3a,-1.8
hits,GO Biological Processes,19,GO:1902992,negative regulation of amyloid precursor protein catabolic process,19_GO:0048519 negative regulation of biological process,-3.8,9.1,6.1,21160,21,555,5,0.9,0.4,14252|16000|20168|30948|260302,Flot2|Igf1|Rtn3|Bin1|Gga3,-1.8
hits,GO Biological Processes,19,GO:2001233,regulation of apoptotic signaling pathway,19_GO:0050896 response to stimulus,-3.7,2.2,4.2,21160,428,555,25,4.5,0.88,12015|12505|13666|14182|14694|15182|16000|16600|18227|18952|19211|20315|20655|22059|23938|26419|52538|59009|69807|74126|74143|109815|216805|228355|268373,Bad|Cd44|Eif2ak3|Fgfr1|Rack1|Hdac2|Igf1|Klf4|Nr4a2|Septin4|Pten|Cxcl12|Sod1|Trp53|Map2k5|Mapk8|Acaa2|Sh3rf1|Trim32|Syvn1|Opa1|Selenos|Flcn|Madd|Ppia,-1.8
hits,GO Biological Processes,19,GO:0003018,vascular process in circulatory system,19_GO:0032501 multicellular organismal process,-3.7,2.6,4.4,21160,259,555,18,3.2,0.75,11607|12161|12562|17540|18810|19091|20525|20655|20657|20928|21803|21873|26569|27360|60596|240672|242202|320736,Agtr1a|Bmp6|Cdh5|Irag1|Plec|Prkg1|Slc2a1|Sod1|Sod3|Abcc9|Tgfb1|Tjp2|Slc27a4|Add3|Gucy1a1|Dusp5|Pde5a|Vstm4,-1.8
hits,GO Biological Processes,19,GO:0042327,positive regulation of phosphorylation,19_GO:0048518 positive regulation of biological process,-3.7,2,4.1,21160,640,555,33,5.9,1,12161|12306|12505|12576|13805|14182|14369|14694|15182|15461|16000|16202|16911|18596|18708|20869|21803|21828|22059|22359|22612|24013|24047|26936|27354|56708|66616|69068|100732|208643|242202|268373|330177,Bmp6|Anxa2|Cd44|Cdkn1b|Eng|Fgfr1|Fzd7|Rack1|Hdac2|Hras|Igf1|Ilk|Lmo4|Pdgfrb|Pik3r1|Stk11|Tgfb1|Thbs4|Trp53|Vldlr|Yes1|Grk1|Ccl19|Mprip|Nbn|Clcf1|Snx9|Tcim|Mapre3|Eif4g1|Pde5a|Ppia|Taok3,-1.8
hits,GO Biological Processes,19,GO:2001242,regulation of intrinsic apoptotic signaling pathway,19_GO:0050896 response to stimulus,-3.7,2.9,4.5,21160,194,555,15,2.7,0.69,12015|12505|13666|14694|15182|18952|20315|20655|22059|69807|74126|74143|109815|216805|268373,Bad|Cd44|Eif2ak3|Rack1|Hdac2|Septin4|Cxcl12|Sod1|Trp53|Trim32|Syvn1|Opa1|Selenos|Flcn|Ppia,-1.8
hits,WikiPathways,27,WP5051,Na K ATPase Src signaling,,-3.7,4,4.8,21160,95,555,10,1.8,0.56,12015|15461|16202|18596|18708|18709|19211|23938|26419|75669,Bad|Hras|Ilk|Pdgfrb|Pik3r1|Pik3r2|Pten|Map2k5|Mapk8|Pik3r4,-1.8
hits,GO Biological Processes,19,GO:0040017,positive regulation of locomotion,19_GO:0040011 locomotion,-3.7,1.9,4.1,21160,668,555,34,6.1,1,11465|11754|12562|13844|14182|14694|14726|14751|15461|16000|16202|17926|18208|18550|18596|18708|18754|20315|20348|20356|20620|20851|21803|21828|22059|24047|26419|60595|69807|70834|76441|76709|223697|384783,Actg1|Aoc3|Cdh5|Ephb2|Fgfr1|Rack1|Pdpn|Gpi1|Hras|Igf1|Ilk|Myoc|Ntn1|Furin|Pdgfrb|Pik3r1|Prkce|Cxcl12|Sema3c|Sema5a|Plk2|Stat5b|Tgfb1|Thbs4|Trp53|Ccl19|Mapk8|Actn4|Trim32|Spag9|Daam2|Arpc2|Sun2|Irs2,-1.8
hits,GO Biological Processes,19,GO:0032869,cellular response to insulin stimulus,19_GO:0050896 response to stimulus,-3.7,2.8,4.4,21160,216,555,16,2.9,0.71,13844|13845|14182|15461|18596|18708|18709|19062|19211|20411|26569|51788|64898|74551|107508|384783,Ephb2|Ephb3|Fgfr1|Hras|Pdgfrb|Pik3r1|Pik3r2|Inpp5k|Pten|Sorbs1|Slc27a4|H2az1|Lpin2|Pck2|Eprs1|Irs2,-1.8
hits,GO Biological Processes,19,GO:0000226,microtubule cytoskeleton organization,19_GO:0009987 cellular process,-3.7,2,4.1,21160,588,555,31,5.6,0.97,13006|13194|16202|16563|17886|19211|20620|22142|22143|56430|66515|70297|75564|75770|76123|77053|78785|93737|100732|102774|109359|208177|216274|216848|223697|225523|227613|230872|232944|268996|320234,Smc3|Ddb1|Ilk|Kif2a|Myh9|Pten|Plk2|Tuba1a|Tuba1b|Clip1|Cul7|Gcc2|Rsph9|Brsk2|Gpsm2|Sun1|Clip4|Pard6g|Mapre3|Bbs4|Abraxas2|Phldb2|Cep290|Chd3|Sun2|Cep120|Tubb4b|Crocc|Mark4|Ss18|Ccdc66,-1.7
hits,Reactome Gene Sets,6,R-MMU-76002,"Platelet activation, signaling and aggregation",,-3.7,2.7,4.4,21160,239,555,17,3.1,0.73,11465|12527|14697|14701|14726|16000|16440|18708|18709|18754|20655|21803|60595|66066|67072|68038|268936,Actg1|Cd9|Gnb5|Gng12|Pdpn|Igf1|Itpr3|Pik3r1|Pik3r2|Prkce|Sod1|Tgfb1|Actn4|Gng11|Cdc37l1|Chid1|Brpf3,-1.7
hits,GO Biological Processes,19,GO:0001525,angiogenesis,19_GO:0032502 developmental process,-3.7,2.3,4.2,21160,358,555,22,4,0.83,11465|12306|13666|13805|13819|13844|13845|14182|14595|14645|17886|18596|18799|19211|20315|20356|21803|21810|53417|57875|59308|320736,Actg1|Anxa2|Eif2ak3|Eng|Epas1|Ephb2|Ephb3|Fgfr1|B4galt1|Glul|Myh9|Pdgfrb|Plcd1|Pten|Cxcl12|Sema5a|Tgfb1|Tgfbi|Hif3a|Angptl4|Emcn|Vstm4,-1.7
hits,GO Biological Processes,19,GO:0050770,regulation of axonogenesis,19_GO:0032502 developmental process,-3.7,3.1,4.5,21160,175,555,14,2.5,0.67,13169|13844|13845|14567|16202|18208|18846|19211|20315|20356|20869|22241|75770|233489,Dbnl|Ephb2|Ephb3|Gdi1|Ilk|Ntn1|Plxna3|Pten|Cxcl12|Sema5a|Stk11|Ulk1|Brsk2|Picalm,-1.7
hits,KEGG Pathway,24,mmu05225,Hepatocellular carcinoma - Mus musculus (house mouse),,-3.7,3.1,4.5,21160,175,555,14,2.5,0.67,11465|12015|12567|14368|14369|14873|15461|18708|18709|19211|21803|22059|26992|57265,Actg1|Bad|Cdk4|Fzd6|Fzd7|Gsto1|Hras|Pik3r1|Pik3r2|Pten|Tgfb1|Trp53|Brd7|Fzd2,-1.7
hits,KEGG Pathway,24,mmu05170,Human immunodeficiency virus 1 infection - Mus musculus (house mouse),,-3.6,2.7,4.3,21160,241,555,17,3.1,0.73,11765|12010|12015|12632|13194|14697|14701|15015|15039|15461|16440|18708|18709|26419|56045|66066|266632,Ap1g1|B2m|Bad|Cfl2|Ddb1|Gnb5|Gng12|H2-Q4|H2-T22|Hras|Itpr3|Pik3r1|Pik3r2|Mapk8|Samhd1|Gng11|Irak4,-1.7
hits,Reactome Gene Sets,6,R-MMU-9833482,PKR-mediated signaling,,-3.6,4.8,5,21160,63,555,8,1.4,0.51,19053|21357|22059|22142|22143|67781|226849|227613,Ppp2cb|Tarbp2|Trp53|Tuba1a|Tuba1b|Ilf2|Ppp2r5a|Tubb4b,-1.7
hits,GO Biological Processes,19,GO:0018193,peptidyl-amino acid modification,19_GO:0009987 cellular process,-3.6,2.2,4.1,21160,461,555,26,4.7,0.9,13666|13844|14182|16202|17344|17346|18596|18754|18763|19038|19386|20620|20869|22241|24086|26419|28075|64384|67956|72096|75770|106021|108148|208884|268373|320213,Eif2ak3|Ephb2|Fgfr1|Ilk|Pias2|Mknk1|Pdgfrb|Prkce|Pkd1|Ppic|Ranbp2|Plk2|Stk11|Ulk1|Tlk2|Mapk8|Desi1|Sirt3|Kmt5a|Eef1akmt2|Brsk2|Topors|Galnt2|Zdhhc9|Ppia|Senp5,-1.7
hits,GO Biological Processes,19,GO:0030029,actin filament-based process,19_GO:0009987 cellular process,-3.6,2,4,21160,593,555,31,5.6,0.97,11465|12632|13169|13823|14726|17886|18596|18810|20411|20740|20742|20928|27361|27428|60595|64652|66938|68794|69807|71994|75770|76441|76709|83814|98932|102866|109624|110380|215789|223697|286940,Actg1|Cfl2|Dbnl|Epb41l3|Pdpn|Myh9|Pdgfrb|Plec|Sorbs1|Sptan1|Sptbn1|Abcc9|Msrb1|Shroom3|Actn4|Nisch|Sh3d21|Flnc|Trim32|Cnn3|Brsk2|Daam2|Arpc2|Nedd4l|Myl9|Pls3|Cald1|Shroom2|Phactr2|Sun2|Flnb,-1.7
hits,GO Biological Processes,19,GO:0034976,response to endoplasmic reticulum stress,19_GO:0050896 response to stimulus,-3.6,2.7,4.3,21160,242,555,17,3.1,0.73,13666|18708|18709|19053|21828|22059|63958|74126|75770|93736|109815|208643|216274|223455|227619|229317|244373,Eif2ak3|Pik3r1|Pik3r2|Ppp2cb|Thbs4|Trp53|Ube4b|Syvn1|Brsk2|Aff4|Selenos|Eif4g1|Cep290|Marchf6|Man1b1|Eif2a|Erlin2,-1.7
hits,Reactome Gene Sets,6,R-MMU-6781823,Formation of TC-NER Pre-Incision Complex,,-3.6,5.6,5.2,21160,48,555,7,1.3,0.47,13194|20020|20021|23894|66420|231329|245841,Ddb1|Polr2a|Polr2c|Gtf2h2|Polr2e|Polr2b|Polr2h,-1.7
hits,GO Biological Processes,19,GO:0014044,Schwann cell development,19_GO:0032502 developmental process,-3.6,5.6,5.2,21160,48,555,7,1.3,0.47,15461|16202|16779|17926|18810|19153|20655,Hras|Ilk|Lamb2|Myoc|Plec|Prx|Sod1,-1.7
hits,Reactome Gene Sets,6,R-MMU-5654736,Signaling by FGFR1,,-3.6,5.6,5.2,21160,48,555,7,1.3,0.47,14182|15461|17346|18708|19053|71436|399558,Fgfr1|Hras|Mknk1|Pik3r1|Ppp2cb|Flrt3|Flrt2,-1.7
hits,Reactome Gene Sets,6,R-MMU-8953854,Metabolism of RNA,,-3.6,2,4,21160,568,555,30,5.4,0.96,16549|19134|19175|19386|20020|20021|23894|56086|56200|66053|66118|66138|66420|67337|68106|69207|70247|75956|76793|110809|110816|170791|208643|218693|225929|230082|231329|238799|245841|320632,Khsrp|Prpf4b|Psmb6|Ranbp2|Polr2a|Polr2c|Gtf2h2|Set|Ddx21|Ppil2|Sarnp|Bud23|Polr2e|Cstf1|Nt5c3b|Srsf11|Psmd1|Srrm2|Snip1|Srsf1|Pwp2|Rbm39|Eif4g1|Paip1|Patl1|Nol6|Polr2b|Tnpo1|Polr2h|Snrnp200,-1.7
hits,GO Biological Processes,19,GO:0006913,nucleocytoplasmic transport,19_GO:0051179 localization,-3.6,2.6,4.3,21160,266,555,18,3.2,0.75,12576|18708|18763|19386|21803|22059|28075|56338|66118|71983|73473|74203|74204|75751|77125|110750|230082|238799,Cdkn1b|Pik3r1|Pkd1|Ranbp2|Tgfb1|Trp53|Desi1|Txnip|Sarnp|Tmco6|Iws1|Eif4enif1|Xpo6|Ipo4|Il33|Cse1l|Nol6|Tnpo1,-1.7
hits,Reactome Gene Sets,6,R-MMU-5696398,Nucleotide Excision Repair,,-3.6,3.9,4.7,21160,98,555,10,1.8,0.56,13194|19358|20020|20021|22632|23894|66420|69714|231329|245841,Ddb1|Rad23a|Polr2a|Polr2c|Yy1|Gtf2h2|Polr2e|Tfpt|Polr2b|Polr2h,-1.7
hits,GO Biological Processes,19,GO:0043085,positive regulation of catalytic activity,19_GO:0065007 biological regulation,-3.6,1.9,3.9,21160,733,555,36,6.5,1,11513|11607|12015|13666|14182|14694|14697|15461|16000|16911|18227|18596|19211|20194|20655|20866|20869|21817|22359|24047|26419|26569|27354|56371|64384|66616|69068|77891|100732|106021|110829|112407|192786|242202|268373|330177,Adcy7|Agtr1a|Bad|Eif2ak3|Fgfr1|Rack1|Gnb5|Hras|Igf1|Lmo4|Nr4a2|Pdgfrb|Pten|S100a10|Sod1|Stim1|Stk11|Tgm2|Vldlr|Ccl19|Mapk8|Slc27a4|Nbn|Fzr1|Sirt3|Snx9|Tcim|Ube2s|Mapre3|Topors|Lims1|Egln3|Rapgef6|Pde5a|Ppia|Taok3,-1.7
hits,Reactome Gene Sets,6,R-MMU-212436,Generic Transcription Pathway,,-3.6,1.9,3.9,21160,761,555,37,6.7,1.1,12400|12567|12576|13865|14751|15182|15270|17684|18227|18550|19053|19175|20020|20021|20182|20463|20620|20869|21803|22059|23894|26992|27354|56187|64384|66420|67956|68024|70247|84682|216848|231329|233060|234366|245841|268936|333182,Cbfb|Cdk4|Cdkn1b|Nr2f1|Gpi1|Hdac2|H2ax|Cited2|Nr4a2|Furin|Ppp2cb|Psmb6|Polr2a|Polr2c|Rxrb|Cox7a2l|Plk2|Stk11|Tgfb1|Trp53|Gtf2h2|Brd7|Nbn|Rabggta|Sirt3|Polr2e|Kmt5a|H2bc4|Psmd1|Cox4i2|Chd3|Polr2b|Zfp382|Gatad2a|Polr2h|Brpf3|Cox6b2,-1.7
hits,GO Biological Processes,19,GO:0051169,nuclear transport,19_GO:0051179 localization,-3.6,2.6,4.2,21160,267,555,18,3.2,0.75,12576|18708|18763|19386|21803|22059|28075|56338|66118|71983|73473|74203|74204|75751|77125|110750|230082|238799,Cdkn1b|Pik3r1|Pkd1|Ranbp2|Tgfb1|Trp53|Desi1|Txnip|Sarnp|Tmco6|Iws1|Eif4enif1|Xpo6|Ipo4|Il33|Cse1l|Nol6|Tnpo1,-1.7
hits,GO Biological Processes,19,GO:0045862,positive regulation of proteolysis,19_GO:0048518 positive regulation of biological process,-3.6,2.4,4.1,21160,339,555,21,3.8,0.81,12015|12306|13666|14694|15182|17886|19211|19358|20194|20620|26419|56371|59009|66498|66616|68077|69807|77125|112407|229317|414872,Bad|Anxa2|Eif2ak3|Rack1|Hdac2|Myh9|Pten|Rad23a|S100a10|Plk2|Mapk8|Fzr1|Sh3rf1|Dda1|Snx9|Nop53|Trim32|Il33|Egln3|Eif2a|Zyg11b,-1.7
hits,GO Biological Processes,19,GO:0016055,Wnt signaling pathway,19_GO:0050896 response to stimulus,-3.6,2.5,4.2,21160,291,555,19,3.4,0.77,12505|13194|14368|14369|14735|16600|17926|18763|19211|21803|26992|57265|67181|72135|76441|102774|214498|214897|271457,Cd44|Ddb1|Fzd6|Fzd7|Gpc4|Klf4|Myoc|Pkd1|Pten|Tgfb1|Brd7|Fzd2|Ctdnep1|Pygo1|Daam2|Bbs4|Cdc73|Csnk1g1|Rab5a,-1.7
hits,GO Biological Processes,19,GO:0048009,insulin-like growth factor receptor signaling pathway,19_GO:0050896 response to stimulus,-3.6,4.2,4.8,21160,81,555,9,1.6,0.54,13666|13844|13845|14182|15461|16000|18596|18708|23938,Eif2ak3|Ephb2|Ephb3|Fgfr1|Hras|Igf1|Pdgfrb|Pik3r1|Map2k5,-1.7
hits,GO Biological Processes,19,GO:0051640,organelle localization,19_GO:0051179 localization,-3.6,2,4,21160,571,555,30,5.4,0.96,17281|17886|18208|18763|20619|20869|20910|22142|24086|30948|53413|54160|56389|60595|68861|70834|74143|75620|76123|77053|109181|109359|110380|216274|216805|223697|225523|228355|230872|233489,Fyco1|Myh9|Ntn1|Pkd1|Snap23|Stk11|Stxbp1|Tuba1a|Tlk2|Bin1|Exoc7|Copg2|Stx5a|Actn4|Dipk2a|Spag9|Opa1|Kxd1|Gpsm2|Sun1|Trip11|Abraxas2|Shroom2|Cep290|Flcn|Sun2|Cep120|Madd|Crocc|Picalm,-1.7
hits,WikiPathways,27,WP387,IL 6 signaling pathway,,-3.6,3.9,4.7,21160,99,555,10,1.8,0.56,12015|15461|18708|18709|19053|20851|26419|54721|226849|229317,Bad|Hras|Pik3r1|Pik3r2|Ppp2cb|Stat5b|Mapk8|Tyk2|Ppp2r5a|Eif2a,-1.7
hits,GO Biological Processes,19,GO:0150105,protein localization to cell-cell junction,19_GO:0051179 localization,-3.6,8.3,5.7,21160,23,555,5,0.9,0.4,11465|12562|21873|26419|60595,Actg1|Cdh5|Tjp2|Mapk8|Actn4,-1.7
hits,GO Biological Processes,19,GO:0031647,regulation of protein stability,19_GO:0065007 biological regulation,-3.6,2.3,4.1,21160,365,555,22,4,0.83,12461|12464|14252|15516|16000|16783|18708|19211|19358|20910|22059|28199|56401|56710|67072|68077|69747|74126|80985|83814|214498|260302,Cct2|Cct4|Flot2|Hsp90ab1|Igf1|Lamp1|Pik3r1|Pten|Rad23a|Stxbp1|Trp53|Dcaf11|P3h1|Brinp1|Cdc37l1|Nop53|Zswim7|Syvn1|Trim44|Nedd4l|Cdc73|Gga3,-1.7
hits,WikiPathways,27,WP2316,PPAR signaling pathway,,-3.5,4.2,4.7,21160,82,555,9,1.6,0.54,12894|16202|20182|20411|26569|50790|56473|57875|74551,Cpt1a|Ilk|Rxrb|Sorbs1|Slc27a4|Acsl4|Fads2|Angptl4|Pck2,-1.6
hits,WikiPathways,27,WP65,Insulin signaling,,-3.5,3.1,4.4,21160,159,555,13,2.3,0.64,14252|15461|18708|18709|19211|20411|20525|20619|20910|23938|26419|27357|75669,Flot2|Hras|Pik3r1|Pik3r2|Pten|Sorbs1|Slc2a1|Snap23|Stxbp1|Map2k5|Mapk8|Gyg1|Pik3r4,-1.6
hits,GO Biological Processes,19,GO:0009612,response to mechanical stimulus,19_GO:0050896 response to stimulus,-3.5,2.5,4.2,21160,270,555,18,3.2,0.75,12015|12161|13805|14751|16000|17684|18763|18810|20315|20525|21803|22142|26419|56338|77053|77125|192662|667742,Bad|Bmp6|Eng|Gpi1|Igf1|Cited2|Pkd1|Plec|Cxcl12|Slc2a1|Tgfb1|Tuba1a|Mapk8|Txnip|Sun1|Il33|Arhgdia|Piezo2,-1.6
hits,Reactome Gene Sets,6,R-MMU-1280215,Cytokine Signaling in Immune system,,-3.5,2.1,4,21160,444,555,25,4.5,0.88,12576|12804|15461|18708|18709|19053|19175|20851|21357|22059|22142|22143|22612|26419|54721|56708|67781|70247|77125|208643|226849|227613|266632|286940|384783,Cdkn1b|Cntfr|Hras|Pik3r1|Pik3r2|Ppp2cb|Psmb6|Stat5b|Tarbp2|Trp53|Tuba1a|Tuba1b|Yes1|Mapk8|Tyk2|Clcf1|Ilf2|Psmd1|Il33|Eif4g1|Ppp2r5a|Tubb4b|Irak4|Flnb|Irs2,-1.6
hits,GO Biological Processes,19,GO:0048880,sensory system development,19_GO:0032502 developmental process,-3.5,2.1,4,21160,470,555,26,4.7,0.9,12161|13844|14561|15182|16449|16600|16779|17150|17684|18032|18185|18596|19893|21803|22241|22632|23928|24013|50530|56371|102774|105278|110380|210992|216274|320736,Bmp6|Ephb2|Gdf11|Hdac2|Jag1|Klf4|Lamb2|Mfap2|Cited2|Nfix|Nrl|Pdgfrb|Rpgr|Tgfb1|Ulk1|Yy1|Lamc3|Grk1|Mfap5|Fzr1|Bbs4|Cdk20|Shroom2|Lpcat1|Cep290|Vstm4,-1.6
hits,GO Biological Processes,19,GO:0051301,cell division,19_GO:0009987 cellular process,-3.5,2,4,21160,523,555,28,5,0.93,12567|13006|14182|14369|16563|17886|18754|18810|18952|20742|21843|53413|53598|56371|66515|66616|67956|75770|76123|77891|93737|100732|102774|105278|109359|232944|235320|320213,Cdk4|Smc3|Fgfr1|Fzd7|Kif2a|Myh9|Prkce|Plec|Septin4|Sptbn1|Tial1|Exoc7|Dctn3|Fzr1|Cul7|Snx9|Kmt5a|Brsk2|Gpsm2|Ube2s|Pard6g|Mapre3|Bbs4|Cdk20|Abraxas2|Mark4|Zbtb16|Senp5,-1.6
hits,GO Biological Processes,19,GO:0051223,regulation of protein transport,19_GO:0051179 localization,-3.5,2,3.9,21160,550,555,29,5.2,0.94,12015|12894|14645|14694|15516|16000|17886|18555|18708|18709|18754|19134|20866|21803|50790|56401|64384|66691|70297|74551|75770|76273|77371|99889|216274|228355|233489|268373|384783,Bad|Cpt1a|Glul|Rack1|Hsp90ab1|Igf1|Myh9|Cdk16|Pik3r1|Pik3r2|Prkce|Prpf4b|Stim1|Tgfb1|Acsl4|P3h1|Sirt3|Gapvd1|Gcc2|Pck2|Brsk2|Ndfip2|Sec24a|Arfip1|Cep290|Madd|Picalm|Ppia|Irs2,-1.6
hits,WikiPathways,27,WP488,Alpha 6 beta 4 integrin signaling pathway,,-3.5,4.6,4.8,21160,66,555,8,1.4,0.51,12015|16779|18208|18708|18709|18810|22612|384783,Bad|Lamb2|Ntn1|Pik3r1|Pik3r2|Plec|Yes1|Irs2,-1.6
hits,KEGG Pathway,24,mmu04137,Mitophagy - animal - Mus musculus (house mouse),,-3.5,3.8,4.6,21160,101,555,10,1.8,0.56,13666|15461|17684|22059|22241|26419|57436|74143|231874|271457,Eif2ak3|Hras|Cited2|Trp53|Ulk1|Mapk8|Gabarapl1|Opa1|Ccz1|Rab5a,-1.6
hits,GO Biological Processes,19,GO:0007422,peripheral nervous system development,19_GO:0032502 developmental process,-3.5,4.1,4.7,21160,83,555,9,1.6,0.54,11671|15461|16202|16779|17684|17926|18810|19153|20655,Aldh3a2|Hras|Ilk|Lamb2|Cited2|Myoc|Plec|Prx|Sod1,-1.6
hits,WikiPathways,27,WP1560,MicroRNAs in cardiomyocyte hypertrophy,,-3.5,4.1,4.7,21160,83,555,9,1.6,0.54,16000|17876|18708|18709|19091|21803|23938|26419|57265,Igf1|Myef2|Pik3r1|Pik3r2|Prkg1|Tgfb1|Map2k5|Mapk8|Fzd2,-1.6
hits,GO Biological Processes,19,GO:0010927,cellular component assembly involved in morphogenesis,19_GO:0032502 developmental process,-3.5,3.3,4.4,21160,140,555,12,2.2,0.62,11465|12527|12632|13823|16202|18596|18810|19153|68794|98932|207352|232664,Actg1|Cd9|Cfl2|Epb41l3|Ilk|Pdgfrb|Plec|Prx|Flnc|Myl9|Sec23ip|Ccdc136,-1.6
hits,GO Biological Processes,19,GO:0032989,cellular anatomical entity morphogenesis,19_GO:0009987 cellular process,-3.5,3.3,4.4,21160,140,555,12,2.2,0.62,11465|12527|12632|13823|16202|18596|18810|19153|68794|98932|207352|232664,Actg1|Cd9|Cfl2|Epb41l3|Ilk|Pdgfrb|Plec|Prx|Flnc|Myl9|Sec23ip|Ccdc136,-1.6
hits,GO Biological Processes,19,GO:0010975,regulation of neuron projection development,19_GO:0032502 developmental process,-3.5,2,3.9,21160,578,555,30,5.4,0.96,12010|13169|13844|13845|13865|14182|14299|14567|15182|16202|16600|17344|18208|18846|19211|20315|20356|20869|22241|22359|56392|56401|56430|66515|74143|75770|77480|83814|231580|233489,B2m|Dbnl|Ephb2|Ephb3|Nr2f1|Fgfr1|Ncs1|Gdi1|Hdac2|Ilk|Klf4|Pias2|Ntn1|Plxna3|Pten|Cxcl12|Sema5a|Stk11|Ulk1|Vldlr|Shoc2|P3h1|Clip1|Cul7|Opa1|Brsk2|Kidins220|Nedd4l|Gak|Picalm,-1.6
hits,KEGG Pathway,24,mmu05205,Proteoglycans in cancer - Mus musculus (house mouse),,-3.5,2.8,4.2,21160,204,555,15,2.7,0.69,11465|12505|14182|14368|14369|15461|16000|16440|17022|18708|18709|21803|22059|57265|74055,Actg1|Cd44|Fgfr1|Fzd6|Fzd7|Hras|Igf1|Itpr3|Lum|Pik3r1|Pik3r2|Tgfb1|Trp53|Fzd2|Plce1,-1.6
hits,GO Biological Processes,19,GO:1905684,regulation of plasma membrane repair,19_GO:0050896 response to stimulus,-3.5,19,7.3,21160,6,555,3,0.54,0.31,12306|17886|20194,Anxa2|Myh9|S100a10,-1.6
hits,Reactome Gene Sets,6,R-MMU-2559583,Cellular Senescence,,-3.5,3.2,4.4,21160,141,555,12,2.2,0.62,12567|12576|13875|15270|22059|26419|27354|56371|66403|68024|77891|216850,Cdk4|Cdkn1b|Erf|H2ax|Trp53|Mapk8|Nbn|Fzr1|Asf1a|H2bc4|Ube2s|Kdm6b,-1.6
hits,GO Biological Processes,19,GO:0040008,regulation of growth,19_GO:0040007 growth,-3.4,1.9,3.8,21160,691,555,34,6.1,1,12505|12576|13169|14182|14567|14694|15182|16000|16202|17684|18208|18846|19211|20315|20356|20397|20655|20851|20869|21803|22059|22241|22632|23938|50790|56401|69807|70834|83814|102774|106628|208643|214498|233489,Cd44|Cdkn1b|Dbnl|Fgfr1|Gdi1|Rack1|Hdac2|Igf1|Ilk|Cited2|Ntn1|Plxna3|Pten|Cxcl12|Sema5a|Sgpl1|Sod1|Stat5b|Stk11|Tgfb1|Trp53|Ulk1|Yy1|Map2k5|Acsl4|P3h1|Trim32|Spag9|Nedd4l|Bbs4|Trip10|Eif4g1|Cdc73|Picalm,-1.6
hits,KEGG Pathway,24,mmu05203,Viral carcinogenesis - Mus musculus (house mouse),,-3.4,2.7,4.2,21160,228,555,16,2.9,0.71,12015|12567|12576|13194|15015|15039|15182|15461|18708|18709|20851|22059|23894|60595|68024|83602,Bad|Cdk4|Cdkn1b|Ddb1|H2-Q4|H2-T22|Hdac2|Hras|Pik3r1|Pik3r2|Stat5b|Trp53|Gtf2h2|Actn4|H2bc4|Gtf2a1,-1.6
hits,GO Biological Processes,19,GO:0007346,regulation of mitotic cell cycle,19_GO:0050789 regulation of biological process,-3.4,2,3.9,21160,528,555,28,5,0.93,12567|12576|13194|14182|14726|16000|16600|18596|18763|19134|19186|19188|19211|20184|20851|21803|22059|26992|27354|56190|56371|56710|66515|68077|75770|208643|214498|330177,Cdk4|Cdkn1b|Ddb1|Fgfr1|Pdpn|Igf1|Klf4|Pdgfrb|Pkd1|Prpf4b|Psme1|Psme2|Pten|Uimc1|Stat5b|Tgfb1|Trp53|Brd7|Nbn|Rbm38|Fzr1|Brinp1|Cul7|Nop53|Brsk2|Eif4g1|Cdc73|Taok3,-1.6
hits,GO Biological Processes,19,GO:0048638,regulation of developmental growth,19_GO:0040007 growth,-3.4,2.2,4,21160,398,555,23,4.1,0.85,12576|13169|14182|14567|15182|16000|16202|17684|18208|18846|19211|20315|20356|20397|20655|20851|22241|22632|70834|83814|102774|106628|233489,Cdkn1b|Dbnl|Fgfr1|Gdi1|Hdac2|Igf1|Ilk|Cited2|Ntn1|Plxna3|Pten|Cxcl12|Sema5a|Sgpl1|Sod1|Stat5b|Ulk1|Yy1|Spag9|Nedd4l|Bbs4|Trip10|Picalm,-1.6
hits,GO Biological Processes,19,GO:0048514,blood vessel morphogenesis,19_GO:0032502 developmental process,-3.4,2.1,3.9,21160,476,555,26,4.7,0.9,11465|12306|13666|13805|13819|13844|13845|14182|14595|14645|16449|17684|17886|18596|18799|19211|20315|20356|20397|21803|21810|53417|57875|59308|66515|320736,Actg1|Anxa2|Eif2ak3|Eng|Epas1|Ephb2|Ephb3|Fgfr1|B4galt1|Glul|Jag1|Cited2|Myh9|Pdgfrb|Plcd1|Pten|Cxcl12|Sema5a|Sgpl1|Tgfb1|Tgfbi|Hif3a|Angptl4|Emcn|Cul7|Vstm4,-1.6
hits,GO Biological Processes,19,GO:0060249,anatomical structure homeostasis,19_GO:0042592 homeostatic process,-3.4,2.6,4.1,21160,252,555,17,3.1,0.73,18032|18596|19228|20525|20655|20869|21873|22142|56710|69807|73137|77087|102774|216274|230872|320234|320736,Nfix|Pdgfrb|Pth1r|Slc2a1|Sod1|Stk11|Tjp2|Tuba1a|Brinp1|Trim32|Prrc1|Ankrd11|Bbs4|Cep290|Crocc|Ccdc66|Vstm4,-1.6
hits,GO Biological Processes,19,GO:0001894,tissue homeostasis,19_GO:0042592 homeostatic process,-3.4,2.6,4.1,21160,252,555,17,3.1,0.73,18032|18596|19228|20525|20655|20869|21873|22142|56710|69807|73137|77087|102774|216274|230872|320234|320736,Nfix|Pdgfrb|Pth1r|Slc2a1|Sod1|Stk11|Tjp2|Tuba1a|Brinp1|Trim32|Prrc1|Ankrd11|Bbs4|Cep290|Crocc|Ccdc66|Vstm4,-1.6
hits,KEGG Pathway,24,mmu05014,Amyotrophic lateral sclerosis - Mus musculus (house mouse),,-3.4,2.2,4,21160,375,555,22,4,0.83,11465|12015|13666|16440|19175|19386|20463|20655|22059|22142|22143|22241|53598|66091|66925|70247|75669|84682|227613|233871|271457|333182,Actg1|Bad|Eif2ak3|Itpr3|Psmb6|Ranbp2|Cox7a2l|Sod1|Trp53|Tuba1a|Tuba1b|Ulk1|Dctn3|Ndufa3|Sdhd|Psmd1|Pik3r4|Cox4i2|Tubb4b|Atxn2l|Rab5a|Cox6b2,-1.5
hits,GO Biological Processes,19,GO:0043087,regulation of GTPase activity,19_GO:0065007 biological regulation,-3.4,2.7,4.2,21160,208,555,15,2.7,0.69,13845|14694|14697|15461|19091|20194|20655|21817|24047|26569|66616|102774|110829|192786|227800,Ephb3|Rack1|Gnb5|Hras|Prkg1|S100a10|Sod1|Tgm2|Ccl19|Slc27a4|Snx9|Bbs4|Lims1|Rapgef6|Rabgap1,-1.5
hits,GO Biological Processes,19,GO:1901699,cellular response to nitrogen compound,19_GO:0050896 response to stimulus,-3.4,1.9,3.8,21160,696,555,34,6.1,1,11607|13844|13845|14182|14697|15182|15461|16000|16440|16600|18227|18596|18708|18709|19062|19211|20411|20851|20866|20928|21803|21817|22059|26419|26569|51788|54721|56392|64898|74551|76709|107508|238505|384783,Agtr1a|Ephb2|Ephb3|Fgfr1|Gnb5|Hdac2|Hras|Igf1|Itpr3|Klf4|Nr4a2|Pdgfrb|Pik3r1|Pik3r2|Inpp5k|Pten|Sorbs1|Stat5b|Stim1|Abcc9|Tgfb1|Tgm2|Trp53|Mapk8|Slc27a4|H2az1|Tyk2|Shoc2|Lpin2|Pck2|Arpc2|Eprs1|Mtr|Irs2,-1.5
hits,Reactome Gene Sets,6,R-MMU-71387,Metabolism of carbohydrates,,-3.4,2.6,4.1,21160,254,555,17,3.1,0.73,12505|14595|14735|14751|15277|17022|19386|20525|23888|27357|56421|59031|74551|77590|100910|108902|218271,Cd44|B4galt1|Gpc4|Gpi1|Hk2|Lum|Ranbp2|Slc2a1|Gpc6|Gyg1|Pfkp|Chst12|Pck2|Chst15|Chpf2|B4gat1|B4galt7,-1.5
hits,GO Biological Processes,19,GO:0042659,regulation of cell fate specification,19_GO:0032502 developmental process,-3.4,7.6,5.4,21160,25,555,5,0.9,0.4,14182|14369|15182|16911|234366,Fgfr1|Fzd7|Hdac2|Lmo4|Gatad2a,-1.5
hits,Reactome Gene Sets,6,R-MMU-6798695,Neutrophil degranulation,,-3.4,2,3.9,21160,506,555,27,4.9,0.91,11593|12010|12306|12461|12505|13010|13350|13627|14319|14595|14751|15015|15039|15516|16783|20619|23918|26949|27357|67781|70247|72042|78388|210992|216274|227613|268373,Aga|B2m|Anxa2|Cct2|Cd44|Cst3|Dgat1|Eef1a1|Fth1|B4galt1|Gpi1|H2-Q4|H2-T22|Hsp90ab1|Lamp1|Snap23|Impdh2|Vat1|Gyg1|Ilf2|Psmd1|Cotl1|Mvp|Lpcat1|Cep290|Tubb4b|Ppia,-1.5
hits,GO Biological Processes,19,GO:0051338,regulation of transferase activity,19_GO:0065007 biological regulation,-3.4,1.9,3.8,21160,587,555,30,5.4,0.96,11607|12576|13844|14182|15461|16000|16706|16911|18596|18810|19062|19211|20655|20869|22359|24047|27354|56371|66616|67605|69068|77891|78388|100732|106021|226849|242202|268373|330177|384783,Agtr1a|Cdkn1b|Ephb2|Fgfr1|Hras|Igf1|Ksr1|Lmo4|Pdgfrb|Plec|Inpp5k|Pten|Sod1|Stk11|Vldlr|Ccl19|Nbn|Fzr1|Snx9|Akt1s1|Tcim|Ube2s|Mvp|Mapre3|Topors|Ppp2r5a|Pde5a|Ppia|Taok3|Irs2,-1.5
hits,GO Biological Processes,19,GO:0019221,cytokine-mediated signaling pathway,19_GO:0050896 response to stimulus,-3.4,2.1,3.9,21160,428,555,24,4.3,0.86,12015|12505|12804|13844|13845|14182|14694|16202|18596|18708|20315|20851|22059|24047|54721|60595|66626|77125|102774|110809|110829|171463|231670|266632,Bad|Cd44|Cntfr|Ephb2|Ephb3|Fgfr1|Rack1|Ilk|Pdgfrb|Pik3r1|Cxcl12|Stat5b|Trp53|Ccl19|Tyk2|Actn4|Cdip1|Il33|Bbs4|Srsf1|Lims1|Il17rd|Fbxo21|Irak4,-1.5
hits,GO Biological Processes,19,GO:0150116,regulation of cell-substrate junction organization,19_GO:0050789 regulation of biological process,-3.4,4.4,4.7,21160,69,555,8,1.4,0.51,11465|17886|17926|18708|19211|20194|110829|208177,Actg1|Myh9|Myoc|Pik3r1|Pten|S100a10|Lims1|Phldb2,-1.5
hits,GO Biological Processes,19,GO:0014037,Schwann cell differentiation,19_GO:0032502 developmental process,-3.4,5,4.8,21160,53,555,7,1.3,0.47,15461|16202|16779|17926|18810|19153|20655,Hras|Ilk|Lamb2|Myoc|Plec|Prx|Sod1,-1.5
hits,KEGG Pathway,24,mmu05162,Measles - Mus musculus (house mouse),,-3.3,3.2,4.3,21160,145,555,12,2.2,0.62,12015|12567|12576|13666|14694|18708|18709|20851|22059|26419|54721|266632,Bad|Cdk4|Cdkn1b|Eif2ak3|Rack1|Pik3r1|Pik3r2|Stat5b|Trp53|Mapk8|Tyk2|Irak4,-1.5
hits,GO Biological Processes,19,GO:0045596,negative regulation of cell differentiation,19_GO:0048519 negative regulation of biological process,-3.3,1.8,3.7,21160,756,555,36,6.5,1,12010|12400|12505|13844|14182|14369|14561|14567|16000|16449|18208|18708|18846|19211|20356|20851|21803|21873|22059|22241|22632|27354|56392|56710|67996|68952|70834|74203|76441|83554|171463|214498|216805|239114|243937|268996,B2m|Cbfb|Cd44|Ephb2|Fgfr1|Fzd7|Gdf11|Gdi1|Igf1|Jag1|Ntn1|Pik3r1|Plxna3|Pten|Sema5a|Stat5b|Tgfb1|Tjp2|Trp53|Ulk1|Yy1|Nbn|Shoc2|Brinp1|Srsf6|Tlcd3b|Spag9|Eif4enif1|Daam2|Fstl3|Il17rd|Cdc73|Flcn|Il17d|Zfp536|Ss18,-1.5
hits,GO Biological Processes,19,GO:0018209,peptidyl-serine modification,19_GO:0009987 cellular process,-3.3,3.4,4.3,21160,125,555,11,2,0.59,13666|16202|17346|18754|18763|20620|22241|24086|26419|75770|108148,Eif2ak3|Ilk|Mknk1|Prkce|Pkd1|Plk2|Ulk1|Tlk2|Mapk8|Brsk2|Galnt2,-1.5
hits,GO Biological Processes,19,GO:0032870,cellular response to hormone stimulus,19_GO:0050896 response to stimulus,-3.3,1.9,3.8,21160,591,555,30,5.4,0.96,11607|13844|13845|14182|15461|16000|17344|17978|18227|18596|18708|18709|18754|19062|19211|20182|20411|20851|21803|26569|51788|54721|56392|60595|64898|74551|78656|102774|107508|384783,Agtr1a|Ephb2|Ephb3|Fgfr1|Hras|Igf1|Pias2|Ncoa2|Nr4a2|Pdgfrb|Pik3r1|Pik3r2|Prkce|Inpp5k|Pten|Rxrb|Sorbs1|Stat5b|Tgfb1|Slc27a4|H2az1|Tyk2|Shoc2|Actn4|Lpin2|Pck2|Brd8|Bbs4|Eprs1|Irs2,-1.5
hits,GO Biological Processes,19,GO:1902905,positive regulation of supramolecular fiber organization,19_GO:0048518 positive regulation of biological process,-3.3,2.8,4.1,21160,189,555,14,2.5,0.67,12576|12632|13494|17926|18754|20194|20356|20410|26419|30948|56430|66616|76709|234407,Cdkn1b|Cfl2|Drg1|Myoc|Prkce|S100a10|Sema5a|Sorbs3|Mapk8|Bin1|Clip1|Snx9|Arpc2|Colgalt1,-1.5
hits,GO Biological Processes,19,GO:1901990,regulation of mitotic cell cycle phase transition,19_GO:0050789 regulation of biological process,-3.3,2.3,3.9,21160,355,555,21,3.8,0.81,12567|12576|13194|14726|16600|18763|19134|19186|19188|19211|20184|21803|22059|26992|27354|56190|56371|68077|208643|214498|330177,Cdk4|Cdkn1b|Ddb1|Pdpn|Klf4|Pkd1|Prpf4b|Psme1|Psme2|Pten|Uimc1|Tgfb1|Trp53|Brd7|Nbn|Rbm38|Fzr1|Nop53|Eif4g1|Cdc73|Taok3,-1.5
hits,KEGG Pathway,24,mmu04071,Sphingolipid signaling pathway - Mus musculus (house mouse),,-3.3,3.3,4.3,21160,126,555,11,2,0.59,15461|18708|18709|18754|19053|19211|20397|20773|22059|26419|226849,Hras|Pik3r1|Pik3r2|Prkce|Ppp2cb|Pten|Sgpl1|Sptlc2|Trp53|Mapk8|Ppp2r5a,-1.5
hits,Reactome Gene Sets,6,R-MMU-1566948,Elastic fibre formation,,-3.3,5.9,5,21160,39,555,6,1.1,0.44,17150|18550|21803|50530|108075|268977,Mfap2|Furin|Tgfb1|Mfap5|Ltbp4|Ltbp1,-1.5
hits,GO Biological Processes,19,GO:0048598,embryonic morphogenesis,19_GO:0032502 developmental process,-3.3,1.9,3.7,21160,676,555,33,5.9,1,11694|13382|13805|13844|13875|14182|14368|14694|14751|15182|16911|17150|17684|17886|18208|20655|21803|22059|27428|50530|57265|67836|71436|74143|102774|105278|214498|216274|216850|217935|234366|235320|240672,Alx3|Dld|Eng|Ephb2|Erf|Fgfr1|Fzd6|Rack1|Gpi1|Hdac2|Lmo4|Mfap2|Cited2|Myh9|Ntn1|Sod1|Tgfb1|Trp53|Shroom3|Mfap5|Fzd2|Wdr83|Flrt3|Opa1|Bbs4|Cdk20|Cdc73|Cep290|Kdm6b|Dync2i1|Gatad2a|Zbtb16|Dusp5,-1.5
hits,WikiPathways,27,WP3855,Dysregulated miRNA targeting in insulin PI3K AKT signaling,,-3.3,7.3,5.3,21160,26,555,5,0.9,0.4,12015|12576|14252|18708|53413,Bad|Cdkn1b|Flot2|Pik3r1|Exoc7,-1.5
hits,KEGG Pathway,24,mmu05224,Breast cancer - Mus musculus (house mouse),,-3.3,3.1,4.2,21160,147,555,12,2.2,0.62,12567|14182|14368|14369|15461|16000|16449|18708|18709|19211|22059|57265,Cdk4|Fgfr1|Fzd6|Fzd7|Hras|Igf1|Jag1|Pik3r1|Pik3r2|Pten|Trp53|Fzd2,-1.5
hits,GO Biological Processes,19,GO:0071363,cellular response to growth factor stimulus,19_GO:0050896 response to stimulus,-3.3,2,3.8,21160,567,555,29,5.2,0.94,12161|12505|12562|13627|13805|13844|13845|14182|14694|16600|17684|18032|18596|18754|19062|20851|21803|22059|22612|23938|56392|67605|71436|76709|77480|108075|216805|268977|399558,Bmp6|Cd44|Cdh5|Eef1a1|Eng|Ephb2|Ephb3|Fgfr1|Rack1|Klf4|Cited2|Nfix|Pdgfrb|Prkce|Inpp5k|Stat5b|Tgfb1|Trp53|Yes1|Map2k5|Shoc2|Akt1s1|Flrt3|Arpc2|Kidins220|Ltbp4|Flcn|Ltbp1|Flrt2,-1.5
hits,GO Biological Processes,19,GO:0001654,eye development,19_GO:0032502 developmental process,-3.3,2.1,3.8,21160,460,555,25,4.5,0.88,12161|13844|14561|15182|16449|16600|16779|17150|17684|18032|18185|18596|19893|21803|22632|23928|24013|50530|56371|102774|105278|110380|210992|216274|320736,Bmp6|Ephb2|Gdf11|Hdac2|Jag1|Klf4|Lamb2|Mfap2|Cited2|Nfix|Nrl|Pdgfrb|Rpgr|Tgfb1|Yy1|Lamc3|Grk1|Mfap5|Fzr1|Bbs4|Cdk20|Shroom2|Lpcat1|Cep290|Vstm4,-1.5
hits,KEGG Pathway,24,mmu04014,Ras signaling pathway - Mus musculus (house mouse),,-3.3,2.6,4,21160,236,555,16,2.9,0.71,12015|13639|14182|14697|14701|15461|16000|16706|18596|18708|18709|26419|56392|66066|74055|271457,Bad|Efna4|Fgfr1|Gnb5|Gng12|Hras|Igf1|Ksr1|Pdgfrb|Pik3r1|Pik3r2|Mapk8|Shoc2|Gng11|Plce1|Rab5a,-1.5
hits,KEGG Pathway,24,mmu03320,PPAR signaling pathway - Mus musculus (house mouse),,-3.3,3.9,4.4,21160,89,555,9,1.6,0.54,12894|16202|20182|20411|26569|50790|56473|57875|74551,Cpt1a|Ilk|Rxrb|Sorbs1|Slc27a4|Acsl4|Fads2|Angptl4|Pck2,-1.5
hits,GO Biological Processes,19,GO:0070848,response to growth factor,19_GO:0050896 response to stimulus,-3.3,1.9,3.7,21160,596,555,30,5.4,0.96,12161|12505|12562|13627|13805|13844|13845|14182|14694|16600|17684|18032|18596|18754|19062|20851|21803|22059|22612|23938|27965|56392|67605|71436|76709|77480|108075|216805|268977|399558,Bmp6|Cd44|Cdh5|Eef1a1|Eng|Ephb2|Ephb3|Fgfr1|Rack1|Klf4|Cited2|Nfix|Pdgfrb|Prkce|Inpp5k|Stat5b|Tgfb1|Trp53|Yes1|Map2k5|Spg21|Shoc2|Akt1s1|Flrt3|Arpc2|Kidins220|Ltbp4|Flcn|Ltbp1|Flrt2,-1.5
hits,GO Biological Processes,19,GO:0001843,neural tube closure,19_GO:0032502 developmental process,-3.3,3.5,4.3,21160,108,555,10,1.8,0.56,14368|16911|17684|21803|27428|67836|74143|102774|105278|234366,Fzd6|Lmo4|Cited2|Tgfb1|Shroom3|Wdr83|Opa1|Bbs4|Cdk20|Gatad2a,-1.5
hits,GO Biological Processes,19,GO:0030834,regulation of actin filament depolymerization,19_GO:0050789 regulation of biological process,-3.3,4.9,4.7,21160,55,555,7,1.3,0.47,12632|20356|20740|20742|27360|76709|110380,Cfl2|Sema5a|Sptan1|Sptbn1|Add3|Arpc2|Shroom2,-1.4
hits,GO Biological Processes,19,GO:0001764,neuron migration,19_GO:0032502 developmental process,-3.2,2.9,4.1,21160,170,555,13,2.3,0.64,13865|18208|18227|18634|18846|18952|19091|20315|22142|22241|26419|59009|102774,Nr2f1|Ntn1|Nr4a2|Pex7|Plxna3|Septin4|Prkg1|Cxcl12|Tuba1a|Ulk1|Mapk8|Sh3rf1|Bbs4,-1.4
hits,Reactome Gene Sets,6,R-MMU-73762,RNA Polymerase I Transcription Initiation,,-3.2,5.7,4.9,21160,40,555,6,1.1,0.44,15182|23894|66420|216848|234366|245841,Hdac2|Gtf2h2|Polr2e|Chd3|Gatad2a|Polr2h,-1.4
hits,GO Biological Processes,19,GO:0022407,regulation of cell-cell adhesion,19_GO:0050789 regulation of biological process,-3.2,2,3.8,21160,516,555,27,4.9,0.91,12010|12015|12161|12400|12505|12527|13845|14252|14726|16000|16449|16600|17684|18708|19091|19211|20315|20851|21803|23938|24047|26992|54721|74143|83554|242202|269152,B2m|Bad|Bmp6|Cbfb|Cd44|Cd9|Ephb3|Flot2|Pdpn|Igf1|Jag1|Klf4|Cited2|Pik3r1|Prkg1|Pten|Cxcl12|Stat5b|Tgfb1|Map2k5|Ccl19|Brd7|Tyk2|Opa1|Fstl3|Pde5a|Kif26b,-1.4
hits,GO Biological Processes,19,GO:0150063,visual system development,19_GO:0032502 developmental process,-3.2,2.1,3.8,21160,463,555,25,4.5,0.88,12161|13844|14561|15182|16449|16600|16779|17150|17684|18032|18185|18596|19893|21803|22632|23928|24013|50530|56371|102774|105278|110380|210992|216274|320736,Bmp6|Ephb2|Gdf11|Hdac2|Jag1|Klf4|Lamb2|Mfap2|Cited2|Nfix|Nrl|Pdgfrb|Rpgr|Tgfb1|Yy1|Lamc3|Grk1|Mfap5|Fzr1|Bbs4|Cdk20|Shroom2|Lpcat1|Cep290|Vstm4,-1.4
hits,GO Biological Processes,19,GO:1902396,protein localization to bicellular tight junction,19_GO:0051179 localization,-3.2,16,6.7,21160,7,555,3,0.54,0.31,11465|12562|60595,Actg1|Cdh5|Actn4,-1.4
hits,GO Biological Processes,19,GO:1904872,regulation of telomerase RNA localization to Cajal body,19_GO:0051179 localization,-3.2,16,6.7,21160,7,555,3,0.54,0.31,12461|12464|245474,Cct2|Cct4|Dkc1,-1.4
hits,GO Biological Processes,19,GO:0021543,pallium development,19_GO:0032502 developmental process,-3.2,2.7,4,21160,215,555,15,2.7,0.69,13865|14182|15182|15270|18032|18846|19211|20525|22142|77040|77053|102774|216850|223697|225523,Nr2f1|Fgfr1|Hdac2|H2ax|Nfix|Plxna3|Pten|Slc2a1|Tuba1a|Atg16l1|Sun1|Bbs4|Kdm6b|Sun2|Cep120,-1.4
hits,KEGG Pathway,24,mmu05223,Non-small cell lung cancer - Mus musculus (house mouse),,-3.2,4.2,4.5,21160,72,555,8,1.4,0.51,12015|12567|15461|18708|18709|20182|20851|22059,Bad|Cdk4|Hras|Pik3r1|Pik3r2|Rxrb|Stat5b|Trp53,-1.4
hits,KEGG Pathway,24,mmu04920,Adipocytokine signaling pathway - Mus musculus (house mouse),,-3.2,4.2,4.5,21160,72,555,8,1.4,0.51,12894|20182|20525|20869|26419|50790|74551|384783,Cpt1a|Rxrb|Slc2a1|Stk11|Mapk8|Acsl4|Pck2|Irs2,-1.4
hits,GO Biological Processes,19,GO:0060606,tube closure,19_GO:0032502 developmental process,-3.2,3.5,4.3,21160,109,555,10,1.8,0.56,14368|16911|17684|21803|27428|67836|74143|102774|105278|234366,Fzd6|Lmo4|Cited2|Tgfb1|Shroom3|Wdr83|Opa1|Bbs4|Cdk20|Gatad2a,-1.4
hits,GO Biological Processes,19,GO:0097435,supramolecular fiber organization,19_GO:0009987 cellular process,-3.2,1.9,3.7,21160,599,555,30,5.4,0.96,11465|12010|12306|12632|13010|15516|16202|17886|18596|18810|20411|22142|27361|27428|50530|56401|56430|60595|66938|68794|71994|76709|78785|98932|102866|108075|109624|110380|218271|225523,Actg1|B2m|Anxa2|Cfl2|Cst3|Hsp90ab1|Ilk|Myh9|Pdgfrb|Plec|Sorbs1|Tuba1a|Msrb1|Shroom3|Mfap5|P3h1|Clip1|Actn4|Sh3d21|Flnc|Cnn3|Arpc2|Clip4|Myl9|Pls3|Ltbp4|Cald1|Shroom2|B4galt7|Cep120,-1.4
hits,Reactome Gene Sets,6,R-MMU-186763,Downstream signal transduction,,-3.2,7.1,5.2,21160,27,555,5,0.9,0.4,15461|18596|18708|18709|20851,Hras|Pdgfrb|Pik3r1|Pik3r2|Stat5b,-1.4
hits,WikiPathways,27,WP385,Myometrial relaxation and contraction pathways,,-3.2,3.1,4.1,21160,150,555,12,2.2,0.62,11465|11513|14697|14701|14873|16012|16440|18754|18799|60596|66066|109624,Actg1|Adcy7|Gnb5|Gng12|Gsto1|Igfbp6|Itpr3|Prkce|Plcd1|Gucy1a1|Gng11|Cald1,-1.4
hits,GO Biological Processes,19,GO:0060627,regulation of vesicle-mediated transport,19_GO:0051179 localization,-3.2,1.9,3.7,21160,628,555,31,5.6,0.97,11465|11765|12010|12306|14299|14694|16443|16783|17886|18952|19211|20194|20619|20620|20655|20910|21803|21817|22317|24047|30948|60595|66616|72961|76338|83814|99889|102866|192662|233489|271457,Actg1|Ap1g1|B2m|Anxa2|Ncs1|Rack1|Itsn1|Lamp1|Myh9|Septin4|Pten|S100a10|Snap23|Plk2|Sod1|Stxbp1|Tgfb1|Tgm2|Vamp1|Ccl19|Bin1|Actn4|Snx9|Slc17a7|Rab2b|Nedd4l|Arfip1|Pls3|Arhgdia|Picalm|Rab5a,-1.4
hits,GO Biological Processes,19,GO:0040013,negative regulation of locomotion,19_GO:0040011 locomotion,-3.2,2.2,3.8,21160,362,555,21,3.8,0.81,13805|15182|16202|16449|16600|17684|17886|18709|18846|19091|19211|20315|20356|21803|23938|64652|67103|77125|94246|192662|208177,Eng|Hdac2|Ilk|Jag1|Klf4|Cited2|Myh9|Pik3r2|Plxna3|Prkg1|Pten|Cxcl12|Sema5a|Tgfb1|Map2k5|Nisch|Ptgr1|Il33|Arid4b|Arhgdia|Phldb2,-1.4
hits,WikiPathways,27,WP2185,Purine metabolism,,-3.2,2.9,4.1,21160,172,555,13,2.3,0.64,11513|11636|12496|18588|20020|20021|23918|60596|66420|67005|231329|242202|245841,Adcy7|Ak1|Entpd2|Pde6g|Polr2a|Polr2c|Impdh2|Gucy1a1|Polr2e|Polr3k|Polr2b|Pde5a|Polr2h,-1.4
hits,GO Biological Processes,19,GO:0033365,protein localization to organelle,19_GO:0051179 localization,-3.2,1.8,3.6,21160,799,555,37,6.7,1.1,15270|15277|16783|18634|18708|19386|20869|21841|22059|27354|56338|66821|67181|68077|70297|71983|72135|74203|75669|75751|76123|77053|77125|100732|102774|103737|105278|106021|110750|110809|223697|230872|231580|235320|238799|260302|665155,H2ax|Hk2|Lamp1|Pex7|Pik3r1|Ranbp2|Stk11|Tia1|Trp53|Nbn|Txnip|Bcs1l|Ctdnep1|Nop53|Gcc2|Tmco6|Pygo1|Eif4enif1|Pik3r4|Ipo4|Gpsm2|Sun1|Il33|Mapre3|Bbs4|Pex12|Cdk20|Topors|Cse1l|Srsf1|Sun2|Crocc|Gak|Zbtb16|Tnpo1|Gga3|Srp54b,-1.4
hits,KEGG Pathway,24,mmu04931,Insulin resistance - Mus musculus (house mouse),,-3.2,3.5,4.3,21160,110,555,10,1.8,0.56,12894|18708|18709|18754|19211|20525|26419|26569|74551|384783,Cpt1a|Pik3r1|Pik3r2|Prkce|Pten|Slc2a1|Mapk8|Slc27a4|Pck2|Irs2,-1.4
hits,Reactome Gene Sets,6,R-MMU-73854,RNA Polymerase I Promoter Clearance,,-3.2,5.6,4.8,21160,41,555,6,1.1,0.44,15182|23894|66420|216848|234366|245841,Hdac2|Gtf2h2|Polr2e|Chd3|Gatad2a|Polr2h,-1.4
hits,Reactome Gene Sets,6,R-MMU-446353,Cell-extracellular matrix interactions,,-3.2,9.5,5.6,21160,16,555,4,0.72,0.36,11465|16202|68794|110829,Actg1|Ilk|Flnc|Lims1,-1.4
hits,GO Biological Processes,19,GO:0009404,toxin metabolic process,19_GO:0009987 cellular process,-3.2,9.5,5.6,21160,16,555,4,0.72,0.36,12894|14261|18484|18754,Cpt1a|Fmo1|Pam|Prkce,-1.4
hits,GO Biological Processes,19,GO:0009141,nucleoside triphosphate metabolic process,19_GO:0009987 cellular process,-3.2,2.6,4,21160,218,555,15,2.7,0.69,11636|11966|12015|14751|15277|20928|21803|22169|23918|55936|56045|56421|66091|66925|74143,Ak1|Atp6v1b2|Bad|Gpi1|Hk2|Abcc9|Tgfb1|Cmpk2|Impdh2|Ctps2|Samhd1|Pfkp|Ndufa3|Sdhd|Opa1,-1.4
hits,Reactome Gene Sets,6,R-MMU-8856828,Clathrin-mediated endocytosis,,-3.2,3.2,4.1,21160,131,555,11,2,0.59,11465|11607|16443|30948|66616|66691|76709|106628|231580|233489|271457,Actg1|Agtr1a|Itsn1|Bin1|Snx9|Gapvd1|Arpc2|Trip10|Gak|Picalm|Rab5a,-1.4
hits,GO Biological Processes,19,GO:0045913,positive regulation of carbohydrate metabolic process,19_GO:0048518 positive regulation of biological process,-3.2,3.4,4.2,21160,111,555,10,1.8,0.56,12952|13194|16000|17886|18754|18799|19228|20411|20869|384783,Cry1|Ddb1|Igf1|Myh9|Prkce|Plcd1|Pth1r|Sorbs1|Stk11|Irs2,-1.4
hits,GO Biological Processes,19,GO:0019216,regulation of lipid metabolic process,19_GO:0050789 regulation of biological process,-3.2,2.2,3.8,21160,390,555,22,4,0.83,12161|12894|13350|13666|14261|14694|16000|17978|18754|19091|20411|20655|20851|50790|57875|64384|67181|102774|210992|226849|244373|384783,Bmp6|Cpt1a|Dgat1|Eif2ak3|Fmo1|Rack1|Igf1|Ncoa2|Prkce|Prkg1|Sorbs1|Sod1|Stat5b|Acsl4|Angptl4|Sirt3|Ctdnep1|Bbs4|Lpcat1|Ppp2r5a|Erlin2|Irs2,-1.4
hits,GO Biological Processes,19,GO:0000278,mitotic cell cycle,19_GO:0009987 cellular process,-3.2,1.9,3.7,21160,577,555,29,5.2,0.94,12567|12576|13006|16202|16563|18032|19053|20184|20620|20742|20851|22059|22142|22143|27354|53413|56190|56371|66515|66616|68077|71678|75770|76123|77891|102774|109359|227613|330177,Cdk4|Cdkn1b|Smc3|Ilk|Kif2a|Nfix|Ppp2cb|Uimc1|Plk2|Sptbn1|Stat5b|Trp53|Tuba1a|Tuba1b|Nbn|Exoc7|Rbm38|Fzr1|Cul7|Snx9|Nop53|Brox|Brsk2|Gpsm2|Ube2s|Bbs4|Abraxas2|Tubb4b|Taok3,-1.4
hits,Reactome Gene Sets,6,R-MMU-69278,"Cell Cycle, Mitotic",,-3.2,2,3.7,21160,496,555,26,4.7,0.9,12567|12576|13006|15270|15516|16563|19053|19175|19386|22059|22142|22143|53598|56086|56371|56430|64898|67181|68024|70247|77891|170791|216274|226849|227613|231506,Cdk4|Cdkn1b|Smc3|H2ax|Hsp90ab1|Kif2a|Ppp2cb|Psmb6|Ranbp2|Trp53|Tuba1a|Tuba1b|Dctn3|Set|Fzr1|Clip1|Lpin2|Ctdnep1|H2bc4|Psmd1|Ube2s|Rbm39|Cep290|Ppp2r5a|Tubb4b|Lin54,-1.4
hits,Reactome Gene Sets,6,R-MMU-2029480,Fcgamma receptor (FCGR) dependent phagocytosis,,-3.2,4.1,4.4,21160,74,555,8,1.4,0.51,11465|15516|17886|18708|18709|18754|22612|76709,Actg1|Hsp90ab1|Myh9|Pik3r1|Pik3r2|Prkce|Yes1|Arpc2,-1.4
hits,KEGG Pathway,24,mmu05214,Glioma - Mus musculus (house mouse),,-3.2,4.1,4.4,21160,74,555,8,1.4,0.51,12567|15461|16000|18596|18708|18709|19211|22059,Cdk4|Hras|Igf1|Pdgfrb|Pik3r1|Pik3r2|Pten|Trp53,-1.4
hits,GO Biological Processes,19,GO:0010721,negative regulation of cell development,19_GO:0048519 negative regulation of biological process,-3.2,2.3,3.8,21160,315,555,19,3.4,0.77,12010|12400|12505|13844|14567|16000|18208|18708|18846|19211|20356|21803|21873|22059|22241|56710|76441|83554|239114,B2m|Cbfb|Cd44|Ephb2|Gdi1|Igf1|Ntn1|Pik3r1|Plxna3|Pten|Sema5a|Tgfb1|Tjp2|Trp53|Ulk1|Brinp1|Daam2|Fstl3|Il17d,-1.4
hits,GO Biological Processes,19,GO:0061041,regulation of wound healing,19_GO:0050896 response to stimulus,-3.1,3.2,4.1,21160,132,555,11,2,0.59,11465|12306|12527|13844|15461|18754|19091|19211|21824|67996|208177,Actg1|Anxa2|Cd9|Ephb2|Hras|Prkce|Prkg1|Pten|Thbd|Srsf6|Phldb2,-1.4
hits,Reactome Gene Sets,6,R-MMU-5654687,Downstream signaling of activated FGFR1,,-3.1,6.8,5,21160,28,555,5,0.9,0.4,14182|15461|18708|71436|399558,Fgfr1|Hras|Pik3r1|Flrt3|Flrt2,-1.4
hits,GO Biological Processes,19,GO:0016358,dendrite development,19_GO:0032502 developmental process,-3.1,3,4.1,21160,153,555,12,2.2,0.62,13844|13845|15182|18208|19091|19211|22359|26419|50790|77480|102774|233489,Ephb2|Ephb3|Hdac2|Ntn1|Prkg1|Pten|Vldlr|Mapk8|Acsl4|Kidins220|Bbs4|Picalm,-1.4
hits,GO Biological Processes,19,GO:0061061,muscle structure development,19_GO:0032502 developmental process,-3.1,1.9,3.6,21160,579,555,29,5.2,0.94,11465|12527|12632|12804|13805|13819|15182|16000|17684|17886|18032|18596|18810|19091|20182|20866|20928|21803|30948|57265|60595|63958|66403|67367|68794|70834|98932|216850|286940,Actg1|Cd9|Cfl2|Cntfr|Eng|Epas1|Hdac2|Igf1|Cited2|Myh9|Nfix|Pdgfrb|Plec|Prkg1|Rxrb|Stim1|Abcc9|Tgfb1|Bin1|Fzd2|Actn4|Ube4b|Asf1a|Paxbp1|Flnc|Spag9|Myl9|Kdm6b|Flnb,-1.4
hits,Reactome Gene Sets,6,R-MMU-73864,RNA Polymerase I Transcription,,-3.1,5.4,4.7,21160,42,555,6,1.1,0.44,15182|23894|66420|216848|234366|245841,Hdac2|Gtf2h2|Polr2e|Chd3|Gatad2a|Polr2h,-1.4
hits,Reactome Gene Sets,6,R-MMU-6796648,TP53 Regulates Transcription of DNA Repair Genes,,-3.1,5.4,4.7,21160,42,555,6,1.1,0.44,20020|20021|23894|66420|231329|245841,Polr2a|Polr2c|Gtf2h2|Polr2e|Polr2b|Polr2h,-1.4
hits,Reactome Gene Sets,6,R-MMU-9696270,RND2 GTPase cycle,,-3.1,5.4,4.7,21160,42,555,6,1.1,0.44,11671|18708|18709|64652|77480|170791,Aldh3a2|Pik3r1|Pik3r2|Nisch|Kidins220|Rbm39,-1.4
hits,GO Biological Processes,19,GO:1902806,regulation of cell cycle G1/S phase transition,19_GO:0050789 regulation of biological process,-3.1,2.7,3.9,21160,198,555,14,2.5,0.67,12576|14726|16600|18763|19186|19188|19211|22059|26992|50784|56190|69068|208643|214498,Cdkn1b|Pdpn|Klf4|Pkd1|Psme1|Psme2|Pten|Trp53|Brd7|Plpp2|Rbm38|Tcim|Eif4g1|Cdc73,-1.4
hits,Reactome Gene Sets,6,R-MMU-913531,Interferon Signaling,,-3.1,3.2,4.1,21160,133,555,11,2,0.59,19053|21357|22059|22142|22143|54721|67781|208643|226849|227613|286940,Ppp2cb|Tarbp2|Trp53|Tuba1a|Tuba1b|Tyk2|Ilf2|Eif4g1|Ppp2r5a|Tubb4b|Flnb,-1.4
hits,KEGG Pathway,24,mmu05213,Endometrial cancer - Mus musculus (house mouse),,-3.1,4.6,4.5,21160,58,555,7,1.3,0.47,12015|15461|16202|18708|18709|19211|22059,Bad|Hras|Ilk|Pik3r1|Pik3r2|Pten|Trp53,-1.4
hits,Reactome Gene Sets,6,R-MMU-6782210,Gap-filling DNA repair synthesis and ligation in TC-NER,,-3.1,4.6,4.5,21160,58,555,7,1.3,0.47,13194|20020|20021|23894|66420|231329|245841,Ddb1|Polr2a|Polr2c|Gtf2h2|Polr2e|Polr2b|Polr2h,-1.4
hits,GO Biological Processes,19,GO:0046578,regulation of Ras protein signal transduction,19_GO:0050896 response to stimulus,-3.1,4.6,4.5,21160,58,555,7,1.3,0.47,13844|15461|16000|19053|56392|216805|233489,Ephb2|Hras|Igf1|Ppp2cb|Shoc2|Flcn|Picalm,-1.4
hits,GO Biological Processes,19,GO:0110020,regulation of actomyosin structure organization,19_GO:0050789 regulation of biological process,-3.1,3.4,4.2,21160,113,555,10,1.8,0.56,11465|15182|17926|18708|18709|19062|20194|20410|102774|208177,Actg1|Hdac2|Myoc|Pik3r1|Pik3r2|Inpp5k|S100a10|Sorbs3|Bbs4|Phldb2,-1.4
hits,GO Biological Processes,19,GO:0018105,peptidyl-serine phosphorylation,19_GO:0009987 cellular process,-3.1,3.4,4.2,21160,113,555,10,1.8,0.56,13666|16202|17346|18754|18763|20620|22241|24086|26419|75770,Eif2ak3|Ilk|Mknk1|Prkce|Pkd1|Plk2|Ulk1|Tlk2|Mapk8|Brsk2,-1.4
hits,Reactome Gene Sets,6,R-MMU-199418,Negative regulation of the PI3K/AKT network,,-3.1,3.4,4.2,21160,113,555,10,1.8,0.56,14182|18596|18708|18709|19053|19211|77125|226849|266632|384783,Fgfr1|Pdgfrb|Pik3r1|Pik3r2|Ppp2cb|Pten|Il33|Ppp2r5a|Irak4|Irs2,-1.4
hits,Reactome Gene Sets,6,R-MMU-1640170,Cell Cycle,,-3.1,1.9,3.6,21160,582,555,29,5.2,0.94,12567|12576|13006|15270|15516|16563|19053|19175|19386|20184|22059|22142|22143|27354|53598|56086|56371|56430|64898|67181|68024|70247|77891|170791|216274|226849|227613|231506|245474,Cdk4|Cdkn1b|Smc3|H2ax|Hsp90ab1|Kif2a|Ppp2cb|Psmb6|Ranbp2|Uimc1|Trp53|Tuba1a|Tuba1b|Nbn|Dctn3|Set|Fzr1|Clip1|Lpin2|Ctdnep1|H2bc4|Psmd1|Ube2s|Rbm39|Cep290|Ppp2r5a|Tubb4b|Lin54|Dkc1,-1.4
hits,GO Biological Processes,19,GO:0051222,positive regulation of protein transport,19_GO:0051179 localization,-3.1,2.3,3.8,21160,318,555,19,3.4,0.77,12015|14645|14694|15516|16000|17886|18708|18709|18754|19134|20866|21803|50790|64384|74551|77371|216274|268373|384783,Bad|Glul|Rack1|Hsp90ab1|Igf1|Myh9|Pik3r1|Pik3r2|Prkce|Prpf4b|Stim1|Tgfb1|Acsl4|Sirt3|Pck2|Sec24a|Cep290|Ppia|Irs2,-1.4
hits,GO Biological Processes,19,GO:0043408,regulation of MAPK cascade,19_GO:0050896 response to stimulus,-3.1,1.8,3.5,21160,752,555,35,6.3,1,12505|13844|14182|14369|15461|16000|16012|16202|16600|16706|17886|17926|18588|18596|18709|18754|19062|19211|20315|20410|20655|21803|24047|56369|56392|56708|59009|64384|70834|216805|228355|240672|242202|268373|330177,Cd44|Ephb2|Fgfr1|Fzd7|Hras|Igf1|Igfbp6|Ilk|Klf4|Ksr1|Myh9|Myoc|Pde6g|Pdgfrb|Pik3r2|Prkce|Inpp5k|Pten|Cxcl12|Sorbs3|Sod1|Tgfb1|Ccl19|Apip|Shoc2|Clcf1|Sh3rf1|Sirt3|Spag9|Flcn|Madd|Dusp5|Pde5a|Ppia|Taok3,-1.4
hits,GO Biological Processes,19,GO:0031334,positive regulation of protein-containing complex assembly,19_GO:0048518 positive regulation of biological process,-3.1,2.6,3.9,21160,222,555,15,2.7,0.69,12562|12576|13494|14694|18754|21803|22059|26419|30948|56430|58799|66616|76709|208643|232944,Cdh5|Cdkn1b|Drg1|Rack1|Prkce|Tgfb1|Trp53|Mapk8|Bin1|Clip1|Crbn|Snx9|Arpc2|Eif4g1|Mark4,-1.4
hits,GO Biological Processes,19,GO:1902117,positive regulation of organelle assembly,19_GO:0048518 positive regulation of biological process,-3.1,3.7,4.2,21160,94,555,9,1.6,0.54,22241|26419|69807|76123|76709|102774|225523|230872|232944,Ulk1|Mapk8|Trim32|Gpsm2|Arpc2|Bbs4|Cep120|Crocc|Mark4,-1.4
hits,KEGG Pathway,24,mmu05222,Small cell lung cancer - Mus musculus (house mouse),,-3.1,3.7,4.2,21160,94,555,9,1.6,0.54,12567|12576|16779|18708|18709|19211|20182|22059|23928,Cdk4|Cdkn1b|Lamb2|Pik3r1|Pik3r2|Pten|Rxrb|Trp53|Lamc3,-1.4
hits,GO Biological Processes,19,GO:1903034,regulation of response to wounding,19_GO:0050896 response to stimulus,-3.1,2.8,3.9,21160,177,555,13,2.3,0.64,11465|12306|12527|13844|15461|16600|18754|19091|19211|21824|67996|77125|208177,Actg1|Anxa2|Cd9|Ephb2|Hras|Klf4|Prkce|Prkg1|Pten|Thbd|Srsf6|Il33|Phldb2,-1.4
hits,GO Biological Processes,19,GO:0051647,nucleus localization,19_GO:0051179 localization,-3.1,5.3,4.7,21160,43,555,6,1.1,0.44,18208|24086|30948|77053|223697|225523,Ntn1|Tlk2|Bin1|Sun1|Sun2|Cep120,-1.3
hits,GO Biological Processes,19,GO:1903729,regulation of plasma membrane organization,19_GO:0050789 regulation of biological process,-3.1,9,5.4,21160,17,555,4,0.72,0.36,11982|12306|17886|20194,Atp10a|Anxa2|Myh9|S100a10,-1.3
hits,GO Biological Processes,19,GO:0071378,cellular response to growth hormone stimulus,19_GO:0050896 response to stimulus,-3.1,9,5.4,21160,17,555,4,0.72,0.36,18708|20851|54721|56392,Pik3r1|Stat5b|Tyk2|Shoc2,-1.3
hits,GO Biological Processes,19,GO:0006984,ER-nucleus signaling pathway,19_GO:0050896 response to stimulus,-3.1,6.6,4.9,21160,29,555,5,0.9,0.4,13666|22059|109815|229317|244373,Eif2ak3|Trp53|Selenos|Eif2a|Erlin2,-1.3
hits,Reactome Gene Sets,6,R-MMU-6782135,Dual incision in TC-NER,,-3.1,4.5,4.4,21160,59,555,7,1.3,0.47,13194|20020|20021|23894|66420|231329|245841,Ddb1|Polr2a|Polr2c|Gtf2h2|Polr2e|Polr2b|Polr2h,-1.3
hits,GO Biological Processes,19,GO:0050771,negative regulation of axonogenesis,19_GO:0048519 negative regulation of biological process,-3.1,4.5,4.4,21160,59,555,7,1.3,0.47,13844|14567|18208|18846|19211|20356|22241,Ephb2|Gdi1|Ntn1|Plxna3|Pten|Sema5a|Ulk1,-1.3
hits,Reactome Gene Sets,6,R-MMU-422356,Regulation of insulin secretion,,-3.1,4.5,4.4,21160,59,555,7,1.3,0.47,14697|14701|16440|20525|50790|66066|238076,Gnb5|Gng12|Itpr3|Slc2a1|Acsl4|Gng11|Kcns3,-1.3
hits,GO Biological Processes,19,GO:1900024,regulation of substrate adhesion-dependent cell spreading,19_GO:0050789 regulation of biological process,-3.1,4.5,4.4,21160,59,555,7,1.3,0.47,14726|16202|17926|20194|60595|76709|110829,Pdpn|Ilk|Myoc|S100a10|Actn4|Arpc2|Lims1,-1.3
hits,WikiPathways,27,WP447,Adipogenesis genes,,-3.1,3.1,4,21160,135,555,11,2,0.59,12804|13591|13819|13865|16000|17978|20851|21803|64898|74551|384783,Cntfr|Ebf1|Epas1|Nr2f1|Igf1|Ncoa2|Stat5b|Tgfb1|Lpin2|Pck2|Irs2,-1.3
hits,GO Biological Processes,19,GO:0001934,positive regulation of protein phosphorylation,19_GO:0048518 positive regulation of biological process,-3.1,1.9,3.6,21160,614,555,30,5.4,0.96,12161|12306|12505|12576|13805|14182|14694|15182|15461|16000|16202|18596|18708|20869|21803|21828|22059|22359|22612|24047|26936|27354|56708|66616|69068|100732|208643|242202|268373|330177,Bmp6|Anxa2|Cd44|Cdkn1b|Eng|Fgfr1|Rack1|Hdac2|Hras|Igf1|Ilk|Pdgfrb|Pik3r1|Stk11|Tgfb1|Thbs4|Trp53|Vldlr|Yes1|Ccl19|Mprip|Nbn|Clcf1|Snx9|Tcim|Mapre3|Eif4g1|Pde5a|Ppia|Taok3,-1.3
hits,GO Biological Processes,19,GO:0048660,regulation of smooth muscle cell proliferation,19_GO:0050789 regulation of biological process,-3.1,2.7,3.9,21160,201,555,14,2.5,0.67,11607|12576|16000|16202|16600|18596|18708|19091|19211|20851|21803|21817|22059|266632,Agtr1a|Cdkn1b|Igf1|Ilk|Klf4|Pdgfrb|Pik3r1|Prkg1|Pten|Stat5b|Tgfb1|Tgm2|Trp53|Irak4,-1.3
hits,GO Biological Processes,19,GO:0010720,positive regulation of cell development,19_GO:0032502 developmental process,-3,1.9,3.6,21160,559,555,28,5,0.93,12015|12400|12562|13169|13844|14567|15182|16000|16202|17344|18208|20315|20356|20851|20869|21803|21817|24047|26419|26992|30948|56708|66515|69807|74143|77125|233489|242202,Bad|Cbfb|Cdh5|Dbnl|Ephb2|Gdi1|Hdac2|Igf1|Ilk|Pias2|Ntn1|Cxcl12|Sema5a|Stat5b|Stk11|Tgfb1|Tgm2|Ccl19|Mapk8|Brd7|Bin1|Clcf1|Cul7|Trim32|Opa1|Il33|Picalm|Pde5a,-1.3
hits,GO Biological Processes,19,GO:0014020,primary neural tube formation,19_GO:0032502 developmental process,-3,3.3,4.1,21160,115,555,10,1.8,0.56,14368|16911|17684|21803|27428|67836|74143|102774|105278|234366,Fzd6|Lmo4|Cited2|Tgfb1|Shroom3|Wdr83|Opa1|Bbs4|Cdk20|Gatad2a,-1.3
hits,GO Biological Processes,19,GO:0009314,response to radiation,19_GO:0050896 response to stimulus,-3,2,3.6,21160,478,555,25,4.5,0.88,12952|13194|14697|15270|15461|18708|19893|20184|20356|20822|20869|20893|21803|21824|22059|22142|22592|22632|24013|24086|26419|63958|69807|76123|320234,Cry1|Ddb1|Gnb5|H2ax|Hras|Pik3r1|Rpgr|Uimc1|Sema5a|Ro60|Stk11|Bhlhe40|Tgfb1|Thbd|Trp53|Tuba1a|Ercc5|Yy1|Grk1|Tlk2|Mapk8|Ube4b|Trim32|Gpsm2|Ccdc66,-1.3
hits,GO Biological Processes,19,GO:0003013,circulatory system process,19_GO:0032501 multicellular organismal process,-3,2,3.6,21160,505,555,26,4.7,0.9,11607|11754|12161|12562|13805|17540|18708|18810|19091|20525|20655|20657|20928|21803|21873|26569|27360|60596|64652|77087|83814|102774|110809|240672|242202|320736,Agtr1a|Aoc3|Bmp6|Cdh5|Eng|Irag1|Pik3r1|Plec|Prkg1|Slc2a1|Sod1|Sod3|Abcc9|Tgfb1|Tjp2|Slc27a4|Add3|Gucy1a1|Nisch|Ankrd11|Nedd4l|Bbs4|Srsf1|Dusp5|Pde5a|Vstm4,-1.3
hits,GO Biological Processes,19,GO:0007162,negative regulation of cell adhesion,19_GO:0048519 negative regulation of biological process,-3,2.2,3.7,21160,322,555,19,3.4,0.77,12161|12400|12505|12527|13844|14369|16449|16600|17926|18708|19091|19211|20315|20356|21803|23938|60595|208177|242202,Bmp6|Cbfb|Cd44|Cd9|Ephb2|Fzd7|Jag1|Klf4|Myoc|Pik3r1|Prkg1|Pten|Cxcl12|Sema5a|Tgfb1|Map2k5|Actn4|Phldb2|Pde5a,-1.3
hits,KEGG Pathway,24,mmu03082,ATP-dependent chromatin remodeling - Mus musculus (house mouse),,-3,3.1,4,21160,136,555,11,2,0.59,11465|15182|15270|22632|26992|51788|69714|78656|216848|234366|268996,Actg1|Hdac2|H2ax|Yy1|Brd7|H2az1|Tfpt|Brd8|Chd3|Gatad2a|Ss18,-1.3
hits,KEGG Pathway,24,mmu05020,Prion disease - Mus musculus (house mouse),,-3,2.4,3.8,21160,273,555,17,3.1,0.73,12015|13666|16440|18708|18709|19175|20463|20655|22142|22143|26419|66091|66925|70247|84682|227613|333182,Bad|Eif2ak3|Itpr3|Pik3r1|Pik3r2|Psmb6|Cox7a2l|Sod1|Tuba1a|Tuba1b|Mapk8|Ndufa3|Sdhd|Psmd1|Cox4i2|Tubb4b|Cox6b2,-1.3
hits,GO Biological Processes,19,GO:1902930,regulation of alcohol biosynthetic process,19_GO:0050789 regulation of biological process,-3,4.4,4.4,21160,60,555,7,1.3,0.47,12161|17886|18799|19091|19228|20655|244373,Bmp6|Myh9|Plcd1|Prkg1|Pth1r|Sod1|Erlin2,-1.3
hits,GO Biological Processes,19,GO:0071709,membrane assembly,19_GO:0009987 cellular process,-3,4.4,4.4,21160,60,555,7,1.3,0.47,12306|13844|16202|19211|20194|20742|71678,Anxa2|Ephb2|Ilk|Pten|S100a10|Sptbn1|Brox,-1.3
hits,WikiPathways,27,WP297,IL 7 signaling pathway,,-3,5.2,4.6,21160,44,555,6,1.1,0.44,12015|12567|15461|18708|20851|384783,Bad|Cdk4|Hras|Pik3r1|Stat5b|Irs2,-1.3
hits,GO Biological Processes,19,GO:0048640,negative regulation of developmental growth,19_GO:0040007 growth,-3,3.3,4.1,21160,116,555,10,1.8,0.56,12576|15182|17684|18208|18846|19211|20356|22241|22632|70834,Cdkn1b|Hdac2|Cited2|Ntn1|Plxna3|Pten|Sema5a|Ulk1|Yy1|Spag9,-1.3
hits,GO Biological Processes,19,GO:0030705,cytoskeleton-dependent intracellular transport,19_GO:0051179 localization,-3,2.6,3.8,21160,203,555,14,2.5,0.67,14252|16563|17281|19893|20655|22142|54160|60595|75620|77040|77053|217935|223697|228355,Flot2|Kif2a|Fyco1|Rpgr|Sod1|Tuba1a|Copg2|Actn4|Kxd1|Atg16l1|Sun1|Dync2i1|Sun2|Madd,-1.3
hits,GO Biological Processes,19,GO:0007411,axon guidance,19_GO:0032502 developmental process,-3,2.4,3.8,21160,250,555,16,2.9,0.71,13639|13844|13845|16779|16911|18208|18846|20315|20348|20356|22241|23928|68810|71436|108902|399558,Efna4|Ephb2|Ephb3|Lamb2|Lmo4|Ntn1|Plxna3|Cxcl12|Sema3c|Sema5a|Ulk1|Lamc3|Nexn|Flrt3|B4gat1|Flrt2,-1.3
hits,GO Biological Processes,19,GO:0030036,actin cytoskeleton organization,19_GO:0009987 cellular process,-3,1.9,3.6,21160,535,555,27,4.9,0.91,11465|12632|13169|13823|17886|18596|18810|20411|20740|20742|27361|27428|60595|64652|66938|68794|69807|71994|75770|76441|76709|98932|102866|109624|110380|215789|286940,Actg1|Cfl2|Dbnl|Epb41l3|Myh9|Pdgfrb|Plec|Sorbs1|Sptan1|Sptbn1|Msrb1|Shroom3|Actn4|Nisch|Sh3d21|Flnc|Trim32|Cnn3|Brsk2|Daam2|Arpc2|Myl9|Pls3|Cald1|Shroom2|Phactr2|Flnb,-1.3
hits,GO Biological Processes,19,GO:0019725,cellular homeostasis,19_GO:0042592 homeostatic process,-3,1.8,3.5,21160,732,555,34,6.1,1,11966|12010|12161|12562|12632|13400|14299|14319|14645|14694|15277|16000|16783|18708|18709|18754|18799|19228|20655|20866|21803|21817|22059|66972|69668|69807|72961|74551|76614|77891|109815|230872|233489|384783,Atp6v1b2|B2m|Bmp6|Cdh5|Cfl2|Dmpk|Ncs1|Fth1|Glul|Rack1|Hk2|Igf1|Lamp1|Pik3r1|Pik3r2|Prkce|Plcd1|Pth1r|Sod1|Stim1|Tgfb1|Tgm2|Trp53|Slc25a23|Ccdc115|Trim32|Slc17a7|Pck2|Immt|Ube2s|Selenos|Crocc|Picalm|Irs2,-1.3
hits,Reactome Gene Sets,6,R-MMU-5626467,RHO GTPases activate IQGAPs,,-3,6.4,4.8,21160,30,555,5,0.9,0.4,11465|22142|22143|56430|227613,Actg1|Tuba1a|Tuba1b|Clip1|Tubb4b,-1.3
hits,GO Biological Processes,19,GO:0006979,response to oxidative stress,19_GO:0050896 response to stimulus,-3,2.1,3.6,21160,402,555,22,4,0.83,11671|13010|13819|15182|16600|18227|18596|19053|20655|20657|20928|22059|26419|28199|53901|56338|69807|76650|103737|109815|216850|268373,Aldh3a2|Cst3|Epas1|Hdac2|Klf4|Nr4a2|Pdgfrb|Ppp2cb|Sod1|Sod3|Abcc9|Trp53|Mapk8|Dcaf11|Rcan2|Txnip|Trim32|Srxn1|Pex12|Selenos|Kdm6b|Ppia,-1.3
hits,GO Biological Processes,19,GO:0097485,neuron projection guidance,19_GO:0032502 developmental process,-3,2.4,3.7,21160,251,555,16,2.9,0.71,13639|13844|13845|16779|16911|18208|18846|20315|20348|20356|22241|23928|68810|71436|108902|399558,Efna4|Ephb2|Ephb3|Lamb2|Lmo4|Ntn1|Plxna3|Cxcl12|Sema3c|Sema5a|Ulk1|Lamc3|Nexn|Flrt3|B4gat1|Flrt2,-1.3
hits,GO Biological Processes,19,GO:0045666,positive regulation of neuron differentiation,19_GO:0032502 developmental process,-3,3.3,4,21160,117,555,10,1.8,0.56,12161|14182|19211|20315|21413|56392|56710|69807|70834|208643,Bmp6|Fgfr1|Pten|Cxcl12|Tcf4|Shoc2|Brinp1|Trim32|Spag9|Eif4g1,-1.3
hits,KEGG Pathway,24,mmu04066,HIF-1 signaling pathway - Mus musculus (house mouse),,-3,3.3,4,21160,117,555,10,1.8,0.56,12576|13819|15277|16000|17346|18708|18709|20525|56421|112407,Cdkn1b|Epas1|Hk2|Igf1|Mknk1|Pik3r1|Pik3r2|Slc2a1|Pfkp|Egln3,-1.3
hits,GO Biological Processes,19,GO:0051347,positive regulation of transferase activity,19_GO:0065007 biological regulation,-3,2.2,3.6,21160,351,555,20,3.6,0.79,11607|14182|15461|16000|16911|18596|19211|20869|22359|24047|27354|56371|66616|69068|77891|100732|106021|242202|268373|330177,Agtr1a|Fgfr1|Hras|Igf1|Lmo4|Pdgfrb|Pten|Stk11|Vldlr|Ccl19|Nbn|Fzr1|Snx9|Tcim|Ube2s|Mapre3|Topors|Pde5a|Ppia|Taok3,-1.3
hits,Reactome Gene Sets,6,R-MMU-8852276,The role of GTSE1 in G2/M progression after G2 checkpoint,,-3,4.4,4.3,21160,61,555,7,1.3,0.47,15516|19175|22059|22142|22143|70247|227613,Hsp90ab1|Psmb6|Trp53|Tuba1a|Tuba1b|Psmd1|Tubb4b,-1.3
hits,GO Biological Processes,19,GO:0060562,epithelial tube morphogenesis,19_GO:0032502 developmental process,-3,2.1,3.6,21160,377,555,21,3.8,0.81,12505|13805|14368|16000|16202|16911|17684|18208|18763|20315|20356|21803|27428|67836|74143|74533|102774|105278|216274|234366|269152,Cd44|Eng|Fzd6|Igf1|Ilk|Lmo4|Cited2|Ntn1|Pkd1|Cxcl12|Sema5a|Tgfb1|Shroom3|Wdr83|Opa1|Gzf1|Bbs4|Cdk20|Cep290|Gatad2a|Kif26b,-1.3
hits,GO Biological Processes,19,GO:0090092,regulation of transmembrane receptor protein serine/threonine kinase signaling pathway,19_GO:0050896 response to stimulus,-3,2.3,3.7,21160,276,555,17,3.1,0.73,12161|12562|13805|14561|15182|15516|16202|17684|18550|20869|21803|22059|83554|94246|171463|216805|268977,Bmp6|Cdh5|Eng|Gdf11|Hdac2|Hsp90ab1|Ilk|Cited2|Furin|Stk11|Tgfb1|Trp53|Fstl3|Arid4b|Il17rd|Flcn|Ltbp1,-1.3
hits,GO Biological Processes,19,GO:2001234,negative regulation of apoptotic signaling pathway,19_GO:0048519 negative regulation of biological process,-3,2.4,3.7,21160,252,555,16,2.9,0.71,12505|14694|15182|16000|16600|18227|20315|23938|52538|59009|69807|74126|74143|109815|228355|268373,Cd44|Rack1|Hdac2|Igf1|Klf4|Nr4a2|Cxcl12|Map2k5|Acaa2|Sh3rf1|Trim32|Syvn1|Opa1|Selenos|Madd|Ppia,-1.3
hits,GO Biological Processes,19,GO:0019318,hexose metabolic process,19_GO:0009987 cellular process,-3,2.7,3.8,21160,182,555,13,2.3,0.64,12015|12894|12952|14595|14751|15277|17448|18708|22059|56421|64652|74551|77590,Bad|Cpt1a|Cry1|B4galt1|Gpi1|Hk2|Mdh2|Pik3r1|Trp53|Pfkp|Nisch|Pck2|Chst15,-1.3
hits,GO Biological Processes,19,GO:0010919,regulation of inositol phosphate biosynthetic process,19_GO:0050789 regulation of biological process,-3,8.5,5.2,21160,18,555,4,0.72,0.36,17886|18799|19091|19228,Myh9|Plcd1|Prkg1|Pth1r,-1.3
hits,GO Biological Processes,19,GO:0010453,regulation of cell fate commitment,19_GO:0032502 developmental process,-3,5.1,4.5,21160,45,555,6,1.1,0.44,14182|14369|15182|16911|74143|234366,Fgfr1|Fzd7|Hdac2|Lmo4|Opa1|Gatad2a,-1.3
hits,GO Biological Processes,19,GO:0043549,regulation of kinase activity,19_GO:0050789 regulation of biological process,-3,1.9,3.5,21160,512,555,26,4.7,0.9,12576|13844|14182|15461|16000|16706|16911|18596|18810|19062|19211|20655|20869|22359|24047|27354|66616|67605|69068|78388|100732|226849|242202|268373|330177|384783,Cdkn1b|Ephb2|Fgfr1|Hras|Igf1|Ksr1|Lmo4|Pdgfrb|Plec|Inpp5k|Pten|Sod1|Stk11|Vldlr|Ccl19|Nbn|Snx9|Akt1s1|Tcim|Mvp|Mapre3|Ppp2r5a|Pde5a|Ppia|Taok3|Irs2,-1.3
hits,GO Biological Processes,19,GO:0051168,nuclear export,19_GO:0051179 localization,-3,3,3.9,21160,139,555,11,2,0.59,12576|18763|19386|21803|28075|66118|73473|74203|74204|110750|230082,Cdkn1b|Pkd1|Ranbp2|Tgfb1|Desi1|Sarnp|Iws1|Eif4enif1|Xpo6|Cse1l|Nol6,-1.3
hits,GO Biological Processes,19,GO:0097190,apoptotic signaling pathway,19_GO:0050896 response to stimulus,-3,2.2,3.6,21160,353,555,20,3.6,0.79,12015|13666|15461|16000|17346|18708|20397|20869|21803|22059|26419|27354|63958|66626|69714|74126|75770|77125|106021|216805,Bad|Eif2ak3|Hras|Igf1|Mknk1|Pik3r1|Sgpl1|Stk11|Tgfb1|Trp53|Mapk8|Nbn|Ube4b|Cdip1|Tfpt|Syvn1|Brsk2|Il33|Topors|Flcn,-1.3
hits,GO Biological Processes,19,GO:0010970,transport along microtubule,19_GO:0051179 localization,-2.9,2.7,3.8,21160,183,555,13,2.3,0.64,14252|16563|17281|19893|20655|22142|54160|75620|77040|77053|217935|223697|228355,Flot2|Kif2a|Fyco1|Rpgr|Sod1|Tuba1a|Copg2|Kxd1|Atg16l1|Sun1|Dync2i1|Sun2|Madd,-1.3
hits,GO Biological Processes,19,GO:0005996,monosaccharide metabolic process,19_GO:0009987 cellular process,-2.9,2.6,3.8,21160,206,555,14,2.5,0.67,12015|12894|12952|14595|14751|14873|15277|17448|18708|22059|56421|64652|74551|77590,Bad|Cpt1a|Cry1|B4galt1|Gpi1|Gsto1|Hk2|Mdh2|Pik3r1|Trp53|Pfkp|Nisch|Pck2|Chst15,-1.3
hits,GO Biological Processes,19,GO:0007423,sensory organ development,19_GO:0032502 developmental process,-2.9,1.8,3.4,21160,710,555,33,5.9,1,12161|12576|13844|14182|14368|14561|15182|16000|16449|16600|16779|17150|17684|18032|18185|18208|18596|19893|20655|21803|22632|23928|24013|50530|56371|57265|102774|105278|109181|110380|210992|216274|320736,Bmp6|Cdkn1b|Ephb2|Fgfr1|Fzd6|Gdf11|Hdac2|Igf1|Jag1|Klf4|Lamb2|Mfap2|Cited2|Nfix|Nrl|Ntn1|Pdgfrb|Rpgr|Sod1|Tgfb1|Yy1|Lamc3|Grk1|Mfap5|Fzr1|Fzd2|Bbs4|Cdk20|Trip11|Shroom2|Lpcat1|Cep290|Vstm4,-1.3
hits,GO Biological Processes,19,GO:1905475,regulation of protein localization to membrane,19_GO:0051179 localization,-2.9,2.5,3.7,21160,230,555,15,2.7,0.69,13844|14567|14694|14735|15461|18708|18709|19062|20411|20742|21803|23888|76709|226849|233489,Ephb2|Gdi1|Rack1|Gpc4|Hras|Pik3r1|Pik3r2|Inpp5k|Sorbs1|Sptbn1|Tgfb1|Gpc6|Arpc2|Ppp2r5a|Picalm,-1.3
hits,WikiPathways,27,WP1270,Endochondral ossification,,-2.9,4.3,4.3,21160,62,555,7,1.3,0.47,12161|14182|16000|19228|20851|21803|240913,Bmp6|Fgfr1|Igf1|Pth1r|Stat5b|Tgfb1|Adamts4,-1.3
hits,GO Biological Processes,19,GO:0006606,protein import into nucleus,19_GO:0051179 localization,-2.9,3.2,4,21160,119,555,10,1.8,0.56,18708|19386|22059|56338|71983|74203|75751|77125|110750|238799,Pik3r1|Ranbp2|Trp53|Txnip|Tmco6|Eif4enif1|Ipo4|Il33|Cse1l|Tnpo1,-1.3
hits,Reactome Gene Sets,6,R-MMU-1630316,Glycosaminoglycan metabolism,,-2.9,3.2,4,21160,119,555,10,1.8,0.56,12505|14595|14735|17022|23888|59031|77590|100910|108902|218271,Cd44|B4galt1|Gpc4|Lum|Gpc6|Chst12|Chst15|Chpf2|B4gat1|B4galt7,-1.3
hits,GO Biological Processes,19,GO:0010660,regulation of muscle cell apoptotic process,19_GO:0050789 regulation of biological process,-2.9,3.2,4,21160,119,555,10,1.8,0.56,11607|16000|16202|18708|19211|22059|23938|26419|68861|106628,Agtr1a|Igf1|Ilk|Pik3r1|Pten|Trp53|Map2k5|Mapk8|Dipk2a|Trip10,-1.3
hits,GO Biological Processes,19,GO:0051492,regulation of stress fiber assembly,19_GO:0050789 regulation of biological process,-2.9,3.5,4,21160,99,555,9,1.6,0.54,11465|17926|18708|18709|19062|20194|20410|102774|208177,Actg1|Myoc|Pik3r1|Pik3r2|Inpp5k|S100a10|Sorbs3|Bbs4|Phldb2,-1.3
hits,WikiPathways,27,WP373,IL 3 signaling pathway,,-2.9,3.5,4,21160,99,555,9,1.6,0.54,12015|14694|15461|18708|18709|20525|20851|26419|54721,Bad|Rack1|Hras|Pik3r1|Pik3r2|Slc2a1|Stat5b|Mapk8|Tyk2,-1.3
hits,Reactome Gene Sets,6,R-MMU-381676,Glucagon-like Peptide-1 (GLP1) regulates insulin secretion,,-2.9,6.1,4.7,21160,31,555,5,0.9,0.4,14697|14701|16440|66066|238076,Gnb5|Gng12|Itpr3|Gng11|Kcns3,-1.3
hits,Reactome Gene Sets,6,R-MMU-2428924,IGF1R signaling cascade,,-2.9,5,4.4,21160,46,555,6,1.1,0.44,14182|16000|18708|18709|75669|384783,Fgfr1|Igf1|Pik3r1|Pik3r2|Pik3r4|Irs2,-1.3
hits,Reactome Gene Sets,6,R-MMU-4086398,Ca2+ pathway,,-2.9,5,4.4,21160,46,555,6,1.1,0.44,14368|14697|14701|18588|57265|66066,Fzd6|Gnb5|Gng12|Pde6g|Fzd2|Gng11,-1.3
hits,Reactome Gene Sets,6,R-MMU-1793185,Chondroitin sulfate/dermatan sulfate metabolism,,-2.9,5,4.4,21160,46,555,6,1.1,0.44,14735|23888|59031|77590|100910|218271,Gpc4|Gpc6|Chst12|Chst15|Chpf2|B4galt7,-1.3
hits,Reactome Gene Sets,6,R-MMU-2428928,IRS-related events triggered by IGF1R,,-2.9,5,4.4,21160,46,555,6,1.1,0.44,14182|16000|18708|18709|75669|384783,Fgfr1|Igf1|Pik3r1|Pik3r2|Pik3r4|Irs2,-1.3
hits,GO Biological Processes,19,GO:1902991,regulation of amyloid precursor protein catabolic process,19_GO:0050789 regulation of biological process,-2.9,5,4.4,21160,46,555,6,1.1,0.44,14252|16000|20168|30948|233489|260302,Flot2|Igf1|Rtn3|Bin1|Picalm|Gga3,-1.3
hits,Reactome Gene Sets,6,R-MMU-72163,mRNA Splicing - Major Pathway,,-2.9,2.7,3.8,21160,185,555,13,2.3,0.64,19134|20020|20021|66053|66420|69207|75956|76793|110809|170791|231329|245841|320632,Prpf4b|Polr2a|Polr2c|Ppil2|Polr2e|Srsf11|Srrm2|Snip1|Srsf1|Rbm39|Polr2b|Polr2h|Snrnp200,-1.2
hits,Reactome Gene Sets,6,R-MMU-1266738,Developmental Biology,,-2.9,1.9,3.5,21160,489,555,25,4.5,0.88,11465|12567|13639|13844|13845|14182|15461|15516|16443|18708|18709|18846|20315|20742|21413|22142|22143|22359|22612|70834|76709|107508|227613|246316|384783,Actg1|Cdk4|Efna4|Ephb2|Ephb3|Fgfr1|Hras|Hsp90ab1|Itsn1|Pik3r1|Pik3r2|Plxna3|Cxcl12|Sptbn1|Tcf4|Tuba1a|Tuba1b|Vldlr|Yes1|Spag9|Arpc2|Eprs1|Tubb4b|Lgi2|Irs2,-1.2
hits,KEGG Pathway,24,mmu05017,Spinocerebellar ataxia - Mus musculus (house mouse),,-2.9,3,3.9,21160,141,555,11,2,0.59,16440|18708|18709|19175|22241|22359|26419|70247|74143|75669|233871,Itpr3|Pik3r1|Pik3r2|Psmb6|Ulk1|Vldlr|Mapk8|Psmd1|Opa1|Pik3r4|Atxn2l,-1.2
hits,KEGG Pathway,24,mmu04820,Cytoskeleton in muscle cells - Mus musculus (house mouse),,-2.9,2.5,3.7,21160,232,555,15,2.7,0.69,11465|13003|17886|18810|20740|20742|21827|21828|68794|71355|76441|77053|98932|213119|223697,Actg1|Vcan|Myh9|Plec|Sptan1|Sptbn1|Thbs3|Thbs4|Flnc|Col24a1|Daam2|Sun1|Myl9|Itga10|Sun2,-1.2
hits,GO Biological Processes,19,GO:0050768,negative regulation of neurogenesis,19_GO:0048519 negative regulation of biological process,-2.9,2.8,3.8,21160,163,555,12,2.2,0.62,12010|13844|14567|18208|18846|19211|20356|21803|22059|22241|56710|76441,B2m|Ephb2|Gdi1|Ntn1|Plxna3|Pten|Sema5a|Tgfb1|Trp53|Ulk1|Brinp1|Daam2,-1.2
hits,GO Biological Processes,19,GO:0098727,maintenance of cell number,19_GO:0032502 developmental process,-2.9,2.8,3.8,21160,163,555,12,2.2,0.62,13006|14182|14369|16000|16449|16600|18032|26419|68975|74203|214498|268996,Smc3|Fgfr1|Fzd7|Igf1|Jag1|Klf4|Nfix|Mapk8|Med27|Eif4enif1|Cdc73|Ss18,-1.2
hits,GO Biological Processes,19,GO:0051603,proteolysis involved in protein catabolic process,19_GO:0009987 cellular process,-2.9,1.8,3.4,21160,714,555,33,5.9,1,13194|13666|14794|19053|19175|19358|19893|22670|28199|56371|56710|58799|63958|66349|66515|67118|69807|70247|70382|74126|75770|76273|77087|77891|83814|106021|109815|223455|227619|242736|244373|269514|414872,Ddb1|Eif2ak3|Spsb2|Ppp2cb|Psmb6|Rad23a|Rpgr|Trim26|Dcaf11|Fzr1|Brinp1|Crbn|Ube4b|Dmac2|Cul7|Bfar|Trim32|Psmd1|Kctd2|Syvn1|Brsk2|Ndfip2|Ankrd11|Ube2s|Nedd4l|Topors|Selenos|Marchf6|Man1b1|Pramel12|Erlin2|Fbxl4|Zyg11b,-1.2
hits,GO Biological Processes,19,GO:0001895,retina homeostasis,19_GO:0042592 homeostatic process,-2.9,4.2,4.2,21160,63,555,7,1.3,0.47,20525|20655|102774|216274|230872|320234|320736,Slc2a1|Sod1|Bbs4|Cep290|Crocc|Ccdc66|Vstm4,-1.2
hits,GO Biological Processes,19,GO:0010812,negative regulation of cell-substrate adhesion,19_GO:0048519 negative regulation of biological process,-2.9,4.2,4.2,21160,63,555,7,1.3,0.47,14369|16449|17926|18708|19211|60595|208177,Fzd7|Jag1|Myoc|Pik3r1|Pten|Actn4|Phldb2,-1.2
hits,GO Biological Processes,19,GO:0044092,negative regulation of molecular function,19_GO:0065007 biological regulation,-2.9,1.7,3.4,21160,773,555,35,6.3,1,12010|12505|12576|13010|13805|13844|14368|14694|14697|14873|15182|15461|16600|17344|18810|19053|19062|19211|20893|26419|26569|30948|54208|57267|57875|58799|59009|67605|76273|78388|83814|102774|226849|268373|384783,B2m|Cd44|Cdkn1b|Cst3|Eng|Ephb2|Fzd6|Rack1|Gnb5|Gsto1|Hdac2|Hras|Klf4|Pias2|Plec|Ppp2cb|Inpp5k|Pten|Bhlhe40|Mapk8|Slc27a4|Bin1|Arl6ip1|Apba3|Angptl4|Crbn|Sh3rf1|Akt1s1|Ndfip2|Mvp|Nedd4l|Bbs4|Ppp2r5a|Ppia|Irs2,-1.2
hits,GO Biological Processes,19,GO:1902430,negative regulation of amyloid-beta formation,19_GO:0048519 negative regulation of biological process,-2.9,8,5,21160,19,555,4,0.72,0.36,16000|20168|30948|260302,Igf1|Rtn3|Bin1|Gga3,-1.2
hits,GO Biological Processes,19,GO:0045986,negative regulation of smooth muscle contraction,19_GO:0048519 negative regulation of biological process,-2.9,8,5,21160,19,555,4,0.72,0.36,17540|19091|20655|60596,Irag1|Prkg1|Sod1|Gucy1a1,-1.2
hits,KEGG Pathway,24,mmu04722,Neurotrophin signaling pathway - Mus musculus (house mouse),,-2.9,3.2,3.9,21160,121,555,10,1.8,0.56,12015|15461|18708|18709|22059|23938|26419|77480|192662|266632,Bad|Hras|Pik3r1|Pik3r2|Trp53|Map2k5|Mapk8|Kidins220|Arhgdia|Irak4,-1.2
hits,Reactome Gene Sets,6,R-MMU-198203,PI3K/AKT activation,,-2.9,13,5.8,21160,9,555,3,0.54,0.31,18708|18709|384783,Pik3r1|Pik3r2|Irs2,-1.2
hits,GO Biological Processes,19,GO:0032287,peripheral nervous system myelin maintenance,19_GO:0032502 developmental process,-2.9,13,5.8,21160,9,555,3,0.54,0.31,18810|19153|20655,Plec|Prx|Sod1,-1.2
hits,GO Biological Processes,19,GO:1901873,regulation of post-translational protein modification,19_GO:0050789 regulation of biological process,-2.9,2.4,3.6,21160,258,555,16,2.9,0.71,12952|13819|15516|18754|18952|19211|26419|56371|56401|68077|76273|77891|80985|106021|216805|268373,Cry1|Epas1|Hsp90ab1|Prkce|Septin4|Pten|Mapk8|Fzr1|P3h1|Nop53|Ndfip2|Ube2s|Trim44|Topors|Flcn|Ppia,-1.2
hits,Reactome Gene Sets,6,R-MMU-1660499,Synthesis of PIPs at the plasma membrane,,-2.9,4.9,4.4,21160,47,555,6,1.1,0.44,18708|18709|19062|19211|240752|271457,Pik3r1|Pik3r2|Inpp5k|Pten|Pik3c2b|Rab5a,-1.2
hits,Reactome Gene Sets,6,R-MMU-2404192,Signaling by Type 1 Insulin-like Growth Factor 1 Receptor (IGF1R),,-2.9,4.9,4.4,21160,47,555,6,1.1,0.44,14182|16000|18708|18709|75669|384783,Fgfr1|Igf1|Pik3r1|Pik3r2|Pik3r4|Irs2,-1.2
hits,KEGG Pathway,24,mmu04136,Autophagy - other - Mus musculus (house mouse),,-2.9,6,4.6,21160,32,555,5,0.9,0.4,19053|57436|75669|77040|235040,Ppp2cb|Gabarapl1|Pik3r4|Atg16l1|Atg4d,-1.2
hits,Reactome Gene Sets,6,R-MMU-2129379,Molecules associated with elastic fibres,,-2.9,6,4.6,21160,32,555,5,0.9,0.4,17150|21803|50530|108075|268977,Mfap2|Tgfb1|Mfap5|Ltbp4|Ltbp1,-1.2
hits,GO Biological Processes,19,GO:1903055,positive regulation of extracellular matrix organization,19_GO:0048518 positive regulation of biological process,-2.9,6,4.6,21160,32,555,5,0.9,0.4,14726|20356|21803|208177|234407,Pdpn|Sema5a|Tgfb1|Phldb2|Colgalt1,-1.2
hits,GO Biological Processes,19,GO:0030511,positive regulation of transforming growth factor beta receptor signaling pathway,19_GO:0048518 positive regulation of biological process,-2.9,6,4.6,21160,32,555,5,0.9,0.4,15516|17684|18550|20869|216805,Hsp90ab1|Cited2|Furin|Stk11|Flcn,-1.2
hits,GO Biological Processes,19,GO:1903846,positive regulation of cellular response to transforming growth factor beta stimulus,19_GO:0048518 positive regulation of biological process,-2.9,6,4.6,21160,32,555,5,0.9,0.4,15516|17684|18550|20869|216805,Hsp90ab1|Cited2|Furin|Stk11|Flcn,-1.2
hits,GO Biological Processes,19,GO:0001822,kidney development,19_GO:0032502 developmental process,-2.9,2.1,3.5,21160,359,555,20,3.6,0.79,11607|12161|12505|13003|14182|14561|16202|16449|16779|18596|18763|20397|21803|60595|72135|74055|74533|216274|216805|269152,Agtr1a|Bmp6|Cd44|Vcan|Fgfr1|Gdf11|Ilk|Jag1|Lamb2|Pdgfrb|Pkd1|Sgpl1|Tgfb1|Actn4|Pygo1|Plce1|Gzf1|Cep290|Flcn|Kif26b,-1.2
hits,KEGG Pathway,24,mmu04810,Regulation of actin cytoskeleton - Mus musculus (house mouse),,-2.9,2.4,3.6,21160,234,555,15,2.7,0.69,11465|12632|14182|14701|15461|17886|18596|18708|18709|20315|60595|76709|98932|213119|219140,Actg1|Cfl2|Fgfr1|Gng12|Hras|Myh9|Pdgfrb|Pik3r1|Pik3r2|Cxcl12|Actn4|Arpc2|Myl9|Itga10|Spata13,-1.2
hits,WikiPathways,27,WP265,Delta Notch signaling pathway,,-2.9,3.7,4,21160,82,555,8,1.4,0.51,12804|15182|16449|18550|18708|18709|22059|22632,Cntfr|Hdac2|Jag1|Furin|Pik3r1|Pik3r2|Trp53|Yy1,-1.2
hits,GO Biological Processes,19,GO:0051893,regulation of focal adhesion assembly,19_GO:0050789 regulation of biological process,-2.9,4.2,4.2,21160,64,555,7,1.3,0.47,11465|17886|17926|19211|20194|110829|208177,Actg1|Myh9|Myoc|Pten|S100a10|Lims1|Phldb2,-1.2
hits,GO Biological Processes,19,GO:0090109,regulation of cell-substrate junction assembly,19_GO:0050789 regulation of biological process,-2.9,4.2,4.2,21160,64,555,7,1.3,0.47,11465|17886|17926|19211|20194|110829|208177,Actg1|Myh9|Myoc|Pten|S100a10|Lims1|Phldb2,-1.2
hits,GO Biological Processes,19,GO:0030307,positive regulation of cell growth,19_GO:0040007 growth,-2.8,2.5,3.7,21160,211,555,14,2.5,0.67,13169|14567|16000|16202|18208|20315|20356|23938|50790|69807|83814|106628|208643|233489,Dbnl|Gdi1|Igf1|Ilk|Ntn1|Cxcl12|Sema5a|Map2k5|Acsl4|Trim32|Nedd4l|Trip10|Eif4g1|Picalm,-1.2
hits,Reactome Gene Sets,6,R-MMU-72203,Processing of Capped Intron-Containing Pre-mRNA,,-2.8,2.4,3.6,21160,259,555,16,2.9,0.71,19134|19386|20020|20021|66053|66118|66420|67337|69207|75956|76793|110809|170791|231329|245841|320632,Prpf4b|Ranbp2|Polr2a|Polr2c|Ppil2|Sarnp|Polr2e|Cstf1|Srsf11|Srrm2|Snip1|Srsf1|Rbm39|Polr2b|Polr2h|Snrnp200,-1.2
hits,GO Biological Processes,19,GO:0043010,camera-type eye development,19_GO:0032502 developmental process,-2.8,2,3.5,21160,413,555,22,4,0.83,13844|14561|15182|16449|16600|16779|17684|18032|18185|18596|19893|21803|22632|23928|24013|56371|102774|105278|110380|210992|216274|320736,Ephb2|Gdf11|Hdac2|Jag1|Klf4|Lamb2|Cited2|Nfix|Nrl|Pdgfrb|Rpgr|Tgfb1|Yy1|Lamc3|Grk1|Fzr1|Bbs4|Cdk20|Shroom2|Lpcat1|Cep290|Vstm4,-1.2
hits,GO Biological Processes,19,GO:0022613,ribonucleoprotein complex biogenesis,19_GO:0009987 cellular process,-2.8,2,3.4,21160,441,555,23,4.1,0.85,13664|14645|15516|19134|21357|54709|56200|59050|66085|66138|66235|67674|67996|68077|75751|77591|110809|110816|218629|229317|230082|245474|320632,Eif1a|Glul|Hsp90ab1|Prpf4b|Tarbp2|Eif3i|Ddx21|Nsa2|Eif3f|Bud23|Eif1ax|Trmt112|Srsf6|Nop53|Ipo4|Ddx10|Srsf1|Pwp2|Dhx29|Eif2a|Nol6|Dkc1|Snrnp200,-1.2
hits,GO Biological Processes,19,GO:0016051,carbohydrate biosynthetic process,19_GO:0009987 cellular process,-2.8,3.1,3.8,21160,123,555,10,1.8,0.56,12952|14595|14751|14873|17448|26879|27357|59031|74551|77590,Cry1|B4galt1|Gpi1|Gsto1|Mdh2|B3galnt1|Gyg1|Chst12|Pck2|Chst15,-1.2
hits,KEGG Pathway,24,mmu04930,Type II diabetes mellitus - Mus musculus (house mouse),,-2.8,4.8,4.3,21160,48,555,6,1.1,0.44,15277|18708|18709|18754|26419|384783,Hk2|Pik3r1|Pik3r2|Prkce|Mapk8|Irs2,-1.2
hits,GO Biological Processes,19,GO:1901888,regulation of cell junction assembly,19_GO:0050789 regulation of biological process,-2.8,2.2,3.5,21160,311,555,18,3.2,0.75,11465|13844|13845|14182|14735|17886|17926|18208|18708|19211|20194|22359|71436|83814|110829|208177|208643|399558,Actg1|Ephb2|Ephb3|Fgfr1|Gpc4|Myh9|Myoc|Ntn1|Pik3r1|Pten|S100a10|Vldlr|Flrt3|Nedd4l|Lims1|Phldb2|Eif4g1|Flrt2,-1.2
hits,Reactome Gene Sets,6,R-MMU-2467813,Separation of Sister Chromatids,,-2.8,2.7,3.7,21160,167,555,12,2.2,0.62,13006|16563|19053|19175|19386|22142|22143|56430|70247|77891|226849|227613,Smc3|Kif2a|Ppp2cb|Psmb6|Ranbp2|Tuba1a|Tuba1b|Clip1|Psmd1|Ube2s|Ppp2r5a|Tubb4b,-1.2
hits,GO Biological Processes,19,GO:0034405,response to fluid shear stress,19_GO:0050896 response to stimulus,-2.8,5.8,4.5,21160,33,555,5,0.9,0.4,16600|17684|18763|18810|21803,Klf4|Cited2|Pkd1|Plec|Tgfb1,-1.2
hits,GO Biological Processes,19,GO:0090596,sensory organ morphogenesis,19_GO:0032502 developmental process,-2.8,2.1,3.5,21160,338,555,19,3.4,0.77,13844|14182|14368|14561|15182|16449|17150|17684|18185|18208|19893|20655|22632|24013|50530|57265|102774|110380|216274,Ephb2|Fgfr1|Fzd6|Gdf11|Hdac2|Jag1|Mfap2|Cited2|Nrl|Ntn1|Rpgr|Sod1|Yy1|Grk1|Mfap5|Fzd2|Bbs4|Shroom2|Cep290,-1.2
hits,GO Biological Processes,19,GO:0048668,collateral sprouting,19_GO:0040007 growth,-2.8,7.6,4.9,21160,20,555,4,0.72,0.36,18032|19091|22241|27965,Nfix|Prkg1|Ulk1|Spg21,-1.2
hits,Reactome Gene Sets,6,R-MMU-72172,mRNA Splicing,,-2.8,2.6,3.6,21160,191,555,13,2.3,0.64,19134|20020|20021|66053|66420|69207|75956|76793|110809|170791|231329|245841|320632,Prpf4b|Polr2a|Polr2c|Ppil2|Polr2e|Srsf11|Srrm2|Snip1|Srsf1|Rbm39|Polr2b|Polr2h|Snrnp200,-1.2
hits,GO Biological Processes,19,GO:0006006,glucose metabolic process,19_GO:0009987 cellular process,-2.8,2.9,3.7,21160,146,555,11,2,0.59,12015|12894|12952|14751|15277|17448|18708|22059|56421|64652|74551,Bad|Cpt1a|Cry1|Gpi1|Hk2|Mdh2|Pik3r1|Trp53|Pfkp|Nisch|Pck2,-1.2
hits,GO Biological Processes,19,GO:0071260,cellular response to mechanical stimulus,19_GO:0050896 response to stimulus,-2.8,3.3,3.9,21160,104,555,9,1.6,0.54,12015|12161|13805|18810|20525|21803|77125|192662|667742,Bad|Bmp6|Eng|Plec|Slc2a1|Tgfb1|Il33|Arhgdia|Piezo2,-1.2
hits,GO Biological Processes,19,GO:0008015,blood circulation,19_GO:0032501 multicellular organismal process,-2.8,1.9,3.4,21160,472,555,24,4.3,0.86,11607|11754|12161|12562|13805|17540|18708|18810|19091|20655|20657|20928|21803|21873|27360|60596|64652|77087|83814|102774|110809|240672|242202|320736,Agtr1a|Aoc3|Bmp6|Cdh5|Eng|Irag1|Pik3r1|Plec|Prkg1|Sod1|Sod3|Abcc9|Tgfb1|Tjp2|Add3|Gucy1a1|Nisch|Ankrd11|Nedd4l|Bbs4|Srsf1|Dusp5|Pde5a|Vstm4,-1.2
hits,Reactome Gene Sets,6,R-MMU-9009391,Extra-nuclear estrogen signaling,,-2.8,4,4.1,21160,66,555,7,1.3,0.47,12576|14697|14701|15461|18708|18709|66066,Cdkn1b|Gnb5|Gng12|Hras|Pik3r1|Pik3r2|Gng11,-1.2
hits,GO Biological Processes,19,GO:0002064,epithelial cell development,19_GO:0032502 developmental process,-2.8,2.4,3.6,21160,239,555,15,2.7,0.69,12161|12562|13819|14561|14595|16449|16779|18810|21803|21873|27428|77929|94246|231580|286940,Bmp6|Cdh5|Epas1|Gdf11|B4galt1|Jag1|Lamb2|Plec|Tgfb1|Tjp2|Shroom3|Yipf6|Arid4b|Gak|Flnb,-1.2
hits,WikiPathways,27,WP157,Glycolysis and gluconeogenesis,,-2.8,4.7,4.2,21160,49,555,6,1.1,0.44,13382|14751|15277|17448|20525|56421,Dld|Gpi1|Hk2|Mdh2|Slc2a1|Pfkp,-1.2
hits,GO Biological Processes,19,GO:0031032,actomyosin structure organization,19_GO:0009987 cellular process,-2.8,3.1,3.8,21160,125,555,10,1.8,0.56,11465|12632|13823|17886|18596|18810|20411|68794|71994|98932,Actg1|Cfl2|Epb41l3|Myh9|Pdgfrb|Plec|Sorbs1|Flnc|Cnn3|Myl9,-1.2
hits,GO Biological Processes,19,GO:0048589,developmental growth,19_GO:0040007 growth,-2.8,1.8,3.3,21160,584,555,28,5,0.93,12527|14182|14369|15182|16000|16779|18032|18596|18810|18846|19091|19211|20182|20356|20869|21357|21803|21827|22059|22241|22592|27354|27965|66225|68861|71436|77087|269152,Cd9|Fgfr1|Fzd7|Hdac2|Igf1|Lamb2|Nfix|Pdgfrb|Plec|Plxna3|Prkg1|Pten|Rxrb|Sema5a|Stk11|Tarbp2|Tgfb1|Thbs3|Trp53|Ulk1|Ercc5|Nbn|Spg21|Llph|Dipk2a|Flrt3|Ankrd11|Kif26b,-1.2
hits,GO Biological Processes,19,GO:0043491,phosphatidylinositol 3-kinase/protein kinase B signal transduction,19_GO:0050896 response to stimulus,-2.8,3.6,3.9,21160,85,555,8,1.4,0.51,16000|16202|18708|18709|19211|75669|216805|240752,Igf1|Ilk|Pik3r1|Pik3r2|Pten|Pik3r4|Flcn|Pik3c2b,-1.2
hits,GO Biological Processes,19,GO:0021782,glial cell development,19_GO:0032502 developmental process,-2.8,2.9,3.7,21160,147,555,11,2,0.59,15461|16202|16779|17926|18032|18810|19153|19211|20655|21803|23928,Hras|Ilk|Lamb2|Myoc|Nfix|Plec|Prx|Pten|Sod1|Tgfb1|Lamc3,-1.2
hits,GO Biological Processes,19,GO:0072163,mesonephric epithelium development,19_GO:0032502 developmental process,-2.8,3.3,3.8,21160,105,555,9,1.6,0.54,12505|13003|14182|14561|16202|18763|21803|74533|269152,Cd44|Vcan|Fgfr1|Gdf11|Ilk|Pkd1|Tgfb1|Gzf1|Kif26b,-1.1
hits,GO Biological Processes,19,GO:0072164,mesonephric tubule development,19_GO:0032502 developmental process,-2.8,3.3,3.8,21160,105,555,9,1.6,0.54,12505|13003|14182|14561|16202|18763|21803|74533|269152,Cd44|Vcan|Fgfr1|Gdf11|Ilk|Pkd1|Tgfb1|Gzf1|Kif26b,-1.1
hits,GO Biological Processes,19,GO:0051170,import into nucleus,19_GO:0051179 localization,-2.7,3,3.7,21160,126,555,10,1.8,0.56,18708|19386|22059|56338|71983|74203|75751|77125|110750|238799,Pik3r1|Ranbp2|Trp53|Txnip|Tmco6|Eif4enif1|Ipo4|Il33|Cse1l|Tnpo1,-1.1
hits,GO Biological Processes,19,GO:2000178,negative regulation of neural precursor cell proliferation,19_GO:0048519 negative regulation of biological process,-2.7,5.6,4.4,21160,34,555,5,0.9,0.4,16202|21803|22059|56392|110829,Ilk|Tgfb1|Trp53|Shoc2|Lims1,-1.1
hits,GO Biological Processes,19,GO:0022011,myelination in peripheral nervous system,19_GO:0032502 developmental process,-2.7,5.6,4.4,21160,34,555,5,0.9,0.4,16202|17926|18810|19153|20655,Ilk|Myoc|Plec|Prx|Sod1,-1.1
hits,GO Biological Processes,19,GO:0032292,peripheral nervous system axon ensheathment,19_GO:0032502 developmental process,-2.7,5.6,4.4,21160,34,555,5,0.9,0.4,16202|17926|18810|19153|20655,Ilk|Myoc|Plec|Prx|Sod1,-1.1
hits,Reactome Gene Sets,6,R-MMU-5673000,RAF activation,,-2.7,5.6,4.4,21160,34,555,5,0.9,0.4,15461|16706|19053|56392|226849,Hras|Ksr1|Ppp2cb|Shoc2|Ppp2r5a,-1.1
hits,GO Biological Processes,19,GO:0007051,spindle organization,19_GO:0009987 cellular process,-2.7,2.7,3.6,21160,170,555,12,2.2,0.62,13006|13194|16202|16563|17886|19211|20620|76123|100732|109359|216848|225523,Smc3|Ddb1|Ilk|Kif2a|Myh9|Pten|Plk2|Gpsm2|Mapre3|Abraxas2|Chd3|Cep120,-1.1
hits,GO Biological Processes,19,GO:2000045,regulation of G1/S transition of mitotic cell cycle,19_GO:0050789 regulation of biological process,-2.7,2.7,3.6,21160,170,555,12,2.2,0.62,12576|14726|16600|18763|19186|19188|19211|22059|26992|56190|208643|214498,Cdkn1b|Pdpn|Klf4|Pkd1|Psme1|Psme2|Pten|Trp53|Brd7|Rbm38|Eif4g1|Cdc73,-1.1
hits,GO Biological Processes,19,GO:0051054,positive regulation of DNA metabolic process,19_GO:0048518 positive regulation of biological process,-2.7,2.2,3.4,21160,316,555,18,3.2,0.75,12461|12464|13010|14182|15461|16600|18596|20184|21803|22632|26419|26992|27354|56708|69714|78656|245474|268936,Cct2|Cct4|Cst3|Fgfr1|Hras|Klf4|Pdgfrb|Uimc1|Tgfb1|Yy1|Mapk8|Brd7|Nbn|Clcf1|Tfpt|Brd8|Dkc1|Brpf3,-1.1
hits,GO Biological Processes,19,GO:1903053,regulation of extracellular matrix organization,19_GO:0050789 regulation of biological process,-2.7,4,4,21160,67,555,7,1.3,0.47,13010|14726|16779|20356|21803|208177|234407,Cst3|Pdpn|Lamb2|Sema5a|Tgfb1|Phldb2|Colgalt1,-1.1
hits,WikiPathways,27,WP407,Kit receptor signaling pathway,,-2.7,4,4,21160,67,555,7,1.3,0.47,12015|15461|18708|18709|20851|22612|74055,Bad|Hras|Pik3r1|Pik3r2|Stat5b|Yes1|Plce1,-1.1
hits,Reactome Gene Sets,6,R-MMU-199992,trans-Golgi Network Vesicle Budding,,-2.7,4,4,21160,67,555,7,1.3,0.47,11765|14319|20619|66616|77929|231580|233489,Ap1g1|Fth1|Snap23|Snx9|Yipf6|Gak|Picalm,-1.1
hits,KEGG Pathway,24,mmu00010,Glycolysis / Gluconeogenesis - Mus musculus (house mouse),,-2.7,4,4,21160,67,555,7,1.3,0.47,11670|11671|13382|14751|15277|56421|74551,Aldh3a1|Aldh3a2|Dld|Gpi1|Hk2|Pfkp|Pck2,-1.1
hits,GO Biological Processes,19,GO:0017015,regulation of transforming growth factor beta receptor signaling pathway,19_GO:0050896 response to stimulus,-2.7,2.8,3.7,21160,148,555,11,2,0.59,13805|15182|15516|17684|18550|20869|22059|94246|171463|216805|268977,Eng|Hdac2|Hsp90ab1|Cited2|Furin|Stk11|Trp53|Arid4b|Il17rd|Flcn|Ltbp1,-1.1
hits,GO Biological Processes,19,GO:1904851,positive regulation of establishment of protein localization to telomere,19_GO:0051179 localization,-2.7,11,5.4,21160,10,555,3,0.54,0.31,12461|12464|245474,Cct2|Cct4|Dkc1,-1.1
hits,GO Biological Processes,19,GO:1904668,positive regulation of ubiquitin protein ligase activity,19_GO:0048518 positive regulation of biological process,-2.7,11,5.4,21160,10,555,3,0.54,0.31,19211|56371|77891,Pten|Fzr1|Ube2s,-1.1
hits,Reactome Gene Sets,6,R-MMU-418457,cGMP effects,,-2.7,11,5.4,21160,10,555,3,0.54,0.31,17540|19091|242202,Irag1|Prkg1|Pde5a,-1.1
hits,GO Biological Processes,19,GO:0032933,SREBP signaling pathway,19_GO:0050896 response to stimulus,-2.7,11,5.4,21160,10,555,3,0.54,0.31,13666|229317|244373,Eif2ak3|Eif2a|Erlin2,-1.1
hits,GO Biological Processes,19,GO:2000491,positive regulation of hepatic stellate cell activation,19_GO:0048518 positive regulation of biological process,-2.7,11,5.4,21160,10,555,3,0.54,0.31,13350|14182|18596,Dgat1|Fgfr1|Pdgfrb,-1.1
hits,Reactome Gene Sets,6,R-MMU-6811558,"PI5P, PP2A and IER3 Regulate PI3K/AKT Signaling",,-2.7,3.2,3.8,21160,106,555,9,1.6,0.54,14182|18596|18708|18709|19053|77125|226849|266632|384783,Fgfr1|Pdgfrb|Pik3r1|Pik3r2|Ppp2cb|Il33|Ppp2r5a|Irak4|Irs2,-1.1
hits,GO Biological Processes,19,GO:0071496,cellular response to external stimulus,19_GO:0050896 response to stimulus,-2.7,3.2,3.8,21160,106,555,9,1.6,0.54,12015|12161|13805|18810|20525|21803|77125|192662|667742,Bad|Bmp6|Eng|Plec|Slc2a1|Tgfb1|Il33|Arhgdia|Piezo2,-1.1
hits,GO Biological Processes,19,GO:0060560,developmental growth involved in morphogenesis,19_GO:0040007 growth,-2.7,2.7,3.6,21160,171,555,12,2.2,0.62,16779|18032|18846|19091|20356|20869|21803|22241|27965|66225|71436|269152,Lamb2|Nfix|Plxna3|Prkg1|Sema5a|Stk11|Tgfb1|Ulk1|Spg21|Llph|Flrt3|Kif26b,-1.1
hits,GO Biological Processes,19,GO:0050708,regulation of protein secretion,19_GO:0051179 localization,-2.7,2.1,3.4,21160,343,555,19,3.4,0.77,12015|12894|14645|16000|17886|18555|18754|20866|21803|50790|56401|64384|74551|75770|77371|99889|228355|268373|384783,Bad|Cpt1a|Glul|Igf1|Myh9|Cdk16|Prkce|Stim1|Tgfb1|Acsl4|P3h1|Sirt3|Pck2|Brsk2|Sec24a|Arfip1|Madd|Ppia|Irs2,-1.1
hits,GO Biological Processes,19,GO:0120032,regulation of plasma membrane bounded cell projection assembly,19_GO:0050789 regulation of biological process,-2.7,2.4,3.5,21160,218,555,14,2.5,0.67,13844|15461|18708|24047|69807|70314|74055|76441|76709|102774|225523|230872|232944|271457,Ephb2|Hras|Pik3r1|Ccl19|Trim32|Rabep2|Plce1|Daam2|Arpc2|Bbs4|Cep120|Crocc|Mark4|Rab5a,-1.1
hits,WikiPathways,27,WP1763,Mechanisms associated with pluripotency,,-2.7,2.2,3.4,21160,292,555,17,3.1,0.73,12505|13194|13865|14182|15182|15461|16600|17344|19211|21803|22059|22592|22632|83814|214498|216850|234366,Cd44|Ddb1|Nr2f1|Fgfr1|Hdac2|Hras|Klf4|Pias2|Pten|Tgfb1|Trp53|Ercc5|Yy1|Nedd4l|Cdc73|Kdm6b|Gatad2a,-1.1
hits,GO Biological Processes,19,GO:0071695,anatomical structure maturation,19_GO:0032502 developmental process,-2.7,2.2,3.4,21160,292,555,17,3.1,0.73,12400|12562|13382|13819|14182|14561|16000|17926|18032|18227|18952|19228|21803|21827|24047|27965|235320,Cbfb|Cdh5|Dld|Epas1|Fgfr1|Gdf11|Igf1|Myoc|Nfix|Nr4a2|Septin4|Pth1r|Tgfb1|Thbs3|Ccl19|Spg21|Zbtb16,-1.1
hits,KEGG Pathway,24,mmu00532,Glycosaminoglycan biosynthesis - chondroitin sulfate / dermatan sulfate - Mus musculus (house mouse),,-2.7,7.3,4.7,21160,21,555,4,0.72,0.36,59031|77590|100910|218271,Chst12|Chst15|Chpf2|B4galt7,-1.1
hits,GO Biological Processes,19,GO:0034392,negative regulation of smooth muscle cell apoptotic process,19_GO:0048519 negative regulation of biological process,-2.7,7.3,4.7,21160,21,555,4,0.72,0.36,11607|16000|23938|68861,Agtr1a|Igf1|Map2k5|Dipk2a,-1.1
hits,GO Biological Processes,19,GO:0051443,positive regulation of ubiquitin-protein transferase activity,19_GO:0048518 positive regulation of biological process,-2.7,7.3,4.7,21160,21,555,4,0.72,0.36,19211|56371|77891|106021,Pten|Fzr1|Ube2s|Topors,-1.1
hits,GO Biological Processes,19,GO:0042692,muscle cell differentiation,19_GO:0032502 developmental process,-2.7,2.1,3.4,21160,344,555,19,3.4,0.77,11465|12527|12632|13805|15182|16000|17886|18596|18810|19091|20182|20866|30948|60595|66403|68794|70834|98932|216850,Actg1|Cd9|Cfl2|Eng|Hdac2|Igf1|Myh9|Pdgfrb|Plec|Prkg1|Rxrb|Stim1|Bin1|Actn4|Asf1a|Flnc|Spag9|Myl9|Kdm6b,-1.1
hits,GO Biological Processes,19,GO:0040007,growth,19_GO:0040007 growth,-2.7,1.8,3.3,21160,590,555,28,5,0.93,12527|14182|14369|15182|16000|16779|18032|18596|18810|18846|19091|19211|20182|20356|20869|21357|21803|21827|22059|22241|22592|27354|27965|66225|68861|71436|77087|269152,Cd9|Fgfr1|Fzd7|Hdac2|Igf1|Lamb2|Nfix|Pdgfrb|Plec|Plxna3|Prkg1|Pten|Rxrb|Sema5a|Stk11|Tarbp2|Tgfb1|Thbs3|Trp53|Ulk1|Ercc5|Nbn|Spg21|Llph|Dipk2a|Flrt3|Ankrd11|Kif26b,-1.1
hits,GO Biological Processes,19,GO:0050714,positive regulation of protein secretion,19_GO:0051179 localization,-2.7,2.5,3.5,21160,195,555,13,2.3,0.64,12015|14645|16000|17886|18754|20866|21803|50790|64384|74551|77371|268373|384783,Bad|Glul|Igf1|Myh9|Prkce|Stim1|Tgfb1|Acsl4|Sirt3|Pck2|Sec24a|Ppia|Irs2,-1.1
hits,GO Biological Processes,19,GO:0030308,negative regulation of cell growth,19_GO:0040007 growth,-2.7,2.5,3.5,21160,195,555,13,2.3,0.64,12576|14694|18208|18846|19211|20356|20869|21803|22059|22241|22632|56401|70834,Cdkn1b|Rack1|Ntn1|Plxna3|Pten|Sema5a|Stk11|Tgfb1|Trp53|Ulk1|Yy1|P3h1|Spag9,-1.1
hits,Reactome Gene Sets,6,R-MMU-446728,Cell junction organization,,-2.7,3.9,4,21160,68,555,7,1.3,0.47,11465|12562|16202|57875|68794|93737|110829,Actg1|Cdh5|Ilk|Angptl4|Flnc|Pard6g|Lims1,-1.1
hits,GO Biological Processes,19,GO:0038127,ERBB signaling pathway,19_GO:0050896 response to stimulus,-2.7,3.2,3.8,21160,107,555,9,1.6,0.54,13844|13845|14182|15461|17926|18596|27965|74055|78388,Ephb2|Ephb3|Fgfr1|Hras|Myoc|Pdgfrb|Spg21|Plce1|Mvp,-1.1
hits,GO Biological Processes,19,GO:0150117,positive regulation of cell-substrate junction organization,19_GO:0048518 positive regulation of biological process,-2.7,5.4,4.3,21160,35,555,5,0.9,0.4,17886|17926|18708|20194|110829,Myh9|Myoc|Pik3r1|S100a10|Lims1,-1.1
hits,GO Biological Processes,19,GO:0070670,response to interleukin-4,19_GO:0050896 response to stimulus,-2.7,5.4,4.3,21160,35,555,5,0.9,0.4,12567|15516|20851|22143|23918,Cdk4|Hsp90ab1|Stat5b|Tuba1b|Impdh2,-1.1
hits,GO Biological Processes,19,GO:2000772,regulation of cellular senescence,19_GO:0050896 response to stimulus,-2.7,4.5,4.1,21160,51,555,6,1.1,0.44,12010|16202|19211|20620|22059|56371,B2m|Ilk|Pten|Plk2|Trp53|Fzr1,-1.1
hits,GO Biological Processes,19,GO:0051961,negative regulation of nervous system development,19_GO:0048519 negative regulation of biological process,-2.7,2.6,3.6,21160,173,555,12,2.2,0.62,12010|13844|14567|18208|18846|19211|20356|21803|22059|22241|56710|76441,B2m|Ephb2|Gdi1|Ntn1|Plxna3|Pten|Sema5a|Tgfb1|Trp53|Ulk1|Brinp1|Daam2,-1.1
hits,GO Biological Processes,19,GO:0080135,regulation of cellular response to stress,19_GO:0050896 response to stimulus,-2.7,1.8,3.3,21160,536,555,26,4.7,0.9,12015|12505|12952|13666|16012|16600|18708|19211|20184|20315|22059|22632|26992|56473|66972|67118|67956|69714|69807|74126|74143|78656|109815|229317|268373|330177,Bad|Cd44|Cry1|Eif2ak3|Igfbp6|Klf4|Pik3r1|Pten|Uimc1|Cxcl12|Trp53|Yy1|Brd7|Fads2|Slc25a23|Bfar|Kmt5a|Tfpt|Trim32|Syvn1|Opa1|Brd8|Selenos|Eif2a|Ppia|Taok3,-1.1
hits,KEGG Pathway,24,mmu05022,Pathways of neurodegeneration - multiple diseases - Mus musculus (house mouse),,-2.7,1.9,3.3,21160,481,555,24,4.3,0.86,12015|13666|14368|14369|15461|16440|19175|20463|20655|22142|22143|22241|26419|53598|57265|66091|66925|70247|75669|84682|227613|233871|271457|333182,Bad|Eif2ak3|Fzd6|Fzd7|Hras|Itpr3|Psmb6|Cox7a2l|Sod1|Tuba1a|Tuba1b|Ulk1|Mapk8|Dctn3|Fzd2|Ndufa3|Sdhd|Psmd1|Pik3r4|Cox4i2|Tubb4b|Atxn2l|Rab5a|Cox6b2,-1.1
hits,GO Biological Processes,19,GO:0001841,neural tube formation,19_GO:0032502 developmental process,-2.7,3,3.7,21160,129,555,10,1.8,0.56,14368|16911|17684|21803|27428|67836|74143|102774|105278|234366,Fzd6|Lmo4|Cited2|Tgfb1|Shroom3|Wdr83|Opa1|Bbs4|Cdk20|Gatad2a,-1.1
hits,GO Biological Processes,19,GO:0001823,mesonephros development,19_GO:0032502 developmental process,-2.7,3.2,3.7,21160,108,555,9,1.6,0.54,12505|13003|14182|14561|16202|18763|21803|74533|269152,Cd44|Vcan|Fgfr1|Gdf11|Ilk|Pkd1|Tgfb1|Gzf1|Kif26b,-1.1
hits,Reactome Gene Sets,6,R-MMU-202733,Cell surface interactions at the vascular wall,,-2.7,3.2,3.7,21160,108,555,9,1.6,0.54,12505|15461|18708|18709|21803|21824|22612|66053|268373,Cd44|Hras|Pik3r1|Pik3r2|Tgfb1|Thbd|Yes1|Ppil2|Ppia,-1.1
hits,GO Biological Processes,19,GO:1903844,regulation of cellular response to transforming growth factor beta stimulus,19_GO:0050896 response to stimulus,-2.7,2.8,3.6,21160,151,555,11,2,0.59,13805|15182|15516|17684|18550|20869|22059|94246|171463|216805|268977,Eng|Hdac2|Hsp90ab1|Cited2|Furin|Stk11|Trp53|Arid4b|Il17rd|Flcn|Ltbp1,-1.1
hits,Reactome Gene Sets,6,R-MMU-6781827,Transcription-Coupled Nucleotide Excision Repair (TC-NER),,-2.7,3.9,3.9,21160,69,555,7,1.3,0.47,13194|20020|20021|23894|66420|231329|245841,Ddb1|Polr2a|Polr2c|Gtf2h2|Polr2e|Polr2b|Polr2h,-1.1
hits,GO Biological Processes,19,GO:0044091,membrane biogenesis,19_GO:0009987 cellular process,-2.7,3.9,3.9,21160,69,555,7,1.3,0.47,12306|13844|16202|19211|20194|20742|71678,Anxa2|Ephb2|Ilk|Pten|S100a10|Sptbn1|Brox,-1.1
hits,GO Biological Processes,19,GO:0060998,regulation of dendritic spine development,19_GO:0032502 developmental process,-2.7,3.5,3.8,21160,88,555,8,1.4,0.51,13169|13844|15182|16443|19211|20620|66225|74143,Dbnl|Ephb2|Hdac2|Itsn1|Pten|Plk2|Llph|Opa1,-1.1
hits,GO Biological Processes,19,GO:0060491,regulation of cell projection assembly,19_GO:0050789 regulation of biological process,-2.7,2.4,3.5,21160,221,555,14,2.5,0.67,13844|15461|18708|24047|69807|70314|74055|76441|76709|102774|225523|230872|232944|271457,Ephb2|Hras|Pik3r1|Ccl19|Trim32|Rabep2|Plce1|Daam2|Arpc2|Bbs4|Cep120|Crocc|Mark4|Rab5a,-1.1
hits,GO Biological Processes,19,GO:0072001,renal system development,19_GO:0032502 developmental process,-2.7,2,3.3,21160,374,555,20,3.6,0.79,11607|12161|12505|13003|14182|14561|16202|16449|16779|18596|18763|20397|21803|60595|72135|74055|74533|216274|216805|269152,Agtr1a|Bmp6|Cd44|Vcan|Fgfr1|Gdf11|Ilk|Jag1|Lamb2|Pdgfrb|Pkd1|Sgpl1|Tgfb1|Actn4|Pygo1|Plce1|Gzf1|Cep290|Flcn|Kif26b,-1.1
hits,GO Biological Processes,19,GO:0048592,eye morphogenesis,19_GO:0032502 developmental process,-2.6,2.5,3.5,21160,198,555,13,2.3,0.64,13844|14561|16449|17150|17684|18185|19893|22632|24013|50530|102774|110380|216274,Ephb2|Gdf11|Jag1|Mfap2|Cited2|Nrl|Rpgr|Yy1|Grk1|Mfap5|Bbs4|Shroom2|Cep290,-1.1
hits,GO Biological Processes,19,GO:0007006,mitochondrial membrane organization,19_GO:0009987 cellular process,-2.6,3.1,3.7,21160,109,555,9,1.6,0.54,12015|15277|22059|52538|66098|66821|68099|74143|76614,Bad|Hk2|Trp53|Acaa2|Chchd6|Bcs1l|Cibar1|Opa1|Immt,-1.1
hits,GO Biological Processes,19,GO:0043161,proteasome-mediated ubiquitin-dependent protein catabolic process,19_GO:0009987 cellular process,-2.6,2,3.3,21160,402,555,21,3.8,0.81,13194|14794|19053|19175|19358|22670|28199|56371|58799|63958|66349|67118|70247|70382|74126|77891|83814|106021|223455|242736|269514,Ddb1|Spsb2|Ppp2cb|Psmb6|Rad23a|Trim26|Dcaf11|Fzr1|Crbn|Ube4b|Dmac2|Bfar|Psmd1|Kctd2|Syvn1|Ube2s|Nedd4l|Topors|Marchf6|Pramel12|Fbxl4,-1.1
hits,KEGG Pathway,24,mmu04141,Protein processing in endoplasmic reticulum - Mus musculus (house mouse),,-2.6,2.6,3.5,21160,175,555,12,2.2,0.62,13666|14376|15516|19358|20334|26419|63958|74126|77371|109815|223455|227619,Eif2ak3|Ganab|Hsp90ab1|Rad23a|Sec23a|Mapk8|Ube4b|Syvn1|Sec24a|Selenos|Marchf6|Man1b1,-1.1
hits,WikiPathways,27,WP572,EGFR1 signaling pathway,,-2.6,2.6,3.5,21160,175,555,12,2.2,0.62,13627|15461|18708|18709|18810|20851|20910|23938|26419|56392|240752|271457,Eef1a1|Hras|Pik3r1|Pik3r2|Plec|Stat5b|Stxbp1|Map2k5|Mapk8|Shoc2|Pik3c2b|Rab5a,-1.1
hits,Reactome Gene Sets,6,R-MMU-432722,Golgi Associated Vesicle Biogenesis,,-2.6,4.4,4,21160,52,555,6,1.1,0.44,11765|14319|66616|77929|231580|233489,Ap1g1|Fth1|Snx9|Yipf6|Gak|Picalm,-1.1
hits,GO Biological Processes,19,GO:0042594,response to starvation,19_GO:0050896 response to stimulus,-2.6,2.3,3.4,21160,247,555,15,2.7,0.69,13666|14645|20525|22059|22241|26419|57436|57875|69807|74551|75669|170574|216805|229317|240752,Eif2ak3|Glul|Slc2a1|Trp53|Ulk1|Mapk8|Gabarapl1|Angptl4|Trim32|Pck2|Pik3r4|Sp7|Flcn|Eif2a|Pik3c2b,-1.1
hits,GO Biological Processes,19,GO:0006611,protein export from nucleus,19_GO:0051179 localization,-2.6,5.3,4.2,21160,36,555,5,0.9,0.4,18763|21803|28075|74204|110750,Pkd1|Tgfb1|Desi1|Xpo6|Cse1l,-1.1
hits,Reactome Gene Sets,6,R-MMU-6814122,Cooperation of PDCL (PhLP1) and TRiC/CCT in G-protein beta folding,,-2.6,5.3,4.2,21160,36,555,5,0.9,0.4,12461|12464|14697|14701|66066,Cct2|Cct4|Gnb5|Gng12|Gng11,-1.1
hits,GO Biological Processes,19,GO:0016071,mRNA metabolic process,19_GO:0009987 cellular process,-2.6,1.8,3.2,21160,626,555,29,5.2,0.94,12306|13819|15384|16549|17978|19134|19656|20182|20194|21379|21841|22059|56190|66053|67337|67367|67836|67996|73473|75956|76793|78697|110809|170791|214498|225929|233871|245474|320632,Anxa2|Epas1|Hnrnpab|Khsrp|Ncoa2|Prpf4b|Rbmxl1|Rxrb|S100a10|Tbrg4|Tia1|Trp53|Rbm38|Ppil2|Cstf1|Paxbp1|Wdr83|Srsf6|Iws1|Srrm2|Snip1|Pus7|Srsf1|Rbm39|Cdc73|Patl1|Atxn2l|Dkc1|Snrnp200,-1.1
hits,Reactome Gene Sets,6,R-MMU-163685,Integration of energy metabolism,,-2.6,3.8,3.9,21160,70,555,7,1.3,0.47,14697|14701|16440|20525|50790|66066|238076,Gnb5|Gng12|Itpr3|Slc2a1|Acsl4|Gng11|Kcns3,-1.1
hits,GO Biological Processes,19,GO:0046883,regulation of hormone secretion,19_GO:0051179 localization,-2.6,2.1,3.3,21160,350,555,19,3.4,0.77,11607|12015|12161|12894|12952|14182|14645|16443|17886|18555|18754|20866|50790|56708|64384|74551|75770|228355|384783,Agtr1a|Bad|Bmp6|Cpt1a|Cry1|Fgfr1|Glul|Itsn1|Myh9|Cdk16|Prkce|Stim1|Acsl4|Clcf1|Sirt3|Pck2|Brsk2|Madd|Irs2,-1.1
hits,GO Biological Processes,19,GO:0009416,response to light stimulus,19_GO:0050896 response to stimulus,-2.6,2.1,3.3,21160,350,555,19,3.4,0.77,12952|13194|14697|18708|19893|20356|20822|20869|20893|22059|22142|22592|22632|24013|26419|63958|69807|76123|320234,Cry1|Ddb1|Gnb5|Pik3r1|Rpgr|Sema5a|Ro60|Stk11|Bhlhe40|Trp53|Tuba1a|Ercc5|Yy1|Grk1|Mapk8|Ube4b|Trim32|Gpsm2|Ccdc66,-1.1
hits,GO Biological Processes,19,GO:0021537,telencephalon development,19_GO:0032502 developmental process,-2.6,2.1,3.3,21160,324,555,18,3.2,0.75,13844|13845|13865|14182|15182|15270|18032|18846|19211|20315|20525|22142|77040|77053|102774|216850|223697|225523,Ephb2|Ephb3|Nr2f1|Fgfr1|Hdac2|H2ax|Nfix|Plxna3|Pten|Cxcl12|Slc2a1|Tuba1a|Atg16l1|Sun1|Bbs4|Kdm6b|Sun2|Cep120,-1.1
hits,GO Biological Processes,19,GO:0035148,tube formation,19_GO:0032502 developmental process,-2.6,2.6,3.5,21160,176,555,12,2.2,0.62,14368|16911|17684|21803|21817|27428|67836|74143|102774|105278|216274|234366,Fzd6|Lmo4|Cited2|Tgfb1|Tgm2|Shroom3|Wdr83|Opa1|Bbs4|Cdk20|Cep290|Gatad2a,-1.1
hits,GO Biological Processes,19,GO:2001243,negative regulation of intrinsic apoptotic signaling pathway,19_GO:0048519 negative regulation of biological process,-2.6,3.1,3.7,21160,110,555,9,1.6,0.54,12505|14694|15182|20315|69807|74126|74143|109815|268373,Cd44|Rack1|Hdac2|Cxcl12|Trim32|Syvn1|Opa1|Selenos|Ppia,-1.1
hits,GO Biological Processes,19,GO:0071501,cellular response to sterol depletion,19_GO:0050896 response to stimulus,-2.6,10,5.1,21160,11,555,3,0.54,0.31,13666|229317|244373,Eif2ak3|Eif2a|Erlin2,-1.1
hits,GO Biological Processes,19,GO:0090160,Golgi to lysosome transport,19_GO:0051179 localization,-2.6,10,5.1,21160,11,555,3,0.54,0.31,11765|16783|231580,Ap1g1|Lamp1|Gak,-1.1
hits,GO Biological Processes,19,GO:0042118,endothelial cell activation,19_GO:0032501 multicellular organismal process,-2.6,10,5.1,21160,11,555,3,0.54,0.31,21413|69068|268373,Tcf4|Tcim|Ppia,-1.1
hits,GO Biological Processes,19,GO:0001952,regulation of cell-matrix adhesion,19_GO:0050789 regulation of biological process,-2.6,2.9,3.6,21160,132,555,10,1.8,0.56,11465|16202|16449|17886|17926|18708|19211|20194|110829|208177,Actg1|Ilk|Jag1|Myh9|Myoc|Pik3r1|Pten|S100a10|Lims1|Phldb2,-1.1
hits,GO Biological Processes,19,GO:0034763,negative regulation of transmembrane transport,19_GO:0051179 localization,-2.6,2.9,3.6,21160,132,555,10,1.8,0.56,13844|14697|14873|18754|19062|21803|30948|58799|83814|384783,Ephb2|Gnb5|Gsto1|Prkce|Inpp5k|Tgfb1|Bin1|Crbn|Nedd4l|Irs2,-1.1
hits,GO Biological Processes,19,GO:0033209,tumor necrosis factor-mediated signaling pathway,19_GO:0050896 response to stimulus,-2.6,4.3,4,21160,53,555,6,1.1,0.44,14694|16202|22059|60595|66626|110829,Rack1|Ilk|Trp53|Actn4|Cdip1|Lims1,-1.1
hits,Reactome Gene Sets,6,R-MMU-6807505,RNA polymerase II transcribes snRNA genes,,-2.6,3.8,3.8,21160,71,555,7,1.3,0.47,20020|20021|66420|69882|83602|231329|245841,Polr2a|Polr2c|Polr2e|Ints14|Gtf2a1|Polr2b|Polr2h,-1.1
hits,Reactome Gene Sets,6,R-MMU-166520,Signaling by NTRKs,,-2.6,3.8,3.8,21160,71,555,7,1.3,0.47,15461|18550|18708|18709|19053|77480|384783,Hras|Furin|Pik3r1|Pik3r2|Ppp2cb|Kidins220|Irs2,-1.1
hits,GO Biological Processes,19,GO:0009117,nucleotide metabolic process,19_GO:0009987 cellular process,-2.6,1.9,3.2,21160,433,555,22,4,0.83,11513|11636|11966|12015|14261|14751|15277|17448|20928|21803|22169|23918|55936|56045|56421|60596|66091|66925|68106|74143|74551|242202,Adcy7|Ak1|Atp6v1b2|Bad|Fmo1|Gpi1|Hk2|Mdh2|Abcc9|Tgfb1|Cmpk2|Impdh2|Ctps2|Samhd1|Pfkp|Gucy1a1|Ndufa3|Sdhd|Nt5c3b|Opa1|Pck2|Pde5a,-1.1
hits,Reactome Gene Sets,6,R-MMU-68886,M Phase,,-2.6,2,3.3,21160,379,555,20,3.6,0.79,13006|15270|16563|19053|19175|19386|22142|22143|53598|56086|56430|64898|67181|68024|70247|77891|170791|216274|226849|227613,Smc3|H2ax|Kif2a|Ppp2cb|Psmb6|Ranbp2|Tuba1a|Tuba1b|Dctn3|Set|Clip1|Lpin2|Ctdnep1|H2bc4|Psmd1|Ube2s|Rbm39|Cep290|Ppp2r5a|Tubb4b,-1.1
hits,GO Biological Processes,19,GO:0009199,ribonucleoside triphosphate metabolic process,19_GO:0009987 cellular process,-2.6,2.5,3.4,21160,201,555,13,2.3,0.64,11636|11966|12015|14751|15277|20928|21803|23918|55936|56421|66091|66925|74143,Ak1|Atp6v1b2|Bad|Gpi1|Hk2|Abcc9|Tgfb1|Impdh2|Ctps2|Pfkp|Ndufa3|Sdhd|Opa1,-1.1
hits,GO Biological Processes,19,GO:0060070,canonical Wnt signaling pathway,19_GO:0050896 response to stimulus,-2.6,3.1,3.6,21160,111,555,9,1.6,0.54,14368|14369|16600|19211|21803|57265|67181|72135|271457,Fzd6|Fzd7|Klf4|Pten|Tgfb1|Fzd2|Ctdnep1|Pygo1|Rab5a,-1.1
hits,Reactome Gene Sets,6,R-MMU-3858494,Beta-catenin independent WNT signaling,,-2.6,3.1,3.6,21160,111,555,9,1.6,0.54,14368|14369|14697|14701|18588|19175|57265|66066|70247,Fzd6|Fzd7|Gnb5|Gng12|Pde6g|Psmb6|Fzd2|Gng11|Psmd1,-1.1
hits,GO Biological Processes,19,GO:0005975,carbohydrate metabolic process,19_GO:0009987 cellular process,-2.6,1.9,3.2,21160,434,555,22,4,0.83,12015|12894|12952|14376|14595|14751|14873|15277|17448|18708|22059|26879|27357|56421|57436|59031|64652|68038|74551|77590|218271|227619,Bad|Cpt1a|Cry1|Ganab|B4galt1|Gpi1|Gsto1|Hk2|Mdh2|Pik3r1|Trp53|B3galnt1|Gyg1|Pfkp|Gabarapl1|Chst12|Nisch|Chid1|Pck2|Chst15|B4galt7|Man1b1,-1
hits,GO Biological Processes,19,GO:0019827,stem cell population maintenance,19_GO:0032502 developmental process,-2.6,2.7,3.5,21160,155,555,11,2,0.59,13006|14182|14369|16449|16600|18032|26419|68975|74203|214498|268996,Smc3|Fgfr1|Fzd7|Jag1|Klf4|Nfix|Mapk8|Med27|Eif4enif1|Cdc73|Ss18,-1
hits,Reactome Gene Sets,6,R-MMU-391251,Protein folding,,-2.6,5.2,4.1,21160,37,555,5,0.9,0.4,12461|12464|14697|14701|66066,Cct2|Cct4|Gnb5|Gng12|Gng11,-1
hits,Reactome Gene Sets,6,R-MMU-1433557,Signaling by SCF-KIT,,-2.6,5.2,4.1,21160,37,555,5,0.9,0.4,15461|18708|18709|20851|22612,Hras|Pik3r1|Pik3r2|Stat5b|Yes1,-1
hits,GO Biological Processes,19,GO:0001953,negative regulation of cell-matrix adhesion,19_GO:0048519 negative regulation of biological process,-2.6,5.2,4.1,21160,37,555,5,0.9,0.4,16449|17926|18708|19211|208177,Jag1|Myoc|Pik3r1|Pten|Phldb2,-1
hits,Reactome Gene Sets,6,R-MMU-390466,Chaperonin-mediated protein folding,,-2.6,5.2,4.1,21160,37,555,5,0.9,0.4,12461|12464|14697|14701|66066,Cct2|Cct4|Gnb5|Gng12|Gng11,-1
hits,GO Biological Processes,19,GO:0007007,inner mitochondrial membrane organization,19_GO:0009987 cellular process,-2.6,5.2,4.1,21160,37,555,5,0.9,0.4,66098|66821|68099|74143|76614,Chchd6|Bcs1l|Cibar1|Opa1|Immt,-1
hits,GO Biological Processes,19,GO:0048193,Golgi vesicle transport,19_GO:0051179 localization,-2.6,2.2,3.3,21160,276,555,16,2.9,0.71,11765|16783|20334|20742|54160|56187|56389|68861|70297|77254|77371|77929|109181|231580|231834|260302,Ap1g1|Lamp1|Sec23a|Sptbn1|Copg2|Rabggta|Stx5a|Dipk2a|Gcc2|Yif1b|Sec24a|Yipf6|Trip11|Gak|Snx8|Gga3,-1
hits,GO Biological Processes,19,GO:0009144,purine nucleoside triphosphate metabolic process,19_GO:0009987 cellular process,-2.6,2.5,3.4,21160,202,555,13,2.3,0.64,11636|11966|12015|14751|15277|20928|21803|23918|56045|56421|66091|66925|74143,Ak1|Atp6v1b2|Bad|Gpi1|Hk2|Abcc9|Tgfb1|Impdh2|Samhd1|Pfkp|Ndufa3|Sdhd|Opa1,-1
hits,Reactome Gene Sets,6,R-MMU-68882,Mitotic Anaphase,,-2.6,2.5,3.4,21160,202,555,13,2.3,0.64,13006|16563|19053|19175|19386|22142|22143|56430|70247|77891|170791|226849|227613,Smc3|Kif2a|Ppp2cb|Psmb6|Ranbp2|Tuba1a|Tuba1b|Clip1|Psmd1|Ube2s|Rbm39|Ppp2r5a|Tubb4b,-1
hits,GO Biological Processes,19,GO:0046887,positive regulation of hormone secretion,19_GO:0051179 localization,-2.6,2.5,3.4,21160,202,555,13,2.3,0.64,12015|12161|14182|14645|16443|17886|18754|20866|50790|56708|64384|74551|384783,Bad|Bmp6|Fgfr1|Glul|Itsn1|Myh9|Prkce|Stim1|Acsl4|Clcf1|Sirt3|Pck2|Irs2,-1
hits,GO Biological Processes,19,GO:0000209,protein polyubiquitination,19_GO:0009987 cellular process,-2.6,2.3,3.3,21160,251,555,15,2.7,0.69,12400|22670|63958|66053|66498|67118|69807|74126|77891|83814|103737|106021|223455|224170|272359,Cbfb|Trim26|Ube4b|Ppil2|Dda1|Bfar|Trim32|Syvn1|Ube2s|Nedd4l|Pex12|Topors|Marchf6|Dzip3|Irf2bp1,-1
hits,GO Biological Processes,19,GO:0006753,nucleoside phosphate metabolic process,19_GO:0009987 cellular process,-2.6,1.8,3.2,21160,575,555,27,4.9,0.91,11513|11636|11966|12015|12496|13350|13382|14261|14751|15277|17448|20928|21803|22169|23918|50790|52538|55936|56045|56421|60596|66091|66925|68106|74143|74551|242202,Adcy7|Ak1|Atp6v1b2|Bad|Entpd2|Dgat1|Dld|Fmo1|Gpi1|Hk2|Mdh2|Abcc9|Tgfb1|Cmpk2|Impdh2|Acsl4|Acaa2|Ctps2|Samhd1|Pfkp|Gucy1a1|Ndufa3|Sdhd|Nt5c3b|Opa1|Pck2|Pde5a,-1
hits,GO Biological Processes,19,GO:0030336,negative regulation of cell migration,19_GO:0040011 locomotion,-2.6,2.1,3.3,21160,328,555,18,3.2,0.75,13805|15182|16202|16449|16600|17684|17886|18709|19091|19211|20315|21803|23938|64652|77125|94246|192662|208177,Eng|Hdac2|Ilk|Jag1|Klf4|Cited2|Myh9|Pik3r2|Prkg1|Pten|Cxcl12|Tgfb1|Map2k5|Nisch|Il33|Arid4b|Arhgdia|Phldb2,-1
hits,GO Biological Processes,19,GO:1904035,regulation of epithelial cell apoptotic process,19_GO:0050789 regulation of biological process,-2.6,3.7,3.8,21160,72,555,7,1.3,0.47,12015|12576|16000|21841|67996|69807|110829,Bad|Cdkn1b|Igf1|Tia1|Srsf6|Trim32|Lims1,-1
hits,GO Biological Processes,19,GO:0034249,negative regulation of amide metabolic process,19_GO:0048519 negative regulation of biological process,-2.6,6.6,4.4,21160,23,555,4,0.72,0.36,16000|20168|30948|260302,Igf1|Rtn3|Bin1|Gga3,-1
hits,GO Biological Processes,19,GO:0019432,triglyceride biosynthetic process,19_GO:0009987 cellular process,-2.6,6.6,4.4,21160,23,555,4,0.72,0.36,13350|50790|64898|74551,Dgat1|Acsl4|Lpin2|Pck2,-1
hits,GO Biological Processes,19,GO:0009299,mRNA transcription,19_GO:0009987 cellular process,-2.6,4.2,3.9,21160,54,555,6,1.1,0.44,12306|13819|17978|20182|20194|22059,Anxa2|Epas1|Ncoa2|Rxrb|S100a10|Trp53,-1
hits,GO Biological Processes,19,GO:0045773,positive regulation of axon extension,19_GO:0040007 growth,-2.6,4.2,3.9,21160,54,555,6,1.1,0.44,13169|14567|16202|18208|20315|20356,Dbnl|Gdi1|Ilk|Ntn1|Cxcl12|Sema5a,-1
hits,Reactome Gene Sets,6,R-MMU-2555396,Mitotic Metaphase and Anaphase,,-2.5,2.4,3.4,21160,203,555,13,2.3,0.64,13006|16563|19053|19175|19386|22142|22143|56430|70247|77891|170791|226849|227613,Smc3|Kif2a|Ppp2cb|Psmb6|Ranbp2|Tuba1a|Tuba1b|Clip1|Psmd1|Ube2s|Rbm39|Ppp2r5a|Tubb4b,-1
hits,GO Biological Processes,19,GO:0051656,establishment of organelle localization,19_GO:0051179 localization,-2.5,1.9,3.2,21160,437,555,22,4,0.83,17281|17886|18208|18763|20619|20910|22142|53413|54160|60595|68861|75620|76123|77053|109181|109359|110380|223697|225523|228355|230872|233489,Fyco1|Myh9|Ntn1|Pkd1|Snap23|Stxbp1|Tuba1a|Exoc7|Copg2|Actn4|Dipk2a|Kxd1|Gpsm2|Sun1|Trip11|Abraxas2|Shroom2|Sun2|Cep120|Madd|Crocc|Picalm,-1
hits,GO Biological Processes,19,GO:0010827,regulation of D-glucose transmembrane transport,19_GO:0051179 localization,-2.5,3.3,3.7,21160,92,555,8,1.4,0.51,11636|11754|15277|16000|19062|20411|22612|384783,Ak1|Aoc3|Hk2|Igf1|Inpp5k|Sorbs1|Yes1|Irs2,-1
hits,KEGG Pathway,24,mmu05169,Epstein-Barr virus infection - Mus musculus (house mouse),,-2.5,2.3,3.3,21160,228,555,14,2.5,0.67,12010|12505|12567|12576|15015|15039|15182|18708|18709|22059|26419|54721|70247|266632,B2m|Cd44|Cdk4|Cdkn1b|H2-Q4|H2-T22|Hdac2|Pik3r1|Pik3r2|Trp53|Mapk8|Tyk2|Psmd1|Irak4,-1
hits,GO Biological Processes,19,GO:0009611,response to wounding,19_GO:0050896 response to stimulus,-2.5,1.9,3.2,21160,465,555,23,4.1,0.85,12496|12505|13805|14368|14369|14595|14726|16000|16440|16779|17886|18032|18810|20655|20910|21803|21824|57875|67836|71436|77125|238505|268373,Entpd2|Cd44|Eng|Fzd6|Fzd7|B4galt1|Pdpn|Igf1|Itpr3|Lamb2|Myh9|Nfix|Plec|Sod1|Stxbp1|Tgfb1|Thbd|Angptl4|Wdr83|Flrt3|Il33|Mtr|Ppia,-1
hits,GO Biological Processes,19,GO:0045926,negative regulation of growth,19_GO:0040007 growth,-2.5,2.3,3.3,21160,253,555,15,2.7,0.69,12576|14694|15182|17684|18208|18846|19211|20356|20869|21803|22059|22241|22632|56401|70834,Cdkn1b|Rack1|Hdac2|Cited2|Ntn1|Plxna3|Pten|Sema5a|Stk11|Tgfb1|Trp53|Ulk1|Yy1|P3h1|Spag9,-1
hits,GO Biological Processes,19,GO:0090277,positive regulation of peptide hormone secretion,19_GO:0051179 localization,-2.5,2.7,3.4,21160,157,555,11,2,0.59,12015|14645|16443|17886|18754|20866|50790|56708|64384|74551|384783,Bad|Glul|Itsn1|Myh9|Prkce|Stim1|Acsl4|Clcf1|Sirt3|Pck2|Irs2,-1
hits,GO Biological Processes,19,GO:0062013,positive regulation of small molecule metabolic process,19_GO:0048518 positive regulation of biological process,-2.5,2.4,3.4,21160,204,555,13,2.3,0.64,12161|12894|12952|13194|13350|16000|17886|18754|18799|19228|20411|20869|384783,Bmp6|Cpt1a|Cry1|Ddb1|Dgat1|Igf1|Myh9|Prkce|Plcd1|Pth1r|Sorbs1|Stk11|Irs2,-1
hits,GO Biological Processes,19,GO:0000302,response to reactive oxygen species,19_GO:0050896 response to stimulus,-2.5,2.4,3.4,21160,204,555,13,2.3,0.64,11671|15182|16600|18596|19053|20655|20657|20928|22059|26419|56338|103737|216850,Aldh3a2|Hdac2|Klf4|Pdgfrb|Ppp2cb|Sod1|Sod3|Abcc9|Trp53|Mapk8|Txnip|Pex12|Kdm6b,-1
hits,Reactome Gene Sets,6,R-MMU-983170,"Antigen Presentation: Folding, assembly and peptide loading of class I MHC",,-2.5,5,4.1,21160,38,555,5,0.9,0.4,12010|15015|15039|20334|77371,B2m|H2-Q4|H2-T22|Sec23a|Sec24a,-1
hits,Reactome Gene Sets,6,R-MMU-9035034,RHOF GTPase cycle,,-2.5,5,4.1,21160,38,555,5,0.9,0.4,11465|18708|18709|20619|27360,Actg1|Pik3r1|Pik3r2|Snap23|Add3,-1
hits,GO Biological Processes,19,GO:0046460,neutral lipid biosynthetic process,19_GO:0009987 cellular process,-2.5,5,4.1,21160,38,555,5,0.9,0.4,13350|50790|64898|74055|74551,Dgat1|Acsl4|Lpin2|Plce1|Pck2,-1
hits,GO Biological Processes,19,GO:0046463,acylglycerol biosynthetic process,19_GO:0009987 cellular process,-2.5,5,4.1,21160,38,555,5,0.9,0.4,13350|50790|64898|74055|74551,Dgat1|Acsl4|Lpin2|Plce1|Pck2,-1
hits,GO Biological Processes,19,GO:0001655,urogenital system development,19_GO:0032502 developmental process,-2.5,3.7,3.7,21160,73,555,7,1.3,0.47,12505|12576|13844|13845|16000|19211|20869,Cd44|Cdkn1b|Ephb2|Ephb3|Igf1|Pten|Stk11,-1
hits,Reactome Gene Sets,6,R-MMU-1483255,PI Metabolism,,-2.5,3.7,3.7,21160,73,555,7,1.3,0.47,18708|18709|19062|19211|75669|240752|271457,Pik3r1|Pik3r2|Inpp5k|Pten|Pik3r4|Pik3c2b|Rab5a,-1
hits,GO Biological Processes,19,GO:2001244,positive regulation of intrinsic apoptotic signaling pathway,19_GO:0048518 positive regulation of biological process,-2.5,3.7,3.7,21160,73,555,7,1.3,0.47,12015|13666|14694|18952|20655|22059|216805,Bad|Eif2ak3|Rack1|Septin4|Sod1|Trp53|Flcn,-1
hits,KEGG Pathway,24,mmu05208,Chemical carcinogenesis - reactive oxygen species - Mus musculus (house mouse),,-2.5,2.3,3.3,21160,229,555,14,2.5,0.67,12015|12408|14873|15461|18708|18709|19211|20463|20655|26419|66091|66925|84682|333182,Bad|Cbr1|Gsto1|Hras|Pik3r1|Pik3r2|Pten|Cox7a2l|Sod1|Mapk8|Ndufa3|Sdhd|Cox4i2|Cox6b2,-1
hits,GO Biological Processes,19,GO:0006457,protein folding,19_GO:0009987 cellular process,-2.5,2.5,3.4,21160,181,555,12,2.2,0.62,12010|12461|12464|15516|19038|19386|52653|56401|63958|66053|67072|268373,B2m|Cct2|Cct4|Hsp90ab1|Ppic|Ranbp2|Nudcd2|P3h1|Ube4b|Ppil2|Cdc37l1|Ppia,-1
hits,GO Biological Processes,19,GO:0045665,negative regulation of neuron differentiation,19_GO:0048519 negative regulation of biological process,-2.5,3.3,3.6,21160,93,555,8,1.4,0.51,12010|14561|16449|27354|56392|70834|74203|243937,B2m|Gdf11|Jag1|Nbn|Shoc2|Spag9|Eif4enif1|Zfp536,-1
hits,Reactome Gene Sets,6,R-MMU-1234174,Cellular response to hypoxia,,-2.5,4.2,3.9,21160,55,555,6,1.1,0.44,13819|17684|19175|53417|70247|112407,Epas1|Cited2|Psmb6|Hif3a|Psmd1|Egln3,-1
hits,KEGG Pathway,24,mmu04218,Cellular senescence - Mus musculus (house mouse),,-2.5,2.5,3.4,21160,182,555,12,2.2,0.62,12567|15015|15039|15461|16440|18708|18709|19211|21803|22059|27354|231506,Cdk4|H2-Q4|H2-T22|Hras|Itpr3|Pik3r1|Pik3r2|Pten|Tgfb1|Trp53|Nbn|Lin54,-1
hits,GO Biological Processes,19,GO:0051235,maintenance of location,19_GO:0051179 localization,-2.5,2.5,3.4,21160,182,555,12,2.2,0.62,12952|13350|15277|20851|26936|72961|76123|77053|102774|106021|223697|268977,Cry1|Dgat1|Hk2|Stat5b|Mprip|Slc17a7|Gpsm2|Sun1|Bbs4|Topors|Sun2|Ltbp1,-1
hits,Reactome Gene Sets,6,R-MMU-5617833,Cilium Assembly,,-2.5,2.5,3.4,21160,182,555,12,2.2,0.62,18763|22142|22143|53413|53598|102774|109181|216274|217935|227613|232944|238799,Pkd1|Tuba1a|Tuba1b|Exoc7|Dctn3|Bbs4|Trip11|Cep290|Dync2i1|Tubb4b|Mark4|Tnpo1,-1
hits,GO Biological Processes,19,GO:0010656,negative regulation of muscle cell apoptotic process,19_GO:0048519 negative regulation of biological process,-2.5,3.6,3.7,21160,74,555,7,1.3,0.47,11607|16000|16202|18708|23938|68861|106628,Agtr1a|Igf1|Ilk|Pik3r1|Map2k5|Dipk2a|Trip10,-0.99
hits,GO Biological Processes,19,GO:0045930,negative regulation of mitotic cell cycle,19_GO:0048519 negative regulation of biological process,-2.5,2.3,3.3,21160,231,555,14,2.5,0.67,12576|16600|19211|20184|22059|26992|27354|56190|56371|56710|68077|75770|214498|330177,Cdkn1b|Klf4|Pten|Uimc1|Trp53|Brd7|Nbn|Rbm38|Fzr1|Brinp1|Nop53|Brsk2|Cdc73|Taok3,-0.99
hits,WikiPathways,27,WP10,IL 9 signaling pathway,,-2.5,6.4,4.3,21160,24,555,4,0.72,0.36,18708|20851|54721|384783,Pik3r1|Stat5b|Tyk2|Irs2,-0.99
hits,GO Biological Processes,19,GO:0046579,positive regulation of Ras protein signal transduction,19_GO:0048518 positive regulation of biological process,-2.5,6.4,4.3,21160,24,555,4,0.72,0.36,15461|16000|56392|233489,Hras|Igf1|Shoc2|Picalm,-0.99
hits,GO Biological Processes,19,GO:0043482,cellular pigment accumulation,19_GO:0043473 pigmentation,-2.5,9.5,4.9,21160,12,555,3,0.54,0.31,11765|27428|110380,Ap1g1|Shroom3|Shroom2,-0.99
hits,GO Biological Processes,19,GO:2000009,negative regulation of protein localization to cell surface,19_GO:0051179 localization,-2.5,9.5,4.9,21160,12,555,3,0.54,0.31,20620|83814|233489,Plk2|Nedd4l|Picalm,-0.99
hits,GO Biological Processes,19,GO:0070203,regulation of establishment of protein localization to telomere,19_GO:0051179 localization,-2.5,9.5,4.9,21160,12,555,3,0.54,0.31,12461|12464|245474,Cct2|Cct4|Dkc1,-0.99
hits,Reactome Gene Sets,6,R-MMU-9845614,Sphingolipid catabolism,,-2.5,9.5,4.9,21160,12,555,3,0.54,0.31,11671|20397|50784,Aldh3a2|Sgpl1|Plpp2,-0.99
hits,Reactome Gene Sets,6,R-MMU-4419969,Depolymerization of the Nuclear Lamina,,-2.5,9.5,4.9,21160,12,555,3,0.54,0.31,64898|67181|170791,Lpin2|Ctdnep1|Rbm39,-0.99
hits,Reactome Gene Sets,6,R-MMU-114608,Platelet degranulation,,-2.5,3,3.5,21160,115,555,9,1.6,0.54,11465|12527|16000|20655|21803|60595|67072|68038|268936,Actg1|Cd9|Igf1|Sod1|Tgfb1|Actn4|Cdc37l1|Chid1|Brpf3,-0.99
hits,GO Biological Processes,19,GO:0032231,regulation of actin filament bundle assembly,19_GO:0050789 regulation of biological process,-2.5,3,3.5,21160,115,555,9,1.6,0.54,11465|17926|18708|18709|19062|20194|20410|102774|208177,Actg1|Myoc|Pik3r1|Pik3r2|Inpp5k|S100a10|Sorbs3|Bbs4|Phldb2,-0.99
hits,GO Biological Processes,19,GO:0022618,protein-RNA complex assembly,19_GO:0009987 cellular process,-2.5,2.5,3.3,21160,183,555,12,2.2,0.62,15516|19134|21357|54709|66085|67996|68077|110809|110816|218629|245474|320632,Hsp90ab1|Prpf4b|Tarbp2|Eif3i|Eif3f|Srsf6|Nop53|Srsf1|Pwp2|Dhx29|Dkc1|Snrnp200,-0.99
hits,GO Biological Processes,19,GO:0009267,cellular response to starvation,19_GO:0050896 response to stimulus,-2.5,2.4,3.3,21160,207,555,13,2.3,0.64,13666|14645|20525|22059|22241|26419|57436|57875|69807|75669|170574|216805|240752,Eif2ak3|Glul|Slc2a1|Trp53|Ulk1|Mapk8|Gabarapl1|Angptl4|Trim32|Pik3r4|Sp7|Flcn|Pik3c2b,-0.99
hits,Reactome Gene Sets,6,R-MMU-9696264,RND3 GTPase cycle,,-2.5,4.9,4,21160,39,555,5,0.9,0.4,18708|18709|64652|170791|233489,Pik3r1|Pik3r2|Nisch|Rbm39|Picalm,-0.99
hits,Reactome Gene Sets,6,R-MMU-5674135,MAP2K and MAPK activation,,-2.5,4.9,4,21160,39,555,5,0.9,0.4,11465|15461|16706|67836|171463,Actg1|Hras|Ksr1|Wdr83|Il17rd,-0.99
hits,GO Biological Processes,19,GO:1902003,regulation of amyloid-beta formation,19_GO:0050789 regulation of biological process,-2.5,4.9,4,21160,39,555,5,0.9,0.4,16000|20168|30948|233489|260302,Igf1|Rtn3|Bin1|Picalm|Gga3,-0.99
hits,Reactome Gene Sets,6,R-MMU-2172127,DAP12 interactions,,-2.5,4.1,3.8,21160,56,555,6,1.1,0.44,12010|15015|15039|15461|18708|18709,B2m|H2-Q4|H2-T22|Hras|Pik3r1|Pik3r2,-0.99
hits,GO Biological Processes,19,GO:0072073,kidney epithelium development,19_GO:0032502 developmental process,-2.5,2.6,3.4,21160,160,555,11,2,0.59,12505|13003|14182|14561|16202|16449|16779|18763|21803|74533|269152,Cd44|Vcan|Fgfr1|Gdf11|Ilk|Jag1|Lamb2|Pkd1|Tgfb1|Gzf1|Kif26b,-0.99
hits,GO Biological Processes,19,GO:0010977,negative regulation of neuron projection development,19_GO:0048519 negative regulation of biological process,-2.5,2.6,3.4,21160,160,555,11,2,0.59,12010|13844|13865|14567|15182|18208|18846|19211|20356|22241|231580,B2m|Ephb2|Nr2f1|Gdi1|Hdac2|Ntn1|Plxna3|Pten|Sema5a|Ulk1|Gak,-0.99
hits,GO Biological Processes,19,GO:0022604,regulation of cell morphogenesis,19_GO:0032502 developmental process,-2.5,2.2,3.2,21160,283,555,16,2.9,0.71,12505|13169|13823|13844|14726|16202|17344|17886|19211|27428|66515|70834|74143|83814|192662|233489,Cd44|Dbnl|Epb41l3|Ephb2|Pdpn|Ilk|Pias2|Myh9|Pten|Shroom3|Cul7|Spag9|Opa1|Nedd4l|Arhgdia|Picalm,-0.98
hits,GO Biological Processes,19,GO:1990778,protein localization to cell periphery,19_GO:0051179 localization,-2.5,2.2,3.2,21160,283,555,16,2.9,0.71,12306|13823|14252|16202|19062|20194|20334|20619|20742|20910|56430|66053|76123|192786|231580|260302,Anxa2|Epb41l3|Flot2|Ilk|Inpp5k|S100a10|Sec23a|Snap23|Sptbn1|Stxbp1|Clip1|Ppil2|Gpsm2|Rapgef6|Gak|Gga3,-0.98
hits,GO Biological Processes,19,GO:0072594,establishment of protein localization to organelle,19_GO:0051179 localization,-2.5,2,3.2,21160,362,555,19,3.4,0.77,15277|16783|18634|18708|19386|22059|56338|66821|70297|71983|74203|75669|75751|77125|103737|110750|238799|260302|665155,Hk2|Lamp1|Pex7|Pik3r1|Ranbp2|Trp53|Txnip|Bcs1l|Gcc2|Tmco6|Eif4enif1|Pik3r4|Ipo4|Il33|Pex12|Cse1l|Tnpo1|Gga3|Srp54b,-0.98
hits,GO Biological Processes,19,GO:0048662,negative regulation of smooth muscle cell proliferation,19_GO:0048519 negative regulation of biological process,-2.5,3.6,3.6,21160,75,555,7,1.3,0.47,12576|16202|16600|18708|19091|19211|22059,Cdkn1b|Ilk|Klf4|Pik3r1|Prkg1|Pten|Trp53,-0.98
hits,GO Biological Processes,19,GO:0034766,negative regulation of monoatomic ion transmembrane transport,19_GO:0051179 localization,-2.5,3.2,3.5,21160,95,555,8,1.4,0.51,13844|14697|14873|18754|21803|30948|58799|83814,Ephb2|Gnb5|Gsto1|Prkce|Tgfb1|Bin1|Crbn|Nedd4l,-0.98
hits,GO Biological Processes,19,GO:0036503,ERAD pathway,19_GO:0050896 response to stimulus,-2.5,3.2,3.5,21160,95,555,8,1.4,0.51,13666|63958|74126|75770|109815|223455|227619|244373,Eif2ak3|Ube4b|Syvn1|Brsk2|Selenos|Marchf6|Man1b1|Erlin2,-0.98
hits,GO Biological Processes,19,GO:2000628,regulation of miRNA metabolic process,19_GO:0050789 regulation of biological process,-2.5,3.2,3.5,21160,95,555,8,1.4,0.51,13865|15182|15461|16549|16600|21803|22059|22632,Nr2f1|Hdac2|Hras|Khsrp|Klf4|Tgfb1|Trp53|Yy1,-0.98
hits,GO Biological Processes,19,GO:0072175,epithelial tube formation,19_GO:0032502 developmental process,-2.4,2.6,3.4,21160,161,555,11,2,0.59,14368|16911|17684|21803|27428|67836|74143|102774|105278|216274|234366,Fzd6|Lmo4|Cited2|Tgfb1|Shroom3|Wdr83|Opa1|Bbs4|Cdk20|Cep290|Gatad2a,-0.97
hits,GO Biological Processes,19,GO:0007009,plasma membrane organization,19_GO:0009987 cellular process,-2.4,2.6,3.4,21160,161,555,11,2,0.59,12527|13823|16202|17886|18810|19153|19211|20655|20742|30948|66616,Cd9|Epb41l3|Ilk|Myh9|Plec|Prx|Pten|Sod1|Sptbn1|Bin1|Snx9,-0.97
hits,GO Biological Processes,19,GO:0002793,positive regulation of peptide secretion,19_GO:0051179 localization,-2.4,2.6,3.4,21160,161,555,11,2,0.59,12015|14645|16443|17886|18754|20866|50790|56708|64384|74551|384783,Bad|Glul|Itsn1|Myh9|Prkce|Stim1|Acsl4|Clcf1|Sirt3|Pck2|Irs2,-0.97
hits,GO Biological Processes,19,GO:0010565,regulation of ketone metabolic process,19_GO:0050789 regulation of biological process,-2.4,2.6,3.4,21160,161,555,11,2,0.59,12161|12894|13350|13666|14261|18754|19091|50790|244373|320717|384783,Bmp6|Cpt1a|Dgat1|Eif2ak3|Fmo1|Prkce|Prkg1|Acsl4|Erlin2|Pptc7|Irs2,-0.97
hits,Reactome Gene Sets,6,R-MMU-195258,RHO GTPase Effectors,,-2.4,2.3,3.2,21160,234,555,14,2.5,0.67,11465|16563|17886|17978|19053|19386|22142|22143|56430|75669|76709|98932|226849|227613,Actg1|Kif2a|Myh9|Ncoa2|Ppp2cb|Ranbp2|Tuba1a|Tuba1b|Clip1|Pik3r4|Arpc2|Myl9|Ppp2r5a|Tubb4b,-0.96
hits,KEGG Pathway,24,mmu04371,Apelin signaling pathway - Mus musculus (house mouse),,-2.4,2.7,3.4,21160,139,555,10,1.8,0.56,11513|11607|14697|14701|15461|16440|16449|18754|66066|75669,Adcy7|Agtr1a|Gnb5|Gng12|Hras|Itpr3|Jag1|Prkce|Gng11|Pik3r4,-0.96
hits,Reactome Gene Sets,6,R-MMU-5620924,Intraflagellar transport,,-2.4,4,3.7,21160,57,555,6,1.1,0.44,22142|22143|109181|217935|227613|238799,Tuba1a|Tuba1b|Trip11|Dync2i1|Tubb4b|Tnpo1,-0.96
hits,KEGG Pathway,24,mmu04935,"Growth hormone synthesis, secretion and action - Mus musculus (house mouse)",,-2.4,2.9,3.4,21160,117,555,9,1.6,0.54,11513|15461|16000|16440|18708|18709|20851|26419|384783,Adcy7|Hras|Igf1|Itpr3|Pik3r1|Pik3r2|Stat5b|Mapk8|Irs2,-0.96
hits,Reactome Gene Sets,6,R-MMU-2500257,Resolution of Sister Chromatid Cohesion,,-2.4,2.9,3.4,21160,117,555,9,1.6,0.54,13006|16563|19053|19386|22142|22143|56430|226849|227613,Smc3|Kif2a|Ppp2cb|Ranbp2|Tuba1a|Tuba1b|Clip1|Ppp2r5a|Tubb4b,-0.96
hits,WikiPathways,27,WP339,ESC pluripotency pathways,,-2.4,2.9,3.4,21160,117,555,9,1.6,0.54,14182|14368|14369|15461|18596|18709|19211|23938|57265,Fgfr1|Fzd6|Fzd7|Hras|Pdgfrb|Pik3r2|Pten|Map2k5|Fzd2,-0.96
hits,KEGG Pathway,24,mmu04932,Non-alcoholic fatty liver disease - Mus musculus (house mouse),,-2.4,2.6,3.3,21160,162,555,11,2,0.59,13666|18708|18709|20463|21803|26419|66091|66925|84682|333182|384783,Eif2ak3|Pik3r1|Pik3r2|Cox7a2l|Tgfb1|Mapk8|Ndufa3|Sdhd|Cox4i2|Cox6b2|Irs2,-0.96
hits,Reactome Gene Sets,6,R-MMU-9696273,RND1 GTPase cycle,,-2.4,4.8,3.9,21160,40,555,5,0.9,0.4,11671|18708|18709|77480|170791,Aldh3a2|Pik3r1|Pik3r2|Kidins220|Rbm39,-0.96
hits,GO Biological Processes,19,GO:0006468,protein phosphorylation,19_GO:0009987 cellular process,-2.4,1.8,3.1,21160,503,555,24,4.3,0.86,12567|13400|13666|13844|13845|14182|16202|17346|18596|18708|18754|18763|19091|20620|20869|21803|22241|24013|24086|26419|75770|229317|232944|330177,Cdk4|Dmpk|Eif2ak3|Ephb2|Ephb3|Fgfr1|Ilk|Mknk1|Pdgfrb|Pik3r1|Prkce|Pkd1|Prkg1|Plk2|Stk11|Tgfb1|Ulk1|Grk1|Tlk2|Mapk8|Brsk2|Eif2a|Mark4|Taok3,-0.96
hits,KEGG Pathway,24,mmu05212,Pancreatic cancer - Mus musculus (house mouse),,-2.4,3.5,3.6,21160,76,555,7,1.3,0.47,12015|12567|18708|18709|21803|22059|26419,Bad|Cdk4|Pik3r1|Pik3r2|Tgfb1|Trp53|Mapk8,-0.96
hits,WikiPathways,27,WP450,IL 2 signaling pathway,,-2.4,3.5,3.6,21160,76,555,7,1.3,0.47,14694|17346|18708|18709|20851|26419|384783,Rack1|Mknk1|Pik3r1|Pik3r2|Stat5b|Mapk8|Irs2,-0.96
hits,GO Biological Processes,19,GO:0071214,cellular response to abiotic stimulus,19_GO:0050896 response to stimulus,-2.4,1.9,3.1,21160,392,555,20,3.6,0.79,12015|12161|13194|13805|14697|15270|15461|18708|18810|19211|19893|20525|20869|21803|22059|22632|24086|77125|192662|667742,Bad|Bmp6|Ddb1|Eng|Gnb5|H2ax|Hras|Pik3r1|Plec|Pten|Rpgr|Slc2a1|Stk11|Tgfb1|Trp53|Yy1|Tlk2|Il33|Arhgdia|Piezo2,-0.96
hits,GO Biological Processes,19,GO:0104004,cellular response to environmental stimulus,19_GO:0050896 response to stimulus,-2.4,1.9,3.1,21160,392,555,20,3.6,0.79,12015|12161|13194|13805|14697|15270|15461|18708|18810|19211|19893|20525|20869|21803|22059|22632|24086|77125|192662|667742,Bad|Bmp6|Ddb1|Eng|Gnb5|H2ax|Hras|Pik3r1|Plec|Pten|Rpgr|Slc2a1|Stk11|Tgfb1|Trp53|Yy1|Tlk2|Il33|Arhgdia|Piezo2,-0.96
hits,GO Biological Processes,19,GO:0034599,cellular response to oxidative stress,19_GO:0050896 response to stimulus,-2.4,2.3,3.2,21160,235,555,14,2.5,0.67,13010|15182|16600|18227|18596|20655|20657|22059|26419|76650|103737|109815|216850|268373,Cst3|Hdac2|Klf4|Nr4a2|Pdgfrb|Sod1|Sod3|Trp53|Mapk8|Srxn1|Pex12|Selenos|Kdm6b|Ppia,-0.95
hits,Reactome Gene Sets,6,R-MMU-8943724,Regulation of PTEN gene transcription,,-2.4,6.1,4.2,21160,25,555,4,0.72,0.36,15182|68877|216848|234366,Hdac2|Maf1|Chd3|Gatad2a,-0.95
hits,GO Biological Processes,19,GO:0055082,intracellular chemical homeostasis,19_GO:0042592 homeostatic process,-2.4,1.7,3,21160,619,555,28,5,0.93,11966|12010|12161|12562|13400|14299|14319|14645|14694|15277|16000|16783|18708|18709|18754|18799|19228|20655|20866|21803|21817|22059|66972|69668|74551|76614|233489|384783,Atp6v1b2|B2m|Bmp6|Cdh5|Dmpk|Ncs1|Fth1|Glul|Rack1|Hk2|Igf1|Lamp1|Pik3r1|Pik3r2|Prkce|Plcd1|Pth1r|Sod1|Stim1|Tgfb1|Tgm2|Trp53|Slc25a23|Ccdc115|Pck2|Immt|Picalm|Irs2,-0.95
hits,Reactome Gene Sets,6,R-MMU-5633007,Regulation of TP53 Activity,,-2.4,2.7,3.4,21160,140,555,10,1.8,0.56,15182|19053|20869|22059|26992|27354|67956|216848|234366|268936,Hdac2|Ppp2cb|Stk11|Trp53|Brd7|Nbn|Kmt5a|Chd3|Gatad2a|Brpf3,-0.95
hits,GO Biological Processes,19,GO:0048588,developmental cell growth,19_GO:0040007 growth,-2.4,2.7,3.4,21160,140,555,10,1.8,0.56,16779|18032|18846|19091|20356|20869|22241|27965|66225|71436,Lamb2|Nfix|Plxna3|Prkg1|Sema5a|Stk11|Ulk1|Spg21|Llph|Flrt3,-0.95
hits,GO Biological Processes,19,GO:0051146,striated muscle cell differentiation,19_GO:0032502 developmental process,-2.4,2.2,3.2,21160,261,555,15,2.7,0.69,11465|12527|12632|15182|16000|17886|18596|18810|19091|20182|20866|68794|70834|98932|216850,Actg1|Cd9|Cfl2|Hdac2|Igf1|Myh9|Pdgfrb|Plec|Prkg1|Rxrb|Stim1|Flnc|Spag9|Myl9|Kdm6b,-0.95
hits,Reactome Gene Sets,6,R-MMU-1852241,Organelle biogenesis and maintenance,,-2.4,2.3,3.2,21160,211,555,13,2.3,0.64,18763|22142|22143|53413|53598|64384|102774|109181|216274|217935|227613|232944|238799,Pkd1|Tuba1a|Tuba1b|Exoc7|Dctn3|Sirt3|Bbs4|Trip11|Cep290|Dync2i1|Tubb4b|Mark4|Tnpo1,-0.95
hits,GO Biological Processes,19,GO:0000910,cytokinesis,19_GO:0009987 cellular process,-2.4,2.9,3.4,21160,118,555,9,1.6,0.54,17886|18810|18952|20742|53413|53598|66515|66616|102774,Myh9|Plec|Septin4|Sptbn1|Exoc7|Dctn3|Cul7|Snx9|Bbs4,-0.95
hits,GO Biological Processes,19,GO:0062197,cellular response to chemical stress,19_GO:0050896 response to stimulus,-2.4,2.1,3.1,21160,313,555,17,3.1,0.73,13010|15182|16600|18227|18596|18810|20525|20655|20657|20928|22059|26419|76650|103737|109815|216850|268373,Cst3|Hdac2|Klf4|Nr4a2|Pdgfrb|Plec|Slc2a1|Sod1|Sod3|Abcc9|Trp53|Mapk8|Srxn1|Pex12|Selenos|Kdm6b|Ppia,-0.95
hits,GO Biological Processes,19,GO:0032273,positive regulation of protein polymerization,19_GO:0048518 positive regulation of biological process,-2.4,3.1,3.5,21160,97,555,8,1.4,0.51,12576|13494|18754|26419|30948|56430|66616|76709,Cdkn1b|Drg1|Prkce|Mapk8|Bin1|Clip1|Snx9|Arpc2,-0.94
hits,GO Biological Processes,19,GO:0050772,positive regulation of axonogenesis,19_GO:0032502 developmental process,-2.4,3.1,3.5,21160,97,555,8,1.4,0.51,13169|14567|16202|18208|20315|20356|20869|233489,Dbnl|Gdi1|Ilk|Ntn1|Cxcl12|Sema5a|Stk11|Picalm,-0.94
hits,GO Biological Processes,19,GO:0031113,regulation of microtubule polymerization,19_GO:0050789 regulation of biological process,-2.4,3.9,3.7,21160,58,555,6,1.1,0.44,12562|12576|13494|26419|56430|100732,Cdh5|Cdkn1b|Drg1|Mapk8|Clip1|Mapre3,-0.94
hits,GO Biological Processes,19,GO:0051336,regulation of hydrolase activity,19_GO:0065007 biological regulation,-2.4,1.7,3,21160,621,555,28,5,0.93,11607|12015|12505|13010|13666|13845|14694|14697|15461|16600|18550|19091|20194|20655|21817|24047|26569|30948|54208|57875|59009|66616|102774|110829|112407|170574|192786|227800,Agtr1a|Bad|Cd44|Cst3|Eif2ak3|Ephb3|Rack1|Gnb5|Hras|Klf4|Furin|Prkg1|S100a10|Sod1|Tgm2|Ccl19|Slc27a4|Bin1|Arl6ip1|Angptl4|Sh3rf1|Snx9|Bbs4|Lims1|Egln3|Sp7|Rapgef6|Rabgap1,-0.94
hits,GO Biological Processes,19,GO:0060041,retina development in camera-type eye,19_GO:0032502 developmental process,-2.4,2.3,3.2,21160,212,555,13,2.3,0.64,14561|16779|18032|18185|18596|19893|21803|23928|24013|102774|210992|216274|320736,Gdf11|Lamb2|Nfix|Nrl|Pdgfrb|Rpgr|Tgfb1|Lamc3|Grk1|Bbs4|Lpcat1|Cep290|Vstm4,-0.93
hits,KEGG Pathway,24,mmu05161,Hepatitis B - Mus musculus (house mouse),,-2.4,2.6,3.3,21160,164,555,11,2,0.59,12015|13194|15461|18708|18709|20851|21803|22059|26419|54721|266632,Bad|Ddb1|Hras|Pik3r1|Pik3r2|Stat5b|Tgfb1|Trp53|Mapk8|Tyk2|Irak4,-0.93
hits,GO Biological Processes,19,GO:0031333,negative regulation of protein-containing complex assembly,19_GO:0048519 negative regulation of biological process,-2.4,2.6,3.3,21160,164,555,11,2,0.59,12562|16911|20740|20742|20910|22241|27360|58799|68077|102774|327959,Cdh5|Lmo4|Sptan1|Sptbn1|Stxbp1|Ulk1|Add3|Crbn|Nop53|Bbs4|Xaf1,-0.93
hits,GO Biological Processes,19,GO:0046488,phosphatidylinositol metabolic process,19_GO:0009987 cellular process,-2.4,2.7,3.3,21160,141,555,10,1.8,0.56,18596|18708|18799|19062|19211|55981|67556|74055|75669|240752,Pdgfrb|Pik3r1|Plcd1|Inpp5k|Pten|Pigb|Pigm|Plce1|Pik3r4|Pik3c2b,-0.93
hits,GO Biological Processes,19,GO:0099111,microtubule-based transport,19_GO:0051179 localization,-2.4,2.3,3.2,21160,237,555,14,2.5,0.67,14252|16563|17281|19893|20655|22142|54160|75564|75620|77040|77053|217935|223697|228355,Flot2|Kif2a|Fyco1|Rpgr|Sod1|Tuba1a|Copg2|Rsph9|Kxd1|Atg16l1|Sun1|Dync2i1|Sun2|Madd,-0.93
hits,GO Biological Processes,19,GO:0042542,response to hydrogen peroxide,19_GO:0050896 response to stimulus,-2.4,2.9,3.4,21160,119,555,9,1.6,0.54,15182|16600|18596|19053|20655|20928|26419|56338|216850,Hdac2|Klf4|Pdgfrb|Ppp2cb|Sod1|Abcc9|Mapk8|Txnip|Kdm6b,-0.93
hits,Reactome Gene Sets,6,R-MMU-76005,Response to elevated platelet cytosolic Ca2+,,-2.4,2.9,3.4,21160,119,555,9,1.6,0.54,11465|12527|16000|20655|21803|60595|67072|68038|268936,Actg1|Cd9|Igf1|Sod1|Tgfb1|Actn4|Cdc37l1|Chid1|Brpf3,-0.93
hits,Reactome Gene Sets,6,R-MMU-5675221,Negative regulation of MAPK pathway,,-2.4,4.6,3.8,21160,41,555,5,0.9,0.4,15461|16706|19053|226849|240672,Hras|Ksr1|Ppp2cb|Ppp2r5a|Dusp5,-0.93
hits,GO Biological Processes,19,GO:1900026,positive regulation of substrate adhesion-dependent cell spreading,19_GO:0048518 positive regulation of biological process,-2.4,4.6,3.8,21160,41,555,5,0.9,0.4,16202|17926|20194|76709|110829,Ilk|Myoc|S100a10|Arpc2|Lims1,-0.93
hits,GO Biological Processes,19,GO:0007095,mitotic G2 DNA damage checkpoint signaling,19_GO:0048519 negative regulation of biological process,-2.4,4.6,3.8,21160,41,555,5,0.9,0.4,20184|27354|56371|68077|330177,Uimc1|Nbn|Fzr1|Nop53|Taok3,-0.93
hits,GO Biological Processes,19,GO:1905476,negative regulation of protein localization to membrane,19_GO:0051179 localization,-2.4,4.6,3.8,21160,41,555,5,0.9,0.4,14567|19062|21803|226849|233489,Gdi1|Inpp5k|Tgfb1|Ppp2r5a|Picalm,-0.93
hits,Reactome Gene Sets,6,R-MMU-109704,PI3K Cascade,,-2.4,4.6,3.8,21160,41,555,5,0.9,0.4,14182|18708|18709|75669|384783,Fgfr1|Pik3r1|Pik3r2|Pik3r4|Irs2,-0.93
hits,GO Biological Processes,19,GO:0050919,negative chemotaxis,19_GO:0040011 locomotion,-2.4,4.6,3.8,21160,41,555,5,0.9,0.4,18208|18846|20348|71436|399558,Ntn1|Plxna3|Sema3c|Flrt3|Flrt2,-0.93
hits,GO Biological Processes,19,GO:1990314,cellular response to insulin-like growth factor stimulus,19_GO:0050896 response to stimulus,-2.4,8.8,4.6,21160,13,555,3,0.54,0.31,16000|19211|21803,Igf1|Pten|Tgfb1,-0.93
hits,GO Biological Processes,19,GO:0006983,ER overload response,19_GO:0050896 response to stimulus,-2.4,8.8,4.6,21160,13,555,3,0.54,0.31,13666|22059|109815,Eif2ak3|Trp53|Selenos,-0.93
hits,Reactome Gene Sets,6,R-MMU-392154,Nitric oxide stimulates guanylate cyclase,,-2.4,8.8,4.6,21160,13,555,3,0.54,0.31,17540|19091|242202,Irag1|Prkg1|Pde5a,-0.93
hits,GO Biological Processes,19,GO:1904816,"positive regulation of protein localization to chromosome, telomeric region",19_GO:0051179 localization,-2.4,8.8,4.6,21160,13,555,3,0.54,0.31,12461|12464|245474,Cct2|Cct4|Dkc1,-0.93
hits,GO Biological Processes,19,GO:0043476,pigment accumulation,19_GO:0043473 pigmentation,-2.4,8.8,4.6,21160,13,555,3,0.54,0.31,11765|27428|110380,Ap1g1|Shroom3|Shroom2,-0.93
hits,GO Biological Processes,19,GO:0045136,development of secondary sexual characteristics,19_GO:0022414 reproductive process,-2.4,8.8,4.6,21160,13,555,3,0.54,0.31,14595|20851|21803,B4galt1|Stat5b|Tgfb1,-0.93
hits,GO Biological Processes,19,GO:0070202,regulation of establishment of protein localization to chromosome,19_GO:0051179 localization,-2.4,8.8,4.6,21160,13,555,3,0.54,0.31,12461|12464|245474,Cct2|Cct4|Dkc1,-0.93
hits,GO Biological Processes,19,GO:0006991,response to sterol depletion,19_GO:0050896 response to stimulus,-2.4,8.8,4.6,21160,13,555,3,0.54,0.31,13666|229317|244373,Eif2ak3|Eif2a|Erlin2,-0.93
hits,WikiPathways,27,WP723,Wnt signaling pathway and pluripotency,,-2.4,3.1,3.4,21160,98,555,8,1.4,0.51,12505|14368|14369|18754|19053|21413|22059|57265,Cd44|Fzd6|Fzd7|Prkce|Ppp2cb|Tcf4|Trp53|Fzd2,-0.93
hits,GO Biological Processes,19,GO:0006413,translational initiation,19_GO:0009987 cellular process,-2.4,3.4,3.5,21160,78,555,7,1.3,0.47,13664|54709|66085|66235|208643|218629|229317,Eif1a|Eif3i|Eif3f|Eif1ax|Eif4g1|Dhx29|Eif2a,-0.92
hits,Reactome Gene Sets,6,R-MMU-2132295,MHC class II antigen presentation,,-2.4,2.9,3.4,21160,120,555,9,1.6,0.54,11765|16563|20334|22142|22143|53598|77371|227613|269152,Ap1g1|Kif2a|Sec23a|Tuba1a|Tuba1b|Dctn3|Sec24a|Tubb4b|Kif26b,-0.92
hits,Reactome Gene Sets,6,R-MMU-187037,Signaling by NTRK1 (TRKA),,-2.4,3.9,3.6,21160,59,555,6,1.1,0.44,15461|18708|18709|19053|77480|384783,Hras|Pik3r1|Pik3r2|Ppp2cb|Kidins220|Irs2,-0.92
hits,Reactome Gene Sets,6,R-MMU-195721,Signaling by WNT,,-2.4,2.3,3.2,21160,214,555,13,2.3,0.64,14368|14369|14697|14701|18588|19053|19175|57265|66066|70247|72135|214498|226849,Fzd6|Fzd7|Gnb5|Gng12|Pde6g|Ppp2cb|Psmb6|Fzd2|Gng11|Psmd1|Pygo1|Cdc73|Ppp2r5a,-0.92
hits,GO Biological Processes,19,GO:0006007,glucose catabolic process,19_GO:0009987 cellular process,-2.4,5.9,4.1,21160,26,555,4,0.72,0.36,12015|14751|22059|56421,Bad|Gpi1|Trp53|Pfkp,-0.92
hits,GO Biological Processes,19,GO:0051457,maintenance of protein location in nucleus,19_GO:0051179 localization,-2.4,5.9,4.1,21160,26,555,4,0.72,0.36,77053|102774|106021|223697,Sun1|Bbs4|Topors|Sun2,-0.92
hits,GO Biological Processes,19,GO:2000146,negative regulation of cell motility,19_GO:0040011 locomotion,-2.3,2,3.1,21160,344,555,18,3.2,0.75,13805|15182|16202|16449|16600|17684|17886|18709|19091|19211|20315|21803|23938|64652|77125|94246|192662|208177,Eng|Hdac2|Ilk|Jag1|Klf4|Cited2|Myh9|Pik3r2|Prkg1|Pten|Cxcl12|Tgfb1|Map2k5|Nisch|Il33|Arid4b|Arhgdia|Phldb2,-0.91
hits,GO Biological Processes,19,GO:0043410,positive regulation of MAPK cascade,19_GO:0048518 positive regulation of biological process,-2.3,1.8,3,21160,539,555,25,4.5,0.88,12505|14182|14369|15461|16000|16012|16202|16706|17886|17926|18588|18596|18754|19211|20315|20410|20655|21803|24047|59009|70834|228355|242202|268373|330177,Cd44|Fgfr1|Fzd7|Hras|Igf1|Igfbp6|Ilk|Ksr1|Myh9|Myoc|Pde6g|Pdgfrb|Prkce|Pten|Cxcl12|Sorbs3|Sod1|Tgfb1|Ccl19|Sh3rf1|Spag9|Madd|Pde5a|Ppia|Taok3,-0.91
hits,GO Biological Processes,19,GO:1905037,autophagosome organization,19_GO:0009987 cellular process,-2.3,3.1,3.4,21160,99,555,8,1.4,0.51,22241|57436|69807|77040|80877|214063|235040|240752,Ulk1|Gabarapl1|Trim32|Atg16l1|Lrba|Dnajc16|Atg4d|Pik3c2b,-0.91
hits,Reactome Gene Sets,6,R-MMU-112399,IRS-mediated signalling,,-2.3,4.5,3.8,21160,42,555,5,0.9,0.4,14182|18708|18709|75669|384783,Fgfr1|Pik3r1|Pik3r2|Pik3r4|Irs2,-0.9
hits,GO Biological Processes,19,GO:0032206,positive regulation of telomere maintenance,19_GO:0048518 positive regulation of biological process,-2.3,3.4,3.5,21160,79,555,7,1.3,0.47,12461|12464|16600|22632|27354|69714|245474,Cct2|Cct4|Klf4|Yy1|Nbn|Tfpt|Dkc1,-0.9
hits,Reactome Gene Sets,6,R-MMU-6807070,PTEN Regulation,,-2.3,3.4,3.5,21160,79,555,7,1.3,0.47,15182|19175|19211|68877|70247|216848|234366,Hdac2|Psmb6|Pten|Maf1|Psmd1|Chd3|Gatad2a,-0.9
hits,GO Biological Processes,19,GO:0051147,regulation of muscle cell differentiation,19_GO:0032502 developmental process,-2.3,2.5,3.2,21160,167,555,11,2,0.59,13400|13805|14369|16000|16779|21357|21803|22632|56190|69807|106628,Dmpk|Eng|Fzd7|Igf1|Lamb2|Tarbp2|Tgfb1|Yy1|Rbm38|Trim32|Trip10,-0.9
hits,KEGG Pathway,24,mmu04270,Vascular smooth muscle contraction - Mus musculus (house mouse),,-2.3,2.6,3.3,21160,144,555,10,1.8,0.56,11513|11607|16440|17540|17886|18754|19091|60596|98932|109624,Adcy7|Agtr1a|Itpr3|Irag1|Myh9|Prkce|Prkg1|Gucy1a1|Myl9|Cald1,-0.89
hits,GO Biological Processes,19,GO:0043086,negative regulation of catalytic activity,19_GO:0065007 biological regulation,-2.3,1.8,3,21160,456,555,22,4,0.83,12505|12576|13010|13805|13844|15461|16600|18810|19062|19211|26569|30948|54208|57267|57875|59009|67605|78388|102774|226849|268373|384783,Cd44|Cdkn1b|Cst3|Eng|Ephb2|Hras|Klf4|Plec|Inpp5k|Pten|Slc27a4|Bin1|Arl6ip1|Apba3|Angptl4|Sh3rf1|Akt1s1|Mvp|Bbs4|Ppp2r5a|Ppia|Irs2,-0.89
hits,Reactome Gene Sets,6,R-MMU-373760,L1CAM interactions,,-2.3,3.8,3.6,21160,60,555,6,1.1,0.44,11465|14182|20742|22142|22143|227613,Actg1|Fgfr1|Sptbn1|Tuba1a|Tuba1b|Tubb4b,-0.89
hits,KEGG Pathway,24,mmu04730,Long-term depression - Mus musculus (house mouse),,-2.3,3.8,3.6,21160,60,555,6,1.1,0.44,15461|16000|16440|19053|19091|60596,Hras|Igf1|Itpr3|Ppp2cb|Prkg1|Gucy1a1,-0.89
hits,GO Biological Processes,19,GO:0048814,regulation of dendrite morphogenesis,19_GO:0032502 developmental process,-2.3,3.1,3.4,21160,100,555,8,1.4,0.51,13169|13844|16202|17344|20869|66515|74143|83814,Dbnl|Ephb2|Ilk|Pias2|Stk11|Cul7|Opa1|Nedd4l,-0.89
hits,GO Biological Processes,19,GO:0055086,nucleobase-containing small molecule metabolic process,19_GO:0009987 cellular process,-2.3,1.7,2.9,21160,600,555,27,4.9,0.91,11513|11636|11966|12015|12496|13350|13382|14261|14751|15277|17448|20928|21803|22169|23918|50790|52538|55936|56045|56421|60596|66091|66925|68106|74143|74551|242202,Adcy7|Ak1|Atp6v1b2|Bad|Entpd2|Dgat1|Dld|Fmo1|Gpi1|Hk2|Mdh2|Abcc9|Tgfb1|Cmpk2|Impdh2|Acsl4|Acaa2|Ctps2|Samhd1|Pfkp|Gucy1a1|Ndufa3|Sdhd|Nt5c3b|Opa1|Pck2|Pde5a,-0.89
hits,GO Biological Processes,19,GO:0071826,protein-RNA complex organization,19_GO:0009987 cellular process,-2.3,2.4,3.2,21160,192,555,12,2.2,0.62,15516|19134|21357|54709|66085|67996|68077|110809|110816|218629|245474|320632,Hsp90ab1|Prpf4b|Tarbp2|Eif3i|Eif3f|Srsf6|Nop53|Srsf1|Pwp2|Dhx29|Dkc1|Snrnp200,-0.88
hits,GO Biological Processes,19,GO:0120034,positive regulation of plasma membrane bounded cell projection assembly,19_GO:0048518 positive regulation of biological process,-2.3,2.8,3.3,21160,122,555,9,1.6,0.54,15461|18708|24047|74055|76709|102774|225523|230872|232944,Hras|Pik3r1|Ccl19|Plce1|Arpc2|Bbs4|Cep120|Crocc|Mark4,-0.88
hits,GO Biological Processes,19,GO:0032024,positive regulation of insulin secretion,19_GO:0051179 localization,-2.3,2.8,3.3,21160,122,555,9,1.6,0.54,12015|14645|17886|18754|20866|50790|64384|74551|384783,Bad|Glul|Myh9|Prkce|Stim1|Acsl4|Sirt3|Pck2|Irs2,-0.88
hits,GO Biological Processes,19,GO:0006898,receptor-mediated endocytosis,19_GO:0051179 localization,-2.3,2.5,3.2,21160,168,555,11,2,0.59,12505|12527|16443|22241|22359|66616|83814|231580|233489|241576|271457,Cd44|Cd9|Itsn1|Ulk1|Vldlr|Snx9|Nedd4l|Gak|Picalm|Ldlrad3|Rab5a,-0.88
hits,GO Biological Processes,19,GO:0006163,purine nucleotide metabolic process,19_GO:0009987 cellular process,-2.3,1.9,3,21160,374,555,19,3.4,0.77,11513|11636|11966|12015|14261|14751|15277|17448|20928|21803|23918|56045|56421|60596|66091|66925|74143|74551|242202,Adcy7|Ak1|Atp6v1b2|Bad|Fmo1|Gpi1|Hk2|Mdh2|Abcc9|Tgfb1|Impdh2|Samhd1|Pfkp|Gucy1a1|Ndufa3|Sdhd|Opa1|Pck2|Pde5a,-0.88
hits,GO Biological Processes,19,GO:1903047,mitotic cell cycle process,19_GO:0009987 cellular process,-2.3,1.8,2.9,21160,514,555,24,4.3,0.86,12567|12576|13006|16202|16563|18032|20184|20620|20742|22059|27354|53413|56190|56371|66515|66616|68077|71678|75770|76123|77891|102774|109359|330177,Cdk4|Cdkn1b|Smc3|Ilk|Kif2a|Nfix|Uimc1|Plk2|Sptbn1|Trp53|Nbn|Exoc7|Rbm38|Fzr1|Cul7|Snx9|Nop53|Brox|Brsk2|Gpsm2|Ube2s|Bbs4|Abraxas2|Taok3,-0.88
hits,GO Biological Processes,19,GO:0043547,positive regulation of GTPase activity,19_GO:0065007 biological regulation,-2.3,2.6,3.2,21160,145,555,10,1.8,0.56,14694|14697|15461|20194|21817|24047|26569|66616|110829|192786,Rack1|Gnb5|Hras|S100a10|Tgm2|Ccl19|Slc27a4|Snx9|Lims1|Rapgef6,-0.88
hits,GO Biological Processes,19,GO:0021987,cerebral cortex development,19_GO:0032502 developmental process,-2.3,2.6,3.2,21160,145,555,10,1.8,0.56,13865|14182|15270|18032|20525|22142|77053|102774|223697|225523,Nr2f1|Fgfr1|H2ax|Nfix|Slc2a1|Tuba1a|Sun1|Bbs4|Sun2|Cep120,-0.88
hits,KEGG Pathway,24,mmu01521,EGFR tyrosine kinase inhibitor resistance - Mus musculus (house mouse),,-2.3,3.3,3.4,21160,80,555,7,1.3,0.47,12015|15461|16000|18596|18708|18709|19211,Bad|Hras|Igf1|Pdgfrb|Pik3r1|Pik3r2|Pten,-0.88
hits,GO Biological Processes,19,GO:0070647,protein modification by small protein conjugation or removal,19_GO:0009987 cellular process,-2.3,1.6,2.9,21160,750,555,32,5.8,0.99,12400|13194|14694|14794|17344|19386|19893|22670|28075|28199|56371|58799|59009|63958|66053|66498|66515|67118|68975|69807|74126|77891|83814|103737|106021|109359|223455|224170|236733|272359|319263|320213,Cbfb|Ddb1|Rack1|Spsb2|Pias2|Ranbp2|Rpgr|Trim26|Desi1|Dcaf11|Fzr1|Crbn|Sh3rf1|Ube4b|Ppil2|Dda1|Cul7|Bfar|Med27|Trim32|Syvn1|Ube2s|Nedd4l|Pex12|Topors|Abraxas2|Marchf6|Dzip3|Usp11|Irf2bp1|Pcmtd1|Senp5,-0.88
hits,GO Biological Processes,19,GO:0032878,regulation of establishment or maintenance of cell polarity,19_GO:0050789 regulation of biological process,-2.3,5.6,4,21160,27,555,4,0.72,0.36,12562|14252|14694|16000,Cdh5|Flot2|Rack1|Igf1,-0.88
hits,GO Biological Processes,19,GO:0046716,muscle cell cellular homeostasis,19_GO:0042592 homeostatic process,-2.3,5.6,4,21160,27,555,4,0.72,0.36,12632|20655|21803|69807,Cfl2|Sod1|Tgfb1|Trim32,-0.88
hits,GO Biological Processes,19,GO:0051560,mitochondrial calcium ion homeostasis,19_GO:0042592 homeostatic process,-2.3,5.6,4,21160,27,555,4,0.72,0.36,18754|21817|66972|76614,Prkce|Tgm2|Slc25a23|Immt,-0.88
hits,GO Biological Processes,19,GO:0032288,myelin assembly,19_GO:0032502 developmental process,-2.3,5.6,4,21160,27,555,4,0.72,0.36,12527|13823|16202|19153,Cd9|Epb41l3|Ilk|Prx,-0.88
hits,Reactome Gene Sets,6,R-MMU-1266695,Interleukin-7 signaling,,-2.3,5.6,4,21160,27,555,4,0.72,0.36,18708|18709|20851|384783,Pik3r1|Pik3r2|Stat5b|Irs2,-0.88
hits,KEGG Pathway,24,mmu04062,Chemokine signaling pathway - Mus musculus (house mouse),,-2.3,2.4,3.1,21160,193,555,12,2.2,0.62,11513|12015|14697|14701|15461|18708|18709|20315|20851|24013|24047|66066,Adcy7|Bad|Gnb5|Gng12|Hras|Pik3r1|Pik3r2|Cxcl12|Stat5b|Grk1|Ccl19|Gng11,-0.88
hits,GO Biological Processes,19,GO:0051651,maintenance of location in cell,19_GO:0051179 localization,-2.3,3,3.3,21160,101,555,8,1.4,0.51,15277|26936|72961|76123|77053|102774|106021|223697,Hk2|Mprip|Slc17a7|Gpsm2|Sun1|Bbs4|Topors|Sun2,-0.88
hits,GO Biological Processes,19,GO:0001657,ureteric bud development,19_GO:0032502 developmental process,-2.3,3,3.3,21160,101,555,8,1.4,0.51,12505|13003|14182|14561|16202|21803|74533|269152,Cd44|Vcan|Fgfr1|Gdf11|Ilk|Tgfb1|Gzf1|Kif26b,-0.88
hits,GO Biological Processes,19,GO:0007179,transforming growth factor beta receptor signaling pathway,19_GO:0050896 response to stimulus,-2.3,3,3.3,21160,101,555,8,1.4,0.51,12562|13805|17684|21803|22059|108075|216805|268977,Cdh5|Eng|Cited2|Tgfb1|Trp53|Ltbp4|Flcn|Ltbp1,-0.88
hits,GO Biological Processes,19,GO:0032885,regulation of polysaccharide biosynthetic process,19_GO:0050789 regulation of biological process,-2.3,4.4,3.7,21160,43,555,5,0.9,0.4,16000|19062|20411|21803|384783,Igf1|Inpp5k|Sorbs1|Tgfb1|Irs2,-0.87
hits,GO Biological Processes,19,GO:1903076,regulation of protein localization to plasma membrane,19_GO:0051179 localization,-2.3,2.8,3.3,21160,123,555,9,1.6,0.54,13844|14694|18708|18709|20411|20742|21803|226849|233489,Ephb2|Rack1|Pik3r1|Pik3r2|Sorbs1|Sptbn1|Tgfb1|Ppp2r5a|Picalm,-0.87
hits,GO Biological Processes,19,GO:1990928,response to amino acid starvation,19_GO:0050896 response to stimulus,-2.3,3.8,3.5,21160,61,555,6,1.1,0.44,13666|22241|26419|69807|216805|229317,Eif2ak3|Ulk1|Mapk8|Trim32|Flcn|Eif2a,-0.87
hits,GO Biological Processes,19,GO:0032410,negative regulation of transporter activity,19_GO:0051179 localization,-2.3,3.8,3.5,21160,61,555,6,1.1,0.44,13844|14697|14873|58799|76273|83814,Ephb2|Gnb5|Gsto1|Crbn|Ndfip2|Nedd4l,-0.87
hits,GO Biological Processes,19,GO:0050773,regulation of dendrite development,19_GO:0032502 developmental process,-2.3,2.6,3.2,21160,146,555,10,1.8,0.56,13169|13844|16202|17344|20869|22359|56430|66515|74143|83814,Dbnl|Ephb2|Ilk|Pias2|Stk11|Vldlr|Clip1|Cul7|Opa1|Nedd4l,-0.87
hits,GO Biological Processes,19,GO:2000774,positive regulation of cellular senescence,19_GO:0048518 positive regulation of biological process,-2.3,8.2,4.4,21160,14,555,3,0.54,0.31,12010|16202|22059,B2m|Ilk|Trp53,-0.87
hits,GO Biological Processes,19,GO:0001765,membrane raft assembly,19_GO:0009987 cellular process,-2.3,8.2,4.4,21160,14,555,3,0.54,0.31,12306|16202|20194,Anxa2|Ilk|S100a10,-0.87
hits,GO Biological Processes,19,GO:2000489,regulation of hepatic stellate cell activation,19_GO:0032501 multicellular organismal process,-2.3,8.2,4.4,21160,14,555,3,0.54,0.31,13350|14182|18596,Dgat1|Fgfr1|Pdgfrb,-0.87
hits,GO Biological Processes,19,GO:0051280,negative regulation of release of sequestered calcium ion into cytosol,19_GO:0042592 homeostatic process,-2.3,8.2,4.4,21160,14,555,3,0.54,0.31,14873|18754|21803,Gsto1|Prkce|Tgfb1,-0.87
hits,GO Biological Processes,19,GO:0097193,intrinsic apoptotic signaling pathway,19_GO:0050896 response to stimulus,-2.3,2.4,3.1,21160,194,555,12,2.2,0.62,12015|13666|15461|18708|20869|22059|27354|66626|74126|75770|106021|216805,Bad|Eif2ak3|Hras|Pik3r1|Stk11|Trp53|Nbn|Cdip1|Syvn1|Brsk2|Topors|Flcn,-0.87
hits,GO Biological Processes,19,GO:0009205,purine ribonucleoside triphosphate metabolic process,19_GO:0009987 cellular process,-2.3,2.4,3.1,21160,194,555,12,2.2,0.62,11636|11966|12015|14751|15277|20928|21803|23918|56421|66091|66925|74143,Ak1|Atp6v1b2|Bad|Gpi1|Hk2|Abcc9|Tgfb1|Impdh2|Pfkp|Ndufa3|Sdhd|Opa1,-0.87
hits,GO Biological Processes,19,GO:0022408,negative regulation of cell-cell adhesion,19_GO:0048519 negative regulation of biological process,-2.3,2.3,3.1,21160,219,555,13,2.3,0.64,12161|12400|12505|12527|16449|16600|18708|19091|19211|20315|21803|23938|242202,Bmp6|Cbfb|Cd44|Cd9|Jag1|Klf4|Pik3r1|Prkg1|Pten|Cxcl12|Tgfb1|Map2k5|Pde5a,-0.86
hits,GO Biological Processes,19,GO:0048813,dendrite morphogenesis,19_GO:0032502 developmental process,-2.3,3.3,3.4,21160,81,555,7,1.3,0.47,13844|13845|19211|22359|26419|77480|233489,Ephb2|Ephb3|Pten|Vldlr|Mapk8|Kidins220|Picalm,-0.86
hits,GO Biological Processes,19,GO:0021766,hippocampus development,19_GO:0032502 developmental process,-2.3,3,3.3,21160,102,555,8,1.4,0.51,15182|18032|18846|19211|22142|77040|102774|216850,Hdac2|Nfix|Plxna3|Pten|Tuba1a|Atg16l1|Bbs4|Kdm6b,-0.86
hits,GO Biological Processes,19,GO:0006275,regulation of DNA replication,19_GO:0050789 regulation of biological process,-2.3,2.8,3.2,21160,124,555,9,1.6,0.54,13006|13010|14182|15461|22059|22632|26419|69714|268936,Smc3|Cst3|Fgfr1|Hras|Trp53|Yy1|Mapk8|Tfpt|Brpf3,-0.86
hits,GO Biological Processes,19,GO:0021915,neural tube development,19_GO:0032502 developmental process,-2.3,2.3,3.1,21160,195,555,12,2.2,0.62,14368|16911|17684|18763|20348|21803|27428|67836|74143|102774|105278|234366,Fzd6|Lmo4|Cited2|Pkd1|Sema3c|Tgfb1|Shroom3|Wdr83|Opa1|Bbs4|Cdk20|Gatad2a,-0.85
hits,GO Biological Processes,19,GO:0045927,positive regulation of growth,19_GO:0040007 growth,-2.3,2,3,21160,324,555,17,3.1,0.73,13169|14182|14567|16000|16202|18208|20315|20356|20851|23938|50790|69807|83814|102774|106628|208643|233489,Dbnl|Fgfr1|Gdi1|Igf1|Ilk|Ntn1|Cxcl12|Sema5a|Stat5b|Map2k5|Acsl4|Trim32|Nedd4l|Bbs4|Trip10|Eif4g1|Picalm,-0.85
hits,Reactome Gene Sets,6,R-MMU-983169,Class I MHC mediated antigen processing & presentation,,-2.3,2,3,21160,324,555,17,3.1,0.73,12010|14794|15015|15039|19175|20334|20619|56371|59009|66515|69807|70247|77371|77891|224170|231670|269514,B2m|Spsb2|H2-Q4|H2-T22|Psmb6|Sec23a|Snap23|Fzr1|Sh3rf1|Cul7|Trim32|Psmd1|Sec24a|Ube2s|Dzip3|Fbxo21|Fbxl4,-0.85
hits,GO Biological Processes,19,GO:0016236,macroautophagy,19_GO:0009987 cellular process,-2.3,2.3,3.1,21160,220,555,13,2.3,0.64,20773|22059|22241|57436|69807|70381|75669|76338|77040|80877|214063|235040|240752,Sptlc2|Trp53|Ulk1|Gabarapl1|Trim32|Tecpr1|Pik3r4|Rab2b|Atg16l1|Lrba|Dnajc16|Atg4d|Pik3c2b,-0.85
hits,GO Biological Processes,19,GO:0048639,positive regulation of developmental growth,19_GO:0040007 growth,-2.3,2.3,3.1,21160,220,555,13,2.3,0.64,13169|14182|14567|16000|16202|18208|20315|20356|20851|83814|102774|106628|233489,Dbnl|Fgfr1|Gdi1|Igf1|Ilk|Ntn1|Cxcl12|Sema5a|Stat5b|Nedd4l|Bbs4|Trip10|Picalm,-0.85
hits,GO Biological Processes,19,GO:0030100,regulation of endocytosis,19_GO:0051179 localization,-2.2,1.9,2.9,21160,352,555,18,3.2,0.75,11465|12010|12306|14694|16443|17886|19211|20620|20655|21803|21817|24047|30948|60595|66616|72961|83814|233489,Actg1|B2m|Anxa2|Rack1|Itsn1|Myh9|Pten|Plk2|Sod1|Tgfb1|Tgm2|Ccl19|Bin1|Actn4|Snx9|Slc17a7|Nedd4l|Picalm,-0.84
hits,GO Biological Processes,19,GO:1904036,negative regulation of epithelial cell apoptotic process,19_GO:0048519 negative regulation of biological process,-2.2,4.3,3.6,21160,44,555,5,0.9,0.4,12576|16000|67996|69807|110829,Cdkn1b|Igf1|Srsf6|Trim32|Lims1,-0.84
hits,GO Biological Processes,19,GO:0044773,mitotic DNA damage checkpoint signaling,19_GO:0048519 negative regulation of biological process,-2.2,3.3,3.4,21160,82,555,7,1.3,0.47,20184|22059|27354|56190|56371|68077|330177,Uimc1|Trp53|Nbn|Rbm38|Fzr1|Nop53|Taok3,-0.84
hits,KEGG Pathway,24,mmu05418,Fluid shear stress and atherosclerosis - Mus musculus (house mouse),,-2.2,2.6,3.2,21160,148,555,10,1.8,0.56,11465|12562|14873|15516|18708|18709|21824|22059|23938|26419,Actg1|Cdh5|Gsto1|Hsp90ab1|Pik3r1|Pik3r2|Thbd|Trp53|Map2k5|Mapk8,-0.84
hits,GO Biological Processes,19,GO:0051402,neuron apoptotic process,19_GO:0009987 cellular process,-2.2,2.6,3.2,21160,148,555,10,1.8,0.56,11607|12804|15461|16443|18227|20910|21803|22059|22142|24013,Agtr1a|Cntfr|Hras|Itsn1|Nr4a2|Stxbp1|Tgfb1|Trp53|Tuba1a|Grk1,-0.84
hits,GO Biological Processes,19,GO:0043524,negative regulation of neuron apoptotic process,19_GO:0048519 negative regulation of biological process,-2.2,2.2,3,21160,221,555,13,2.3,0.64,12804|14751|15461|15516|16202|16443|18032|18227|20655|20910|24013|56086|56708,Cntfr|Gpi1|Hras|Hsp90ab1|Ilk|Itsn1|Nfix|Nr4a2|Sod1|Stxbp1|Grk1|Set|Clcf1,-0.84
hits,GO Biological Processes,19,GO:0016310,phosphorylation,19_GO:0009987 cellular process,-2.2,1.7,2.9,21160,550,555,25,4.5,0.88,12567|13400|13666|13844|13845|14182|15277|16202|17346|18596|18708|18754|18763|19091|20620|20869|21803|22241|24013|24086|26419|75770|229317|232944|330177,Cdk4|Dmpk|Eif2ak3|Ephb2|Ephb3|Fgfr1|Hk2|Ilk|Mknk1|Pdgfrb|Pik3r1|Prkce|Pkd1|Prkg1|Plk2|Stk11|Tgfb1|Ulk1|Grk1|Tlk2|Mapk8|Brsk2|Eif2a|Mark4|Taok3,-0.84
hits,GO Biological Processes,19,GO:0060416,response to growth hormone,19_GO:0050896 response to stimulus,-2.2,5.4,3.9,21160,28,555,4,0.72,0.36,18708|20851|54721|56392,Pik3r1|Stat5b|Tyk2|Shoc2,-0.84
hits,Reactome Gene Sets,6,R-MMU-2424491,DAP12 signaling,,-2.2,5.4,3.9,21160,28,555,4,0.72,0.36,12010|15461|18708|18709,B2m|Hras|Pik3r1|Pik3r2,-0.84
hits,GO Biological Processes,19,GO:0036120,cellular response to platelet-derived growth factor stimulus,19_GO:0050896 response to stimulus,-2.2,5.4,3.9,21160,28,555,4,0.72,0.36,18596|18754|22612|76709,Pdgfrb|Prkce|Yes1|Arpc2,-0.84
hits,KEGG Pathway,24,mmu04022,cGMP-PKG signaling pathway - Mus musculus (house mouse),,-2.2,2.4,3.1,21160,172,555,11,2,0.59,11513|11607|12015|16440|17540|18754|19091|60596|98932|242202|384783,Adcy7|Agtr1a|Bad|Itpr3|Irag1|Prkce|Prkg1|Gucy1a1|Myl9|Pde5a|Irs2,-0.84
hits,KEGG Pathway,24,mmu05166,Human T-cell leukemia virus 1 infection - Mus musculus (house mouse),,-2.2,2.2,3,21160,247,555,14,2.5,0.67,11513|12010|12567|15015|15039|15461|18708|18709|19211|20525|20851|21803|22059|26419,Adcy7|B2m|Cdk4|H2-Q4|H2-T22|Hras|Pik3r1|Pik3r2|Pten|Slc2a1|Stat5b|Tgfb1|Trp53|Mapk8,-0.83
hits,GO Biological Processes,19,GO:0048469,cell maturation,19_GO:0032502 developmental process,-2.2,2.2,3,21160,222,555,13,2.3,0.64,12400|13382|13819|14182|14561|17926|18032|18227|18952|19228|21803|24047|27965,Cbfb|Dld|Epas1|Fgfr1|Gdf11|Myoc|Nfix|Nr4a2|Septin4|Pth1r|Tgfb1|Ccl19|Spg21,-0.83
hits,KEGG Pathway,24,mmu04611,Platelet activation - Mus musculus (house mouse),,-2.2,2.7,3.2,21160,126,555,9,1.6,0.54,11465|11513|16440|18708|18709|19091|20619|20866|60596,Actg1|Adcy7|Itpr3|Pik3r1|Pik3r2|Prkg1|Snap23|Stim1|Gucy1a1,-0.83
hits,GO Biological Processes,19,GO:0008286,insulin receptor signaling pathway,19_GO:0050896 response to stimulus,-2.2,2.7,3.2,21160,126,555,9,1.6,0.54,13844|13845|14182|15461|18596|18708|18709|20411|384783,Ephb2|Ephb3|Fgfr1|Hras|Pdgfrb|Pik3r1|Pik3r2|Sorbs1|Irs2,-0.83
hits,GO Biological Processes,19,GO:0001938,positive regulation of endothelial cell proliferation,19_GO:0048518 positive regulation of biological process,-2.2,2.9,3.2,21160,104,555,8,1.4,0.51,11607|12161|14182|16000|20315|20356|21828|226841,Agtr1a|Bmp6|Fgfr1|Igf1|Cxcl12|Sema5a|Thbs4|Vash2,-0.82
hits,GO Biological Processes,19,GO:0042255,ribosome assembly,19_GO:0009987 cellular process,-2.2,3.6,3.4,21160,63,555,6,1.1,0.44,13664|66235|68077|110816|218629|229317,Eif1a|Eif1ax|Nop53|Pwp2|Dhx29|Eif2a,-0.82
hits,GO Biological Processes,19,GO:0061448,connective tissue development,19_GO:0032502 developmental process,-2.2,2.1,3,21160,274,555,15,2.7,0.69,12161|13666|14182|15461|16000|18596|18763|19228|20773|21803|21810|21827|102774|109181|235320,Bmp6|Eif2ak3|Fgfr1|Hras|Igf1|Pdgfrb|Pkd1|Pth1r|Sptlc2|Tgfb1|Tgfbi|Thbs3|Bbs4|Trip11|Zbtb16,-0.82
hits,KEGG Pathway,24,mmu05012,Parkinson disease - Mus musculus (house mouse),,-2.2,2.1,3,21160,274,555,15,2.7,0.69,13666|16440|19175|20463|20655|22059|22142|22143|26419|66091|66925|70247|84682|227613|333182,Eif2ak3|Itpr3|Psmb6|Cox7a2l|Sod1|Trp53|Tuba1a|Tuba1b|Mapk8|Ndufa3|Sdhd|Psmd1|Cox4i2|Tubb4b|Cox6b2,-0.82
hits,GO Biological Processes,19,GO:1902532,negative regulation of intracellular signal transduction,19_GO:0048519 negative regulation of biological process,-2.2,1.6,2.8,21160,730,555,31,5.6,0.97,12505|12952|13844|14694|15182|16000|16600|17344|17926|18709|19053|19062|19211|20315|20869|21357|23938|64384|67118|67605|68077|69807|74126|74143|76793|109815|216805|240672|243937|268373|330177,Cd44|Cry1|Ephb2|Rack1|Hdac2|Igf1|Klf4|Pias2|Myoc|Pik3r2|Ppp2cb|Inpp5k|Pten|Cxcl12|Stk11|Tarbp2|Map2k5|Sirt3|Bfar|Akt1s1|Nop53|Trim32|Syvn1|Opa1|Snip1|Selenos|Flcn|Dusp5|Zfp536|Ppia|Taok3,-0.82
hits,GO Biological Processes,19,GO:0045936,negative regulation of phosphate metabolic process,19_GO:0048519 negative regulation of biological process,-2.2,1.9,2.9,21160,382,555,19,3.4,0.77,12576|13844|14694|16000|18810|19062|19091|19211|21803|22059|67605|70834|78388|208643|210992|216805|226849|268373|384783,Cdkn1b|Ephb2|Rack1|Igf1|Plec|Inpp5k|Prkg1|Pten|Tgfb1|Trp53|Akt1s1|Spag9|Mvp|Eif4g1|Lpcat1|Flcn|Ppp2r5a|Ppia|Irs2,-0.82
hits,GO Biological Processes,19,GO:0010563,negative regulation of phosphorus metabolic process,19_GO:0048519 negative regulation of biological process,-2.2,1.9,2.9,21160,382,555,19,3.4,0.77,12576|13844|14694|16000|18810|19062|19091|19211|21803|22059|67605|70834|78388|208643|210992|216805|226849|268373|384783,Cdkn1b|Ephb2|Rack1|Igf1|Plec|Inpp5k|Prkg1|Pten|Tgfb1|Trp53|Akt1s1|Spag9|Mvp|Eif4g1|Lpcat1|Flcn|Ppp2r5a|Ppia|Irs2,-0.82
hits,GO Biological Processes,19,GO:0072384,organelle transport along microtubule,19_GO:0051179 localization,-2.2,3.2,3.3,21160,83,555,7,1.3,0.47,17281|22142|54160|75620|77053|223697|228355,Fyco1|Tuba1a|Copg2|Kxd1|Sun1|Sun2|Madd,-0.82
hits,KEGG Pathway,24,mmu05167,Kaposi sarcoma-associated herpesvirus infection - Mus musculus (house mouse),,-2.2,2.2,3,21160,223,555,13,2.3,0.64,12567|14697|14701|15015|15039|15461|16440|18708|18709|22059|26419|54721|66066,Cdk4|Gnb5|Gng12|H2-Q4|H2-T22|Hras|Itpr3|Pik3r1|Pik3r2|Trp53|Mapk8|Tyk2|Gng11,-0.82
hits,GO Biological Processes,19,GO:2000008,regulation of protein localization to cell surface,19_GO:0051179 localization,-2.2,4.2,3.6,21160,45,555,5,0.9,0.4,13844|15516|20620|83814|233489,Ephb2|Hsp90ab1|Plk2|Nedd4l|Picalm,-0.82
hits,GO Biological Processes,19,GO:0072595,maintenance of protein localization in organelle,19_GO:0051179 localization,-2.2,4.2,3.6,21160,45,555,5,0.9,0.4,15277|77053|102774|106021|223697,Hk2|Sun1|Bbs4|Topors|Sun2,-0.82
hits,GO Biological Processes,19,GO:0046677,response to antibiotic,19_GO:0050896 response to stimulus,-2.2,4.2,3.6,21160,45,555,5,0.9,0.4,12576|15182|19053|22059|216850,Cdkn1b|Hdac2|Ppp2cb|Trp53|Kdm6b,-0.82
hits,GO Biological Processes,19,GO:1902115,regulation of organelle assembly,19_GO:0050789 regulation of biological process,-2.2,2.1,3,21160,249,555,14,2.5,0.67,13494|13844|14182|20620|22241|26419|69807|70314|76123|76709|102774|225523|230872|232944,Drg1|Ephb2|Fgfr1|Plk2|Ulk1|Mapk8|Trim32|Rabep2|Gpsm2|Arpc2|Bbs4|Cep120|Crocc|Mark4,-0.82
hits,GO Biological Processes,19,GO:0016049,cell growth,19_GO:0040007 growth,-2.2,2.5,3.1,21160,150,555,10,1.8,0.56,16779|18032|18846|19091|20356|20869|22241|27965|66225|71436,Lamb2|Nfix|Plxna3|Prkg1|Sema5a|Stk11|Ulk1|Spg21|Llph|Flrt3,-0.82
hits,KEGG Pathway,24,mmu05226,Gastric cancer - Mus musculus (house mouse),,-2.2,2.5,3.1,21160,150,555,10,1.8,0.56,12576|14368|14369|15461|18708|18709|20182|21803|22059|57265,Cdkn1b|Fzd6|Fzd7|Hras|Pik3r1|Pik3r2|Rxrb|Tgfb1|Trp53|Fzd2,-0.82
hits,Reactome Gene Sets,6,R-MMU-9648025,EML4 and NUDC in mitotic spindle formation,,-2.2,2.9,3.2,21160,105,555,8,1.4,0.51,16563|19053|19386|22142|22143|56430|226849|227613,Kif2a|Ppp2cb|Ranbp2|Tuba1a|Tuba1b|Clip1|Ppp2r5a|Tubb4b,-0.81
hits,GO Biological Processes,19,GO:0032204,regulation of telomere maintenance,19_GO:0050789 regulation of biological process,-2.2,2.9,3.2,21160,105,555,8,1.4,0.51,12461|12464|16600|22059|22632|27354|69714|245474,Cct2|Cct4|Klf4|Trp53|Yy1|Nbn|Tfpt|Dkc1,-0.81
hits,GO Biological Processes,19,GO:0060021,roof of mouth development,19_GO:0032502 developmental process,-2.2,2.9,3.2,21160,105,555,8,1.4,0.51,13844|13845|14561|20397|57265|71458|77087|105278,Ephb2|Ephb3|Gdf11|Sgpl1|Fzd2|Bcor|Ankrd11|Cdk20,-0.81
hits,GO Biological Processes,19,GO:0060396,growth hormone receptor signaling pathway,19_GO:0050896 response to stimulus,-2.2,7.6,4.2,21160,15,555,3,0.54,0.31,18708|20851|54721,Pik3r1|Stat5b|Tyk2,-0.81
hits,GO Biological Processes,19,GO:0061307,cardiac neural crest cell differentiation involved in heart development,19_GO:0032502 developmental process,-2.2,7.6,4.2,21160,15,555,3,0.54,0.31,16449|17684|77087,Jag1|Cited2|Ankrd11,-0.81
hits,GO Biological Processes,19,GO:0010225,response to UV-C,19_GO:0050896 response to stimulus,-2.2,7.6,4.2,21160,15,555,3,0.54,0.31,22059|22592|22632,Trp53|Ercc5|Yy1,-0.81
hits,Reactome Gene Sets,6,R-MMU-156581,Methylation,,-2.2,7.6,4.2,21160,15,555,3,0.54,0.31,14873|67674|238505,Gsto1|Trmt112|Mtr,-0.81
hits,Reactome Gene Sets,6,R-MMU-2559585,Oncogene Induced Senescence,,-2.2,7.6,4.2,21160,15,555,3,0.54,0.31,12567|13875|22059,Cdk4|Erf|Trp53,-0.81
hits,GO Biological Processes,19,GO:0031123,RNA 3'-end processing,19_GO:0009987 cellular process,-2.2,3.2,3.3,21160,84,555,7,1.3,0.47,67337|68276|69882|70047|101985|214498|245474,Cstf1|Toe1|Ints14|Trnt1|Usb1|Cdc73|Dkc1,-0.81
hits,KEGG Pathway,24,mmu04012,ErbB signaling pathway - Mus musculus (house mouse),,-2.2,3.2,3.3,21160,84,555,7,1.3,0.47,12015|12576|15461|18708|18709|20851|26419,Bad|Cdkn1b|Hras|Pik3r1|Pik3r2|Stat5b|Mapk8,-0.81
hits,GO Biological Processes,19,GO:0046364,monosaccharide biosynthetic process,19_GO:0009987 cellular process,-2.2,3.6,3.4,21160,64,555,6,1.1,0.44,12952|14751|14873|17448|74551|77590,Cry1|Gpi1|Gsto1|Mdh2|Pck2|Chst15,-0.8
hits,GO Biological Processes,19,GO:0043523,regulation of neuron apoptotic process,19_GO:0050789 regulation of biological process,-2.2,2,2.9,21160,330,555,17,3.1,0.73,12804|14751|15461|15516|16202|16443|18032|18227|20655|20910|22059|24013|26419|56086|56708|67605|112407,Cntfr|Gpi1|Hras|Hsp90ab1|Ilk|Itsn1|Nfix|Nr4a2|Sod1|Stxbp1|Trp53|Grk1|Mapk8|Set|Clcf1|Akt1s1|Egln3,-0.8
hits,GO Biological Processes,19,GO:0016188,synaptic vesicle maturation,19_GO:0032502 developmental process,-2.2,5.3,3.8,21160,29,555,4,0.72,0.36,11966|20910|72961|233489,Atp6v1b2|Stxbp1|Slc17a7|Picalm,-0.8
hits,GO Biological Processes,19,GO:0045070,positive regulation of viral genome replication,19_GO:0016032 viral process,-2.2,5.3,3.8,21160,29,555,4,0.72,0.36,13194|19358|21357|268373,Ddb1|Rad23a|Tarbp2|Ppia,-0.8
hits,GO Biological Processes,19,GO:1901991,negative regulation of mitotic cell cycle phase transition,19_GO:0048519 negative regulation of biological process,-2.2,2.4,3,21160,175,555,11,2,0.59,16600|19211|20184|22059|26992|27354|56190|56371|68077|214498|330177,Klf4|Pten|Uimc1|Trp53|Brd7|Nbn|Rbm38|Fzr1|Nop53|Cdc73|Taok3,-0.8
hits,GO Biological Processes,19,GO:0045834,positive regulation of lipid metabolic process,19_GO:0048518 positive regulation of biological process,-2.2,2.4,3,21160,175,555,11,2,0.59,12161|12894|13350|14694|16000|18754|20411|57875|64384|67181|384783,Bmp6|Cpt1a|Dgat1|Rack1|Igf1|Prkce|Sorbs1|Angptl4|Sirt3|Ctdnep1|Irs2,-0.8
hits,GO Biological Processes,19,GO:0010038,response to metal ion,19_GO:0050896 response to stimulus,-2.2,1.9,2.9,21160,385,555,19,3.4,0.77,11513|12010|12161|12567|12576|14567|14751|16440|18484|18799|19053|20655|20657|20866|20928|22142|26419|56338|66972,Adcy7|B2m|Bmp6|Cdk4|Cdkn1b|Gdi1|Gpi1|Itpr3|Pam|Plcd1|Ppp2cb|Sod1|Sod3|Stim1|Abcc9|Tuba1a|Mapk8|Txnip|Slc25a23,-0.8
hits,GO Biological Processes,19,GO:0032446,protein modification by small protein conjugation,19_GO:0009987 cellular process,-2.2,1.7,2.8,21160,645,555,28,5,0.93,12400|13194|14694|14794|17344|19386|19893|22670|28199|56371|58799|59009|63958|66053|66498|66515|67118|68975|69807|74126|77891|83814|103737|106021|223455|224170|272359|319263,Cbfb|Ddb1|Rack1|Spsb2|Pias2|Ranbp2|Rpgr|Trim26|Dcaf11|Fzr1|Crbn|Sh3rf1|Ube4b|Ppil2|Dda1|Cul7|Bfar|Med27|Trim32|Syvn1|Ube2s|Nedd4l|Pex12|Topors|Marchf6|Dzip3|Irf2bp1|Pcmtd1,-0.8
hits,GO Biological Processes,19,GO:0048854,brain morphogenesis,19_GO:0032502 developmental process,-2.2,4.1,3.5,21160,46,555,5,0.9,0.4,18032|19211|22142|102774|231580,Nfix|Pten|Tuba1a|Bbs4|Gak,-0.79
hits,GO Biological Processes,19,GO:0048147,negative regulation of fibroblast proliferation,19_GO:0048519 negative regulation of biological process,-2.2,4.1,3.5,21160,46,555,5,0.9,0.4,14319|22059|69807|214498|218271,Fth1|Trp53|Trim32|Cdc73|B4galt7,-0.79
hits,Reactome Gene Sets,6,R-MMU-389356,Co-stimulation by CD28,,-2.2,4.1,3.5,21160,46,555,5,0.9,0.4,18708|18709|19053|22612|226849,Pik3r1|Pik3r2|Ppp2cb|Yes1|Ppp2r5a,-0.79
hits,Reactome Gene Sets,6,R-MMU-397014,Muscle contraction,,-2.2,2.5,3.1,21160,152,555,10,1.8,0.56,13400|16440|16506|20410|20866|20928|59095|60596|98932|242202,Dmpk|Itpr3|Kcnd1|Sorbs3|Stim1|Abcc9|Fxyd6|Gucy1a1|Myl9|Pde5a,-0.79
hits,GO Biological Processes,19,GO:0090276,regulation of peptide hormone secretion,19_GO:0051179 localization,-2.2,2.1,2.9,21160,278,555,15,2.7,0.69,12015|12894|14645|16443|17886|18555|18754|20866|50790|56708|64384|74551|75770|228355|384783,Bad|Cpt1a|Glul|Itsn1|Myh9|Cdk16|Prkce|Stim1|Acsl4|Clcf1|Sirt3|Pck2|Brsk2|Madd|Irs2,-0.79
hits,GO Biological Processes,19,GO:0006897,endocytosis,19_GO:0051179 localization,-2.2,1.8,2.8,21160,500,555,23,4.1,0.85,12505|12527|13169|15461|16443|17886|18032|20977|21817|22241|22359|30948|66616|66691|70314|74143|83814|106628|214897|231580|233489|241576|271457,Cd44|Cd9|Dbnl|Hras|Itsn1|Myh9|Nfix|Syp|Tgm2|Ulk1|Vldlr|Bin1|Snx9|Gapvd1|Rabep2|Opa1|Nedd4l|Trip10|Csnk1g1|Gak|Picalm|Ldlrad3|Rab5a,-0.79
hits,GO Biological Processes,19,GO:0045787,positive regulation of cell cycle,19_GO:0048518 positive regulation of biological process,-2.2,1.9,2.9,21160,359,555,18,3.2,0.75,12567|14182|16000|17684|18596|18754|19358|20851|21803|22059|53413|69807|76123|100732|208643|214498|225523|232944,Cdk4|Fgfr1|Igf1|Cited2|Pdgfrb|Prkce|Rad23a|Stat5b|Tgfb1|Trp53|Exoc7|Trim32|Gpsm2|Mapre3|Eif4g1|Cdc73|Cep120|Mark4,-0.79
hits,GO Biological Processes,19,GO:1903320,regulation of protein modification by small protein conjugation or removal,19_GO:0050789 regulation of biological process,-2.2,2.1,2.9,21160,252,555,14,2.5,0.67,12952|13819|15516|18754|18952|19211|26419|56371|68077|76273|77891|80985|106021|268373,Cry1|Epas1|Hsp90ab1|Prkce|Septin4|Pten|Mapk8|Fzr1|Nop53|Ndfip2|Ube2s|Trim44|Topors|Ppia,-0.79
hits,GO Biological Processes,19,GO:0045216,cell-cell junction organization,19_GO:0009987 cellular process,-2.2,2.3,3,21160,201,555,12,2.2,0.62,11465|12527|12562|13823|13844|18810|21803|21873|60595|110380|110829|216805,Actg1|Cd9|Cdh5|Epb41l3|Ephb2|Plec|Tgfb1|Tjp2|Actn4|Shroom2|Lims1|Flcn,-0.79
hits,GO Biological Processes,19,GO:0010906,regulation of glucose metabolic process,19_GO:0050789 regulation of biological process,-2.2,2.7,3.1,21160,129,555,9,1.6,0.54,12952|13194|16000|17978|19386|20411|20869|22059|384783,Cry1|Ddb1|Igf1|Ncoa2|Ranbp2|Sorbs1|Stk11|Trp53|Irs2,-0.79
hits,GO Biological Processes,19,GO:0050775,positive regulation of dendrite morphogenesis,19_GO:0032502 developmental process,-2.2,3.5,3.3,21160,65,555,6,1.1,0.44,13169|13844|16202|17344|66515|74143,Dbnl|Ephb2|Ilk|Pias2|Cul7|Opa1,-0.78
hits,GO Biological Processes,19,GO:0007613,memory,19_GO:0032501 multicellular organismal process,-2.1,2.4,3,21160,177,555,11,2,0.59,16000|16440|18032|19211|20620|22142|28199|53901|56710|72961|242202,Igf1|Itpr3|Nfix|Pten|Plk2|Tuba1a|Dcaf11|Rcan2|Brinp1|Slc17a7|Pde5a,-0.78
hits,GO Biological Processes,19,GO:0001838,embryonic epithelial tube formation,19_GO:0032502 developmental process,-2.1,2.5,3,21160,153,555,10,1.8,0.56,14368|16911|17684|21803|27428|67836|74143|102774|105278|234366,Fzd6|Lmo4|Cited2|Tgfb1|Shroom3|Wdr83|Opa1|Bbs4|Cdk20|Gatad2a,-0.77
hits,Reactome Gene Sets,6,R-MMU-5663220,RHO GTPases Activate Formins,,-2.1,2.6,3.1,21160,130,555,9,1.6,0.54,11465|16563|19053|19386|22142|22143|56430|226849|227613,Actg1|Kif2a|Ppp2cb|Ranbp2|Tuba1a|Tuba1b|Clip1|Ppp2r5a|Tubb4b,-0.77
hits,KEGG Pathway,24,mmu04926,Relaxin signaling pathway - Mus musculus (house mouse),,-2.1,2.6,3.1,21160,130,555,9,1.6,0.54,11513|14697|14701|15461|18708|18709|21803|26419|66066,Adcy7|Gnb5|Gng12|Hras|Pik3r1|Pik3r2|Tgfb1|Mapk8|Gng11,-0.77
hits,GO Biological Processes,19,GO:0003279,cardiac septum development,19_GO:0032502 developmental process,-2.1,2.6,3.1,21160,130,555,9,1.6,0.54,13805|16449|16911|17684|20348|22059|57265|109181|268977,Eng|Jag1|Lmo4|Cited2|Sema3c|Trp53|Fzd2|Trip11|Ltbp1,-0.77
hits,GO Biological Processes,19,GO:0032886,regulation of microtubule-based process,19_GO:0050789 regulation of biological process,-2.1,2,2.9,21160,280,555,15,2.7,0.69,12562|12576|13494|16783|18763|20620|20869|26419|56430|76123|100732|102774|208177|225523|232944,Cdh5|Cdkn1b|Drg1|Lamp1|Pkd1|Plk2|Stk11|Mapk8|Clip1|Gpsm2|Mapre3|Bbs4|Phldb2|Cep120|Mark4,-0.77
hits,GO Biological Processes,19,GO:0055021,regulation of cardiac muscle tissue growth,19_GO:0040007 growth,-2.1,3.1,3.2,21160,86,555,7,1.3,0.47,14182|15182|16000|17684|19211|22632|106628,Fgfr1|Hdac2|Igf1|Cited2|Pten|Yy1|Trip10,-0.77
hits,GO Biological Processes,19,GO:0044774,mitotic DNA integrity checkpoint signaling,19_GO:0048519 negative regulation of biological process,-2.1,3.1,3.2,21160,86,555,7,1.3,0.47,20184|22059|27354|56190|56371|68077|330177,Uimc1|Trp53|Nbn|Rbm38|Fzr1|Nop53|Taok3,-0.77
hits,GO Biological Processes,19,GO:0051149,positive regulation of muscle cell differentiation,19_GO:0032502 developmental process,-2.1,3.1,3.2,21160,86,555,7,1.3,0.47,13805|16000|16779|21357|21803|69807|106628,Eng|Igf1|Lamb2|Tarbp2|Tgfb1|Trim32|Trip10,-0.77
hits,KEGG Pathway,24,mmu05163,Human cytomegalovirus infection - Mus musculus (house mouse),,-2.1,2.1,2.9,21160,254,555,14,2.5,0.67,11513|12010|12567|14697|14701|15015|15039|15461|16440|18708|18709|20315|22059|66066,Adcy7|B2m|Cdk4|Gnb5|Gng12|H2-Q4|H2-T22|Hras|Itpr3|Pik3r1|Pik3r2|Cxcl12|Trp53|Gng11,-0.77
hits,Reactome Gene Sets,6,R-MMU-445355,Smooth Muscle Contraction,,-2.1,5.1,3.7,21160,30,555,4,0.72,0.36,20410|60596|98932|242202,Sorbs3|Gucy1a1|Myl9|Pde5a,-0.77
hits,GO Biological Processes,19,GO:0051894,positive regulation of focal adhesion assembly,19_GO:0048518 positive regulation of biological process,-2.1,5.1,3.7,21160,30,555,4,0.72,0.36,17886|17926|20194|110829,Myh9|Myoc|S100a10|Lims1,-0.77
hits,GO Biological Processes,19,GO:0071480,cellular response to gamma radiation,19_GO:0050896 response to stimulus,-2.1,5.1,3.7,21160,30,555,4,0.72,0.36,15270|15461|22059|24086,H2ax|Hras|Trp53|Tlk2,-0.77
hits,Reactome Gene Sets,6,R-MMU-6811442,Intra-Golgi and retrograde Golgi-to-ER traffic,,-2.1,2.4,3,21160,178,555,11,2,0.59,16563|22142|22143|53598|54160|56389|70297|108148|109181|227613|269152,Kif2a|Tuba1a|Tuba1b|Dctn3|Copg2|Stx5a|Gcc2|Galnt2|Trip11|Tubb4b|Kif26b,-0.77
hits,WikiPathways,27,WP2292,Chemokine signaling pathway,,-2.1,2.4,3,21160,178,555,11,2,0.59,11513|14697|14701|15461|18708|18709|20315|20851|24013|24047|66066,Adcy7|Gnb5|Gng12|Hras|Pik3r1|Pik3r2|Cxcl12|Stat5b|Grk1|Ccl19|Gng11,-0.77
hits,GO Biological Processes,19,GO:0055001,muscle cell development,19_GO:0032502 developmental process,-2.1,2.3,2.9,21160,203,555,12,2.2,0.62,11465|12632|13805|15182|16000|18596|18810|19091|30948|60595|68794|98932,Actg1|Cfl2|Eng|Hdac2|Igf1|Pdgfrb|Plec|Prkg1|Bin1|Actn4|Flnc|Myl9,-0.77
hits,GO Biological Processes,19,GO:1901137,carbohydrate derivative biosynthetic process,19_GO:0009987 cellular process,-2.1,1.7,2.7,21160,562,555,25,4.5,0.88,11513|11636|14595|14751|16000|17448|18596|21803|22169|23918|26879|55936|55981|59031|60596|66091|66925|67556|100910|108148|108902|109181|218271|227619|328370,Adcy7|Ak1|B4galt1|Gpi1|Igf1|Mdh2|Pdgfrb|Tgfb1|Cmpk2|Impdh2|B3galnt1|Ctps2|Pigb|Chst12|Gucy1a1|Ndufa3|Sdhd|Pigm|Chpf2|Galnt2|B4gat1|Trip11|B4galt7|Man1b1|Rft1,-0.77
hits,KEGG Pathway,24,mmu04120,Ubiquitin mediated proteolysis - Mus musculus (house mouse),,-2.1,2.5,3,21160,154,555,10,1.8,0.56,13194|17344|56371|63958|66053|66515|69807|74126|77891|83814,Ddb1|Pias2|Fzr1|Ube4b|Ppil2|Cul7|Trim32|Syvn1|Ube2s|Nedd4l,-0.77
hits,GO Biological Processes,19,GO:0031400,negative regulation of protein modification process,19_GO:0048519 negative regulation of biological process,-2.1,1.8,2.8,21160,418,555,20,3.6,0.79,12576|12952|13844|14694|15182|16000|18754|18810|19062|19211|21803|56401|64384|67605|70834|78388|80985|208643|216805|268373,Cdkn1b|Cry1|Ephb2|Rack1|Hdac2|Igf1|Prkce|Plec|Inpp5k|Pten|Tgfb1|P3h1|Sirt3|Akt1s1|Spag9|Mvp|Trim44|Eif4g1|Flcn|Ppia,-0.77
hits,Reactome Gene Sets,6,R-MMU-6811436,COPI-independent Golgi-to-ER retrograde traffic,,-2.1,4.1,3.4,21160,47,555,5,0.9,0.4,22142|22143|53598|108148|227613,Tuba1a|Tuba1b|Dctn3|Galnt2|Tubb4b,-0.77
hits,Reactome Gene Sets,6,R-MMU-74751,Insulin receptor signalling cascade,,-2.1,4.1,3.4,21160,47,555,5,0.9,0.4,14182|18708|18709|75669|384783,Fgfr1|Pik3r1|Pik3r2|Pik3r4|Irs2,-0.77
hits,GO Biological Processes,19,GO:0010717,regulation of epithelial to mesenchymal transition,19_GO:0032502 developmental process,-2.1,2.8,3.1,21160,108,555,8,1.4,0.51,13805|14726|15182|16449|19211|21803|171463|208177,Eng|Pdpn|Hdac2|Jag1|Pten|Tgfb1|Il17rd|Phldb2,-0.77
hits,GO Biological Processes,19,GO:0051153,regulation of striated muscle cell differentiation,19_GO:0032502 developmental process,-2.1,2.8,3.1,21160,108,555,8,1.4,0.51,13400|14369|16000|21803|22632|56190|69807|106628,Dmpk|Fzd7|Igf1|Tgfb1|Yy1|Rbm38|Trim32|Trip10,-0.77
hits,GO Biological Processes,19,GO:0045921,positive regulation of exocytosis,19_GO:0051179 localization,-2.1,2.8,3.1,21160,108,555,8,1.4,0.51,11765|12306|14299|16783|20194|20910|76338|271457,Ap1g1|Anxa2|Ncs1|Lamp1|S100a10|Stxbp1|Rab2b|Rab5a,-0.77
hits,GO Biological Processes,19,GO:0061045,negative regulation of wound healing,19_GO:0048519 negative regulation of biological process,-2.1,3.5,3.3,21160,66,555,6,1.1,0.44,12306|12527|19091|19211|21824|208177,Anxa2|Cd9|Prkg1|Pten|Thbd|Phldb2,-0.76
hits,GO Biological Processes,19,GO:0016567,protein ubiquitination,19_GO:0009987 cellular process,-2.1,1.7,2.7,21160,592,555,26,4.7,0.9,12400|13194|14694|14794|19893|22670|28199|56371|58799|59009|63958|66053|66498|66515|67118|68975|69807|74126|77891|83814|103737|106021|223455|224170|272359|319263,Cbfb|Ddb1|Rack1|Spsb2|Rpgr|Trim26|Dcaf11|Fzr1|Crbn|Sh3rf1|Ube4b|Ppil2|Dda1|Cul7|Bfar|Med27|Trim32|Syvn1|Ube2s|Nedd4l|Pex12|Topors|Marchf6|Dzip3|Irf2bp1|Pcmtd1,-0.76
hits,Reactome Gene Sets,6,R-MMU-73894,DNA Repair,,-2.1,2,2.8,21160,308,555,16,2.9,0.71,13194|15270|19358|20020|20021|20184|22059|22632|23894|26419|27354|66420|68024|69714|231329|245841,Ddb1|H2ax|Rad23a|Polr2a|Polr2c|Uimc1|Trp53|Yy1|Gtf2h2|Mapk8|Nbn|Polr2e|H2bc4|Tfpt|Polr2b|Polr2h,-0.76
hits,Reactome Gene Sets,6,R-MMU-6788467,IL-6-type cytokine receptor ligand interactions,,-2.1,7.1,4,21160,16,555,3,0.54,0.31,12804|54721|56708,Cntfr|Tyk2|Clcf1,-0.76
hits,GO Biological Processes,19,GO:1903798,regulation of miRNA processing,19_GO:0048519 negative regulation of biological process,-2.1,7.1,4,21160,16,555,3,0.54,0.31,21357|21803|22059,Tarbp2|Tgfb1|Trp53,-0.76
hits,Reactome Gene Sets,6,R-MMU-210993,Tie2 Signaling,,-2.1,7.1,4,21160,16,555,3,0.54,0.31,15461|18708|18709,Hras|Pik3r1|Pik3r2,-0.76
hits,GO Biological Processes,19,GO:0034497,protein localization to phagophore assembly site,19_GO:0051179 localization,-2.1,7.1,4,21160,16,555,3,0.54,0.31,77040|80877|235040,Atg16l1|Lrba|Atg4d,-0.76
hits,GO Biological Processes,19,GO:0006002,fructose 6-phosphate metabolic process,19_GO:0009987 cellular process,-2.1,7.1,4,21160,16,555,3,0.54,0.31,14751|15277|56421,Gpi1|Hk2|Pfkp,-0.76
hits,GO Biological Processes,19,GO:0010715,regulation of extracellular matrix disassembly,19_GO:0050789 regulation of biological process,-2.1,7.1,4,21160,16,555,3,0.54,0.31,13010|14726|20356,Cst3|Pdpn|Sema5a,-0.76
hits,GO Biological Processes,19,GO:0060732,positive regulation of inositol phosphate biosynthetic process,19_GO:0048518 positive regulation of biological process,-2.1,7.1,4,21160,16,555,3,0.54,0.31,17886|18799|19228,Myh9|Plcd1|Pth1r,-0.76
hits,GO Biological Processes,19,GO:0051284,positive regulation of sequestering of calcium ion,19_GO:0042592 homeostatic process,-2.1,7.1,4,21160,16,555,3,0.54,0.31,14873|18754|21803,Gsto1|Prkce|Tgfb1,-0.76
hits,Reactome Gene Sets,6,R-MMU-190840,Microtubule-dependent trafficking of connexons from Golgi to the plasma membrane,,-2.1,7.1,4,21160,16,555,3,0.54,0.31,22142|22143|227613,Tuba1a|Tuba1b|Tubb4b,-0.76
hits,GO Biological Processes,19,GO:1904814,"regulation of protein localization to chromosome, telomeric region",19_GO:0051179 localization,-2.1,7.1,4,21160,16,555,3,0.54,0.31,12461|12464|245474,Cct2|Cct4|Dkc1,-0.76
hits,GO Biological Processes,19,GO:1902931,negative regulation of alcohol biosynthetic process,19_GO:0048519 negative regulation of biological process,-2.1,7.1,4,21160,16,555,3,0.54,0.31,19091|20655|244373,Prkg1|Sod1|Erlin2,-0.76
hits,GO Biological Processes,19,GO:0061138,morphogenesis of a branching epithelium,19_GO:0032502 developmental process,-2.1,2.2,2.9,21160,204,555,12,2.2,0.62,12505|13805|14182|16000|16202|18763|20315|20348|20356|21803|21817|74533,Cd44|Eng|Fgfr1|Igf1|Ilk|Pkd1|Cxcl12|Sema3c|Sema5a|Tgfb1|Tgm2|Gzf1,-0.76
hits,GO Biological Processes,19,GO:0001667,ameboidal-type cell migration,19_GO:0009987 cellular process,-2.1,2.5,3,21160,155,555,10,1.8,0.56,16202|18810|20315|20348|20356|20397|60595|76441|77087|384783,Ilk|Plec|Cxcl12|Sema3c|Sema5a|Sgpl1|Actn4|Daam2|Ankrd11|Irs2,-0.76
hits,GO Biological Processes,19,GO:0009132,nucleoside diphosphate metabolic process,19_GO:0009987 cellular process,-2.1,3.1,3.2,21160,87,555,7,1.3,0.47,11636|12015|12496|14751|15277|22169|56421,Ak1|Bad|Entpd2|Gpi1|Hk2|Cmpk2|Pfkp,-0.76
hits,Reactome Gene Sets,6,R-MMU-1500931,Cell-Cell communication,,-2.1,3.1,3.2,21160,87,555,7,1.3,0.47,11465|12562|16202|57875|68794|93737|110829,Actg1|Cdh5|Ilk|Angptl4|Flnc|Pard6g|Lims1,-0.76
hits,GO Biological Processes,19,GO:0003151,outflow tract morphogenesis,19_GO:0032502 developmental process,-2.1,3.1,3.2,21160,87,555,7,1.3,0.47,13805|16202|16449|17684|20348|57265|77087,Eng|Ilk|Jag1|Cited2|Sema3c|Fzd2|Ankrd11,-0.76
hits,GO Biological Processes,19,GO:1905897,regulation of response to endoplasmic reticulum stress,19_GO:0050896 response to stimulus,-2.1,3.1,3.2,21160,87,555,7,1.3,0.47,13666|18708|67118|74126|74143|109815|229317,Eif2ak3|Pik3r1|Bfar|Syvn1|Opa1|Selenos|Eif2a,-0.76
hits,GO Biological Processes,19,GO:0055080,monoatomic cation homeostasis,19_GO:0042592 homeostatic process,-2.1,1.7,2.7,21160,536,555,24,4.3,0.86,11607|11966|12010|12161|12562|13400|13819|14182|14299|14319|16440|16783|18754|18799|19228|20655|20866|21803|21817|22059|66972|69668|76614|233489,Agtr1a|Atp6v1b2|B2m|Bmp6|Cdh5|Dmpk|Epas1|Fgfr1|Ncs1|Fth1|Itpr3|Lamp1|Prkce|Plcd1|Pth1r|Sod1|Stim1|Tgfb1|Tgm2|Trp53|Slc25a23|Ccdc115|Immt|Picalm,-0.75
hits,GO Biological Processes,19,GO:0002791,regulation of peptide secretion,19_GO:0051179 localization,-2.1,2,2.8,21160,283,555,15,2.7,0.69,12015|12894|14645|16443|17886|18555|18754|20866|50790|56708|64384|74551|75770|228355|384783,Bad|Cpt1a|Glul|Itsn1|Myh9|Cdk16|Prkce|Stim1|Acsl4|Clcf1|Sirt3|Pck2|Brsk2|Madd|Irs2,-0.75
hits,GO Biological Processes,19,GO:0010770,positive regulation of cell morphogenesis,19_GO:0032502 developmental process,-2.1,3.4,3.2,21160,67,555,6,1.1,0.44,13169|13844|16202|17344|66515|74143,Dbnl|Ephb2|Ilk|Pias2|Cul7|Opa1,-0.75
hits,GO Biological Processes,19,GO:0042552,myelination,19_GO:0032502 developmental process,-2.1,2.4,3,21160,156,555,10,1.8,0.56,12527|13823|15461|16202|17926|18810|19153|19211|20655|21803,Cd9|Epb41l3|Hras|Ilk|Myoc|Plec|Prx|Pten|Sod1|Tgfb1,-0.74
hits,GO Biological Processes,19,GO:0003231,cardiac ventricle development,19_GO:0032502 developmental process,-2.1,2.4,3,21160,156,555,10,1.8,0.56,13805|16449|16911|17684|20348|21803|57265|63958|109181|268977,Eng|Jag1|Lmo4|Cited2|Sema3c|Tgfb1|Fzd2|Ube4b|Trip11|Ltbp1,-0.74
hits,GO Biological Processes,19,GO:0009259,ribonucleotide metabolic process,19_GO:0009987 cellular process,-2.1,2,2.8,21160,311,555,16,2.9,0.71,11513|11636|11966|12015|14751|15277|20928|21803|23918|55936|56421|60596|66091|66925|74143|242202,Adcy7|Ak1|Atp6v1b2|Bad|Gpi1|Hk2|Abcc9|Tgfb1|Impdh2|Ctps2|Pfkp|Gucy1a1|Ndufa3|Sdhd|Opa1|Pde5a,-0.74
hits,KEGG Pathway,24,mmu05210,Colorectal cancer - Mus musculus (house mouse),,-2.1,3,3.1,21160,88,555,7,1.3,0.47,12015|15461|18708|18709|21803|22059|26419,Bad|Hras|Pik3r1|Pik3r2|Tgfb1|Trp53|Mapk8,-0.74
hits,Reactome Gene Sets,6,R-MMU-418597,G alpha (z) signalling events,,-2.1,4.9,3.6,21160,31,555,4,0.72,0.36,11513|14697|14701|66066,Adcy7|Gnb5|Gng12|Gng11,-0.74
hits,GO Biological Processes,19,GO:1902235,regulation of endoplasmic reticulum stress-induced intrinsic apoptotic signaling pathway,19_GO:0050896 response to stimulus,-2.1,4.9,3.6,21160,31,555,4,0.72,0.36,13666|74126|74143|109815,Eif2ak3|Syvn1|Opa1|Selenos,-0.74
hits,WikiPathways,27,WP3675,Factors and pathways affecting insulin like growth factor IGF1 Akt signaling,,-2.1,4.9,3.6,21160,31,555,4,0.72,0.36,16000|16012|16202|19211,Igf1|Igfbp6|Ilk|Pten,-0.74
hits,Reactome Gene Sets,6,R-MMU-1236974,ER-Phagosome pathway,,-2.1,4.9,3.6,21160,31,555,4,0.72,0.36,12010|15015|15039|20619,B2m|H2-Q4|H2-T22|Snap23,-0.74
hits,GO Biological Processes,19,GO:0036119,response to platelet-derived growth factor,19_GO:0050896 response to stimulus,-2.1,4.9,3.6,21160,31,555,4,0.72,0.36,18596|18754|22612|76709,Pdgfrb|Prkce|Yes1|Arpc2,-0.74
hits,WikiPathways,27,WP434,TCA cycle,,-2.1,4.9,3.6,21160,31,555,4,0.72,0.36,13382|17448|66925|381511,Dld|Mdh2|Sdhd|Pdp1,-0.74
hits,Reactome Gene Sets,6,R-MMU-73887,Death Receptor Signaling,,-2.1,2.8,3.1,21160,110,555,8,1.4,0.51,12015|14694|16443|22241|26419|101497|192662|228355,Bad|Rack1|Itsn1|Ulk1|Mapk8|Plekhg2|Arhgdia|Madd,-0.74
hits,GO Biological Processes,19,GO:0030900,forebrain development,19_GO:0032502 developmental process,-2.1,1.7,2.7,21160,480,555,22,4,0.83,13844|13845|13865|14182|15182|15270|18032|18227|18846|19091|19211|20315|20356|20525|22142|77040|77053|102774|216850|223697|225523|231580,Ephb2|Ephb3|Nr2f1|Fgfr1|Hdac2|H2ax|Nfix|Nr4a2|Plxna3|Prkg1|Pten|Cxcl12|Sema5a|Slc2a1|Tuba1a|Atg16l1|Sun1|Bbs4|Kdm6b|Sun2|Cep120|Gak,-0.74
hits,GO Biological Processes,19,GO:0045859,regulation of protein kinase activity,19_GO:0050789 regulation of biological process,-2.1,1.7,2.7,21160,480,555,22,4,0.83,12576|13844|14182|15461|16000|16706|18596|18810|19062|19211|20655|20869|22359|24047|66616|67605|69068|78388|100732|242202|268373|330177,Cdkn1b|Ephb2|Fgfr1|Hras|Igf1|Ksr1|Pdgfrb|Plec|Inpp5k|Pten|Sod1|Stk11|Vldlr|Ccl19|Snx9|Akt1s1|Tcim|Mvp|Mapre3|Pde5a|Ppia|Taok3,-0.74
hits,GO Biological Processes,19,GO:0010001,glial cell differentiation,19_GO:0032502 developmental process,-2.1,2.1,2.8,21160,258,555,14,2.5,0.67,15182|15461|16000|16202|16779|17926|18032|18810|19153|19211|20655|21803|22142|23928,Hdac2|Hras|Igf1|Ilk|Lamb2|Myoc|Nfix|Plec|Prx|Pten|Sod1|Tgfb1|Tuba1a|Lamc3,-0.74
hits,KEGG Pathway,24,mmu04110,Cell cycle - Mus musculus (house mouse),,-2.1,2.4,2.9,21160,157,555,10,1.8,0.56,12567|12576|13006|15182|19053|21803|22059|56371|211586|226849,Cdk4|Cdkn1b|Smc3|Hdac2|Ppp2cb|Tgfb1|Trp53|Fzr1|Tfdp2|Ppp2r5a,-0.73
hits,GO Biological Processes,19,GO:0090087,regulation of peptide transport,19_GO:0051179 localization,-2.1,2,2.8,21160,285,555,15,2.7,0.69,12015|12894|14645|16443|17886|18555|18754|20866|50790|56708|64384|74551|75770|228355|384783,Bad|Cpt1a|Glul|Itsn1|Myh9|Cdk16|Prkce|Stim1|Acsl4|Clcf1|Sirt3|Pck2|Brsk2|Madd|Irs2,-0.73
hits,GO Biological Processes,19,GO:0072521,purine-containing compound metabolic process,19_GO:0009987 cellular process,-2.1,1.7,2.7,21160,510,555,23,4.1,0.85,11513|11636|11966|12015|13350|13382|14261|14751|15277|17448|20928|21803|23918|50790|52538|56045|56421|60596|66091|66925|74143|74551|242202,Adcy7|Ak1|Atp6v1b2|Bad|Dgat1|Dld|Fmo1|Gpi1|Hk2|Mdh2|Abcc9|Tgfb1|Impdh2|Acsl4|Acaa2|Samhd1|Pfkp|Gucy1a1|Ndufa3|Sdhd|Opa1|Pck2|Pde5a,-0.73
hits,GO Biological Processes,19,GO:2000134,negative regulation of G1/S transition of mitotic cell cycle,19_GO:0048519 negative regulation of biological process,-2.1,3.4,3.2,21160,68,555,6,1.1,0.44,16600|19211|22059|26992|56190|214498,Klf4|Pten|Trp53|Brd7|Rbm38|Cdc73,-0.72
hits,GO Biological Processes,19,GO:0010639,negative regulation of organelle organization,19_GO:0048519 negative regulation of biological process,-2.1,1.9,2.7,21160,368,555,18,3.2,0.75,12562|16000|17926|18708|19062|20740|20742|22059|26949|27354|27360|52538|69807|74143|102774|110380|208177|216805,Cdh5|Igf1|Myoc|Pik3r1|Inpp5k|Sptan1|Sptbn1|Trp53|Vat1|Nbn|Add3|Acaa2|Trim32|Opa1|Bbs4|Shroom2|Phldb2|Flcn,-0.72
hits,GO Biological Processes,19,GO:0061640,cytoskeleton-dependent cytokinesis,19_GO:0009987 cellular process,-2.1,2.7,3,21160,111,555,8,1.4,0.51,18810|18952|20742|53413|53598|66515|66616|102774,Plec|Septin4|Sptbn1|Exoc7|Dctn3|Cul7|Snx9|Bbs4,-0.72
hits,GO Biological Processes,19,GO:1901890,positive regulation of cell junction assembly,19_GO:0048518 positive regulation of biological process,-2.1,2.6,3,21160,134,555,9,1.6,0.54,13844|13845|17886|17926|18708|20194|71436|110829|399558,Ephb2|Ephb3|Myh9|Myoc|Pik3r1|S100a10|Flrt3|Lims1|Flrt2,-0.72
hits,GO Biological Processes,19,GO:0009062,fatty acid catabolic process,19_GO:0009987 cellular process,-2.1,3,3.1,21160,89,555,7,1.3,0.47,12894|18634|23986|26569|52538|64898|74551,Cpt1a|Pex7|Eci2|Slc27a4|Acaa2|Lpin2|Pck2,-0.72
hits,GO Biological Processes,19,GO:1904063,negative regulation of cation transmembrane transport,19_GO:0051179 localization,-2.1,3,3.1,21160,89,555,7,1.3,0.47,14697|14873|18754|21803|30948|58799|83814,Gnb5|Gsto1|Prkce|Tgfb1|Bin1|Crbn|Nedd4l,-0.72
hits,GO Biological Processes,19,GO:0072006,nephron development,19_GO:0032502 developmental process,-2,2.4,2.9,21160,158,555,10,1.8,0.56,12505|16202|16449|16779|18596|18763|60595|74055|74533|269152,Cd44|Ilk|Jag1|Lamb2|Pdgfrb|Pkd1|Actn4|Plce1|Gzf1|Kif26b,-0.72
hits,GO Biological Processes,19,GO:0043403,skeletal muscle tissue regeneration,19_GO:0040007 growth,-2,3.9,3.3,21160,49,555,5,0.9,0.4,12527|14369|16000|18032|21357,Cd9|Fzd7|Igf1|Nfix|Tarbp2,-0.72
hits,GO Biological Processes,19,GO:0042789,mRNA transcription by RNA polymerase II,19_GO:0009987 cellular process,-2,3.9,3.3,21160,49,555,5,0.9,0.4,12306|13819|17978|20182|20194,Anxa2|Epas1|Ncoa2|Rxrb|S100a10,-0.72
hits,GO Biological Processes,19,GO:0043114,regulation of vascular permeability,19_GO:0032501 multicellular organismal process,-2,3.9,3.3,21160,49,555,5,0.9,0.4,12161|12562|18810|21803|21873,Bmp6|Cdh5|Plec|Tgfb1|Tjp2,-0.72
hits,GO Biological Processes,19,GO:0045740,positive regulation of DNA replication,19_GO:0048518 positive regulation of biological process,-2,3.9,3.3,21160,49,555,5,0.9,0.4,13010|14182|15461|26419|268936,Cst3|Fgfr1|Hras|Mapk8|Brpf3,-0.72
hits,GO Biological Processes,19,GO:0001701,in utero embryonic development,19_GO:0032502 developmental process,-2,1.7,2.7,21160,571,555,25,4.5,0.88,13819|13875|14182|14751|17684|17886|18550|18596|18763|18799|19062|19228|20182|22059|27354|57267|71458|74126|77087|77480|110809|216805|226841|234366|244879,Epas1|Erf|Fgfr1|Gpi1|Cited2|Myh9|Furin|Pdgfrb|Pkd1|Plcd1|Inpp5k|Pth1r|Rxrb|Trp53|Nbn|Apba3|Bcor|Syvn1|Ankrd11|Kidins220|Srsf1|Flcn|Vash2|Gatad2a|Npat,-0.71
hits,KEGG Pathway,24,mmu04145,Phagosome - Mus musculus (house mouse),,-2,2.3,2.9,21160,183,555,11,2,0.59,11465|11966|15015|15039|16783|21827|21828|22142|22143|227613|271457,Actg1|Atp6v1b2|H2-Q4|H2-T22|Lamp1|Thbs3|Thbs4|Tuba1a|Tuba1b|Tubb4b|Rab5a,-0.71
hits,GO Biological Processes,19,GO:0071236,cellular response to antibiotic,19_GO:0050896 response to stimulus,-2,6.7,3.9,21160,17,555,3,0.54,0.31,12576|15182|22059,Cdkn1b|Hdac2|Trp53,-0.71
hits,GO Biological Processes,19,GO:0090051,negative regulation of cell migration involved in sprouting angiogenesis,19_GO:0040011 locomotion,-2,6.7,3.9,21160,17,555,3,0.54,0.31,16600|18709|23938,Klf4|Pik3r2|Map2k5,-0.71
hits,GO Biological Processes,19,GO:0048841,regulation of axon extension involved in axon guidance,19_GO:0040007 growth,-2,6.7,3.9,21160,17,555,3,0.54,0.31,18846|20315|20356,Plxna3|Cxcl12|Sema5a,-0.71
hits,Reactome Gene Sets,6,R-MMU-190872,Transport of connexons to the plasma membrane,,-2,6.7,3.9,21160,17,555,3,0.54,0.31,22142|22143|227613,Tuba1a|Tuba1b|Tubb4b,-0.71
hits,GO Biological Processes,19,GO:0061000,negative regulation of dendritic spine development,19_GO:0048519 negative regulation of biological process,-2,6.7,3.9,21160,17,555,3,0.54,0.31,15182|19211|20620,Hdac2|Pten|Plk2,-0.71
hits,GO Biological Processes,19,GO:0042407,cristae formation,19_GO:0009987 cellular process,-2,6.7,3.9,21160,17,555,3,0.54,0.31,66098|74143|76614,Chchd6|Opa1|Immt,-0.71
hits,GO Biological Processes,19,GO:0060044,negative regulation of cardiac muscle cell proliferation,19_GO:0040007 growth,-2,6.7,3.9,21160,17,555,3,0.54,0.31,15182|17684|19211,Hdac2|Cited2|Pten,-0.71
hits,GO Biological Processes,19,GO:0070920,regulation of regulatory ncRNA processing,19_GO:0048519 negative regulation of biological process,-2,6.7,3.9,21160,17,555,3,0.54,0.31,21357|21803|22059,Tarbp2|Tgfb1|Trp53,-0.71
hits,GO Biological Processes,19,GO:0060973,cell migration involved in heart development,19_GO:0032502 developmental process,-2,6.7,3.9,21160,17,555,3,0.54,0.31,13805|18596|71436,Eng|Pdgfrb|Flrt3,-0.71
hits,GO Biological Processes,19,GO:0021761,limbic system development,19_GO:0032502 developmental process,-2,2.5,2.9,21160,135,555,9,1.6,0.54,14182|15182|18032|18846|19211|22142|77040|102774|216850,Fgfr1|Hdac2|Nfix|Plxna3|Pten|Tuba1a|Atg16l1|Bbs4|Kdm6b,-0.71
hits,Reactome Gene Sets,6,R-MMU-69275,G2/M Transition,,-2,2.4,2.9,21160,159,555,10,1.8,0.56,15516|19053|19175|22059|22142|22143|53598|70247|216274|227613,Hsp90ab1|Ppp2cb|Psmb6|Trp53|Tuba1a|Tuba1b|Dctn3|Psmd1|Cep290|Tubb4b,-0.71
hits,GO Biological Processes,19,GO:0007272,ensheathment of neurons,19_GO:0032502 developmental process,-2,2.4,2.9,21160,159,555,10,1.8,0.56,12527|13823|15461|16202|17926|18810|19153|19211|20655|21803,Cd9|Epb41l3|Hras|Ilk|Myoc|Plec|Prx|Pten|Sod1|Tgfb1,-0.71
hits,GO Biological Processes,19,GO:0008366,axon ensheathment,19_GO:0032502 developmental process,-2,2.4,2.9,21160,159,555,10,1.8,0.56,12527|13823|15461|16202|17926|18810|19153|19211|20655|21803,Cd9|Epb41l3|Hras|Ilk|Myoc|Plec|Prx|Pten|Sod1|Tgfb1,-0.71
hits,GO Biological Processes,19,GO:0007420,brain development,19_GO:0032502 developmental process,-2,1.6,2.6,21160,784,555,32,5.8,0.99,13844|13845|13865|14182|14368|15182|15270|16000|18032|18227|18846|18952|19091|19211|20168|20315|20356|20525|22059|22142|22241|56710|77040|77053|102774|110380|216274|216850|223697|225523|231580|384783,Ephb2|Ephb3|Nr2f1|Fgfr1|Fzd6|Hdac2|H2ax|Igf1|Nfix|Nr4a2|Plxna3|Septin4|Prkg1|Pten|Rtn3|Cxcl12|Sema5a|Slc2a1|Trp53|Tuba1a|Ulk1|Brinp1|Atg16l1|Sun1|Bbs4|Shroom2|Cep290|Kdm6b|Sun2|Cep120|Gak|Irs2,-0.71
hits,GO Biological Processes,19,GO:0051897,positive regulation of phosphatidylinositol 3-kinase/protein kinase B signal transduction,19_GO:0048518 positive regulation of biological process,-2,2.2,2.8,21160,209,555,12,2.2,0.62,13805|14182|16000|16202|16443|17926|18596|20315|20356|21803|24047|384783,Eng|Fgfr1|Igf1|Ilk|Itsn1|Myoc|Pdgfrb|Cxcl12|Sema5a|Tgfb1|Ccl19|Irs2,-0.71
hits,GO Biological Processes,19,GO:0055022,negative regulation of cardiac muscle tissue growth,19_GO:0040007 growth,-2,4.8,3.5,21160,32,555,4,0.72,0.36,15182|17684|19211|22632,Hdac2|Cited2|Pten|Yy1,-0.71
hits,Reactome Gene Sets,6,R-MMU-9706574,RHOBTB GTPase Cycle,,-2,4.8,3.5,21160,32,555,4,0.72,0.36,11465|12461|15516|242202,Actg1|Cct2|Hsp90ab1|Pde5a,-0.71
hits,KEGG Pathway,24,mmu00020,Citrate cycle (TCA cycle) - Mus musculus (house mouse),,-2,4.8,3.5,21160,32,555,4,0.72,0.36,13382|17448|66925|74551,Dld|Mdh2|Sdhd|Pck2,-0.71
hits,Reactome Gene Sets,6,R-MMU-71403,Citric acid cycle (TCA cycle),,-2,4.8,3.5,21160,32,555,4,0.72,0.36,13382|17448|64384|66925,Dld|Mdh2|Sirt3|Sdhd,-0.71
hits,GO Biological Processes,19,GO:0071353,cellular response to interleukin-4,19_GO:0050896 response to stimulus,-2,4.8,3.5,21160,32,555,4,0.72,0.36,12567|15516|22143|23918,Cdk4|Hsp90ab1|Tuba1b|Impdh2,-0.71
hits,GO Biological Processes,19,GO:0061117,negative regulation of heart growth,19_GO:0040007 growth,-2,4.8,3.5,21160,32,555,4,0.72,0.36,15182|17684|19211|22632,Hdac2|Cited2|Pten|Yy1,-0.71
hits,GO Biological Processes,19,GO:0030239,myofibril assembly,19_GO:0032502 developmental process,-2,3.3,3.2,21160,69,555,6,1.1,0.44,11465|12632|18596|18810|68794|98932,Actg1|Cfl2|Pdgfrb|Plec|Flnc|Myl9,-0.71
hits,GO Biological Processes,19,GO:0006879,intracellular iron ion homeostasis,19_GO:0042592 homeostatic process,-2,3.3,3.2,21160,69,555,6,1.1,0.44,12010|12161|14319|20655|69668|233489,B2m|Bmp6|Fth1|Sod1|Ccdc115|Picalm,-0.71
hits,GO Biological Processes,19,GO:0010907,positive regulation of glucose metabolic process,19_GO:0048518 positive regulation of biological process,-2,3.3,3.2,21160,69,555,6,1.1,0.44,12952|13194|16000|20411|20869|384783,Cry1|Ddb1|Igf1|Sorbs1|Stk11|Irs2,-0.71
hits,GO Biological Processes,19,GO:0001570,vasculogenesis,19_GO:0032502 developmental process,-2,3,3.1,21160,90,555,7,1.3,0.47,13805|14182|17684|18596|20397|21803|66515,Eng|Fgfr1|Cited2|Pdgfrb|Sgpl1|Tgfb1|Cul7,-0.71
hits,Reactome Gene Sets,6,R-MMU-69620,Cell Cycle Checkpoints,,-2,2,2.8,21160,262,555,14,2.5,0.67,12576|15270|16563|19053|19175|19386|20184|22059|27354|56430|68024|70247|77891|226849,Cdkn1b|H2ax|Kif2a|Ppp2cb|Psmb6|Ranbp2|Uimc1|Trp53|Nbn|Clip1|H2bc4|Psmd1|Ube2s|Ppp2r5a,-0.7
hits,GO Biological Processes,19,GO:0009150,purine ribonucleotide metabolic process,19_GO:0009987 cellular process,-2,2,2.7,21160,289,555,15,2.7,0.69,11513|11636|11966|12015|14751|15277|20928|21803|23918|56421|60596|66091|66925|74143|242202,Adcy7|Ak1|Atp6v1b2|Bad|Gpi1|Hk2|Abcc9|Tgfb1|Impdh2|Pfkp|Gucy1a1|Ndufa3|Sdhd|Opa1|Pde5a,-0.7
hits,Reactome Gene Sets,6,R-MMU-9013149,RAC1 GTPase cycle,,-2,2.4,2.9,21160,160,555,10,1.8,0.56,16449|18708|18709|20619|64652|101497|170791|192662|219140|330177,Jag1|Pik3r1|Pik3r2|Snap23|Nisch|Plekhg2|Rbm39|Arhgdia|Spata13|Taok3,-0.7
hits,GO Biological Processes,19,GO:0035640,exploration behavior,19_GO:0032501 multicellular organismal process,-2,3.8,3.3,21160,50,555,5,0.9,0.4,18754|22142|28199|56710|58799,Prkce|Tuba1a|Dcaf11|Brinp1|Crbn,-0.7
hits,Reactome Gene Sets,6,R-MMU-3371497,HSP90 chaperone cycle for steroid hormone receptors (SHR) in the presence of ligand,,-2,3.8,3.3,21160,50,555,5,0.9,0.4,15516|22142|22143|53598|227613,Hsp90ab1|Tuba1a|Tuba1b|Dctn3|Tubb4b,-0.7
hits,GO Biological Processes,19,GO:0048762,mesenchymal cell differentiation,19_GO:0032502 developmental process,-2,2.3,2.8,21160,185,555,11,2,0.59,13805|14182|15384|16449|17684|20348|20356|21803|66515|77087|106628,Eng|Fgfr1|Hnrnpab|Jag1|Cited2|Sema3c|Sema5a|Tgfb1|Cul7|Ankrd11|Trip10,-0.7
hits,KEGG Pathway,24,mmu04725,Cholinergic synapse - Mus musculus (house mouse),,-2,2.7,3,21160,113,555,8,1.4,0.51,11513|14697|14701|15461|16440|18708|18709|66066,Adcy7|Gnb5|Gng12|Hras|Itpr3|Pik3r1|Pik3r2|Gng11,-0.7
hits,GO Biological Processes,19,GO:0043122,regulation of canonical NF-kappaB signal transduction,19_GO:0050896 response to stimulus,-2,2,2.8,21160,263,555,14,2.5,0.67,14252|16202|16600|18754|21803|21817|23938|24047|56200|67836|69807|76793|110829|266632,Flot2|Ilk|Klf4|Prkce|Tgfb1|Tgm2|Map2k5|Ccl19|Ddx21|Wdr83|Trim32|Snip1|Lims1|Irak4,-0.69
hits,GO Biological Processes,19,GO:0042060,wound healing,19_GO:0050896 response to stimulus,-2,2,2.7,21160,290,555,15,2.7,0.69,12496|12505|13805|14368|14369|14595|14726|16000|16440|17886|18810|20910|21824|57875|268373,Entpd2|Cd44|Eng|Fzd6|Fzd7|B4galt1|Pdpn|Igf1|Itpr3|Myh9|Plec|Stxbp1|Thbd|Angptl4|Ppia,-0.69
hits,GO Biological Processes,19,GO:0050803,regulation of synapse structure or activity,19_GO:0065007 biological regulation,-2,1.8,2.7,21160,401,555,19,3.4,0.77,13169|13400|13844|13845|14182|14735|16443|18208|18708|19211|22142|22359|71436|72961|74143|83814|208643|233489|399558,Dbnl|Dmpk|Ephb2|Ephb3|Fgfr1|Gpc4|Itsn1|Ntn1|Pik3r1|Pten|Tuba1a|Vldlr|Flrt3|Slc17a7|Opa1|Nedd4l|Eif4g1|Picalm|Flrt2,-0.69
hits,GO Biological Processes,19,GO:0050867,positive regulation of cell activation,19_GO:0048518 positive regulation of biological process,-2,1.8,2.7,21160,401,555,19,3.4,0.77,12010|12015|12400|13350|13844|14182|14252|14726|16000|18596|20851|21803|24047|26992|54721|56708|74143|77125|384783,B2m|Bad|Cbfb|Dgat1|Ephb2|Fgfr1|Flot2|Pdpn|Igf1|Pdgfrb|Stat5b|Tgfb1|Ccl19|Brd7|Tyk2|Clcf1|Opa1|Il33|Irs2,-0.69
