p_val,avg_log2FC,pct.1,pct.2,p_val_adj,cluster,gene,pct.1_pct.2,pct_method_1
0,3.65300200322006,0.948,0.155,0,c0,Samd11,0.793,0.751764
0,3.12920495991328,0.973,0.202,0,c0,Aipl1,0.771,0.750183
0,3.43891399624836,0.969,0.199,0,c0,Nrl,0.77,0.74613
0,3.17827014973874,0.969,0.203,0,c0,Grk1,0.766,0.742254
0,3.10388980379433,0.976,0.218,0,c0,Tulp1,0.758,0.739808
0,3.26168704154478,0.971,0.214,0,c0,Cngb1,0.757,0.735047
0,3.08293546287984,0.975,0.223,0,c0,Rs1,0.752,0.7332
0,3.27314783358062,0.939,0.16,0,c0,Impg2,0.779,0.731481
0,3.6059671824798,0.941,0.164,0,c0,Nr2e3,0.777,0.731157
0,3.17396180379209,0.948,0.181,0,c0,Mpp4,0.767,0.727116
0,3.23641275289078,0.988,0.253,0,c0,Pde6b,0.735,0.72618
0,3.3703816693693,0.954,0.193,0,c0,Guca1b,0.761,0.725994
0,3.15875492464599,0.95,0.186,0,c0,Prom1,0.764,0.7258
0,3.23161160373771,0.97,0.226,0,c0,Rp1,0.744,0.72168
0,2.77825063949437,0.97,0.243,0,c0,Crx,0.727,0.70519
0,3.67758944531823,0.912,0.139,0,c0,Pitpnm3,0.773,0.704976
0,3.2860172927749,0.936,0.19,0,c0,Rdh12,0.746,0.698256
0,3.33533384007031,0.904,0.133,0,c0,Impg1,0.771,0.696984
0,3.42256247140896,0.917,0.16,0,c0,Wdr17,0.757,0.694169
0,2.91084010301627,0.972,0.263,0,c0,Fam57b,0.709,0.689148
0,2.51499419678237,0.97,0.262,0,c0,Slc17a7,0.708,0.68676
0,3.70574149568758,0.896,0.131,0,c0,Cnga1,0.765,0.68544
0,3.200551314333,0.923,0.186,0,c0,Cplx4,0.737,0.680251
0,3.35045787952854,0.923,0.196,0,c0,Reep6,0.727,0.671021
0,3.4729839817978,0.887,0.135,0,c0,Pex5l,0.752,0.667024
0,3.54831858947855,0.878,0.123,0,c0,Rp1l1,0.755,0.66289
0,2.84191049652197,0.94,0.241,0,c0,Neurod1,0.699,0.65706
0,3.0633275706172,0.902,0.177,0,c0,Gucy2e,0.725,0.65395
0,2.8197276289282,0.987,0.327,0,c0,Rcvrn,0.66,0.65142
0,2.81044532297945,0.992,0.336,0,c0,Prph2,0.656,0.650752
0,3.28947121832016,0.876,0.138,0,c0,Fabp12,0.738,0.646488
0,3.17967532851253,0.899,0.182,0,c0,Casz1,0.717,0.644583
0,2.51292107373143,0.988,0.337,0,c0,Rbp3,0.651,0.643188
0,2.79370945419204,0.901,0.188,0,c0,Plch2,0.713,0.642413
0,3.44830177109624,0.863,0.13,0,c0,Pcare,0.733,0.632579
0,3.41601664422979,0.869,0.142,0,c0,Drd4,0.727,0.631763
0,3.85897773953021,0.849,0.105,0,c0,Esrrb,0.744,0.631656
0,3.45010131474828,0.852,0.118,0,c0,Frmpd2,0.734,0.625368
0,3.30560594252286,0.855,0.125,0,c0,Mak,0.73,0.62415
0,2.67476403170787,0.978,0.345,0,c0,Gngt1,0.633,0.619074
0,3.09716505749635,0.888,0.191,0,c0,Atp8a2,0.697,0.618936
0,3.27869610690972,0.851,0.124,0,c0,Ankrd33,0.727,0.618677
0,2.1821629853467,0.914,0.238,0,c0,Snap25,0.676,0.617864
0,2.65821827447145,0.897,0.21,0,c0,Pcdh15,0.687,0.616239
0,3.35569129737613,0.849,0.128,0,c0,Ano2,0.721,0.612129
0,3.455409435997,0.85,0.134,0,c0,Kcnv2,0.716,0.6086
0,2.62744713372227,0.988,0.378,0,c0,Pde6g,0.61,0.60268
0,2.41230097454636,0.868,0.18,0,c0,Cacna2d4,0.688,0.597184
0,2.64335417399979,0.927,0.283,0,c0,Impdh1,0.644,0.596988
0,3.08241195945497,0.869,0.188,0,c0,Fam161a,0.681,0.591789
0,3.0408567298929,0.876,0.21,0,c0,Mdm1,0.666,0.583416
0,2.4154790387968,0.904,0.261,0,c0,Cdhr1,0.643,0.581272
0,3.33905087114893,0.835,0.139,0,c0,Nxnl1,0.696,0.58116
0,3.18873774982301,0.855,0.177,0,c0,Kcnb1,0.678,0.57969
0,2.71484524159938,0.989,0.405,0,c0,Pdc,0.584,0.577576
0,2.98339002449327,0.846,0.164,0,c0,Egflam,0.682,0.576972
0,3.50196080932668,0.823,0.124,0,c0,Slco4a1,0.699,0.575277
0,2.5356458418433,0.944,0.337,0,c0,Herc3,0.607,0.573008
0,3.2581587763966,0.835,0.154,0,c0,Adcy1,0.681,0.568635
0,3.05896386442935,0.843,0.171,0,c0,Gucy2f,0.672,0.566496
0,3.19078160592512,0.82,0.131,0,c0,Rtbdn,0.689,0.56498
0,3.18080259648843,0.837,0.163,0,c0,Tub,0.674,0.564138
0,2.29464736171277,0.921,0.315,0,c0,Stx3,0.606,0.558126
0,1.87966521577743,0.913,0.306,0,c0,Fam169a,0.607,0.554191
0,2.58269078057509,0.908,0.301,0,c0,Arl6,0.607,0.551156
0,3.68586299541562,0.805,0.121,0,c0,Kcnj14,0.684,0.55062
0,2.61639350761207,0.918,0.326,0,c0,Pfkfb2,0.592,0.543456
0,2.9972559553133,0.822,0.161,0,c0,Ubap1l,0.661,0.543342
0,3.18411091369749,0.811,0.144,0,c0,Pla2r1,0.667,0.540937
0,2.69719981876769,0.834,0.186,0,c0,Hcn1,0.648,0.540432
0,3.09136920500947,0.825,0.17,0,c0,Ankrd33b,0.655,0.540375
0,2.05398192533802,0.949,0.384,0,c0,Stxbp1,0.565,0.536185
0,2.5966742323482,0.845,0.216,0,c0,Vtn,0.629,0.531505
0,3.37100166476834,0.808,0.154,0,c0,Grtp1,0.654,0.528432
0,2.12039293979617,0.909,0.33,0,c0,Madd,0.579,0.526311
0,2.32293660593639,0.894,0.307,0,c0,Map1b,0.587,0.524778
0,1.73376489773658,0.93,0.366,0,c0,Cadm1,0.564,0.52452
0,2.28138140823355,0.833,0.204,0,c0,Crb1,0.629,0.523957
0,2.54523242339692,0.838,0.214,0,c0,Nfasc,0.624,0.522912
0,1.87273311871451,0.861,0.255,0,c0,Syt1,0.606,0.521766
0,2.92458135117258,0.815,0.176,0,c0,Cacnb2,0.639,0.520785
0,3.53728493579222,0.779,0.113,0,c0,Samd7,0.666,0.518814
0,2.92680444735718,0.848,0.237,0,c0,Bbs9,0.611,0.518128
0,2.98497849939876,0.797,0.147,0,c0,Adamts3,0.65,0.51805
0,3.33270523965858,0.782,0.121,0,c0,Ppef2,0.661,0.516902
0,2.56839243259729,0.994,0.474,0,c0,Gnat1,0.52,0.51688
0,2.34104734690061,0.943,0.397,0,c0,C2cd2l,0.546,0.514878
0,2.05802259949182,0.949,0.407,0,c0,Pitpnm1,0.542,0.514358
0,2.17406714726748,0.948,0.408,0,c0,Dlg4,0.54,0.51192
0,1.89394433876859,0.975,0.452,0,c0,Rgs9,0.523,0.509925
0,3.29017838890201,0.772,0.114,0,c0,Ush2a,0.658,0.507976
0,3.22008610635928,0.773,0.116,0,c0,DEPRECATED-ENSMUSG00000048617,0.657,0.507861
0,2.57177504694191,0.796,0.158,0,c0,Cacna1f,0.638,0.507848
0,2.39083322059168,0.876,0.3,0,c0,Tnfsf13,0.576,0.504576
0,2.8067140311183,0.839,0.238,0,c0,Ccdc126,0.601,0.504239
0,2.60716059249181,0.8,0.17,0,c0,Dscaml1,0.63,0.504
0,2.78219555936903,0.813,0.202,0,c0,Dpf3,0.611,0.496743
0,2.3902121407427,0.915,0.373,0,c0,Tdrd7,0.542,0.49593
0,2.30226253184033,0.922,0.385,0,c0,Icmt,0.537,0.495114
0,3.64995331143825,0.753,0.097,0,c0,Rdh8,0.656,0.493968
0,2.23136650704035,0.865,0.296,0,c0,Cadm2,0.569,0.492185
0,2.56656802283155,0.856,0.285,0,c0,Slc4a7,0.571,0.488776
0,1.98391369199588,0.905,0.365,0,c0,Osbp2,0.54,0.4887
0,2.88085338707783,0.785,0.163,0,c0,Ppp2r2b,0.622,0.48827
0,2.32720577494766,0.848,0.273,0,c0,Map2,0.575,0.4876
0,2.34495525573278,0.854,0.284,0,c0,Kif21b,0.57,0.48678
0,2.079883932239,0.893,0.348,0,c0,Crocc,0.545,0.486685
0,2.60413264025826,0.788,0.171,0,c0,Rasgrf2,0.617,0.486196
0,1.77210706605015,0.857,0.295,0,c0,Slc1a2,0.562,0.481634
0,2.57707806264169,0.799,0.198,0,c0,Rd3,0.601,0.480199
0,2.09454376064868,0.96,0.461,0,c0,Gnb5,0.499,0.47904
0,1.92536729755222,0.846,0.28,0,c0,Dnm1,0.566,0.478836
0,3.09763541223538,0.772,0.154,0,c0,Glb1l2,0.618,0.477096
0,1.69621727460058,0.963,0.47,0,c0,Epb41l2,0.493,0.474759
0,2.60195116776212,0.777,0.167,0,c0,Lrit1,0.61,0.47397
0,2.54784250184109,0.761,0.14,0,c0,Slc1a7,0.621,0.472581
0,2.48206362517568,0.839,0.277,0,c0,Dgke,0.562,0.471518
0,1.96142025493417,0.806,0.221,0,c0,Syp,0.585,0.47151
0,3.55210766046639,0.747,0.116,0,c0,Susd3,0.631,0.471357
0,2.89625818741019,0.799,0.216,0,c0,Glmn,0.583,0.465817
0,2.57591334857135,0.813,0.244,0,c0,Tbc1d8,0.569,0.462597
0,2.75071966340038,0.807,0.234,0,c0,Klhl18,0.573,0.462411
0,2.10227569198852,0.79,0.208,0,c0,Snap91,0.582,0.45978
0,2.49659021549088,0.847,0.305,0,c0,Vopp1,0.542,0.459074
0,2.05578321522392,0.897,0.386,0,c0,Elovl4,0.511,0.458367
0,3.31940165133319,0.741,0.124,0,c0,Rgs9bp,0.617,0.457197
0,2.36049543052314,0.905,0.401,0,c0,Ric8b,0.504,0.45612
0,2.95209106232185,0.745,0.134,0,c0,Pde8b,0.611,0.455195
0,3.18647500384997,0.73,0.114,0,c0,Wdr31,0.616,0.44968
0,3.67774131808298,0.721,0.098,0,c0,Nxnl2,0.623,0.449183
0,3.10756987240466,0.763,0.175,0,c0,Bbs7,0.588,0.448644
0,2.22961478113593,0.877,0.371,0,c0,Ndrg3,0.506,0.443762
0,2.78780328552651,0.755,0.168,0,c0,Whrn,0.587,0.443185
0,2.26620592947809,0.815,0.273,0,c0,Ndrg1,0.542,0.44173
0,2.57372279407358,0.816,0.276,0,c0,Uckl1,0.54,0.44064
0,2.76328004668437,0.758,0.177,0,c0,Psd,0.581,0.440398
0,2.00458699464137,0.831,0.302,0,c0,Prcd,0.529,0.439599
0,2.40932597251908,0.774,0.208,0,c0,Lrit2,0.566,0.438084
0,3.08804550787309,0.74,0.149,0,c0,Cdk5r2,0.591,0.43734
0,1.97649202404531,0.847,0.332,0,c0,Rorb,0.515,0.436205
0,2.5196557305756,0.79,0.239,0,c0,Bicdl1,0.551,0.43529
0,2.97451083346231,0.758,0.185,0,c0,Bbs5,0.573,0.434334
0,3.15071943397394,0.738,0.15,0,c0,Gnaz,0.588,0.433944
0,1.66292020460679,0.957,0.506,0,c0,Plekhb1,0.451,0.431607
0,1.94076582178362,0.982,0.544,0,c0,Rom1,0.438,0.430116
0,1.75754149901313,0.914,0.447,0,c0,Bin1,0.467,0.426838
0,2.04951824469806,0.83,0.318,0,c0,Tnfsf12,0.512,0.42496
0,2.23784725756046,0.825,0.31,0,c0,Fam53b,0.515,0.424875
0,2.15952059489961,0.842,0.338,0,c0,Agtpbp1,0.504,0.424368
0,2.48517090005916,0.777,0.231,0,c0,Cep290,0.546,0.424242
0,1.91612944640801,0.976,0.542,0,c0,Epb41,0.434,0.423584
0,2.95070757412086,0.729,0.152,0,c0,Hs3st3b1,0.577,0.420633
0,1.19364556586564,0.861,0.375,0,c0,Mgarp,0.486,0.418446
0,2.50118322908065,0.748,0.19,0,c0,Alpl,0.558,0.417384
0,1.22674668254165,0.963,0.536,0,c0,Abca4,0.427,0.411201
0,3.04679196116047,0.718,0.147,0,c0,Cds1,0.571,0.409978
0,1.74975694336775,0.934,0.501,0,c0,Ptp4a3,0.433,0.404422
0,2.04678939011432,0.854,0.381,0,c0,Ddhd1,0.473,0.403942
0,2.41993341773026,0.736,0.189,0,c0,Rapgef5,0.547,0.402592
0,2.52404419094916,0.763,0.236,0,c0,Ppp3cc,0.527,0.402101
0,3.39985383891841,0.687,0.103,0,c0,Frmpd1,0.584,0.401208
0,2.56614818596213,0.776,0.264,0,c0,Ebpl,0.512,0.397312
0,1.8188566308241,0.851,0.385,0,c0,Rufy3,0.466,0.396566
0,2.41347145899923,0.737,0.199,0,c0,Rims2,0.538,0.396506
0,1.69055524090728,0.887,0.44,0,c0,Gramd1b,0.447,0.396489
0,2.05820839093562,0.86,0.404,0,c0,Trafd1,0.456,0.39216
0,3.10126984255435,0.703,0.146,0,c0,Arhgef26,0.557,0.391571
0,2.25038285938956,0.725,0.185,0,c0,Lrit3,0.54,0.3915
0,2.50470535835578,0.778,0.275,0,c0,Nadk2,0.503,0.391334
0,1.56195924162714,0.862,0.409,0,c0,Ank2,0.453,0.390486
0,3.04672165031024,0.715,0.169,0,c0,Gpsm2,0.546,0.39039
0,2.95713334110984,0.709,0.163,0,c0,Plpp2,0.546,0.387114
0,1.89537597928875,0.803,0.323,0,c0,Dmxl2,0.48,0.38544
0,1.7511324741263,0.875,0.435,0,c0,Mapre3,0.44,0.385
0,1.91184860197279,0.908,0.485,0,c0,Pcmtd2,0.423,0.384084
0,1.58670438413281,0.924,0.509,0,c0,Camk2d,0.415,0.38346
0,1.07489237771544,0.968,0.573,0,c0,Slc24a1,0.395,0.38236
0,2.18379433498211,0.814,0.347,0,c0,Kdm4c,0.467,0.380138
0,1.89917746333308,0.779,0.293,0,c0,Eno2,0.486,0.378594
0,3.45951604377997,0.665,0.098,0,c0,Cerkl,0.567,0.377055
0,1.66828494684049,0.951,0.555,0,c0,Ybx3,0.396,0.376596
0,3.19039765588695,0.666,0.101,0,c0,Ppm1n,0.565,0.37629
0,2.28161343066073,0.732,0.219,0,c0,Camk1d,0.513,0.375516
0,1.28913536797857,0.863,0.428,0,c0,Pcbp3,0.435,0.375405
0,1.73878785152479,0.821,0.368,0,c0,Dpysl3,0.453,0.371913
0,3.2542077967826,0.675,0.125,0,c0,Ppargc1b,0.55,0.37125
0,1.74572741414371,0.824,0.374,0,c0,Scamp5,0.45,0.3708
0,2.6951955569152,0.678,0.132,0,c0,Podxl,0.546,0.370188
0,1.7324361676222,0.713,0.194,0,c0,Slc12a5,0.519,0.370047
0,1.94020405019456,0.782,0.309,0,c0,Wasf3,0.473,0.369886
0,2.00169869477425,0.833,0.391,0,c0,Rhot1,0.442,0.368186
0,1.92292202052977,0.866,0.441,0,c0,Usp33,0.425,0.36805
0,2.02564585695623,0.768,0.289,0,c0,Mab21l1,0.479,0.367872
0,1.88670775883882,0.853,0.422,0,c0,Ap2a2,0.431,0.367643
0,1.83166360938581,0.784,0.316,0,c0,Hook1,0.468,0.366912
0,1.93680670232449,0.839,0.402,0,c0,Map4k3,0.437,0.366643
0,1.59915079287288,0.972,0.597,0,c0,Unc119,0.375,0.3645
0,2.28213389768126,0.703,0.185,0,c0,Klc3,0.518,0.364154
0,2.19018841054059,0.785,0.323,0,c0,Eml3,0.462,0.36267
0,2.4149722504726,0.722,0.22,0,c0,Amer2,0.502,0.362444
0,2.069919228012,0.787,0.327,0,c0,Ttc8,0.46,0.36202
0,2.68537659976253,0.709,0.199,0,c0,Lca5,0.51,0.36159
0,1.96784666228679,0.851,0.428,0,c0,Stard7,0.423,0.359973
0,1.91740224984511,0.83,0.399,0,c0,Memo1,0.431,0.35773
0,1.72553688431022,0.892,0.491,0,c0,Ppp2r5c,0.401,0.357692
0,2.31289621588471,0.722,0.228,0,c0,Sgip1,0.494,0.356668
0,1.38484118439769,0.812,0.374,0,c0,Zdhhc2,0.438,0.355656
0,1.76947390654632,0.9,0.505,0,c0,Tnpo1,0.395,0.3555
0,1.58052349765311,0.895,0.498,0,c0,Mef2d,0.397,0.355315
0,2.05512150619954,0.716,0.22,0,c0,Eml5,0.496,0.355136
0,2.32533707314395,0.699,0.191,0,c0,Ntm,0.508,0.355092
0,3.1095261364247,0.659,0.121,0,c0,Fhod3,0.538,0.354542
0,2.52742368528465,0.699,0.194,0,c0,Dnm3,0.505,0.352995
0,1.62614338654417,0.869,0.466,0,c0,Clasp1,0.403,0.350207
0,1.89790587810991,0.78,0.332,0,c0,Kirrel,0.448,0.34944
0,1.6190233232031,0.875,0.478,0,c0,Fryl,0.397,0.347375
0,1.58986278715231,0.784,0.341,0,c0,Map7,0.443,0.347312
0,1.49701868132673,0.812,0.385,0,c0,Msi1,0.427,0.346724
0,1.83690561139021,0.775,0.328,0,c0,Jam2,0.447,0.346425
0,1.02338651187582,0.825,0.407,0,c0,Ncam1,0.418,0.34485
0,1.98924554343164,0.813,0.39,0,c0,Rabgef1,0.423,0.343899
0,1.7617268876294,0.755,0.3,0,c0,Adgrv1,0.455,0.343525
0,1.47098106660713,0.917,0.543,0,c0,Pcbp4,0.374,0.342958
0,1.73443330481249,0.842,0.435,0,c0,Tnrc6b,0.407,0.342694
0,1.1049162421737,0.875,0.484,0,c0,Atp1a3,0.391,0.342125
0,3.13612218601766,0.647,0.119,0,c0,Llgl2,0.528,0.341616
0,2.23600045805764,0.747,0.291,0,c0,Slc31a2,0.456,0.340632
0,2.02254691053554,0.725,0.256,0,c0,BC034090,0.469,0.340025
0,2.86025770046394,0.66,0.146,0,c0,Smim40,0.514,0.33924
0,2.26043198358103,0.75,0.3,0,c0,Pias3,0.45,0.3375
0,1.65890719393057,0.82,0.409,0,c0,Fyco1,0.411,0.33702
0,1.84493942471919,0.747,0.297,0,c0,Chd7,0.45,0.33615
0,2.83978302365179,0.663,0.156,0,c0,Mok,0.507,0.336141
0,2.04073336096925,0.76,0.325,0,c0,Lgalsl,0.435,0.3306
0,2.17082802887904,0.698,0.225,0,c0,Mtcl1,0.473,0.330154
0,1.49922446524286,0.932,0.578,0,c0,Kif1b,0.354,0.329928
0,1.73283527726545,0.731,0.28,0,c0,Nt5e,0.451,0.329681
0,1.81421601802318,0.825,0.426,0,c0,Vps37a,0.399,0.329175
0,1.86519302908075,0.743,0.303,0,c0,Unc13b,0.44,0.32692
0,3.33688129991068,0.629,0.11,0,c0,Lbhd1,0.519,0.326451
0,1.57917099929297,0.786,0.371,0,c0,Nsf,0.415,0.32619
0,1.84539881988287,0.754,0.322,0,c0,Slc25a22,0.432,0.325728
0,2.53256628445539,0.699,0.236,0,c0,Lyar,0.463,0.323637
0,1.72572515966017,0.781,0.368,0,c0,Hspa4l,0.413,0.322553
0,1.638835919507,0.791,0.384,0,c0,Frmd4b,0.407,0.321937
0,2.1822161619138,0.717,0.269,0,c0,Tbc1d24,0.448,0.321216
0,1.5296243437034,0.681,0.21,0,c0,Sncb,0.471,0.320751
0,2.49264046824235,0.672,0.196,0,c0,Fsd1l,0.476,0.319872
0,3.19618590874845,0.614,0.096,0,c0,Doc2b,0.518,0.318052
0,1.78530229470106,0.847,0.472,0,c0,AW549877,0.375,0.317625
0,1.69666339330836,0.822,0.436,0,c0,Rab28,0.386,0.317292
0,1.51890434242893,0.837,0.458,0,c0,Mllt6,0.379,0.317223
0,1.46664106780683,0.892,0.537,0,c0,Hk1,0.355,0.31666
0,1.1986380173313,0.939,0.602,0,c0,Msi2,0.337,0.316443
0,1.59388195144257,0.869,0.505,0,c0,Ldha,0.364,0.316316
0,1.35743349898675,0.841,0.465,0,c0,Nlk,0.376,0.316216
0,1.96681611928732,0.725,0.289,0,c0,Arhgap10,0.436,0.3161
0,1.98428408978528,0.752,0.333,0,c0,Taok3,0.419,0.315088
0,1.8313578368507,0.69,0.234,0,c0,Igsf11,0.456,0.31464
0,2.44109592985684,0.691,0.237,0,c0,Thoc5,0.454,0.313714
0,3.431629259576,0.606,0.095,0,c0,Ubxn11,0.511,0.309666
0,2.5830203404117,0.642,0.16,0,c0,Wdr78,0.482,0.309444
0,1.82104581509253,0.736,0.316,0,c0,Ppip5k1,0.42,0.30912
0,2.54531453533207,0.659,0.19,0,c0,Fam149a,0.469,0.309071
0,3.38429473344442,0.598,0.082,0,c0,Elfn1,0.516,0.308568
0,1.56577018861802,0.814,0.435,0,c0,Kdm5b,0.379,0.308506
0,2.32125782457914,0.694,0.25,0,c0,Abhd14a,0.444,0.308136
0,1.96946270500992,0.682,0.231,0,c0,Meis1,0.451,0.307582
0,2.90187063012154,0.625,0.134,0,c0,Fam160a1,0.491,0.306875
0,2.03180740615944,0.74,0.327,0,c0,Otud7b,0.413,0.30562
0,1.95011476453021,0.67,0.214,0,c0,Tnfaip3,0.456,0.30552
0,1.41743062466547,0.898,0.558,0,c0,Dctn1,0.34,0.30532
0,1.84435430687921,0.782,0.392,0,c0,Zfp516,0.39,0.30498
0,1.82905146981236,0.736,0.326,0,c0,Syne2,0.41,0.30176
0,2.44349807053547,0.642,0.172,0,c0,Dixdc1,0.47,0.30174
0,1.92520859682265,0.734,0.323,0,c0,Gpsm1,0.411,0.301674
0,2.69914986250888,0.642,0.173,0,c0,Pgap3,0.469,0.301098
0,1.05770525410816,0.849,0.495,0,c0,Leng8,0.354,0.300546
0,2.93731628098991,0.609,0.119,0,c0,Igsf9,0.49,0.29841
0,2.03517203976801,0.686,0.253,0,c0,Pdzd2,0.433,0.297038
0,2.25230780156973,0.675,0.236,0,c0,Polg2,0.439,0.296325
0,1.76481639314674,0.784,0.407,0,c0,Tet3,0.377,0.295568
0,1.53740851536556,0.829,0.473,0,c0,Fbxl5,0.356,0.295124
0,1.85933830914124,0.72,0.311,0,c0,Upf3b,0.409,0.29448
0,2.69119193086171,0.607,0.123,0,c0,Guca1a,0.484,0.293788
0,1.80344846992351,0.766,0.383,0,c0,Ip6k2,0.383,0.293378
0,2.09319495825629,0.722,0.316,0,c0,Zfp654,0.406,0.293132
0,2.03902023022122,0.73,0.329,0,c0,Dyrk2,0.401,0.29273
0,2.13559748278336,0.676,0.245,0,c0,Tmem136,0.431,0.291356
0,2.17315101495943,0.677,0.247,0,c0,Ypel2,0.43,0.29111
0,2.1677792389724,0.673,0.241,0,c0,Arl4d,0.432,0.290736
0,1.50076030747252,0.794,0.429,0,c0,Pacsin2,0.365,0.28981
0,1.92617798596893,0.731,0.336,0,c0,Snrk,0.395,0.288745
0,1.99080848146825,0.728,0.332,0,c0,Wdr20,0.396,0.288288
0,2.35070615111674,0.673,0.246,0,c0,Gucd1,0.427,0.287371
0,2.61069782899947,0.614,0.146,0,c0,Ckmt1,0.468,0.287352
0,1.78247763581494,0.773,0.403,0,c0,Hmgn1,0.37,0.28601
0,2.03150652558056,0.997,0.711,0,c0,Rho,0.286,0.285142
0,1.53243261525598,0.68,0.261,0,c0,Amph,0.419,0.28492
0,2.08121324701572,0.625,0.17,0,c0,Rax,0.455,0.284375
0,1.80358791671266,0.707,0.306,0,c0,Stk35,0.401,0.283507
0,1.45559534438211,0.841,0.505,0,c0,Aff1,0.336,0.282576
0,2.19078596539234,0.643,0.206,0,c0,Rpgr,0.437,0.280991
0,1.63795184489744,0.722,0.333,0,c0,Dmd,0.389,0.280858
0,1.98925770680354,0.706,0.309,0,c0,Cspp1,0.397,0.280282
0,2.2695427599717,0.668,0.249,0,c0,Heatr5a,0.419,0.279892
0,1.65479956147088,0.674,0.261,0,c0,Scg5,0.413,0.278362
0,2.92608300083229,0.602,0.14,0,c0,Plcd3,0.462,0.278124
0,1.94859367941053,0.673,0.261,0,c0,Dusp8,0.412,0.277276
0,1.75361292699381,0.737,0.363,0,c0,Ankrd12,0.374,0.275638
0,2.09424272884254,0.681,0.277,0,c0,Phlpp2,0.404,0.275124
0,1.98996072900751,0.632,0.198,0,c0,Brsk2,0.434,0.274288
0,1.60410879655518,0.968,0.685,0,c0,Gnb1,0.283,0.273944
0,2.07420318382409,0.698,0.307,0,c0,Sik2,0.391,0.272918
0,2.14866694389363,0.666,0.258,0,c0,Bbs2,0.408,0.271728
0,1.44980303736797,0.801,0.463,0,c0,Wdtc1,0.338,0.270738
0,1.35329259161095,0.829,0.503,0,c0,Ktn1,0.326,0.270254
0,2.23220043840669,0.643,0.224,0,c0,Bbs4,0.419,0.269417
0,1.4131432263034,0.953,0.671,0,c0,Tma7,0.282,0.268746
0,1.8021402202618,0.7,0.318,0,c0,Gtf2f2,0.382,0.2674
0,2.59360911433228,0.623,0.194,0,c0,Klhl36,0.429,0.267267
0,2.22617353906325,0.664,0.262,0,c0,Plekhf2,0.402,0.266928
0,2.27994761348065,0.65,0.24,0,c0,Wdr47,0.41,0.2665
0,2.04516633223471,0.668,0.271,0,c0,Adcy6,0.397,0.265196
0,0.882346756526915,0.877,0.575,0,c0,Son,0.302,0.264854
0,1.78136161182028,0.746,0.391,0,c0,Ncoa2,0.355,0.26483
0,2.20495583003429,0.652,0.246,0,c0,Slc25a25,0.406,0.264712
0,1.37638796236784,0.842,0.528,0,c0,Ppm1b,0.314,0.264388
0,2.16357314308326,0.649,0.242,0,c0,Glcci1,0.407,0.264143
0,2.98069522640953,0.57,0.11,0,c0,Tbc1d30,0.46,0.2622
0,2.12782179754655,0.597,0.158,0,c0,Myt1,0.439,0.262083
0,1.27956903394206,0.873,0.573,0,c0,Cul3,0.3,0.2619
0,3.02891397257497,0.569,0.109,0,c0,Hsbp1l1,0.46,0.26174
0,1.38858966739097,0.647,0.243,0,c0,Mylk,0.404,0.261388
0,1.83658692426094,0.658,0.262,0,c0,Slc16a6,0.396,0.260568
0,0.911312506191997,0.915,0.631,0,c0,Ddx17,0.284,0.25986
0,2.16048501785757,0.648,0.247,0,c0,Arl13b,0.401,0.259848
0,1.1954420029991,0.835,0.525,0,c0,Zfp385a,0.31,0.25885
0,1.80966623080282,0.708,0.343,0,c0,Tapt1,0.365,0.25842
0,3.85950237461851,0.539,0.06,0,c0,Pdzph1,0.479,0.258181
0,1.80404834690258,0.686,0.31,0,c0,C2cd5,0.376,0.257936
0,1.41293820992649,0.673,0.29,0,c0,Sh3gl2,0.383,0.257759
0,1.57348155284275,0.761,0.423,0,c0,Dync1li1,0.338,0.257218
0,2.52726643102166,0.577,0.132,0,c0,Inka2,0.445,0.256765
0,3.29698956314102,0.555,0.094,0,c0,Peli3,0.461,0.255855
0,1.12744452447964,0.844,0.541,0,c0,Cirbp,0.303,0.255732
0,1.32352035885108,0.968,0.704,0,c0,Agpat3,0.264,0.255552
0,2.3441654470703,0.632,0.23,0,c0,Fance,0.402,0.254064
0,1.56792370306678,0.723,0.373,0,c0,Synj1,0.35,0.25305
0,1.59166234112859,0.725,0.377,0,c0,Guk1,0.348,0.2523
0,3.45283019109143,0.54,0.073,0,c0,Serinc4,0.467,0.25218
0,1.78027468330397,0.667,0.289,0,c0,Epb41l5,0.378,0.252126
0,1.09499234057483,0.913,0.637,0,c0,Laptm4b,0.276,0.251988
0,1.98388887889868,0.654,0.269,0,c0,Galnt7,0.385,0.25179
0,4.14321341685347,0.527,0.051,0,c0,Rnf207,0.476,0.250852
0,2.42397345780929,0.602,0.188,0,c0,Abcg4,0.414,0.249228
0,1.02713079696581,0.78,0.461,0,c0,Pnisr,0.319,0.24882
0,1.94909309447091,0.647,0.263,0,c0,Zfp444,0.384,0.248448
0,4.08907132560438,0.524,0.05,0,c0,Gramd2,0.474,0.248376
0,3.15024304106742,0.553,0.104,0,c0,Tube1,0.449,0.248297
0,1.18348690313991,0.902,0.627,0,c0,Ahcyl1,0.275,0.24805
0,1.86052441830884,0.67,0.3,0,c0,Atp11b,0.37,0.2479
0,1.20829335074511,0.804,0.496,0,c0,Kmt2d,0.308,0.247632
0,1.58041817862828,0.761,0.436,0,c0,Fam3c,0.325,0.247325
0,1.31798754598226,0.797,0.487,0,c0,Rsrc2,0.31,0.24707
0,2.137278411646,0.641,0.257,0,c0,Rhot2,0.384,0.246144
0,1.49025832678553,0.749,0.421,0,c0,Prpf39,0.328,0.245672
0,2.58716231497604,0.593,0.179,0,c0,Kpna2,0.414,0.245502
0,2.09910717574825,0.639,0.255,0,c0,Ift81,0.384,0.245376
0,2.12852709965,0.618,0.221,0,c0,Mamld1,0.397,0.245346
0,2.40027888562762,0.58,0.158,0,c0,Shroom3,0.422,0.24476
0,2.74961281208255,0.563,0.129,0,c0,March1,0.434,0.244342
0,0.87067198773709,0.916,0.65,0,c0,Ddx5,0.266,0.243656
0,2.00917292859623,0.656,0.285,0,c0,Lmbr1l,0.371,0.243376
0,2.16003787889162,0.621,0.23,0,c0,Ubtd1,0.391,0.242811
0,1.66491528744455,0.664,0.301,0,c0,Camta1,0.363,0.241032
0,2.46722128441411,0.599,0.197,0,c0,Camsap1,0.402,0.240798
0,1.07128557876487,0.888,0.617,0,c0,Rsrp1,0.271,0.240648
0,1.98652386096331,0.588,0.179,0,c0,Napb,0.409,0.240492
0,1.40508648366986,0.596,0.193,0,c0,Gnb3,0.403,0.240188
0,2.09306400054543,0.596,0.194,0,c0,Gas7,0.402,0.239592
0,1.2808760991578,0.723,0.392,0,c0,Zdhhc17,0.331,0.239313
0,2.78885286230576,0.55,0.115,0,c0,Rgs20,0.435,0.23925
0,1.40018528921811,0.743,0.421,0,c0,Slc44a1,0.322,0.239246
0,3.05945830509927,0.548,0.112,0,c0,Bbs12,0.436,0.238928
0,1.43894398866978,0.57,0.151,0,c0,Lactbl1,0.419,0.23883
0,1.46555358158456,0.724,0.396,0,c0,Cpt1a,0.328,0.237472
0,1.71302917413876,0.675,0.324,0,c0,Mtfr1,0.351,0.236925
0,1.59826105400673,0.73,0.407,0,c0,Cul5,0.323,0.23579
0,1.46319299014891,0.759,0.449,0,c0,Kdm3b,0.31,0.23529
0,1.26011992107834,0.692,0.352,0,c0,Rnpc3,0.34,0.23528
0,1.49426143283131,0.662,0.307,0,c0,Trim2,0.355,0.23501
0,1.54654540590359,0.704,0.371,0,c0,Baz2b,0.333,0.234432
0,1.84414603775857,0.662,0.308,0,c0,Sec22a,0.354,0.234348
0,1.38220040965328,0.684,0.343,0,c0,Lifr,0.341,0.233244
0,1.0332660940081,0.93,0.681,0,c0,Grina,0.249,0.23157
0,1.06020791681957,0.745,0.435,0,c0,Celf2,0.31,0.23095
0,1.39818824459248,0.766,0.465,0,c0,Mta2,0.301,0.230566
0,1.36095307103499,0.729,0.413,0,c0,Rora,0.316,0.230364
0,1.23952677022453,0.794,0.504,0,c0,Hif1a,0.29,0.23026
0,3.18530077579121,0.535,0.105,0,c0,Zfyve28,0.43,0.23005
0,1.49576466315835,0.723,0.405,0,c0,Zfp445,0.318,0.229914
0,2.52498900683452,0.58,0.185,0,c0,Cep164,0.395,0.2291
0,1.81025070376284,0.613,0.243,0,c0,Plxna2,0.37,0.22681
0,1.50293167777804,0.723,0.411,0,c0,Ric1,0.312,0.225576
0,1.39125249158653,0.7,0.378,0,c0,Cers4,0.322,0.2254
0,1.27004105237707,0.77,0.478,0,c0,Ap1b1,0.292,0.22484
0,3.79473471894684,0.507,0.064,0,c0,Insm1,0.443,0.224601
0,1.06672833135327,0.795,0.513,0,c0,Srsf1,0.282,0.22419
0,1.31304672549074,0.789,0.506,0,c0,Arl3,0.283,0.223287
0,1.29952612902724,0.716,0.405,0,c0,Btrc,0.311,0.222676
0,1.51854913683486,0.708,0.394,0,c0,Faf1,0.314,0.222312
0,2.08102063575219,0.608,0.243,0,c0,Cc2d2a,0.365,0.22192
0,2.37422613929898,0.559,0.163,0,c0,Tmem150c,0.396,0.221364
0,1.53963797976875,0.716,0.407,0,c0,Med13l,0.309,0.221244
0,1.09539506403164,0.867,0.612,0,c0,Ctbp2,0.255,0.221085
0,1.32957115172752,0.713,0.403,0,c0,Aak1,0.31,0.22103
0,1.66484789086453,0.574,0.189,0,c0,Pclo,0.385,0.22099
0,0.875853947975488,0.941,0.707,0,c0,Slc6a6,0.234,0.220194
0,1.16313280194895,0.736,0.437,0,c0,Sema3f,0.299,0.220064
0,1.55566343485984,0.712,0.403,0,c0,Cdk2ap2,0.309,0.220008
0,1.21745929519122,0.713,0.405,0,c0,Ppp1r9a,0.308,0.219604
0,1.7923577044455,0.642,0.3,0,c0,Atg4c,0.342,0.219564
0,1.70829381071293,0.603,0.24,0,c0,Mcf2l,0.363,0.218889
0,1.13058125010234,0.868,0.616,0,c0,Tax1bp1,0.252,0.218736
0,2.93280254533342,0.527,0.112,0,c0,St8sia1,0.415,0.218705
0,0.967821745114863,0.817,0.55,0,c0,Vamp2,0.267,0.218139
0,2.16974804616748,0.593,0.231,0,c0,Ipmk,0.362,0.214666
0,2.87860413698424,0.518,0.105,0,c0,Katnal2,0.413,0.213934
0,1.41992641910714,0.708,0.407,0,c0,Slc12a6,0.301,0.213108
0,0.973468564801081,0.825,0.567,0,c0,Mat2a,0.258,0.21285
0,1.41729277332435,0.725,0.432,0,c0,Acadvl,0.293,0.212425
0,1.00137235950353,0.804,0.541,0,c0,Zfp207,0.263,0.211452
0,1.40574212932727,0.726,0.436,0,c0,Wapl,0.29,0.21054
0,3.12946026398493,0.517,0.11,0,c0,Spata1,0.407,0.210419
0,1.18458265073892,0.764,0.489,0,c0,Dusp11,0.275,0.2101
0,1.99891343114968,0.572,0.205,0,c0,Rnf157,0.367,0.209924
0,1.33532619598087,0.66,0.342,0,c0,Ccdc85c,0.318,0.20988
0,1.89266712255573,0.613,0.271,0,c0,Sp4,0.342,0.209646
0,2.25505808502927,0.582,0.222,0,c0,Wwox,0.36,0.20952
0,1.76138254047479,0.603,0.257,0,c0,Macrod2,0.346,0.208638
0,1.32516054126423,0.728,0.442,0,c0,Arfgef1,0.286,0.208208
0,1.36802421294969,0.704,0.409,0,c0,Hnrnph3,0.295,0.20768
0,1.43273374852493,0.706,0.412,0,c0,Zranb1,0.294,0.207564
0,1.07792360708582,0.748,0.471,0,c0,Epc1,0.277,0.207196
0,1.12222142008568,0.809,0.553,0,c0,Lsm14a,0.256,0.207104
0,0.685839625331851,0.981,0.77,0,c0,Atp1b2,0.211,0.206991
0,2.02943637677335,0.579,0.222,0,c0,Ttll5,0.357,0.206703
0,2.21443928758785,0.527,0.136,0,c0,Pnpla3,0.391,0.206057
0,1.86895270111008,0.612,0.277,0,c0,Ift74,0.335,0.20502
0,2.42301360750022,0.527,0.14,0,c0,Rhpn1,0.387,0.203949
0,1.4360470332847,0.744,0.47,0,c0,Zdhhc5,0.274,0.203856
0,2.32119685399546,0.525,0.137,0,c0,Mreg,0.388,0.2037
0,1.11101731093734,0.844,0.603,0,c0,Anp32e,0.241,0.203404
0,1.4324126758932,0.637,0.318,0,c0,Trib2,0.319,0.203203
0,1.24439828978741,0.725,0.445,0,c0,Lpcat1,0.28,0.203
0,1.34347662080417,0.725,0.446,0,c0,Ppp2r5e,0.279,0.202275
0,2.44858712860461,0.529,0.147,0,c0,Cecr2,0.382,0.202078
0,1.50278788093717,0.584,0.238,0,c0,Crb2,0.346,0.202064
0,1.00979725464827,0.771,0.51,0,c0,Snrnp70,0.261,0.201231
0,1.02939330331292,0.817,0.571,0,c0,Hnrnpu,0.246,0.200982
0,1.89899570065328,0.601,0.267,0,c0,Usp6nl,0.334,0.200734
0,1.35121581345863,0.655,0.35,0,c0,Strbp,0.305,0.199775
0,0.94161316670344,0.77,0.511,0,c0,Sh3glb1,0.259,0.19943
0,2.13774188712701,0.544,0.179,0,c0,Arid3b,0.365,0.19856
0,1.46264907637085,0.687,0.398,0,c0,Kmt2c,0.289,0.198543
0,1.57292705980026,0.624,0.308,0,c0,Slc25a19,0.316,0.197184
0,1.27544085635147,0.741,0.475,0,c0,Hook3,0.266,0.197106
0,1.36119250275887,0.668,0.376,0,c0,Fam193b,0.292,0.195056
0,1.25586547773153,0.706,0.43,0,c0,Nktr,0.276,0.194856
0,3.51768898415515,0.472,0.06,0,c0,Cabp4,0.412,0.194464
0,1.35475735983121,0.686,0.403,0,c0,Kmt2a,0.283,0.194138
0,1.01934386169727,0.758,0.502,0,c0,Med13,0.256,0.194048
0,2.1178810567582,0.548,0.194,0,c0,Bbs1,0.354,0.193992
0,2.94274726707456,0.493,0.1,0,c0,Plcxd2,0.393,0.193749
0,1.46811508098381,0.667,0.377,0,c0,Trappc9,0.29,0.19343
0,2.37453416262239,0.534,0.173,0,c0,Ccdc163,0.361,0.192774
0,1.01432638288136,0.783,0.537,0,c0,Ip6k1,0.246,0.192618
0,1.59045272296041,0.644,0.345,0,c0,Cep120,0.299,0.192556
0,1.18393880301862,0.776,0.528,0,c0,Cnot6,0.248,0.192448
0,1.93867314721331,0.577,0.244,0,c0,Ppa2,0.333,0.192141
0,3.96982305379408,0.464,0.05,0,c0,Lrrc2,0.414,0.192096
0,1.4725764621761,0.66,0.369,0,c0,Synrg,0.291,0.19206
0,0.885738801325008,0.813,0.577,0,c0,Dync1h1,0.236,0.191868
0,1.53694269118525,0.6,0.282,0,c0,Acsl1,0.318,0.1908
0,1.09210019234614,0.753,0.5,0,c0,Dnajc5,0.253,0.190509
0,1.11266294458888,0.729,0.468,0,c0,Rbm25,0.261,0.190269
0,1.13125177892781,0.734,0.475,0,c0,Desi1,0.259,0.190106
0,2.09327273636763,0.551,0.208,0,c0,Armc9,0.343,0.188993
0,2.50250167712491,0.487,0.099,0,c0,Aqp1,0.388,0.188956
0,2.03957772352625,0.5,0.124,0,c0,Gjd2,0.376,0.188
0,1.16720233014644,0.754,0.505,0,c0,Uhmk1,0.249,0.187746
0,1.71640566348615,0.565,0.233,0,c0,Meak7,0.332,0.18758
0,1.16215859644009,0.747,0.497,0,c0,Hipk3,0.25,0.18675
0,1.44265718834497,0.68,0.406,0,c0,Tob2,0.274,0.18632
0,0.722597916188256,0.866,0.651,0,c0,H3f3b,0.215,0.18619
0,2.50908335623921,0.513,0.151,0,c0,Arhgap24,0.362,0.185706
0,1.74502427169425,0.517,0.159,0,c0,DEPRECATED-ENSMUSG00000031144,0.358,0.185086
0,1.27228421361407,0.681,0.41,0,c0,Map2k7,0.271,0.184551
0,2.02822991331779,0.554,0.221,0,c0,Sirt4,0.333,0.184482
0,0.967430601018338,0.885,0.678,0,c0,Pkm,0.207,0.183195
0,2.37472713619852,0.499,0.133,0,c0,Sarm1,0.366,0.182634
0,1.14359316368749,0.767,0.529,0,c0,Ssu72,0.238,0.182546
0,0.962557921856985,0.76,0.52,0,c0,Kdm2a,0.24,0.1824
0,1.63959769266259,0.573,0.255,0,c0,Sh3bgrl2,0.318,0.182214
0,2.01475395864071,0.51,0.153,0,c0,Srrm3,0.357,0.18207
0,1.32293945991518,0.652,0.373,0,c0,Gtf2ird1,0.279,0.181908
0,1.09020642038702,0.723,0.472,0,c0,Nipbl,0.251,0.181473
0,1.37012786419386,0.648,0.368,0,c0,Jarid2,0.28,0.18144
0,2.65966457346067,0.467,0.079,0,c0,Dnah9,0.388,0.181196
0,1.60357258187233,0.631,0.344,0,c0,Prr14,0.287,0.181097
0,1.1642666447699,0.727,0.478,0,c0,Flcn,0.249,0.181023
0,1.60068748017648,0.613,0.318,0,c0,Rbm45,0.295,0.180835
0,1.44497552707483,0.655,0.379,0,c0,Spg7,0.276,0.18078
0,1.36418586088539,0.641,0.359,0,c0,Gtpbp1,0.282,0.180762
0,0.977346771133113,0.75,0.509,0,c0,Wdfy3,0.241,0.18075
0,1.58025539431243,0.59,0.284,0,c0,Snta1,0.306,0.18054
0,1.55877481280274,0.602,0.303,0,c0,Lrrc1,0.299,0.179998
0,1.82080652172673,0.503,0.146,0,c0,Esrrg,0.357,0.179571
0,1.14511430356653,0.723,0.475,0,c0,Top2b,0.248,0.179304
0,2.01222291944015,0.55,0.224,0,c0,Ctif,0.326,0.1793
0,2.12402945519162,0.552,0.23,0,c0,Zc3h3,0.322,0.177744
0,1.61680128447716,0.591,0.291,0,c0,Bzw2,0.3,0.1773
0,1.47142594800598,0.62,0.335,0,c0,Med24,0.285,0.1767
0,2.14327377186229,0.53,0.198,0,c0,Acvr2b,0.332,0.17596
0,1.15716074357766,0.706,0.457,0,c0,N4bp2l2,0.249,0.175794
0,1.22004825396481,0.674,0.414,0,c0,D5Ertd579e,0.26,0.17524
0,0.888463337558621,0.81,0.594,0,c0,Anp32a,0.216,0.17496
0,1.38070119542047,0.654,0.387,0,c0,Ccndbp1,0.267,0.174618
0,1.01241540472022,0.728,0.489,0,c0,Kansl1,0.239,0.173992
0,1.95144494733651,0.55,0.234,0,c0,Rfx1,0.316,0.1738
0,0.72827603838364,0.907,0.717,0,c0,Man2a2,0.19,0.17233
0,1.91215596106598,0.552,0.241,0,c0,Prkab1,0.311,0.171672
0,1.82251845153586,0.567,0.266,0,c0,Dalrd3,0.301,0.170667
0,1.88006938544622,0.518,0.191,0,c0,Fam222a,0.327,0.169386
0,1.24490678079163,0.685,0.438,0,c0,Zscan26,0.247,0.169195
0,1.85722426172438,0.564,0.265,0,c0,Cep250,0.299,0.168636
0,2.34045143903412,0.48,0.13,0,c0,Mast1,0.35,0.168
0,1.83969883806828,0.548,0.242,0,c0,Xrcc6,0.306,0.167688
0,3.8327585083075,0.433,0.047,0,c0,Fscn2,0.386,0.167138
0,2.16918013033085,0.526,0.209,0,c0,Mier2,0.317,0.166742
0,2.2779578031822,0.499,0.166,0,c0,Tmem138,0.333,0.166167
0,1.29433964166994,0.666,0.417,0,c0,Cyth2,0.249,0.165834
0,2.18274091606992,0.505,0.177,0,c0,Ahr,0.328,0.16564
0,2.42740442502751,0.491,0.157,0,c0,Ttc39c,0.334,0.163994
0,1.46534310435467,0.613,0.346,0,c0,Acaca,0.267,0.163671
0,1.82493100871243,0.545,0.247,0,c0,Pank4,0.298,0.16241
0,3.41317530783762,0.44,0.071,0,c0,Suv39h2,0.369,0.16236
0,2.11074302381475,0.504,0.187,0,c0,Eml1,0.317,0.159768
0,3.32242192998282,0.435,0.068,0,c0,Wdr66,0.367,0.159645
0,2.15064217755813,0.476,0.141,0,c0,Erc2,0.335,0.15946
0,1.81444892320692,0.555,0.27,0,c0,Atad2b,0.285,0.158175
0,0.882794556038934,0.788,0.589,0,c0,Glo1,0.199,0.156812
0,3.53585069394877,0.422,0.057,0,c0,Cfap61,0.365,0.15403
0,2.85533685558739,0.453,0.113,0,c0,Sgtb,0.34,0.15402
0,2.46312707881491,0.454,0.12,0,c0,Nphp4,0.334,0.151636
0,3.27860401980679,0.423,0.069,0,c0,Pacrg,0.354,0.149742
0,1.04275538285824,0.711,0.505,0,c0,Srp54b,0.206,0.146466
0,2.23219664918017,0.474,0.171,0,c0,Akap1,0.303,0.143622
0,2.55766070496463,0.428,0.101,0,c0,Lhfpl3,0.327,0.139956
0,2.46857073002726,0.412,0.075,0,c0,Jchain,0.337,0.138844
0,3.03736233989824,0.405,0.063,0,c0,Gpr152,0.342,0.13851
0,3.46246546711294,0.398,0.055,0,c0,Tmem266,0.343,0.136514
0,0.797823318328356,0.898,0.747,0,c0,Adipor1,0.151,0.135598
0,0.858616877288757,0.78,0.607,0,c0,Pcbp2,0.173,0.13494
0,2.94875126720415,0.412,0.086,0,c0,Smim40-ps,0.326,0.134312
0,2.95606339349335,0.402,0.07,0,c0,C1ql3,0.332,0.133464
0,2.72219812016219,0.406,0.082,0,c0,Ppara,0.324,0.131544
0,3.48909578732244,0.38,0.052,0,c0,Lrguk,0.328,0.12464
0,3.33193661824299,0.38,0.06,0,c0,Ccna2,0.32,0.1216
0,0.783660522001017,0.898,0.768,0,c0,Hsp90aa1,0.13,0.11674
0,3.40793228310876,0.365,0.055,0,c0,Sntg2,0.31,0.11315
0,3.81890820877086,0.356,0.039,0,c0,Ppp1r42,0.317,0.112852
0,3.34002198567615,0.346,0.045,0,c0,Ramp3,0.301,0.104146
7.36212982675663e-308,1.44650557031562,0.606,0.348,2.37281444316366e-303,c0,Kif3b,0.258,0.156348
8.0207272937847e-308,1.64241801865394,0.572,0.304,2.58508040678681e-303,c0,Timm44,0.268,0.153296
1.77894888278925e-306,2.64695044204853,0.417,0.116,5.73355224922974e-302,c0,Wdr60,0.301,0.125517
2.36649235047961e-306,0.96493520462774,0.741,0.493,7.6272048455958e-302,c0,Tra2a,0.248,0.183768
2.59173258081225e-304,1.87257660712978,0.522,0.238,8.3531541079579e-300,c0,Atxn1,0.284,0.148248
5.41579071309969e-304,1.15219695658941,0.685,0.43,1.74550934683203e-299,c0,Srek1,0.255,0.174675
1.07040975742573e-302,3.55906394998919,0.332,0.043,3.44993064818314e-298,c0,Apobec2,0.289,0.095948
4.63285152041622e-302,2.13420714109533,0.478,0.183,1.49316804503015e-297,c0,Hirip3,0.295,0.14101
1.19309057119943e-301,1.0633977793572,0.717,0.427,3.84533091097578e-297,c0,Gdpd5,0.29,0.20793
1.41423626555989e-301,1.37908248305902,0.62,0.31,4.55808348389954e-297,c0,Ttyh2,0.31,0.1922
1.47525896759212e-300,1.86093643142713,0.526,0.237,4.75475965254939e-296,c0,Hexdc,0.289,0.152014
1.72131101171289e-299,0.935115317064092,0.74,0.53,5.54778539075064e-295,c0,Tusc3,0.21,0.1554
1.2829538303429e-298,2.41623073304059,0.422,0.116,4.13496019519518e-294,c0,Fsbp,0.306,0.129132
1.74749361721822e-298,3.43224522588613,0.336,0.049,5.63217192829434e-294,c0,Iqcg,0.287,0.096432
7.76842504555476e-298,1.99299731795247,0.503,0.216,2.5037633921823e-293,c0,Slc26a2,0.287,0.144361
1.98447113914156e-297,2.46841913851767,0.423,0.122,6.39595048145323e-293,c0,Mpped2,0.301,0.127323
2.01644852388881e-296,2.11395296746801,0.457,0.15,6.49901359249363e-292,c0,Nim1k,0.307,0.140299
4.22375573254581e-296,1.82140382521741,0.516,0.212,1.36131647259951e-291,c0,Tgfbr3l,0.304,0.156864
8.84754640879058e-296,1.8380408738269,0.49,0.17,2.8515642075532e-291,c0,Sec14l2,0.32,0.1568
2.58884343085137e-294,1.54813931409711,0.575,0.302,8.34384237763397e-290,c0,Uqcc3,0.273,0.156975
4.16502337171254e-294,1.17815621021915,0.666,0.41,1.34238703270295e-289,c0,Trak2,0.256,0.170496
4.68247388734413e-293,3.75126143389906,0.319,0.04,1.50916133389101e-288,c0,Glt28d2,0.279,0.089001
7.71686358563626e-293,1.54970761092888,0.565,0.277,2.48714513365057e-288,c0,Ralgps2,0.288,0.16272
1.21206088455073e-292,1.58993394489116,0.568,0.298,3.90647223090701e-288,c0,Pan2,0.27,0.15336
2.29453730537233e-292,1.83635083849644,0.51,0.204,7.39529373521501e-288,c0,Hk2,0.306,0.15606
1.367142138481e-290,1.56152121480129,0.553,0.242,4.40629911232426e-286,c0,Dlc1,0.311,0.171983
1.8761483563216e-290,1.06015394765273,0.721,0.419,6.04682615242452e-286,c0,Ttc14,0.302,0.217742
2.15272623657343e-290,3.7118298272867,0.315,0.038,6.93823666047615e-286,c0,Ccdc113,0.277,0.087255
6.60379726097787e-289,1.47514968207027,0.585,0.313,2.12840385721317e-284,c0,Sugp2,0.272,0.15912
1.26453809971129e-288,1.13916567062962,0.663,0.438,4.07560629536949e-284,c0,Usp34,0.225,0.149175
2.33625571578664e-288,2.83594489728755,0.37,0.08,7.52975217198034e-284,c0,Drc3,0.29,0.1073
1.00387355968068e-287,1.34406724831624,0.62,0.357,3.23548448285084e-283,c0,Ttc19,0.263,0.16306
1.36873730422824e-287,1.55883159740299,0.564,0.292,4.41144033152762e-283,c0,Lztfl1,0.272,0.153408
1.91341020644643e-287,2.19670949083183,0.455,0.168,6.16692109537685e-283,c0,Plekha8,0.287,0.130585
3.72398251146805e-287,1.09582955381526,0.681,0.394,1.20023956344615e-282,c0,Syngr1,0.287,0.195447
4.77815784940964e-285,1.74148731357879,0.516,0.214,1.54000027486473e-280,c0,Rnft2,0.302,0.155832
6.935120060907e-285,1.02440574097467,0.665,0.275,2.23518919563033e-280,c0,Car2,0.39,0.25935
2.52235679578994e-284,1.44361797810424,0.597,0.338,8.12955595283099e-280,c0,Zfc3h1,0.259,0.154623
1.148462489338e-283,1.26575240117056,0.623,0.384,3.70149460313638e-279,c0,Cdk19,0.239,0.148897
2.47447079755522e-283,2.76902503459521,0.396,0.11,7.97521938052047e-279,c0,Psd2,0.286,0.113256
1.39252405417619e-282,1.40412218352709,0.591,0.306,4.48810502660986e-278,c0,Mmd,0.285,0.168435
1.49090215224155e-282,1.8038673982201,0.486,0.171,4.80517763667452e-278,c0,Dnajc6,0.315,0.15309
1.55875575060736e-282,1.1211595848834,0.667,0.444,5.02386978420751e-278,c0,Gbf1,0.223,0.148741
2.05036697980977e-282,0.962244065636858,0.703,0.489,6.60833277592689e-278,c0,Acin1,0.214,0.150442
3.97450088062903e-282,1.05854193633037,0.677,0.467,1.28098163382674e-277,c0,Phc2,0.21,0.14217
4.49969021680788e-282,1.7013012174764,0.497,0.175,1.45025015687718e-277,c0,Meis2,0.322,0.160034
3.59306992951623e-281,1.07052668611497,0.678,0.456,1.15804643828308e-276,c0,Riok3,0.222,0.150516
3.42620650718007e-280,1.13080180055357,0.666,0.422,1.10426635726414e-275,c0,Rbm33,0.244,0.162504
8.75292992027186e-280,1.00059250993759,0.713,0.437,2.82106931330362e-275,c0,Dhrs3,0.276,0.196788
3.24242599097125e-279,1.30026629028692,0.622,0.386,1.04503389689003e-274,c0,Golgb1,0.236,0.146792
1.30770895935519e-277,1.77488240480415,0.511,0.229,4.21474597600179e-273,c0,Plagl2,0.282,0.144102
3.54780469916142e-277,1.78206124708777,0.517,0.245,1.14345745453973e-272,c0,R3hcc1l,0.272,0.140624
4.84078558822684e-276,1.66476268880494,0.522,0.238,1.56018519508551e-271,c0,Ssx2ip,0.284,0.148248
6.4434774849502e-276,1.38840225131984,0.575,0.239,2.07673279339945e-271,c0,Plk5,0.336,0.1932
2.74721593136953e-275,1.11151159870567,0.668,0.421,8.854276946804e-271,c0,Tjp2,0.247,0.164996
4.53780553452082e-275,2.14578995177304,0.448,0.165,1.46253472377606e-270,c0,Cep89,0.283,0.126784
4.78450893307415e-275,1.80987805418836,0.484,0.183,1.5420472291298e-270,c0,Eps8,0.301,0.145684
1.47813229070243e-273,0.954063860258038,0.715,0.496,4.76402037293394e-269,c0,Ubr3,0.219,0.156585
5.59349139585823e-273,0.926804363472844,0.707,0.519,1.80278227688511e-268,c0,Tnks2,0.188,0.132916
9.71086832175434e-273,1.34061171050715,0.597,0.357,3.12981286010142e-268,c0,Kmt5c,0.24,0.14328
3.1884333949722e-272,1.02034249438168,0.694,0.467,1.02763208319954e-267,c0,Lpgat1,0.227,0.157538
4.64516786536167e-272,1.06895705219678,0.678,0.453,1.49713760300607e-267,c0,Brwd1,0.225,0.15255
8.73007797287286e-272,1.28305793056052,0.615,0.313,2.81370413065692e-267,c0,Zfp536,0.302,0.18573
5.11816317093032e-271,2.90623682002794,0.354,0.078,1.64958398999084e-266,c0,Ccdc173,0.276,0.097704
5.54894808961355e-271,0.659955405602024,0.847,0.63,1.78842596928245e-266,c0,BC005537,0.217,0.183799
7.809004340119e-271,1.35350719996391,0.596,0.363,2.51684209882035e-266,c0,Pias1,0.233,0.138868
1.05980451299696e-270,1.300693364422,0.611,0.377,3.41574994538921e-266,c0,Mapk9,0.234,0.142974
1.22633027526899e-270,1.42519177537002,0.591,0.353,3.95246247719196e-266,c0,Stam2,0.238,0.140658
2.72982466439852e-270,1.31400289148028,0.615,0.372,8.79822489335642e-266,c0,Mcts1,0.243,0.149445
2.60154728115687e-269,1.15346527226474,0.645,0.416,8.38478688716858e-265,c0,Oxct1,0.229,0.147705
2.92793418383233e-269,1.92808550198062,0.485,0.213,9.43673187449162e-265,c0,Nsun4,0.272,0.13192
3.95233632130225e-269,0.732692506983099,0.767,0.608,1.27383799635572e-264,c0,Raly,0.159,0.121953
1.49663727900311e-268,1.34447322806329,0.607,0.369,4.82366195022703e-264,c0,Senp3,0.238,0.144466
2.03181970368673e-268,2.04828934161921,0.456,0.181,6.54855490498232e-264,c0,D1Ertd622e,0.275,0.1254
6.91480212011786e-268,1.88940788957049,0.486,0.217,2.22864072331399e-263,c0,Zfp787,0.269,0.130734
2.32511542552352e-267,0.799831966295764,0.806,0.536,7.4938470164623e-263,c0,Srsf5,0.27,0.21762
2.48522962767656e-266,1.37822094025613,0.588,0.354,8.00989509000154e-262,c0,Capn7,0.234,0.137592
4.79879017499093e-266,1.01649973103461,0.687,0.472,1.54665007339958e-261,c0,Ypel3,0.215,0.147705
5.07171597559883e-266,1.17301408174787,0.638,0.392,1.6346140589355e-261,c0,Hmgcr,0.246,0.156948
6.5164247064871e-266,1.81644549650071,0.486,0.213,2.10024368290079e-261,c0,Arntl,0.273,0.132678
6.85734544815493e-266,2.85750278695176,0.356,0.084,2.21012243794033e-261,c0,Fam227a,0.272,0.096832
1.74596070846546e-265,1.23239285188134,0.62,0.386,5.62723136338418e-261,c0,Zfp292,0.234,0.14508
2.35667755786796e-264,2.55153062333499,0.378,0.102,7.59557176900843e-260,c0,Stk36,0.276,0.104328
2.36179013156032e-264,2.76416867437923,0.352,0.078,7.61204959401891e-260,c0,Slc9a5,0.274,0.096448
3.29187526537712e-264,1.33405737282983,0.596,0.371,1.06097139803105e-259,c0,Get4,0.225,0.1341
5.5116998573725e-264,0.994923233326554,0.713,0.444,1.77642086403116e-259,c0,Luc7l3,0.269,0.191797
5.62513950399004e-264,2.05400883261632,0.437,0.153,1.81298246213599e-259,c0,Plekha2,0.284,0.124108
1.02378489078306e-263,1.39122461676341,0.576,0.313,3.2996587029938e-259,c0,Zbtb18,0.263,0.151488
6.8568577836517e-263,2.58948957902477,0.376,0.101,2.20996526367094e-258,c0,Morn1,0.275,0.1034
9.19029799418535e-263,2.9820352673412,0.333,0.065,2.96203304352594e-258,c0,Nme5,0.268,0.089244
1.13099580062534e-262,1.60063380998881,0.534,0.286,3.64519946541547e-258,c0,Kif2a,0.248,0.132432
1.61096763400919e-262,1.54326328306777,0.549,0.294,5.19214868441163e-258,c0,Kansl1l,0.255,0.139995
2.00989025647887e-261,2.17578742499046,0.422,0.145,6.47787629663139e-257,c0,Sec22c,0.277,0.116894
5.67498109270254e-261,1.59986165983126,0.53,0.259,1.82904640617803e-256,c0,Hps3,0.271,0.14363
2.62690195503366e-260,1.09755512048366,0.658,0.419,8.46650500107349e-256,c0,Srpk2,0.239,0.157262
7.78328821737665e-259,1.57148945327762,0.536,0.282,2.5085537924605e-254,c0,Chsy1,0.254,0.136144
1.74303755217056e-258,0.696654150329382,0.787,0.61,5.61781003064573e-254,c0,Trip12,0.177,0.139299
8.11652409800992e-258,2.00167155497671,0.433,0.147,2.6159557167886e-253,c0,Shroom2,0.286,0.123838
8.43019899609285e-258,1.8462711239289,0.482,0.215,2.71705313644072e-253,c0,Dnal1,0.267,0.128694
1.37987322022712e-257,1.67773175915829,0.505,0.233,4.447331388792e-253,c0,Ercc2,0.272,0.13736
1.52124289629347e-257,1.89796857740237,0.457,0.17,4.90296585475387e-253,c0,Zkscan2,0.287,0.131159
2.70926869152628e-257,1.32265475590202,0.593,0.349,8.7319729927892e-253,c0,Btbd9,0.244,0.144692
8.27523383258254e-257,1.28257803861532,0.598,0.336,2.66710786424135e-252,c0,Stxbp5,0.262,0.156676
1.93149339414999e-256,1.47866535384482,0.551,0.284,6.22520320934542e-252,c0,Peli2,0.267,0.147117
5.75573625436459e-256,1.21676087190146,0.621,0.371,1.85507379478171e-251,c0,Crebzf,0.25,0.15525
4.10385237548813e-255,1.12410595015532,0.644,0.419,1.32267162061982e-250,c0,Akap8,0.225,0.1449
2.06769809650917e-254,0.847935993915736,0.717,0.534,6.66419096504904e-250,c0,Psmc6,0.183,0.131211
3.50903065324214e-254,1.37268940231823,0.574,0.338,1.13096057953994e-249,c0,Usp12,0.236,0.135464
4.78144432178041e-254,2.51712786982694,0.339,0.067,1.54105950490983e-249,c0,Pcsk2,0.272,0.092208
1.00306671671531e-253,1.08364329311912,0.644,0.441,3.23288402797346e-249,c0,Ubxn7,0.203,0.130732
2.44931486868817e-253,1.08847972200815,0.649,0.435,7.89414182178196e-249,c0,Cnot6l,0.214,0.138886
2.48728228699694e-253,1.87343372475542,0.467,0.202,8.01651081099114e-249,c0,Ift122,0.265,0.123755
3.6165599790285e-253,1.26923698860706,0.596,0.375,1.16561728124089e-248,c0,Kdm5c,0.221,0.131716
3.73597421415071e-253,1.02462299023223,0.65,0.382,1.20410448922077e-248,c0,Dgkd,0.268,0.1742
3.99998741357084e-253,1.83142748528593,0.475,0.205,1.28919594339388e-248,c0,Tmem42,0.27,0.12825
1.27043706605398e-252,3.09845684730683,0.318,0.06,4.09461866389199e-248,c0,Trim36,0.258,0.082044
1.4793493297283e-252,1.8831337096469,0.476,0.215,4.7679428897143e-248,c0,Atrip,0.261,0.124236
1.72387532632433e-252,0.761781318914608,0.751,0.592,5.55605017674332e-248,c0,Ndufs2,0.159,0.119409
2.18034479696625e-252,1.83905084012187,0.447,0.158,7.02725128062223e-248,c0,Prkcz,0.289,0.129183
2.18746537491491e-252,2.26482261464169,0.407,0.136,7.05020090335074e-248,c0,Ccdc39,0.271,0.110297
3.96067397225868e-252,0.90831399854161,0.698,0.494,1.27652522125897e-247,c0,Ranbp2,0.204,0.142392
8.57779703497887e-252,1.31376034369484,0.589,0.358,2.76462398437369e-247,c0,Camta2,0.231,0.136059
2.34890509375268e-251,1.01680507533144,0.675,0.434,7.57052111716488e-247,c0,Clk4,0.241,0.162675
1.4333589720682e-250,1.52282840379034,0.547,0.306,4.61971596697582e-246,c0,Thada,0.241,0.131827
1.01746454666743e-248,2.75222466900161,0.346,0.084,3.27928823390914e-244,c0,Rhbdl3,0.262,0.090652
2.2453318234371e-248,1.53808758863445,0.531,0.282,7.23670446693777e-244,c0,Elmod2,0.249,0.132219
9.66884704726518e-248,1.15231348849126,0.621,0.383,3.11626940333357e-243,c0,Apc,0.238,0.147798
1.25073767695722e-247,1.65908897270612,0.503,0.236,4.03112753283312e-243,c0,Ncapd3,0.267,0.134301
1.05011192316575e-246,2.14289087486751,0.402,0.129,3.38451072836322e-242,c0,Fam78b,0.273,0.109746
7.51089432113929e-246,1.0531913670606,0.651,0.45,2.42076123970319e-241,c0,Ddb1,0.201,0.130851
2.07413606894335e-245,1.03019266354239,0.671,0.425,6.68494055020441e-241,c0,Ralgapa1,0.246,0.165066
1.14042495997573e-244,1.62487616188467,0.479,0.183,3.67558964600178e-240,c0,Ppfia2,0.296,0.141784
1.63838811010283e-244,1.40556163276852,0.564,0.329,5.28052487886143e-240,c0,Zcchc7,0.235,0.13254
3.02501647274608e-244,1.72744316640809,0.476,0.199,9.74962809166063e-240,c0,Dennd6b,0.277,0.131852
6.28483168221635e-244,1.19539463402692,0.61,0.396,2.02560125117833e-239,c0,Fam193a,0.214,0.13054
6.38657710463914e-244,1.29702584682852,0.584,0.322,2.0583938008252e-239,c0,Nbea,0.262,0.153008
2.42168608159501e-243,1.79263257795263,0.479,0.222,7.80509424098071e-239,c0,Cnnm4,0.257,0.123103
2.62290099705235e-243,2.18596338416171,0.4,0.134,8.45360991349971e-239,c0,Lmln,0.266,0.1064
4.8405369209457e-243,1.19980642568877,0.6,0.387,1.5601050496208e-238,c0,Srsf4,0.213,0.1278
1.66146287305937e-242,1.14600494073639,0.626,0.403,5.35489483987036e-238,c0,Brd8,0.223,0.139598
5.06512376136269e-241,1.83909449031906,0.463,0.202,1.6324893882872e-236,c0,D16Ertd472e,0.261,0.120843
7.2441368526213e-240,2.58908548576022,0.356,0.098,2.33478530759985e-235,c0,Lekr1,0.258,0.091848
2.15662053887919e-239,1.61605951522752,0.509,0.262,6.95078799680764e-235,c0,Slc38a9,0.247,0.125723
3.7951853439639e-239,1.50200648171458,0.538,0.297,1.22318823635957e-234,c0,Polr3k,0.241,0.129658
5.26703069682888e-239,2.83025252531063,0.324,0.072,1.69756399358795e-234,c0,Slc29a2,0.252,0.081648
1.14564616785222e-238,2.32081140578224,0.373,0.111,3.69241759898772e-234,c0,Enkd1,0.262,0.097726
1.36584649021901e-238,1.21554940928215,0.598,0.375,4.40212323797587e-234,c0,Agpat5,0.223,0.133354
1.51789955921132e-238,2.19413808762967,0.391,0.126,4.89219027933809e-234,c0,Nrm,0.265,0.103615
3.85397862329137e-238,0.850902036542704,0.72,0.503,1.24213731028681e-233,c0,Polr2a,0.217,0.15624
1.1635663026012e-236,1.89826030304769,0.426,0.156,3.75017419328366e-232,c0,Eepd1,0.27,0.11502
2.16995867749001e-236,1.45397949132812,0.534,0.291,6.99377681755031e-232,c0,Ptpn21,0.243,0.129762
2.70526494796102e-236,0.846907584388187,0.742,0.474,8.71906892727835e-232,c0,Gls,0.268,0.198856
3.22645295549011e-236,1.96798970337384,0.436,0.176,1.03988578755446e-231,c0,Gpr137c,0.26,0.11336
9.6231834027751e-236,0.915710631678185,0.7,0.466,3.10155201071442e-231,c0,Ccnl2,0.234,0.1638
1.6403804124506e-235,2.4762553639932,0.356,0.099,5.28694606932828e-231,c0,Ccser1,0.257,0.091492
2.19453374622844e-235,0.991620927142326,0.667,0.436,7.07298226409428e-231,c0,Pcf11,0.231,0.154077
2.3074951831658e-235,2.13948669936275,0.402,0.141,7.43705697534337e-231,c0,Sfxn2,0.261,0.104922
4.17811567119924e-235,1.75937838904396,0.474,0.214,1.34660668082751e-230,c0,Apex2,0.26,0.12324
4.75506010795581e-235,1.5593647533731,0.491,0.212,1.53255587279416e-230,c0,Tspoap1,0.279,0.136989
1.27157879787696e-234,1.8771348110973,0.429,0.158,4.09829846555743e-230,c0,Plekha6,0.271,0.116259
5.06514585833976e-234,1.13642866681533,0.62,0.401,1.6324965101429e-229,c0,Zfyve27,0.219,0.13578
1.72555281857288e-233,1.52084657870282,0.475,0.174,5.56145673426038e-229,c0,Pacsin1,0.301,0.142975
2.82975775101882e-233,1.8887623328309,0.44,0.181,9.12030923153367e-229,c0,Ndufaf5,0.259,0.11396
3.44220595316904e-233,1.32306599950314,0.565,0.326,1.10942297870638e-228,c0,Ext1,0.239,0.135035
8.73262707397006e-233,2.31673049314728,0.374,0.117,2.81452570594055e-228,c0,Cep126,0.257,0.096118
1.34670881987899e-232,2.60204491088484,0.346,0.094,4.34044252646999e-228,c0,Cfap69,0.252,0.087192
1.85883418983152e-232,3.03121721340544,0.298,0.055,5.99102259382698e-228,c0,Synpo2,0.243,0.072414
2.69600195195536e-232,1.41977891941639,0.55,0.313,8.68921429115212e-228,c0,Sfi1,0.237,0.13035
3.0170181634348e-232,1.02867047037543,0.649,0.396,9.72384954075035e-228,c0,Spry2,0.253,0.164197
4.66571893798059e-232,0.926175236213538,0.714,0.418,1.50376121371114e-227,c0,Kif1a,0.296,0.211344
4.71003740666276e-232,1.05382040009467,0.646,0.415,1.51804505616741e-227,c0,Akap8l,0.231,0.149226
5.58678222655241e-232,1.036285408329,0.639,0.444,1.80061991161784e-227,c0,Usp19,0.195,0.124605
6.46427326385204e-232,2.61042411005677,0.337,0.085,2.08343527293951e-227,c0,Saxo2,0.252,0.084924
1.67538093636522e-231,2.44822865886522,0.353,0.099,5.3997527579051e-227,c0,Phf21b,0.254,0.089662
1.89800633785493e-231,1.19295395219248,0.599,0.373,6.11727442690644e-227,c0,Kras,0.226,0.135374
3.24726935899635e-231,1.88979759599058,0.446,0.195,1.04659491440452e-226,c0,Rab30,0.251,0.111946
7.82561979095687e-231,1.75106285349293,0.475,0.231,2.5221972586254e-226,c0,Faim,0.244,0.1159
9.05424534216323e-231,1.03350056846207,0.648,0.407,2.91818327377921e-226,c0,Akap11,0.241,0.156168
1.00705250349776e-230,1.28932217473559,0.573,0.334,3.24573021877329e-226,c0,Braf,0.239,0.136947
1.17411939063324e-230,1.27401054467127,0.577,0.35,3.78418679601093e-226,c0,Gpatch8,0.227,0.130979
2.51129867769671e-230,1.37245661840813,0.553,0.321,8.09391563821648e-226,c0,Vps53,0.232,0.128296
4.00317619583322e-230,1.31368112705531,0.552,0.289,1.29022368791705e-225,c0,Sntb2,0.263,0.145176
5.5184883029794e-230,0.908854554895339,0.681,0.491,1.77860878005026e-225,c0,Npepps,0.19,0.12939
6.14877139933263e-230,2.26666312615393,0.364,0.105,1.98174902200491e-225,c0,Fam110a,0.259,0.094276
8.06266240436626e-230,3.84798872562322,0.257,0.029,2.59859609292724e-225,c0,Ccdc187,0.228,0.058596
9.3128319468043e-230,1.43164061046113,0.529,0.276,3.00152573645503e-225,c0,Itfg2,0.253,0.133837
6.65553444740044e-229,1.77792553392798,0.459,0.209,2.14507875239716e-224,c0,Tctn3,0.25,0.11475
7.79566815472655e-228,1.55667451979707,0.506,0.271,2.51254384626837e-223,c0,Zfp281,0.235,0.11891
8.13004823132544e-228,1.08398713692534,0.626,0.37,2.62031454495619e-223,c0,Cited2,0.256,0.160256
4.49974974930845e-227,0.960679291908486,0.681,0.441,1.45026934420211e-222,c0,Apbb1,0.24,0.16344
1.26060106409596e-226,0.989255726834587,0.657,0.466,4.06291722958128e-222,c0,Gtf3c2,0.191,0.125487
3.66800085144654e-226,1.0128290507905,0.643,0.449,1.18219667442122e-221,c0,Chchd3,0.194,0.124742
1.76155347604471e-225,1.39466714521136,0.548,0.34,5.67748685329209e-221,c0,Xiap,0.208,0.113984
3.45259057825454e-225,1.14206277743302,0.591,0.303,1.11276994337144e-220,c0,Jag1,0.288,0.170208
6.378887914705e-225,1.07003782196761,0.62,0.438,2.05591557490942e-220,c0,Rbm7,0.182,0.11284
1.79489750231841e-224,0.825183145730114,0.735,0.466,5.78495464997223e-220,c0,Ccnl1,0.269,0.197715
8.13663867533268e-224,1.65795165775153,0.48,0.242,2.62243864505972e-219,c0,Ccdc117,0.238,0.11424
1.0399458458549e-223,0.983687318181421,0.674,0.411,3.35174546119034e-219,c0,Ptbp2,0.263,0.177262
4.59398181222928e-222,1.06955245301497,0.628,0.416,1.4806403380815e-217,c0,Kat6b,0.212,0.133136
5.48742937041903e-222,0.824176240264842,0.695,0.515,1.76859848608605e-217,c0,Adnp,0.18,0.1251
1.09315602777766e-221,1.16045104463126,0.597,0.37,3.5232418775274e-217,c0,Dyrk1b,0.227,0.135519
1.48079616413528e-221,1.05601596636513,0.628,0.387,4.77260603700801e-217,c0,Slc25a33,0.241,0.151348
1.0952915958721e-220,1.97175735242286,0.39,0.131,3.53012481349579e-216,c0,Celsr3,0.259,0.10101
1.87363492158858e-220,1.12815226745856,0.605,0.408,6.03872535227998e-216,c0,Thoc2,0.197,0.119185
2.74596938593365e-220,1.06527623590155,0.623,0.392,8.85025933086416e-216,c0,Klhdc8b,0.231,0.143913
1.23897633260572e-219,1.33592696986597,0.547,0.325,3.99322071998825e-215,c0,Luc7l,0.222,0.121434
3.00544897043758e-219,1.18421281050546,0.599,0.403,9.68656203172031e-215,c0,Ipo5,0.196,0.117404
5.19970213178317e-219,1.62474569414659,0.466,0.209,1.67586399707371e-214,c0,Abcg1,0.257,0.119762
7.09638754168825e-219,0.991661355612796,0.64,0.459,2.28716570468612e-214,c0,Cul4a,0.181,0.11584
2.31662390296279e-218,1.34071061261565,0.549,0.327,7.46647883924906e-214,c0,Ubn2,0.222,0.121878
3.86618158104012e-218,1.05803456955483,0.623,0.42,1.24607032356923e-213,c0,Zmym2,0.203,0.126469
1.69525661429783e-217,1.08272925991194,0.62,0.387,5.46381206788192e-213,c0,Pnn,0.233,0.14446
1.10564462422023e-216,1.16748941881214,0.591,0.338,3.56349262386181e-212,c0,Stom,0.253,0.149523
2.02355342957041e-216,1.18370379440044,0.583,0.383,6.52191270350543e-212,c0,Zc3h4,0.2,0.1166
2.86284234427539e-216,1.41700872458863,0.524,0.296,9.22694087559957e-212,c0,Iffo1,0.228,0.119472
2.19661955119861e-214,1.51408454129857,0.501,0.271,7.07970481351312e-210,c0,Dop1a,0.23,0.11523
2.86101660554222e-214,1.08565862577869,0.612,0.358,9.22105651966258e-210,c0,Atp6v0e2,0.254,0.155448
8.18403874395472e-214,0.907341447343322,0.662,0.485,2.63771568717661e-209,c0,R3hdm4,0.177,0.117174
8.29580429357819e-214,1.28819674092443,0.557,0.334,2.67373772382025e-209,c0,Wdr7,0.223,0.124211
1.20218665870733e-213,0.957548508846843,0.649,0.453,3.87464760101374e-209,c0,Ncoa1,0.196,0.127204
1.64647083352485e-213,1.77534694572375,0.446,0.207,5.30657549645058e-209,c0,Als2,0.239,0.106594
3.55553121158861e-213,1.87602444630998,0.439,0.206,1.14594770949501e-208,c0,Prmt7,0.233,0.102287
1.53465736882322e-212,1.10973765121352,0.602,0.404,4.94620069971724e-208,c0,Mtmr6,0.198,0.119196
2.19800302408022e-212,1.40582505262164,0.515,0.281,7.08416374661056e-208,c0,Gse1,0.234,0.12051
2.68507032457172e-212,1.35001565266675,0.54,0.323,8.65398165609467e-208,c0,Atg2b,0.217,0.11718
1.05668179354056e-211,1.27241196618814,0.545,0.294,3.40568542058124e-207,c0,Patj,0.251,0.136795
4.94963438016395e-210,1.84283858861485,0.417,0.173,1.59526716072684e-205,c0,Nat14,0.244,0.101748
8.10047180974592e-209,0.693175337235702,0.776,0.579,2.61078206428111e-204,c0,Clcn3,0.197,0.152872
1.36807675209677e-208,1.87856153006809,0.381,0.124,4.40931137200789e-204,c0,Svop,0.257,0.097917
2.15833711767924e-208,1.82836686061327,0.414,0.165,6.9563205302802e-204,c0,Hdac9,0.249,0.103086
2.19817005410849e-208,0.879276698089086,0.675,0.481,7.08470208439168e-204,c0,Srcap,0.194,0.13095
2.56132864925725e-208,0.952859146989546,0.643,0.464,8.25516223655612e-204,c0,Col4a3bp,0.179,0.115097
1.66143452679065e-207,1.04393613167118,0.61,0.422,5.35480347984628e-203,c0,Tlk2,0.188,0.11468
2.45999954929669e-207,1.34595317821101,0.52,0.283,7.92857854738322e-203,c0,Cerk,0.237,0.12324
5.05372863629905e-207,1.21346444523887,0.561,0.369,1.62881673947918e-202,c0,Pik3ca,0.192,0.107712
1.19405716154036e-206,1.78908006130539,0.429,0.19,3.84844623164457e-202,c0,Tctn1,0.239,0.102531
8.18336050658403e-206,1.93338544293412,0.423,0.194,2.63749709127203e-201,c0,Cntln,0.229,0.096867
1.58803600412563e-205,1.49899488408733,0.493,0.267,5.1182400412969e-201,c0,Mettl3,0.226,0.111418
1.86219636652909e-205,0.718657632984322,0.812,0.516,6.00185888932324e-201,c0,Clk1,0.296,0.240352
2.64054349981978e-205,1.09274419365894,0.597,0.391,8.51047169991915e-201,c0,Rbm6,0.206,0.122982
7.34791833866886e-205,2.3840075082459,0.31,0.074,2.36823408055297e-200,c0,Prdm1,0.236,0.07316
2.70718046527001e-204,1.09696346285452,0.602,0.394,8.72524263956526e-200,c0,Orc4,0.208,0.125216
4.80826858016075e-204,3.12587594394761,0.273,0.054,1.54970496338581e-199,c0,Duxbl2,0.219,0.059787
4.97899251031606e-204,1.78685806861093,0.42,0.18,1.60472928607487e-199,c0,Prickle1,0.24,0.1008
2.70547053539324e-203,0.436107082928474,0.87,0.81,8.7197315355724e-199,c0,Aldoa,0.0599999999999999,0.0522
3.24323476489854e-203,1.23677283257874,0.552,0.353,1.0452945647268e-198,c0,Ctr9,0.199,0.109848
6.2825135484104e-203,1.04219697121705,0.589,0.276,2.02485411665267e-198,c0,Zfp385b,0.313,0.184357
1.17741745339485e-202,1.6953356344369,0.42,0.177,3.7948164522916e-198,c0,Lmnb1,0.243,0.10206
6.07629253298247e-202,1.06594789976537,0.598,0.375,1.95838908338025e-197,c0,Optn,0.223,0.133354
2.53835034898008e-201,0.960124724749925,0.634,0.416,8.18110317476281e-197,c0,Fgd4,0.218,0.138212
2.60485974909652e-201,1.17404725559604,0.552,0.31,8.3954629713381e-197,c0,Tpd52,0.242,0.133584
2.92034360578127e-201,1.65590502653676,0.449,0.217,9.41226744143305e-197,c0,Adal,0.232,0.104168
6.04771423199556e-201,1.48296300941862,0.477,0.237,1.94917829697217e-196,c0,Tmem243,0.24,0.11448
6.63308620834911e-201,2.27349240355953,0.347,0.115,2.13784368495092e-196,c0,Ccdc57,0.232,0.080504
1.20766200730847e-200,1.65693438492273,0.456,0.23,3.89229464955518e-196,c0,Vps37c,0.226,0.103056
1.4465360639679e-200,1.54347270770679,0.471,0.235,4.66218573416854e-196,c0,Dnajc27,0.236,0.111156
4.45796722026031e-200,1.97413021317059,0.397,0.166,1.4368028350899e-195,c0,Ift88,0.231,0.091707
5.51366080620778e-200,0.886551832695188,0.672,0.409,1.77705287784077e-195,c0,Vldlr,0.263,0.176736
7.67838382085375e-200,1.17963913526487,0.571,0.372,2.47474310546116e-195,c0,Dym,0.199,0.113629
1.06653300233984e-199,1.68908316718518,0.44,0.21,3.43743586654129e-195,c0,Dcun1d3,0.23,0.1012
1.15242871253265e-198,1.1797155512027,0.527,0.246,3.71427774049274e-194,c0,Tmem108,0.281,0.148087
1.53458495285314e-198,1.17848154233483,0.576,0.377,4.94596730304566e-194,c0,Borcs8,0.199,0.114624
3.53015903987747e-198,1.66089732287687,0.451,0.224,1.13777025855251e-193,c0,Msh3,0.227,0.102377
3.57500136081764e-198,0.649631259735157,0.797,0.602,1.15222293859152e-193,c0,Scarb1,0.195,0.155415
1.13297275779253e-197,2.3640843226023,0.323,0.095,3.65157119836531e-193,c0,Ccpg1os,0.228,0.073644
1.68951782477801e-197,1.03428851615192,0.604,0.407,5.44531594925954e-193,c0,Tnrc6c,0.197,0.118988
1.79433288398786e-197,1.22899858799755,0.542,0.318,5.78313488509288e-193,c0,Nedd4l,0.224,0.121408
2.16582334986704e-197,0.81277665907977,0.699,0.491,6.98044865662148e-193,c0,Cpsf6,0.208,0.145392
2.52461800314102e-197,2.87880527101203,0.267,0.05,8.13684382412351e-193,c0,Tmem255b,0.217,0.057939
4.04340519420998e-197,2.1685600499402,0.348,0.116,1.30318949409388e-192,c0,Camkk1,0.232,0.080736
9.7684995844441e-197,1.33647795610299,0.522,0.324,3.14838741606633e-192,c0,Phax,0.198,0.103356
1.71446638754035e-196,1.80280377419714,0.408,0.172,5.52572516704254e-192,c0,Gadd45a,0.236,0.096288
2.0759695313217e-196,1.21903508709284,0.554,0.344,6.69084979944982e-192,c0,Gripap1,0.21,0.11634
3.20164445219948e-196,0.77105372507965,0.74,0.4,1.03189000694389e-191,c0,Ttyh1,0.34,0.2516
9.17185113222532e-196,1.39028949007601,0.511,0.304,2.95608761991622e-191,c0,Ufsp2,0.207,0.105777
6.74832568311484e-195,0.715447615631579,0.719,0.554,2.17498536766791e-190,c0,Mbnl2,0.165,0.118635
1.76191036587482e-194,1.3031719339474,0.535,0.333,5.67863710921456e-190,c0,Mast2,0.202,0.10807
3.46430982501226e-194,1.73675105853036,0.411,0.172,1.11654705660145e-189,c0,Prkd1,0.239,0.098229
3.9874375654836e-194,1.20997334158147,0.55,0.355,1.28515112735536e-189,c0,Nae1,0.195,0.10725
5.08913853172985e-194,1.15503367007657,0.566,0.367,1.64022934877653e-189,c0,Rictor,0.199,0.112634
1.69809060386524e-193,0.871305637062532,0.652,0.477,5.47294601625768e-189,c0,Ep300,0.175,0.1141
3.79124069512645e-193,0.735924673511912,0.722,0.551,1.22191687603925e-188,c0,Pfkl,0.171,0.123462
6.67401428714031e-193,1.58813438891059,0.435,0.19,2.15103480474532e-188,c0,Scn8a,0.245,0.106575
9.78573956125648e-193,1.2680873224195,0.53,0.325,3.15394386059296e-188,c0,Prpsap2,0.205,0.10865
1.61260640578421e-192,1.0494774376044,0.597,0.407,5.19743044584251e-188,c0,Trappc8,0.19,0.11343
2.25175880769786e-192,1.23089157131838,0.542,0.327,7.25741863721021e-188,c0,Trp53bp1,0.215,0.11653
2.42196551696814e-191,1.09694497072399,0.547,0.262,7.80599486118833e-187,c0,Amy1,0.285,0.155895
3.40178774523236e-191,1.13017103215709,0.574,0.375,1.09639619028839e-186,c0,Tet2,0.199,0.114226
6.83030485579655e-191,1.26115856165072,0.482,0.2,2.20140725502323e-186,c0,Rundc3a,0.282,0.135924
1.32866548923836e-190,1.54971531407285,0.461,0.242,4.28228887181523e-186,c0,Socs7,0.219,0.100959
4.01352998178536e-190,1.61023821051672,0.452,0.229,1.29356071312942e-185,c0,Crppa,0.223,0.100796
5.54036304688349e-190,1.48606692005988,0.474,0.254,1.78565901001055e-185,c0,Arhgap39,0.22,0.10428
7.99975396764273e-190,1.107921660237,0.574,0.383,2.57832070377125e-185,c0,Creb1,0.191,0.109634
8.32282522238845e-190,1.06284632587324,0.592,0.376,2.6824465691758e-185,c0,Zfp280d,0.216,0.127872
8.43448989276675e-190,1.67155014496615,0.441,0.224,2.71843609243872e-185,c0,Mtif2,0.217,0.095697
4.96679344396766e-189,2.05615645686393,0.353,0.126,1.60079752699078e-184,c0,Vax2,0.227,0.080131
9.06912328712603e-189,0.828380658618425,0.66,0.371,2.92297843544072e-184,c0,Gpm6b,0.289,0.19074
2.53902672850051e-188,1.07881800882954,0.584,0.376,8.18328314595714e-184,c0,Ttc7b,0.208,0.121472
6.64295544667802e-188,0.651055898594733,0.74,0.58,2.14102454046432e-183,c0,Add1,0.16,0.1184
2.35015617546819e-187,1.07525275020478,0.581,0.379,7.57455335353399e-183,c0,Ccdc107,0.202,0.117362
6.19844777952834e-187,1.49608756932548,0.451,0.223,1.99775971934198e-182,c0,Ammecr1,0.228,0.102828
3.1057513768206e-186,1.07088298170456,0.581,0.369,1.00098366874928e-181,c0,Myef2,0.212,0.123172
3.75853987890545e-186,1.81254295740826,0.371,0.134,1.21137740297123e-181,c0,Ap3b2,0.237,0.087927
3.30682524159136e-185,1.15546006825006,0.552,0.33,1.06578977536489e-180,c0,Dtnb,0.222,0.122544
3.60698175974745e-185,0.991728201570693,0.604,0.409,1.1625302211666e-180,c0,Hdac5,0.195,0.11778
5.97511247926664e-185,0.923372901990162,0.618,0.456,1.92577875206764e-180,c0,Vezf1,0.162,0.100116
1.39289524522299e-184,1.27076352518544,0.527,0.332,4.48930137535371e-180,c0,Osgep,0.195,0.102765
1.5035083552896e-184,0.786364621463912,0.67,0.503,4.84580742909839e-180,c0,Arih1,0.167,0.11189
5.12815340935395e-184,1.32741959778819,0.501,0.284,1.65280384383478e-179,c0,Zfp462,0.217,0.108717
6.74938913293855e-184,1.82839341623365,0.362,0.13,2.1753281175461e-179,c0,Hspb6,0.232,0.083984
8.05165485905112e-184,1.33576081775215,0.506,0.298,2.59504836107218e-179,c0,Pou2f1,0.208,0.105248
8.78190586475155e-184,0.69654035566122,0.72,0.568,2.83040826020942e-179,c0,Dnmt3a,0.152,0.10944
9.60481990488831e-184,1.15766097927223,0.526,0.263,3.0956334553455e-179,c0,Kcnab2,0.263,0.138338
1.68329422446289e-183,0.994166708065939,0.591,0.355,5.42525728544389e-179,c0,Tmem237,0.236,0.139476
2.69890610082155e-183,0.886515971727459,0.637,0.465,8.69857436294785e-179,c0,Ccar1,0.172,0.109564
3.08453535336783e-183,1.61321532774125,0.433,0.212,9.94145744390453e-179,c0,Cfap410,0.221,0.095693
4.11373206706986e-183,0.821918199827626,0.671,0.477,1.32585584521662e-178,c0,Prpf4b,0.194,0.130174
1.40602737319349e-182,0.624303071022876,0.746,0.586,4.53162622380263e-178,c0,Hnrnpm,0.16,0.11936
2.42034140522841e-182,1.20107968229879,0.542,0.35,7.80076034905118e-178,c0,Fnbp4,0.192,0.104064
4.37665822009111e-182,1.23900751917584,0.53,0.345,1.41059694433536e-177,c0,Kpna3,0.185,0.09805
9.63155789809804e-182,0.788397920423526,0.679,0.46,3.104251110557e-177,c0,Ivns1abp,0.219,0.148701
1.94906950998843e-181,2.47986396667538,0.253,0.047,6.2818510306927e-177,c0,Arg2,0.206,0.052118
4.25092843224875e-181,1.28245889520033,0.5,0.272,1.37007423371377e-176,c0,Usp2,0.228,0.114
3.19230948217407e-180,0.642746947090331,0.743,0.579,1.0288813461047e-175,c0,Papola,0.164,0.121852
1.53228110394827e-179,0.875045918485975,0.64,0.447,4.93854199802527e-175,c0,Pde4dip,0.193,0.12352
4.68292208264734e-179,1.39146385738983,0.488,0.29,1.50930578723724e-174,c0,Fam45a,0.198,0.096624
5.98521104136204e-179,1.36952227644902,0.491,0.281,1.92903351863099e-174,c0,N4bp2,0.21,0.10311
9.554911050619e-179,0.868057367680207,0.635,0.462,3.0795478316145e-174,c0,Ash1l,0.173,0.109855
3.09092118526907e-178,0.835896548290603,0.65,0.488,9.96203898012221e-174,c0,Vbp1,0.162,0.1053
3.37617458146069e-178,1.10997597398097,0.557,0.343,1.08814106760478e-173,c0,Rbmx,0.214,0.119198
3.86015283765386e-178,0.924056868923278,0.62,0.407,1.24412725957584e-173,c0,Paqr4,0.213,0.13206
5.40150362204822e-178,1.38802614552088,0.493,0.305,1.74090461738614e-173,c0,Dnttip2,0.188,0.092684
6.78790690636135e-178,0.780529357264042,0.684,0.474,2.18774239592026e-173,c0,Jmjd1c,0.21,0.14364
8.14385411900064e-178,1.49121261476527,0.453,0.236,2.62476418255391e-173,c0,Plekhm3,0.217,0.098301
1.37327714158126e-177,0.685820346219878,0.744,0.535,4.4260722273164e-173,c0,Srsf6,0.209,0.155496
2.11619771310553e-177,1.0633291783271,0.575,0.391,6.82050522933913e-173,c0,Tmcc1,0.184,0.1058
2.27329141581059e-177,1.48848648861089,0.465,0.265,7.32681823315754e-173,c0,Atg16l1,0.2,0.093
2.34787257327481e-177,1.4752958415513,0.461,0.249,7.56719330366471e-173,c0,Cluap1,0.212,0.097732
2.66183263740005e-176,1.49869551601909,0.391,0.145,8.57908659034037e-172,c0,Srrm4,0.246,0.096186
3.43366486516823e-176,0.661140952527586,0.727,0.552,1.10667018604372e-171,c0,Prrc2c,0.175,0.127225
3.87554662735798e-176,1.91485917376334,0.37,0.152,1.24908867799748e-171,c0,Hemk1,0.218,0.08066
4.65212965602207e-176,1.28776170623042,0.504,0.291,1.49938138813591e-171,c0,Trps1,0.213,0.107352
7.60568846432701e-176,0.966690000754395,0.6,0.426,2.4513133920526e-171,c0,Kmt5b,0.174,0.1044
1.35613747477671e-175,2.49640719401528,0.284,0.078,4.37083108120534e-171,c0,Map10,0.206,0.058504
1.88573014580965e-175,1.23333004648586,0.514,0.304,6.0777082599445e-171,c0,Rabgap1l,0.21,0.10794
2.02739421730439e-175,1.88205456503454,0.379,0.164,6.53429156237205e-171,c0,Pms1,0.215,0.081485
2.97699631979476e-175,1.07384776613467,0.563,0.365,9.59485913869851e-171,c0,Mapre2,0.198,0.111474
9.6205609814172e-175,0.756542666938738,0.691,0.5,3.10070680431076e-170,c0,Rbm5,0.191,0.131981
1.07139002530853e-174,0.696947978596544,0.738,0.485,3.4530900515694e-170,c0,Pfkp,0.253,0.186714
1.39776969993021e-174,1.19276996964543,0.533,0.349,4.50501174287508e-170,c0,Otud4,0.184,0.098072
1.56028143374514e-174,1.08279544471613,0.561,0.379,5.0287870609606e-170,c0,Cdk8,0.182,0.102102
2.05707850648987e-174,1.40438204053802,0.479,0.285,6.62996402641685e-170,c0,Armc1,0.194,0.092926
2.40632655562409e-174,1.8775374861198,0.373,0.157,7.75559048877645e-170,c0,Pwwp2b,0.216,0.080568
3.13653126426581e-174,1.35959114302469,0.486,0.283,1.01090402647287e-169,c0,Dusp22,0.203,0.098658
4.71601565261444e-174,0.748975804849265,0.689,0.513,1.51997184483763e-169,c0,Ubr5,0.176,0.121264
5.7079660752281e-174,1.0041407602342,0.581,0.415,1.83967746604601e-169,c0,Max,0.166,0.096446
8.25878831998379e-174,1.22190138923842,0.507,0.294,2.66180747553078e-169,c0,Ppp1r16a,0.213,0.107991
1.13876572107888e-173,0.80379378707746,0.659,0.477,3.67024191903723e-169,c0,Kmt2e,0.182,0.119938
1.46673735401901e-173,0.996441313139712,0.583,0.375,4.72729449200327e-169,c0,Stk39,0.208,0.121264
4.93202752411705e-173,0.798019515494185,0.651,0.502,1.58959247102293e-168,c0,Stag2,0.149,0.096999
6.83459894609046e-173,0.903303761852977,0.611,0.45,2.20279124032495e-168,c0,Cnot1,0.161,0.098371
2.49751535339575e-172,1.15376161304189,0.536,0.356,8.04949198399451e-168,c0,Yaf2,0.18,0.09648
3.91585696042756e-172,0.679528735096765,0.755,0.532,1.2620806983458e-167,c0,Pabpn1,0.223,0.168365
2.85436297368017e-171,1.33434394859808,0.49,0.292,9.19961186417119e-167,c0,Rnf123,0.198,0.09702
6.03382980963672e-171,2.34004514196451,0.305,0.099,1.94470334764591e-166,c0,Ttll3,0.206,0.06283
1.25925132537021e-170,0.904438303696724,0.609,0.354,4.05856702166819e-166,c0,Heg1,0.255,0.155295
2.0857762247818e-170,1.1013029653757,0.553,0.373,6.72245677247173e-166,c0,Dhdds,0.18,0.09954
2.90604365078025e-170,1.47454979022216,0.451,0.25,9.36617868646476e-166,c0,Csnk1g1,0.201,0.090651
6.26897736535366e-170,1.12947019807279,0.533,0.332,2.02049140485348e-165,c0,Limk2,0.201,0.107133
6.87052069618659e-170,1.09241053952623,0.549,0.332,2.21436882038094e-165,c0,Tia1,0.217,0.119133
7.14395683237781e-170,2.06338541814925,0.325,0.115,2.30249728707537e-165,c0,Map9,0.21,0.06825
8.08115619343449e-170,1.26163748800775,0.463,0.23,2.60455664114394e-165,c0,Kank1,0.233,0.107879
4.35113734137738e-169,1.19005608864114,0.519,0.321,1.40237156512593e-164,c0,Zmynd8,0.198,0.102762
4.99399195561875e-169,1.3858610796584,0.475,0.278,1.60956360729592e-164,c0,Ppm1d,0.197,0.093575
6.4253198275549e-169,1.64018829262763,0.427,0.225,2.07088058042094e-164,c0,Slc38a6,0.202,0.086254
5.81803416938387e-168,1.95378678540422,0.36,0.153,1.87515241279242e-163,c0,Wdr59,0.207,0.07452
6.08980337563711e-168,1.38761724939808,0.406,0.162,1.96274362796784e-163,c0,Sez6l2,0.244,0.099064
3.26236291414252e-167,1.89847608409194,0.368,0.161,1.05145956722813e-162,c0,Tchp,0.207,0.076176
7.77401966817243e-167,1.56713532544203,0.375,0.144,2.50556653905197e-162,c0,Unc13a,0.231,0.086625
3.03721529828506e-166,1.61892781926475,0.418,0.213,9.78894490637276e-162,c0,Ice2,0.205,0.08569
3.934048206111e-166,1.39061462849078,0.467,0.275,1.26794373682957e-161,c0,Med6,0.192,0.089664
1.54341683537117e-165,1.18759589547519,0.52,0.331,4.97443246040127e-161,c0,Phf8,0.189,0.09828
1.56484674794432e-165,0.872217207589975,0.616,0.458,5.04350106862453e-161,c0,Snx12,0.158,0.097328
2.1612101358942e-165,1.28529551517917,0.493,0.304,6.96558026798702e-161,c0,Esco1,0.189,0.093177
3.94586272226603e-165,1.75278617030546,0.382,0.176,1.27175155538634e-160,c0,Gas8,0.206,0.078692
4.14599824941814e-165,0.765991690269085,0.658,0.498,1.33625523578747e-160,c0,Trp53inp2,0.16,0.10528
8.04229455524128e-165,1.97716818184051,0.322,0.113,2.59203153515426e-160,c0,Slc25a35,0.209,0.067298
9.49448342853359e-165,1.089172222538,0.556,0.386,3.06007200901638e-160,c0,Xpo6,0.17,0.09452
1.17560555062322e-164,1.30177760809463,0.494,0.309,3.78897668965864e-160,c0,Cabin1,0.185,0.09139
2.25007910998162e-164,1.62560481790427,0.403,0.195,7.25200497147076e-160,c0,Tmem67,0.208,0.083824
2.44191632380771e-164,0.98332136831066,0.568,0.336,7.87029631163226e-160,c0,Ahi1,0.232,0.131776
3.63926318283633e-164,1.26582856987856,0.498,0.308,1.17293452382815e-159,c0,Rpf1,0.19,0.09462
1.55648432881802e-163,0.858050288421458,0.613,0.461,5.01654899178048e-159,c0,Usp47,0.152,0.093176
1.57308273078159e-163,1.24493123130999,0.496,0.304,5.07004564130906e-159,c0,Tmem201,0.192,0.095232
1.98536485020653e-163,1.1382489999217,0.533,0.349,6.39883091221565e-159,c0,Dmtf1,0.184,0.098072
2.03626315805409e-163,1.26256931224552,0.488,0.298,6.56287615840832e-159,c0,Prkar2a,0.19,0.09272
1.23485004227771e-162,0.654390970439014,0.749,0.529,3.97992168626107e-158,c0,Smarcc2,0.22,0.16478
2.05822755514933e-162,0.883959244243215,0.616,0.437,6.6336674102463e-158,c0,Safb2,0.179,0.110264
3.59957585765049e-162,0.992848173566911,0.571,0.396,1.16014329892075e-157,c0,Casc3,0.175,0.099925
3.63423715021856e-162,1.7768373114447,0.371,0.167,1.17131463351544e-157,c0,Rabl2,0.204,0.075684
4.317787207965e-162,1.41070997476233,0.445,0.239,1.39162281712712e-157,c0,Tacc2,0.206,0.09167
7.38839750792294e-162,1.52635271238705,0.393,0.171,2.38128051680356e-157,c0,Akna,0.222,0.087246
1.6685775364927e-161,1.2694177678744,0.446,0.213,5.37782540011598e-157,c0,Lpcat2,0.233,0.103918
1.81133478357111e-161,1.01221875754432,0.535,0.287,5.83793200744968e-157,c0,Rab3a,0.248,0.13268
7.0602013531295e-161,0.810987376843324,0.638,0.476,2.27550289611364e-156,c0,Wdr33,0.162,0.103356
7.75900734057624e-161,1.45877585483137,0.432,0.228,2.50072806586772e-156,c0,Lpin1,0.204,0.088128
8.77488199653197e-161,1.73090986025312,0.396,0.196,2.82814446748225e-156,c0,Tnip2,0.2,0.0792
3.19749370557618e-160,1.17015705581398,0.519,0.336,1.0305522213072e-155,c0,Fam204a,0.183,0.094977
3.6989686416898e-160,2.53832318646486,0.274,0.081,1.19217759321662e-155,c0,Rhebl1,0.193,0.052882
7.71917453484087e-160,2.10771994614421,0.285,0.083,2.48788995257921e-155,c0,Ccn4,0.202,0.05757
1.26196066860039e-159,1.06603807030605,0.551,0.376,4.06729923489905e-155,c0,Brf1,0.175,0.096425
5.0786448816978e-159,1.0481934590711,0.563,0.381,1.6368472453712e-154,c0,Ocrl,0.182,0.102466
7.82825693143542e-159,1.10010396381161,0.531,0.338,2.52304720900164e-154,c0,Uap1,0.193,0.102483
1.35945659157796e-158,1.24681542662853,0.4,0.159,4.38152859465576e-154,c0,Elovl2,0.241,0.0964
3.14549139809862e-158,1.93092242278927,0.343,0.14,1.01379187760719e-153,c0,Slc25a37,0.203,0.069629
5.18908164213867e-158,1.24032376578197,0.479,0.272,1.67244101326129e-153,c0,Rnf150,0.207,0.099153
5.50758956664687e-158,0.991947629262291,0.574,0.393,1.77509611733028e-153,c0,Arhgef2,0.181,0.103894
6.52645110062567e-158,0.88131868104212,0.61,0.448,2.10347518973165e-153,c0,Arid2,0.162,0.09882
7.93931821754237e-158,0.634737137621042,0.731,0.559,2.5588422615139e-153,c0,Nsd1,0.172,0.125732
8.96191544403078e-158,1.21438301138436,0.417,0.198,2.88842534761112e-153,c0,Prkca,0.219,0.091323
9.55227716096434e-158,0.715846729165812,0.672,0.463,3.07869892897881e-153,c0,Atp2b1,0.209,0.140448
1.31487977285544e-157,1.83104510989501,0.361,0.16,4.23785750791308e-153,c0,Tbc1d32,0.201,0.072561
2.29442267988622e-157,0.813388519499613,0.644,0.468,7.39492429727329e-153,c0,Araf,0.176,0.113344
4.06848448007772e-157,0.730999006999693,0.671,0.507,1.31127254792905e-152,c0,Tardbp,0.164,0.110044
5.96178306034799e-157,1.14272150915364,0.524,0.356,1.92148268035016e-152,c0,Dicer1,0.168,0.088032
1.94503735548618e-156,1.50381799752242,0.429,0.234,6.26885539673196e-152,c0,Gfm2,0.195,0.083655
1.43069822754755e-155,1.84018119386155,0.352,0.153,4.61114038738576e-151,c0,Poc5,0.199,0.070048
3.35742708863006e-155,0.994718461150762,0.565,0.377,1.08209875066547e-150,c0,Rbm4,0.188,0.10622
4.21463294579222e-155,1.10220548793833,0.529,0.346,1.35837619842883e-150,c0,Smc5,0.183,0.096807
5.04091867531e-155,0.903383659544651,0.59,0.429,1.62468808905241e-150,c0,Mau2,0.161,0.09499
1.85937928717666e-154,1.95333941435884,0.318,0.117,5.99277944257037e-150,c0,Lyrm9,0.201,0.063918
1.95134603217818e-154,0.94892431766034,0.57,0.373,6.28918826171027e-150,c0,Rassf8,0.197,0.11229
3.99771788234532e-154,0.91785638724351,0.584,0.423,1.2884644734799e-149,c0,Agap3,0.161,0.094024
7.82657760650578e-154,1.45968009780346,0.431,0.234,2.52250596257681e-149,c0,Fbxl12,0.197,0.084907
8.54400234387332e-154,1.02598024918774,0.548,0.383,2.75373195543037e-149,c0,Ddx1,0.165,0.09042
1.93208311648956e-153,0.92564689579186,0.582,0.41,6.22710388444585e-149,c0,Zfp638,0.172,0.100104
3.56274649020955e-153,1.19850561656879,0.499,0.321,1.14827319379454e-148,c0,Hif1an,0.178,0.088822
4.10987663141939e-153,1.78916787094512,0.364,0.168,1.32461323830647e-148,c0,Thyn1,0.196,0.071344
5.39506696806525e-153,0.919906647372855,0.579,0.422,1.73883008380743e-148,c0,Safb,0.157,0.090903
5.81918597197394e-153,0.684320030842423,0.692,0.524,1.8755236387672e-148,c0,Pmm1,0.168,0.116256
8.46345918519438e-153,1.02629451942687,0.553,0.361,2.72777289538815e-148,c0,Crlf3,0.192,0.106176
2.02598460616945e-152,1.33279930039767,0.46,0.275,6.52974838568414e-148,c0,Azi2,0.185,0.0851
2.13707715498456e-152,1.06309616914456,0.538,0.358,6.88779967051525e-148,c0,Tmem260,0.18,0.09684
6.18114682652649e-152,1.33190612699572,0.465,0.272,1.99218362218949e-147,c0,Sap25,0.193,0.089745
1.9668608405265e-151,1.76701273475784,0.359,0.162,6.33919248901692e-147,c0,Ikzf2,0.197,0.070723
2.14093682910239e-151,0.549890717307492,0.749,0.617,6.90023940019701e-147,c0,Gsk3b,0.132,0.098868
2.67506685848688e-151,1.40552207193821,0.427,0.228,8.6217404849032e-147,c0,Ing2,0.199,0.084973
5.26003644434218e-151,1.27268504615817,0.48,0.302,1.69530974601148e-146,c0,Asxl2,0.178,0.08544
6.06875833299573e-151,0.812253445076822,0.611,0.46,1.95596081072452e-146,c0,Poldip3,0.151,0.092261
7.81224892507805e-151,0.817807318106873,0.627,0.456,2.51788782855266e-146,c0,Lrch4,0.171,0.107217
8.6987725801078e-151,1.00985769438437,0.553,0.375,2.80361440256875e-146,c0,Lpin2,0.178,0.098434
1.04903455378152e-150,1.04939960899146,0.488,0.248,3.38103836683785e-146,c0,Hr,0.24,0.11712
1.3692820874231e-150,1.37142551198506,0.449,0.268,4.41319616776464e-146,c0,Gpatch2l,0.181,0.081269
1.37112914715369e-150,1.26434877538068,0.485,0.308,4.41914924127634e-146,c0,Ints13,0.177,0.085845
1.37753953257492e-150,0.72849827585063,0.642,0.505,4.43980991348898e-146,c0,Hnrnpl,0.137,0.087954
1.47331911446319e-150,1.62113752102512,0.354,0.149,4.74850750591485e-146,c0,Tctn2,0.205,0.07257
1.59595255375808e-150,2.14265107819337,0.302,0.111,5.14375508076229e-146,c0,Wdr90,0.191,0.057682
1.89034288677682e-150,1.2367517566451,0.489,0.314,6.0925751240817e-146,c0,Mcrs1,0.175,0.085575
6.63261638128559e-150,1.04601477330211,0.536,0.363,2.13769225968834e-145,c0,Chd9,0.173,0.092728
9.30154707499723e-150,0.974107123282792,0.556,0.403,2.99788862227161e-145,c0,Nbr1,0.153,0.085068
1.12133380905189e-149,1.05388561556559,0.532,0.362,3.61405886657425e-145,c0,Pde6d,0.17,0.09044
1.58697841941609e-149,1.8620449003917,0.329,0.131,5.11483144577806e-145,c0,Intu,0.198,0.065142
1.77049762223349e-149,2.17270831332429,0.279,0.089,5.70631383645852e-145,c0,Proser2,0.19,0.05301
2.87246239938795e-149,1.95458776681791,0.283,0.088,9.25794631322737e-145,c0,Atp7b,0.195,0.055185
3.18498184927765e-149,1.22754104296436,0.492,0.315,1.02651965002219e-144,c0,Herc4,0.177,0.087084
4.14586325192675e-149,0.905381477802881,0.579,0.428,1.33621172609599e-144,c0,Lsm14b,0.151,0.087429
1.67555451726958e-148,0.693578883924914,0.675,0.495,5.40031220915986e-144,c0,Srrm2,0.18,0.1215
2.168128674551e-148,0.771918016506692,0.644,0.461,6.98787871807788e-144,c0,Trim44,0.183,0.117852
2.81780482139554e-148,1.00302087529083,0.547,0.385,9.08178493935783e-144,c0,Cep350,0.162,0.088614
4.30366983364696e-148,0.945921764623157,0.568,0.402,1.38707278738442e-143,c0,Tnpo2,0.166,0.094288
5.86301514675191e-148,1.18438682550441,0.48,0.291,1.88964978179814e-143,c0,Tmem106c,0.189,0.09072
8.36975412122469e-148,1.59612263826143,0.348,0.138,2.69757175327072e-143,c0,Lhfpl4,0.21,0.07308
1.13685176699211e-147,0.90434821138117,0.584,0.413,3.66407324501557e-143,c0,Rbm26,0.171,0.099864
3.47633364148097e-147,1.26356056952743,0.43,0.211,1.12042233264932e-142,c0,Ogdhl,0.219,0.09417
8.08763197817213e-146,0.983883468904445,0.551,0.39,2.60664378656488e-141,c0,Nap1l1,0.161,0.088711
9.39697590988858e-146,1.26273556322215,0.45,0.246,3.02864533575709e-141,c0,Fbxo27,0.204,0.0918
1.58314931057656e-145,1.24154562131226,0.425,0.213,5.10249022798826e-141,c0,Thrb,0.212,0.0901
1.59834267383904e-145,1.94342926895457,0.319,0.127,5.15145843778321e-141,c0,Fam229b,0.192,0.061248
2.06704072829617e-145,1.53810922410353,0.359,0.154,6.66207226729854e-141,c0,Mtfp1,0.205,0.073595
3.17421287628452e-145,0.76435235304241,0.624,0.484,1.0230488100265e-140,c0,Qrich1,0.14,0.08736
3.64328848735197e-145,0.742162807756754,0.637,0.505,1.17423187947354e-140,c0,Ndufa10,0.132,0.084084
4.40863530626929e-145,0.841948806853244,0.595,0.387,1.42090315921059e-140,c0,Got1,0.208,0.12376
4.75508806367379e-145,1.44604450882925,0.397,0.196,1.53256488292206e-140,c0,Tdrkh,0.201,0.079797
5.32883963907868e-145,0.935701309366764,0.566,0.415,1.71748501567506e-140,c0,Tsg101,0.151,0.085466
2.33889826595548e-144,1.48618087759208,0.39,0.192,7.5382691111745e-140,c0,Asrgl1,0.198,0.07722
1.27881312842999e-143,1.32688092229066,0.447,0.262,4.12161471292985e-139,c0,Inpp1,0.185,0.082695
1.78334553665922e-143,0.85165150736837,0.586,0.44,5.74772266465268e-139,c0,Scaf11,0.146,0.085556
2.44152508019125e-143,1.36294666103966,0.378,0.167,7.8690353334564e-139,c0,Ppargc1a,0.211,0.079758
3.74207689314337e-143,0.70366923613511,0.651,0.512,1.20607138266011e-138,c0,Khsrp,0.139,0.090489
4.17433174150275e-143,1.16067186110336,0.495,0.322,1.34538712028633e-138,c0,Bicral,0.173,0.085635
4.21376469527364e-143,1.04532714162228,0.533,0.381,1.3580963612867e-138,c0,E2f4,0.152,0.081016
4.68084949072978e-143,1.27266600307029,0.373,0.15,1.50863779086221e-138,c0,Mmd2,0.223,0.083179
6.31044402150483e-143,1.46500021642121,0.42,0.235,2.03385610813101e-138,c0,Alkbh1,0.185,0.0777
8.40018486811329e-143,1.24265591486135,0.473,0.3,2.70737958299291e-138,c0,Togaram1,0.173,0.081829
8.88935721880777e-143,1.56286708026801,0.397,0.212,2.86503983162174e-138,c0,Fam160a2,0.185,0.073445
1.14158080130931e-142,0.861708065634536,0.583,0.407,3.67931492261991e-138,c0,Cuedc1,0.176,0.102608
1.73151690975003e-142,1.04767014440282,0.528,0.345,5.58067900012433e-138,c0,Zfp866,0.183,0.096624
1.20863162880103e-141,1.21058499367024,0.48,0.314,3.89541973962571e-137,c0,Ccdc59,0.166,0.07968
1.41399864547814e-141,0.934051692465917,0.564,0.393,4.55731763437605e-137,c0,Appl1,0.171,0.096444
1.94280986984332e-141,1.26201442871224,0.467,0.292,6.26167621050503e-137,c0,Chfr,0.175,0.081725
2.35802038532198e-141,0.795162947613791,0.616,0.451,7.59989970189275e-137,c0,Nxf1,0.165,0.10164
3.20208203354807e-141,1.1823135787964,0.374,0.153,1.03203103941254e-136,c0,Chgb,0.221,0.082654
9.79999214453359e-141,1.55337421239804,0.385,0.198,3.15853746818317e-136,c0,Smim13,0.187,0.071995
6.3130502638998e-140,1.14870192169729,0.48,0.298,2.03469610005491e-135,c0,Mpdz,0.182,0.08736
5.84901570873053e-139,1.02342697660593,0.529,0.374,1.88513776292385e-134,c0,Ctdspl2,0.155,0.081995
6.15273011018216e-139,0.621882014183836,0.701,0.574,1.98302491451171e-134,c0,Purb,0.127,0.089027
6.55954304438173e-139,0.798995596471939,0.596,0.336,2.11414072320423e-134,c0,Bcat1,0.26,0.15496
1.15525448962505e-138,1.3055170952499,0.441,0.262,3.72338522006152e-134,c0,Ppard,0.179,0.078939
1.59108817916206e-138,1.25917813108579,0.442,0.254,5.12807720143933e-134,c0,Rangap1,0.188,0.083096
1.66736882950665e-138,1.41865540246286,0.398,0.209,5.37392973749992e-134,c0,Tecpr2,0.189,0.075222
3.38579739050188e-138,1.38203450923371,0.396,0.201,1.09124249895876e-133,c0,Dnaja4,0.195,0.07722
3.42111328670455e-138,1.20075085738605,0.473,0.299,1.10262481230488e-133,c0,Napg,0.174,0.082302
4.52007892495325e-138,1.62511969233376,0.37,0.187,1.45682143751243e-133,c0,Ranbp6,0.183,0.06771
5.58908952315876e-138,0.8048795270001,0.573,0.34,1.80136355331407e-133,c0,Ablim1,0.233,0.133509
5.76583270962894e-138,1.47359731319629,0.401,0.215,1.85832788231341e-133,c0,Zfp329,0.186,0.074586
5.93588221242808e-138,0.973416887559876,0.539,0.375,1.91313483706557e-133,c0,Arih2,0.164,0.088396
8.11195551026743e-138,0.729468338359539,0.637,0.489,2.61448326095919e-133,c0,Rbm39,0.148,0.094276
1.69520147741491e-137,1.29821783005312,0.34,0.127,5.46363436170827e-133,c0,Sez6,0.213,0.07242
3.75447397230036e-137,0.95178154675265,0.549,0.4,1.21006696127241e-132,c0,Rnf6,0.149,0.081801
3.94448690465645e-137,2.23144081594019,0.298,0.121,1.27130812937078e-132,c0,Fgf2,0.177,0.052746
4.78852141363798e-137,1.11171887275616,0.483,0.301,1.54334045161552e-132,c0,Akr1e1,0.182,0.087906
1.43265839427889e-136,0.518185965744197,0.783,0.636,4.61745800476087e-132,c0,Atp11a,0.147,0.115101
2.21727656608304e-136,1.32412249089372,0.442,0.265,7.14628237248565e-132,c0,Dgcr8,0.177,0.078234
2.37641065669029e-136,1.54927509527482,0.377,0.193,7.65917154651279e-132,c0,Ccdc157,0.184,0.069368
2.84807601658785e-136,0.701295312324426,0.652,0.496,9.17934900146263e-132,c0,Ppp3cb,0.156,0.101712
2.91522241352178e-136,1.40036290164413,0.399,0.21,9.3957618387807e-132,c0,Borcs5,0.189,0.075411
3.49111978439668e-136,1.602059680967,0.365,0.181,1.12518790651105e-131,c0,Rnf113a2,0.184,0.06716
3.49655119023584e-136,1.35491016097254,0.439,0.268,1.12693844861301e-131,c0,Secisbp2,0.171,0.075069
5.0613084651632e-136,1.27599839268988,0.456,0.28,1.6312597183221e-131,c0,Rif1,0.176,0.080256
6.96566077343904e-136,0.666165916305051,0.68,0.509,2.2450324672794e-131,c0,Dtx3,0.171,0.11628
1.51910003948958e-135,1.25145087081431,0.437,0.247,4.8960594272749e-131,c0,P4htm,0.19,0.08303
2.10666001593778e-135,1.53997731919997,0.372,0.187,6.78976523136745e-131,c0,Nol4l,0.185,0.06882
3.77493309289003e-135,1.44449819854749,0.401,0.22,1.21666093583846e-130,c0,Capn10,0.181,0.072581
4.28341218747053e-135,1.70953135935381,0.342,0.158,1.38054374802175e-130,c0,Poc1b,0.184,0.062928
4.60329668298054e-135,1.47223373842571,0.39,0.201,1.48364252092463e-130,c0,Cpeb3,0.189,0.07371
1.15742038569048e-134,0.917530792584985,0.566,0.399,3.73036590308041e-130,c0,Nsmce2,0.167,0.094522
3.55858110714751e-134,0.90924334572712,0.565,0.403,1.14693069083364e-129,c0,Zc3h7a,0.162,0.09153
4.3597542180233e-134,1.38859639907368,0.416,0.237,1.40514878446891e-129,c0,Ift80,0.179,0.074464
5.6538282515794e-134,1.47763419225974,0.377,0.192,1.82222884548404e-129,c0,Hsdl1,0.185,0.069745
7.2195601450811e-134,0.900802139990191,0.563,0.414,2.32686423475964e-129,c0,Cpsf7,0.149,0.083887
8.43899511886862e-134,1.10561027150696,0.499,0.339,2.71988812681136e-129,c0,Dcaf6,0.16,0.07984
1.19318292266864e-133,0.753125756960282,0.615,0.477,3.84562855976102e-129,c0,Sys1,0.138,0.08487
1.29807315840642e-133,1.11214847250598,0.483,0.308,4.1836897895439e-129,c0,Klc4,0.175,0.084525
3.28287975952521e-133,2.33260050048106,0.251,0.079,1.05807214649497e-128,c0,Radil,0.172,0.043172
4.94313675041668e-133,1.13866901775569,0.482,0.313,1.5931729746593e-128,c0,Zfp523,0.169,0.081458
8.12730621323377e-133,0.990785057139343,0.53,0.374,2.61943079252524e-128,c0,Samd8,0.156,0.08268
1.31215274760789e-132,0.66170981641722,0.669,0.536,4.22906830554022e-128,c0,Atp2c1,0.133,0.088977
1.6446642626512e-131,1.27225702128355,0.445,0.275,5.30075291852481e-127,c0,Zfp386,0.17,0.07565
1.97647523727922e-131,2.03665299759454,0.299,0.124,6.37017968975091e-127,c0,Ankzf1,0.175,0.052325
3.28036506609413e-131,0.906690435803454,0.548,0.4,1.05726166080214e-126,c0,Smc3,0.148,0.081104
3.60426653836749e-131,0.959751924478281,0.536,0.362,1.16165510531584e-126,c0,Epm2aip1,0.174,0.093264
4.65614383350116e-131,0.909374152838652,0.552,0.407,1.50067515753742e-126,c0,Dusp7,0.145,0.08004
4.76510649612964e-131,1.03429187076471,0.517,0.36,1.53579382370258e-126,c0,Fastk,0.157,0.081169
5.78327755855474e-131,1.00333245212267,0.514,0.35,1.86395035712219e-126,c0,Ccdc6,0.164,0.084296
1.12551463469907e-130,1.7804643136713,0.323,0.143,3.62753366763511e-126,c0,Mindy4,0.18,0.05814
1.19725461238716e-130,0.808758011338478,0.585,0.389,3.85875161572382e-126,c0,Enah,0.196,0.11466
1.42432861796193e-130,1.97049872287229,0.272,0.096,4.59061113569132e-126,c0,Tigar,0.176,0.047872
1.71084682747054e-130,1.33881044082457,0.436,0.272,5.51405932493754e-126,c0,Taf4,0.164,0.071504
4.43688548772672e-130,1.42186249748476,0.406,0.232,1.43000819269432e-125,c0,Dph6,0.174,0.070644
4.99687789091234e-130,0.87380611098824,0.567,0.41,1.61049374424105e-125,c0,Ep400,0.157,0.089019
7.94778535199664e-130,0.680235147551094,0.652,0.504,2.56157121894852e-125,c0,Cdc37l1,0.148,0.096496
9.42966657540834e-130,1.24071263752459,0.454,0.286,3.03918153725411e-125,c0,Mapk1ip1,0.168,0.076272
1.06681873429242e-129,1.28193956675888,0.442,0.272,3.43835678062448e-125,c0,Ift172,0.17,0.07514
1.19397675577938e-129,0.603322515953572,0.691,0.55,3.84818708387693e-125,c0,U2af2,0.141,0.0974309999999999
2.39891963377792e-129,0.961725130563163,0.542,0.401,7.73171797966625e-125,c0,Ankrd52,0.141,0.076422
3.11684282667431e-129,1.57718024604253,0.372,0.197,1.00455844303713e-124,c0,Hltf,0.175,0.0651
4.83680462493347e-129,0.827565486370653,0.581,0.419,1.55890213061606e-124,c0,Ckap5,0.162,0.094122
4.91481721934102e-129,1.32360756810168,0.425,0.259,1.58404558979361e-124,c0,Siah1a,0.166,0.07055
5.87955977871368e-129,0.829394810264487,0.58,0.442,1.89498211667942e-124,c0,Zfand6,0.138,0.08004
6.97395008212238e-129,1.4896417240564,0.385,0.208,2.24770411146804e-124,c0,Pou6f1,0.177,0.068145
7.60667847759981e-129,1.14072935500701,0.47,0.3,2.45163247333042e-124,c0,Sppl2b,0.17,0.0799
1.11003108126394e-128,1.06466055018681,0.497,0.344,3.57763017491368e-124,c0,Cops3,0.153,0.076041
3.60588386511642e-128,1.55234966560387,0.376,0.202,1.16217636972702e-123,c0,Cables2,0.174,0.065424
1.90740355920884e-127,0.620772457613076,0.703,0.52,6.14756167133009e-123,c0,Arglu1,0.183,0.128649
2.41827190832283e-127,0.830039452438715,0.576,0.435,7.79409036052448e-123,c0,Gfpt1,0.141,0.081216
4.32136333743042e-127,1.05646224120671,0.495,0.342,1.39277540365382e-122,c0,Ccdc186,0.153,0.075735
9.21568016057283e-127,0.788694372118601,0.599,0.427,2.97021371575262e-122,c0,Clasp2,0.172,0.103028
1.0333099566171e-126,1.16576621041955,0.471,0.312,3.33035799017692e-122,c0,Nemf,0.159,0.074889
1.41680870572676e-126,0.648602672628508,0.663,0.513,4.56637445855733e-122,c0,Bmpr1a,0.15,0.09945
1.73149932222444e-126,1.16141260636895,0.457,0.281,5.58062231552937e-122,c0,Rfx3,0.176,0.080432
4.93741376611168e-126,0.708105273226054,0.631,0.494,1.59132845681779e-121,c0,Erlec1,0.137,0.086447
5.00456410942818e-126,1.02400890611325,0.511,0.36,1.6129710124687e-121,c0,Mtor,0.151,0.077161
6.11111379311516e-126,0.999919101311348,0.523,0.365,1.96961197552102e-121,c0,Tcf20,0.158,0.082634
7.54599779817314e-126,2.1666594021936,0.255,0.087,2.4320750903512e-121,c0,Wdr54,0.168,0.04284
1.75723682199738e-125,1.19327394136123,0.409,0.205,5.66357427729755e-121,c0,Pcsk1n,0.204,0.083436
1.97965973053523e-125,1.67719333837915,0.351,0.18,6.38044331151504e-121,c0,Cdan1,0.171,0.060021
2.15880662105292e-125,1.26037723065385,0.432,0.265,6.95783373965357e-121,c0,Tbp,0.167,0.072144
4.04632624561495e-125,1.09718920474616,0.485,0.332,1.3041309489617e-120,c0,Ccnt1,0.153,0.074205
4.22609858740576e-125,1.17272826169555,0.462,0.299,1.36207157472088e-120,c0,Senp2,0.163,0.075306
7.06605929656644e-125,0.927844542277688,0.534,0.387,2.27739091128336e-120,c0,Itsn2,0.147,0.078498
8.67084380682043e-125,1.77358746355369,0.311,0.136,2.79461295893823e-120,c0,Tasp1,0.175,0.054425
1.20809966579782e-124,0.834468047357,0.561,0.427,3.89370522286636e-120,c0,Hnrnpf,0.134,0.075174
2.49331172305818e-124,1.37567659149206,0.396,0.218,8.03594368341652e-120,c0,Clip4,0.178,0.070488
3.13653042465148e-124,1.701788441854,0.306,0.128,1.01090375586517e-119,c0,Maneal,0.178,0.054468
3.46825187858564e-124,1.35856445605659,0.423,0.261,1.11781758046815e-119,c0,Nup155,0.162,0.068526
5.69695891762529e-124,1.03257355226777,0.505,0.358,1.83612985915063e-119,c0,Smchd1,0.147,0.074235
6.28845305817774e-124,1.80346987895551,0.295,0.121,2.02676842065068e-119,c0,B9d1,0.174,0.05133
2.06185659849696e-123,1.02609298760431,0.506,0.359,6.64536381695569e-119,c0,Atl2,0.147,0.074382
2.30806527277095e-123,0.99583968425953,0.5,0.336,7.43889437414076e-119,c0,Atf4,0.164,0.082
2.79063543527383e-123,0.901042200246566,0.543,0.39,8.99421800788757e-119,c0,Fnip1,0.153,0.083079
8.81835208227948e-123,1.29370984188194,0.352,0.154,2.84215487611868e-118,c0,Neurl1a,0.198,0.069696
9.47316634469291e-123,0.820092397115207,0.59,0.473,3.05320151289452e-118,c0,Osbpl8,0.117,0.06903
1.08138978049586e-122,1.42160570006175,0.399,0.233,3.48531926253815e-118,c0,Gmcl1,0.166,0.066234
1.53712547095684e-122,0.748435431271299,0.608,0.462,4.9541553928939e-118,c0,Fto,0.146,0.088768
2.00206490422558e-122,0.800802029904331,0.575,0.452,6.45265518631906e-118,c0,Immt,0.123,0.070725
3.37930492080318e-122,1.19855218992026,0.445,0.277,1.08914997597486e-117,c0,Rasa2,0.168,0.07476
4.17513091223593e-122,0.808118638660872,0.589,0.436,1.34564469301364e-117,c0,Pgam1,0.153,0.090117
4.44736013659795e-122,1.52570677005035,0.367,0.198,1.43338417202552e-117,c0,Stk11ip,0.169,0.062023
7.5639927178147e-122,1.4233873429362,0.387,0.214,2.43787485295168e-117,c0,Ppcdc,0.173,0.066951
8.20700991846587e-122,1.05206150841261,0.489,0.333,2.64511929672155e-117,c0,Baz2a,0.156,0.076284
1.14005954031192e-121,0.95283037355311,0.524,0.371,3.67441189842532e-117,c0,Pspc1,0.153,0.080172
1.27756954607197e-121,1.21615479083312,0.446,0.288,4.11760664698996e-117,c0,Zdhhc6,0.158,0.070468
1.29234322999343e-121,0.864008609566749,0.557,0.42,4.16522223026883e-117,c0,Mier1,0.137,0.076309
1.64758644097965e-121,0.994291677641247,0.517,0.362,5.31017109927741e-117,c0,R3hdm1,0.155,0.080135
3.0078205580508e-121,0.92275634895682,0.51,0.32,9.69420565859771e-117,c0,Lrrc8b,0.19,0.0969
5.20156656942919e-121,0.858860574847574,0.554,0.399,1.67646490532703e-116,c0,Zer1,0.155,0.08587
1.17354910923505e-120,0.870204495783218,0.544,0.372,3.78234877906458e-116,c0,Arrdc3,0.172,0.093568
1.35568724531848e-120,0.704155490074089,0.606,0.481,4.36937999166144e-116,c0,Fam120a,0.125,0.07575
4.19340319249478e-120,0.717002402678853,0.627,0.428,1.35153384894107e-115,c0,Nlgn2,0.199,0.124773
5.99321394391094e-120,1.55763298440818,0.332,0.156,1.93161285412249e-115,c0,Zfp612,0.176,0.058432
8.41308957888896e-120,0.492813873070171,0.897,0.657,2.71153877127591e-115,c0,Slc38a3,0.24,0.21528
1.0184831427022e-119,1.0248498767167,0.5,0.357,3.28257116892919e-115,c0,Trappc12,0.143,0.0715
1.08762095360451e-119,1.76712492621735,0.312,0.143,3.50540233346734e-115,c0,Wdpcp,0.169,0.052728
1.2230540787616e-119,0.859835127708682,0.558,0.422,3.94190329584865e-115,c0,Tmem230,0.136,0.075888
1.33080478573419e-119,0.793909833628636,0.577,0.437,4.2891838244213e-115,c0,Tnrc6a,0.14,0.08078
1.90535352201272e-119,1.77555898619105,0.309,0.14,6.140954401447e-115,c0,Mks1,0.169,0.052221
3.73719716781462e-119,1.62345733854713,0.325,0.153,1.20449864718665e-114,c0,Zdhhc12,0.172,0.0559
3.96532520514031e-119,1.34025807602166,0.401,0.235,1.27802431361672e-114,c0,Zbtb22,0.166,0.066566
4.90376639340364e-119,1.04219283296801,0.495,0.344,1.58048390859399e-114,c0,Kdm3a,0.151,0.074745
6.21224109667904e-119,0.69796479177143,0.63,0.482,2.00220530545965e-114,c0,Xpo1,0.148,0.09324
8.90337300875998e-119,1.48638606337597,0.372,0.207,2.86955712072334e-114,c0,Cfap97,0.165,0.06138
1.38362241995626e-118,1.16120544498036,0.455,0.293,4.45941505951903e-114,c0,Snapc3,0.162,0.07371
4.05450306326291e-118,0.873798938877838,0.549,0.417,1.30676633728964e-113,c0,Phf12,0.132,0.072468
4.9537491203259e-118,0.59498859424624,0.66,0.557,1.59659334148104e-113,c0,Sirt2,0.103,0.06798
5.57949797133236e-118,1.58844746491293,0.292,0.115,1.79827219616042e-113,c0,Lingo3,0.177,0.051684
6.40427801529802e-118,1.40060709967383,0.381,0.211,2.06409880433055e-113,c0,Tln2,0.17,0.06477
6.46574337204733e-118,1.94230878479352,0.27,0.107,2.08390908881085e-113,c0,Zfp784,0.163,0.04401
8.05535996795778e-118,1.16843049145871,0.456,0.307,2.59624251767279e-113,c0,Emsy,0.149,0.067944
8.84591308418166e-118,1.75966812433379,0.302,0.135,2.85103778703175e-113,c0,Mecr,0.167,0.050434
1.16507839691584e-117,0.841980417462267,0.541,0.362,3.75504767325975e-113,c0,Phyhd1,0.179,0.096839
2.19439804415068e-117,0.859472890669641,0.535,0.382,7.07254489629766e-113,c0,Ormdl3,0.153,0.081855
2.48170798735926e-117,1.08486283337642,0.462,0.299,7.99854484325888e-113,c0,Ccdc28b,0.163,0.075306
3.05365460700595e-117,0.897783202331476,0.529,0.375,9.84192879838017e-113,c0,Cmtr1,0.154,0.081466
6.7403308584713e-117,0.847943771473624,0.559,0.407,2.1724086356853e-112,c0,Hist1h1e,0.152,0.0849680000000001
1.44858202117939e-116,1.61613957181073,0.344,0.18,4.66877985426116e-112,c0,Cep85,0.164,0.056416
1.74295399771525e-116,0.76897915957902,0.583,0.438,5.61754073463624e-112,c0,Ivd,0.145,0.084535
2.87772279855057e-116,1.42244251189542,0.397,0.241,9.2749005797285e-112,c0,Sdccag8,0.156,0.061932
4.23252039378046e-116,1.45195171808181,0.363,0.197,1.36414132291544e-111,c0,Fbxw9,0.166,0.060258
9.72634508147299e-116,1.29751599025793,0.404,0.24,3.13480101975874e-111,c0,Fnip2,0.164,0.066256
5.01526246998051e-115,0.965357500355392,0.505,0.37,1.61641909407472e-110,c0,Ctcf,0.135,0.068175
1.03517587758145e-114,1.76914289622928,0.308,0.145,3.33637185344503e-110,c0,Zscan29,0.163,0.050204
1.44830161085684e-114,0.942864479216315,0.464,0.269,4.6678760917916e-110,c0,Xylt1,0.195,0.09048
1.56653524883408e-114,1.61086105665117,0.34,0.178,5.04894310699224e-110,c0,Ccdc66,0.162,0.05508
2.74731369247017e-114,0.853977269448184,0.546,0.405,8.85459203083137e-110,c0,Sfswap,0.141,0.076986
4.50208030148213e-114,0.955412585125199,0.514,0.377,1.45102048116769e-109,c0,Zmym5,0.137,0.070418
5.36165434590773e-114,0.98125948480874,0.499,0.358,1.72806119568606e-109,c0,Zbtb44,0.141,0.070359
5.45303584832711e-114,1.41053807513592,0.365,0.2,1.75751345391583e-109,c0,Cep104,0.165,0.060225
5.68870361875724e-114,0.697849792030482,0.616,0.46,1.83346917632546e-109,c0,Srsf7,0.156,0.096096
1.14503790173018e-113,1.25405729425837,0.402,0.235,3.69045715727636e-109,c0,Ift22,0.167,0.067134
1.50803732466808e-113,1.66429614985826,0.295,0.126,4.86040429740521e-109,c0,Tmem35a,0.169,0.049855
1.60994395570437e-113,0.761228881429485,0.589,0.436,5.18884936923519e-109,c0,Rbm14,0.153,0.090117
1.94661086509768e-113,1.15073282885095,0.454,0.307,6.27392681820981e-109,c0,Irf3,0.147,0.066738
4.02085681735711e-113,0.532363991407396,0.685,0.582,1.2959221522342e-108,c0,Pink1,0.103,0.0705550000000001
4.30802333496279e-113,1.10166626444418,0.467,0.326,1.38847592085851e-108,c0,Akap10,0.141,0.065847
5.80209974819746e-113,1.77746285907629,0.294,0.131,1.87001674884404e-108,c0,Zfp446,0.163,0.047922
6.19497549358189e-113,0.517837979996071,0.706,0.583,1.99664060158144e-108,c0,Prpf8,0.123,0.086838
2.23633203683494e-112,1.35274089601701,0.372,0.198,7.20769815471903e-108,c0,Pcdhgb2,0.174,0.064728
2.26714996229031e-112,1.34414356859838,0.388,0.226,7.30702432846167e-108,c0,Zkscan8,0.162,0.062856
2.52248570326375e-112,0.906095304921446,0.52,0.378,8.12997142161908e-108,c0,Dpy30,0.142,0.07384
3.85216344762502e-112,1.2390327383398,0.399,0.229,1.24155227916955e-107,c0,Lrrc49,0.17,0.06783
7.01363432077532e-112,1.2944541885357,0.398,0.236,2.26049434158588e-107,c0,Nup35,0.162,0.064476
8.37709138623122e-112,1.02290816808181,0.483,0.343,2.69993655378232e-107,c0,Mtrex,0.14,0.06762
8.94730262123051e-112,1.10786867162007,0.452,0.298,2.88371563482259e-107,c0,Vrk3,0.154,0.069608
9.40915818783155e-112,0.77950479535552,0.566,0.434,3.03257168393811e-107,c0,Zfp871,0.132,0.074712
1.06863686705285e-111,0.56318233537928,0.68,0.562,3.44421662251134e-107,c0,Adam9,0.118,0.08024
1.64045204348611e-111,1.05657036179016,0.472,0.329,5.28717693615573e-107,c0,Ppil4,0.143,0.067496
2.02426444493511e-111,0.643627221708104,0.631,0.523,6.52420430602586e-107,c0,H2afv,0.108,0.068148
2.88354947718508e-111,1.04459183773991,0.458,0.284,9.29367996496751e-107,c0,Ralgps1,0.174,0.079692
4.29235297936465e-111,0.85408024131497,0.509,0.313,1.38342536524923e-106,c0,Kif21a,0.196,0.099764
6.83253397402347e-111,1.1362120041237,0.441,0.283,2.20212569982776e-106,c0,Prpf40b,0.158,0.069678
1.25443322275804e-110,0.660608233422657,0.629,0.494,4.04303827694917e-106,c0,Hnrnpr,0.135,0.084915
2.28157031199726e-110,1.16414262555679,0.378,0.196,7.35350111556717e-106,c0,Ric3,0.182,0.068796
2.50060229602334e-110,1.86889707911458,0.265,0.107,8.05944120008323e-106,c0,Lrrc73,0.158,0.04187
1.17813432897201e-109,1.86274650873107,0.291,0.134,3.79712694227678e-105,c0,Pola1,0.157,0.045687
1.18531310328012e-109,1.38169859075126,0.373,0.213,3.82026413187183e-105,c0,Klhl12,0.16,0.05968
1.18921881271745e-109,1.20101633907045,0.423,0.269,3.83285223338836e-105,c0,Lrpprc,0.154,0.065142
1.2625778254746e-109,1.42265046271769,0.369,0.21,4.06928833150462e-105,c0,Zfp507,0.159,0.058671
1.29127620968613e-109,0.957347365608581,0.494,0.349,4.16178322381838e-105,c0,Apeh,0.145,0.07163
1.4466404314949e-109,1.51115093781147,0.347,0.188,4.66252211070805e-105,c0,Yod1,0.159,0.055173
1.47935988834964e-109,1.63238321166704,0.305,0.142,4.76797692015088e-105,c0,Rpusd3,0.163,0.049715
1.78154335388667e-109,1.50361748216832,0.293,0.124,5.74191422957674e-105,c0,Lurap1l,0.169,0.049517
3.24606033945861e-109,0.855575692138985,0.525,0.383,1.04620524740751e-104,c0,Wwc2,0.142,0.07455
4.17270156544514e-109,0.994349505574617,0.485,0.34,1.34486171454297e-104,c0,Armc8,0.145,0.070325
8.95569295633607e-109,0.938803514411312,0.498,0.348,2.88641983982711e-104,c0,Dot1l,0.15,0.0747
1.90556890559721e-108,0.709079244450133,0.591,0.467,6.1416485827398e-104,c0,Akirin2,0.124,0.073284
2.05218582071317e-108,0.581189577417766,0.667,0.53,6.61419490015855e-104,c0,Cul1,0.137,0.091379
2.28189773826546e-108,1.03233727019419,0.467,0.322,7.35455641042959e-104,c0,Ipo8,0.145,0.067715
2.84456103436338e-108,1.63842521755583,0.318,0.16,9.16802021375316e-104,c0,Tab3,0.158,0.050244
2.84836521262476e-108,0.52617919347783,0.685,0.569,9.18028108028959e-104,c0,Chtop,0.116,0.0794600000000001
3.54933717349779e-108,0.962803131181016,0.494,0.356,1.14395137101834e-103,c0,Nrip1,0.138,0.068172
4.89431585700697e-108,0.726303157839713,0.573,0.455,1.57743800071335e-103,c0,Dek,0.118,0.067614
5.00172276211959e-108,1.74955429341723,0.29,0.133,1.61205524623114e-103,c0,Zfp961,0.157,0.04553
5.28683045618605e-108,1.53597729070641,0.298,0.132,1.70394545602876e-103,c0,Cdc42ep3,0.166,0.049468
8.40701263046225e-108,1.44377688059539,0.359,0.2,2.70958017079798e-103,c0,Fra10ac1,0.159,0.057081
8.87734946639914e-108,1.74672298014727,0.284,0.124,2.86116973302044e-103,c0,Syt14,0.16,0.04544
1.10528898966967e-107,0.603404871174775,0.634,0.54,3.56234641370536e-103,c0,Ppp3r1,0.094,0.059596
1.85239043138903e-107,1.23702808658863,0.399,0.236,5.97025436036683e-103,c0,Ptpn4,0.163,0.065037
1.8803830799642e-107,1.07217168690948,0.451,0.307,6.06047466672461e-103,c0,Ncbp3,0.144,0.064944
2.3209744956121e-107,1.12258177521029,0.443,0.293,7.48050079935779e-103,c0,Csgalnact2,0.15,0.06645
2.53651265560681e-107,1.20802666726303,0.419,0.269,8.17518028902075e-103,c0,Btaf1,0.15,0.06285
4.47443222116205e-107,1.16004992952394,0.343,0.164,1.44210950488053e-102,c0,Clba1,0.179,0.061397
4.68083102288006e-107,0.727875263295568,0.575,0.446,1.50863183867424e-102,c0,Pum1,0.129,0.074175
5.2289120144624e-107,0.963724222665412,0.488,0.344,1.68527834226123e-102,c0,Map3k1,0.144,0.070272
5.55754533665787e-107,0.961592371869467,0.492,0.349,1.79119686200483e-102,c0,Rbm15,0.143,0.070356
7.0654922340121e-107,1.0318877859287,0.476,0.335,2.2772081470221e-102,c0,Ufl1,0.141,0.067116
1.60475666757062e-106,1.58452232070534,0.319,0.16,5.17213073958011e-102,c0,Traf3ip1,0.159,0.050721
2.34615135150991e-106,0.788807129477021,0.559,0.424,7.56164580591644e-102,c0,Ankrd11,0.135,0.075465
8.06909284217744e-106,1.04773229577319,0.451,0.299,2.60066862303379e-101,c0,Pithd1,0.152,0.068552
8.62864879122241e-106,1.51409315194276,0.318,0.155,2.78101350541098e-101,c0,Rnf144b,0.163,0.051834
9.36036304911707e-106,0.605515785312691,0.639,0.508,3.01684501073043e-101,c0,Ist1,0.131,0.083709
2.80600339169892e-105,1.14542899277499,0.433,0.282,9.04374893144561e-101,c0,Rbm12b2,0.151,0.065383
2.88585120926099e-105,0.702153948252316,0.59,0.471,9.30109844744817e-101,c0,Ankrd17,0.119,0.07021
2.96827161067543e-105,1.38399305021256,0.33,0.166,9.56673940120691e-101,c0,Morn2,0.164,0.05412
1.03946217506239e-104,0.597418396980891,0.633,0.522,3.35018659022609e-100,c0,Sec14l1,0.111,0.070263
1.15895972078915e-104,0.866362175210532,0.529,0.396,3.73532718010344e-100,c0,Cryzl1,0.133,0.070357
1.35199365257002e-104,0.627339776158376,0.638,0.492,4.35747554223316e-100,c0,Rbbp6,0.146,0.093148
2.86539990068715e-104,1.17711580842712,0.43,0.288,9.23518387991469e-100,c0,Nbas,0.142,0.06106
3.05120851916057e-104,0.834050786709438,0.536,0.411,9.83404505725452e-100,c0,Suz12,0.125,0.067
6.19150486907827e-104,1.07289064261199,0.458,0.321,1.99552201930393e-99,c0,Ago3,0.137,0.062746
7.90779170553929e-104,1.08829772210388,0.421,0.259,2.54868126669531e-99,c0,Snx25,0.162,0.068202
8.82234216428181e-104,1.08195076075414,0.455,0.318,2.84344087954803e-99,c0,Ciz1,0.137,0.062335
1.81732083667506e-103,0.62900315939168,0.618,0.504,5.85722505660371e-99,c0,Ppp6r3,0.114,0.070452
2.49981350360618e-103,0.608114504186213,0.643,0.469,8.0568989221227e-99,c0,Prnp,0.174,0.111882
3.2203076794997e-103,1.11463621274069,0.439,0.3,1.03790516510275e-98,c0,Rlf,0.139,0.061021
3.26345908866311e-103,1.14110541633413,0.427,0.281,1.05181286427612e-98,c0,Farsa,0.146,0.062342
3.68017441560369e-103,0.943606434268204,0.493,0.355,1.18612021414907e-98,c0,Immp1l,0.138,0.068034
6.50703788544086e-103,0.71017361069578,0.579,0.463,2.09721831047759e-98,c0,Raf1,0.116,0.067164
6.70579813626689e-103,1.11140346673695,0.33,0.147,2.16127873931882e-98,c0,Tmem145,0.183,0.06039
6.84750073883278e-103,0.673550578301797,0.589,0.472,2.20694948812581e-98,c0,Srrm1,0.117,0.068913
1.18352156553745e-102,0.959540776605501,0.479,0.342,3.8144900057272e-98,c0,Ythdc1,0.137,0.065623
1.95314765340166e-102,0.636754702655662,0.617,0.486,6.29499488691355e-98,c0,Pcm1,0.131,0.080827
2.31683139866166e-102,1.27575148998783,0.374,0.217,7.46714759788652e-98,c0,Card19,0.157,0.058718
2.56565059273723e-102,0.455670074005578,0.723,0.63,8.26909186039208e-98,c0,Tmx1,0.093,0.067239
2.74837485401824e-102,1.37100673917288,0.342,0.184,8.85801215450079e-98,c0,Smc4,0.158,0.054036
3.10405241588888e-102,0.688410505129087,0.589,0.467,1.00043609364099e-97,c0,Akt3,0.122,0.071858
3.64731166499207e-102,1.18323415153328,0.399,0.243,1.17552854962694e-97,c0,Dhdh,0.156,0.062244
5.16337918234987e-102,1.79729265195167,0.278,0.127,1.66415711047136e-97,c0,Mettl25,0.151,0.041978
5.7906100926767e-102,1.23403391844353,0.391,0.235,1.8663136328697e-97,c0,Trpc1,0.156,0.060996
1.02076973081989e-101,0.949803848067969,0.489,0.357,3.2899408424325e-97,c0,Relch,0.132,0.064548
1.77306035715401e-101,0.708103849345936,0.583,0.455,5.71457353110736e-97,c0,Birc6,0.128,0.074624
3.26403888105771e-101,1.25603578865498,0.379,0.219,1.0519997313649e-96,c0,Eml6,0.16,0.06064
3.84972527946905e-101,1.65013228814931,0.296,0.143,1.24076645757287e-96,c0,Rabl3,0.153,0.045288
6.9179112951399e-101,1.04443657870753,0.455,0.317,2.22964281042359e-96,c0,Ints1,0.138,0.06279
7.26777424002168e-101,1.27932760129988,0.378,0.225,2.34240363755899e-96,c0,Usp54,0.153,0.057834
8.08638256376675e-101,0.823362475083844,0.526,0.375,2.60624110030202e-96,c0,Polb,0.151,0.079426
8.3988296654426e-101,1.23105888267564,0.389,0.238,2.70694280117215e-96,c0,Socs5,0.151,0.058739
1.43549700794786e-100,1.29934118184444,0.386,0.24,4.62660685661597e-96,c0,Nup188,0.146,0.056356
2.08896099272734e-100,0.830518130241008,0.47,0.275,6.73272127956021e-96,c0,Negr1,0.195,0.09165
2.11569223244878e-100,1.23041964823417,0.387,0.233,6.81887606518243e-96,c0,Me2,0.154,0.059598
8.15739369566499e-100,1.31285852469127,0.31,0.146,2.62912798811283e-95,c0,Pbx3,0.164,0.05084
1.33774915098763e-99,0.903345393356198,0.493,0.359,4.31156551363314e-95,c0,Fbxo9,0.134,0.066062
2.44712708569887e-99,0.986678065827634,0.472,0.333,7.88709059720746e-95,c0,Mafg,0.139,0.065608
3.22458855280248e-99,1.81163026743236,0.272,0.124,1.03928489056824e-94,c0,Shld1,0.148,0.040256
6.66872590847118e-99,1.49986434143825,0.337,0.188,2.14933036030026e-94,c0,Zc3h6,0.149,0.050213
1.61392170497379e-98,1.60449765380225,0.303,0.153,5.20166965513051e-94,c0,Usp49,0.15,0.04545
1.85879924351083e-98,1.36874277080796,0.358,0.211,5.99090996183541e-94,c0,Zbtb6,0.147,0.052626
2.48633102616021e-98,1.06316115384476,0.442,0.306,8.01344489731434e-94,c0,Pcif1,0.136,0.060112
2.86357012586691e-98,0.68228640993932,0.588,0.448,9.22928651566905e-94,c0,Atf7ip,0.14,0.08232
3.11270718219677e-98,1.13532557041514,0.42,0.282,1.00322552482202e-93,c0,Cog1,0.138,0.05796
4.84210277687614e-98,1.22220747385349,0.385,0.237,1.56060972498718e-93,c0,Tbcc,0.148,0.05698
4.86450785298055e-98,1.71693802845025,0.277,0.129,1.56783088101563e-93,c0,Cdk20,0.148,0.040996
5.52039446210803e-98,0.766305720428351,0.546,0.418,1.77922313513742e-93,c0,Trrap,0.128,0.069888
8.62303871170477e-98,0.584573631412954,0.646,0.522,2.77920537678245e-93,c0,Acly,0.124,0.080104
9.17941147496494e-98,0.965050464620717,0.474,0.344,2.9585243183812e-93,c0,Lcor,0.13,0.06162
1.98814607408845e-97,1.34295008914684,0.345,0.189,6.40779479678707e-93,c0,Slc9a7,0.156,0.05382
2.18914199691972e-97,0.936798938481095,0.489,0.353,7.05560465607227e-93,c0,Ascc3,0.136,0.066504
2.29769592953246e-97,0.929319691859284,0.48,0.349,7.40547398088312e-93,c0,Kansl2,0.131,0.06288
2.93056638536573e-97,0.800938178637895,0.53,0.399,9.44521546003376e-93,c0,Aagab,0.131,0.06943
6.19405956741022e-97,0.620626278155043,0.614,0.48,1.99634539857632e-92,c0,Brd4,0.134,0.082276
8.81848186638936e-97,1.89664225281711,0.26,0.116,2.84219670553729e-92,c0,Pla2g4b,0.144,0.03744
1.0097933921848e-96,1.72227079699635,0.276,0.129,3.25456410301162e-92,c0,Klhl23,0.147,0.040572
1.40251725514317e-96,0.954726847341108,0.47,0.338,4.52031311332644e-92,c0,Ubap1,0.132,0.06204
1.55046487952213e-96,1.47398073064391,0.274,0.118,4.99714830669981e-92,c0,Zfp365,0.156,0.042744
1.70962868911343e-96,0.861233201352551,0.513,0.386,5.51013326501258e-92,c0,Ino80d,0.127,0.065151
2.27251539376746e-96,1.5260445887996,0.316,0.168,7.32431711411251e-92,c0,Fgfr1op,0.148,0.046768
3.95003917691973e-96,1.20689450631624,0.401,0.263,1.27309762672123e-91,c0,Zdhhc7,0.138,0.055338
4.86363131606628e-96,1.32579694323757,0.366,0.223,1.56754837316816e-91,c0,Nup85,0.143,0.052338
5.90721311351761e-96,1.1345607603609,0.393,0.24,1.90389478648672e-91,c0,Cnnm2,0.153,0.060129
8.20669265962117e-96,1.01138689348516,0.419,0.265,2.6450170441959e-91,c0,Rmdn3,0.154,0.064526
8.33452258775314e-96,0.631266905607805,0.595,0.493,2.68621663003284e-91,c0,Dld,0.102,0.06069
1.19773607975637e-95,1.40616261111212,0.306,0.151,3.86030338505477e-91,c0,Rhbdf2,0.155,0.04743
2.31276062492339e-95,0.703811346670629,0.565,0.445,7.45402749412809e-91,c0,Taok2,0.12,0.0678
5.36820112652534e-95,0.868064661894085,0.499,0.368,1.73017122307912e-90,c0,Mfn1,0.131,0.065369
6.23705942833714e-95,0.947164085263365,0.464,0.333,2.01020425375306e-90,c0,Med16,0.131,0.060784
1.16883078972099e-94,1.23025208477186,0.377,0.231,3.76714163527074e-90,c0,Lclat1,0.146,0.055042
1.32255156724756e-94,1.3967552362319,0.328,0.177,4.2625837012389e-90,c0,Mphosph9,0.151,0.049528
1.6986503356162e-94,1.77392042317894,0.265,0.12,5.47475003169101e-90,c0,Prkn,0.145,0.038425
2.62209637605684e-94,0.712795899032456,0.563,0.41,8.45101662003121e-90,c0,Ddit4,0.153,0.086139
4.79220957723874e-94,0.916103423432913,0.476,0.331,1.54452914674405e-89,c0,Rab43,0.145,0.06902
5.63806694006397e-94,0.831511520316254,0.509,0.382,1.81714897478262e-89,c0,Jmy,0.127,0.064643
6.67765452518311e-94,0.509443207140824,0.837,0.565,2.15220805346652e-89,c0,Sv2b,0.272,0.227664
1.48891388427478e-93,1.30387991011765,0.354,0.205,4.79876944901762e-89,c0,Lrp4,0.149,0.052746
1.61401051660614e-93,1.42521365089746,0.327,0.18,5.20195589502158e-89,c0,Mipep,0.147,0.048069
1.78830973709308e-93,1.02372865084375,0.449,0.319,5.76372228265101e-89,c0,Akap9,0.13,0.05837
2.43102543462446e-93,1.18815026984854,0.4,0.264,7.83519497579462e-89,c0,Gtf3c3,0.136,0.0544
4.56614367133934e-93,1.28306278546553,0.353,0.203,1.47166810527267e-88,c0,Gstcd,0.15,0.05295
4.85304004330575e-93,0.727674293112273,0.556,0.437,1.56413480595744e-88,c0,Gapvd1,0.119,0.066164
5.43013236987124e-93,0.555307322198837,0.654,0.481,1.7501316628095e-88,c0,Rogdi,0.173,0.113142
6.37296833750353e-93,1.13998514620965,0.412,0.276,2.05400769517739e-88,c0,Zfp397,0.136,0.056032
8.03057231169084e-93,0.961368476423582,0.465,0.339,2.58825345605796e-88,c0,Prpf18,0.126,0.05859
1.4310252448623e-92,0.905577488105819,0.48,0.352,4.6121943641912e-88,c0,Ilf2,0.128,0.06144
1.46627930845098e-92,0.974109366787303,0.464,0.333,4.7258182111375e-88,c0,Rptor,0.131,0.060784
1.73688936546506e-92,0.633656453050902,0.598,0.473,5.59799442489389e-88,c0,March7,0.125,0.07475
1.93730129852618e-92,1.45362422438288,0.309,0.16,6.24392208514988e-88,c0,D3Ertd751e,0.149,0.046041
2.52423251426118e-92,1.71682269842273,0.259,0.116,8.1356013934638e-88,c0,Cnbd2,0.143,0.037037
4.40820915761012e-92,0.745657258890306,0.544,0.437,1.42076581149774e-87,c0,Nop53,0.107,0.058208
7.23578845328128e-92,1.45665321386159,0.294,0.147,2.33209461849256e-87,c0,Ttc30b,0.147,0.043218
7.8402067015194e-92,1.63473359706823,0.285,0.142,2.5268986198997e-87,c0,Ofd1,0.143,0.040755
9.76504040699201e-92,0.861390265808796,0.483,0.327,3.14727252317353e-87,c0,Atp8a1,0.156,0.075348
9.94838029781905e-92,0.716549184380842,0.555,0.444,3.20636296998708e-87,c0,Cnot7,0.111,0.061605
9.96926330989696e-92,0.848482475772567,0.491,0.355,3.21309356477979e-87,c0,Bace1,0.136,0.066776
1.62733244114689e-91,1.15472719191218,0.332,0.172,5.24489245781642e-87,c0,Smug1,0.16,0.05312
2.06520228498948e-91,0.578031615952934,0.615,0.439,6.6561469645211e-87,c0,Gas6,0.176,0.10824
2.32719005760971e-91,1.06168345049136,0.321,0.153,7.50053355567611e-87,c0,Lmo1,0.168,0.053928
2.42112839373507e-91,1.08758842085355,0.422,0.294,7.80329681300812e-87,c0,Ankhd1,0.128,0.054016
2.77270028488581e-91,0.918286542658023,0.48,0.345,8.93641301818698e-87,c0,Zfp687,0.135,0.0648
3.06709685946143e-91,0.541313181626079,0.649,0.521,9.88525317804418e-87,c0,Dhx9,0.128,0.083072
4.02691527538721e-91,1.72628892379146,0.274,0.134,1.2978747932573e-86,c0,Jmjd7,0.14,0.03836
4.09208069810243e-91,0.770826063829647,0.506,0.345,1.31887760899841e-86,c0,Prepl,0.161,0.081466
4.6807636595726e-91,0.929436608692976,0.456,0.313,1.50861012748025e-86,c0,Necap1,0.143,0.065208
5.65425336183864e-91,0.937929588488235,0.47,0.348,1.8223658585206e-86,c0,Taf1,0.122,0.05734
6.82837985528361e-91,1.68301519313846,0.262,0.121,2.20078682735791e-86,c0,Oscp1,0.141,0.036942
7.25904518691325e-91,0.734293132118138,0.553,0.44,2.33959026374214e-86,c0,Ptar1,0.113,0.062489
7.54561908373069e-91,0.638437540773238,0.586,0.464,2.4319530306864e-86,c0,Odc1,0.122,0.071492
8.8820321659952e-91,0.959497946441545,0.464,0.346,2.86267896710025e-86,c0,Shoc2,0.118,0.054752
9.42795613687639e-91,1.03724798680527,0.443,0.307,3.03863026291526e-86,c0,Plekhn1,0.136,0.060248
1.03423197317553e-90,1.03989525806768,0.418,0.276,3.33332964954472e-86,c0,Pomt2,0.142,0.059356
1.08610436236423e-90,1.26194150261747,0.371,0.232,3.5005143598999e-86,c0,BC005561,0.139,0.051569
1.30453056843287e-90,1.3416355862888,0.316,0.166,4.20450202205913e-86,c0,Rffl,0.15,0.0474
1.44839418298157e-90,1.24839402486747,0.377,0.241,4.6681744517496e-86,c0,Ddx41,0.136,0.051272
1.49415326131498e-90,0.960715054061747,0.41,0.253,4.81565596121818e-86,c0,Ptges2,0.157,0.06437
2.37489116475619e-90,0.787379376012151,0.525,0.412,7.65427422400919e-86,c0,Arfgap2,0.113,0.059325
2.71302488530177e-90,0.829230268165936,0.512,0.394,8.74407920532762e-86,c0,Ncoa6,0.118,0.060416
3.75254117504158e-90,0.780847508729733,0.521,0.408,1.2094440207159e-85,c0,Rc3h2,0.113,0.058873
3.87977548233022e-90,0.709642729084097,0.548,0.42,1.25045163795503e-85,c0,Bnip2,0.128,0.070144
4.60560144368676e-90,0.688949185155303,0.569,0.463,1.48438534530024e-85,c0,Ubr2,0.106,0.060314
9.29703886281871e-90,1.0580634594893,0.424,0.292,2.99643562548647e-85,c0,Ptpn2,0.132,0.055968
1.11201382222525e-89,0.586955421630751,0.62,0.517,3.58402054903198e-85,c0,R3hdm2,0.103,0.06386
1.14743506720056e-89,0.897377279119338,0.477,0.349,3.6981832215874e-85,c0,Rab11fip3,0.128,0.061056
1.22674056774252e-89,0.943898386037884,0.459,0.324,3.95378484983415e-85,c0,Htt,0.135,0.061965
1.62931471159565e-89,0.739051636476965,0.537,0.38,5.25128131547278e-85,c0,Itsn1,0.157,0.084309
1.858629410038e-89,1.30734428153675,0.354,0.214,5.99036258855248e-85,c0,Dmac2,0.14,0.04956
1.90964792858392e-89,0.943823192055084,0.459,0.33,6.15479527382598e-85,c0,Shprh,0.129,0.059211
1.93307175722409e-89,0.636775294718645,0.583,0.458,6.23029027353324e-85,c0,Tmem63b,0.125,0.072875
2.09732302108601e-89,1.77751928169351,0.252,0.114,6.75967209696022e-85,c0,Klhl29,0.138,0.034776
2.36881926532125e-89,1.24947976597967,0.372,0.231,7.63470449213039e-85,c0,Lonrf1,0.141,0.052452
3.68292980330168e-89,1.25170029852869,0.365,0.226,1.18700827560413e-84,c0,Tada2a,0.139,0.050735
6.28561473797365e-89,0.869225738362786,0.492,0.374,2.02585363004891e-84,c0,Cnot10,0.118,0.058056
6.94545850483309e-89,1.0101340378544,0.434,0.303,2.2385212761077e-84,c0,Snrnp27,0.131,0.056854
7.01197825047389e-89,0.479781185978458,0.702,0.563,2.25996059012773e-84,c0,H2afy,0.139,0.097578
9.09982027562184e-89,0.693945955091221,0.555,0.438,2.93287207483292e-84,c0,Commd1,0.117,0.064935
1.04833928896464e-88,0.833625445698168,0.45,0.279,3.37879752833305e-84,c0,Syne1,0.171,0.07695
1.67874379915208e-88,0.489516089642738,0.709,0.565,5.41059126466717e-84,c0,Plekhb2,0.144,0.102096
1.93851338458255e-88,0.847824204265693,0.492,0.373,6.24782863850956e-84,c0,Smurf2,0.119,0.058548
2.51741420651078e-88,0.975151035481912,0.455,0.331,8.11362598758424e-84,c0,Dus3l,0.124,0.05642
3.16165819337468e-88,1.0381369182263,0.348,0.181,1.01900243572466e-83,c0,Elmod1,0.167,0.058116
3.87063812702209e-88,0.436363903215739,0.704,0.609,1.24750666833922e-83,c0,Rnf10,0.095,0.06688
5.39176994121191e-88,0.58496496751388,0.615,0.506,1.7377674520526e-83,c0,Mkln1,0.109,0.067035
5.40700950967642e-88,1.07371220589003,0.407,0.267,1.74267916496871e-83,c0,Uspl1,0.14,0.05698
6.07288097661118e-88,0.706061113989453,0.552,0.433,1.95728953876178e-83,c0,U2surp,0.119,0.065688
6.18517389188862e-88,0.90140339006698,0.468,0.336,1.9934815453557e-83,c0,Kifap3,0.132,0.061776
6.24315370550332e-88,0.924363431900274,0.473,0.352,2.01216843928372e-83,c0,Chkb,0.121,0.057233
1.17188488203497e-87,0.932617833623031,0.464,0.339,3.77698497479871e-83,c0,Slf2,0.125,0.058
3.31994438909797e-87,0.805828919968975,0.505,0.385,1.07001807660627e-82,c0,Chd1,0.12,0.0606
4.12698205676635e-87,0.841903072066658,0.488,0.367,1.3301263168958e-82,c0,Rprd1b,0.121,0.059048
4.91737409419867e-87,1.00508696093853,0.442,0.321,1.58486967056023e-82,c0,Zcchc8,0.121,0.053482
5.80821723608166e-87,0.68652511323361,0.563,0.445,1.87198841518912e-82,c0,Dhx36,0.118,0.066434
9.59031220245215e-87,0.68625168062633,0.551,0.399,3.09095762285033e-82,c0,Rb1,0.152,0.083752
1.14472064016264e-86,0.484629597493103,0.675,0.568,3.68943462324419e-82,c0,Usp9x,0.107,0.0722250000000001
2.12435502210538e-86,0.749667171244151,0.525,0.409,6.84679623624564e-82,c0,Dyrk1a,0.116,0.0609
2.18342004042547e-86,1.19936684204324,0.377,0.236,7.03716279029129e-82,c0,Slc25a27,0.141,0.053157
2.55786852986899e-86,1.49206795453538,0.288,0.147,8.24401027176777e-82,c0,Zfp810,0.141,0.040608
3.4004593483303e-86,1.06617946081092,0.393,0.249,1.09596804796686e-81,c0,Cyb5r1,0.144,0.056592
4.5773917096303e-86,0.793926584153055,0.501,0.371,1.47529334801385e-81,c0,Rnf5,0.13,0.06513
1.09304030773614e-85,0.47009868614788,0.745,0.561,3.52286891183357e-81,c0,Sptan1,0.184,0.13708
1.23267018043794e-85,0.831358070447094,0.494,0.378,3.97289599155149e-81,c0,Ube4a,0.116,0.057304
2.17450323972528e-85,0.937462628190837,0.451,0.323,7.00842394163457e-81,c0,Kdm4b,0.128,0.057728
2.24899740776578e-85,0.917848450516321,0.463,0.342,7.2485186452291e-81,c0,Bmt2,0.121,0.056023
2.60519592888461e-85,1.64870234275536,0.264,0.127,8.3965464787951e-81,c0,Nek4,0.137,0.036168
4.17102038009554e-85,0.910901074915001,0.466,0.343,1.34431986850479e-80,c0,Clasrp,0.123,0.057318
4.76870604353688e-85,0.769329244550672,0.517,0.387,1.53695395783194e-80,c0,Snx29,0.13,0.06721
5.86012884652135e-85,1.20948444134321,0.344,0.2,1.88871952723383e-80,c0,Cxxc4,0.144,0.049536
6.30195145614144e-85,0.912502495464216,0.463,0.334,2.03111895431439e-80,c0,Vps8,0.129,0.059727
1.01419886541753e-84,0.955293243052138,0.454,0.327,3.2687629432407e-80,c0,Ice1,0.127,0.057658
1.59537209838774e-84,1.22310825899871,0.323,0.175,5.14188427310367e-80,c0,Arxes2,0.148,0.047804
2.1875533590508e-84,0.767276912133829,0.518,0.397,7.05048447622073e-80,c0,Khdc4,0.121,0.062678
2.2961283717758e-84,0.63037322318679,0.572,0.428,7.40042174223339e-80,c0,Bhlhe41,0.144,0.082368
2.41018808693897e-84,0.6814271926977,0.553,0.42,7.76803620420431e-80,c0,Pbx1,0.133,0.073549
2.51456122057596e-84,0.75514009914268,0.515,0.403,8.10443081391632e-80,c0,Cfap20,0.112,0.05768
2.86036184554966e-84,0.97239933684095,0.432,0.304,9.21894622820654e-80,c0,Acad8,0.128,0.055296
2.96838179216899e-84,0.72345248830575,0.472,0.299,9.56709451616067e-80,c0,Fam107b,0.173,0.081656
3.59371928470718e-84,1.2663584268776,0.364,0.234,1.15825572546113e-79,c0,Strada,0.13,0.04732
6.08672372445544e-84,1.14280500366659,0.38,0.248,1.96175105639199e-79,c0,Slc4a1ap,0.132,0.05016
8.12555554902477e-84,1.09688793112778,0.399,0.27,2.61886655345068e-79,c0,Zfp236,0.129,0.051471
8.50524737751489e-84,1.26742629349038,0.35,0.214,2.74124122977305e-79,c0,E2f3,0.136,0.0476
1.05390505445937e-83,1.62747235305228,0.265,0.131,3.39673599052256e-79,c0,Tead3,0.134,0.03551
1.13436793477612e-83,0.801753780262842,0.498,0.382,3.65606785378343e-79,c0,Cse1l,0.116,0.057768
1.21081672387957e-83,1.1112909610801,0.395,0.265,3.90246230106385e-79,c0,Iars,0.13,0.05135
1.3453016640715e-83,0.91304881738653,0.465,0.349,4.33590726330244e-79,c0,Mterf3,0.116,0.05394
1.37601651905669e-83,0.513899606495305,0.673,0.517,4.43490124091971e-79,c0,Sfpq,0.156,0.104988
3.28363892680427e-83,0.885374334485152,0.447,0.315,1.05831682610902e-78,c0,Cfap298,0.132,0.059004
4.52890290289676e-83,1.01402449856643,0.411,0.275,1.45966540560363e-78,c0,Zdhhc16,0.136,0.055896
4.58122601062217e-83,1.4152277679799,0.317,0.181,1.47652914322353e-78,c0,Tmem86b,0.136,0.043112
4.65824668119466e-83,1.12526978608594,0.405,0.284,1.50135290534904e-78,c0,Kmt2b,0.121,0.049005
5.65563545315575e-83,0.792172335507137,0.507,0.396,1.8228113065521e-78,c0,Anapc1,0.111,0.056277
6.42396424564068e-83,0.814857985938079,0.49,0.368,2.07044367636999e-78,c0,Hdgfl2,0.122,0.05978
7.39795766252232e-83,0.777964776979495,0.51,0.401,2.38436175463094e-78,c0,Arid4b,0.109,0.05559
1.09896260256327e-82,0.762810758016447,0.517,0.405,3.5419564680614e-78,c0,Arfgap1,0.112,0.057904
1.45446276115551e-82,0.921699489879291,0.456,0.339,4.68773347920421e-78,c0,Desi2,0.117,0.053352
1.5128196698617e-82,0.920309214071092,0.439,0.308,4.87581779596425e-78,c0,Rxra,0.131,0.057509
2.00394672620616e-82,0.825454890165568,0.489,0.378,6.45872029856246e-78,c0,Fam53c,0.111,0.054279
2.06469255625969e-82,0.814656693488946,0.492,0.372,6.65450410882498e-78,c0,Vps13d,0.12,0.05904
2.34030286594986e-82,0.710186873815015,0.539,0.429,7.54279613695641e-78,c0,Dmxl1,0.11,0.05929
2.40061911855912e-82,1.32238568488415,0.299,0.156,7.73719541911603e-78,c0,Arxes1,0.143,0.042757
2.78498209595415e-82,0.957377953494458,0.333,0.177,8.97599729526023e-78,c0,Slc16a3,0.156,0.051948
2.79645208894578e-82,0.967897458916754,0.41,0.268,9.01296508267224e-78,c0,Mbnl1,0.142,0.05822
2.86267082455293e-82,0.646838632800352,0.553,0.414,9.2263880675341e-78,c0,Tjp1,0.139,0.076867
4.59075180120473e-82,1.17453370507151,0.35,0.213,1.47959930552829e-77,c0,Dync2li1,0.137,0.04795
1.0292336786093e-81,1.04532019514071,0.417,0.298,3.31722014615776e-77,c0,Upf2,0.119,0.049623
1.38109492677021e-81,0.737690429557343,0.526,0.428,4.45126894898039e-77,c0,Cdk13,0.098,0.051548
2.49399378212073e-81,0.706143482763838,0.539,0.424,8.03814195977511e-77,c0,Patz1,0.115,0.061985
3.70471207920358e-81,0.782599473973268,0.497,0.373,1.19402870312731e-76,c0,Pwwp2a,0.124,0.061628
4.53756994063892e-81,0.792438373367224,0.502,0.399,1.46245879186793e-76,c0,Atg4b,0.103,0.051706
4.96187045525125e-81,0.58280727225912,0.599,0.473,1.59921084772748e-76,c0,Stk25,0.126,0.075474
4.971018464949e-81,0.743112641990738,0.527,0.424,1.60215925125306e-76,c0,Efr3a,0.103,0.054281
9.04712832041341e-81,1.10755524482569,0.382,0.253,2.91588945766924e-76,c0,Phc1,0.129,0.049278
1.60509939485454e-80,0.667342706299324,0.554,0.454,5.17323534961618e-76,c0,Mgat1,0.1,0.0554
3.81664896767931e-80,0.959788752708826,0.432,0.306,1.23010596228304e-75,c0,Edem2,0.126,0.054432
8.03303420672568e-80,0.692938193377352,0.537,0.433,2.58904692482769e-75,c0,Ube3c,0.104,0.055848
8.1960205698448e-80,0.775410134767545,0.492,0.361,2.64157742966098e-75,c0,Plekha1,0.131,0.064452
9.59341718155871e-80,0.965003270262588,0.442,0.325,3.09195835761637e-75,c0,Cdkal1,0.117,0.051714
1.97957441457571e-79,0.902182084141795,0.465,0.358,6.3801683381775e-75,c0,Helz,0.107,0.049755
2.06292176252074e-79,0.772026795075417,0.5,0.392,6.64879684060435e-75,c0,Ddx46,0.108,0.054
2.84076092584064e-79,1.60107915304428,0.254,0.124,9.15577246398439e-75,c0,Tex9,0.13,0.03302
4.31550021324667e-79,1.073723785684,0.392,0.266,1.3908857187294e-74,c0,Eed,0.126,0.049392
4.58314602459545e-79,0.48680317148524,0.656,0.543,1.47714796372711e-74,c0,Iqsec1,0.113,0.074128
5.79752497192578e-79,0.625224687937085,0.562,0.461,1.86854229845168e-74,c0,Trak1,0.101,0.056762
5.95364006150821e-79,1.26115298630389,0.325,0.19,1.91885819182409e-74,c0,Rtl6,0.135,0.043875
7.43718642106299e-79,0.875702623871828,0.451,0.33,2.3970051835086e-74,c0,Las1l,0.121,0.054571
8.01876069009314e-79,1.197019671065,0.328,0.19,2.58444657041702e-74,c0,Tmcc2,0.138,0.045264
9.38813164069117e-79,0.750047235982222,0.514,0.402,3.02579482779476e-74,c0,Herc1,0.112,0.057568
9.70477663673107e-79,1.02047795097434,0.326,0.172,3.12784951001843e-74,c0,Unc80,0.154,0.050204
1.00439114520431e-78,0.718722199334914,0.525,0.405,3.23715266099349e-74,c0,Chd2,0.12,0.063
1.04667328716554e-78,1.01572079223372,0.4,0.273,3.37342800453455e-74,c0,Rmnd5b,0.127,0.0508
1.19350221578983e-78,0.646309183091765,0.544,0.442,3.84665764149061e-74,c0,Ago2,0.102,0.055488
1.27591176750755e-78,0.862784441995048,0.463,0.341,4.11226362667685e-74,c0,Wdr77,0.122,0.056486
1.49831377936167e-78,0.935511888877276,0.441,0.323,4.82906531088266e-74,c0,Ptcd3,0.118,0.052038
1.78884298420332e-78,0.463236432676085,0.747,0.53,5.7654409380873e-74,c0,Pla2g7,0.217,0.162099
2.04431127907303e-78,0.539470576600427,0.62,0.445,6.58881525245239e-74,c0,Klf9,0.175,0.1085
2.26645491536812e-78,0.534061677825825,0.612,0.479,7.30478419223145e-74,c0,Pip4k2c,0.133,0.081396
2.35033173526015e-78,0.93545441337101,0.445,0.332,7.57511918274347e-74,c0,Gps2,0.113,0.050285
2.44497380919307e-78,1.32015759011124,0.311,0.179,7.88015058702928e-74,c0,Nphp1,0.132,0.041052
2.44801849748903e-78,0.973676462555355,0.41,0.279,7.88996361740713e-74,c0,Klc2,0.131,0.05371
2.59670303087677e-78,0.968676672311956,0.421,0.298,8.36917386851584e-74,c0,Rnf19a,0.123,0.051783
4.13402948626698e-78,1.13197550784627,0.369,0.241,1.33239770342385e-73,c0,Large1,0.128,0.047232
4.2213277253276e-78,1.59034217134427,0.259,0.13,1.36053392587308e-73,c0,Ccdc191,0.129,0.033411
4.30003158619867e-78,0.527544552367476,0.619,0.521,1.38590018023183e-73,c0,Nrd1,0.098,0.060662
5.34996112833504e-78,1.44504192045919,0.267,0.135,1.72429247166238e-73,c0,Eno3,0.132,0.035244
5.70874623845794e-78,0.543199335675643,0.605,0.509,1.83992891265499e-73,c0,Dhx15,0.096,0.05808
6.97455343248645e-78,0.68832136699216,0.524,0.415,2.24789857129038e-73,c0,Kif1bp,0.109,0.057116
8.918134874135e-78,0.453890527939894,0.67,0.568,2.87431486993371e-73,c0,Ppm1a,0.102,0.0683400000000001
1.15441755944092e-77,0.843333715584221,0.471,0.356,3.72068779407808e-73,c0,Jmjd6,0.115,0.054165
1.60864861017831e-77,0.761782893833232,0.507,0.394,5.18467447060468e-73,c0,Phf20l1,0.113,0.057291
2.20544718531823e-77,1.2051854898652,0.348,0.219,7.10815627828065e-73,c0,Nucb2,0.129,0.044892
2.85822415340103e-77,0.773811363277271,0.5,0.392,9.21205644641152e-73,c0,Ccnt2,0.108,0.054
2.92041937119772e-77,0.731040148141782,0.515,0.404,9.41251163337026e-73,c0,Sf3b3,0.111,0.057165
3.31484126963125e-77,1.39015144491747,0.285,0.153,1.06837334120215e-72,c0,Eef2kmt,0.132,0.03762
4.00100941453452e-77,0.456485399484836,0.678,0.581,1.28952533430447e-72,c0,Gpi1,0.0970000000000001,0.0657660000000001
5.01949017197862e-77,1.25620638333766,0.323,0.192,1.61778168242871e-72,c0,Supt7l,0.131,0.042313
7.31248895014642e-77,1.31398773565284,0.319,0.188,2.35681518863219e-72,c0,Suv39h1,0.131,0.041789
1.10404590835481e-76,1.55656470542848,0.278,0.153,3.55833996262756e-72,c0,Rbm48,0.125,0.03475
1.29264854240798e-76,1.12845390590832,0.374,0.248,4.16620625218092e-72,c0,Cars,0.126,0.047124
1.7525481031991e-76,1.51279580981031,0.259,0.129,5.6484625366107e-72,c0,Rtn2,0.13,0.03367
2.18760768730447e-76,0.681619059720254,0.534,0.419,7.0506595761823e-72,c0,Smg1,0.115,0.06141
2.31937495725429e-76,0.792905212674739,0.49,0.388,7.47534548723059e-72,c0,Setd2,0.102,0.04998
2.84298104283809e-76,0.734509002771491,0.515,0.419,9.16292790106718e-72,c0,Pex2,0.096,0.04944
3.67691082056006e-76,1.1076321146698,0.367,0.239,1.18506835746651e-71,c0,Mapk8,0.128,0.046976
3.70444113461687e-76,0.574948732799004,0.6,0.481,1.19394137768702e-71,c0,Ncor1,0.119,0.0714
3.76428288762061e-76,0.686280693680231,0.531,0.431,1.21322837468012e-71,c0,Ubxn2a,0.1,0.0531
4.96391992634654e-76,1.39130273727953,0.279,0.148,1.59987139226149e-71,c0,Mex3b,0.131,0.036549
7.26278550967725e-76,1.23003236111434,0.345,0.218,2.34079576976898e-71,c0,Zfp398,0.127,0.043815
7.49085051701652e-76,0.989038545685983,0.408,0.282,2.41430112163443e-71,c0,Cry1,0.126,0.051408
7.67758963364524e-76,1.06724380204404,0.266,0.125,2.47448713892386e-71,c0,Sema7a,0.141,0.037506
8.22082484699938e-76,1.10993304348454,0.38,0.258,2.6495718481879e-71,c0,Gon4l,0.122,0.04636
8.32308207718081e-76,0.633226949944789,0.563,0.457,2.68252935347537e-71,c0,Ipo9,0.106,0.059678
9.01081054367331e-76,1.03071827810106,0.413,0.299,2.90418423822591e-71,c0,Foxk1,0.114,0.047082
9.0779707147763e-76,0.674117321187009,0.535,0.434,2.9258299613724e-71,c0,Msl2,0.101,0.054035
1.54017980115394e-75,0.54343588689458,0.598,0.508,4.96399949911915e-71,c0,Pdhb,0.09,0.05382
1.6841739084844e-75,0.897525517897558,0.443,0.33,5.42809250704522e-71,c0,Ncoa5,0.113,0.050059
1.74330509255123e-75,0.496834521884153,0.671,0.442,5.61867231329262e-71,c0,Cdr2,0.229,0.153659
2.01648571173998e-75,0.755849481195425,0.498,0.396,6.49913344893794e-71,c0,Atf6,0.102,0.050796
2.06607495859199e-75,0.840102208618306,0.474,0.368,6.65895959154198e-71,c0,Usp15,0.106,0.050244
2.19891145139986e-75,1.19208415116924,0.342,0.214,7.08709160786175e-71,c0,Tigd2,0.128,0.043776
2.61682071747801e-75,1.4318989388869,0.299,0.174,8.43401317243164e-71,c0,E4f1,0.125,0.037375
2.7181708958246e-75,0.820987514661633,0.483,0.384,8.76066479724269e-71,c0,Qars,0.099,0.047817
4.01910613712931e-75,0.858950101028553,0.453,0.334,1.29535790799678e-70,c0,Znrf1,0.119,0.053907
9.45750536958032e-75,1.41430205683151,0.257,0.126,3.04815398061574e-70,c0,Xkr6,0.131,0.033667
1.23530440606653e-74,0.645966689782055,0.557,0.448,3.98138610075241e-70,c0,Exoc4,0.109,0.060713
1.39076529255192e-74,1.52982513816086,0.265,0.14,4.48243653789483e-70,c0,Ddx20,0.125,0.033125
1.41252520260365e-74,1.20432058296269,0.337,0.21,4.55256872799155e-70,c0,Ppp2r3a,0.127,0.042799
1.43536202461687e-74,1.30444858901465,0.305,0.177,4.62617180534017e-70,c0,Fntb,0.128,0.03904
1.72968481656873e-74,0.670213834089904,0.533,0.434,5.57477416380101e-70,c0,Tmem135,0.099,0.052767
2.82518602212789e-74,0.899137449740636,0.445,0.334,9.10557454931819e-70,c0,Mga,0.111,0.049395
3.1849461401568e-74,1.47173723789106,0.28,0.155,1.02650814097254e-69,c0,Atpsckmt,0.125,0.035
3.33589793370147e-74,0.955481126240487,0.347,0.201,1.07515990403198e-69,c0,Fn3k,0.146,0.050662
4.67241172193872e-74,1.15741512790237,0.369,0.25,1.50591829798085e-69,c0,Parp2,0.119,0.043911
8.16173557776248e-74,1.07216390156517,0.372,0.248,2.63052737671285e-69,c0,Nt5c3,0.124,0.046128
8.50023171908155e-74,1.21091569157794,0.307,0.173,2.73962468305998e-69,c0,Prrt1,0.134,0.041138
8.5927293285227e-74,1.01576393306536,0.404,0.288,2.76943666258287e-69,c0,Cpsf1,0.116,0.046864
1.3981003571765e-73,0.723489405638234,0.511,0.424,4.50607745117985e-69,c0,Cldnd1,0.087,0.044457
1.57062576285124e-73,0.642001840772158,0.542,0.448,5.06212683366954e-69,c0,Bptf,0.094,0.050948
1.87372032786714e-73,0.549518742995863,0.464,0.29,6.03900061671578e-69,c0,Ier3,0.174,0.080736
2.01671227947611e-73,0.675342044685324,0.527,0.432,6.49986367675151e-69,c0,Gpbp1,0.095,0.050065
2.18118592570684e-73,0.413120555772459,0.691,0.597,7.02996223855315e-69,c0,Selenot,0.094,0.064954
2.56309088472673e-73,0.601956177045067,0.565,0.448,8.26084192147424e-69,c0,Nf1,0.117,0.066105
3.06839841469378e-73,1.04437276358847,0.379,0.255,9.88944809055805e-69,c0,Cln3,0.124,0.046996
3.67502488303294e-73,0.951063461985818,0.413,0.293,1.18446051980152e-68,c0,Chrac1,0.12,0.04956
5.13316971567472e-73,0.589209696711014,0.571,0.493,1.65442059936196e-68,c0,Rraga,0.078,0.044538
7.20146323249683e-73,1.13908470244086,0.326,0.196,2.32103159983373e-68,c0,Tmem218,0.13,0.04238
1.49528142297635e-72,0.733179060382632,0.492,0.364,4.81929202625277e-68,c0,Klf12,0.128,0.062976
1.70027573847371e-72,0.59604077155958,0.563,0.463,5.47998870510076e-68,c0,Ing4,0.0999999999999999,0.0563
2.36997333588045e-72,0.880946610074922,0.421,0.294,7.63842406154269e-68,c0,Ift57,0.127,0.053467
2.53394117121914e-72,0.98630708721696,0.324,0.18,8.16689239483928e-68,c0,Shisa2,0.144,0.046656
3.20228295946567e-72,1.11596958866598,0.332,0.201,1.03209579783579e-67,c0,Scrn3,0.131,0.043492
4.33425136807945e-72,0.541366860012951,0.601,0.484,1.39692921593201e-67,c0,Bclaf1,0.117,0.070317
4.44003924380735e-72,1.0478529553601,0.391,0.279,1.43102464827911e-67,c0,Aqr,0.112,0.043792
4.72587208968309e-72,0.80114897213664,0.472,0.362,1.52314857450486e-67,c0,Sltm,0.11,0.05192
5.8397708105183e-72,0.695709445570724,0.511,0.412,1.88215813223005e-67,c0,Cdk11b,0.099,0.050589
7.3681970994705e-72,0.827341238101842,0.463,0.347,2.37476992515934e-67,c0,Paxbp1,0.116,0.053708
8.32638055641715e-72,1.22962900194016,0.281,0.148,2.68359245333325e-67,c0,Lrp11,0.133,0.037373
9.86096346119794e-72,0.596658757786979,0.569,0.459,3.1781885235441e-67,c0,Cnot2,0.11,0.06259
1.61502559589031e-71,0.99625401981583,0.401,0.285,5.20522749555446e-67,c0,Tmem170b,0.116,0.046516
1.66045289303634e-71,1.38094827237519,0.297,0.175,5.35163967425613e-67,c0,Dcaf17,0.122,0.036234
4.05293426273044e-71,1.34104941527237,0.28,0.153,1.30626071287802e-66,c0,Mtmr7,0.127,0.03556
7.29874608227651e-71,0.979789005343869,0.387,0.266,2.35238586231772e-66,c0,Leo1,0.121,0.046827
7.65724655309536e-71,1.04857393822568,0.385,0.271,2.46793056406264e-66,c0,Zfp110,0.114,0.04389
8.28483086576759e-71,1.03093754755439,0.386,0.268,2.67020098803689e-66,c0,Mtr,0.118,0.045548
1.23732870606516e-70,1.22008096407286,0.34,0.221,3.987910419648e-66,c0,Spata5,0.119,0.04046
1.7218239251588e-70,0.397282204982888,0.69,0.596,5.54943851078681e-66,c0,Ddx6,0.094,0.06486
1.77574522358302e-70,1.37760776752186,0.303,0.186,5.72322685560807e-66,c0,Npat,0.117,0.035451
2.02624082297958e-70,0.578985284387148,0.577,0.475,6.53057417246318e-66,c0,Usp32,0.102,0.058854
2.04573625668774e-70,1.08477460230195,0.356,0.231,6.59340795530459e-66,c0,Lcorl,0.125,0.0445
2.09167245468874e-70,0.50772536027765,0.603,0.528,6.74146032146181e-66,c0,Alkbh5,0.075,0.045225
2.41968744587502e-70,0.684793657957691,0.515,0.417,7.7986526380552e-66,c0,Fam114a2,0.098,0.05047
2.44252003054605e-70,0.744929143871007,0.482,0.375,7.87224205844992e-66,c0,Dnajc18,0.107,0.051574
2.66623355361095e-70,1.14029434573828,0.295,0.161,8.59327074328809e-66,c0,Eif2s3y,0.134,0.03953
3.19259242671409e-70,0.49386674331097,0.625,0.518,1.02897253912995e-65,c0,Ythdf3,0.107,0.066875
3.50604218440321e-70,1.12033222924414,0.356,0.236,1.12999739603316e-65,c0,Hsf2,0.12,0.04272
3.5783074605545e-70,0.496923226881313,0.633,0.509,1.15328849453672e-65,c0,Nsd3,0.124,0.078492
3.95857409973723e-70,0.826814544084598,0.466,0.363,1.27584843234531e-65,c0,Mdm4,0.103,0.047998
4.2330808530071e-70,0.567239861735601,0.57,0.474,1.36432195892419e-65,c0,Ddx39b,0.096,0.05472
4.47904689009509e-70,1.14191455461344,0.351,0.233,1.44359681267765e-65,c0,Mms19,0.118,0.041418
4.99573335364759e-70,0.681756739674254,0.485,0.36,1.61012485988062e-65,c0,Smpd2,0.125,0.060625
6.06308412352757e-70,1.02761683337649,0.389,0.274,1.95413201301293e-65,c0,Ap5m1,0.115,0.044735
7.05454287179856e-70,0.636477353217852,0.514,0.379,2.27367916758067e-65,c0,Rev3l,0.135,0.06939
7.65251765324318e-70,0.745671638130894,0.465,0.343,2.46640643964028e-65,c0,Lrba,0.122,0.05673
1.33505198670172e-69,0.641976621770322,0.536,0.441,4.30287255313965e-65,c0,Synj2bp,0.095,0.05092
1.80296103316528e-69,1.30531159307217,0.266,0.138,5.81094340989168e-65,c0,Ggt7,0.128,0.034048
2.71681831010564e-69,0.650786789403662,0.533,0.432,8.75630541347047e-65,c0,Zgpat,0.101,0.053833
4.84026754639476e-69,0.999272065902338,0.406,0.304,1.56001823020303e-64,c0,Scaf8,0.102,0.041412
6.85940480219109e-69,0.71912893076797,0.498,0.4,2.21078616774619e-64,c0,Sbno1,0.098,0.048804
8.17016190999716e-69,0.944894568366565,0.425,0.319,2.63324318359208e-64,c0,Mllt10,0.106,0.04505
8.44384603609071e-69,1.43994312610557,0.281,0.162,2.72145157743204e-64,c0,Tango6,0.119,0.033439
1.04040767654499e-68,0.819040359518187,0.46,0.366,3.35323394150449e-64,c0,Ranbp3,0.094,0.04324
1.22525100958044e-68,1.35790926377549,0.285,0.164,3.94898400387777e-64,c0,Abhd18,0.121,0.034485
1.43906068008198e-68,0.671209138934439,0.482,0.362,4.63809257190424e-64,c0,Vps37b,0.12,0.05784
2.03505402961167e-68,0.78965737274087,0.42,0.285,6.5589791374384e-64,c0,Galnt4,0.135,0.0567
2.06974206777906e-68,0.494776634059826,0.614,0.525,6.67077868445192e-64,c0,Ube3a,0.089,0.054646
2.33063393475251e-68,1.02472915716081,0.366,0.246,7.51163317170734e-64,c0,Fam216a,0.12,0.04392
3.29045104320132e-68,1.09066678491486,0.354,0.235,1.06051237122379e-63,c0,Farp2,0.119,0.042126
3.76498051715369e-68,0.577500330331021,0.567,0.455,1.21345322067863e-63,c0,Mark3,0.112,0.063504
4.03215638922916e-68,1.19475589823328,0.338,0.223,1.29956400424856e-63,c0,Fam133b,0.115,0.03887
4.44441647362368e-68,0.704056594442175,0.507,0.405,1.43243542944891e-63,c0,Srrt,0.102,0.051714
5.37378608474097e-68,1.2031789675226,0.319,0.199,1.73197125511202e-63,c0,Zfp617,0.12,0.03828
6.1970981358614e-68,0.625011058606588,0.533,0.449,1.99732472918813e-63,c0,Sec22b,0.084,0.044772
8.38664774000092e-68,1.35067489650195,0.295,0.177,2.7030165666023e-63,c0,Zfp955b,0.118,0.03481
9.4059142132399e-68,1.03937277030307,0.361,0.238,3.03152615092722e-63,c0,Mpp7,0.123,0.044403
1.03616270510142e-67,0.886214081791821,0.427,0.319,3.33955239854188e-63,c0,Ro60,0.108,0.046116
1.03970204524519e-67,0.931175141045835,0.304,0.165,3.35095969182525e-63,c0,Pard6b,0.139,0.042256
1.05626240525763e-67,1.25460908924258,0.324,0.208,3.40433373214533e-63,c0,Map3k4,0.116,0.037584
1.27788648814134e-67,1.23741136536831,0.31,0.189,4.11862815127953e-63,c0,Rasal2,0.121,0.03751
1.29177807882642e-67,1.10660235126133,0.345,0.228,4.16340074805756e-63,c0,Kiz,0.117,0.040365
1.32292575625037e-67,0.956464702054803,0.392,0.273,4.26378971239493e-63,c0,Ift43,0.119,0.046648
2.98841958226206e-67,0.717741135745469,0.485,0.37,9.63167631363062e-63,c0,Ssbp2,0.115,0.055775
3.14286210056431e-67,0.923609196273879,0.395,0.267,1.01294445501188e-62,c0,Parp6,0.128,0.05056
3.413033903332e-67,0.574146155676064,0.555,0.464,1.1000208270439e-62,c0,Zc3h14,0.091,0.050505
3.48978828234525e-67,0.889339411268093,0.431,0.329,1.12475876339987e-62,c0,Zfp592,0.102,0.043962
3.58196463916162e-67,1.08777503007644,0.351,0.228,1.15446720320179e-62,c0,Pcdhga9,0.123,0.043173
3.97249533953783e-67,0.779939203947653,0.47,0.371,1.28033524793304e-62,c0,Ehmt1,0.099,0.04653
4.62475084802113e-67,1.26426643697027,0.317,0.2,1.49055719831721e-62,c0,Mthfsd,0.117,0.037089
6.12929552433371e-67,0.565052870581932,0.337,0.185,1.97547194749275e-62,c0,Hspa1b,0.152,0.051224
6.74777677329667e-67,1.37244326150683,0.272,0.152,2.17480845403352e-62,c0,D11Wsu47e,0.12,0.03264
7.48906730488921e-67,0.626276520269943,0.489,0.345,2.41372639236579e-62,c0,Agap1,0.144,0.070416
8.24429955184611e-67,0.546169352299319,0.342,0.189,2.65713774556e-62,c0,Hspa1a,0.153,0.052326
1.0016844269394e-66,0.93145219563613,0.344,0.205,3.2284289080257e-62,c0,Reep2,0.139,0.047816
1.1918427077983e-66,0.839930697918812,0.439,0.325,3.8413090472339e-62,c0,Dnajc24,0.114,0.050046
1.31481692386218e-66,0.78423743698836,0.456,0.347,4.23765494560779e-62,c0,Ccar2,0.109,0.049704
1.80031758373883e-66,1.51898937539884,0.259,0.144,5.80242357239023e-62,c0,Zfp692,0.115,0.029785
2.68334973546275e-66,1.26447591924934,0.304,0.185,8.64843619739643e-62,c0,Cdkl3,0.119,0.036176
4.09631296615973e-66,0.979341157827442,0.382,0.268,1.32024166899328e-61,c0,Sirt1,0.114,0.043548
4.16567865885728e-66,0.983146990033042,0.386,0.274,1.3425982317497e-61,c0,Fam149b,0.112,0.043232
4.43850298866996e-66,1.06844262652198,0.343,0.223,1.43052951324833e-61,c0,Ccnq,0.12,0.04116
4.63745206944259e-66,0.928030203161718,0.381,0.257,1.49465080198135e-61,c0,Cnrip1,0.124,0.047244
5.39928984797509e-66,0.481600546344009,0.634,0.514,1.74019111800237e-61,c0,Fubp1,0.12,0.07608
6.69754747472962e-66,1.22246850051778,0.312,0.194,2.15861955110536e-61,c0,Dnal4,0.118,0.036816
8.21217205032353e-66,1.19646105164891,0.333,0.22,2.64678305181927e-61,c0,Rmdn1,0.113,0.037629
8.25899229748532e-66,1.19053688236396,0.339,0.226,2.66187321747952e-61,c0,Pmvk,0.113,0.038307
9.45292048732151e-66,0.742444629214364,0.482,0.391,3.04667627306372e-61,c0,Pdpk1,0.091,0.043862
1.07501350463023e-65,0.887156826973301,0.413,0.304,3.46476852542324e-61,c0,Unc45a,0.109,0.045017
1.29287101399126e-65,1.02452909161934,0.347,0.226,4.16692327809385e-61,c0,Vps18,0.121,0.041987
1.52376069420552e-65,1.47749000356377,0.264,0.15,4.91108071742438e-61,c0,Taf1a,0.114,0.030096
1.52710176920241e-65,0.842756341516159,0.39,0.257,4.92184900213938e-61,c0,Phactr1,0.133,0.05187
2.06995767791366e-65,0.576384292631601,0.557,0.465,6.67147359591574e-61,c0,Dnm1l,0.092,0.051244
2.19321458354284e-65,0.593331978732323,0.554,0.449,7.06873060275858e-61,c0,Snd1,0.105,0.05817
2.20488234686261e-65,0.878048884739647,0.441,0.346,7.1063358039382e-61,c0,Cnot4,0.095,0.041895
2.30410314637184e-65,0.643750560702418,0.521,0.428,7.42612444075645e-61,c0,Aars,0.093,0.048453
2.48244743647372e-65,0.977380605277088,0.396,0.291,8.00092808775481e-61,c0,Rsbn1,0.105,0.04158
2.76152753031602e-65,1.3146270640759,0.284,0.164,8.90040323020854e-61,c0,Adam1a,0.12,0.03408
3.15829488834813e-65,0.956811543661815,0.396,0.288,1.0179184425146e-60,c0,Nup88,0.108,0.042768
3.78805034681258e-65,0.938528283174821,0.41,0.31,1.2208886267777e-60,c0,Ezh1,0.1,0.041
4.02446030752454e-65,1.0436797189497,0.347,0.223,1.29708355711516e-60,c0,Pcdhgb4,0.124,0.043028
4.33206590756829e-65,0.650528915112167,0.522,0.412,1.39622484200926e-60,c0,Supt20,0.11,0.05742
4.39698681898015e-65,1.05861191451281,0.362,0.246,1.4171488517573e-60,c0,Alms1,0.116,0.041992
5.09785136076454e-65,1.19500111147998,0.25,0.123,1.64303749357441e-60,c0,Mapk8ip2,0.127,0.03175
5.22593864684991e-65,0.949335797153141,0.399,0.291,1.68432002587973e-60,c0,Zfp800,0.108,0.043092
9.18954857794825e-65,0.581108605177648,0.544,0.461,2.96179150667272e-60,c0,Dlg1,0.083,0.045152
9.64829259856683e-65,0.519388152263739,0.593,0.51,3.10964470451809e-60,c0,Rnf145,0.083,0.049219
1.18312666028353e-64,1.17279472172442,0.289,0.166,3.81321722609381e-60,c0,Tmem8,0.123,0.035547
1.31060166738412e-64,1.44855892214728,0.261,0.147,4.22406917397901e-60,c0,Cpox,0.114,0.029754
1.42364938434582e-64,1.10681738237649,0.305,0.183,4.58842196574657e-60,c0,Slc25a42,0.122,0.03721
1.45160053021521e-64,1.0575255676473,0.352,0.237,4.67850850888363e-60,c0,Jade1,0.115,0.04048
1.84623973348824e-64,0.431856574979984,0.698,0.539,5.9504306610326e-60,c0,Fus,0.159,0.110982
2.12252549863334e-64,1.19024998972317,0.307,0.187,6.84089968209525e-60,c0,Pcdhga11,0.12,0.03684
2.33255570251085e-64,0.696747298299868,0.387,0.228,7.51782702919248e-60,c0,Kcnc3,0.159,0.061533
2.35304567714067e-64,0.756544486282642,0.47,0.372,7.58386621742439e-60,c0,Eri3,0.098,0.04606
2.78165251349675e-64,0.76559335866938,0.466,0.369,8.96526605100001e-60,c0,Clk2,0.097,0.045202
2.98312289977048e-64,0.921742207843301,0.361,0.236,9.61460510596026e-60,c0,Wdr35,0.125,0.045125
4.1470243738774e-64,0.428432460864608,0.657,0.557,1.33658595570069e-59,c0,Luc7l2,0.1,0.0657
5.28593326178376e-64,1.15245692601777,0.345,0.235,1.7036562902729e-59,c0,Zbtb37,0.11,0.03795
5.78333707138195e-64,1.2883779119391,0.311,0.2,1.8639695381064e-59,c0,Cc2d1b,0.111,0.034521
6.27878924496042e-64,0.677646682370604,0.501,0.403,2.02365377365074e-59,c0,Crebrf,0.098,0.049098
1.10452192302743e-63,1.26318044571354,0.313,0.2,3.55987415791742e-59,c0,Zfp933,0.113,0.035369
1.31381156461473e-63,0.593012645854181,0.54,0.447,4.23441467275327e-59,c0,Usp7,0.093,0.05022
1.4403560709545e-63,0.389653974460112,0.708,0.591,4.64226761668635e-59,c0,Pea15a,0.117,0.082836
1.59336174495703e-63,0.817450192912075,0.445,0.35,5.13540490399651e-59,c0,Kat5,0.095,0.042275
2.10890074422257e-63,0.673313947610699,0.494,0.398,6.79698709862936e-59,c0,Kpna1,0.096,0.047424
2.43861449832885e-63,0.889637694240069,0.408,0.308,7.85965452811387e-59,c0,Ube2j1,0.1,0.0408
2.52167105615237e-63,0.72332803618496,0.482,0.395,8.1273458139791e-59,c0,Gtpbp2,0.087,0.041934
2.69894280500433e-63,1.13027384270556,0.331,0.216,8.69869266052896e-59,c0,Zfp60,0.115,0.038065
2.71732208819993e-63,1.44634652411983,0.274,0.164,8.75792909026838e-59,c0,Alkbh3,0.11,0.03014
3.1227657139305e-63,0.481231589098505,0.61,0.492,1.0064673895998e-58,c0,Hnrnph1,0.118,0.07198
3.47236291271113e-63,0.704332367395406,0.483,0.379,1.1191425667668e-58,c0,Foxo3,0.104,0.050232
3.58168618509455e-63,0.63182125361733,0.514,0.409,1.15437745745597e-58,c0,Ryk,0.105,0.05397
4.49999860577362e-63,0.738181300691899,0.478,0.385,1.45034955064084e-58,c0,Chd8,0.093,0.044454
5.45454703789628e-63,0.668776432877272,0.503,0.415,1.75800051031397e-58,c0,Ube2w,0.088,0.044264
5.60166395717451e-63,0.941437105217203,0.391,0.28,1.80541629339735e-58,c0,Exd2,0.111,0.043401
5.86363183225898e-63,0.644612635292108,0.37,0.21,1.88984853953707e-58,c0,Gpr162,0.16,0.0592
5.94097678349524e-63,1.18017241027118,0.31,0.196,1.91477681732052e-58,c0,Supv3l1,0.114,0.03534
7.22841585406121e-63,1.17905856563701,0.305,0.19,2.32971842976393e-58,c0,Zfp719,0.115,0.035075
7.31914409738118e-63,1.24169499184326,0.27,0.151,2.35896014258595e-58,c0,Kifc3,0.119,0.03213
8.18436102696613e-63,1.04193682765071,0.374,0.271,2.63781955899118e-58,c0,Rbbp5,0.103,0.038522
8.37325027601487e-63,0.958789800576222,0.383,0.277,2.69869856395959e-58,c0,Aasdhppt,0.106,0.040598
9.66574554555303e-63,0.575463670152685,0.539,0.46,3.11526978933174e-58,c0,Secisbp2l,0.079,0.042581
1.07906849405457e-62,1.0361268812884,0.351,0.239,3.47783775633789e-58,c0,Arid4a,0.112,0.039312
1.08692047211953e-62,0.800486405732643,0.451,0.356,3.50314468164125e-58,c0,Snx13,0.095,0.042845
1.13842993556227e-62,1.06459709486482,0.338,0.225,3.66915968231719e-58,c0,Mtf1,0.113,0.038194
1.7355904111641e-62,0.882361347474752,0.427,0.331,5.59380789518189e-58,c0,Senp5,0.096,0.040992
2.06816084962579e-62,1.20604465251823,0.323,0.213,6.66568241834391e-58,c0,Rangrf,0.11,0.03553
2.4014500688922e-62,0.600217415368016,0.536,0.447,7.73987357203956e-58,c0,Snrnp200,0.089,0.047704
3.32538339576723e-62,0.400825306765763,0.675,0.583,1.07177106845578e-57,c0,Eif4g3,0.0920000000000001,0.0621000000000001
3.68732565455283e-62,1.01315169699439,0.38,0.276,1.18842505846238e-57,c0,Brwd3,0.104,0.03952
4.43849629528847e-62,0.717130160725578,0.481,0.385,1.43052735597147e-57,c0,Pias2,0.096,0.046176
4.7832720691269e-62,0.967894954720204,0.386,0.284,1.5416485878796e-57,c0,Trim26,0.102,0.039372
4.80474935287905e-62,1.23650557659141,0.303,0.191,1.54857071643292e-57,c0,Pold3,0.112,0.033936
1.00367261506559e-61,0.911377043112859,0.399,0.295,3.2348368383564e-57,c0,Fam135a,0.104,0.041496
1.0615476968634e-61,0.973918552594156,0.382,0.28,3.42136822699075e-57,c0,Krr1,0.102,0.038964
1.52635743824996e-61,0.840109610200391,0.433,0.335,4.91945002347963e-57,c0,Trim3,0.098,0.042434
1.52955669311001e-61,1.22312727500205,0.303,0.19,4.92976122189357e-57,c0,Raph1,0.113,0.034239
2.3361689287337e-61,1.2192047849292,0.298,0.185,7.52947245730872e-57,c0,Ccp110,0.113,0.033674
3.02622795502214e-61,0.711641006429513,0.477,0.386,9.75353269903635e-57,c0,Rb1cc1,0.091,0.043407
3.68971779048716e-61,0.566053875493215,0.55,0.46,1.18919604387401e-56,c0,Ecpas,0.09,0.0495
5.1139831471567e-61,0.866737833628669,0.424,0.328,1.6482367683286e-56,c0,Lemd3,0.096,0.040704
6.33262694004668e-61,1.00355700786032,0.364,0.257,2.04100566277704e-56,c0,Tcerg1,0.107,0.038948
7.48739329586186e-61,0.587152631521809,0.532,0.454,2.41318685925628e-56,c0,Supt6,0.078,0.041496
8.26878572870305e-61,0.740583024610226,0.471,0.375,2.66502964036099e-56,c0,Scaf4,0.096,0.045216
8.3528511966159e-61,0.639960154638087,0.51,0.428,2.6921239406693e-56,c0,Pgrmc2,0.082,0.04182
1.26578432654939e-60,1.09866709747366,0.341,0.236,4.07962288446868e-56,c0,Blzf1,0.105,0.035805
1.89516940019114e-60,0.613420874505026,0.525,0.441,6.10813097681606e-56,c0,Sp3,0.084,0.0441
1.91371997253954e-60,0.366346893013985,0.729,0.61,6.16791947149493e-56,c0,Macf1,0.119,0.086751
1.91874138449363e-60,0.942067736375358,0.383,0.276,6.18410348222296e-56,c0,Nhlrc2,0.107,0.040981
1.97692435478188e-60,0.766795999083822,0.437,0.324,6.37162719546201e-56,c0,Hectd4,0.113,0.049381
2.21686242264587e-60,0.968894859522035,0.345,0.227,7.14494758818765e-56,c0,Ppa1,0.118,0.04071
2.43864387459883e-60,0.766312961500671,0.456,0.363,7.85974920783204e-56,c0,Stk16,0.093,0.042408
2.66979619814188e-60,1.08790045660473,0.339,0.234,8.60475314661128e-56,c0,Nol11,0.105,0.035595
4.52534866811561e-60,0.404240309459765,0.649,0.567,1.45851987573366e-55,c0,Prrc2a,0.0820000000000001,0.053218
5.11733421896761e-60,0.988392228403372,0.373,0.271,1.64931681877326e-55,c0,Oxsr1,0.102,0.038046
6.49008337237117e-60,0.839918811676931,0.38,0.258,2.09175387091523e-55,c0,Arhgap26,0.122,0.04636
7.06788901703707e-60,1.38283684776082,0.256,0.146,2.27798063019105e-55,c0,Mlh3,0.11,0.02816
7.68349737481641e-60,1.3306175218469,0.288,0.182,2.47639120390333e-55,c0,Fbxo4,0.106,0.030528
1.01189129850049e-59,1.3271225826995,0.272,0.162,3.26132565506709e-55,c0,Mllt3,0.11,0.02992
1.06168052346651e-59,0.525102271961298,0.568,0.486,3.42179632713255e-55,c0,Nufip2,0.082,0.046576
1.28950181522319e-59,1.11524725406677,0.318,0.209,4.15606435046433e-55,c0,Rbm10,0.109,0.034662
1.52779223599051e-59,0.420018632425929,0.705,0.541,4.9240743765974e-55,c0,Tmem229b,0.164,0.11562
2.12761143410586e-59,0.574657489245054,0.52,0.414,6.85729165212318e-55,c0,Kif13a,0.106,0.05512
3.13274433940135e-59,1.25918869071317,0.296,0.187,1.00968350058905e-54,c0,Tmem186,0.109,0.032264
3.77747893000194e-59,0.483410404174086,0.599,0.491,1.21748145913962e-54,c0,Far1,0.108,0.064692
3.99349371226063e-59,0.850233698920065,0.4,0.292,1.2871030234616e-54,c0,Eif1a,0.108,0.0432
4.14412755499235e-59,0.946064119110741,0.388,0.289,1.33565231097403e-54,c0,Dido1,0.099,0.038412
4.82499542058895e-59,1.24909481522854,0.304,0.198,1.55509602405582e-54,c0,Trim39,0.106,0.032224
7.55407155478919e-59,0.751643999447044,0.434,0.327,2.43467726210856e-54,c0,Cfap36,0.107,0.046438
8.3558589104391e-59,0.683276298711363,0.485,0.384,2.69309332683452e-54,c0,Blcap,0.101,0.048985
8.81696358991692e-59,0.559153997328166,0.538,0.446,2.84170736503022e-54,c0,Gatad2b,0.092,0.049496
1.18493621237014e-58,1.099181727544,0.335,0.227,3.81904941246898e-54,c0,Tatdn1,0.108,0.03618
1.40096864630643e-58,0.948594128291346,0.389,0.287,4.51532194704562e-54,c0,Cenpc1,0.102,0.039678
1.58542856756712e-58,1.06932323833959,0.331,0.224,5.10983627326881e-54,c0,Sp2,0.107,0.035417
2.12882407383942e-58,0.539722411487415,0.558,0.493,6.86119998998444e-54,c0,Hadhb,0.0650000000000001,0.03627
2.77326725874168e-58,0.87498695041087,0.4,0.301,8.93824037492442e-54,c0,Brms1l,0.099,0.0396
3.4638557131658e-58,0.650448981197855,0.468,0.354,1.11640069635334e-53,c0,Snx10,0.114,0.053352
4.12241645131007e-58,1.36650051371097,0.264,0.157,1.32865482225724e-53,c0,AU041133,0.107,0.028248
4.24387209629399e-58,0.455386429925544,0.611,0.521,1.36779997663555e-53,c0,Oga,0.09,0.05499
4.46083268620081e-58,0.943210732540852,0.395,0.298,1.43772637476252e-53,c0,Ino80,0.097,0.038315
4.64331906638296e-58,1.17296780544429,0.304,0.196,1.49654173509523e-53,c0,Edrf1,0.108,0.032832
5.79494033612546e-58,0.936720701087121,0.382,0.283,1.86770927033324e-53,c0,Zfp62,0.099,0.037818
5.91042651490772e-58,1.00606154933533,0.37,0.267,1.90493046575476e-53,c0,Tmem265,0.103,0.03811
5.99764869256724e-58,1.38881615289901,0.261,0.155,1.93304217361442e-53,c0,Hinfp,0.106,0.027666
6.95026039374213e-58,0.597279920182982,0.526,0.437,2.24006892490309e-53,c0,Slc30a9,0.089,0.046814
8.54266316848845e-58,0.575815167646104,0.533,0.448,2.75330033920383e-53,c0,Srsf10,0.085,0.045305
9.07515883599277e-58,0.706824312245665,0.449,0.344,2.92492369284047e-53,c0,Mrs2,0.105,0.047145
1.07007208443596e-57,1.25438905112109,0.288,0.181,3.44884232813711e-53,c0,Terf1,0.107,0.030816
1.83701362560229e-57,0.572059443060814,0.542,0.456,5.92069491531618e-53,c0,Ubp1,0.086,0.046612
1.86063601854191e-57,0.890842434833262,0.396,0.302,5.99682988776057e-53,c0,Rnf40,0.094,0.037224
2.07990205947611e-57,1.17234298528799,0.303,0.196,6.70352433769151e-53,c0,Trub2,0.107,0.032421
3.01792653288853e-57,1.15834778550034,0.312,0.207,9.72677721549974e-53,c0,Klhdc4,0.105,0.03276
3.20967674414229e-57,0.555393250160027,0.542,0.449,1.03447881463706e-52,c0,Ubr4,0.093,0.050406
4.05528565114164e-57,1.36810266021234,0.263,0.158,1.30701856536295e-52,c0,Jrkl,0.105,0.027615
4.90810979583887e-57,0.872425147288569,0.379,0.27,1.58188378719887e-52,c0,Fam126b,0.109,0.041311
5.60945389191868e-57,1.19792262217437,0.298,0.192,1.80792698936539e-52,c0,Aacs,0.106,0.031588
7.1875135775684e-57,0.869232957826269,0.408,0.317,2.3165356260503e-52,c0,Phrf1,0.091,0.037128
9.33268590970153e-57,0.568046510527609,0.532,0.449,3.0079246686968e-52,c0,Wac,0.083,0.044156
1.16609736634157e-56,1.20937142686591,0.297,0.192,3.75833181171889e-52,c0,Pkd1,0.105,0.031185
1.60788255956309e-56,0.994339665155323,0.346,0.239,5.18220548947185e-52,c0,Letm1,0.107,0.037022
1.65951074736986e-56,0.625329797174465,0.512,0.424,5.34860313877305e-52,c0,Wbp1,0.088,0.045056
1.66859591028518e-56,0.746698557305664,0.457,0.372,5.37788461884913e-52,c0,Cog5,0.085,0.038845
1.70065763982758e-56,0.738914604617317,0.458,0.372,5.48121957316429e-52,c0,Ralgapb,0.086,0.039388
4.17384880906293e-56,1.32701495912234,0.266,0.161,1.34523147116098e-51,c0,Slf1,0.105,0.02793
5.84982921382565e-56,0.886151997060724,0.387,0.289,1.88539995561601e-51,c0,Usp10,0.098,0.037926
9.12677762239756e-56,0.491237083636899,0.569,0.47,2.94156042769873e-51,c0,Dynll1,0.099,0.056331
1.87465229375308e-55,0.445427553253696,0.607,0.524,6.04200434276618e-51,c0,Syncrip,0.083,0.050381
1.95516559205967e-55,0.739616788223187,0.418,0.31,6.30149870320833e-51,c0,Lyst,0.108,0.045144
2.18257825803193e-55,1.26395998848624,0.276,0.172,7.03444972563692e-51,c0,Zfp322a,0.104,0.028704
2.69991496648127e-55,0.962718814516219,0.316,0.203,8.70182593696914e-51,c0,Mfsd8,0.113,0.035708
3.15395938846359e-55,0.918942433537422,0.382,0.286,1.01652111090182e-50,c0,Mphosph8,0.096,0.036672
3.50446591361439e-55,0.692811909864613,0.464,0.374,1.12948936395792e-50,c0,Ylpm1,0.09,0.04176
4.0835983354847e-55,0.664864064834498,0.477,0.376,1.31614374352672e-50,c0,Chchd7,0.101,0.048177
4.36556444100017e-55,1.32327648435528,0.265,0.162,1.40702141933436e-50,c0,Ttf1,0.103,0.027295
1.12006911604995e-54,0.616918744995379,0.51,0.427,3.60998276102898e-50,c0,Agfg1,0.083,0.04233
1.52702906991768e-54,1.33684263171811,0.265,0.163,4.92161469234468e-50,c0,Zfp81,0.102,0.02703
1.67401817342338e-54,0.718318133714414,0.461,0.378,5.39536057294355e-50,c0,Vti1a,0.083,0.038263
2.18279313046446e-54,0.666568226208228,0.484,0.409,7.03514225948695e-50,c0,Pbrm1,0.075,0.0363
2.25824919724831e-54,0.625594311236615,0.489,0.413,7.2783371627313e-50,c0,Nsmce4a,0.076,0.037164
3.10036816243364e-54,0.624424515296308,0.492,0.412,9.99248658752363e-50,c0,Arfip2,0.08,0.03936
3.14063431568695e-54,1.21507895206306,0.303,0.204,1.01222643994591e-49,c0,Mbip,0.099,0.029997
3.30033968218472e-54,0.428999964854031,0.62,0.529,1.06369947956814e-49,c0,Zfr,0.091,0.05642
3.72077518807467e-54,0.535369501321944,0.542,0.45,1.19920584311647e-49,c0,Srsf11,0.092,0.049864
3.74300255894643e-54,0.546256056132347,0.531,0.448,1.20636972474843e-49,c0,Dazap1,0.083,0.044073
5.18036860892238e-54,0.887350009781974,0.383,0.285,1.66963280265568e-49,c0,Mtmr1,0.098,0.037534
6.39942976712643e-54,1.10167004294726,0.279,0.171,2.06253621394485e-49,c0,Dnajc12,0.108,0.030132
8.00079902615458e-54,1.28708345365256,0.277,0.176,2.57865752612962e-49,c0,Mre11a,0.101,0.027977
8.38468727211499e-54,0.37785134898207,0.645,0.57,2.70238470780266e-49,c0,Hnrnpul1,0.0750000000000001,0.048375
8.91186929640544e-54,1.14622347492427,0.324,0.227,2.87229547423147e-49,c0,AW554918,0.097,0.031428
8.95174250201766e-54,0.757840519384672,0.429,0.333,2.88514660840029e-49,c0,Ints6,0.096,0.041184
9.5272976329179e-54,0.624190401103732,0.495,0.414,3.07064802708944e-49,c0,Sun1,0.081,0.040095
1.20872718548494e-53,0.503916300822737,0.563,0.467,3.89572771881795e-49,c0,Ensa,0.0959999999999999,0.054048
1.29977229726738e-53,0.524412860132427,0.553,0.464,4.18916611409276e-49,c0,Hprt,0.089,0.049217
1.54290230531839e-53,0.635940599962093,0.492,0.413,4.97277413004117e-49,c0,Tmem214,0.079,0.038868
2.17211379761346e-53,0.826338357723995,0.41,0.319,7.00072276970818e-49,c0,Elp4,0.091,0.03731
2.92729658246737e-53,0.675124324515249,0.465,0.388,9.43467688529235e-49,c0,Cdc73,0.077,0.035805
3.69017961398611e-53,1.24046759165319,0.253,0.149,1.18934488958772e-48,c0,Ankrd54,0.104,0.026312
3.98686714321557e-53,0.758086885544946,0.448,0.366,1.28496728025838e-48,c0,Kdm6a,0.082,0.036736
4.29059523850093e-53,1.0354087232833,0.318,0.216,1.38285884536885e-48,c0,Pptc7,0.102,0.032436
4.64542685114356e-53,1.31846768374023,0.265,0.164,1.49722107412357e-48,c0,Acrbp,0.101,0.026765
4.89759802898505e-53,0.665428053356944,0.462,0.366,1.57849584474188e-48,c0,Miga1,0.096,0.044352
5.78313776389681e-53,0.968359361031173,0.355,0.258,1.86390530130394e-48,c0,Meaf6,0.097,0.034435
6.5570438560642e-53,0.841547141642388,0.398,0.307,2.11333523480949e-48,c0,Mars,0.091,0.036218
8.97114405134892e-53,0.990599496397413,0.334,0.232,2.89139972774976e-48,c0,Trim37,0.102,0.034068
1.05041075694569e-52,1.06522251285516,0.336,0.242,3.38547386963595e-48,c0,Zc3h13,0.094,0.031584
1.20583422319876e-52,1.21970440195195,0.278,0.177,3.8864037013696e-48,c0,Coq8b,0.101,0.028078
1.23448336798108e-52,0.901004730471195,0.386,0.293,3.97873989500303e-48,c0,Exoc1,0.093,0.035898
1.41758707393848e-52,0.823388538477774,0.407,0.313,4.56888313930373e-48,c0,Fbrsl1,0.094,0.038258
2.0569995961552e-52,0.496768470845264,0.56,0.449,6.6297096984082e-48,c0,Fam168a,0.111,0.06216
2.20372992789374e-52,1.12768063352415,0.305,0.205,7.10262155760152e-48,c0,C2cd3,0.1,0.0305
2.68441371231448e-52,1.03883040329801,0.33,0.23,8.65186539478957e-48,c0,Zfp715,0.1,0.033
2.74114013508911e-52,1.11041615457495,0.31,0.212,8.8346946553922e-48,c0,Cep57,0.098,0.03038
2.74277275750675e-52,0.774303295935272,0.421,0.328,8.83995659744425e-48,c0,Hpf1,0.093,0.039153
2.77187935064703e-52,0.435546404379582,0.61,0.518,8.93376714713537e-48,c0,Eid1,0.092,0.05612
3.73109358655841e-52,1.13729498432215,0.311,0.213,1.20253146294778e-47,c0,Zfp407,0.098,0.030478
7.00299408543789e-52,1.09700625176967,0.311,0.212,2.25706499373663e-47,c0,Zfp788,0.099,0.030789
7.19008875848521e-52,0.843901932211804,0.409,0.326,2.31736560685978e-47,c0,Mysm1,0.083,0.033947
7.77932547613701e-52,0.465789182527426,0.57,0.453,2.50727660095896e-47,c0,Klc1,0.117,0.06669
1.19338028558254e-51,1.11082611708714,0.326,0.232,3.84626466043253e-47,c0,Usp37,0.094,0.030644
1.59513428962466e-51,0.803333615574374,0.406,0.319,5.14111781546028e-47,c0,Clpx,0.087,0.035322
1.96969166044403e-51,1.05484226122068,0.339,0.246,6.34831622161111e-47,c0,Kat8,0.093,0.031527
2.07827898806751e-51,0.611096471189718,0.494,0.412,6.6982931785416e-47,c0,Prpf38b,0.082,0.040508
2.20232642927165e-51,0.909137892826376,0.379,0.292,7.09809808154252e-47,c0,Ikzf5,0.087,0.032973
2.26128297758147e-51,0.753748194101885,0.432,0.347,7.28811503674509e-47,c0,Cdk12,0.085,0.03672
2.68080690218779e-51,0.834095905050177,0.392,0.302,8.64024064575125e-47,c0,Mtmr4,0.09,0.03528
3.00568958904139e-51,1.10200107740169,0.313,0.217,9.68733754548041e-47,c0,Gga3,0.096,0.030048
3.48583030433119e-51,1.26971741882795,0.265,0.166,1.12348310708594e-46,c0,Arv1,0.099,0.026235
4.57089927462124e-51,0.420001806074357,0.614,0.546,1.47320083621043e-46,c0,Atp13a3,0.068,0.041752
6.87024630651257e-51,1.22649072548394,0.255,0.155,2.214280384589e-46,c0,Wdr19,0.1,0.0255
1.04887428031731e-50,0.580860158086158,0.508,0.433,3.3805218054627e-46,c0,Fmr1,0.075,0.0381
1.05918147799209e-50,0.75233009338387,0.429,0.34,3.41374190356849e-46,c0,Eef1akmt2,0.089,0.038181
1.29531438803758e-50,0.553526986995791,0.52,0.444,4.17479827264512e-46,c0,Dcaf11,0.076,0.03952
1.81819980569109e-50,1.21564080531748,0.269,0.17,5.86005797374239e-46,c0,Mterf4,0.099,0.026631
1.88270533384612e-50,0.654152013848146,0.476,0.386,6.06795929098605e-46,c0,Tasor,0.09,0.04284
1.91592453382847e-50,1.17397599526871,0.285,0.188,6.17502477252917e-46,c0,Gigyf2,0.097,0.027645
2.30748447292989e-50,1.18377134658641,0.286,0.189,7.43702245625303e-46,c0,Nrf1,0.097,0.027742
2.4015456149932e-50,0.41154404067459,0.603,0.471,7.74018151712307e-46,c0,Psip1,0.132,0.079596
2.8736873984318e-50,0.627646885130526,0.474,0.393,9.2618944851457e-46,c0,Cdc23,0.081,0.038394
3.08716619061091e-50,0.80428298021141,0.397,0.302,9.94993663233897e-46,c0,Rprd1a,0.095,0.037715
3.89185092533086e-50,1.16461305218043,0.281,0.183,1.25434355323414e-45,c0,Grpel2,0.098,0.027538
4.76322738393031e-50,0.780504938980461,0.413,0.33,1.53518818584074e-45,c0,Ebna1bp2,0.083,0.034279
4.96858416266295e-50,0.912785992723584,0.329,0.225,1.60137467562627e-45,c0,Smim8,0.104,0.034216
6.13062667190328e-50,0.542708447115697,0.498,0.388,1.97590097635443e-45,c0,Dennd1a,0.11,0.05478
6.76286395410177e-50,0.876800919265428,0.386,0.297,2.179671052407e-45,c0,Coro7,0.089,0.034354
8.07786394462274e-50,0.81900916848685,0.297,0.183,2.60349554935191e-45,c0,Plekha7,0.114,0.033858
8.42609049030571e-50,0.868572634496812,0.381,0.292,2.71572896502553e-45,c0,Scnm1,0.089,0.033909
9.89515582218426e-50,0.908334942222514,0.374,0.286,3.18920872148999e-45,c0,St7l,0.088,0.032912
1.00822160696575e-49,0.504197767318454,0.548,0.48,3.24949823925061e-45,c0,Tmem167,0.0680000000000001,0.037264
1.25368995004964e-49,0.997138927939206,0.312,0.211,4.04064270900999e-45,c0,Ormdl1,0.101,0.031512
1.43596486015278e-49,0.534229338482518,0.522,0.43,4.62811474427241e-45,c0,Lrch3,0.092,0.048024
1.46424155490129e-49,0.69304433019914,0.452,0.373,4.71925053144687e-45,c0,Cherp,0.079,0.035708
2.10137133274652e-49,0.874894910044061,0.382,0.294,6.77271980544202e-45,c0,Brd3,0.088,0.033616
2.38574049622439e-49,1.16534667363823,0.268,0.168,7.68924161933122e-45,c0,Taf6l,0.1,0.0268
2.48995117091748e-49,0.53967783920461,0.524,0.445,8.02511262386704e-45,c0,Rnps1,0.079,0.041396
2.8175855004334e-49,0.884683245097333,0.39,0.306,9.08107806789683e-45,c0,Med14,0.084,0.03276
3.3831764158871e-49,0.861199944845861,0.389,0.306,1.09039775884041e-44,c0,Hsf1,0.083,0.032287
3.61976847862948e-49,0.943991922425738,0.317,0.212,1.16665138066228e-44,c0,Pcdhgb5,0.105,0.033285
3.90378955784915e-49,0.723582378394813,0.403,0.3,1.25819137449478e-44,c0,Bpgm,0.103,0.041509
4.09203225780443e-49,0.846034479280419,0.377,0.286,1.31886199669037e-44,c0,Dhx30,0.091,0.034307
4.4505455852891e-49,0.65667168076649,0.463,0.385,1.43441084213868e-44,c0,Zfp266,0.078,0.036114
4.80797773510245e-49,0.474155397555114,0.573,0.472,1.54961122402352e-44,c0,Tial1,0.101,0.057873
4.85584316048154e-49,0.496831878625657,0.535,0.462,1.5650382506232e-44,c0,Uba2,0.073,0.039055
5.66368012396113e-49,0.775132794685387,0.414,0.33,1.82540410395267e-44,c0,Camk2g,0.084,0.034776
6.19344372877505e-49,1.0057161112559,0.325,0.229,1.9961469137842e-44,c0,Gpn3,0.096,0.0312
8.52743398239122e-49,0.895249228681387,0.36,0.269,2.74839197252469e-44,c0,Slc25a28,0.091,0.03276
9.71848266295363e-49,0.865433054442202,0.374,0.283,3.13226696226996e-44,c0,Zfp414,0.091,0.034034
1.11728149863864e-48,1.07887857053112,0.31,0.216,3.60099827011234e-44,c0,Neurl4,0.094,0.02914
1.50471823543449e-48,0.527728438442922,0.523,0.453,4.84970687280536e-44,c0,Ndufv1,0.07,0.03661
1.50824797512634e-48,0.949580893390469,0.349,0.259,4.86108322383218e-44,c0,Sugp1,0.09,0.03141
1.56787102009448e-48,1.31765454542138,0.255,0.161,5.0532482977645e-44,c0,Mdc1,0.094,0.02397
1.66392393911764e-48,0.383922868089354,0.645,0.545,5.36282685577617e-44,c0,Huwe1,0.1,0.0645
2.37296777283747e-48,1.03754158888963,0.313,0.219,7.64807513185517e-44,c0,Trit1,0.094,0.029422
2.76670959962761e-48,0.293143624006732,0.698,0.654,8.91710503959978e-44,c0,Uqcrc1,0.0439999999999999,0.030712
2.78012943672269e-48,0.65864432955944,0.458,0.38,8.96035717455722e-44,c0,Sf3a2,0.078,0.035724
2.80464958095213e-48,0.804503586878696,0.4,0.316,9.03938559940873e-44,c0,Clk3,0.084,0.0336
3.14722047883475e-48,0.448985741177269,0.58,0.522,1.01434916032844e-43,c0,Paip1,0.0579999999999999,0.03364
3.20498983072591e-48,0.8242997496917,0.405,0.327,1.03296822244296e-43,c0,Anks3,0.078,0.03159
3.37155290932388e-48,0.602300509638549,0.49,0.425,1.08665150267509e-43,c0,Upf1,0.065,0.03185
3.49078018454074e-48,0.674155574087874,0.469,0.398,1.12507845347748e-43,c0,Naa20,0.071,0.033299
3.74804799300486e-48,0.951590467889246,0.356,0.271,1.20799586814547e-43,c0,Hspa14,0.085,0.03026
4.24658799223176e-48,0.794406777983721,0.387,0.298,1.36867530989629e-43,c0,Bcl2l13,0.089,0.034443
4.54236435528766e-48,1.12950924200683,0.305,0.213,1.46400403170921e-43,c0,Zfp653,0.092,0.02806
6.08016642807391e-48,0.355666223904832,0.654,0.57,1.95963763976822e-43,c0,Pum2,0.0840000000000001,0.0549360000000001
6.28217224482412e-48,1.10373683445561,0.294,0.2,2.02474411450681e-43,c0,Cwc22,0.094,0.027636
6.71597561960306e-48,1.08314892354721,0.299,0.204,2.16455894219807e-43,c0,Cops7b,0.095,0.028405
6.78211276126817e-48,0.78217062958806,0.4,0.314,2.18587494295673e-43,c0,Ncbp1,0.086,0.0344
6.84173399828363e-48,0.604913801188943,0.491,0.425,2.20509086764681e-43,c0,Ppp4r3b,0.066,0.032406
7.28613503440824e-48,0.798917795171712,0.344,0.236,2.34832132158978e-43,c0,Plekhg3,0.108,0.037152
8.73018150560819e-48,0.575268610945837,0.481,0.373,2.81373749925752e-43,c0,Mxi1,0.108,0.051948
8.84654894632045e-48,0.633444357437564,0.467,0.398,2.85124272539908e-43,c0,Zfp740,0.069,0.032223
9.84588074301863e-48,0.332241832055443,0.813,0.617,3.17332736347491e-43,c0,Acsl6,0.196,0.159348
1.03037200041731e-47,0.925157960532355,0.358,0.267,3.320888957345e-43,c0,Metap1d,0.091,0.032578
1.04872752783342e-47,0.727156507278418,0.434,0.354,3.38004882220711e-43,c0,Zfp644,0.08,0.03472
1.13037448354453e-47,1.06041389404093,0.296,0.196,3.64319696046403e-43,c0,Pcdhga12,0.1,0.0296
1.83664640159053e-47,0.895429459418738,0.332,0.235,5.91951135232629e-43,c0,Btbd10,0.097,0.032204
2.0338302496407e-47,1.19681581552899,0.273,0.179,6.55503489459198e-43,c0,Umad1,0.094,0.025662
2.19408463312431e-47,0.726087383232423,0.424,0.342,7.07153477255964e-43,c0,Ccdc9,0.082,0.034768
2.29461008019167e-47,0.814159816495788,0.366,0.265,7.39552828845774e-43,c0,Micu3,0.101,0.036966
2.52824643340458e-47,0.55051133715398,0.518,0.449,8.14853825486295e-43,c0,Trpm7,0.069,0.035742
3.63514262807345e-47,0.564166332182818,0.433,0.308,1.17160646902807e-42,c0,Shisa4,0.125,0.054125
4.02563607979156e-47,1.01589701400345,0.303,0.206,1.29746250851682e-42,c0,AW209491,0.097,0.029391
5.61933939789414e-47,1.09401129500308,0.282,0.185,1.81111308794128e-42,c0,Agbl5,0.097,0.027354
6.52591350884972e-47,0.543303449809163,0.512,0.433,2.10330192390226e-42,c0,Zswim8,0.079,0.040448
6.98576784118942e-47,0.408857712129496,0.593,0.525,2.25151297521535e-42,c0,Ssb,0.068,0.040324
7.09124463087526e-47,0.608844058885747,0.481,0.404,2.28550814453109e-42,c0,Rab24,0.077,0.037037
9.12912465414739e-47,0.762256773465641,0.419,0.337,2.9423168760317e-42,c0,Fam76b,0.082,0.034358
1.52402220621603e-46,0.976419739505058,0.325,0.234,4.91192357063428e-42,c0,Tent4b,0.091,0.029575
1.71420214834134e-46,0.619532215977564,0.466,0.39,5.52487352410413e-42,c0,Clock,0.076,0.035416
1.80401177300165e-46,0.380405295766531,0.493,0.316,5.81432994438431e-42,c0,Ank3,0.177,0.087261
2.12124048089017e-46,0.893108502970793,0.357,0.269,6.83675806990901e-42,c0,Crtc3,0.088,0.031416
3.42772138972822e-46,0.35419168613515,0.679,0.545,1.10475460390941e-41,c0,Sf3b1,0.134,0.090986
4.49993093197358e-46,0.720990704865181,0.433,0.359,1.45032773937508e-41,c0,Stx16,0.074,0.032042
4.92247267084592e-46,0.877325107450211,0.278,0.17,1.58651294181364e-41,c0,Stxbp5l,0.108,0.030024
6.14462602010925e-46,1.07796518253309,0.298,0.207,1.98041296628121e-41,c0,Gba2,0.091,0.027118
9.1012983625516e-46,0.72008735889196,0.396,0.305,2.93334846225038e-41,c0,Paxx,0.091,0.036036
1.09064042145843e-45,0.9675029030386,0.324,0.233,3.51513407836051e-41,c0,Zfp263,0.091,0.029484
1.22721841513751e-45,0.629517238463439,0.442,0.358,3.9553249519882e-41,c0,Gpr180,0.084,0.037128
1.52408226706751e-45,0.667518668861505,0.417,0.316,4.91211714675858e-41,c0,Hdgfl3,0.101,0.042117
1.61868219580415e-45,0.724315479426264,0.435,0.365,5.21701271707679e-41,c0,Naa30,0.07,0.03045
2.42084689734672e-45,0.766277930655345,0.383,0.289,7.80238955014849e-41,c0,Stk40,0.094,0.036002
2.42662860487056e-45,0.776282747358055,0.382,0.294,7.8210239934978e-41,c0,Msh2,0.088,0.033616
2.84837865512168e-45,1.05249005744595,0.306,0.216,9.18032440545719e-41,c0,Szt2,0.09,0.02754
2.96986797831624e-45,0.872097771199093,0.3,0.198,9.57188449411325e-41,c0,Stard10,0.102,0.0306
3.33277782868648e-45,0.540765691830065,0.436,0.323,1.07415429418565e-40,c0,Myo7a,0.113,0.049268
3.63751806174482e-45,0.573812538385328,0.494,0.426,1.17237207130035e-40,c0,Gnpat,0.068,0.033592
4.1924862046041e-45,0.536224987351989,0.511,0.452,1.3512383037439e-40,c0,Anapc16,0.059,0.030149
4.81656025574585e-45,0.883076512842448,0.356,0.27,1.55237737042689e-40,c0,Actl6a,0.086,0.030616
4.92148954633332e-45,0.322498523209152,0.731,0.61,1.58619608078323e-40,c0,Zmynd11,0.121,0.088451
5.02134975206005e-45,0.688684592617913,0.413,0.323,1.61838102508896e-40,c0,Arhgap32,0.09,0.03717
6.07951681228523e-45,0.78333843234296,0.395,0.313,1.95942826859953e-40,c0,Zfp131,0.082,0.03239
9.91767524968436e-45,0.591119026153531,0.48,0.414,3.19646673297327e-40,c0,Acbd5,0.066,0.03168
1.02483842205084e-44,0.741039382641422,0.412,0.337,3.30305423426987e-40,c0,Fam104a,0.075,0.0309
1.15426465637512e-44,1.26460892835751,0.26,0.172,3.72019498749701e-40,c0,Ap4e1,0.088,0.02288
1.27468092033649e-44,1.02486403994,0.305,0.215,4.1082966062445e-40,c0,Vps13b,0.09,0.02745
1.31255767020123e-44,1.03056182038609,0.296,0.203,4.23037337105855e-40,c0,Zfp932,0.093,0.027528
1.3892988739211e-44,0.588241239277375,0.47,0.403,4.47771027064771e-40,c0,Mdm2,0.067,0.03149
1.45553830422381e-44,0.493950360521086,0.522,0.453,4.69119995451333e-40,c0,Nmt1,0.069,0.036018
2.50400313506459e-44,0.619342373805432,0.465,0.392,8.07040210431317e-40,c0,Rprd2,0.073,0.033945
2.90200810733526e-44,0.876537882647468,0.364,0.283,9.35317212994153e-40,c0,Dhx16,0.081,0.029484
3.23300646497729e-44,0.590335910200547,0.47,0.4,1.04199798366218e-39,c0,Sf3a1,0.07,0.0329
3.47900329551855e-44,1.14293652010095,0.286,0.198,1.12128276214563e-39,c0,Trmt11,0.088,0.025168
4.14890716359133e-44,0.909790037115658,0.321,0.229,1.33719277882548e-39,c0,Ppp1r12b,0.092,0.029532
8.3167454686673e-44,1.00470557207048,0.291,0.198,2.68048706455147e-39,c0,Sirt3,0.093,0.027063
1.09955249732942e-43,0.607900155903685,0.463,0.387,3.5438576988927e-39,c0,Abhd17b,0.076,0.035188
1.27859524873074e-43,0.75885291376527,0.388,0.304,4.12091248665917e-39,c0,Oard1,0.084,0.032592
1.28136925149298e-43,1.0722159041593,0.286,0.197,4.12985309756188e-39,c0,Ccdc115,0.089,0.025454
1.36096523864946e-43,0.643542903183782,0.392,0.284,4.38639096416721e-39,c0,Mfhas1,0.108,0.042336
1.42743028402993e-43,0.532620404203687,0.498,0.426,4.60060780542846e-39,c0,Ppfia1,0.072,0.035856
1.57438861714853e-43,0.829496436085714,0.383,0.308,5.07425451306972e-39,c0,Snrnp48,0.075,0.028725
1.90298425495964e-43,1.02927954343036,0.299,0.21,6.13331825373493e-39,c0,Ttbk2,0.089,0.026611
2.43268757757671e-43,0.574759240246689,0.482,0.411,7.84055206252975e-39,c0,Wdr37,0.071,0.034222
3.44749470428807e-43,0.401879024340517,0.6,0.505,1.11112754319205e-38,c0,Atxn2l,0.095,0.057
3.47807845431845e-43,1.11342059753187,0.264,0.174,1.12098468582683e-38,c0,Zfp37,0.09,0.02376
3.56135359220618e-43,0.578952076493934,0.48,0.406,1.14782426276805e-38,c0,Traf7,0.074,0.03552
4.18467042967956e-43,0.589193271669016,0.475,0.405,1.34871927948572e-38,c0,Smg7,0.07,0.03325
4.3436065114429e-43,0.841211515191984,0.317,0.216,1.39994437863805e-38,c0,Pcdhga5,0.101,0.032017
4.39281179258534e-43,0.487119801483697,0.52,0.444,1.41580324075026e-38,c0,Hnrnpd,0.076,0.03952
4.77061978261918e-43,0.630746327259777,0.464,0.401,1.53757075593816e-38,c0,Vps54,0.063,0.029232
6.04455343212686e-43,0.664943042336249,0.402,0.309,1.94815957117449e-38,c0,Stxbp4,0.093,0.037386
6.56170838426708e-43,1.08143890816472,0.292,0.204,2.11483861224928e-38,c0,Zmym6,0.088,0.025696
6.60610865548969e-43,0.551361580355052,0.494,0.432,2.12914881966433e-38,c0,Ddx23,0.062,0.030628
7.13052757443998e-43,0.608303368129264,0.456,0.38,2.29816903724201e-38,c0,Auh,0.076,0.034656
7.22139179991026e-43,0.337997468480537,0.648,0.567,2.32745457711108e-38,c0,Hp1bp3,0.0810000000000001,0.052488
1.13491450763154e-42,1.02173703014008,0.308,0.223,3.65782945809646e-38,c0,Nup205,0.085,0.02618
1.14846197702106e-42,0.648813647970326,0.445,0.37,3.70149295193888e-38,c0,Yif1a,0.075,0.033375
1.53655093850588e-42,0.584204973452535,0.473,0.409,4.95230367480445e-38,c0,Atxn2,0.064,0.030272
1.86350422358801e-42,0.835524541509094,0.349,0.262,6.00607411262416e-38,c0,Dnmbp,0.087,0.030363
2.49829115687277e-42,0.680153060643087,0.423,0.347,8.05199239860095e-38,c0,Chuk,0.076,0.032148
2.89649101192638e-42,0.75043138681736,0.409,0.336,9.33539053143873e-38,c0,Gigyf1,0.073,0.029857
3.87620692760565e-42,0.654356141683828,0.438,0.372,1.2493014927673e-37,c0,Sik3,0.066,0.028908
5.03494989578502e-42,0.971747398165109,0.322,0.238,1.62276435141151e-37,c0,Birc2,0.084,0.027048
5.59635006906372e-42,0.281064905666975,0.696,0.642,1.80370362725924e-37,c0,Sdha,0.0539999999999999,0.037584
5.61173453451953e-42,0.634137122414992,0.421,0.332,1.80866204047564e-37,c0,Rhbdd2,0.089,0.037469
5.76282658254868e-42,0.872613902548834,0.335,0.248,1.85735900755544e-37,c0,Acvr1b,0.087,0.029145
6.22995697125372e-42,0.852418701899242,0.298,0.2,2.00791513183507e-37,c0,Bmf,0.098,0.029204
9.87252428022727e-42,0.593102955254906,0.465,0.404,3.18191457551725e-37,c0,Kat6a,0.061,0.028365
1.40798877331945e-41,0.605903123260858,0.457,0.379,4.53794781640859e-37,c0,Mapk8ip3,0.078,0.035646
1.80565506119074e-41,0.701356070702874,0.398,0.312,5.81962626221776e-37,c0,Evi5l,0.086,0.034228
2.81831222153529e-41,1.00626690106899,0.319,0.241,9.08342029000823e-37,c0,Eya3,0.078,0.024882
2.89259830108911e-41,0.429039616827888,0.541,0.46,9.3228443244102e-37,c0,Tspan5,0.081,0.043821
3.16960497581151e-41,1.16315943837208,0.253,0.166,1.02156368370405e-36,c0,Iqce,0.087,0.022011
3.73267350754012e-41,0.622488732819145,0.447,0.379,1.20304067148018e-36,c0,Fbxl20,0.068,0.030396
4.10063318009496e-41,0.431744587922952,0.557,0.451,1.32163407394461e-36,c0,Srsf2,0.106,0.059042
4.2792418464269e-41,0.427426902316258,0.53,0.417,1.37919964710339e-36,c0,Peg3,0.113,0.05989
6.27857335158015e-41,0.937284854342771,0.308,0.223,2.02358419121428e-36,c0,Utp3,0.085,0.02618
6.7175926873508e-41,1.12940280656292,0.278,0.194,2.16508012313316e-36,c0,Tubgcp6,0.084,0.023352
1.30787673413488e-40,0.934444742140622,0.289,0.199,4.21528671411671e-36,c0,Zbtb7b,0.09,0.02601
1.44762779026144e-40,0.734318652640549,0.392,0.313,4.66570436801263e-36,c0,Nop58,0.079,0.030968
1.47621410144783e-40,0.460314338531683,0.529,0.468,4.75783804896635e-36,c0,Gorasp2,0.061,0.032269
1.6715592890357e-40,0.361102893984047,0.639,0.486,5.38743558856208e-36,c0,Ogt,0.153,0.097767
1.67340887803316e-40,0.936403815651663,0.333,0.255,5.39339681390086e-36,c0,Ick,0.078,0.025974
1.69486597419101e-40,0.789113080464702,0.378,0.304,5.46255303481764e-36,c0,Nfyb,0.074,0.027972
1.95453307606002e-40,0.705912836923504,0.415,0.346,6.29946010414145e-36,c0,Med20,0.069,0.028635
2.63199772799938e-40,0.758629148514877,0.37,0.288,8.48292867734199e-36,c0,Cacfd1,0.082,0.03034
3.13903516853966e-40,0.692950808396631,0.413,0.338,1.01171103482033e-35,c0,Tfdp1,0.075,0.030975
3.46183359624164e-40,1.11128770697585,0.287,0.207,1.11574896806868e-35,c0,Zbtb25,0.08,0.02296
4.00421745900053e-40,0.723469663975749,0.409,0.336,1.29055928703587e-35,c0,Trappc11,0.073,0.029857
4.06545550047929e-40,0.738054544159904,0.379,0.298,1.31029630780448e-35,c0,Yeats4,0.081,0.030699
4.34116455473747e-40,0.418073478457169,0.564,0.515,1.39915733599189e-35,c0,Ubxn4,0.0489999999999999,0.027636
5.71766032783585e-40,0.780109945239793,0.386,0.317,1.8428019236615e-35,c0,Rbm22,0.069,0.026634
5.71846583750017e-40,0.498557442961335,0.515,0.438,1.84306153942631e-35,c0,Phf14,0.077,0.039655
5.94251348838823e-40,0.294855576537355,0.703,0.597,1.91527209730753e-35,c0,Pten,0.106,0.074518
6.13970592444194e-40,0.935805434951331,0.277,0.187,1.97882721944764e-35,c0,Ttll1,0.09,0.02493
8.76396301223138e-40,0.660684251427929,0.432,0.366,2.82462527884217e-35,c0,Sec16a,0.066,0.028512
9.7888083021718e-40,0.497399999915278,0.509,0.453,3.15493291578997e-35,c0,Retreg3,0.056,0.028504
1.06855191878855e-39,0.968168182011182,0.301,0.217,3.4439428342555e-35,c0,Katna1,0.084,0.025284
1.07072751855359e-39,0.680982954546218,0.413,0.344,3.45095479229822e-35,c0,Cct4,0.069,0.028497
1.19725428531263e-39,0.814161806077015,0.353,0.273,3.8587505615626e-35,c0,Gcc2,0.08,0.02824
1.1979918779318e-39,0.57070652354771,0.471,0.403,3.86112782257419e-35,c0,Srpk1,0.068,0.032028
1.52726497613394e-39,0.444213086265743,0.542,0.474,4.9223750180797e-35,c0,Dync1li2,0.0680000000000001,0.036856
1.55176391884385e-39,0.813177680669561,0.347,0.264,5.00133511043373e-35,c0,Pgm1,0.083,0.028801
1.89132303902202e-39,0.643541437440701,0.443,0.382,6.09573415476798e-35,c0,Psme4,0.061,0.027023
2.12527289599376e-39,0.650345279325186,0.431,0.368,6.84975454378789e-35,c0,Ppp4r3a,0.063,0.027153
2.19570633524684e-39,0.444139430265559,0.536,0.476,7.07676151850056e-35,c0,Golga4,0.06,0.03216
2.32551528802443e-39,0.942925518409773,0.289,0.198,7.49513577330274e-35,c0,Pcdhga8,0.091,0.026299
2.93003135737959e-39,0.755665776267882,0.322,0.222,9.44349106483442e-35,c0,Slc4a8,0.1,0.0322
2.97961412898687e-39,0.928069985642133,0.303,0.22,9.60329633772468e-35,c0,Nat10,0.083,0.025149
4.92757295750811e-39,0.877182661966859,0.332,0.25,1.58815676420487e-34,c0,Sfmbt1,0.082,0.027224
6.15379615615062e-39,0.396422803313025,0.387,0.257,1.98336850112735e-34,c0,Cdon,0.13,0.05031
6.80090341419128e-39,0.95312761008399,0.282,0.195,2.19193117039385e-34,c0,Ecsit,0.087,0.024534
6.93465330800501e-39,0.867209851252301,0.35,0.275,2.23503876117001e-34,c0,Krit1,0.075,0.02625
7.22329917179602e-39,0.378125572849657,0.794,0.533,2.32806932306986e-34,c0,Otx2,0.261,0.207234
7.75703040458085e-39,0.880945428267416,0.335,0.258,2.50009089939641e-34,c0,Rce1,0.077,0.025795
1.08100016327524e-38,0.737617705906623,0.39,0.319,3.4840635262361e-34,c0,Rbm27,0.071,0.02769
1.15028082118498e-38,0.827471439337266,0.371,0.304,3.70735508667919e-34,c0,Dcp1a,0.067,0.024857
1.15445327641196e-38,0.280215508468062,0.794,0.666,3.72080290987576e-34,c0,Hnrnpa2b1,0.128,0.101632
1.31755398005304e-38,0.946509641783629,0.325,0.249,4.24647647771096e-34,c0,Cplane1,0.076,0.0247
1.48638042139267e-38,0.686625382330029,0.412,0.347,4.79060409814858e-34,c0,Ppp2r5d,0.065,0.02678
1.74032125382437e-38,0.659202524150992,0.416,0.339,5.60905540107596e-34,c0,Ppp6r2,0.077,0.032032
1.76843510108841e-38,0.528858463822323,0.488,0.427,5.69966633080794e-34,c0,Alg10b,0.061,0.029768
1.91949582090294e-38,0.422765204942203,0.546,0.484,6.18653503077019e-34,c0,Tbc1d14,0.062,0.033852
2.11392456127836e-38,0.975032499952892,0.319,0.243,6.81317886100016e-34,c0,Gxylt1,0.076,0.024244
2.16913448040887e-38,0.712752588248948,0.387,0.314,6.99112043035779e-34,c0,Gtf2h1,0.073,0.028251
2.17745949992576e-38,0.770657628088374,0.39,0.32,7.01795196826072e-34,c0,Ppox,0.07,0.0273
2.2091299398871e-38,1.15623849775697,0.269,0.189,7.12002579625613e-34,c0,Stk19,0.08,0.02152
2.35860070466032e-38,0.986354227129397,0.315,0.239,7.60177007112022e-34,c0,Ankrd27,0.076,0.02394
2.82407930830163e-38,0.875923647228447,0.346,0.272,9.10200761065617e-34,c0,Dcaf1,0.074,0.025604
2.97454104202164e-38,0.933713774474309,0.318,0.24,9.58694577843576e-34,c0,Med4,0.078,0.024804
3.01478070698154e-38,0.896786759701034,0.337,0.263,9.71663821860149e-34,c0,Taf15,0.074,0.024938
3.11531517005246e-38,0.822959921966202,0.369,0.301,1.00406607930791e-33,c0,Xrn1,0.068,0.025092
3.24476154034688e-38,0.597909646829459,0.444,0.378,1.0457866444538e-33,c0,Atg9a,0.066,0.029304
4.16229166611215e-38,0.765498001925857,0.344,0.262,1.34150660398795e-33,c0,Tmtc3,0.082,0.028208
5.063571936503e-38,0.953320869077838,0.301,0.221,1.63198923513492e-33,c0,Golga1,0.08,0.02408
5.64603622684086e-38,0.84335640555098,0.342,0.266,1.81971747591081e-33,c0,Usp21,0.076,0.025992
5.7732822429234e-38,0.7053008645313,0.403,0.336,1.86072886689421e-33,c0,Reps1,0.067,0.027001
6.49469232290474e-38,0.60917044564365,0.436,0.373,2.0932393356722e-33,c0,Gspt1,0.063,0.027468
6.59365715968561e-38,0.803275284191378,0.352,0.273,2.12513570256667e-33,c0,Rufy2,0.079,0.027808
6.6790707520478e-38,0.83495283751425,0.342,0.264,2.152664503385e-33,c0,Paip2b,0.078,0.026676
7.93899777404724e-38,0.992669752929488,0.295,0.216,2.55873898257543e-33,c0,Brcc3,0.079,0.023305
8.18107732447031e-38,0.82789626143172,0.33,0.246,2.63676122167678e-33,c0,Abhd10,0.084,0.02772
8.6688419806107e-38,0.592796389641073,0.45,0.389,2.79396777035083e-33,c0,Dnajc13,0.061,0.02745
9.45146220793249e-38,0.687884036562689,0.415,0.352,3.04620626961664e-33,c0,Tmem183a,0.063,0.026145
9.8068753830796e-38,0.745320876188302,0.364,0.285,3.16075593596655e-33,c0,Pgs1,0.079,0.028756
1.08857738244762e-37,0.602076034160612,0.445,0.382,3.50848490362868e-33,c0,Ewsr1,0.063,0.028035
1.11581933017066e-37,0.885814472789679,0.323,0.246,3.59628570114002e-33,c0,Daxx,0.077,0.024871
1.16182883712585e-37,0.512292668369879,0.482,0.403,3.74457434205662e-33,c0,Atp13a2,0.079,0.038078
1.20458764362737e-37,0.794482870541285,0.37,0.301,3.88238597541102e-33,c0,Smg5,0.069,0.02553
1.65291024461357e-37,0.626590999369723,0.434,0.368,5.32732971838955e-33,c0,Prdm2,0.066,0.028644
2.19630084456216e-37,1.05749040766053,0.265,0.184,7.07867762202384e-33,c0,Atg4d,0.081,0.021465
2.43721534581847e-37,0.695049404924257,0.397,0.324,7.85514505957293e-33,c0,Uvrag,0.073,0.028981
3.32796916948865e-37,0.688201973738943,0.409,0.344,1.07260446332619e-32,c0,Gtf2a2,0.065,0.026585
4.00093231680215e-37,0.576813988532903,0.452,0.386,1.28950048570533e-32,c0,Pi4ka,0.066,0.029832
4.0590604843664e-37,0.483344686437688,0.503,0.436,1.30823519411129e-32,c0,Fbrs,0.067,0.033701
4.63712333306259e-37,0.73907681414591,0.376,0.3,1.49454485024607e-32,c0,Anks1,0.076,0.028576
4.8848521872204e-37,0.804812357226997,0.359,0.289,1.57438785994113e-32,c0,Dhx38,0.07,0.02513
4.96189605897804e-37,0.499927675148848,0.492,0.435,1.59921909980862e-32,c0,Stk11,0.057,0.028044
5.04169878484556e-37,0.909530267666085,0.29,0.204,1.62493951835572e-32,c0,Gdpd1,0.086,0.02494
6.71849786521266e-37,0.971378477451862,0.294,0.215,2.16537186195804e-32,c0,Rars2,0.079,0.023226
7.42961262204326e-37,0.585972149939174,0.436,0.369,2.39456414808454e-32,c0,Sap30l,0.067,0.029212
7.97423614139796e-37,0.635300454059779,0.426,0.36,2.57009630837256e-32,c0,Txndc11,0.066,0.028116
9.14844171885022e-37,0.935194557646784,0.307,0.229,2.94854276598543e-32,c0,Ift140,0.078,0.023946
9.23863016216449e-37,0.720414302615847,0.396,0.33,2.97761050126562e-32,c0,Vkorc1l1,0.066,0.026136
1.07040435672549e-36,0.665813156808778,0.416,0.351,3.44991324172625e-32,c0,Drg2,0.065,0.02704
1.18874592146672e-36,0.842408555103846,0.342,0.267,3.83132810488723e-32,c0,Mbd5,0.075,0.02565
1.25696718673918e-36,0.731955648058181,0.376,0.305,4.05120524286036e-32,c0,Gtf2e2,0.071,0.026696
1.68116789559501e-36,0.82796763931814,0.354,0.286,5.41840412750272e-32,c0,Rsbn1l,0.068,0.024072
1.69732462198983e-36,0.681088551658649,0.382,0.304,5.47047725667323e-32,c0,Cipc,0.078,0.029796
1.95013148324299e-36,0.89525073550584,0.312,0.235,6.28527377049214e-32,c0,Prpf31,0.077,0.024024
2.16558679011839e-36,0.694598945473966,0.386,0.313,6.97968622455156e-32,c0,Trim24,0.073,0.028178
2.5102133141322e-36,0.775827147296682,0.373,0.304,8.09041751144807e-32,c0,Ints8,0.069,0.025737
3.27241185476615e-36,0.553403190338189,0.462,0.4,1.05469834079113e-31,c0,Rnf215,0.062,0.028644
3.35684468876461e-36,0.388761398449799,0.559,0.504,1.08191104318883e-31,c0,Smad4,0.055,0.030745
3.74455862508451e-36,0.316681387286743,0.544,0.407,1.20687124486474e-31,c0,Zfp36l2,0.137,0.074528
5.83831884621855e-36,0.852553512356864,0.339,0.267,1.88169016413624e-31,c0,Eif4ebp3,0.072,0.024408
7.13847640372792e-36,0.404053718396847,0.543,0.501,2.30073094492151e-31,c0,Ddrgk1,0.042,0.022806
7.34156435885493e-36,1.02488793295063,0.279,0.201,2.36618619285895e-31,c0,Mettl6,0.078,0.021762
7.37223021695861e-36,0.910342149949266,0.313,0.237,2.37606979892576e-31,c0,Zfyve26,0.076,0.023788
8.55920590213998e-36,1.10380215892323,0.251,0.172,2.75863206225972e-31,c0,Cep295,0.079,0.019829
8.77393597557334e-36,0.911127988749775,0.285,0.203,2.82783956492729e-31,c0,Alkbh7,0.082,0.02337
9.16991432087117e-36,0.989155995205975,0.298,0.224,2.95546338561678e-31,c0,Zfp335,0.074,0.022052
9.22593884755793e-36,0.85464883358766,0.317,0.238,2.97352009056792e-31,c0,Opa3,0.079,0.025043
1.04087162188439e-35,0.274234111218185,0.805,0.679,3.35472923733338e-31,c0,Ptms,0.126,0.10143
1.18002523890535e-35,0.549882004745215,0.465,0.409,3.80322134499194e-31,c0,Eapp,0.056,0.02604
1.20363576835403e-35,0.935497166384961,0.306,0.231,3.87931808140503e-31,c0,Rnf8,0.075,0.02295
1.49399354066725e-35,0.983075732167464,0.286,0.208,4.81514118157056e-31,c0,Ddx55,0.078,0.022308
1.54246547031741e-35,0.860415601692798,0.293,0.207,4.97136621083302e-31,c0,Pcdhga10,0.086,0.025198
1.59080436316574e-35,1.09865417881572,0.262,0.185,5.12716246248319e-31,c0,Zfp90,0.077,0.020174
1.84233169743463e-35,0.967253123582493,0.288,0.211,5.93783506083183e-31,c0,Dnajc21,0.077,0.022176
1.98722120310295e-35,0.884937843056882,0.333,0.263,6.4048139376008e-31,c0,Capn15,0.07,0.02331
2.26819089070449e-35,0.679202846512884,0.385,0.308,7.31037924074059e-31,c0,Rara,0.077,0.029645
2.49274274091129e-35,0.759142296241257,0.379,0.317,8.03410985395708e-31,c0,Ssh1,0.062,0.023498
2.52321606088941e-35,0.532600941893399,0.451,0.379,8.13232536424657e-31,c0,Bmi1,0.072,0.032472
3.10786854998781e-35,0.514053578339093,0.487,0.428,1.00166603366107e-30,c0,Arnt,0.059,0.028733
3.29877489048477e-35,0.610127140183343,0.409,0.337,1.06319514720324e-30,c0,Cstf2t,0.072,0.029448
3.32537608150326e-35,0.528525928901695,0.42,0.321,1.0717687110685e-30,c0,Myo10,0.099,0.04158
3.57769905166853e-35,0.660362130974972,0.412,0.344,1.15309240435277e-30,c0,Ap4s1,0.068,0.028016
3.63268888861962e-35,1.06326181359309,0.275,0.2,1.1708156288021e-30,c0,Nfrkb,0.075,0.020625
4.41485546199966e-35,1.0162571579759,0.267,0.19,1.42290791540249e-30,c0,Dmap1,0.077,0.020559
5.23338654392994e-35,0.687648445009748,0.389,0.326,1.68672048310862e-30,c0,Nfyc,0.063,0.024507
5.58936104569268e-35,0.916465121215908,0.308,0.234,1.80145106502675e-30,c0,Zkscan3,0.074,0.022792
6.1525341190882e-35,0.707326674718519,0.387,0.325,1.98296174658213e-30,c0,Zcrb1,0.062,0.023994
6.16313852361564e-35,0.775370481896237,0.336,0.256,1.98637954616132e-30,c0,Map3k12,0.08,0.02688
7.05157713288885e-35,0.482582167072805,0.488,0.431,2.27272330993008e-30,c0,Aktip,0.057,0.027816
8.84749713947948e-35,0.837759321831968,0.336,0.268,2.85154832805424e-30,c0,Crtc2,0.068,0.022848
8.87561997435601e-35,0.344597643240409,0.594,0.537,2.86061231773494e-30,c0,Fam168b,0.0569999999999999,0.033858
1.14771445089262e-34,0.545582423742543,0.468,0.409,3.69908367522692e-30,c0,Atp9b,0.059,0.027612
1.53019005483421e-34,0.87959032102232,0.304,0.23,4.93180254673066e-30,c0,Apba3,0.074,0.022496
1.62456824632257e-34,0.311790420147069,0.619,0.564,5.23598345789763e-30,c0,Smarca4,0.055,0.034045
1.67430547584476e-34,0.816664584088697,0.329,0.256,5.39628654864767e-30,c0,Crnkl1,0.073,0.024017
2.10123727754133e-34,0.529800655339914,0.47,0.407,6.7722877455157e-30,c0,Tut4,0.063,0.02961
2.6183563532709e-34,0.63806128767649,0.436,0.385,8.4389625265921e-30,c0,Rbm17,0.051,0.022236
2.83877642220406e-34,0.764587344968967,0.343,0.267,9.14937640876369e-30,c0,Fuz,0.076,0.026068
3.94978380123798e-34,0.73282111724287,0.391,0.331,1.273015319139e-29,c0,Smarcad1,0.06,0.02346
4.23523218837034e-34,0.816467965291417,0.326,0.248,1.36501533431176e-29,c0,Yes1,0.078,0.025428
4.32631480979941e-34,0.717894848102284,0.382,0.318,1.39437126319835e-29,c0,Ccnk,0.064,0.024448
5.46615690207936e-34,0.907935852080784,0.318,0.246,1.76174236954018e-29,c0,Scrib,0.072,0.022896
6.62541784222513e-34,0.83384957210016,0.345,0.278,2.13537217054916e-29,c0,Slc7a6os,0.067,0.023115
7.11168578614605e-34,1.01641406522953,0.255,0.176,2.29209632887487e-29,c0,Amt,0.079,0.020145
9.69190249346636e-34,0.710446680282886,0.354,0.274,3.12370017364421e-29,c0,Rcan3,0.08,0.02832
1.02016333126659e-33,0.899845402333744,0.304,0.231,3.28798641667222e-29,c0,Rgp1,0.073,0.022192
1.09421032428152e-33,0.86063173690273,0.292,0.213,3.52663987515933e-29,c0,Tpgs2,0.079,0.023068
1.09518525000786e-33,0.63363207270409,0.418,0.361,3.52978206077532e-29,c0,Btbd7,0.057,0.023826
1.09848703486423e-33,0.83004821635205,0.347,0.281,3.54042371336742e-29,c0,Top3b,0.066,0.022902
1.11706822235255e-33,0.711296681679567,0.368,0.302,3.60031088064226e-29,c0,Aftph,0.066,0.024288
1.53562499069351e-33,0.469091683462103,0.503,0.434,4.94931934500518e-29,c0,Nfat5,0.069,0.034707
1.61138440696267e-33,0.607130683330178,0.413,0.345,5.1934919436407e-29,c0,Narf,0.068,0.028084
1.71232330541836e-33,0.86704378460528,0.327,0.26,5.51881801336336e-29,c0,Rad54l2,0.067,0.021909
1.83963504116208e-33,0.89407954031694,0.287,0.21,5.92914373766537e-29,c0,Gpatch11,0.077,0.022099
1.86257868500708e-33,0.92425449953111,0.268,0.189,6.00309110177783e-29,c0,Hook2,0.079,0.021172
2.13814246312569e-33,0.68670962097266,0.389,0.328,6.89123315865408e-29,c0,Zmym4,0.061,0.023729
2.41155438325251e-33,0.657339367147483,0.387,0.319,7.77243977722282e-29,c0,Otud6b,0.068,0.026316
2.43565388740886e-33,0.619910745012755,0.415,0.35,7.85011247911876e-29,c0,Zranb2,0.065,0.026975
2.902241246191e-33,1.03659470557708,0.26,0.185,9.35392353647359e-29,c0,Tinf2,0.075,0.0195
2.9694660208202e-33,0.615129901613845,0.387,0.311,9.5705889851035e-29,c0,Nicn1,0.076,0.029412
4.18159591685198e-33,0.295137831135916,0.626,0.521,1.34772836400139e-28,c0,B4galt1,0.105,0.06573
4.27893250407151e-33,0.460590695129924,0.313,0.205,1.37909994606225e-28,c0,Dpysl4,0.108,0.033804
4.81109100250491e-33,0.85924940199902,0.315,0.247,1.55061463010733e-28,c0,Ddx52,0.068,0.02142
5.17794438111754e-33,0.751499575977849,0.348,0.277,1.66885147403418e-28,c0,Cep63,0.071,0.024708
6.26811577223446e-33,0.493779589140731,0.423,0.346,2.02021371339117e-28,c0,Tecpr1,0.077,0.032571
6.9270598357994e-33,0.635004023514916,0.408,0.344,2.23259138507815e-28,c0,Kdm1a,0.064,0.026112
7.02114894316241e-33,0.442878620078181,0.49,0.431,2.26291630438125e-28,c0,Gpr108,0.059,0.02891
7.15885832132482e-33,0.609834137072329,0.427,0.372,2.30730003696299e-28,c0,Rnf146,0.055,0.023485
7.28959871725053e-33,1.0123971807211,0.264,0.191,2.34943766656984e-28,c0,Orc2,0.073,0.019272
8.01317446564657e-33,0.747508214353881,0.347,0.275,2.58264613027789e-28,c0,Pgam5,0.072,0.024984
8.14988536285957e-33,0.423734862086216,0.54,0.488,2.62670805244964e-28,c0,Atf7,0.052,0.02808
8.3281083548669e-33,0.417833238510996,0.528,0.483,2.6841493227736e-28,c0,Prpf40a,0.045,0.02376
9.34097987483078e-33,0.772370927793101,0.353,0.286,3.01059781365796e-28,c0,Wdfy2,0.067,0.023651
1.01035195662096e-32,0.676133491300835,0.381,0.317,3.25636435618937e-28,c0,Sin3a,0.064,0.024384
1.01379160390279e-32,0.655133632816599,0.392,0.327,3.26745033937869e-28,c0,Parp1,0.065,0.02548
1.09791341380981e-32,0.828058657045159,0.333,0.265,3.53857493270901e-28,c0,Paxip1,0.068,0.022644
1.30436125871326e-32,0.285511471377711,0.65,0.577,4.20395633683284e-28,c0,Tob1,0.0730000000000001,0.04745
1.37826255647228e-32,0.981877111077447,0.284,0.214,4.44214021951016e-28,c0,Ing3,0.07,0.01988
1.38498967441464e-32,0.374384513197455,0.549,0.46,4.46382172063839e-28,c0,Ppp3ca,0.089,0.048861
1.50253593730188e-32,0.857783506610542,0.313,0.239,4.84267332592396e-28,c0,Zfp606,0.074,0.023162
1.77465071184435e-32,0.7866117417109,0.348,0.282,5.71969924427435e-28,c0,Unk,0.066,0.022968
2.05889071747144e-32,0.470789417565878,0.488,0.431,6.63580478241044e-28,c0,Arid1b,0.057,0.027816
2.53717478451382e-32,0.953248295466691,0.263,0.188,8.17731433048805e-28,c0,Elac1,0.075,0.019725
2.5798615420064e-32,0.585189918466968,0.443,0.397,8.31489374988661e-28,c0,Zfp598,0.046,0.020378
2.60617019675977e-32,0.50633024093629,0.481,0.434,8.39968654415675e-28,c0,Zzz3,0.047,0.022607
2.69474990935688e-32,1.02601151848164,0.268,0.196,8.68517895785722e-28,c0,Fbxl19,0.072,0.019296
3.36570700292261e-32,0.91827325975866,0.293,0.223,1.08476736704196e-27,c0,Naa35,0.07,0.02051
3.44402607431322e-32,0.551468148308206,0.39,0.298,1.11000960375115e-27,c0,Svil,0.092,0.03588
3.6859023619824e-32,0.595028940442016,0.418,0.365,1.18796633126693e-27,c0,Lats1,0.053,0.022154
3.75389964449831e-32,0.560820528106067,0.378,0.291,1.20988185542181e-27,c0,Dock9,0.087,0.032886
4.39223133452495e-32,0.870965566630612,0.322,0.256,1.41561615911739e-27,c0,Morc3,0.066,0.021252
5.82090013648683e-32,0.611165435378989,0.402,0.34,1.87607611398971e-27,c0,Zbtb38,0.062,0.024924
6.15780645747281e-32,0.805446502313736,0.32,0.249,1.98466102124349e-27,c0,Foxred1,0.071,0.02272
6.24016506977445e-32,0.711321829283381,0.361,0.291,2.0112052019883e-27,c0,Scai,0.07,0.02527
6.71717962106826e-32,0.845757780887858,0.324,0.259,2.1649469918703e-27,c0,Cwc25,0.065,0.02106
8.2447848091153e-32,0.62230487507746,0.423,0.372,2.65729414397786e-27,c0,Ppil2,0.051,0.021573
8.65374933834724e-32,0.908565743819383,0.285,0.212,2.78910341174932e-27,c0,Eipr1,0.073,0.020805
1.05020749465789e-31,0.637592636830279,0.408,0.352,3.38481875528239e-27,c0,Dennd6a,0.056,0.022848
1.0567627924741e-31,0.722856092860575,0.37,0.31,3.40594648014403e-27,c0,Nup214,0.06,0.0222
1.14760909959779e-31,0.608274770759893,0.418,0.357,3.69874412800367e-27,c0,Ash2l,0.061,0.025498
1.20441662445768e-31,0.764865402172287,0.35,0.282,3.8818347806271e-27,c0,Vps45,0.068,0.0238
1.4420084623598e-31,0.795442243535212,0.344,0.278,4.64759327418562e-27,c0,Trmt2a,0.066,0.022704
1.52107860709499e-31,0.414870119210132,0.521,0.453,4.90243635066714e-27,c0,Setd5,0.068,0.035428
1.57920544495974e-31,0.76808341711125,0.35,0.289,5.08977914910526e-27,c0,Dhx8,0.061,0.02135
1.65001284707529e-31,0.753569605523212,0.359,0.296,5.31799140612367e-27,c0,Taf2,0.063,0.022617
1.76380553136992e-31,0.70071802805289,0.382,0.324,5.68474522760524e-27,c0,Usp16,0.058,0.022156
1.78448452034001e-31,0.604556826599821,0.42,0.363,5.75139360905584e-27,c0,Rab3gap2,0.057,0.02394
2.02606419575063e-31,0.409537153141056,0.523,0.476,6.53000490290429e-27,c0,Trappc6b,0.047,0.024581
2.79209981700847e-31,0.775613848041031,0.341,0.276,8.9989377102183e-27,c0,Ccdc174,0.065,0.022165
3.06761508329907e-31,0.577879032378543,0.438,0.385,9.8869234134729e-27,c0,Baz1b,0.053,0.023214
3.36629885962553e-31,0.449239071856512,0.507,0.46,1.08495812245731e-26,c0,Bag6,0.047,0.023829
3.42694482408458e-31,0.645021728173898,0.267,0.181,1.10450431680246e-26,c0,Ccdc181,0.086,0.022962
3.82898930470971e-31,0.94940227103269,0.267,0.193,1.23408325290794e-26,c0,Acsf3,0.074,0.019758
4.05197592548976e-31,0.5698640906832,0.406,0.328,1.30595184078535e-26,c0,Rab6b,0.078,0.031668
4.50559026763135e-31,0.553968077403878,0.436,0.379,1.45215174325759e-26,c0,Herc2,0.057,0.024852
4.72227228571167e-31,0.63490587176623,0.399,0.343,1.52198835768487e-26,c0,Fam192a,0.056,0.022344
5.15686676648546e-31,0.517946787517114,0.45,0.394,1.66205815883827e-26,c0,Nup98,0.056,0.0252
5.29615069712837e-31,0.992562053969722,0.26,0.189,1.70694936968447e-26,c0,Rmc1,0.071,0.01846
5.91488149227685e-31,0.612035602284354,0.369,0.295,1.90636630496083e-26,c0,Nfya,0.074,0.027306
9.57204366144005e-31,0.401942487609695,0.52,0.486,3.08506967208213e-26,c0,Mtdh,0.034,0.01768
1.01614811534928e-30,0.468962922989291,0.487,0.429,3.27504537577073e-26,c0,Rap1a,0.058,0.028246
1.29626403418681e-30,0.96099302295404,0.275,0.206,4.1778589821841e-26,c0,Vps33b,0.069,0.018975
1.32270934241937e-30,0.471833628452219,0.471,0.426,4.26309221061762e-26,c0,Fxr2,0.045,0.021195
1.64294766991693e-30,0.411473580361992,0.505,0.459,5.29522034014225e-26,c0,Usp4,0.046,0.02323
1.67544115802157e-30,0.726776702670162,0.378,0.323,5.39994685230351e-26,c0,Mtpap,0.055,0.02079
1.68063850469683e-30,0.718871045209239,0.377,0.321,5.41669790063787e-26,c0,Iws1,0.056,0.021112
1.70588410486974e-30,0.76536078213079,0.346,0.282,5.49806446999518e-26,c0,Mtf2,0.064,0.022144
1.77133340286962e-30,0.570035920745636,0.438,0.391,5.7090075574488e-26,c0,Cdc123,0.047,0.020586
2.00612931950985e-30,0.878473690731215,0.288,0.219,6.46575479678024e-26,c0,Cox11,0.069,0.019872
2.13838511584551e-30,0.76529400120549,0.333,0.269,6.89201522837009e-26,c0,Rcor3,0.064,0.021312
2.2648071543066e-30,0.734682182900849,0.365,0.307,7.29947345833018e-26,c0,Pom121,0.058,0.02117
2.37723527320822e-30,0.780426931965583,0.319,0.25,7.6618292855501e-26,c0,Tsr3,0.069,0.022011
2.46926592609634e-30,0.368502496350718,0.549,0.499,7.95844407980851e-26,c0,Gabarapl1,0.05,0.02745
2.63666727811248e-30,0.329662719198239,0.582,0.535,8.49797863735651e-26,c0,Yme1l1,0.0469999999999999,0.027354
2.70133539060647e-30,0.609993107448788,0.415,0.36,8.70640396392464e-26,c0,Gpbp1l1,0.055,0.022825
2.80258482543616e-30,0.792069754133777,0.297,0.224,9.03273089238075e-26,c0,Ndufaf3,0.073,0.021681
3.02302829977233e-30,0.557923161651692,0.396,0.321,9.7432202101662e-26,c0,Ppm1h,0.075,0.0297
3.7985531735019e-30,0.525233291013723,0.446,0.389,1.22427368781966e-25,c0,Spen,0.057,0.025422
4.1803124827953e-30,0.677684054664521,0.266,0.178,1.34731471320493e-25,c0,Fbxl16,0.088,0.023408
4.67380834006925e-30,0.673600465362034,0.367,0.3,1.50636842800432e-25,c0,Ap3s2,0.067,0.024589
5.31641486716521e-30,0.381506205376013,0.541,0.487,1.71348051168735e-25,c0,Ndst1,0.054,0.029214
5.42183027746897e-30,0.727110645762443,0.284,0.202,1.74745589842825e-25,c0,Syne3,0.082,0.023288
7.20217288045791e-30,0.708198549488503,0.371,0.312,2.32126031937159e-25,c0,Gnl2,0.059,0.021889
7.53183499299892e-30,0.668365775249349,0.39,0.334,2.42751041824355e-25,c0,Dvl1,0.056,0.02184
8.55804141836229e-30,0.901597878584282,0.297,0.231,2.75825674913817e-25,c0,Xpo4,0.066,0.019602
8.95395552462395e-30,0.455698770339762,0.491,0.441,2.8858598655863e-25,c0,Dnajb6,0.05,0.02455
9.427140943065e-30,0.893544260836422,0.283,0.213,3.03836752594985e-25,c0,AI597479,0.07,0.01981
9.72554577496211e-30,0.503391098695268,0.436,0.361,3.13454340327029e-25,c0,Kdm7a,0.075,0.0327
1.00453471938823e-29,0.325665808088039,0.59,0.496,3.23761540058826e-25,c0,Add3,0.094,0.05546
1.14237841735159e-29,0.932442503611505,0.25,0.177,3.68188563912417e-25,c0,Mknk1,0.073,0.01825
1.1581154037132e-29,0.815479722544163,0.33,0.266,3.73260594616763e-25,c0,Ints7,0.064,0.02112
1.17586888619455e-29,0.581867091163897,0.431,0.38,3.78982542020502e-25,c0,Mon2,0.051,0.021981
1.74573493878888e-29,0.748618907061895,0.346,0.286,5.62650370771655e-25,c0,Katnbl1,0.06,0.02076
1.87912351240187e-29,0.974130929623872,0.268,0.202,6.05641508047123e-25,c0,Rad17,0.066,0.017688
2.04426910289523e-29,0.927192400140161,0.289,0.223,6.58867931863131e-25,c0,Hdhd5,0.066,0.019074
2.34649650379446e-29,0.622486903268867,0.401,0.347,7.56275823172955e-25,c0,Ccdc12,0.054,0.021654
2.38734896166848e-29,0.710765538734677,0.329,0.259,7.6944257034575e-25,c0,Sephs2,0.07,0.02303
3.56588534680655e-29,0.646972232802596,0.388,0.332,1.14928484727575e-24,c0,Zbtb4,0.056,0.021728
3.79965686550462e-29,0.314858056316654,0.59,0.539,1.22462940775214e-24,c0,Mib1,0.0509999999999999,0.03009
4.00234398904578e-29,0.889091493757019,0.263,0.191,1.28995546766946e-24,c0,Cbx7,0.072,0.018936
4.0821963103856e-29,0.758595519743571,0.328,0.263,1.31569187083728e-24,c0,Zrsr1,0.065,0.02132
4.36216176896901e-29,0.752902717636764,0.306,0.231,1.40592473813871e-24,c0,Zfp521,0.075,0.02295
4.83251604270814e-29,0.682406333958282,0.355,0.294,1.55751992056483e-24,c0,Upf3a,0.061,0.021655
5.04648368060013e-29,0.530743874604112,0.448,0.394,1.62648169025742e-24,c0,Rock2,0.054,0.024192
5.38048924610251e-29,0.544509930207155,0.438,0.386,1.73413168401884e-24,c0,Phc3,0.052,0.022776
5.52973344708973e-29,0.63924969904047,0.404,0.357,1.78223308999702e-24,c0,Osbp,0.047,0.018988
5.81628951434183e-29,0.461786615952304,0.47,0.422,1.87459011047237e-24,c0,Nf2,0.048,0.02256
5.82274661856297e-29,0.572263795650644,0.42,0.368,1.87667123516284e-24,c0,Ddx42,0.052,0.02184
6.19507140095229e-29,0.607452682920572,0.382,0.319,1.99667151252692e-24,c0,Lsm4,0.063,0.024066
6.55441118164428e-29,0.591714245735661,0.413,0.368,2.11248672384395e-24,c0,Mtmr3,0.045,0.018585
6.98754404193916e-29,0.640216469394774,0.366,0.301,2.25208544471699e-24,c0,Rcbtb1,0.065,0.02379
6.98918784471086e-29,0.404462760388045,0.523,0.479,2.25261524235031e-24,c0,Crk,0.044,0.023012
7.51035498773337e-29,0.255072004477894,0.577,0.477,2.42058741254647e-24,c0,Map4,0.1,0.0577
7.83315381190935e-29,0.607447218915491,0.402,0.346,2.52462547357838e-24,c0,Ttc17,0.056,0.022512
8.18152309605786e-29,0.881184120766082,0.274,0.205,2.63690489385945e-24,c0,Ndufaf4,0.069,0.018906
8.29849335082638e-29,0.559128298668934,0.426,0.371,2.67460440697134e-24,c0,Bbip1,0.055,0.02343
8.51394383257647e-29,0.644238746025705,0.363,0.302,2.7440440972394e-24,c0,Urod,0.061,0.022143
8.57256259129404e-29,0.481697473059816,0.464,0.418,2.76293692317407e-24,c0,Ddx24,0.046,0.021344
9.82191369849725e-29,0.519376076591062,0.42,0.362,3.16560278502566e-24,c0,Tjap1,0.058,0.02436
1.01201284029054e-28,0.426538452985481,0.477,0.426,3.26171738425642e-24,c0,Hadha,0.051,0.024327
1.12862566330404e-28,0.820763256830267,0.317,0.255,3.63756051282892e-24,c0,Hars2,0.062,0.019654
1.25702458017675e-28,0.812274512642764,0.293,0.226,4.05139022190966e-24,c0,Gpr89,0.067,0.019631
1.25931487077112e-28,0.707779905361469,0.329,0.258,4.05877182849533e-24,c0,Gphn,0.071,0.023359
1.34738903873052e-28,1.02555622053647,0.25,0.183,4.34263487182848e-24,c0,Polr3f,0.067,0.01675
1.37601727710235e-28,0.529648270970475,0.444,0.386,4.43490368410088e-24,c0,Chd6,0.058,0.025752
1.38403545693444e-28,0.784587432901312,0.302,0.234,4.4607462776997e-24,c0,Pick1,0.068,0.020536
1.48731191973639e-28,0.952737105213131,0.268,0.203,4.79360631731038e-24,c0,Wdr70,0.065,0.01742
1.50536533455185e-28,0.665693712162549,0.374,0.319,4.85179247326062e-24,c0,Exosc10,0.055,0.02057
1.64602794405442e-28,0.29679977956856,0.601,0.562,5.30514806368739e-24,c0,Sf3b2,0.0389999999999999,0.023439
1.64928886138774e-28,0.936798724653372,0.272,0.205,5.31565800025268e-24,c0,Senp1,0.067,0.018224
1.99875216826819e-28,0.364031352750156,0.486,0.4,6.44197823832838e-24,c0,Gulp1,0.086,0.041796
2.36563508740475e-28,0.961324656102206,0.268,0.203,7.62444188670552e-24,c0,Pibf1,0.065,0.01742
2.50991076927129e-28,0.622354876201034,0.395,0.342,8.08944240936138e-24,c0,Cnot3,0.053,0.020935
2.52285333226315e-28,0.947349329968041,0.25,0.182,8.13115628988414e-24,c0,Flad1,0.068,0.017
2.7576204055003e-28,0.339291639073794,0.552,0.519,8.88781056692748e-24,c0,Ccpg1,0.033,0.018216
4.8672489087414e-28,0.57375854009545,0.393,0.336,1.56871432328735e-23,c0,Zfp24,0.057,0.022401
4.97824550697334e-28,0.717217617512878,0.361,0.307,1.60448852689751e-23,c0,Epc2,0.054,0.019494
5.09941667017658e-28,0.779918383004597,0.335,0.276,1.64354199279791e-23,c0,Virma,0.059,0.019765
5.34469863248175e-28,0.536093200921024,0.443,0.395,1.72259636924887e-23,c0,Ulk1,0.048,0.021264
6.22890214855403e-28,0.483876506818139,0.451,0.398,2.00757516247896e-23,c0,Mecp2,0.053,0.023903
6.30450827025905e-28,0.627076829522082,0.396,0.34,2.03194301550449e-23,c0,Zfp326,0.056,0.022176
6.42036868925873e-28,0.479373901569258,0.456,0.405,2.06928482854809e-23,c0,Tcf12,0.051,0.023256
6.52019311918283e-28,0.693433041097132,0.359,0.304,2.10145824231263e-23,c0,Rbm18,0.055,0.019745
7.64314207335387e-28,0.814255027598898,0.314,0.254,2.46338469024195e-23,c0,Mier3,0.06,0.01884
8.10748155734518e-28,0.582242028308034,0.35,0.277,2.61304130593235e-23,c0,Kctd15,0.073,0.02555
1.01418756490302e-27,0.375211027281202,0.511,0.451,3.26872652168243e-23,c0,Ppp1cc,0.06,0.03066
1.02180374831675e-27,0.675860558458253,0.311,0.24,3.2932734808249e-23,c0,Gcc1,0.071,0.022081
1.05204050700032e-27,0.491102050237932,0.442,0.376,3.39072655406202e-23,c0,Abi2,0.066,0.029172
1.05758950202157e-27,0.659094930939641,0.384,0.335,3.40861096501551e-23,c0,Pank2,0.049,0.018816
1.05923833643469e-27,0.681292966825403,0.362,0.308,3.413925158329e-23,c0,Ahctf1,0.054,0.019548
1.09637392230212e-27,0.789764420482476,0.308,0.245,3.53361315157974e-23,c0,Polr1c,0.063,0.019404
1.14156936873496e-27,0.760268866082526,0.348,0.296,3.67927807543278e-23,c0,Setd1a,0.052,0.018096
1.14468756942659e-27,0.434339024352018,0.483,0.441,3.6893280362619e-23,c0,Hnrnpc,0.042,0.020286
1.23988663816504e-27,0.68397644589391,0.363,0.308,3.99615463480591e-23,c0,Gtpbp4,0.055,0.019965
1.48634736092077e-27,0.610641352217238,0.41,0.36,4.79049754424764e-23,c0,Dtymk,0.05,0.0205
1.56072408109158e-27,0.333842814609449,0.576,0.502,5.03021371335817e-23,c0,Nr1d2,0.074,0.042624
1.64622185710336e-27,0.516984191525519,0.425,0.368,5.30577304544413e-23,c0,Ero1l,0.057,0.024225
2.29809229713973e-27,0.958835888766701,0.259,0.194,7.40675147368135e-23,c0,Zfp157,0.065,0.016835
2.31099360007911e-27,0.756777802840855,0.339,0.281,7.44833237305499e-23,c0,Vezt,0.058,0.019662
2.35634976359161e-27,1.02382477581782,0.252,0.189,7.59451528805576e-23,c0,Heatr6,0.063,0.015876
2.47354811846971e-27,0.874428726784711,0.286,0.224,7.97224558582786e-23,c0,Fars2,0.062,0.017732
2.81486245585567e-27,0.809162152036793,0.298,0.236,9.07230169522284e-23,c0,Eif2b4,0.062,0.018476
2.93946381877827e-27,0.374734911820948,0.531,0.497,9.47389188792236e-23,c0,Csnk2a1,0.034,0.018054
3.04809791199803e-27,0.539079712371609,0.432,0.386,9.82401957036966e-23,c0,Preb,0.046,0.019872
3.08152254513426e-27,0.602875890005764,0.399,0.345,9.93174716296771e-23,c0,Snx19,0.054,0.021546
3.58250530713507e-27,0.635638688785543,0.376,0.316,1.15464146048963e-22,c0,Peli1,0.06,0.02256
3.59981133031552e-27,0.380780951873106,0.523,0.487,1.16021919176069e-22,c0,Tomm20,0.036,0.018828
3.77750681952264e-27,0.451873438244533,0.477,0.426,1.21749044793215e-22,c0,Taz,0.051,0.024327
4.19233746727499e-27,0.390784875716058,0.511,0.47,1.35119036570273e-22,c0,Zfp106,0.041,0.020951
4.60756496162644e-27,0.525029466254438,0.427,0.367,1.4850181871322e-22,c0,Ptk2,0.06,0.02562
4.76524481656264e-27,0.662973979197563,0.368,0.312,1.53583840437814e-22,c0,Nop56,0.056,0.020608
4.86549669274365e-27,0.74679609210227,0.351,0.299,1.56814958407128e-22,c0,Tasor2,0.052,0.018252
7.07549416624816e-27,0.910676392580924,0.289,0.23,2.28043176978178e-22,c0,Hps5,0.059,0.017051
8.57248248615018e-27,0.432519119463472,0.482,0.437,2.7629111052862e-22,c0,Eif3g,0.045,0.02169
9.2379621157835e-27,0.426556830147585,0.475,0.43,2.97739518991702e-22,c0,Spag7,0.045,0.021375
1.1033014814234e-26,0.93444595979568,0.264,0.2,3.55594067462762e-22,c0,Vps50,0.064,0.016896
1.1488111298345e-26,0.619058266557703,0.381,0.324,3.70261827145659e-22,c0,Rnf121,0.057,0.021717
1.18176957785133e-26,0.97319334161513,0.271,0.212,3.80884334941485e-22,c0,Ell,0.059,0.015989
1.25397664778535e-26,0.764825594713219,0.341,0.287,4.04156673581217e-22,c0,Cwf19l2,0.054,0.018414
1.39574430342929e-26,0.723772115429709,0.328,0.268,4.4984838899526e-22,c0,Pdhx,0.06,0.01968
1.43334672752255e-26,0.864313458774882,0.259,0.193,4.61967650280519e-22,c0,Tarbp2,0.066,0.017094
1.70356076898348e-26,0.292923696243011,0.596,0.554,5.49057635843375e-22,c0,Pura,0.0419999999999999,0.025032
2.00811847561495e-26,0.934237487134507,0.274,0.212,6.47216584690698e-22,c0,Mapkbp1,0.062,0.016988
2.0597558456782e-26,0.747336408826931,0.335,0.279,6.63859309062083e-22,c0,Mfap3,0.056,0.01876
2.11930140683526e-26,0.59811404496255,0.393,0.346,6.83050843423003e-22,c0,Fbxl3,0.047,0.018471
2.3864812035671e-26,0.38282005890137,0.508,0.468,7.69162891909677e-22,c0,Med25,0.04,0.02032
2.657574372444e-26,0.629618702074534,0.374,0.321,8.56536220238703e-22,c0,Fbxo8,0.053,0.019822
2.72547553470135e-26,0.843515444484011,0.276,0.212,8.78420764834244e-22,c0,Fem1a,0.064,0.017664
3.54784914711049e-26,0.575318954454923,0.406,0.355,1.14347178011371e-21,c0,Clip1,0.051,0.020706
3.95471222927826e-26,0.754482214858023,0.322,0.264,1.27460375149638e-21,c0,Polr3gl,0.058,0.018676
4.01863709272384e-26,0.742067361034137,0.329,0.274,1.29520673498489e-21,c0,Elp2,0.055,0.018095
5.24237667557473e-26,0.903080135426022,0.256,0.19,1.68961800253774e-21,c0,Gabpb1,0.066,0.016896
5.42799251393859e-26,0.87708136641553,0.288,0.23,1.74944198724241e-21,c0,Pelp1,0.058,0.016704
6.27351730751641e-26,0.824179995785408,0.302,0.244,2.02195462821254e-21,c0,Gfm1,0.058,0.017516
7.03217452330182e-26,0.409041337049477,0.494,0.455,2.26646984886018e-21,c0,Dnajb12,0.039,0.019266
8.07784774622096e-26,0.538777553938143,0.439,0.397,2.60349032860701e-21,c0,Cox16,0.042,0.018438
8.29377655841432e-26,0.87038715335237,0.263,0.198,2.67308418477693e-21,c0,Stk38l,0.065,0.017095
8.32892204147573e-26,0.475037118820425,0.453,0.415,2.68441157396763e-21,c0,Suds3,0.038,0.017214
1.34157755854371e-25,0.807777762125145,0.252,0.184,4.32390447118638e-21,c0,Arl4a,0.068,0.017136
1.35452115856656e-25,0.803203094081224,0.313,0.257,4.36562169406001e-21,c0,Dnttip1,0.056,0.017528
1.36610809313915e-25,0.422205005930613,0.488,0.456,4.40296638418749e-21,c0,Zfp91,0.032,0.015616
1.42104415482436e-25,0.756755777757246,0.304,0.241,4.58002531099891e-21,c0,Pkig,0.063,0.019152
1.42531604130995e-25,0.860107749498129,0.258,0.194,4.59379360114196e-21,c0,Galt,0.064,0.016512
1.55987984236715e-25,0.791237014139216,0.302,0.243,5.02749273194934e-21,c0,Med31,0.059,0.017818
1.63876238126679e-25,0.861885387486729,0.267,0.202,5.28173115482287e-21,c0,Tcp11l1,0.065,0.017355
1.74580628696017e-25,0.826008524552857,0.307,0.25,5.62673366287262e-21,c0,Tex10,0.057,0.017499
2.0298506846331e-25,0.694515243493616,0.338,0.282,6.54220875657248e-21,c0,Rnf126,0.056,0.018928
2.10168137670684e-25,0.706777563137136,0.327,0.269,6.77371907712616e-21,c0,Mul1,0.058,0.018966
2.28000885755754e-25,0.767270655014151,0.32,0.265,7.34846854790796e-21,c0,Phf20,0.055,0.0176
2.49729194401023e-25,0.992135238821533,0.257,0.199,8.04877193554496e-21,c0,Bdp1,0.058,0.014906
2.62538899955091e-25,0.557724289727812,0.418,0.38,8.46162874555258e-21,c0,Pdzd8,0.038,0.015884
3.7307704425153e-25,0.703364756559268,0.343,0.291,1.20242731362268e-20,c0,Rnf169,0.052,0.017836
3.77586233822607e-25,0.720864670881987,0.339,0.289,1.21696043161026e-20,c0,Plrg1,0.05,0.01695
4.00210832633318e-25,0.746359243293582,0.335,0.283,1.28987951357718e-20,c0,Tbc1d17,0.052,0.01742
4.03435172007781e-25,0.592979911351271,0.404,0.363,1.30027155938108e-20,c0,Tent2,0.041,0.016564
4.4356311118186e-25,0.322990656828402,0.528,0.452,1.42960390733914e-20,c0,Pik3r1,0.076,0.040128
4.46617106171813e-25,0.906523129784374,0.259,0.196,1.43944693319175e-20,c0,Vrk1,0.063,0.016317
4.94737154525730e-25,0.876943521542448,0.272,0.212,1.59453784903643e-20,c0,Zfp369,0.06,0.01632
5.93251342308704e-25,0.563619370413477,0.395,0.35,1.91204907626095e-20,c0,Nub1,0.045,0.017775
6.72295670113723e-25,0.514697467917836,0.424,0.376,2.16680894477653e-20,c0,Cd2bp2,0.048,0.020352
8.17524051639103e-25,0.893113487535635,0.256,0.194,2.63488001843283e-20,c0,Clec16a,0.062,0.015872
9.27622848585513e-25,0.770230671562517,0.316,0.262,2.98972844099111e-20,c0,Zfp68,0.054,0.017064
1.04650720982209e-24,0.270306134196535,0.347,0.252,3.3728927372566e-20,c0,Dusp5,0.095,0.032965
1.13634085968933e-24,0.851651374138093,0.286,0.227,3.66242659077872e-20,c0,Smyd3,0.059,0.016874
1.37683272878753e-24,0.56794944069722,0.395,0.348,4.43753188488221e-20,c0,Celf1,0.047,0.018565
1.4994337652578e-24,0.276763141241726,0.596,0.514,4.83267502542591e-20,c0,Pnrc1,0.082,0.048872
1.54584655900781e-24,0.69834903082845,0.338,0.286,4.98226345968217e-20,c0,Abcf3,0.052,0.017576
1.59263755281837e-24,0.623033411169578,0.338,0.277,5.13307083273362e-20,c0,Aarsd1,0.061,0.020618
1.6779671054054e-24,0.563625024149734,0.404,0.359,5.4080879807216e-20,c0,Gcn1,0.045,0.01818
1.80960953562301e-24,0.587615447525058,0.392,0.348,5.83237153331298e-20,c0,Ggps1,0.044,0.017248
1.81862491990977e-24,0.331925022584838,0.545,0.508,5.86142811686919e-20,c0,Srsf9,0.037,0.020165
2.04405770960167e-24,0.602196126430762,0.366,0.313,6.58799799804619e-20,c0,Spsb3,0.053,0.019398
2.07342363146634e-24,0.251522990993366,0.659,0.567,6.68264436421603e-20,c0,Wnk1,0.0920000000000001,0.0606280000000001
2.80708645719675e-24,0.808276188191937,0.284,0.225,9.04723965154512e-20,c0,Amz2,0.059,0.016756
2.9962788982411e-24,0.709633028661635,0.314,0.255,9.65700688903105e-20,c0,Eif2ak3,0.059,0.018526
4.2238896788003e-24,0.683132361490965,0.356,0.311,1.36135964347734e-19,c0,Tars,0.045,0.01602
5.170020717626e-24,0.449148863707689,0.309,0.228,1.66629767729086e-19,c0,Ehd4,0.081,0.025029
5.41486650299633e-24,0.872329332880216,0.274,0.217,1.74521147391572e-19,c0,Gmeb2,0.057,0.015618
5.51603444622103e-24,0.452597642432482,0.345,0.259,1.77781790201704e-19,c0,Epb41l3,0.086,0.02967
5.57125127029362e-24,0.813619371168944,0.304,0.252,1.79561428441563e-19,c0,Tbc1d23,0.052,0.015808
5.83500882039347e-24,0.314618730945925,0.546,0.508,1.88062334281282e-19,c0,Elavl1,0.038,0.020748
6.46812759122309e-24,0.427558412041306,0.464,0.405,2.0846775226512e-19,c0,Mycbp2,0.059,0.027376
7.01303095786232e-24,0.660579708342296,0.266,0.196,2.26029987771903e-19,c0,Svip,0.07,0.01862
7.08109573273935e-24,0.568207830423346,0.401,0.358,2.28223715466189e-19,c0,Sec24a,0.043,0.017243
7.38410168296741e-24,0.435995707810318,0.46,0.412,2.3798959724204e-19,c0,Usp48,0.048,0.02208
7.83356129929282e-24,0.698721417127362,0.334,0.277,2.52475680676207e-19,c0,Sec61a2,0.057,0.019038
7.94076001312399e-24,0.550553837034117,0.401,0.36,2.55930695222986e-19,c0,Polr2b,0.041,0.016441
8.16380480839438e-24,0.325466730737712,0.55,0.521,2.63119428974551e-19,c0,Cyc1,0.029,0.01595
9.05518377750865e-24,0.491721997653865,0.439,0.404,2.91848573149104e-19,c0,Pmpcb,0.035,0.015365
1.02112420898356e-23,0.713968062113173,0.322,0.268,3.29108332555402e-19,c0,Med27,0.054,0.017388
1.14413593766442e-23,0.859970453996575,0.258,0.198,3.68755012709243e-19,c0,Wrb,0.06,0.01548
1.18998179901956e-23,0.472942203495101,0.433,0.393,3.83531133824004e-19,c0,Prcc,0.04,0.01732
1.19998923333577e-23,0.730639318642466,0.312,0.258,3.86756529904119e-19,c0,Rnf185,0.054,0.016848
1.2104738474903e-23,0.760575380334751,0.304,0.25,3.90135721046125e-19,c0,Apopt1,0.054,0.016416
1.24539565648442e-23,0.748108093949127,0.311,0.258,4.01391020084929e-19,c0,Ikbkg,0.053,0.016483
1.26077810899125e-23,0.636995107145298,0.263,0.191,4.06348784527879e-19,c0,Zfp428,0.072,0.018936
1.34931507341161e-23,0.566605808952206,0.326,0.255,4.34884248160561e-19,c0,Prkce,0.071,0.023146
1.36987329034421e-23,0.599921898057006,0.376,0.333,4.41510161477939e-19,c0,Ccz1,0.043,0.016168
1.70323705825937e-23,0.403239032089629,0.43,0.364,5.48953303876995e-19,c0,Ppp1r10,0.066,0.02838
1.81714964211194e-23,0.537015774024317,0.405,0.362,5.8566732965268e-19,c0,Fip1l1,0.043,0.017415
2.3424411513562e-23,0.786537566403933,0.26,0.198,7.54968783082102e-19,c0,Kbtbd4,0.062,0.01612
2.51157991067077e-23,0.363140674959714,0.497,0.442,8.09482205209188e-19,c0,Tubb5,0.055,0.027335
2.68834153683572e-23,0.634068322716912,0.342,0.287,8.66452477322152e-19,c0,Epn2,0.055,0.01881
2.74148300916665e-23,0.289756997495366,0.557,0.523,8.83579973854411e-19,c0,Ncl,0.034,0.018938
2.7821487393803e-23,0.883035443562265,0.26,0.203,8.9668653870227e-19,c0,Zbtb43,0.057,0.01482
3.02582184074136e-23,0.297080252448022,0.57,0.554,9.75222379270939e-19,c0,Oaz1,0.0159999999999999,0.00911999999999994
3.04046970429021e-23,0.549688465981906,0.392,0.342,9.79943385692734e-19,c0,Rnf220,0.05,0.0196
3.12120419802108e-23,0.907619124017111,0.253,0.196,1.00596411302219e-18,c0,Nr2c1,0.057,0.014421
3.25618174477632e-23,0.802278454118374,0.302,0.249,1.04946737634141e-18,c0,Tubgcp5,0.053,0.016006
3.38587753085579e-23,0.411538758563383,0.485,0.448,1.09126832819482e-18,c0,Btbd1,0.037,0.017945
3.61799796251377e-23,0.599129757682005,0.326,0.258,1.16608074331819e-18,c0,Snx32,0.068,0.022168
3.63738302868334e-23,0.534973242549151,0.339,0.267,1.17232855014464e-18,c0,Pcdhga7,0.072,0.024408
3.67168701936435e-23,0.604421431107632,0.374,0.331,1.18338472634113e-18,c0,Hectd1,0.043,0.016082
3.7080658305211e-23,0.542759346435992,0.405,0.363,1.19510961717695e-18,c0,Trim33,0.042,0.01701
4.77295369670963e-23,0.397357685085068,0.493,0.459,1.53832297644951e-18,c0,Dctn4,0.034,0.016762
4.80307079688746e-23,0.898417883697971,0.259,0.202,1.54802971783683e-18,c0,Cstf3,0.057,0.014763
4.816125922606e-23,0.897611564916021,0.26,0.204,1.55223738485591e-18,c0,Tdg,0.056,0.01456
5.26117166991853e-23,0.854689375815668,0.305,0.254,1.69567562921474e-18,c0,E2f6,0.051,0.015555
5.69378841856175e-23,0.713243089662011,0.278,0.216,1.83510800730245e-18,c0,Dut,0.062,0.017236
5.92391497114662e-23,0.361746268717375,0.469,0.409,1.90927779520055e-18,c0,Ppp2r5a,0.06,0.02814
6.0565647765908e-23,0.749576761525612,0.291,0.233,1.95203082749521e-18,c0,Pskh1,0.058,0.016878
6.89358178037682e-23,0.481767531148515,0.357,0.279,2.22180140781545e-18,c0,Cacng7,0.078,0.027846
7.156227375571e-23,0.253520496870285,0.601,0.546,2.30645208314653e-18,c0,Hacd3,0.0549999999999999,0.033055
7.38741245015211e-23,0.61740331106104,0.372,0.329,2.38096303268402e-18,c0,Afg3l2,0.043,0.015996
7.80802142854578e-23,0.278555130495047,0.517,0.433,2.51652530642031e-18,c0,Itpk1,0.084,0.043428
8.40647040286435e-23,0.494651860127132,0.391,0.33,2.70940541084318e-18,c0,Tmem181a,0.061,0.023851
8.87811420797503e-23,0.810813817996603,0.289,0.236,2.86141620923035e-18,c0,B4galt3,0.053,0.015317
9.58604990499597e-23,0.59931970857504,0.373,0.328,3.0895838843802e-18,c0,Ddx19a,0.045,0.016785
9.93949412247525e-23,0.649418406705884,0.37,0.329,3.20349895567377e-18,c0,Dennd4c,0.041,0.01517
1.44196022834881e-22,0.686913595767527,0.299,0.241,4.64743781596822e-18,c0,Ascc1,0.058,0.017342
1.70256400904762e-22,0.539061403650436,0.342,0.274,5.48736380116049e-18,c0,Tnk2,0.068,0.023256
1.96317594800821e-22,0.68627273486573,0.337,0.287,6.32731608043047e-18,c0,Zbtb21,0.05,0.01685
1.97974085583652e-22,0.819145303484136,0.28,0.224,6.38070477836112e-18,c0,Zcchc2,0.056,0.01568
2.28989303638273e-22,0.743995577642893,0.323,0.277,7.38032525626153e-18,c0,Kansl3,0.046,0.014858
2.29653991734963e-22,0.607333074081699,0.361,0.316,7.40174815361784e-18,c0,Pdcl,0.045,0.016245
2.30225963217187e-22,0.812144884477871,0.284,0.231,7.42018279448995e-18,c0,Prpf3,0.053,0.015052
2.35191944104902e-22,0.544167713965115,0.396,0.353,7.58023635850099e-18,c0,Tbc1d19,0.043,0.017028
2.60851924811998e-22,0.395743234498199,0.469,0.405,8.40725753669069e-18,c0,Zfp532,0.064,0.030016
2.67591886846201e-22,0.28542591008753,0.574,0.534,8.62448651305307e-18,c0,Mff,0.0399999999999999,0.02296
2.92005861370743e-22,0.533133102751796,0.383,0.336,9.41134891197904e-18,c0,Med8,0.047,0.018001
2.97911879462259e-22,0.686561463775688,0.307,0.252,9.60169987506861e-18,c0,Zkscan1,0.055,0.016885
3.12096392367165e-22,0.547795075264986,0.354,0.299,1.00588667259937e-17,c0,Tmem185a,0.055,0.01947
3.39828425810127e-22,0.754785279168602,0.291,0.237,1.09526701638604e-17,c0,Zcchc17,0.054,0.015714
3.47798132489745e-22,0.261327522215142,0.59,0.551,1.12095338101445e-17,c0,Napa,0.0389999999999999,0.02301
3.96031445596345e-22,0.748284291514661,0.317,0.269,1.27640934915702e-17,c0,Riok2,0.048,0.015216
5.54512575015839e-22,0.534690309928869,0.373,0.322,1.78719402927605e-17,c0,Hint3,0.051,0.019023
5.72763221207297e-22,0.73561161966796,0.322,0.275,1.84601586195112e-17,c0,Cir1,0.047,0.015134
6.37838970175691e-22,0.810684240838992,0.282,0.229,2.05575500087625e-17,c0,Tbrg4,0.053,0.014946
7.1812364096113e-22,0.306550820142007,0.424,0.334,2.31451249481772e-17,c0,Tspyl4,0.09,0.03816
7.60850856913684e-22,0.382831728625148,0.474,0.443,2.4522223118328e-17,c0,Fnta,0.031,0.014694
7.78319678515502e-22,0.314350359900748,0.462,0.376,2.50852432385546e-17,c0,Podxl2,0.086,0.039732
7.96600636600545e-22,0.422116356262761,0.469,0.438,2.56744385176356e-17,c0,Exoc5,0.031,0.014539
8.15494786818174e-22,0.461609137057168,0.435,0.386,2.62833969791497e-17,c0,Igip,0.049,0.021315
8.59383247353802e-22,0.531117898618897,0.404,0.369,2.7697922062213e-17,c0,Aggf1,0.035,0.01414
9.15648180914078e-22,0.852116710898903,0.294,0.248,2.95113408708607e-17,c0,Zup1,0.046,0.013524
1.62388246111536e-21,0.641801452950887,0.33,0.276,5.23377317217481e-17,c0,Mbd6,0.054,0.01782
1.95768359682431e-21,0.845029576006241,0.269,0.216,6.30961423256475e-17,c0,Dxo,0.053,0.014257
1.98525550374015e-21,0.677412928609453,0.276,0.215,6.39847848855451e-17,c0,Irak1bp1,0.061,0.016836
2.22897122427661e-21,0.658546943244686,0.338,0.292,7.18397425584351e-17,c0,Pphln1,0.046,0.015548
2.57626298079618e-21,0.594542379363792,0.364,0.316,8.30329558710608e-17,c0,Map3k3,0.048,0.017472
3.22541908419246e-21,0.577557920676339,0.374,0.332,1.03955257083523e-16,c0,Rab3gap1,0.042,0.015708
3.40797017900823e-21,0.623467488299573,0.356,0.315,1.09838878869435e-16,c0,Setd1b,0.041,0.014596
3.80030524408406e-21,0.508818542102078,0.364,0.311,1.22483838016829e-16,c0,Dnajb2,0.053,0.019292
3.84256676066593e-21,0.793500813322918,0.265,0.208,1.23845926696263e-16,c0,Mphosph6,0.057,0.015105
4.12719207013908e-21,0.815750093267283,0.283,0.232,1.33019400420583e-16,c0,Phka2,0.051,0.014433
4.54909176536489e-21,0.507938937388034,0.407,0.37,1.4661722759771e-16,c0,Smad2,0.037,0.015059
5.9581029890997e-21,0.58271578444251,0.377,0.333,1.92029659338683e-16,c0,Zfp384,0.044,0.016588
7.32982381150053e-21,0.392658764511461,0.475,0.441,2.36240221444662e-16,c0,Aup1,0.034,0.01615
7.77786023035419e-21,0.556977471551217,0.393,0.356,2.50680435224316e-16,c0,Ppig,0.037,0.014541
1.24436353865097e-20,0.526657789537752,0.407,0.376,4.01058368507208e-16,c0,Rnf20,0.031,0.012617
1.35854639143285e-20,0.490369918456224,0.412,0.373,4.37859501958807e-16,c0,Dstyk,0.039,0.016068
1.57894309466402e-20,0.614331908093875,0.349,0.308,5.08893359410215e-16,c0,Ppp1r8,0.041,0.014309
1.80741763482496e-20,0.707832282207377,0.309,0.263,5.82530703704086e-16,c0,Bod1l,0.046,0.014214
2.40742846921189e-20,0.599124540848108,0.363,0.322,7.75914195626991e-16,c0,Trip4,0.041,0.014883
2.49378983299469e-20,0.347695584366845,0.477,0.43,8.0374846317419e-16,c0,Tut7,0.047,0.022419
2.84025694835641e-20,0.404466345424719,0.463,0.431,9.15414814455272e-16,c0,Senp6,0.032,0.014816
2.9948741310765e-20,0.560339685379323,0.374,0.334,9.65247932445957e-16,c0,Nr2c2,0.04,0.01496
3.11771793393981e-20,0.306780776656899,0.525,0.482,1.0048404901088e-15,c0,Matr3,0.043,0.022575
3.27510426867853e-20,0.67896472867878,0.311,0.264,1.05556610579509e-15,c0,Ddx56,0.047,0.014617
3.43558155754586e-20,0.616051359764521,0.349,0.308,1.10728793599703e-15,c0,Sap30bp,0.041,0.014309
3.65765157507524e-20,0.586691616762149,0.373,0.334,1.17886110264675e-15,c0,Exoc6b,0.039,0.014547
3.91783883179886e-20,0.454905966857601,0.44,0.41,1.26271945548877e-15,c0,Cic,0.03,0.0132
3.92434602077843e-20,0.579820627528294,0.373,0.335,1.26481672249689e-15,c0,Foxj3,0.038,0.014174
4.13721648408896e-20,0.373898876354591,0.422,0.355,1.33342487282187e-15,c0,Myh10,0.067,0.028274
4.48234032495966e-20,0.281697109338053,0.555,0.52,1.4446582867345e-15,c0,Actr1a,0.035,0.019425
4.85420896820295e-20,0.584038349696442,0.366,0.325,1.56451155045181e-15,c0,Hdac4,0.041,0.015006
4.99881280075082e-20,0.648452740005919,0.341,0.298,1.61111736568199e-15,c0,Tbce,0.043,0.014663
5.46467182286509e-20,0.26542581126801,0.572,0.527,1.76126372850942e-15,c0,Hnrnpul2,0.0449999999999999,0.02574
5.51473149166665e-20,0.286040305359904,0.547,0.514,1.77739795976416e-15,c0,Taok1,0.033,0.018051
5.90793831162214e-20,0.421853337485987,0.441,0.408,1.90412851783582e-15,c0,Usp8,0.033,0.014553
6.34009038558634e-20,0.779196988542793,0.297,0.253,2.04341113127448e-15,c0,Zfp513,0.044,0.013068
8.29408528721241e-20,0.754612496795728,0.281,0.231,2.67318368806856e-15,c0,Zfp426,0.05,0.01405
8.33560050198129e-20,0.786242439739944,0.281,0.232,2.68656404178857e-15,c0,Rbm4b,0.049,0.013769
9.03294583701866e-20,0.603493750073049,0.34,0.292,2.91131844327111e-15,c0,Tmem161b,0.048,0.01632
9.25730315804424e-20,0.494393247599631,0.397,0.356,2.98362880783766e-15,c0,Smad5,0.041,0.016277
9.68420737196258e-20,0.753167532969461,0.289,0.241,3.12122003598354e-15,c0,Decr2,0.048,0.013872
1.08642160727292e-19,0.822229596082291,0.264,0.214,3.50153684024061e-15,c0,Fig4,0.05,0.0132
1.22194556232414e-19,0.655515895446554,0.292,0.242,3.93833054737072e-15,c0,Rundc1,0.05,0.0146
1.56342031391539e-19,0.844867393213604,0.258,0.209,5.03890367174929e-15,c0,Ercc6,0.049,0.012642
1.66110520404259e-19,0.535164728700465,0.37,0.329,5.35374207262927e-15,c0,Tbpl1,0.041,0.01517
2.14272622023798e-19,0.709510408675685,0.281,0.231,6.90600660782702e-15,c0,Cox19,0.05,0.01405
2.28514407339864e-19,0.664200809761908,0.321,0.278,7.36501934856382e-15,c0,Ate1,0.043,0.013803
2.34970295191823e-19,0.464773429629753,0.362,0.304,7.57309261403244e-15,c0,Homer1,0.058,0.020996
2.76639389401158e-19,0.712196362929121,0.281,0.23,8.91608752039931e-15,c0,Rabggta,0.051,0.014331
3.36898683971441e-19,0.570784796798496,0.293,0.236,1.08582445843995e-14,c0,Tgds,0.057,0.016701
3.67130060303337e-19,0.687689815920799,0.308,0.262,1.18326018435765e-14,c0,Tent4a,0.046,0.014168
4.67199887652746e-19,0.606555265665581,0.339,0.297,1.5057852379048e-14,c0,Arfrp1,0.042,0.014238
4.68830676569745e-19,0.528790511020417,0.368,0.326,1.51104127058429e-14,c0,Coq10a,0.042,0.015456
5.11118025338371e-19,0.820593366022185,0.272,0.227,1.64733339566557e-14,c0,Sart3,0.045,0.01224
5.54654702428413e-19,0.731202454210454,0.282,0.235,1.78765210592678e-14,c0,Nsrp1,0.047,0.013254
6.22525028169465e-19,0.374381505855668,0.447,0.393,2.00639816579019e-14,c0,Mef2a,0.054,0.024138
6.30657788389622e-19,0.499363688103788,0.4,0.368,2.03261005197975e-14,c0,Tnpo3,0.032,0.0128
6.38182247127349e-19,0.432057021138009,0.426,0.396,2.05686138249144e-14,c0,Aco2,0.03,0.01278
7.84330924539885e-19,0.565322585689461,0.353,0.309,2.52789856979205e-14,c0,Pcca,0.044,0.015532
1.08635232909959e-18,0.754327633537014,0.267,0.218,3.50131355668797e-14,c0,Zswim4,0.049,0.013083
1.12582649175123e-18,0.416050108777696,0.433,0.404,3.62853878291421e-14,c0,Larp4,0.029,0.012557
1.1287798829694e-18,0.704165166977926,0.313,0.272,3.63805756281037e-14,c0,Elp1,0.041,0.012833
1.15621675926523e-18,0.506535280484689,0.399,0.369,3.72648661511185e-14,c0,Sympk,0.03,0.01197
1.33239865717293e-18,0.640718007468551,0.337,0.3,4.29432087206835e-14,c0,Marf1,0.037,0.012469
1.3574826929193e-18,0.475394470115317,0.398,0.363,4.37516671927891e-14,c0,Ndufs1,0.035,0.01393
1.38234577281406e-18,0.817111492261873,0.263,0.215,4.45530042577973e-14,c0,Thap2,0.048,0.012624
1.42621604604105e-18,0.253711188921259,0.572,0.543,4.5966943163903e-14,c0,Hibadh,0.0289999999999999,0.016588
1.46226400443467e-18,0.916160579908027,0.251,0.205,4.71287688629294e-14,c0,Uvssa,0.046,0.011546
1.50280547193687e-18,0.722965441120776,0.288,0.241,4.84354203605254e-14,c0,Gle1,0.047,0.013536
2.31742822343949e-18,0.744804033324,0.273,0.226,7.46907116414549e-14,c0,Brpf1,0.047,0.012831
2.32186189260634e-18,0.69786511417772,0.284,0.236,7.48336087987023e-14,c0,Zfyve9,0.048,0.013632
2.32659073172689e-18,0.864953774706992,0.252,0.204,7.49860192835578e-14,c0,Ccdc58,0.048,0.012096
2.58621581177669e-18,0.655069073249709,0.319,0.277,8.33537356135628e-14,c0,Setx,0.042,0.013398
3.42253459048042e-18,0.496149010645591,0.377,0.336,1.10308289851184e-13,c0,Stam,0.041,0.015457
3.63468100728074e-18,0.667602225893902,0.314,0.272,1.17145768864658e-13,c0,Tsc1,0.042,0.013188
3.96644902448881e-18,0.641175673129667,0.322,0.281,1.27838652059274e-13,c0,Fam160b1,0.041,0.013202
4.44433852555704e-18,0.682786684999856,0.312,0.271,1.43241030678703e-13,c0,Zfp655,0.041,0.012792
4.6819609194302e-18,0.50754048209612,0.392,0.36,1.50899600433235e-13,c0,Rnf214,0.032,0.012544
4.88028461864951e-18,0.579392829982571,0.348,0.313,1.57291573259074e-13,c0,Wbp4,0.035,0.01218
5.200641482989e-18,0.482588271454254,0.385,0.343,1.67616674996735e-13,c0,Atg13,0.042,0.01617
5.37768181692533e-18,0.554963658199174,0.37,0.338,1.73322684959503e-13,c0,U2af1,0.032,0.01184
5.40511394049961e-18,0.538362086191313,0.365,0.325,1.74206822302303e-13,c0,Sesn1,0.04,0.0146
5.4402711246297e-18,0.420642062519561,0.376,0.31,1.75339938346815e-13,c0,Plcb4,0.066,0.024816
6.46628798103592e-18,0.698447576752517,0.315,0.278,2.08408461628788e-13,c0,Zfp410,0.037,0.011655
7.3182179058341e-18,0.399076257790949,0.454,0.438,2.35866163105033e-13,c0,Tex261,0.016,0.00726400000000001
7.41733381079655e-18,0.550750030758227,0.344,0.301,2.39060668721973e-13,c0,Alkbh6,0.043,0.014792
8.3710932027405e-18,0.44425522285484,0.425,0.397,2.69800333924326e-13,c0,Acbd3,0.028,0.0119
8.44017558280671e-18,0.724767986217534,0.274,0.225,2.7202685903386e-13,c0,H2afx,0.049,0.013426
8.78615308720172e-18,0.710445097587558,0.301,0.261,2.83177714000511e-13,c0,Mynn,0.04,0.01204
9.70401236614056e-18,0.782470277534715,0.273,0.228,3.1276031856071e-13,c0,Fam98c,0.045,0.012285
1.1664421036853e-17,0.743824611490506,0.289,0.247,3.75944290017773e-13,c0,Trim23,0.042,0.012138
1.17148980914388e-17,0.713777025118012,0.303,0.262,3.77571165487071e-13,c0,Dcaf15,0.041,0.012423
1.19492685828602e-17,0.643743990825751,0.334,0.297,3.85124926425586e-13,c0,Zfp330,0.037,0.012358
1.38057369845036e-17,0.722974524395936,0.261,0.211,4.4495890301055e-13,c0,Amn1,0.05,0.01305
1.42126180407612e-17,0.771922997475708,0.263,0.218,4.58072679453734e-13,c0,Cdyl,0.045,0.011835
1.43777506256875e-17,0.448694154341907,0.403,0.37,4.63394902665909e-13,c0,Rabggtb,0.033,0.013299
1.53311251417038e-17,0.708387055167795,0.28,0.232,4.94122163317113e-13,c0,Zfp799,0.048,0.01344
1.70287388932016e-17,0.372357792702802,0.462,0.438,5.48836254527886e-13,c0,Sec24c,0.024,0.011088
1.88153480040658e-17,0.725542994999199,0.292,0.25,6.0641866617104e-13,c0,Zfp639,0.042,0.012264
2.0070134386751e-17,0.271539952252548,0.536,0.5,6.46860431284984e-13,c0,Ide,0.036,0.019296
2.05375160224635e-17,0.442839556418242,0.422,0.397,6.61924141403999e-13,c0,Wipi2,0.025,0.01055
2.13775780647443e-17,0.376808157165033,0.456,0.432,6.88999341026708e-13,c0,Nsfl1c,0.024,0.010944
2.27659541892825e-17,0.459042610193022,0.398,0.371,7.33746703520577e-13,c0,Wtap,0.027,0.010746
2.80839450480897e-17,0.702361287483641,0.288,0.243,9.05145548899931e-13,c0,Abhd11,0.045,0.01296
3.39208463266976e-17,0.557053399701502,0.354,0.317,1.09326887710946e-12,c0,Ccnc,0.037,0.013098
3.50070578839648e-17,0.395835179751085,0.448,0.423,1.12827747560018e-12,c0,Cox6c,0.025,0.0112
3.76863896413699e-17,0.572254684652622,0.293,0.236,1.21463233814135e-12,c0,Btbd8,0.057,0.016701
3.78011194719527e-17,0.659722345924702,0.268,0.219,1.21833008058104e-12,c0,Eid2,0.049,0.013132
4.02211113246076e-17,0.520165840963543,0.361,0.323,1.2963264179921e-12,c0,Lsm7,0.038,0.013718
4.04398122449308e-17,0.577392204756654,0.344,0.306,1.30337514865412e-12,c0,Ubr1,0.038,0.013072
4.14652458144427e-17,0.823345683162611,0.255,0.212,1.33642487259949e-12,c0,Tubgcp4,0.043,0.010965
4.44951026991502e-17,0.416567645319181,0.423,0.39,1.43407715999361e-12,c0,Pofut1,0.033,0.013959
5.12011885873237e-17,0.594943525224851,0.351,0.32,1.65021430816944e-12,c0,Mark2,0.031,0.010881
5.64160606126369e-17,0.726013818494011,0.281,0.236,1.81828963354529e-12,c0,Znhit6,0.045,0.012645
5.65076902792029e-17,0.498535907900813,0.38,0.349,1.82124285769871e-12,c0,Trip11,0.031,0.01178
7.10639682987635e-17,0.551005771347284,0.371,0.344,2.29039169826915e-12,c0,Vps51,0.027,0.010017
7.82912158984944e-17,0.837186355367564,0.25,0.208,2.52332588840847e-12,c0,Lsg1,0.042,0.0105
8.22387587930021e-17,0.381454401091744,0.41,0.373,2.65055519589846e-12,c0,Dmwd,0.037,0.01517
8.23679088072141e-17,0.432802463596881,0.423,0.396,2.65471770085651e-12,c0,Itch,0.027,0.011421
8.37501034514398e-17,0.541181596184728,0.319,0.273,2.6992658342399e-12,c0,Ngrn,0.046,0.014674
1.02406022805865e-16,0.422949320405467,0.42,0.388,3.30054611503304e-12,c0,Set,0.032,0.01344
1.10042710380726e-16,0.420990836850106,0.426,0.404,3.5466765555708e-12,c0,Ireb2,0.022,0.00937199999999998
1.17489859556818e-16,0.74153183300588,0.255,0.208,3.78669817351625e-12,c0,Rabif,0.047,0.011985
1.17530868170752e-16,0.494031524063274,0.27,0.207,3.78801988114335e-12,c0,Osbpl6,0.063,0.01701
1.22925974151348e-16,0.452684902537396,0.408,0.38,3.96190414689795e-12,c0,Seh1l,0.028,0.011424
1.25594966449348e-16,0.463151985440445,0.4,0.365,4.0479257686625e-12,c0,Pan3,0.035,0.014
1.29716583055829e-16,0.551271528366149,0.346,0.308,4.18076547188937e-12,c0,Dnajb14,0.038,0.013148
1.35294175196864e-16,0.605510216732514,0.337,0.303,4.36053126659492e-12,c0,Fer,0.034,0.011458
1.4034913292022e-16,0.741260095827098,0.282,0.24,4.52345255401869e-12,c0,Usp36,0.042,0.011844
1.51417455428903e-16,0.545663158999272,0.329,0.282,4.88018458847355e-12,c0,Guf1,0.047,0.015463
1.60221807763843e-16,0.508015168224845,0.274,0.218,5.16394886422867e-12,c0,Slc25a10,0.056,0.015344
3.50206949027823e-16,0.592328331013193,0.329,0.291,1.12871699671668e-11,c0,Rfc2,0.038,0.012502
3.51467896058987e-16,0.772068861894679,0.277,0.238,1.13278102899812e-11,c0,Ilkap,0.039,0.010803
4.20311067050106e-16,0.646554766482666,0.288,0.245,1.35466256910249e-11,c0,Gtpbp8,0.043,0.012384
4.71468060408416e-16,0.339584043735235,0.429,0.378,1.51954155869633e-11,c0,Pitpnc1,0.051,0.021879
4.96713692251764e-16,0.27766512288163,0.53,0.51,1.60090823012743e-11,c0,Ndufa12,0.02,0.0106
5.19878234901625e-16,0.371673394551819,0.43,0.393,1.67556755108794e-11,c0,Aig1,0.037,0.01591
5.29887040049268e-16,0.757490074606027,0.258,0.216,1.70782593007879e-11,c0,Rnf25,0.042,0.010836
6.2169458649483e-16,0.474556407545995,0.394,0.365,2.00372165227284e-11,c0,Rpe,0.029,0.011426
6.26540110213848e-16,0.588221655704962,0.292,0.248,2.01933877521923e-11,c0,Pdk3,0.044,0.012848
6.5117179342144e-16,0.720014524774542,0.274,0.234,2.0987266901973e-11,c0,Zfp777,0.04,0.01096
6.65389536821004e-16,0.425062883649074,0.413,0.389,2.1445504771741e-11,c0,Wasl,0.024,0.00991199999999999
1.01794288774521e-15,0.58347682793742,0.273,0.225,3.28082992720282e-11,c0,Ska2,0.048,0.013104
1.0347274776363e-15,0.512057974513849,0.369,0.342,3.33492666042178e-11,c0,Sart1,0.027,0.00996299999999999
1.04948593091559e-15,0.684687447220939,0.271,0.228,3.38249315534095e-11,c0,Eif1ad,0.043,0.011653
1.15456630371511e-15,0.300725781973565,0.493,0.474,3.72116719687379e-11,c0,Slk,0.019,0.00936700000000001
1.28183483692515e-15,0.439780950155545,0.398,0.366,4.13135367940977e-11,c0,Pogz,0.032,0.012736
1.30135776931567e-15,0.541819777143596,0.358,0.329,4.19427609050442e-11,c0,Med1,0.029,0.010382
1.31420710805525e-15,0.382395211053989,0.252,0.188,4.23568950926208e-11,c0,Ppm1e,0.064,0.016128
1.3435681000783e-15,0.488591588523338,0.384,0.361,4.33031998655237e-11,c0,Zfyve16,0.023,0.00883200000000001
1.43731168359473e-15,0.507643546563965,0.379,0.352,4.63245555622582e-11,c0,Phf3,0.027,0.010233
1.49289110615192e-15,0.771635173411059,0.256,0.215,4.81158803512764e-11,c0,Esf1,0.041,0.010496
1.69328218261951e-15,0.480736377620854,0.285,0.228,5.45744847458269e-11,c0,Chn1,0.057,0.016245
1.71729230444389e-15,0.389267127307025,0.433,0.409,5.53483309722264e-11,c0,Rabgap1,0.024,0.010392
1.81387262256832e-15,0.460989521925744,0.386,0.354,5.84611146253768e-11,c0,Fbxw5,0.032,0.012352
1.94957874748464e-15,0.415770190958051,0.409,0.386,6.28349230314301e-11,c0,Maf1,0.023,0.00940699999999998
1.96031347592145e-15,0.327766084576767,0.477,0.457,6.31809033289482e-11,c0,Nap1l4,0.02,0.00953999999999998
2.00324081020782e-15,0.322128733443794,0.474,0.454,6.4564451312998e-11,c0,Prpf19,0.02,0.00947999999999998
2.02097142778055e-15,0.693520086075237,0.281,0.241,6.51359091173671e-11,c0,Hira,0.04,0.01124
2.13814684867842e-15,0.613841795352162,0.315,0.281,6.89124729329054e-11,c0,Caml,0.034,0.01071
2.15511854772376e-15,0.700631541602283,0.257,0.214,6.94594707931369e-11,c0,Dnajc11,0.043,0.011051
2.18591331755441e-15,0.492738084637547,0.385,0.358,7.04519862247785e-11,c0,Nbeal1,0.027,0.010395
2.81029427923126e-15,0.712897313326557,0.27,0.229,9.05757846196234e-11,c0,Naf1,0.041,0.01107
3.08979624121685e-15,0.31849559138519,0.365,0.313,9.95841328544189e-11,c0,Ddit3,0.052,0.01898
3.10892833793513e-15,0.648790919061019,0.292,0.252,1.00200760331649e-10,c0,Ern1,0.04,0.01168
3.25616837740597e-15,0.773546243357248,0.278,0.243,1.04946306803794e-10,c0,Mplkip,0.035,0.00973000000000001
3.43218801183457e-15,0.582012107519376,0.35,0.324,1.10619419621428e-10,c0,Rspry1,0.026,0.00909999999999999
3.90099268292729e-15,0.572780226512975,0.348,0.321,1.25728994170747e-10,c0,Parg,0.027,0.00939599999999999
4.22745624936932e-15,0.410877321524227,0.405,0.375,1.36250914917173e-10,c0,Tomm70a,0.03,0.01215
4.38373238071248e-15,0.487962078121464,0.321,0.276,1.41287694630363e-10,c0,As3mt,0.045,0.014445
4.45333434066839e-15,0.74155279530087,0.257,0.215,1.43530965799742e-10,c0,Zfp346,0.042,0.010794
4.6105798856423e-15,0.549697676373447,0.334,0.297,1.48598989714251e-10,c0,Zdhhc21,0.037,0.012358
4.69320492034127e-15,0.328441369945005,0.459,0.439,1.51261994582599e-10,c0,Pcmt1,0.02,0.00918000000000001
4.84312348888857e-15,0.653839588012156,0.304,0.272,1.56093870046879e-10,c0,Cbfa2t2,0.032,0.00972799999999999
6.03554814420597e-15,0.713211231364346,0.279,0.244,1.94525716687758e-10,c0,Gpatch2,0.035,0.00976500000000001
6.46484099611366e-15,0.263297405550036,0.515,0.491,2.08361825304743e-10,c0,Klhl9,0.024,0.01236
7.1177144452327e-15,0.461840266946203,0.252,0.193,2.2940393656985e-10,c0,Gca,0.059,0.014868
7.33772097097241e-15,0.648750880733338,0.303,0.271,2.36494746894441e-10,c0,Nelfa,0.032,0.00969599999999999
7.990077469233e-15,0.635711224078445,0.301,0.263,2.5752019683338e-10,c0,Adnp2,0.038,0.011438
8.51143632249732e-15,0.730581928958101,0.275,0.238,2.74323592674089e-10,c0,Vwa8,0.037,0.010175
9.5020071530518e-15,0.350558107664933,0.44,0.402,3.06249690542859e-10,c0,Phip,0.038,0.01672
9.88237579151242e-15,0.459979112688059,0.379,0.352,3.18508971760445e-10,c0,Ubxn6,0.027,0.010233
1.02201648694576e-14,0.508101161166606,0.341,0.31,3.29395913742619e-10,c0,Abcf1,0.031,0.010571
1.03811258457736e-14,0.57860886186815,0.294,0.251,3.34583686009285e-10,c0,Lnpk,0.043,0.012642
1.06926211771596e-14,0.643377532888896,0.31,0.28,3.44623180539855e-10,c0,Zfp26,0.03,0.00929999999999999
1.09354260327354e-14,0.270708978278403,0.522,0.514,3.52448781035063e-10,c0,Ap1g1,0.00800000000000001,0.004176
1.12675880115248e-14,0.329418695958057,0.47,0.451,3.63154361611444e-10,c0,Pip4p1,0.019,0.00892999999999998
1.15534946829001e-14,0.313305944423225,0.487,0.458,3.72369133629871e-10,c0,Crebbp,0.029,0.014123
1.21954144702719e-14,0.543812564754848,0.344,0.316,3.93058208376862e-10,c0,Morc2a,0.028,0.00963199999999999
1.36219517125119e-14,0.46220041539316,0.384,0.362,4.39035503694259e-10,c0,Sh2b1,0.022,0.00844800000000001
1.72681994781196e-14,0.443029514709177,0.398,0.372,5.56554069179795e-10,c0,Map3k2,0.026,0.010348
1.86746325485509e-14,0.540480304447487,0.343,0.313,6.01883407039795e-10,c0,Washc1,0.03,0.01029
1.90643411971018e-14,0.516136667207161,0.361,0.334,6.1444371678259e-10,c0,Hmbox1,0.027,0.00974699999999999
2.06502592431915e-14,0.623342457626675,0.289,0.248,6.65557855408063e-10,c0,Shmt2,0.041,0.011849
2.3626776771692e-14,0.624436939167257,0.322,0.296,7.61491015351633e-10,c0,Cog3,0.026,0.00837200000000001
2.96158095294243e-14,0.476482067396446,0.367,0.34,9.54517541133344e-10,c0,Coq2,0.027,0.00990899999999999
2.97728710794372e-14,0.660399724095442,0.274,0.234,9.59579634890261e-10,c0,Iqcc,0.04,0.01096
3.2635135625863e-14,0.700574824618502,0.26,0.222,1.05183042122157e-09,c0,Actr8,0.038,0.00988
3.35717953308909e-14,0.569040963625516,0.279,0.237,1.08201896351461e-09,c0,Exosc4,0.042,0.011718
3.46458644713952e-14,0.573104545680392,0.309,0.274,1.11663621191307e-09,c0,Ube3b,0.035,0.010815
4.20635129184585e-14,0.741347147033194,0.253,0.215,1.35570702136192e-09,c0,Pcid2,0.038,0.009614
4.3919628406004e-14,0.331343590567427,0.461,0.443,1.41552962352551e-09,c0,Nudc,0.018,0.00829800000000001
4.4053461369952e-14,0.321861610157783,0.471,0.446,1.41984305995355e-09,c0,Glt8d1,0.025,0.011775
4.51684932950793e-14,0.726947372881466,0.287,0.256,1.45578053890041e-09,c0,Zzef1,0.031,0.00889699999999999
5.6632881485395e-14,0.464613528592554,0.379,0.354,1.82527777027428e-09,c0,Chordc1,0.025,0.00947500000000001
5.74385967711064e-14,0.438213498598441,0.383,0.354,1.85124597393276e-09,c0,Copg2,0.029,0.011107
6.25441088835094e-14,0.758567925243828,0.255,0.22,2.01579662931551e-09,c0,Bms1,0.035,0.008925
6.28462291059996e-14,0.636958902988843,0.286,0.251,2.02553396408637e-09,c0,Uqcc1,0.035,0.01001
6.40759915802885e-14,0.665675701812114,0.253,0.212,2.0651692086327e-09,c0,Crcp,0.041,0.010373
6.55823500892233e-14,0.644962883399927,0.286,0.249,2.11371914337567e-09,c0,Pip5k1a,0.037,0.010582
6.57260449328877e-14,0.643881367799968,0.292,0.255,2.11835042818697e-09,c0,Zbtb11,0.037,0.010804
6.79198120981766e-14,0.510530988637003,0.343,0.314,2.18905554392423e-09,c0,Utp6,0.029,0.00994700000000001
6.98355851558102e-14,0.552232535170217,0.341,0.313,2.25080090957176e-09,c0,Slc25a46,0.028,0.00954800000000001
7.11277186382392e-14,0.504173928526547,0.365,0.344,2.29244637171045e-09,c0,Dctn5,0.021,0.00766500000000001
7.49093993126671e-14,0.33634954192853,0.464,0.45,2.41432993984726e-09,c0,Mob4,0.014,0.00649600000000001
7.49488114965411e-14,0.61654566640504,0.292,0.257,2.41560019453352e-09,c0,Pigm,0.035,0.01022
7.86238005358525e-14,0.508045737699523,0.337,0.306,2.53404509127053e-09,c0,Vipas39,0.031,0.010447
8.37032365960956e-14,0.652673149280217,0.277,0.241,2.69775531549216e-09,c0,Psmd9,0.036,0.00997200000000001
8.56781274484095e-14,0.557040485241193,0.339,0.314,2.76140604766224e-09,c0,Uhrf2,0.025,0.00847500000000001
8.66194888717466e-14,0.421557928175553,0.369,0.336,2.79174612633639e-09,c0,Lman2l,0.033,0.012177
8.7555987266715e-14,0.534365171479304,0.317,0.284,2.82192946960622e-09,c0,Tfip11,0.033,0.010461
1.05422706231072e-13,0.376019652652047,0.427,0.405,3.39777382182745e-09,c0,Arid1a,0.022,0.00939399999999998
1.11297335079148e-13,0.446638053714657,0.383,0.358,3.58711310960093e-09,c0,Zfp664,0.025,0.00957500000000001
1.15696974594534e-13,0.548728323398315,0.341,0.313,3.72891349118182e-09,c0,Sbf2,0.028,0.00954800000000001
1.24823553211085e-13,0.540674712209474,0.29,0.244,4.02306311999326e-09,c0,Ap3m2,0.046,0.01334
1.2577195769679e-13,0.537875706952297,0.299,0.254,4.05363019656756e-09,c0,Pcdhga6,0.045,0.013455
1.26127704477575e-13,0.683147127893894,0.271,0.236,4.06509591531223e-09,c0,Zbtb24,0.035,0.00948500000000001
1.27534274625933e-13,0.292525206735891,0.495,0.486,4.11042967119381e-09,c0,Tcea1,0.00900000000000001,0.004455
1.47271417655646e-13,0.584683851146142,0.302,0.27,4.74655779104147e-09,c0,Arl6ip4,0.032,0.00966399999999999
1.49481754351379e-13,0.663361239138515,0.285,0.252,4.81779694274494e-09,c0,Foxj2,0.033,0.00940499999999999
1.51757704858023e-13,0.392930525898474,0.403,0.364,4.89115082757408e-09,c0,Ahdc1,0.039,0.015717
1.67945849828529e-13,0.728184723048051,0.25,0.214,5.41289473997348e-09,c0,Champ1,0.036,0.009
1.78979024709203e-13,0.426201176941444,0.398,0.375,5.76849396637762e-09,c0,Ubn1,0.023,0.00915400000000001
1.84011839586065e-13,0.602110136118351,0.32,0.294,5.93070158985888e-09,c0,Tgfbrap1,0.026,0.00832000000000001
2.31660856072954e-13,0.68807432093965,0.268,0.234,7.4664293912313e-09,c0,Tmpo,0.034,0.009112
2.33393887164848e-13,0.554603037561046,0.33,0.304,7.52228498332306e-09,c0,Spast,0.026,0.00858000000000001
2.48817750553036e-13,0.488081672496571,0.363,0.338,8.01939610032436e-09,c0,Ssbp1,0.025,0.00907499999999999
2.5513162118649e-13,0.630340482080662,0.29,0.257,8.22289215084058e-09,c0,Angel2,0.033,0.00956999999999999
2.67577124790671e-13,0.510269962952888,0.354,0.328,8.62401073200332e-09,c0,Mbtd1,0.026,0.00920399999999999
2.77548720569061e-13,0.635073440838794,0.289,0.256,8.94539526394084e-09,c0,Rbm28,0.033,0.00953699999999999
2.812366063217e-13,0.635502172763657,0.274,0.237,9.06425582174838e-09,c0,Cebpz,0.037,0.010138
2.86023191258538e-13,0.620184893262416,0.276,0.238,9.21852745426269e-09,c0,Borcs7,0.038,0.010488
2.98053219191389e-13,0.477529184521261,0.344,0.314,9.60625525453846e-09,c0,Irf2bp1,0.03,0.01032
3.86391127521661e-13,0.25483084440881,0.517,0.472,1.24533860400231e-08,c0,Atrx,0.045,0.023265
4.4518494884028e-13,0.419627113343496,0.378,0.352,1.43483109011222e-08,c0,Klhl11,0.026,0.00982800000000001
4.90469324365963e-13,0.484195621473221,0.35,0.319,1.5807826324315e-08,c0,Nfx1,0.031,0.01085
5.20999472019258e-13,0.342952646677688,0.452,0.447,1.67918129831807e-08,c0,Tmem127,0.005,0.00226
6.33101898197339e-13,0.540607331578519,0.335,0.31,2.04048741789002e-08,c0,Pggt1b,0.025,0.00837500000000001
6.44502191310634e-13,0.356921976463735,0.436,0.415,2.07723056259417e-08,c0,Nudcd3,0.021,0.00915600000000001
6.75463814331673e-13,0.70044198869516,0.262,0.228,2.17701987359098e-08,c0,Rmnd1,0.034,0.008908
7.28343547375378e-13,0.594028974430204,0.266,0.23,2.34745125319084e-08,c0,Asb8,0.036,0.009576
7.82993304771993e-13,0.682064902793448,0.252,0.216,2.52358742128013e-08,c0,Prmt5,0.036,0.009072
7.84662307166114e-13,0.469655996785176,0.352,0.324,2.52896661599639e-08,c0,BC005624,0.028,0.00985599999999999
8.03968702420172e-13,0.616427685862581,0.28,0.245,2.59119112790021e-08,c0,Castor2,0.035,0.00980000000000001
8.4783916464369e-13,0.462697559736878,0.372,0.35,2.73258562764661e-08,c0,Dnpep,0.022,0.00818400000000001
8.49447302587186e-13,0.465439064089454,0.376,0.348,2.7377686562385e-08,c0,Bcl2l2,0.028,0.010528
9.06604762672174e-13,0.622135455929071,0.25,0.211,2.92198715009242e-08,c0,Thap4,0.039,0.00975
9.30674748935192e-13,0.58066703295534,0.3,0.268,2.99956471581812e-08,c0,Erg28,0.032,0.00959999999999999
9.50343540535006e-13,0.456903547242517,0.386,0.367,3.06295723114432e-08,c0,Eftud2,0.019,0.00733400000000001
9.6709807449034e-13,0.351787117139508,0.432,0.418,3.11695709408237e-08,c0,Rad21,0.014,0.00604800000000001
1.04043131691453e-12,0.526592899379773,0.332,0.307,3.35331013441553e-08,c0,Pi4k2a,0.025,0.00830000000000001
1.14229118636749e-12,0.462776003884908,0.374,0.355,3.68160449366241e-08,c0,Thrap3,0.019,0.00710600000000001
1.18627116467873e-12,0.561366075297747,0.32,0.29,3.82335196375955e-08,c0,Usp3,0.03,0.00960000000000001
1.43231776781545e-12,0.628593515091788,0.27,0.235,4.6163601656692e-08,c0,Aptx,0.035,0.00945000000000001
1.50457623568545e-12,0.612426801925094,0.283,0.248,4.8492492076142e-08,c0,Naa40,0.035,0.00990499999999999
1.54889479003666e-12,0.251443336315049,0.508,0.499,4.99208790828816e-08,c0,Ppp6r1,0.00900000000000001,0.004572
1.58232961197242e-12,0.500355364762781,0.347,0.322,5.09984833938711e-08,c0,Hat1,0.025,0.00867499999999999
1.5862590841234e-12,0.348367185342322,0.425,0.407,5.11251302812973e-08,c0,Arl8b,0.018,0.00765000000000001
2.08077363690391e-12,0.617760232796627,0.274,0.24,6.7063334317413e-08,c0,Lin52,0.034,0.00931600000000001
2.08111819536711e-12,0.529344624438887,0.319,0.288,6.70744394366818e-08,c0,Patl1,0.031,0.00988900000000001
2.27502307574486e-12,0.471820410426214,0.365,0.342,7.33239937312567e-08,c0,Zfp451,0.023,0.00839499999999999
2.57833265784102e-12,0.450616876390752,0.368,0.343,8.3099661562216e-08,c0,Ring1,0.025,0.00919999999999999
3.381077636009e-12,0.321996201675045,0.43,0.405,1.0897213220857e-07,c0,Bicd2,0.025,0.01075
3.9174120402055e-12,0.713237409270616,0.25,0.215,1.26258190055823e-07,c0,Ddx19b,0.035,0.00875
4.27317737525589e-12,0.698403439161837,0.263,0.233,1.37724506804497e-07,c0,Efl1,0.03,0.00789
4.52594313536366e-12,0.549117995545131,0.318,0.291,1.45871147252771e-07,c0,Htatsf1,0.027,0.00858600000000001
4.59374889031691e-12,0.428820720657318,0.254,0.202,1.48056526734914e-07,c0,Zcchc18,0.052,0.013208
5.07325640856534e-12,0.25993679259553,0.483,0.47,1.63511054048061e-07,c0,Arhgap5,0.013,0.006279
6.353328215411e-12,0.596705449623326,0.297,0.269,2.04767768382697e-07,c0,Taf8,0.028,0.00831599999999999
7.0207580080317e-12,0.632426806435963,0.265,0.23,2.26279030598862e-07,c0,Taf7,0.035,0.009275
7.06465171216103e-12,0.519998640807872,0.325,0.301,2.2769372468295e-07,c0,Hypk,0.024,0.00780000000000001
7.81927664698068e-12,0.54836845244548,0.312,0.286,2.52015286332187e-07,c0,Med23,0.026,0.00811200000000001
7.89805858022014e-12,0.417202264556752,0.359,0.327,2.54554428040495e-07,c0,Hagh,0.032,0.011488
8.27389758114332e-12,0.25346903329493,0.384,0.332,2.66667719040249e-07,c0,Trib1,0.052,0.019968
9.92378308458797e-12,0.677443239296585,0.271,0.242,3.1984352881627e-07,c0,Eif2d,0.029,0.00785900000000001
1.04745619780051e-11,0.575087284764864,0.283,0.251,3.37595132551104e-07,c0,Wdfy1,0.032,0.00905599999999999
1.13961644873426e-11,0.383530378507471,0.407,0.39,3.67298381427051e-07,c0,Ambra1,0.017,0.00691899999999998
1.22701243591019e-11,0.423840513981995,0.374,0.349,3.95466108093853e-07,c0,Dip2b,0.025,0.00935000000000001
1.29219117765904e-11,0.379613102637294,0.402,0.384,4.1647321655951e-07,c0,Naa15,0.018,0.00723600000000001
1.34458469955293e-11,0.484819645822671,0.328,0.301,4.33359648665909e-07,c0,Mosmo,0.027,0.00885600000000001
1.47298368585015e-11,0.331117541113066,0.443,0.43,4.74742641949503e-07,c0,Yy1,0.013,0.005759
1.72940477138623e-11,0.325050553224832,0.441,0.434,5.5738715781778e-07,c0,Ppp6c,0.00700000000000001,0.003087
1.7982220846509e-11,0.356967392303993,0.406,0.39,5.79566977882984e-07,c0,Exoc3,0.016,0.00649600000000001
1.91244276463532e-11,0.603999285891854,0.284,0.257,6.16380303041964e-07,c0,Heatr5b,0.027,0.00766799999999999
2.24405399903294e-11,0.271482976508721,0.354,0.305,7.23258603888318e-07,c0,Tfrc,0.049,0.017346
2.43378448435421e-11,0.297668036838633,0.471,0.463,7.84408739307361e-07,c0,Cand1,0.00799999999999995,0.00376799999999998
2.60103314486435e-11,0.52419046035928,0.322,0.299,8.38312982589779e-07,c0,Golga5,0.023,0.00740600000000001
2.61627706444317e-11,0.424143885352049,0.342,0.317,8.43226097870034e-07,c0,Amd1,0.025,0.00855000000000001
2.70202594342177e-11,0.598551123567949,0.262,0.228,8.70862961564838e-07,c0,Rwdd4a,0.034,0.008908
2.71661769559723e-11,0.360793040755224,0.397,0.371,8.75565883290988e-07,c0,Kdm4a,0.026,0.010322
3.12127635300669e-11,0.635497338841902,0.296,0.274,1.00598736857406e-06,c0,Stag1,0.022,0.00651199999999999
3.22387789545581e-11,0.375490062892995,0.396,0.379,1.03905584570541e-06,c0,Prelid1,0.017,0.00673200000000001
3.53973060814908e-11,0.634869254661701,0.261,0.231,1.14085517500645e-06,c0,Brix1,0.03,0.00783
4.78893536528096e-11,0.463841824655804,0.335,0.311,1.54347386823005e-06,c0,Ift52,0.024,0.00804000000000001
5.31872018946764e-11,0.524096936291542,0.293,0.259,1.71422351706542e-06,c0,Akap7,0.034,0.00996199999999999
5.45015411015136e-11,0.665482561678116,0.262,0.233,1.75658466970178e-06,c0,Proser1,0.029,0.007598
5.77814779869683e-11,0.434946069653233,0.37,0.355,1.86229703551999e-06,c0,Gatad2a,0.015,0.00555
5.81439500607604e-11,0.351159702708524,0.412,0.4,1.87397951045831e-06,c0,Impa1,0.012,0.00494399999999998
6.24338867862259e-11,0.390645593807059,0.358,0.324,2.01224417112006e-06,c0,Ehbp1,0.034,0.012172
6.31978828626859e-11,0.369395423828375,0.41,0.394,2.03686776466437e-06,c0,Smarca5,0.016,0.00655999999999998
6.61491695832772e-11,0.605947466782214,0.268,0.239,2.13198773566902e-06,c0,Slc9a8,0.029,0.00777200000000001
6.86168886082005e-11,0.489428860845141,0.299,0.27,2.2115223198423e-06,c0,Slc25a44,0.029,0.00867099999999999
7.38338937212378e-11,0.463243599824199,0.339,0.317,2.3796663946355e-06,c0,Sdhaf2,0.022,0.00745800000000001
7.86011299448235e-11,0.5172388022687,0.335,0.315,2.53331441812166e-06,c0,Zyg11b,0.02,0.00670000000000001
8.19578609115496e-11,0.651261727559608,0.259,0.229,2.64150185717924e-06,c0,Gtf3c5,0.03,0.00777
8.37260278278073e-11,0.379369646115379,0.374,0.35,2.69848987689023e-06,c0,Tsnax,0.024,0.00897600000000001
9.98264663090609e-11,0.462846235635149,0.313,0.281,3.21740700914103e-06,c0,DEPRECATED-ENSMUSG00000025025,0.032,0.010016
1.05530161121621e-10,0.517912566394764,0.319,0.297,3.40123709294986e-06,c0,Ercc3,0.022,0.00701800000000001
1.10624654863386e-10,0.721806727099015,0.27,0.248,3.56543262624692e-06,c0,Ddx10,0.022,0.00594000000000001
1.1882589967774e-10,0.632724672283382,0.27,0.244,3.82975874661356e-06,c0,DEPRECATED-ENSMUSG00000026634,0.026,0.00702000000000001
1.20923239249056e-10,0.56430904758646,0.295,0.271,3.89735600099707e-06,c0,Tsta3,0.024,0.00707999999999999
1.34282571315458e-10,0.409762405172024,0.369,0.346,4.3279272734972e-06,c0,Odf2,0.023,0.00848700000000001
1.68201165961769e-10,0.257007431162374,0.476,0.456,5.42112357894782e-06,c0,Klhdc2,0.02,0.00951999999999998
1.80378005545488e-10,0.444808254487708,0.357,0.342,5.81358311873107e-06,c0,Fam120b,0.015,0.00535499999999998
2.0821826904952e-10,0.343357156370774,0.293,0.246,6.71087481146603e-06,c0,Pitpnm2,0.047,0.013771
2.15568920886998e-10,0.255783623239506,0.469,0.459,6.94778632018794e-06,c0,Tra2b,0.00999999999999995,0.00468999999999998
2.36011029041642e-10,0.439357155226267,0.35,0.334,7.60663546601212e-06,c0,Lrrc47,0.016,0.00559999999999999
2.50365944471373e-10,0.287770883358553,0.468,0.466,8.06929439031237e-06,c0,Dpp8,0.002,0.000936000000000001
2.63639040488895e-10,0.309738076377834,0.413,0.382,8.49708627495708e-06,c0,Nr3c1,0.031,0.012803
3.05265088760498e-10,0.506646974023766,0.299,0.272,9.83869381075086e-06,c0,Pogk,0.027,0.00807299999999999
3.65679734766629e-10,0.42321851225743,0.329,0.302,1.17858578515285e-05,c0,Def8,0.027,0.00888300000000001
3.67483280003709e-10,0.467874028295048,0.353,0.34,1.18439861145195e-05,c0,Anapc7,0.013,0.00458899999999998
3.7034058842148e-10,0.47392019608648,0.335,0.316,1.19360771648243e-05,c0,Trap1,0.019,0.00636500000000001
3.71210924966844e-10,0.389026771667611,0.388,0.376,1.19641281116814e-05,c0,Rnf2,0.012,0.004656
4.21532754329197e-10,0.513557315126929,0.297,0.269,1.358600067203e-05,c0,Ube2o,0.028,0.00831599999999999
4.76055957542925e-10,0.397797464584794,0.366,0.347,1.53432835116085e-05,c0,Pin1,0.019,0.00695400000000001
4.80418257812837e-10,0.431963165162875,0.365,0.35,1.54838804493078e-05,c0,Rbl2,0.015,0.005475
4.87150555584853e-10,0.452725360445679,0.352,0.339,1.57008624064998e-05,c0,Kat7,0.013,0.00457599999999998
5.12609428824547e-10,0.2697086481144,0.467,0.446,1.65214018910152e-05,c0,Hmg20a,0.021,0.00980700000000001
5.37198902091034e-10,0.353745680147554,0.403,0.393,1.7313920614394e-05,c0,Cops2,0.01,0.00403
5.7190363841903e-10,0.484300744118508,0.335,0.32,1.84324542662453e-05,c0,Sec23ip,0.015,0.005025
5.77548635820292e-10,0.430917686415306,0.362,0.351,1.8614392532488e-05,c0,Fbxo38,0.011,0.003982
6.14063909783512e-10,0.564821699803761,0.263,0.234,1.97912798123226e-05,c0,Tada2b,0.029,0.007627
6.68789287241009e-10,0.427069092899611,0.361,0.348,2.15550787277777e-05,c0,Rnf139,0.013,0.004693
6.74891611764498e-10,0.59540841055435,0.28,0.256,2.17517566471698e-05,c0,Tbck,0.024,0.00672000000000001
7.06838257668795e-10,0.627300639387843,0.274,0.25,2.27813970446653e-05,c0,Ttc37,0.024,0.00657600000000001
7.37693702897388e-10,0.448152717219672,0.339,0.32,2.37758680443828e-05,c0,Znrd1,0.019,0.00644100000000001
7.45011811872103e-10,0.454130284356241,0.338,0.321,2.40117306966379e-05,c0,Nfatc3,0.017,0.005746
7.89443071021085e-10,0.485558062340489,0.312,0.287,2.54437501790096e-05,c0,Cebpzos,0.025,0.00780000000000001
9.14148870394227e-10,0.345851806253246,0.402,0.383,2.94630180928059e-05,c0,Xrn2,0.019,0.00763800000000001
9.25415130961317e-10,0.424173037115681,0.366,0.352,2.98261296708833e-05,c0,Ankle2,0.014,0.005124
1.10520345119725e-09,0.338501938802619,0.413,0.41,3.56207072320874e-05,c0,Prpf6,0.003,0.001239
1.11420700733326e-09,0.284614629192104,0.452,0.441,3.59108918463508e-05,c0,Actr1b,0.011,0.004972
1.17036711232223e-09,0.550992726736564,0.282,0.257,3.77209320301455e-05,c0,Lcmt1,0.025,0.00704999999999999
1.22665050159582e-09,0.680073787554368,0.257,0.233,3.95349456664333e-05,c0,Depdc5,0.024,0.006168
1.24616868242819e-09,0.601553464283102,0.29,0.27,4.01640166346607e-05,c0,Hmgxb3,0.02,0.00579999999999999
1.45180059895253e-09,0.442713608202147,0.33,0.306,4.67915333042402e-05,c0,Ppp1r7,0.024,0.00792000000000001
1.54981340023388e-09,0.537234644877944,0.253,0.224,4.9950485889538e-05,c0,Znhit1,0.029,0.007337
1.56482207492692e-09,0.54425639529139,0.285,0.263,5.04342154748945e-05,c0,Hnrnpdl,0.022,0.00626999999999999
1.57176571798551e-09,0.409930359529135,0.383,0.377,5.06580090906731e-05,c0,Rnf216,0.006,0.002298
1.60972655043483e-09,0.265322927560369,0.462,0.453,5.18814867205147e-05,c0,Api5,0.00900000000000001,0.004158
1.65855962115217e-09,0.504018963112626,0.261,0.231,5.34553765897344e-05,c0,Rpp21,0.03,0.00783
1.66416929758884e-09,0.324180960392151,0.418,0.408,5.36361764612882e-05,c0,Pcnp,0.01,0.00418
2.02405105672173e-09,0.585446659707934,0.272,0.248,6.52351655581413e-05,c0,Ube2j2,0.024,0.00652800000000001
2.15836597771109e-09,0.374500879954791,0.374,0.35,6.95641354616286e-05,c0,Zcchc14,0.024,0.00897600000000001
2.2133530878153e-09,0.606527726037881,0.27,0.247,7.1336370020287e-05,c0,Vps72,0.023,0.00621000000000001
2.27023801113493e-09,0.289713083961897,0.438,0.425,7.31697710988788e-05,c0,Rap1gds1,0.013,0.005694
2.35408402293196e-09,0.253890384961352,0.479,0.476,7.58721280590972e-05,c0,Fxr1,0.003,0.001437
2.36973627686238e-09,0.529550794710532,0.295,0.27,7.63766002032745e-05,c0,Ints10,0.025,0.00737499999999999
2.5692919937536e-09,0.511777889743076,0.288,0.261,8.28082809586786e-05,c0,Tsr2,0.027,0.00777599999999999
2.58905379267128e-09,0.602196522517192,0.271,0.251,8.34452037377953e-05,c0,Ngdn,0.02,0.00542000000000001
2.7230172448165e-09,0.364226840397341,0.397,0.388,8.77628458004358e-05,c0,Anapc4,0.00900000000000001,0.003573
2.76683972107793e-09,0.576722856235391,0.256,0.229,8.91752442103417e-05,c0,Ccdc71,0.027,0.006912
3.15429220617389e-09,0.458296900917687,0.342,0.326,0.000101662837804984,c0,Orc3,0.016,0.00547200000000001
3.15884409923344e-09,0.354761549008211,0.367,0.343,0.000101809545318294,c0,Gtf3c1,0.024,0.00880799999999999
3.52180123609297e-09,0.54686402686688,0.286,0.264,0.000113507653839276,c0,Tfpt,0.022,0.00629199999999999
3.52221777387293e-09,0.576217584742511,0.275,0.252,0.000113521078851924,c0,Cdkn2aip,0.023,0.00632500000000001
3.80958189236808e-09,0.493594253428393,0.291,0.27,0.000122782824391023,c0,Gtf3c4,0.021,0.00611099999999999
3.90117534544236e-09,0.677335637045232,0.253,0.234,0.000125734881383607,c0,Eps15l1,0.019,0.004807
4.17145188737868e-09,0.483446739213157,0.323,0.309,0.000134445894330215,c0,Dcaf10,0.014,0.004522
4.49035171665122e-09,0.422103542875637,0.353,0.338,0.000144724035827669,c0,Ttc1,0.015,0.00529499999999998
4.98522282846859e-09,0.459881333124357,0.29,0.258,0.000160673731761543,c0,Stox2,0.032,0.00927999999999999
5.20944140630356e-09,0.550827431304173,0.294,0.274,0.000167900296525164,c0,Snrnp40,0.02,0.00587999999999999
5.52735590616863e-09,0.384634683059817,0.375,0.365,0.000178146680855815,c0,Sike1,0.01,0.00375
6.36462607998373e-09,0.372630220356793,0.387,0.377,0.000205131898557875,c0,Tsc2,0.01,0.00387
6.53560183019965e-09,0.386978041384287,0.373,0.366,0.000210642446987335,c0,Wdr48,0.00700000000000001,0.002611
7.76788647115743e-09,0.500065302154545,0.287,0.264,0.000250358980965404,c0,Dnajc4,0.023,0.00660099999999999
9.16109397158406e-09,0.439821086460567,0.33,0.313,0.000295262058704154,c0,Foxk2,0.017,0.00561000000000001
9.64474076742153e-09,0.310718026636013,0.417,0.405,0.000310849994933996,c0,Nol7,0.012,0.00500399999999998
1.05300007685953e-08,0.373878205253863,0.336,0.308,0.000339381924771827,c0,Ttc4,0.028,0.00940800000000001
1.11580864801765e-08,0.512022447835203,0.318,0.305,0.000359625127256089,c0,Pcnx3,0.013,0.004134
1.16577544525785e-08,0.53548253363822,0.31,0.295,0.000375729426006604,c0,Stx8,0.015,0.00465
1.17001547206571e-08,0.475629544715038,0.331,0.315,0.000377095986646778,c0,Tcta,0.016,0.005296
1.25862081137441e-08,0.406201409285929,0.365,0.358,0.000405653487505971,c0,Xpo7,0.00700000000000001,0.002555
1.28667636009501e-08,0.458271578565638,0.336,0.322,0.00041469579085862,c0,Agps,0.014,0.004704
1.29286085560974e-08,0.420729554354556,0.359,0.352,0.00041668905376302,c0,Cpsf3,0.00700000000000001,0.002513
1.30946715764596e-08,0.503295531244323,0.317,0.302,0.000422041264909294,c0,Mybbp1a,0.015,0.004755
1.37569057855745e-08,0.356652069454442,0.386,0.377,0.000443385073469066,c0,Nup153,0.00900000000000001,0.003474
1.71912576630227e-08,0.36333667980546,0.382,0.376,0.000554074234479222,c0,Cnep1r1,0.006,0.002292
1.88520473719948e-08,0.426091349898624,0.342,0.329,0.000607601486799392,c0,Cdadc1,0.013,0.004446
2.22013945765354e-08,0.481827394815165,0.33,0.32,0.000715550947201737,c0,Vcpip1,0.01,0.0033
2.27962010790602e-08,0.497801994312708,0.308,0.291,0.000734721560778109,c0,Abl2,0.017,0.005236
2.28938640088253e-08,0.448419842473025,0.31,0.291,0.000737869237004439,c0,Atf6b,0.019,0.00589
2.91341194461213e-08,0.294516940131664,0.428,0.417,0.000938992669748491,c0,Ggnbp2,0.011,0.004708
3.38914261603585e-08,0.428381354516794,0.351,0.343,0.00109232066514835,c0,Carm1,0.00799999999999995,0.00280799999999998
3.93660442048546e-08,0.465892314085346,0.321,0.311,0.00126876760472246,c0,Rae1,0.01,0.00321
4.15059045671966e-08,0.568368136727449,0.264,0.245,0.00133773530420075,c0,Pex3,0.019,0.005016
4.16243938131757e-08,0.387619802833538,0.281,0.251,0.00134155421259865,c0,Tmem251,0.03,0.00843000000000001
4.33289950652779e-08,0.470844570080139,0.324,0.314,0.00139649351095391,c0,Gosr1,0.01,0.00324
4.56523181386483e-08,0.253650765395799,0.354,0.325,0.00147137421360863,c0,Dennd4a,0.029,0.010266
5.04598332065348e-08,0.404571759100728,0.345,0.332,0.00162632042424662,c0,Cdk5,0.013,0.00448499999999998
5.13972082436766e-08,0.434979177415204,0.329,0.317,0.0016565320216937,c0,Crbn,0.012,0.003948
5.96468388715949e-08,0.38851942147165,0.318,0.297,0.0019224176168315,c0,Cyb5r4,0.021,0.00667800000000001
6.13654500630391e-08,0.412570272159849,0.357,0.351,0.00197780845553175,c0,Ythdf1,0.006,0.002142
6.24173064446958e-08,0.616044526929379,0.26,0.243,0.00201170978671254,c0,Map1s,0.017,0.00442
6.49100227164498e-08,0.407629267309193,0.338,0.323,0.00209205003215118,c0,Fam98b,0.015,0.00507
6.61410092940807e-08,0.426766232085462,0.346,0.335,0.00213172472954822,c0,Smg6,0.011,0.00380599999999998
6.70396216259387e-08,0.520661974395076,0.268,0.246,0.002160687005004,c0,Mkrn1,0.022,0.005896
6.74188137939812e-08,0.36244718856795,0.34,0.321,0.00217290836858001,c0,Nprl3,0.019,0.00646000000000001
6.93803128745893e-08,0.382425561753145,0.356,0.344,0.00223612748394801,c0,Pxk,0.012,0.004272
7.24025201273222e-08,0.336569239872099,0.402,0.401,0.0023335332237036,c0,Kdm5a,0.001,0.000402
7.29278377598117e-08,0.253566828986765,0.464,0.461,0.00235046421099873,c0,Stx5a,0.003,0.001392
7.65460915673194e-08,0.549435381306895,0.298,0.286,0.0024670805312147,c0,Thoc1,0.012,0.003576
7.9792735047179e-08,0.602471273165833,0.288,0.276,0.00257171985057058,c0,Bcas3,0.012,0.00345599999999999
8.22594286829687e-08,0.563708289645192,0.256,0.234,0.00265122138645208,c0,Snrpa1,0.022,0.005632
8.4117041085234e-08,0.468966389183896,0.309,0.293,0.00271109223417709,c0,Terf2,0.016,0.004944
9.87692749851167e-08,0.538655607180881,0.279,0.263,0.00318333373277031,c0,Ecd,0.016,0.004464
1.1491429285074e-07,0.384891411136386,0.319,0.299,0.00370368765857933,c0,Smarcd1,0.02,0.00638
1.2903980498499e-07,0.493054053301122,0.274,0.253,0.00415895291466623,c0,Mccc1,0.021,0.00575400000000001
1.97008295035e-07,0.447538742552693,0.295,0.281,0.00634957734897805,c0,Eif4a3,0.014,0.00412999999999999
2.00978773531325e-07,0.484363050332515,0.3,0.287,0.00647754587091461,c0,Dcaf13,0.013,0.0039
2.02690073305807e-07,0.360441059670728,0.376,0.374,0.00653270106264615,c0,Entr1,0.002,0.000752000000000001
2.094809930134e-07,0.386589112037736,0.348,0.341,0.00675157240482187,c0,Mob2,0.00699999999999995,0.00243599999999998
2.12780978588947e-07,0.540767647309847,0.273,0.257,0.00685793093992177,c0,Zfpl1,0.016,0.004368
2.22251565363068e-07,0.532611681080416,0.282,0.267,0.00716316795165167,c0,Phf1,0.015,0.00422999999999999
2.30343701366332e-07,0.478139590883963,0.296,0.281,0.00742397749503687,c0,Ccdc97,0.015,0.00443999999999999
2.48181278713385e-07,0.525709514618378,0.264,0.243,0.00799888261293239,c0,Snx21,0.021,0.00554400000000001
2.74710086320281e-07,0.474342865800779,0.266,0.244,0.00885390608210267,c0,Fam199x,0.022,0.00585200000000001
2.78134814049944e-07,0.441854147647959,0.3,0.287,0.0089642850568297,c0,Xab2,0.013,0.0039
2.97102040999804e-07,0.42916785067849,0.269,0.245,0.0095755987814237,c0,Cep78,0.024,0.00645600000000001
3.07431222284971e-07,0.28009153865905,0.409,0.405,0.00990850829424463,c0,Eloa,0.00399999999999995,0.00163599999999998
3.66870148980439e-07,0.494534027518015,0.251,0.228,0.0118242249016395,c0,Uchl5,0.023,0.005773
3.72441664864986e-07,0.303518873438534,0.39,0.381,0.0120037948585985,c0,Fem1b,0.00900000000000001,0.00351
4.12672165223507e-07,0.259364450233984,0.386,0.371,0.0133004238851536,c0,Slc20a1,0.015,0.00579
4.16624394253346e-07,0.515222288912174,0.28,0.267,0.0134278042267853,c0,Cnot11,0.013,0.00364
4.27951778974649e-07,0.381844582595764,0.295,0.274,0.0137928858363529,c0,Ptpmt1,0.021,0.00619499999999999
4.29720817928781e-07,0.545876087090428,0.25,0.231,0.0138499019618446,c0,Kri1,0.019,0.00475
4.31331232080753e-07,0.443382152359056,0.267,0.244,0.0139018056099627,c0,Mfsd12,0.023,0.00614100000000001
4.76731306982998e-07,0.440050108325187,0.252,0.227,0.015365050024062,c0,Grhpr,0.025,0.0063
5.08552818262247e-07,0.379099804444026,0.305,0.285,0.0163906573325922,c0,Mpp5,0.02,0.0061
5.35938994440371e-07,0.26620281617557,0.432,0.433,0.0172733137908132,c0,Smc1a,-0.001,-0.000432
5.67419840561121e-07,0.533604900409784,0.264,0.248,0.0182879414612849,c0,Eif3m,0.016,0.004224
5.80574003826467e-07,0.483755006971577,0.29,0.278,0.018711900143327,c0,Fbxo28,0.012,0.00347999999999999
7.32307735959855e-07,0.287341212509001,0.418,0.422,0.0236022783299861,c0,Dync1i2,-0.004,-0.001672
9.62093205925908e-07,0.375392344999744,0.294,0.274,0.031008264026992,c0,Sall2,0.02,0.00587999999999999
9.82528601013208e-07,0.428875672006937,0.329,0.323,0.0316668968106557,c0,Zfp609,0.006,0.001974
1.01592435341346e-06,0.260996118105392,0.433,0.435,0.0327432419105158,c0,Atf2,-0.002,-0.000866000000000001
1.17349240957249e-06,0.490381299650365,0.286,0.274,0.0378216603605213,c0,Cpsf2,0.012,0.00343199999999999
1.20128814219038e-06,0.581283466639014,0.25,0.236,0.0387175168227961,c0,Zc3h18,0.014,0.0035
1.24025698055828e-06,0.505091769720718,0.263,0.246,0.0399734824833933,c0,Map3k7,0.017,0.004471
1.30627854140128e-06,0.386595078894995,0.341,0.334,0.0421013573893631,c0,Afg3l1,0.00700000000000001,0.002387
1.59333935724146e-06,0.428071534174246,0.308,0.3,0.0513533274838922,c0,Sf3a3,0.00800000000000001,0.002464
1.59774546977122e-06,0.491681658893717,0.257,0.239,0.0514953364907264,c0,Polr2k,0.018,0.004626
1.59981989368936e-06,0.340655709184281,0.361,0.353,0.0515621951736081,c0,Ankrd46,0.00800000000000001,0.002888
1.66068990708617e-06,0.578840912220381,0.259,0.246,0.0535240357053874,c0,Abtb1,0.013,0.003367
1.75108602794296e-06,0.563365807584594,0.273,0.264,0.0564375026806015,c0,Setdb1,0.00900000000000001,0.002457
1.81528638492743e-06,0.306596216660911,0.392,0.39,0.058506680186211,c0,Lsm12,0.002,0.000784000000000001
1.98837963153862e-06,0.333575374589827,0.375,0.376,0.0640854755244896,c0,Smu1,-0.001,-0.000375
2.00109916520379e-06,0.313025459380449,0.375,0.372,0.0644954260945183,c0,Snrpf,0.003,0.001125
2.15081581644324e-06,0.398636313768215,0.349,0.347,0.0693207937639657,c0,Rnf111,0.002,0.000698000000000001
2.25304812239123e-06,0.38477420225725,0.353,0.352,0.0726157409846692,c0,Rxrb,0.001,0.000353
2.71055978181375e-06,0.296934494168079,0.376,0.373,0.087361341767857,c0,Cct6a,0.003,0.001128
2.79073126488515e-06,0.505079181647679,0.266,0.251,0.0899452686672483,c0,Smarcal1,0.015,0.00399
2.80895414345588e-06,0.274022721862402,0.4,0.397,0.090532592043583,c0,Eif3d,0.003,0.0012
3.30210795878441e-06,0.317654590850695,0.333,0.319,0.106426939511622,c0,Ubald1,0.014,0.004662
3.83558283619314e-06,0.340556133335393,0.347,0.34,0.123620834810505,c0,Ipo13,0.00699999999999995,0.00242899999999998
3.95491989481716e-06,0.361130672852327,0.332,0.324,0.127467068209957,c0,Uri1,0.00800000000000001,0.002656
4.0925225264308e-06,0.288254132296271,0.401,0.404,0.131902001026865,c0,Gpat4,-0.003,-0.001203
4.29529028309883e-06,0.38482589762166,0.255,0.231,0.138437205824275,c0,Axin2,0.024,0.00612
4.60002528468836e-06,0.290696015629863,0.371,0.366,0.148258814925506,c0,Pfdn1,0.005,0.001855
4.79497129287767e-06,0.351592660834646,0.268,0.245,0.154541924769447,c0,Sema4b,0.023,0.006164
5.28160143527271e-06,0.317437691456812,0.369,0.36,0.170226014258839,c0,Lats2,0.00900000000000001,0.003321
5.98340493312199e-06,0.263580088089659,0.315,0.286,0.192845140994522,c0,Sbk1,0.029,0.00913500000000001
6.12351508919466e-06,0.347140978914988,0.362,0.361,0.197360891324744,c0,Fcho2,0.001,0.000362
6.9158919941848e-06,0.324404525852223,0.358,0.356,0.222899198972576,c0,Faf2,0.002,0.000716000000000001
7.38615938042811e-06,0.344362645086695,0.348,0.345,0.238055916831198,c0,Bap1,0.003,0.001044
7.7482317134139e-06,0.345663033090931,0.357,0.355,0.24972550812333,c0,Dapk3,0.002,0.000714
8.47935221890699e-06,0.432537120780081,0.297,0.285,0.273289522015372,c0,Ssbp4,0.012,0.003564
8.71363170338768e-06,0.327302265331327,0.35,0.349,0.280840349800185,c0,Eif3e,0.001,0.00035
8.79758111180386e-06,0.382345074417103,0.32,0.314,0.283546039233438,c0,Vps36,0.006,0.00192
9.77021195656e-06,0.372094050032976,0.352,0.354,0.314893931359929,c0,Lamtor5,-0.002,-0.000704000000000001
1.02054606895075e-05,0.434181646559885,0.325,0.323,0.328921998022828,c0,Nvl,0.002,0.000650000000000001
1.04479517555923e-05,0.383843591896317,0.316,0.308,0.336737485082741,c0,Taf1d,0.00800000000000001,0.002528
1.1656764088548e-05,0.352812675353632,0.293,0.277,0.375697506573901,c0,Nkiras2,0.016,0.00468799999999999
1.17062593395561e-05,0.558872987144722,0.251,0.24,0.377292738513894,c0,Wdr43,0.011,0.002761
1.18691067153303e-05,0.37487688285637,0.3,0.29,0.382541309435096,c0,Acadm,0.01,0.003
1.48917261995553e-05,0.293661510092728,0.367,0.363,0.479960335411668,c0,Slirp,0.004,0.001468
1.56765911589535e-05,0.26003814605053,0.39,0.388,0.505256533053072,c0,Klhdc10,0.002,0.000780000000000001
1.65900241592043e-05,0.340003020346176,0.305,0.292,0.534696478651155,c0,Terf2ip,0.013,0.003965
1.76367786913463e-05,0.357795668624387,0.349,0.351,0.568433377222091,c0,Emg1,-0.002,-0.000698000000000001
1.92142695162432e-05,0.253497615305286,0.434,0.437,0.61927590650852,c0,Stat3,-0.003,-0.001302
1.94347441542018e-05,0.34742666349988,0.333,0.33,0.626381804089923,c0,Vps4a,0.003,0.000999000000000001
1.96073673292684e-05,0.405730425126307,0.309,0.304,0.631945449022322,c0,Zdhhc4,0.005,0.001545
2.04636273684875e-05,0.283925170876772,0.358,0.354,0.659542710086353,c0,Kpna6,0.004,0.001432
2.07417163228793e-05,0.380452266639802,0.329,0.326,0.668505517086399,c0,Frg1,0.003,0.000987000000000001
2.5356098106294e-05,0.386250312916076,0.325,0.325,0.817227041965855,c0,Sf3b4,0,0
2.56175753930958e-05,0.41266375911163,0.259,0.244,0.825654454919478,c0,Kmt5a,0.015,0.003885
2.98584773900945e-05,0.381970846855229,0.301,0.291,0.962338726282745,c0,Lypla2,0.01,0.00301
3.29236414022292e-05,0.422456570753733,0.275,0.263,1,c0,Fbf1,0.012,0.0033
3.91496257174556e-05,0.328715333856781,0.36,0.362,1,c0,Dpm1,-0.002,-0.000720000000000001
3.93479883539479e-05,0.254327095263047,0.394,0.394,1,c0,Dnm2,0,0
4.33085661847328e-05,0.359286721808513,0.336,0.338,1,c0,Trim41,-0.002,-0.000672000000000001
4.37434118741058e-05,0.504339351369147,0.25,0.238,1,c0,Dhps,0.012,0.003
4.57700484105361e-05,0.362089300582663,0.288,0.276,1,c0,Cog7,0.012,0.00345599999999999
5.21762966910271e-05,0.255722136190501,0.383,0.38,1,c0,Ppp1r12c,0.003,0.001149
5.38042033388794e-05,0.443752114678747,0.28,0.273,1,c0,Urgcp,0.00700000000000001,0.00196
5.79700267121722e-05,0.300423244605355,0.388,0.397,1,c0,Uba3,-0.00900000000000001,-0.003492
6.22573130633685e-05,0.326893015956068,0.336,0.334,1,c0,Lrig2,0.002,0.000672000000000001
6.86427894626938e-05,0.38601041229458,0.324,0.324,1,c0,Timm10b,0,0
8.1310991791066e-05,0.295370558886208,0.352,0.349,1,c0,Tnks,0.003,0.001056
9.12868462946378e-05,0.37789392873477,0.316,0.314,1,c0,Itpa,0.002,0.000632000000000001
9.90338384179033e-05,0.430790127422475,0.278,0.269,1,c0,Snapc1,0.00900000000000001,0.002502
0.000113653418720617,0.384619299056975,0.317,0.318,1,c0,Sec23b,-0.001,-0.000317
0.000175167007245579,0.45190959543765,0.251,0.243,1,c0,Ndufaf7,0.00800000000000001,0.002008
0.000176964023111707,0.391168382699994,0.274,0.267,1,c0,Mettl16,0.00700000000000001,0.001918
0.00018061395450407,0.438597690889736,0.255,0.244,1,c0,Gtf2h2,0.011,0.002805
0.000225758299239741,0.408139921127,0.283,0.278,1,c0,Nsun2,0.00499999999999995,0.00141499999999999
0.000225974610444225,0.505843147017975,0.259,0.256,1,c0,Mnat1,0.003,0.000777000000000001
0.000236599858166478,0.292387388124845,0.266,0.25,1,c0,Qsox2,0.016,0.004256
0.000264301502837818,0.279265277319217,0.383,0.393,1,c0,Scfd1,-0.01,-0.00383
0.000295758089360215,0.340813707529916,0.309,0.309,1,c0,Mbd1,0,0
0.000299289443876093,0.392982117566825,0.258,0.25,1,c0,Cetn2,0.00800000000000001,0.002064
0.00031093572603322,0.323874971337911,0.347,0.355,1,c0,Med15,-0.00800000000000001,-0.002776
0.000337303396847684,0.343450966133201,0.322,0.325,1,c0,Opa1,-0.003,-0.000966000000000001
0.000371926602120591,0.271858014189897,0.314,0.307,1,c0,Pcyt2,0.00700000000000001,0.002198
0.000396356706974773,0.414080179601291,0.294,0.295,1,c0,Fzr1,-0.001,-0.000294
0.000415942137977565,0.424202040616555,0.296,0.298,1,c0,Brd9,-0.002,-0.000592
0.000440951891809866,0.35294542581986,0.323,0.326,1,c0,Atxn7,-0.003,-0.000969000000000001
0.000479229565186479,0.312411021434542,0.298,0.294,1,c0,Farsb,0.004,0.001192
0.000509280457045875,0.449835114205209,0.255,0.25,1,c0,Hcfc2,0.005,0.001275
0.000526166774559434,0.374879307068286,0.294,0.293,1,c0,Hmg20b,0.001,0.000294
0.000578354837092714,0.260347775805581,0.369,0.378,1,c0,Cox20,-0.00900000000000001,-0.003321
0.000584765769027474,0.403868223461715,0.275,0.271,1,c0,Phtf1,0.004,0.0011
0.000608151243578338,0.411682380022228,0.286,0.284,1,c0,Zfp317,0.002,0.000572
0.000631888848135996,0.277934753636197,0.35,0.353,1,c0,Gkap1,-0.003,-0.00105
0.000672667985875294,0.292329834684205,0.347,0.352,1,c0,Chm,-0.005,-0.001735
0.000800060925451787,0.290181106566634,0.34,0.347,1,c0,Srp68,-0.00699999999999995,-0.00237999999999998
0.000809106503894115,0.271374869135331,0.357,0.363,1,c0,Ilf3,-0.006,-0.002142
0.000818222098092036,0.364948078281161,0.252,0.243,1,c0,Pomgnt1,0.00900000000000001,0.002268
0.000845146432269316,0.286180855078617,0.351,0.355,1,c0,Tmem208,-0.004,-0.001404
0.000910538366242262,0.445715682240089,0.263,0.261,1,c0,Parn,0.002,0.000526000000000001
0.000929380336643036,0.417523658876619,0.273,0.271,1,c0,Zfp318,0.002,0.000546
0.000943170659789644,0.297415523475714,0.27,0.258,1,c0,Ralgapa2,0.012,0.00324
0.000975009775562408,0.347384860079108,0.306,0.307,1,c0,Tbk1,-0.001,-0.000306
0.000986989749987372,0.321511059769458,0.324,0.328,1,c0,Srp19,-0.004,-0.001296
0.00106084447530693,0.432090818071624,0.254,0.25,1,c0,Prep,0.004,0.001016
0.00109930965405463,0.410221072066836,0.289,0.289,1,c0,Senp7,0,0
0.00119560909831394,0.39700193996341,0.284,0.287,1,c0,Usf3,-0.003,-0.000852000000000001
0.00122900671409203,0.437904637841582,0.264,0.262,1,c0,Hectd3,0.002,0.000528
0.00129604756265276,0.321226850395065,0.334,0.34,1,c0,Cul4b,-0.006,-0.002004
0.00130062971504274,0.424308033545733,0.276,0.277,1,c0,Ino80e,-0.001,-0.000276
0.00155054245153191,0.431904027257233,0.265,0.267,1,c0,Rtf1,-0.002,-0.00053
0.00158057744614992,0.394608294011104,0.274,0.274,1,c0,Cdc5l,0,0
0.00190074568956153,0.282158085472117,0.301,0.301,1,c0,Rufy1,0,0
0.00208970598527149,0.332190458369037,0.272,0.271,1,c0,Mdp1,0.001,0.000272
0.00211538009691874,0.322043760152066,0.325,0.334,1,c0,Klhdc3,-0.00900000000000001,-0.002925
0.00212018968878833,0.428430174916869,0.261,0.26,1,c0,Gart,0.001,0.000261
0.00214154235997967,0.307810161261252,0.291,0.288,1,c0,March8,0.003,0.000873000000000001
0.00222569442531237,0.332165037647351,0.261,0.252,1,c0,Rreb1,0.00900000000000001,0.002349
0.0023123799560926,0.391255891109594,0.315,0.324,1,c0,Ahsa2,-0.00900000000000001,-0.002835
0.00271769287121848,0.309099430834039,0.311,0.313,1,c0,Wdr41,-0.002,-0.000622000000000001
0.00301539272552851,0.362503043282136,0.308,0.314,1,c0,Lsm8,-0.006,-0.001848
0.00310060969165887,0.38171632285054,0.287,0.291,1,c0,Zxdc,-0.004,-0.001148
0.00316495185898094,0.293663614827424,0.338,0.347,1,c0,Gak,-0.00899999999999995,-0.00304199999999998
0.00364765448822082,0.30948797869217,0.292,0.29,1,c0,Ggcx,0.002,0.000584
0.00373875081000849,0.309845109214648,0.296,0.298,1,c0,Trappc13,-0.002,-0.000592
0.00389432880495161,0.261701883323862,0.367,0.381,1,c0,Cept1,-0.014,-0.005138
0.00482919200915947,0.363726513825487,0.267,0.269,1,c0,Slu7,-0.002,-0.000534
0.00518673507864671,0.291638390544092,0.338,0.353,1,c0,Eif5b,-0.015,-0.00506999999999999
0.00556829503433125,0.376455596854214,0.258,0.257,1,c0,Kif3a,0.001,0.000258
0.00559816279122576,0.268320367636167,0.3,0.301,1,c0,Lbr,-0.001,-3e-04
0.00576518742319839,0.417255904536286,0.254,0.254,1,c0,Tmem29,0,0
0.00596975429858602,0.258323894703924,0.333,0.338,1,c0,Repin1,-0.005,-0.001665
0.00599087616352863,0.339607367517422,0.271,0.272,1,c0,Spats2,-0.001,-0.000271
0.00638419203510346,0.279711939773107,0.316,0.322,1,c0,Dnaja3,-0.006,-0.001896
0.00662734290895832,0.412046617917281,0.289,0.299,1,c0,Stk3,-0.01,-0.00289
0.00777039614247976,0.330398010694716,0.275,0.275,1,c0,Kctd3,0,0
0.00787802914691999,0.484138400340741,0.249,0.254,1,c0,Axin1,-0.005,-0.001245
0.0080701986207347,0.320474571740342,0.313,0.325,1,c0,Gmps,-0.012,-0.003756
0.00812768601345985,0.301606008396494,0.291,0.291,1,c0,Srr,0,0
0.00839280932617835,0.26034052503757,0.336,0.342,1,c0,Tpp2,-0.006,-0.002016
0.00876766728898859,0.264580581483902,0.298,0.292,1,c0,Sms,0.006,0.001788
0.00990571512072118,0.342612218699022,0.287,0.292,1,c0,Inpp5b,-0.005,-0.001435
