p_val,avg_log2FC,pct.1,pct.2,p_val_adj,cluster,gene,pct.1_pct.2,pct_method_1
0,6.34021531640216,0.986,0.024,0,c7,Elavl3,0.962,0.948532
0,4.95165120366538,1,0.058,0,c7,Gria2,0.942,0.942
0,4.96479997888164,1,0.059,0,c7,Nrxn2,0.941,0.941
0,4.94137814358382,1,0.07,0,c7,Gria4,0.93,0.93
0,7.21569438139503,0.965,0.014,0,c7,Slc32a1,0.951,0.917715
0,6.76416884236279,0.965,0.019,0,c7,Grik2,0.946,0.91289
0,5.00827284387772,0.958,0.043,0,c7,Fam155a,0.915,0.87657
0,4.01365035387351,0.972,0.081,0,c7,Aatk,0.891,0.866052
0,5.98995822213168,0.937,0.023,0,c7,Nrxn1,0.914,0.856418
0,4.94329505039711,0.951,0.052,0,c7,Adgrb1,0.899,0.854949
0,4.6539403988993,0.951,0.066,0,c7,Sema4g,0.885,0.841635
0,4.0684010117166,0.958,0.08,0,c7,Lonrf2,0.878,0.841124
0,5.88707667330202,0.93,0.029,0,c7,Galnt17,0.901,0.83793
0,5.55053094697471,0.93,0.03,0,c7,Kcnq2,0.9,0.837
0,4.97500300086233,0.937,0.049,0,c7,Iglon5,0.888,0.832056
0,4.9241926967494,0.937,0.05,0,c7,Agap2,0.887,0.831119
0,4.77353288577781,0.937,0.05,0,c7,Astn1,0.887,0.831119
0,5.37013076415181,0.93,0.037,0,c7,Tmem130,0.893,0.83049
0,6.14167283520438,0.923,0.027,0,c7,Camkv,0.896,0.827008
0,5.09366894515013,0.937,0.055,0,c7,Stx1b,0.882,0.826434
0,4.31365258734957,0.944,0.073,0,c7,Kcnc1,0.871,0.822224
0,4.41391949609498,0.93,0.058,0,c7,Disp2,0.872,0.81096
0,4.63448014780348,0.93,0.069,0,c7,Nsg1,0.861,0.80073
0,4.21351861155381,0.93,0.069,0,c7,Crmp1,0.861,0.80073
0,4.65165409006709,0.923,0.059,0,c7,Nsg2,0.864,0.797472
0,5.41165139302653,0.909,0.032,0,c7,Grin1,0.877,0.797193
0,4.35113544509029,0.916,0.047,0,c7,Sptbn2,0.869,0.796004
0,5.08782528083674,0.909,0.034,0,c7,Rab3c,0.875,0.795375
0,3.92038565321214,0.916,0.051,0,c7,Syt4,0.865,0.79234
0,4.5467910875358,0.923,0.068,0,c7,Slc8a1,0.855,0.789165
0,4.44172039952982,0.916,0.058,0,c7,Cacna1g,0.858,0.785928
0,4.3097601146966,0.909,0.051,0,c7,Gabrg2,0.858,0.779922
0,4.56175090670028,0.916,0.071,0,c7,Snhg11,0.845,0.77402
0,5.52645687304258,0.895,0.033,0,c7,Dpp6,0.862,0.77149
0,4.91195055688758,0.902,0.047,0,c7,Kctd8,0.855,0.77121
0,5.45581229185108,0.888,0.023,0,c7,Myt1l,0.865,0.76812
0,4.10633480607746,0.909,0.066,0,c7,Adgrb3,0.843,0.766287
0,4.39598483961282,0.902,0.054,0,c7,Mapk10,0.848,0.764896
0,4.59057382954265,0.895,0.044,0,c7,Atcay,0.851,0.761645
0,4.23151861327564,0.902,0.063,0,c7,Mapt,0.839,0.756778
0,4.91721474344811,0.888,0.037,0,c7,Fstl5,0.851,0.755688
0,5.0996703824661,0.888,0.04,0,c7,Fat3,0.848,0.753024
0,4.63886378739828,0.881,0.042,0,c7,Lmtk3,0.839,0.739159
0,5.14397454856589,0.881,0.043,0,c7,Plppr5,0.838,0.738278
0,4.45812090970693,0.881,0.045,0,c7,Sept3,0.836,0.736516
0,4.78527147459874,0.881,0.053,0,c7,Syn1,0.828,0.729468
0,4.18143253157235,0.874,0.044,0,c7,Mdga2,0.83,0.72542
0,4.87795423949192,0.874,0.053,0,c7,Cabp1,0.821,0.717554
0,5.05455448932574,0.86,0.031,0,c7,Cacna1b,0.829,0.71294
0,4.39691062692746,0.867,0.066,0,c7,Csdc2,0.801,0.694467
0,6.84019265820178,0.839,0.012,0,c7,Cacng3,0.827,0.693853
0,5.02896865217378,0.846,0.03,0,c7,Caly,0.816,0.690336
0,4.8747001424066,0.846,0.043,0,c7,Nptxr,0.803,0.679338
0,4.61856528077015,0.846,0.044,0,c7,Nalcn,0.802,0.678492
0,4.79457845881685,0.839,0.037,0,c7,Celf5,0.802,0.672878
0,4.41647085520143,0.846,0.052,0,c7,Fmn2,0.794,0.671724
0,5.0037774806872,0.832,0.029,0,c7,Cacnb4,0.803,0.668096
0,4.33183423725415,0.832,0.045,0,c7,Rit2,0.787,0.654784
0,4.99253123607986,0.818,0.031,0,c7,Frrs1l,0.787,0.643766
0,4.421375086888,0.825,0.048,0,c7,Srcin1,0.777,0.641025
0,3.76225233517638,0.825,0.053,0,c7,Nyap2,0.772,0.6369
0,4.59737040684736,0.818,0.042,0,c7,Bmerb1,0.776,0.634768
0,5.01006780142661,0.811,0.032,0,c7,Pianp,0.779,0.631769
0,4.92306309898089,0.811,0.033,0,c7,Tmem63c,0.778,0.630958
0,4.52827256511358,0.818,0.047,0,c7,Ina,0.771,0.630678
0,5.08776243852131,0.797,0.026,0,c7,St8sia3,0.771,0.614487
0,4.21039181985146,0.811,0.054,0,c7,Insyn1,0.757,0.613927
0,4.48432450353076,0.79,0.036,0,c7,Dgki,0.754,0.59566
0,6.03593570342674,0.783,0.025,0,c7,Astn2,0.758,0.593514
0,4.44887354666077,0.79,0.043,0,c7,Chd5,0.747,0.59013
0,5.11282324450829,0.776,0.023,0,c7,DEPRECATED-ENSMUSG00000045994,0.753,0.584328
0,4.68026208890716,0.79,0.051,0,c7,Slc2a13,0.739,0.58381
0,5.51831638549058,0.776,0.028,0,c7,Rph3a,0.748,0.580448
0,5.25722205780144,0.776,0.033,0,c7,Ly6h,0.743,0.576568
0,4.56968235108408,0.776,0.038,0,c7,Scn2a,0.738,0.572688
0,4.41685493481805,0.776,0.04,0,c7,Hmgcll1,0.736,0.571136
0,5.22430506581527,0.769,0.027,0,c7,Crtac1,0.742,0.570598
0,5.86364865577352,0.762,0.017,0,c7,Slc7a14,0.745,0.56769
0,5.27589680841869,0.769,0.031,0,c7,Nrsn1,0.738,0.567522
0,4.57909184804265,0.769,0.032,0,c7,Gabbr2,0.737,0.566753
0,4.85987957386553,0.762,0.03,0,c7,Syt3,0.732,0.557784
0,4.8159982100157,0.762,0.03,0,c7,Clec2l,0.732,0.557784
0,4.9487785645807,0.762,0.031,0,c7,Kcnn2,0.731,0.557022
0,5.12721708036671,0.762,0.035,0,c7,Hpca,0.727,0.553974
0,5.84956572387668,0.748,0.015,0,c7,Cnnm1,0.733,0.548284
0,5.90952875892217,0.748,0.017,0,c7,Gabra3,0.731,0.546788
0,7.50643347795107,0.741,0.006,0,c7,Kcnj6,0.735,0.544635
0,6.31059302720235,0.741,0.01,0,c7,Cacng2,0.731,0.541671
0,4.73141322893956,0.748,0.03,0,c7,Tubg2,0.718,0.537064
0,5.41586983549465,0.741,0.028,0,c7,Spock3,0.713,0.528333
0,5.13286022520876,0.741,0.028,0,c7,Xkr4,0.713,0.528333
0,4.44133645469968,0.741,0.036,0,c7,Rap1gap2,0.705,0.522405
0,4.78960801083019,0.734,0.028,0,c7,Ece2,0.706,0.518204
0,4.76000074988284,0.734,0.031,0,c7,Nol4,0.703,0.516002
0,5.1403152839965,0.734,0.032,0,c7,Plppr3,0.702,0.515268
0,5.65668131466126,0.727,0.019,0,c7,Gpr158,0.708,0.514716
0,6.69861966419945,0.72,0.008,0,c7,Zfp385c,0.712,0.51264
0,4.84389093753528,0.727,0.026,0,c7,Scrt1,0.701,0.509627
0,4.72672782983162,0.727,0.027,0,c7,Asic2,0.7,0.5089
0,4.59922937174867,0.727,0.031,0,c7,Xkr7,0.696,0.505992
0,4.8726579664725,0.727,0.032,0,c7,Npas4,0.695,0.505265
0,4.36514922247643,0.727,0.039,0,c7,Arhgap20,0.688,0.500176
0,5.91679029004964,0.713,0.013,0,c7,Nrg3,0.7,0.4991
0,4.79326514028761,0.72,0.031,0,c7,Phactr3,0.689,0.49608
0,6.06286554754258,0.713,0.023,0,c7,Zfp804a,0.69,0.49197
0,4.93051590898317,0.713,0.027,0,c7,Scn2b,0.686,0.489118
0,5.36417239554419,0.706,0.02,0,c7,Galnt16,0.686,0.484316
0,6.7352631473102,0.699,0.012,0,c7,Rasgrf1,0.687,0.480213
0,4.71225813006532,0.706,0.029,0,c7,Rapgefl1,0.677,0.477962
0,4.56116274573297,0.706,0.031,0,c7,Syt13,0.675,0.47655
0,5.37713973052522,0.699,0.021,0,c7,L1cam,0.678,0.473922
0,6.0565989507362,0.692,0.012,0,c7,Nrsn2,0.68,0.47056
0,7.91492533660742,0.685,0.004,0,c7,Glra2,0.681,0.466485
0,7.73325507633656,0.685,0.004,0,c7,Fut9,0.681,0.466485
0,5.72260914450323,0.692,0.018,0,c7,Vsnl1,0.674,0.466408
0,7.66880425485401,0.685,0.005,0,c7,Kcnh7,0.68,0.4658
0,4.30144487795246,0.699,0.038,0,c7,Sema6b,0.661,0.462039
0,4.60986384018317,0.692,0.031,0,c7,Add2,0.661,0.457412
0,4.35342371349427,0.692,0.036,0,c7,Ppfia4,0.656,0.453952
0,4.79570544554343,0.692,0.037,0,c7,Tenm2,0.655,0.45326
0,6.25383470637388,0.678,0.012,0,c7,Mgat5b,0.666,0.451548
0,5.90547180481735,0.678,0.012,0,c7,Kcna4,0.666,0.451548
0,5.74719201523201,0.678,0.02,0,c7,Kcnip3,0.658,0.446124
0,5.61735695859362,0.678,0.023,0,c7,Grin2b,0.655,0.44409
0,5.71252185950295,0.671,0.018,0,c7,Scrt2,0.653,0.438163
0,6.89855727524093,0.664,0.007,0,c7,Syt5,0.657,0.436248
0,5.18019596619294,0.671,0.024,0,c7,Cacna1i,0.647,0.434137
0,5.5021110253676,0.664,0.017,0,c7,Scn3a,0.647,0.429608
0,7.46370801811921,0.657,0.005,0,c7,Mgat4c,0.652,0.428364
0,5.11054095091264,0.664,0.028,0,c7,Lingo1,0.636,0.422304
0,4.52965504800275,0.664,0.028,0,c7,Pnmal1,0.636,0.422304
0,5.4726733400743,0.657,0.015,0,c7,Tppp,0.642,0.421794
0,4.83398575281538,0.664,0.031,0,c7,Nmnat2,0.633,0.420312
0,7.48490784770342,0.65,0.006,0,c7,Necab1,0.644,0.4186
0,5.59129214074547,0.657,0.02,0,c7,Fndc5,0.637,0.418509
0,6.39455513073278,0.65,0.008,0,c7,Tmem179,0.642,0.4173
0,4.7742214556887,0.657,0.028,0,c7,Serp2,0.629,0.413253
0,7.26147597853851,0.643,0.005,0,c7,DEPRECATED-ENSMUSG00000043301,0.638,0.410234
0,5.81173537137481,0.65,0.019,0,c7,Dync1i1,0.631,0.41015
0,6.23195102799145,0.643,0.011,0,c7,Kcnj3,0.632,0.406376
0,5.92196975175453,0.643,0.013,0,c7,Scn1a,0.63,0.40509
0,4.78727074333742,0.65,0.029,0,c7,Ccdc85a,0.621,0.40365
0,5.66246525982294,0.636,0.023,0,c7,Lgr5,0.613,0.389868
0,5.25038834069999,0.636,0.025,0,c7,Traip,0.611,0.388596
0,4.6567380867027,0.636,0.025,0,c7,Ank1,0.611,0.388596
0,6.12208530083056,0.629,0.012,0,c7,Gabrg3,0.617,0.388093
0,4.96303552615201,0.636,0.026,0,c7,Jph4,0.61,0.38796
0,5.97080147504662,0.622,0.016,0,c7,Cpne6,0.606,0.376932
0,7.83580120107449,0.615,0.004,0,c7,Ankrd55,0.611,0.375765
0,4.62458280420371,0.622,0.028,0,c7,Dlgap3,0.594,0.369468
0,5.74960009835376,0.615,0.015,0,c7,Lrp1b,0.6,0.369
0,4.86427568886987,0.615,0.021,0,c7,Mmp24,0.594,0.36531
0,4.59754867129597,0.615,0.025,0,c7,Panx2,0.59,0.36285
0,5.49067780451965,0.608,0.016,0,c7,St8sia5,0.592,0.359936
0,6.31948214635641,0.594,0.008,0,c7,Barhl2,0.586,0.348084
0,4.89965537570227,0.601,0.027,0,c7,Phf24,0.574,0.344974
0,6.45259514724369,0.587,0.007,0,c7,Syt16,0.58,0.34046
0,4.51610184942059,0.594,0.024,0,c7,Tmem117,0.57,0.33858
0,5.80068546632378,0.587,0.011,0,c7,Fam131b,0.576,0.338112
0,6.10533293346937,0.58,0.012,0,c7,Zdhhc22,0.568,0.32944
0,5.89649652852494,0.58,0.012,0,c7,Ano4,0.568,0.32944
0,5.26066006874326,0.58,0.016,0,c7,Asic1,0.564,0.32712
0,6.09454549544584,0.566,0.009,0,c7,Kcna1,0.557,0.315262
0,5.48147254367101,0.566,0.013,0,c7,Nrg2,0.553,0.312998
0,6.92542190402444,0.559,0.008,0,c7,Zmat4,0.551,0.308009
0,6.42476502498697,0.559,0.008,0,c7,Scn3b,0.551,0.308009
0,4.58041632089228,0.566,0.024,0,c7,Ttc9b,0.542,0.306772
0,6.85234214749636,0.552,0.008,0,c7,Cacng5,0.544,0.300288
0,4.68564916797107,0.559,0.022,0,c7,Kif5a,0.537,0.300183
0,4.66284539718247,0.559,0.022,0,c7,Diras1,0.537,0.300183
0,5.39045030861473,0.552,0.016,0,c7,Bend6,0.536,0.295872
0,7.92899102263796,0.545,0.003,0,c7,Cdh7,0.542,0.29539
0,4.89759860815836,0.545,0.02,0,c7,Kctd16,0.525,0.286125
0,6.73332574990716,0.538,0.007,0,c7,Ret,0.531,0.285678
0,5.40797157789304,0.538,0.02,0,c7,Tfap2a,0.518,0.278684
0,5.73325235068135,0.531,0.011,0,c7,Drp2,0.52,0.27612
0,6.9498695501886,0.524,0.006,0,c7,Gad2,0.518,0.271432
0,5.68540486563397,0.524,0.011,0,c7,Cacng8,0.513,0.268812
0,6.63121928511718,0.517,0.006,0,c7,Slc1a6,0.511,0.264187
0,5.65994026534158,0.51,0.01,0,c7,Jakmip3,0.5,0.255
0,6.04063545997977,0.51,0.012,0,c7,Bcl11a,0.498,0.25398
0,7.09160058580536,0.503,0.009,0,c7,Prdm13,0.494,0.248482
0,5.83817466953441,0.503,0.009,0,c7,Slitrk1,0.494,0.248482
0,5.20640178713941,0.503,0.017,0,c7,Lrrn1,0.486,0.244458
0,5.67313295396648,0.49,0.011,0,c7,Hs6st2,0.479,0.23471
0,5.41687372380334,0.49,0.014,0,c7,Syn2,0.476,0.23324
0,5.28058873468876,0.49,0.016,0,c7,Brinp2,0.474,0.23226
0,5.98425503204373,0.483,0.01,0,c7,Myo16,0.473,0.228459
0,6.10399390367161,0.483,0.012,0,c7,Caln1,0.471,0.227493
0,5.2593543853366,0.483,0.013,0,c7,Dusp15,0.47,0.22701
0,5.2781376991533,0.483,0.014,0,c7,Atp2b3,0.469,0.226527
0,5.79357903985112,0.476,0.011,0,c7,Shisa7,0.465,0.22134
0,7.29520087580069,0.469,0.005,0,c7,Lrfn5,0.464,0.217616
0,7.0512309685494,0.469,0.007,0,c7,Nhlh2,0.462,0.216678
0,5.71682771697136,0.469,0.008,0,c7,Kcnt1,0.461,0.216209
0,7.05722487031951,0.469,0.01,0,c7,Lamp5,0.459,0.215271
0,6.07998237948103,0.462,0.007,0,c7,Oprl1,0.455,0.21021
0,6.56564611487979,0.455,0.007,0,c7,Grm1,0.448,0.20384
0,5.65822174709824,0.455,0.007,0,c7,Golga7b,0.448,0.20384
0,5.87290272382739,0.455,0.009,0,c7,Elavl4,0.446,0.20293
0,5.17487909355004,0.455,0.013,0,c7,Nexmif,0.442,0.20111
0,6.14379267550484,0.448,0.007,0,c7,Slc16a14,0.441,0.197568
0,6.15028583972829,0.448,0.008,0,c7,Cdh22,0.44,0.19712
0,5.59047503080351,0.448,0.01,0,c7,Rem2,0.438,0.196224
0,4.95315356461631,0.448,0.014,0,c7,Sema4f,0.434,0.194432
0,5.61079623623543,0.441,0.01,0,c7,Kcnc2,0.431,0.190071
0,5.76547273622168,0.441,0.012,0,c7,Neurod2,0.429,0.189189
0,5.58703678223488,0.441,0.012,0,c7,Disp3,0.429,0.189189
0,7.76779268487048,0.434,0.004,0,c7,Glra3,0.43,0.18662
0,5.05512511158245,0.434,0.012,0,c7,Ipcef1,0.422,0.183148
0,6.27733797415611,0.427,0.006,0,c7,Sh3gl3,0.421,0.179767
0,6.35012263468226,0.427,0.007,0,c7,Vgf,0.42,0.17934
0,5.51653906739837,0.427,0.012,0,c7,Rbfox3,0.415,0.177205
0,5.27002919007004,0.427,0.012,0,c7,Vstm5,0.415,0.177205
0,6.54660996606641,0.42,0.006,0,c7,Gabra2,0.414,0.17388
0,6.00335049393189,0.42,0.01,0,c7,Opcml,0.41,0.1722
0,5.49084129948218,0.42,0.01,0,c7,Sorcs3,0.41,0.1722
0,6.27208183324538,0.413,0.009,0,c7,Cnr1,0.404,0.166852
0,5.55895328074023,0.413,0.01,0,c7,Lnp1,0.403,0.166439
0,5.39059216194969,0.413,0.01,0,c7,Csmd3,0.403,0.166439
0,7.75209958524898,0.406,0.003,0,c7,Crhr1,0.403,0.163618
0,7.16909931490031,0.406,0.003,0,c7,Resp18,0.403,0.163618
0,5.89853448462289,0.406,0.007,0,c7,Ccdc184,0.399,0.161994
0,5.02977712096269,0.406,0.01,0,c7,Lrrtm3,0.396,0.160776
0,5.59328961791753,0.399,0.008,0,c7,Dok5,0.391,0.156009
0,5.15018029958069,0.385,0.009,0,c7,Ephx4,0.376,0.14476
0,7.44932609104156,0.378,0.003,0,c7,Nell1,0.375,0.14175
0,5.64447077097682,0.378,0.008,0,c7,March11,0.37,0.13986
0,6.64418286246653,0.378,0.009,0,c7,Crabp1,0.369,0.139482
0,6.04404122282633,0.371,0.006,0,c7,Egfem1,0.365,0.135415
0,5.6583405324283,0.371,0.008,0,c7,Rgs17,0.363,0.134673
0,5.23996181946539,0.371,0.009,0,c7,Slc45a1,0.362,0.134302
0,8.60578822126072,0.364,0.001,0,c7,Slc30a3,0.363,0.132132
0,6.49566717343116,0.364,0.004,0,c7,Zcchc12,0.36,0.13104
0,6.60431623991769,0.364,0.005,0,c7,Ajap1,0.359,0.130676
0,5.74395907942144,0.364,0.007,0,c7,Kcnc4,0.357,0.129948
0,6.22188925154288,0.364,0.009,0,c7,Kcnip1,0.355,0.12922
0,7.29515775372753,0.35,0.002,0,c7,Slc16a11,0.348,0.1218
0,6.59045737558103,0.343,0.003,0,c7,Lingo2,0.34,0.11662
0,7.75896385025916,0.336,0.002,0,c7,Gpr12,0.334,0.112224
0,6.64562894111485,0.336,0.003,0,c7,Epha6,0.333,0.111888
0,6.27304181796977,0.336,0.006,0,c7,Kcnk9,0.33,0.11088
0,7.39635267103927,0.329,0.003,0,c7,Slc6a5,0.326,0.107254
0,6.41036234991701,0.322,0.005,0,c7,Olfm3,0.317,0.102074
0,6.23362790422084,0.322,0.005,0,c7,Grm4,0.317,0.102074
0,6.38078921631709,0.308,0.004,0,c7,Nrip3,0.304,0.093632
0,5.92154432494835,0.301,0.004,0,c7,Tafa2,0.297,0.089397
0,8.4448758955377,0.294,0.001,0,c7,Glra4,0.293,0.086142
0,7.54580330891612,0.287,0.001,0,c7,Vmn2r87,0.286,0.082082
0,6.33168513079977,0.287,0.003,0,c7,Gpr26,0.284,0.081508
0,5.8701248392092,0.287,0.004,0,c7,Sntg1,0.283,0.081221
0,7.02440776554059,0.273,0.003,0,c7,Gabrg1,0.27,0.07371
0,6.12695289871724,0.273,0.004,0,c7,Clgn,0.269,0.073437
0,7.63480507813905,0.266,0.002,0,c7,Slitrk4,0.264,0.070224
0,6.54810649363921,0.266,0.003,0,c7,Stk32b,0.263,0.069958
0,7.30354900500108,0.252,0.003,0,c7,Tfap2c,0.249,0.062748
0,6.05549077679576,0.252,0.003,0,c7,Kndc1,0.249,0.062748
4.1391704502653e-307,4.38330504291595,0.811,0.055,1.33405463612051e-302,c7,Vstm2a,0.756,0.613116
6.1367254651864e-307,4.05661547377484,0.762,0.047,1.97786661742958e-302,c7,Mtus2,0.715,0.54483
7.60700078134223e-307,4.03862861918463,0.853,0.06,2.4517363518266e-302,c7,Cacng4,0.793,0.676429
6.26443249052444e-306,5.09378887331953,0.559,0.024,2.01902659169603e-301,c7,Ralyl,0.535,0.299065
6.61316560692568e-306,4.73041463844288,0.573,0.025,2.13142327511215e-301,c7,Brinp1,0.548,0.314004
7.66041092364597e-305,5.10755191857474,0.58,0.026,2.4689504406911e-300,c7,Syt7,0.554,0.32132
1.40308237510823e-303,4.52147116613751,0.636,0.032,4.52213449497383e-299,c7,Stmn4,0.604,0.384144
2.61405340750743e-303,4.26566934100389,0.874,0.067,8.42509413239646e-299,c7,Tmem191c,0.807,0.705318
3.51711953028117e-303,4.29588170415148,0.741,0.045,1.13356762460962e-298,c7,Shank3,0.696,0.515736
3.65922853864038e-303,4.34528268924538,0.678,0.037,1.17936935800379e-298,c7,Arnt2,0.641,0.434598
3.83637543358828e-303,4.63359829570401,0.587,0.027,1.2364638022455e-298,c7,Kcnab3,0.56,0.32872
8.23010027148833e-303,4.23695651094403,0.811,0.056,2.65256131750069e-298,c7,Plppr4,0.755,0.612305
1.44666615386701e-301,5.42391549748501,0.441,0.014,4.66260501391337e-297,c7,AI593442,0.427,0.188307
1.83201373514672e-301,4.17348631116799,0.678,0.037,5.90458026837788e-297,c7,Ica1,0.641,0.434598
1.87219872091042e-299,4.69578276382625,0.615,0.03,6.03409647749428e-295,c7,Fgf12,0.585,0.359775
2.19182022114871e-299,5.5662086424597,0.566,0.026,7.06423657276228e-295,c7,Kcnd3,0.54,0.30564
2.45335870637705e-299,4.06539741055915,0.937,0.08,7.90717511065324e-295,c7,Slc2a3,0.857,0.803009
6.02904570209882e-299,4.44838603110359,0.629,0.032,1.94316142978645e-294,c7,Camk2n2,0.597,0.375513
1.35222227228092e-298,4.42293644376117,0.615,0.03,4.35821238356142e-294,c7,Prmt8,0.585,0.359775
7.02230796449492e-298,5.1578048555617,0.455,0.015,2.26328985695671e-293,c7,Rbfox1,0.44,0.2002
1.1579434362808e-297,4.3445310683564,0.72,0.044,3.73205169513301e-293,c7,Tceal5,0.676,0.48672
1.51653831419245e-297,3.81644286980124,0.881,0.066,4.88780298664228e-293,c7,Glrb,0.815,0.718015
1.64282353299675e-297,4.29833859220179,0.699,0.041,5.29482024684852e-293,c7,Chst10,0.658,0.459942
2.48362177941838e-297,4.43838218765766,0.615,0.03,8.00471299506543e-293,c7,Gpr85,0.585,0.359775
3.66119843273814e-297,4.10343864279916,0.902,0.074,1.1800042548715e-292,c7,Tro,0.828,0.746856
2.61816460325231e-296,4.08102702342922,0.685,0.038,8.43834451628221e-292,c7,Ppp2r2c,0.647,0.443195
4.822324890664e-296,3.94888605077866,0.965,0.085,1.55423531226101e-291,c7,Eef1a2,0.88,0.8492
2.11210790258041e-295,5.25388226808758,0.378,0.01,6.80732377001665e-291,c7,Cdh12,0.368,0.139104
8.0442323244096e-295,4.92950763669596,0.587,0.028,2.59265607815721e-290,c7,Pcdh19,0.559,0.328133
7.36067426213639e-294,4.16514567169717,0.755,0.049,2.37234531468656e-289,c7,Ddx25,0.706,0.53303
5.47083630803737e-293,4.45561261928502,0.944,0.089,1.76325054208045e-288,c7,Ndrg4,0.855,0.80712
1.47041705911968e-292,5.03855781613466,0.406,0.012,4.73915418154273e-288,c7,Epha10,0.394,0.159964
1.55809793834724e-292,4.1866009438282,0.741,0.047,5.02174965529315e-288,c7,Pnck,0.694,0.514254
6.73553440216664e-292,4.3790380567907,0.559,0.025,2.17086273781831e-287,c7,Fbxo41,0.534,0.298506
9.85614916772732e-292,4.56589744774323,0.566,0.026,3.17663687675851e-287,c7,Epha8,0.54,0.30564
1.73669073023989e-291,4.44407013888633,0.552,0.024,5.59735422356315e-287,c7,Sgsm1,0.528,0.291456
3.3135629830861e-291,3.82813525279925,0.902,0.072,1.06796134944865e-286,c7,Ctnna2,0.83,0.74866
5.39602564450358e-291,4.86738084258271,0.517,0.021,1.7391390652235e-286,c7,Gabrb2,0.496,0.256432
1.93227732646039e-290,4.0818258169132,0.706,0.042,6.22772982318185e-286,c7,Sult4a1,0.664,0.468784
1.94407649382927e-290,5.93608025335321,0.378,0.01,6.26575853961173e-286,c7,Hs6st3,0.368,0.139104
5.51685930426154e-290,4.81801550139597,0.573,0.027,1.77808375376349e-285,c7,Trim46,0.546,0.312858
1.8447947015131e-289,4.05378872867374,0.972,0.095,5.94577332297672e-285,c7,Rbfox2,0.877,0.852444
7.15134073504776e-289,4.12908166211956,0.797,0.056,2.30487711890589e-284,c7,Pde4a,0.741,0.590577
3.63817031149659e-287,4.23041692181421,0.524,0.022,1.17258229139535e-282,c7,Lrrtm4,0.502,0.263048
3.34865425594162e-286,4.21065261796795,0.916,0.082,1.07927126668998e-281,c7,Cacna1d,0.834,0.763944
1.41779595092207e-285,4.10391823345392,0.727,0.046,4.56955634982183e-281,c7,Rgs8,0.681,0.495087
1.82879668064521e-285,4.25803297622593,0.671,0.039,5.8942117017195e-281,c7,Ppm1k,0.632,0.424072
6.7924504937551e-285,4.2733375042939,0.608,0.031,2.18920679413727e-280,c7,Samd12,0.577,0.350816
6.83411199085125e-285,4.94231205798909,0.434,0.015,2.20263429465136e-280,c7,March4,0.419,0.181846
1.79734613838613e-284,4.9120570664354,0.378,0.011,5.7928466040185e-280,c7,Adcy8,0.367,0.138726
1.22224616541927e-283,3.95445865804965,0.734,0.046,3.9392993911463e-279,c7,Lrtm2,0.688,0.504992
7.25179877123488e-283,4.18709668192222,0.636,0.034,2.337254743969e-278,c7,Hmx1,0.602,0.382872
1.03830213813639e-282,3.99678086061776,0.86,0.069,3.34644779121358e-278,c7,Fez1,0.791,0.68026
2.65787908110155e-282,4.03910202761768,0.692,0.041,8.56634427839031e-278,c7,Ttll7,0.651,0.450492
5.64447835623129e-282,4.10168387571367,0.832,0.064,1.81921537421334e-277,c7,Ctnnd2,0.768,0.638976
1.0293270775537e-281,3.60637131933884,0.895,0.071,3.31752117095558e-277,c7,Slc4a10,0.824,0.73748
9.6187017183037e-281,4.45699415430667,0.545,0.025,3.10010756380928e-276,c7,Nyap1,0.52,0.2834
2.13008223861675e-280,4.09149821990653,0.678,0.04,6.8652550550618e-276,c7,Shank1,0.638,0.432564
2.3703966435282e-280,4.14188397719652,0.601,0.03,7.63978838209139e-276,c7,Drd1,0.571,0.343171
2.85916042768572e-280,4.49038275798396,0.615,0.032,9.21507405843109e-276,c7,Gria1,0.583,0.358545
8.15850331669606e-279,5.73832067650813,0.322,0.007,2.62948561897114e-274,c7,Efna3,0.315,0.10143
1.2009932139731e-278,5.34856907138422,0.448,0.016,3.8708011286353e-274,c7,Kcnh1,0.432,0.193536
1.44210118738451e-278,4.05822893854899,0.979,0.1,4.64789212694029e-274,c7,Cdk14,0.879,0.860541
2.07003468621925e-278,4.96819136097115,0.434,0.015,6.67172179368463e-274,c7,Aff2,0.419,0.181846
6.35932955142147e-278,4.5557655334308,0.476,0.018,2.04961191442314e-273,c7,Jph3,0.458,0.218008
6.60667802702054e-277,5.20246166646453,0.336,0.008,2.12933232810872e-272,c7,Tmem91,0.328,0.110208
2.21756614379015e-276,4.03364867349605,1,0.108,7.14721568143565e-272,c7,Pax6,0.892,0.892
1.64085754004509e-275,4.19914363804819,0.93,0.09,5.28848385156531e-271,c7,Pnmal2,0.84,0.7812
1.8408817700992e-275,4.54411461022137,0.462,0.017,5.93316194502973e-271,c7,Ptprr,0.445,0.20559
1.89489763694529e-275,4.0100913714928,0.804,0.06,6.10725508387467e-271,c7,Ypel4,0.744,0.598176
2.07347648799911e-275,4.47994840503361,0.497,0.02,6.68281472082112e-271,c7,Kcnip4,0.477,0.237069
2.17574536274215e-275,5.09463390938262,0.399,0.013,7.01242730411795e-271,c7,Pnma3,0.386,0.154014
1.05260031932644e-274,3.85646808820841,0.923,0.084,3.39253082918912e-270,c7,Scrn1,0.839,0.774397
1.43641657775984e-274,3.96663102553386,0.643,0.036,4.62957063011997e-270,c7,Dok6,0.607,0.390301
2.44253831784433e-274,4.52882697855032,0.713,0.047,7.87230099841228e-270,c7,Cx3cl1,0.666,0.474858
1.72819917040696e-273,5.50277227533321,0.273,0.005,5.56998592622163e-269,c7,Adgra1,0.268,0.073164
7.68442541905342e-272,5.79199906230162,0.343,0.009,2.47669031256092e-267,c7,Cdk18,0.334,0.114562
6.54476704922328e-270,3.91412850589536,0.923,0.087,2.10937841996466e-265,c7,Kif5c,0.836,0.771628
7.88881444654523e-270,3.95774621808423,0.86,0.072,2.54256489612153e-265,c7,Sphkap,0.788,0.67768
3.94650982644344e-268,3.69112094064746,0.965,0.092,1.27196011706272e-263,c7,Synpr,0.873,0.842445
6.07549221074186e-268,4.32235512500625,0.573,0.029,1.9581311395221e-263,c7,DEPRECATED-ENSMUSG00000005045,0.544,0.311712
4.99310988616728e-266,5.28080105690143,0.343,0.009,1.60927931631171e-261,c7,Lrrtm1,0.334,0.114562
1.0604847567029e-265,4.0696289573212,0.79,0.061,3.41794237085343e-261,c7,Serpini1,0.729,0.57591
1.25367750747011e-264,3.8658935235896,0.881,0.077,4.04060260657617e-260,c7,Car11,0.804,0.708324
1.36800253165417e-263,4.66498744519049,0.685,0.046,4.4090721595214e-259,c7,Nckap5,0.639,0.437715
1.52318148960671e-263,4.87750527403241,0.49,0.021,4.90921394100244e-259,c7,Rimbp2,0.469,0.22981
1.63212131361551e-263,3.64570100612428,0.86,0.071,5.2603269937828e-259,c7,Arfgef3,0.789,0.67854
1.75867166152566e-263,3.74962589442402,0.958,0.096,5.6681987650972e-259,c7,Prune2,0.862,0.825796
2.21996498443853e-263,4.20604028916661,0.804,0.066,7.15494714484537e-259,c7,Lhfp,0.738,0.593352
2.40186915779657e-263,4.28778809263482,0.678,0.043,7.74122429557836e-259,c7,Kcna6,0.635,0.43053
1.31832354784191e-262,3.74308886874811,0.811,0.063,4.24895679469448e-258,c7,Apba2,0.748,0.606628
4.49139304310442e-262,3.79234235889393,0.895,0.081,1.44757597779256e-257,c7,Fry,0.814,0.72853
1.85162343901076e-261,4.93898971152682,0.622,0.037,5.96778234393168e-257,c7,Lrrn3,0.585,0.36387
4.54571444136974e-261,3.975650097947,0.678,0.043,1.46508376445347e-256,c7,Cacna1c,0.635,0.43053
2.85793379929088e-260,5.53479242342478,0.378,0.012,9.21112063511452e-256,c7,Camk2a,0.366,0.138348
4.97688580146809e-260,4.61548973879673,0.448,0.017,1.60405029381316e-255,c7,Plcb1,0.431,0.193088
5.65281926577076e-260,3.97860265814129,0.951,0.098,1.82190364935792e-255,c7,Prkcb,0.853,0.811203
4.23275942260837e-259,4.83217015288704,0.58,0.032,1.36421836190668e-254,c7,Khdrbs2,0.548,0.31784
1.84046228799445e-258,3.75467930677832,0.874,0.077,5.93180995420612e-254,c7,Dock3,0.797,0.696578
5.41972208139759e-258,5.45440669098628,0.35,0.01,1.74677642683444e-253,c7,Plppr1,0.34,0.119
6.76054588583775e-258,3.92446638901986,0.811,0.066,2.17892393900551e-253,c7,Susd4,0.745,0.604195
1.48336645103967e-257,3.95014487193864,0.916,0.091,4.78089007170086e-253,c7,Fam234b,0.825,0.7557
1.70066944139873e-256,3.63167077804957,0.951,0.096,5.48125760962812e-252,c7,Cadps,0.855,0.813105
4.00783911702742e-256,4.45776811296092,0.497,0.022,1.29172654741794e-251,c7,Reps2,0.475,0.236075
3.90830902870635e-255,4.28274085809075,0.615,0.036,1.25964799995206e-250,c7,Shc2,0.579,0.356085
3.98314926707406e-255,4.09570689865237,0.818,0.071,1.28376900877797e-250,c7,Bex1,0.747,0.611046
4.95850645783286e-255,5.03943331026482,0.329,0.009,1.59812663135953e-250,c7,Jakmip1,0.32,0.10528
4.97840253754865e-255,5.23662997362797,0.315,0.008,1.60453913785193e-250,c7,Nwd2,0.307,0.096705
1.13807947404377e-254,3.71588015841992,0.839,0.07,3.66803014484308e-250,c7,Pcdh1,0.769,0.645191
4.25760039373973e-254,4.53010543084368,0.608,0.036,1.37222460690232e-249,c7,Cdh18,0.572,0.347776
2.58071506294531e-253,3.79517227244396,0.874,0.08,8.31764464787273e-249,c7,Grip1,0.794,0.693956
7.4356022975744e-253,3.85938798082431,0.79,0.064,2.39649462050823e-248,c7,Stmn3,0.726,0.57354
1.24284409015845e-252,3.93417779730308,0.657,0.042,4.0056865025807e-248,c7,Nap1l2,0.615,0.404055
2.31969411796758e-252,4.6777823404635,0.427,0.016,7.4763741422095e-248,c7,Ncan,0.411,0.175497
3.30635617750246e-252,5.44972997734162,0.273,0.006,1.06563859600904e-247,c7,Nkain3,0.267,0.072891
2.1221963071756e-251,4.45078814996415,0.476,0.021,6.83983869802697e-247,c7,Zfp941,0.455,0.21658
2.76556846296925e-251,4.10070030739558,0.427,0.016,8.91342715614989e-247,c7,Fabp3,0.411,0.175497
6.99722725373608e-251,4.22877789762,0.538,0.027,2.25520634387914e-246,c7,Pcdha7,0.511,0.274918
5.16777547502535e-250,3.83624930706288,0.671,0.044,1.66557403560067e-245,c7,Csrnp3,0.627,0.420717
5.4120449084405e-250,4.6994935199438,0.503,0.024,1.74430207399037e-245,c7,Grin2d,0.479,0.240937
1.61529391445212e-249,5.643986490919,0.322,0.009,5.20609228627918e-245,c7,Greb1l,0.313,0.100786
1.38756438117129e-248,3.86855945344629,0.923,0.097,4.47212000051505e-244,c7,Sept5,0.826,0.762398
9.0990576996897e-248,5.3648540686391,0.294,0.007,2.93262629660999e-243,c7,Gp1bb,0.287,0.084378
1.30939869898807e-246,4.12908377793554,0.594,0.035,4.22019200683856e-242,c7,Srsf12,0.559,0.332046
1.31686240420759e-246,4.22049221216536,0.601,0.036,4.24424752876107e-242,c7,Trim62,0.565,0.339565
1.61453984331862e-246,3.87676691462004,0.825,0.072,5.2036619150159e-242,c7,Nlgn3,0.753,0.621225
4.21127071727681e-244,4.02557682816588,0.825,0.074,1.35729255217831e-239,c7,Dner,0.751,0.619575
9.8545814348923e-242,3.77795987638433,0.692,0.049,3.17613159646579e-237,c7,Gucy1a2,0.643,0.444956
1.68987112701328e-241,3.77996277993435,0.727,0.055,5.44645464236379e-237,c7,Cux2,0.672,0.488544
2.07475029702334e-241,3.97724825418576,0.58,0.033,6.68692020730623e-237,c7,Kcnj9,0.547,0.31726
2.01982235928625e-239,5.10156100829978,0.357,0.012,6.50988746397958e-235,c7,Fgf14,0.345,0.123165
2.67590573417956e-239,3.83473250848393,0.748,0.059,8.62444418126073e-235,c7,Igsf9b,0.689,0.515372
2.96118578539945e-239,4.62413767537012,0.378,0.013,9.54390178634243e-235,c7,Ica1l,0.365,0.13797
5.06408438786477e-239,3.70904072539572,0.909,0.094,1.63215439820881e-234,c7,Arhgef9,0.815,0.740835
6.64079823095272e-239,4.47795880475176,0.566,0.033,2.14032926983606e-234,c7,Shisa8,0.533,0.301678
1.32590375552625e-238,4.3141322336497,0.497,0.024,4.27338780406109e-234,c7,Mfsd4a,0.473,0.235081
2.12251676726986e-238,4.29296842112922,0.566,0.033,6.84087154091077e-234,c7,Zfp57,0.533,0.301678
6.5149055637661e-238,4.63029847948054,0.455,0.02,2.09975406320181e-233,c7,Larp6,0.435,0.197925
9.37627193875542e-238,3.61687842758943,0.888,0.087,3.02197244586087e-233,c7,Camk2b,0.801,0.711288
2.55827785943414e-236,3.83535441742716,0.762,0.063,8.24532954095623e-232,c7,Efnb3,0.699,0.532638
1.35682817746368e-235,4.27468136298481,0.462,0.021,4.37305721596543e-231,c7,Prrt3,0.441,0.203742
3.40525856070251e-234,4.58721722644597,0.357,0.012,1.09751483411442e-229,c7,Lrrc7,0.345,0.123165
6.92888270197175e-234,4.65778143792657,0.441,0.019,2.2331788948455e-229,c7,Hrh3,0.422,0.186102
7.16888757956235e-233,5.24844293031689,0.343,0.011,2.31053246689295e-228,c7,Tunar,0.332,0.113876
7.41685692748786e-233,4.64458606959582,0.336,0.01,2.39045298772934e-228,c7,B3gat1,0.326,0.109536
1.24611423689072e-232,4.02039713188659,0.573,0.034,4.01622618549879e-228,c7,Lpcat4,0.539,0.308847
1.88992142575344e-232,4.05756027316879,0.664,0.047,6.09121675520333e-228,c7,Cnksr2,0.617,0.409688
2.34361603408478e-232,3.94384557175853,0.748,0.062,7.55347447785523e-228,c7,Nebl,0.686,0.513128
3.74310012334422e-231,3.36818588317783,0.741,0.057,1.20640116975384e-226,c7,Sybu,0.684,0.506844
7.5672299020435e-231,4.44268409790385,0.615,0.041,2.43891819742862e-226,c7,Gria3,0.574,0.35301
6.48619166686385e-229,4.90691761468938,0.35,0.012,2.09049957423022e-224,c7,Rbm24,0.338,0.1183
6.01517136856716e-227,4.2622097250086,0.615,0.042,1.9386897320892e-222,c7,Prkar2b,0.573,0.352395
1.11001717326592e-226,3.73611213084477,0.685,0.051,3.57758534943606e-222,c7,Zfp711,0.634,0.43429
3.69247754407578e-226,3.55257972393774,0.832,0.079,1.19008551245562e-221,c7,Slc4a3,0.753,0.626496
1.86737269720956e-225,3.5614468093105,0.769,0.065,6.01854220310641e-221,c7,Syngr3,0.704,0.541376
1.92522835669457e-225,4.59917770037136,0.413,0.017,6.2050109936266e-221,c7,Vash2,0.396,0.163548
1.8246463772592e-224,3.83310635013182,0.497,0.026,5.88083527390641e-220,c7,Vstm2b,0.471,0.234087
2.16185391334733e-224,3.42693808754648,0.916,0.099,6.96765516271845e-220,c7,Lrrc4b,0.817,0.748372
4.01448424937472e-224,5.08167079544886,0.503,0.028,1.29386827357347e-219,c7,Calb2,0.475,0.238925
7.904918230177e-224,3.85295183312864,0.881,0.095,2.54775514558605e-219,c7,Slc24a3,0.786,0.692466
6.57356305982884e-223,3.54634867987713,0.776,0.068,2.11865937418284e-218,c7,Lin7a,0.708,0.549408
1.99590273599497e-222,4.47513969770892,0.413,0.018,6.43279451811178e-218,c7,Hcn4,0.395,0.163135
2.94569583804938e-222,3.62250031628636,0.776,0.069,9.49397768603316e-218,c7,Chrnb2,0.707,0.548632
6.62780109186812e-222,3.86220704311851,0.573,0.036,2.1361402919091e-217,c7,Cplx1,0.537,0.307701
1.26240264446951e-221,3.37610280755389,0.818,0.075,4.06872372312524e-217,c7,Unc79,0.743,0.607774
2.53759263482151e-221,3.55244937461949,0.804,0.074,8.17866106202972e-217,c7,Dclk2,0.73,0.58692
9.47383206819887e-221,3.6368412113891,0.776,0.069,3.0534160755805e-216,c7,Cntnap1,0.707,0.548632
2.37359741963879e-220,4.14004336578478,0.503,0.027,7.65010448349582e-216,c7,Tnr,0.476,0.239428
2.71243054582391e-220,3.59893873100929,0.944,0.116,8.74216364919047e-216,c7,Ptprn2,0.828,0.781632
3.8646376697478e-220,4.50655381407609,0.448,0.021,1.24557272095972e-215,c7,St6gal2,0.427,0.191296
1.18282563891119e-218,4.83978193544122,0.448,0.022,3.81224703421076e-214,c7,Kirrel3,0.426,0.190848
1.62667889538696e-218,3.55575335011981,0.86,0.088,5.24278607983218e-214,c7,Gucy1b1,0.772,0.66392
6.72349627221608e-218,3.63189974258451,0.748,0.065,2.16698284853524e-213,c7,Tanc2,0.683,0.510884
1.08713727850855e-216,5.53384353279349,0.252,0.006,3.50384344863306e-212,c7,Thsd7b,0.246,0.061992
1.11727220834667e-216,3.7164114465056,0.636,0.045,3.60096832750132e-212,c7,Pcdha12,0.591,0.375876
1.48076864312992e-216,3.59973671708964,0.762,0.067,4.77251733680772e-212,c7,Kcna2,0.695,0.52959
1.58864609740986e-216,5.17509509877616,0.434,0.021,5.12020637195198e-212,c7,Cntn6,0.413,0.179242
4.06240274663264e-216,4.14934046630737,0.462,0.023,1.3093124052397e-211,c7,Ajm1,0.439,0.202818
5.90068844360739e-216,3.87588330048938,0.657,0.05,1.90179188537466e-211,c7,Tmeff1,0.607,0.398799
9.47524173426128e-216,3.67877067790368,0.727,0.061,3.05387041095241e-211,c7,Tram1l1,0.666,0.484182
1.17703964066541e-215,3.6306783009215,0.832,0.085,3.79359876186461e-211,c7,Tnik,0.747,0.621504
1.2071026547286e-215,3.34841857644364,0.853,0.086,3.89049185619029e-211,c7,Mark1,0.767,0.654251
1.71443225485209e-215,4.40176087545776,0.455,0.023,5.52561515738828e-211,c7,Ablim3,0.432,0.19656
1.46162686345494e-214,4.15534771370489,0.441,0.021,4.71082338091529e-210,c7,Pcdha8,0.42,0.18522
1.91236664712603e-214,4.45325252977768,0.497,0.028,6.16355770368721e-210,c7,Ripor2,0.469,0.233093
3.02089698722343e-213,3.97618212619223,0.601,0.042,9.73635098982113e-209,c7,Slc22a23,0.559,0.335959
8.49078666414222e-213,3.87097605228679,0.685,0.056,2.73658054185304e-208,c7,B3galnt1,0.629,0.430865
1.32691239410985e-212,3.3794062171217,0.93,0.11,4.27663864621605e-208,c7,Soga3,0.82,0.7626
2.74283924747789e-212,3.76478619017578,0.664,0.052,8.84017089462123e-208,c7,Klhl32,0.612,0.406368
2.75719648400281e-212,3.44013252522432,0.867,0.092,8.88644426794105e-208,c7,Tubb4a,0.775,0.671925
4.28579479562106e-212,3.65074196562351,0.615,0.043,1.38131166262867e-207,c7,Dgat2,0.572,0.35178
4.83607232186491e-211,3.67456648811104,0.699,0.058,1.55866610933706e-206,c7,Slc8a2,0.641,0.448059
6.80422702538104e-211,3.89194803798414,0.678,0.055,2.19300237028031e-206,c7,Mpp3,0.623,0.422394
8.74045891622805e-211,4.55946292831831,0.49,0.028,2.8170499087003e-206,c7,Sez6l,0.462,0.22638
1.06571351425035e-210,3.29248260059906,0.566,0.036,3.43479465642887e-206,c7,Hcn3,0.53,0.29998
1.26468598139787e-210,3.44370820940241,0.853,0.089,4.07608291804532e-206,c7,Cpt1c,0.764,0.651692
1.57334378821266e-210,3.33967131379562,0.846,0.086,5.07088702940941e-206,c7,Cd200,0.76,0.64296
2.41240325065445e-210,5.38550289684162,0.252,0.006,7.7751756768593e-206,c7,Acr,0.246,0.061992
2.07653094440762e-209,3.23033196266227,0.783,0.072,6.69265923382576e-205,c7,Sparcl1,0.711,0.556713
6.00471824615975e-209,4.12216686604263,0.469,0.025,1.93532069073729e-204,c7,Slc22a15,0.444,0.208236
8.7214985598038e-209,5.09401233005842,0.517,0.032,2.81093898582477e-204,c7,Tfap2b,0.485,0.250745
2.14420038245627e-208,3.67687702892894,0.811,0.083,6.91075783265656e-204,c7,Adgrl3,0.728,0.590408
4.56749618386678e-208,3.44295676196064,0.951,0.123,1.47210402006026e-203,c7,Gprasp2,0.828,0.787428
2.07629570215993e-207,4.21493515142289,0.517,0.031,6.69190104806146e-203,c7,Matk,0.486,0.251262
7.98308475138229e-207,3.97196804202759,0.476,0.026,2.57294821537051e-202,c7,Hecw2,0.45,0.2142
1.40429397616777e-206,3.5226135614754,0.741,0.067,4.52603948518874e-202,c7,Hcn2,0.674,0.499434
2.70566670515366e-206,3.47487807592558,0.755,0.069,8.72036379071024e-202,c7,Otud7a,0.686,0.51793
3.39860779603728e-206,4.49221569664294,0.49,0.028,1.09537129266282e-201,c7,Lama1,0.462,0.22638
7.21336344124711e-206,3.48596900096702,0.727,0.064,2.32486703711394e-201,c7,Dtx1,0.663,0.482001
2.30554456827646e-205,3.72177305638575,0.594,0.042,7.43077014355502e-201,c7,Lrrc4c,0.552,0.327888
3.20318477055305e-205,3.62512645471434,0.503,0.029,1.03238645154925e-200,c7,B4galnt1,0.474,0.238422
3.86996423722194e-205,4.48822848451919,0.441,0.022,1.24728947365663e-200,c7,Kcnip2,0.419,0.184779
4.31626836243114e-205,3.63127695517965,0.734,0.066,1.39113329321156e-200,c7,Adam11,0.668,0.490312
6.06803550988356e-205,5.12026844401717,0.301,0.01,1.95572784483547e-200,c7,Shisa6,0.291,0.087591
1.51173350854069e-204,4.57262925894091,0.441,0.023,4.87231709802663e-200,c7,Ndst3,0.418,0.184338
1.68795814947099e-204,3.73591008259505,0.72,0.065,5.44028911574501e-200,c7,Rims1,0.655,0.4716
1.8885452160706e-204,3.54905903499453,0.902,0.111,6.08678123139554e-200,c7,Atp6v1g2,0.791,0.713482
3.14814658355266e-204,4.78233054062544,0.287,0.009,1.01464764387902e-199,c7,Tmem151b,0.278,0.079786
7.87136632714883e-204,3.54831246356048,0.706,0.061,2.53694136724007e-199,c7,Six6,0.645,0.45537
1.01929150324367e-203,3.85426317045225,0.503,0.029,3.28517651495435e-199,c7,Tmem169,0.474,0.238422
1.13470095978995e-202,3.64139416863719,0.79,0.081,3.657141193403e-198,c7,Arhgap44,0.709,0.56011
4.15385729335153e-202,4.49073249515661,0.399,0.018,1.3387882056472e-197,c7,Inpp5j,0.381,0.152019
7.18734657834335e-202,4.28754762034508,0.497,0.029,2.31648180220006e-197,c7,Fads6,0.468,0.232596
1.47761947326088e-201,3.25109129795169,0.923,0.112,4.76236756231982e-197,c7,Apc2,0.811,0.748553
2.09903060654329e-201,4.29498609893008,0.378,0.016,6.76517564488903e-197,c7,Ankrd34a,0.362,0.136836
4.58148334552261e-201,3.55827956864992,0.755,0.072,1.47661208226194e-196,c7,St7,0.683,0.515665
5.42265458519993e-201,4.26845978410519,0.42,0.021,1.74772157280994e-196,c7,Fsd1,0.399,0.16758
3.50218807988095e-200,3.77019210191121,0.594,0.043,1.12875521814563e-195,c7,Nudt11,0.551,0.327294
2.31901714029773e-199,4.27039213544387,0.392,0.018,7.4741922431796e-195,c7,Lnx1,0.374,0.146608
3.0854470370863e-199,4.61029980590446,0.371,0.016,9.94439580052914e-195,c7,Tmem178,0.355,0.131705
5.36546341835986e-199,3.42490450242187,0.818,0.087,1.72928885973738e-194,c7,Pde1b,0.731,0.597958
7.94285279329852e-197,4.6804309525733,0.336,0.013,2.55998145528011e-192,c7,Slit1,0.323,0.108528
3.66952571604422e-196,3.64014398903142,0.531,0.034,1.18268813828105e-191,c7,Adap1,0.497,0.263907
4.86549551660692e-196,3.93783794160324,0.594,0.045,1.56814920500241e-191,c7,Camk4,0.549,0.326106
1.10988558216231e-195,4.53967225913848,0.413,0.021,3.57716123130911e-191,c7,Bhlhe22,0.392,0.161896
2.14289509804303e-195,4.15372690246504,0.469,0.027,6.90655090099267e-191,c7,Prr36,0.442,0.207298
2.49211753439637e-195,3.30687598337829,0.902,0.11,8.03209481335951e-191,c7,Sobp,0.792,0.714384
2.81134458710922e-195,3.46241963589909,0.811,0.088,9.06096360425303e-191,c7,Shank2,0.723,0.586353
2.83967788264399e-195,3.68449250824704,0.643,0.052,9.15228181576157e-191,c7,Plcl2,0.591,0.380013
4.11569393305865e-195,3.48509497855812,0.699,0.063,1.3264881546248e-190,c7,Dipk1b,0.636,0.444564
1.15359864549895e-194,3.25938163390813,0.783,0.078,3.71804843444312e-190,c7,B4galnt4,0.705,0.552015
1.99819836978809e-194,3.58288964547047,0.671,0.058,6.44019334582701e-190,c7,Ncs1,0.613,0.411323
4.93980229460737e-194,4.02223197200175,0.462,0.026,1.59209827955195e-189,c7,Tstd3,0.436,0.201432
5.37582602138256e-194,3.3342632271805,0.832,0.091,1.7326287266916e-189,c7,Nup210,0.741,0.616512
5.65520669385188e-194,3.37624250683452,0.881,0.108,1.82267311742846e-189,c7,Cbarp,0.773,0.681013
1.57659428818234e-193,3.60825811505995,0.734,0.071,5.08136339081168e-189,c7,Ncam2,0.663,0.486642
2.83798626701614e-193,5.95470093730022,0.385,0.018,9.14682973859302e-189,c7,Ebf3,0.367,0.141295
2.25383672802881e-192,4.69815788753018,0.287,0.009,7.26411577443685e-188,c7,Fam189a1,0.278,0.079786
3.51116007963291e-192,3.33136052085288,0.804,0.086,1.13164689366569e-187,c7,Ttbk1,0.718,0.577272
4.11714505055587e-192,3.25694015320837,0.958,0.133,1.32695584979416e-187,c7,Adam22,0.825,0.79035
1.87144273774896e-191,3.59345702760372,0.734,0.072,6.03165994376489e-187,c7,Dusp10,0.662,0.485908
6.98033897448782e-191,5.20139369860612,0.28,0.009,2.24976325147742e-186,c7,Cacna1e,0.271,0.07588
1.90608339637432e-190,4.72258760826489,0.434,0.024,6.14330678651444e-186,c7,Pcdh8,0.41,0.17794
3.0868100603714e-190,3.42981439445806,0.622,0.049,9.94878882457704e-186,c7,Ccdc106,0.573,0.356406
6.73288102221e-190,3.94210031974905,0.636,0.054,2.17000755345828e-185,c7,Mab21l2,0.582,0.370152
8.64794343666524e-190,4.25796333793204,0.434,0.024,2.78723216963721e-185,c7,Stmn2,0.41,0.17794
2.76912237200626e-189,3.91881944597749,0.552,0.039,8.92488140497617e-185,c7,Rtl5,0.513,0.283176
3.17633645488267e-189,3.5675288213343,0.49,0.03,1.02373323940868e-184,c7,Cntn4,0.46,0.2254
3.34451528644263e-189,3.12748649681357,0.958,0.131,1.07793727682046e-184,c7,Cadm4,0.827,0.792266
7.52709574321036e-189,3.22473671139734,0.839,0.094,2.4259829580367e-184,c7,Gprin1,0.745,0.625055
1.02916674921602e-188,3.65711900876124,0.636,0.053,3.31700443272324e-184,c7,Ttc9,0.583,0.370788
4.00930526728307e-187,4.1720959781998,0.392,0.019,1.29219908764533e-182,c7,Pcdha6,0.373,0.146216
6.09314654938495e-187,3.52092142520576,0.769,0.082,1.96382113286677e-182,c7,Tbkbp1,0.687,0.528303
6.09799236345304e-187,4.04839100101866,0.469,0.028,1.96538293874092e-182,c7,Nova2,0.441,0.206829
2.01242719492951e-186,3.69611444785376,0.636,0.054,6.4860528492578e-182,c7,Nuak1,0.582,0.370152
2.15133857734776e-186,4.07353192307978,0.392,0.019,6.93376423479181e-182,c7,Vav3,0.373,0.146216
4.99108781721896e-186,3.66706980763651,0.608,0.049,1.60862760348967e-181,c7,Syn3,0.559,0.339872
6.97790228632075e-186,3.45904613326008,0.839,0.103,2.24897790688118e-181,c7,Mllt11,0.736,0.617504
1.64270890852646e-185,3.48377115526653,0.811,0.093,5.29445081218079e-181,c7,Ryr2,0.718,0.582298
2.98753137771982e-185,3.46945561790773,0.685,0.064,9.62881363039097e-181,c7,Gnai1,0.621,0.425385
1.38685395152601e-184,3.51965168050979,0.636,0.054,4.46983028576833e-180,c7,Sept6,0.582,0.370152
2.40768588816388e-184,4.0958597735405,0.58,0.046,7.7599716175522e-180,c7,Prkar1b,0.534,0.30972
9.51315580722931e-184,5.20883844358525,0.252,0.007,3.06609011667001e-179,c7,Rasd2,0.245,0.06174
4.56115573883605e-183,3.16383746883259,0.671,0.059,1.47006049462686e-178,c7,Rgs7bp,0.612,0.410652
1.30257890169906e-182,4.71260448409238,0.273,0.009,4.19821180017606e-178,c7,Glt1d1,0.264,0.072072
2.2570502710945e-182,3.47553889139579,0.699,0.067,7.27447302373757e-178,c7,Tmem25,0.632,0.441768
2.34332532390385e-182,3.25306759154531,0.909,0.122,7.55253751894211e-178,c7,Tmem178b,0.787,0.715383
3.24918812060117e-182,3.26170444137911,0.832,0.097,1.04721333126976e-177,c7,Med12l,0.735,0.61152
5.46123416372674e-182,3.98715201624543,0.615,0.053,1.76015577096913e-177,c7,Samd5,0.562,0.34563
9.65126709786237e-182,3.23337607131826,0.902,0.121,3.11060338564104e-177,c7,Samd14,0.781,0.704462
1.28186992810705e-181,4.02549198685306,0.462,0.028,4.13146677828901e-177,c7,Pcdha9,0.434,0.200508
3.16395547983865e-181,3.31260114612704,0.825,0.097,1.019742851152e-176,c7,Galnt13,0.728,0.6006
3.56072743660611e-181,3.75977323936979,0.678,0.064,1.14762245281815e-176,c7,Ccsap,0.614,0.416292
1.20966770298571e-180,3.57856878533023,0.699,0.069,3.89875900672295e-176,c7,Dgkq,0.63,0.44037
5.39775451323273e-180,3.19960615761987,0.965,0.148,1.73969627961491e-175,c7,Tmem59l,0.817,0.788405
9.59029734419964e-180,3.56838078251298,0.58,0.046,3.09095283403555e-175,c7,Ikzf4,0.534,0.30972
1.79767943489753e-179,3.89563685239132,0.42,0.023,5.79392081867474e-175,c7,Krt222,0.397,0.16674
5.13477486223185e-179,4.77269921722703,0.294,0.011,1.65493793809732e-174,c7,Phyhip,0.283,0.083202
1.17247479267671e-178,4.68759334058898,0.287,0.01,3.77888625679704e-174,c7,Gpr61,0.277,0.079499
2.03010694392234e-178,3.27223035640078,0.699,0.067,6.5430346802617e-174,c7,Reep1,0.632,0.441768
3.96731437404264e-178,3.4629931929251,0.685,0.066,1.27866542275394e-173,c7,Rnf165,0.619,0.424015
5.58552924342668e-178,3.73158513282573,0.643,0.059,1.80021607515642e-173,c7,Nova1,0.584,0.375512
2.38851546757785e-177,3.09008138669601,0.818,0.093,7.69818535200341e-173,c7,Lsamp,0.725,0.59305
2.66215128600472e-177,3.54290980536956,0.371,0.018,8.58011359479321e-173,c7,Slc2a6,0.353,0.130963
4.56071983559601e-177,3.44361168915753,0.874,0.123,1.46992000301259e-172,c7,Tagln3,0.751,0.656374
1.85921922299082e-176,3.29648675652251,0.993,0.171,5.9922635556994e-172,c7,Ackr1,0.822,0.816246
5.58829353160571e-176,3.45100905957085,0.741,0.079,1.80110700523652e-171,c7,Pgbd5,0.662,0.490542
1.21268925643456e-175,3.42089757267119,0.783,0.091,3.90849747348859e-171,c7,Rap1gap,0.692,0.541836
1.43776403077064e-175,3.30586027049145,0.699,0.068,4.63391347117376e-171,c7,Smarca1,0.631,0.441069
3.63405483140269e-175,3.2318311572636,0.559,0.042,1.17125587216109e-170,c7,Rgs7,0.517,0.289003
5.64316086677067e-175,2.99968547169896,0.853,0.104,1.81879074736019e-170,c7,Actl6b,0.749,0.638897
7.01983603412924e-175,2.83660559507251,0.944,0.126,2.26249315379985e-170,c7,Atp2b2,0.818,0.772192
7.17050208674337e-175,4.45310879720941,0.35,0.016,2.31105282255739e-170,c7,Cdh8,0.334,0.1169
1.12178709946899e-174,4.24634274543154,0.399,0.022,3.61551982158855e-170,c7,Dpf1,0.377,0.150423
2.38186906775586e-174,3.49693810303666,0.692,0.07,7.67676400537715e-170,c7,Hectd2,0.622,0.430424
2.43220642799787e-174,3.44680387300116,0.657,0.061,7.83900131743714e-170,c7,Fgf11,0.596,0.391572
2.67927650722926e-174,3.31906127230288,0.797,0.094,8.63530818279991e-170,c7,H2afy2,0.703,0.560291
6.17452384381461e-174,3.38541116471962,0.643,0.058,1.99004903486145e-169,c7,Map3k9,0.585,0.376155
1.72578373033815e-173,3.4023964870465,0.706,0.072,5.56220096287986e-169,c7,Dzank1,0.634,0.447604
5.6524356578772e-173,3.65625557103291,0.573,0.046,1.82178001253382e-168,c7,Ube2ql1,0.527,0.301971
1.42620901430281e-172,3.11688761443822,0.93,0.138,4.59667165309797e-168,c7,Ache,0.792,0.73656
1.94146455274969e-172,4.10516115004483,0.49,0.034,6.25734025351224e-168,c7,Ptprt,0.456,0.22344
1.95244855439309e-171,4.95091982197537,0.329,0.015,6.29274169080894e-167,c7,Calb1,0.314,0.103306
2.28705534108397e-171,3.15581779587095,0.846,0.108,7.37117936431364e-167,c7,Erc1,0.738,0.624348
3.13395097970706e-171,4.47922729874687,0.322,0.014,1.01007240075959e-166,c7,Pcdha5,0.308,0.099176
6.423485878161e-171,3.3396397903962,0.867,0.122,2.07028949853129e-166,c7,Diras2,0.745,0.645915
1.2161118829915e-170,3.11345831621017,0.846,0.108,3.91952859888159e-166,c7,Fzd3,0.738,0.624348
2.93000398428497e-170,3.40660925334192,0.79,0.096,9.44340284135046e-166,c7,Inpp5f,0.694,0.54826
3.12476193013826e-170,3.12828231524075,0.601,0.05,1.00711077008356e-165,c7,Kcnk1,0.551,0.331151
4.59368621663342e-170,4.12975127151968,0.538,0.043,1.48054506762095e-165,c7,Runx1t1,0.495,0.26631
5.60808836939526e-170,3.42882311586941,0.692,0.07,1.80748688145609e-165,c7,Scg2,0.622,0.430424
1.66760495887443e-169,3.72078226817266,0.469,0.031,5.3746907824523e-165,c7,Psg16,0.438,0.205422
2.36644817173258e-169,3.54119960859338,0.483,0.033,7.62706245749412e-165,c7,Rab15,0.45,0.21735
3.59704440556152e-169,3.05573602980762,0.944,0.146,1.15932741191248e-164,c7,Dzip1,0.798,0.753312
4.82812917723978e-169,4.16024161259156,0.503,0.037,1.55610603382438e-164,c7,Zfpm2,0.466,0.234398
7.81077444044097e-169,4.23451978574523,0.364,0.018,2.51741260215412e-164,c7,Kcnb2,0.346,0.125944
4.80726043832963e-168,3.02288761330182,0.951,0.145,1.54938003927364e-163,c7,Auts2,0.806,0.766506
2.11302705271595e-167,5.25172048402757,0.259,0.009,6.81028619090351e-163,c7,Prrt4,0.25,0.06475
6.66445665356257e-167,3.34016736813619,0.811,0.105,2.14795437944322e-162,c7,Pkia,0.706,0.572566
2.41280434402997e-166,3.44361974299685,0.566,0.047,7.77646840080859e-162,c7,Sprn,0.519,0.293754
3.19376165789582e-166,3.58537637137518,0.545,0.044,1.02934938233982e-161,c7,Ankrd13d,0.501,0.273045
3.95719357700885e-166,3.91327941986617,0.615,0.058,1.27540348986995e-161,c7,Col11a2,0.557,0.342555
7.59585305879825e-166,3.42696126260683,0.944,0.17,2.44814344085068e-161,c7,Dlg2,0.774,0.730656
1.37771106804951e-165,3.16478276883135,0.741,0.082,4.44036277232357e-161,c7,Dgkh,0.659,0.488319
6.2172578878377e-165,3.07829331609525,0.951,0.159,2.00382221725009e-160,c7,Syt11,0.792,0.753192
6.44632096102644e-165,3.25708508285691,0.573,0.048,2.07764924573882e-160,c7,Efr3b,0.525,0.300825
1.50639814848166e-164,2.76250079151499,0.93,0.129,4.8551212325564e-160,c7,Nrbp2,0.801,0.74493
6.48096237677097e-164,3.74420659495176,0.545,0.045,2.08881417403328e-159,c7,Kcna5,0.5,0.2725
1.09706680676565e-163,3.55213631295831,0.559,0.047,3.53584631820569e-159,c7,Shd,0.512,0.286208
2.52856136730083e-163,3.01536792470327,0.797,0.098,8.14955328681057e-159,c7,Epb41l1,0.699,0.557103
4.57873901970635e-163,3.01117722663366,0.832,0.106,1.47572758605136e-158,c7,Slc6a17,0.726,0.604032
6.62417368880356e-163,3.80689849389376,0.573,0.05,2.13497117990139e-158,c7,Adcy5,0.523,0.299679
2.20535892143432e-162,3.49109011726813,0.671,0.071,7.1078718037828e-158,c7,Sfxn1,0.6,0.4026
3.29501669784967e-162,3.44329074089918,0.72,0.082,1.06198388171695e-157,c7,Ppp1r1a,0.638,0.45936
3.30542412537327e-162,3.03179300755595,0.734,0.08,1.0653381956078e-157,c7,Map7d2,0.654,0.480036
3.37409113298695e-162,3.53786329490555,0.573,0.05,1.08746957216169e-157,c7,Pak1,0.523,0.299679
5.0460533793669e-162,4.55625958241455,0.273,0.01,1.62634300416995e-157,c7,Smim18,0.263,0.071799
1.02841945532956e-161,2.66734033128991,0.699,0.07,3.31459590452718e-157,c7,Jakmip2,0.629,0.439671
1.9999973584968e-161,5.01777026952353,0.273,0.01,6.4459914864352e-157,c7,Galnt9,0.263,0.071799
5.76183542537442e-161,4.49064154723076,0.308,0.014,1.85703955759818e-156,c7,Fam163a,0.294,0.090552
8.51366039063891e-161,3.80578561460222,0.469,0.033,2.74395274390292e-156,c7,Rusc1,0.436,0.204484
3.06726585312067e-160,3.85619504083497,0.769,0.104,9.8857978446079e-156,c7,Grm8,0.665,0.511385
3.52557847007206e-160,3.7742715099077,0.441,0.029,1.13629394090423e-155,c7,Ptpre,0.412,0.181692
4.31778112209379e-159,4.96124955087758,0.301,0.013,1.39162085565083e-154,c7,Grik3,0.288,0.086688
5.13145028691032e-159,3.68952035603174,0.462,0.032,1.6538664274712e-154,c7,Slc16a7,0.43,0.19866
1.35881019702712e-158,3.86239559003377,0.448,0.03,4.37944526501841e-154,c7,Flrt1,0.418,0.187264
9.05031762271926e-158,3.07405185668567,0.79,0.099,2.91691736980242e-153,c7,Cend1,0.691,0.54589
1.27975966808323e-157,3.17158857683276,0.587,0.052,4.12466541023227e-153,c7,Prrg3,0.535,0.314045
1.73927474288622e-157,3.95157001404193,0.58,0.055,5.6056824963223e-153,c7,Pde3a,0.525,0.3045
2.28820845554791e-157,3.17240529917587,0.832,0.116,7.37489585223093e-153,c7,Spock2,0.716,0.595712
2.87930381774465e-157,4.05365742975436,0.371,0.021,9.279996204591e-153,c7,Rims4,0.35,0.12985
1.12501823346251e-156,2.95732745876122,0.86,0.12,3.62593376644966e-152,c7,Dbn1,0.74,0.6364
1.68758590631086e-156,3.20128393493601,0.86,0.13,5.43908937603991e-152,c7,Hdac11,0.73,0.6278
4.70844619725991e-156,4.54948247086018,0.329,0.016,1.51753220937687e-151,c7,Cdh6,0.313,0.102977
4.76693011026426e-156,3.38625305947046,0.573,0.051,1.53638157453817e-151,c7,Cd46,0.522,0.299106
1.37759566990949e-155,3.39683610978395,0.483,0.036,4.43999084411829e-151,c7,Smim10l2a,0.447,0.215901
3.27666744182237e-155,3.58553647498928,0.49,0.037,1.05606991649935e-150,c7,Pcdha11,0.453,0.22197
6.88336204325655e-155,3.06915486713102,0.972,0.192,2.21850758654159e-150,c7,Dzip3,0.78,0.75816
2.08244796647666e-154,4.22773892651901,0.301,0.013,6.71172979595428e-150,c7,Plcxd1,0.288,0.086688
2.78066953119168e-154,3.13878204856937,0.734,0.087,8.96209789903078e-150,c7,Lrch2,0.647,0.474898
3.9308700210383e-154,3.84152824649531,0.35,0.018,1.26691940778064e-149,c7,Fbll1,0.332,0.1162
4.92512815068846e-154,3.21359217938741,0.622,0.06,1.58736880296689e-149,c7,Col6a1,0.562,0.349564
6.17656170665492e-154,3.84723328527652,0.378,0.022,1.99070583805488e-149,c7,Cib2,0.356,0.134568
6.27558697850116e-154,4.83791245605014,0.301,0.014,2.02262168317092e-149,c7,Galnt14,0.287,0.086387
7.69395698691083e-154,3.94614303895099,0.455,0.033,2.47976233688136e-149,c7,Fam217b,0.422,0.19201
6.37665891291438e-153,3.34610820297479,0.601,0.058,2.0551971676323e-148,c7,Mmp16,0.543,0.326343
6.3915893754779e-153,4.46510595059904,0.343,0.018,2.06000925571653e-148,c7,Pcdha4,0.325,0.111475
1.33117180544517e-152,3.41808680568391,0.552,0.048,4.29036672894977e-148,c7,Cgn,0.504,0.278208
1.49868069648318e-152,2.88182484639433,0.867,0.123,4.83024788476528e-148,c7,Ptprd,0.744,0.645048
1.75339671995373e-152,2.94944473234409,0.755,0.091,5.65119762841088e-148,c7,Kcnma1,0.664,0.50132
2.53423549927098e-152,4.42446157553902,0.266,0.01,8.16784101415038e-148,c7,Smim17,0.256,0.068096
5.72260486187231e-152,3.45245289433951,0.566,0.052,1.84439554698145e-147,c7,Fam171a2,0.514,0.290924
1.01024274828185e-151,3.96558459625385,0.336,0.017,3.25601237771239e-147,c7,Tmem200a,0.319,0.107184
1.03231001565491e-151,4.42674535925485,0.294,0.013,3.32713518045578e-147,c7,Vwc2l,0.281,0.082614
3.48224057046474e-151,4.48230682936759,0.301,0.014,1.12232613586079e-146,c7,AU022751,0.287,0.086387
4.65179870339507e-151,2.74807607202653,0.79,0.098,1.49927472210423e-146,c7,B4galt6,0.692,0.54668
9.62555412492209e-151,3.38850076517396,0.538,0.047,3.10231609446239e-146,c7,Nhs,0.491,0.264158
1.99143170605646e-150,2.7983571463745,0.951,0.159,6.41838438861997e-146,c7,Slc8a3,0.792,0.753192
2.08434214574411e-150,2.92687678670632,0.902,0.147,6.71783473573326e-146,c7,Usp11,0.755,0.68101
2.12756286403643e-150,3.0250892302007,0.916,0.155,6.85713511078942e-146,c7,Igsf8,0.761,0.697076
2.15618930951097e-150,3.51519427458933,0.483,0.037,6.94939814455386e-146,c7,Lrfn1,0.446,0.215418
8.35651198275708e-150,4.26925596285008,0.336,0.018,2.69330381204261e-145,c7,Cacna1a,0.318,0.106848
1.60383744522355e-149,3.63496265276924,0.657,0.074,5.16916808595551e-145,c7,Vstm2l,0.583,0.383031
1.77255775102172e-149,2.85985155180435,0.832,0.114,5.712953631543e-145,c7,Zfp827,0.718,0.597376
2.42782611903514e-149,2.82051663656608,0.888,0.131,7.82488358165025e-145,c7,Dhcr24,0.757,0.672216
3.91773285570696e-148,2.83532780206551,0.951,0.167,1.26268529939435e-143,c7,Trio,0.784,0.745584
4.53003984738664e-148,2.93948805496528,0.867,0.133,1.46003184281271e-143,c7,Arrb1,0.734,0.636378
6.01200461533389e-148,2.81934819326188,0.839,0.117,1.93766908752211e-143,c7,Caskin1,0.722,0.605758
2.5872021727444e-147,3.60201011104888,0.559,0.053,8.33855260275521e-143,c7,Adcy2,0.506,0.282854
3.28864048314725e-147,4.36075621313399,0.273,0.012,1.05992882771836e-142,c7,Rab9b,0.261,0.071253
8.1910619423572e-147,3.18384221199175,0.846,0.135,2.63997926402172e-142,c7,Pdxp,0.711,0.601506
1.24400001847124e-146,3.79794982529946,0.406,0.027,4.00941205953282e-142,c7,Pcdha11.1,0.379,0.153874
1.26176121287097e-146,4.00608853122674,0.371,0.022,4.06665638908315e-142,c7,Dhtkd1,0.349,0.129479
4.02317489346521e-146,4.56664151020621,0.28,0.012,1.29666926816384e-141,c7,Adcyap1r1,0.268,0.07504
4.08679141049207e-146,3.31030199153021,0.531,0.046,1.3171728716016e-141,c7,Grk3,0.485,0.257535
6.35729667858918e-146,3.57977539652316,0.524,0.046,2.04895671950929e-141,c7,Zfp618,0.478,0.250472
1.68915615078983e-145,2.90620289131565,0.769,0.098,5.44415027399564e-141,c7,Tmtc2,0.671,0.515999
4.97468604661172e-145,4.66740907246939,0.308,0.015,1.60334131282296e-140,c7,Rec8,0.293,0.090244
8.28856576400892e-144,2.99673349107583,0.902,0.151,2.67140474574008e-139,c7,Tmem132a,0.751,0.677402
1.08669233427936e-143,2.662807523857,0.762,0.096,3.50240939338239e-139,c7,Map6,0.666,0.507492
1.28548654306024e-143,3.39507705450322,0.524,0.046,4.14312312828315e-139,c7,Fam184b,0.478,0.250472
1.43992597541607e-143,2.9745754285893,0.923,0.168,4.640881418766e-139,c7,Tubb2a,0.755,0.696865
1.63502205495e-143,2.84607174113052,0.979,0.208,5.26967608310386e-139,c7,Mtss2,0.771,0.754809
4.09252456436489e-143,2.86233644990191,0.902,0.154,1.3190206670948e-138,c7,Plppr2,0.748,0.674696
7.2252358829063e-143,3.5441866633988,0.517,0.046,2.3286935250607e-138,c7,Rcan2,0.471,0.243507
7.23270389760452e-143,2.99145831582405,0.909,0.167,2.33110046619794e-138,c7,Srgap3,0.742,0.674478
7.39781146374011e-143,2.80968381836461,0.839,0.122,2.38431463476344e-138,c7,Soga1,0.717,0.601563
6.01313908357119e-142,2.63769402040065,0.846,0.121,1.938034726635e-137,c7,Hid1,0.725,0.61335
1.24443847339008e-141,3.22495772759575,0.587,0.059,4.01082519973622e-137,c7,H1fx,0.528,0.309936
1.38936100818639e-141,2.98459652684409,0.986,0.243,4.47791052938475e-137,c7,Sv2a,0.743,0.732598
1.78214448833495e-141,2.75636835004148,0.783,0.103,5.74385168590356e-137,c7,Dtna,0.68,0.53244
2.20956749514505e-141,3.54844722617335,0.517,0.046,7.12143603685249e-137,c7,Neto2,0.471,0.243507
4.02676969291971e-141,2.93167706306413,0.769,0.104,1.29782787202802e-136,c7,Rasa3,0.665,0.511385
4.42949801912593e-141,2.85353820442489,0.853,0.133,1.42762721156429e-136,c7,Ddhd2,0.72,0.61416
7.82858972994822e-141,2.86729457521873,0.874,0.142,2.52315446996231e-136,c7,Scg3,0.732,0.639768
8.43611964481135e-141,2.96653762044521,0.713,0.088,2.7189613615227e-136,c7,Pdzd4,0.625,0.445625
2.05109740047786e-140,2.82242739322376,0.72,0.087,6.61068692174013e-136,c7,Schip1,0.633,0.45576
3.51002254777115e-140,3.0131040308986,0.769,0.105,1.13128026714664e-135,c7,Ephb2,0.664,0.510616
6.30124441763812e-140,3.51471706854137,0.699,0.093,2.03089107580477e-135,c7,Frmd5,0.606,0.423594
7.32835032399449e-140,3.79804133566987,0.35,0.021,2.36192730942342e-135,c7,Stambpl1,0.329,0.11515
8.48150894343924e-140,3.52844119105009,0.413,0.029,2.73359033247047e-135,c7,Pcdhac1,0.384,0.158592
1.29478974999745e-139,3.81774118901695,0.399,0.027,4.17310736424177e-135,c7,Nptx2,0.372,0.148428
1.65666076797637e-139,3.7796833622754,0.483,0.041,5.33941765518784e-135,c7,Cacna2d3,0.442,0.213486
2.24334534282657e-139,3.17307838906034,0.538,0.049,7.23030203993004e-135,c7,Sorcs1,0.489,0.263082
7.40988327324517e-139,2.74995930912816,0.818,0.117,2.38820537896692e-134,c7,Parp8,0.701,0.573418
2.58991803713834e-138,3.2675086897584,0.545,0.052,8.34730583369685e-134,c7,Agpat4,0.493,0.268685
4.91431168314196e-138,4.12950003179881,0.462,0.039,1.58388265547665e-133,c7,Robo1,0.423,0.195426
6.56598959248948e-138,3.57958488842937,0.371,0.023,2.11621844565936e-133,c7,Fam13c,0.348,0.129108
9.10112864435085e-138,2.78036556977467,0.965,0.208,2.93329376207428e-133,c7,Dst,0.757,0.730505
9.24878349214118e-138,2.99831210750901,0.748,0.101,2.9808829195171e-133,c7,Fnbp1l,0.647,0.483956
5.58696955064575e-137,3.33971794062001,0.762,0.114,1.80068028617313e-132,c7,Adarb1,0.648,0.493776
8.18560369444464e-137,3.9180708057874,0.399,0.028,2.63822007071951e-132,c7,Spsb4,0.371,0.148029
9.94181676815779e-137,3.04472559425387,0.755,0.105,3.20424754437726e-132,c7,Meis3,0.65,0.49075
1.29543995657737e-136,3.27956140401716,0.406,0.028,4.17520298004887e-132,c7,St18,0.378,0.153468
1.73457747768772e-136,2.70842663056291,0.797,0.112,5.59054321058753e-132,c7,Elovl6,0.685,0.545945
3.31318537092227e-136,2.76006826380562,0.86,0.137,1.06783964504825e-131,c7,Dennd5b,0.723,0.62178
4.54662719059138e-136,2.80094434953192,0.986,0.239,1.4653779435276e-131,c7,DEPRECATED-ENSMUSG00000040785,0.747,0.736542
4.67918082277809e-136,3.1601971248393,0.636,0.074,1.50809997918138e-131,c7,Rnf227,0.562,0.357432
8.10306920652345e-136,4.0924602832253,0.371,0.024,2.61161920526251e-131,c7,Hs3st1,0.347,0.128737
1.02300521561526e-135,2.83602652745621,0.811,0.12,3.29714580992798e-131,c7,Tmod2,0.691,0.560401
1.75586598639436e-135,3.25890125618192,0.524,0.049,5.65915607414903e-131,c7,Adcy3,0.475,0.2489
2.1670538234633e-135,2.8245112749094,0.825,0.128,6.98441447302222e-131,c7,Pcgf2,0.697,0.575025
5.79861344202371e-135,3.0093247408804,0.587,0.061,1.86889311236424e-130,c7,Dmtn,0.526,0.308762
3.44778462076283e-134,3.04182478920555,0.72,0.097,1.11122098327186e-129,c7,Ap1s1,0.623,0.44856
4.95789475274735e-134,3.82975351879945,0.385,0.026,1.59792947881047e-129,c7,Pcdhb10,0.359,0.138215
5.22268550972492e-134,3.01241631701507,0.916,0.184,1.68327153978434e-129,c7,Pgm2l1,0.732,0.670512
6.51274899245671e-134,3.83420817559402,0.476,0.042,2.0990590002688e-129,c7,Sh3rf3,0.434,0.206584
9.69520044116325e-134,2.81786261889726,0.797,0.118,3.12476310218692e-129,c7,Frmd4a,0.679,0.541163
1.48518245168358e-133,2.94136773298043,0.993,0.276,4.78674304177617e-129,c7,Cadm3,0.717,0.711981
3.81748169448512e-133,3.66695947022051,0.427,0.033,1.23037435013255e-128,c7,Tmem200c,0.394,0.168238
5.79614069612203e-133,3.00641541223647,0.874,0.163,1.86809614636013e-128,c7,Cdk5r1,0.711,0.621414
6.0332251337825e-133,3.76074338851316,0.385,0.027,1.9445084606181e-128,c7,Zkscan16,0.358,0.13783
7.35398155638425e-133,3.42716016062168,0.497,0.045,2.37018825562264e-128,c7,Dagla,0.452,0.224644
7.60342851446492e-133,2.59250109895384,0.839,0.128,2.45058501021204e-128,c7,Acbd6,0.711,0.596529
7.71950196209332e-133,2.93754963809218,0.72,0.095,2.48799548238268e-128,c7,Trim67,0.625,0.45
1.03889029570519e-132,3.28987688282109,0.364,0.023,3.34834342305784e-128,c7,Carmil2,0.341,0.124124
2.1270471936343e-132,3.61594654919102,0.413,0.031,6.85547310508335e-128,c7,Ccdc30,0.382,0.157766
2.68432517496631e-132,2.80662205722572,0.846,0.137,8.65158003891641e-128,c7,Armcx4,0.709,0.599814
5.04066300926541e-132,3.27558773358796,0.448,0.036,1.62460568788624e-127,c7,Ppp1r14c,0.412,0.184576
6.31352668501302e-132,2.69948095656387,0.965,0.207,2.0348496505797e-127,c7,Syngap1,0.758,0.73147
6.73803192735959e-132,2.83820415434375,0.895,0.168,2.171667690188e-127,c7,Pfkm,0.727,0.650665
1.5992339139295e-131,2.85777730352812,0.93,0.189,5.15433090459479e-127,c7,Clip3,0.741,0.68913
3.82132642014918e-131,2.94229063966502,0.636,0.074,1.23161350521408e-126,c7,Nap1l3,0.562,0.357432
4.49081444904468e-131,3.77474407723313,0.413,0.031,1.4473894969271e-126,c7,Lrrn2,0.382,0.157766
4.59779437768616e-131,3.31089019676722,0.713,0.102,1.48186912792825e-126,c7,Dab1,0.611,0.435643
6.77461633920974e-131,3.31195522256642,0.441,0.035,2.1834588461273e-126,c7,Zfp811,0.406,0.179046
1.00782923159505e-130,3.03196658795757,0.678,0.087,3.24823361343083e-126,c7,Mta3,0.591,0.400698
3.68543488672993e-130,3.905609574175,0.413,0.032,1.18781566399306e-125,c7,Nell2,0.381,0.157353
5.74501691499075e-130,2.67418796751955,0.958,0.209,1.85161895170152e-125,c7,Tcaf1,0.749,0.717542
6.54208306992862e-130,5.27743049477464,0.336,0.022,2.10851337343799e-125,c7,Gad1,0.314,0.105504
8.58242928865024e-130,3.96882939672792,0.259,0.012,2.76611695973197e-125,c7,Tfr2,0.247,0.063973
9.81162784793507e-130,3.03061381697906,0.629,0.074,3.16228765538947e-125,c7,Atl1,0.555,0.349095
1.00774896173369e-129,2.95729860251157,0.629,0.073,3.24797490366767e-125,c7,Fam228b,0.556,0.349724
2.48076579588892e-129,2.77917760634614,0.615,0.068,7.99550816014999e-125,c7,Prickle2,0.547,0.336405
4.84274040206154e-129,2.71659266522375,0.867,0.151,1.56081523158443e-124,c7,Cygb,0.716,0.620772
4.8686377040241e-129,2.80885309815013,0.699,0.09,1.56916193200697e-124,c7,Inha,0.609,0.425691
4.87619543247652e-129,3.26238223671054,0.531,0.053,1.57159778788718e-124,c7,Fam110b,0.478,0.253818
7.56830174858688e-129,3.37924269518762,0.462,0.04,2.43926365356955e-124,c7,Pdgfd,0.422,0.194964
1.12708543448997e-128,3.36936923465507,0.483,0.043,3.63259635536117e-124,c7,Stx1a,0.44,0.21252
3.82892211569437e-128,2.76978213088458,0.888,0.163,1.23406159788829e-123,c7,Bex2,0.725,0.6438
4.79051043332689e-128,3.15685957782301,0.566,0.06,1.54398151266126e-123,c7,Adgrb2,0.506,0.286396
1.04373324047751e-127,3.05318456842931,0.664,0.085,3.36395223405902e-123,c7,Uchl1,0.579,0.384456
1.13534439004246e-127,3.63039485101509,0.427,0.035,3.65921496910686e-123,c7,Thrsp,0.392,0.167384
2.3855973744846e-127,2.70493091027219,0.909,0.171,7.68878033796386e-123,c7,Dgkz,0.738,0.670842
2.62057714450684e-127,3.37257685993279,0.483,0.044,8.44612013674554e-123,c7,Arhgef4,0.439,0.212037
4.79617868362579e-127,2.85197874922966,0.79,0.122,1.54580838973259e-122,c7,Sox4,0.668,0.52772
6.16501905473381e-127,2.97261009407257,0.811,0.133,1.98698564134071e-122,c7,Hap1,0.678,0.549858
1.17393840329955e-126,2.95966657046614,0.643,0.079,3.78360347383445e-122,c7,Bex4,0.564,0.362652
3.08379048754101e-126,3.23930041479092,0.51,0.05,9.93905674134467e-122,c7,Rac3,0.46,0.2346
1.12071922956367e-125,3.11332357143699,0.72,0.106,3.61207807688369e-121,c7,Dnajb5,0.614,0.44208
4.21863482240233e-125,3.6832426250528,0.399,0.031,1.35966600326027e-120,c7,Trmt9b,0.368,0.146832
6.5772924917697e-125,2.6283160052611,0.776,0.114,2.11986137009737e-120,c7,Arhgef17,0.662,0.513712
8.46788323038414e-125,4.25192180779316,0.28,0.015,2.72919876515281e-120,c7,Pcdha2,0.265,0.0742
1.12699839274041e-124,2.97475669728454,0.734,0.11,3.63231581980235e-120,c7,Tet1,0.624,0.458016
1.60712005255912e-124,3.03746053291925,0.664,0.087,5.17974792939805e-120,c7,Ppm1l,0.577,0.383128
1.72222259081492e-124,2.77077600123249,0.839,0.148,5.5507234101965e-120,c7,Magee1,0.691,0.579749
3.20630809876683e-124,2.71201296814524,0.818,0.131,1.03339310023255e-119,c7,Pcdhgc4,0.687,0.561966
4.89580916842237e-124,3.39770329863141,0.399,0.031,1.57791929498253e-119,c7,Nptx1,0.368,0.146832
4.96669554420911e-124,2.4882124501381,0.524,0.051,1.6007659738986e-119,c7,Frmd3,0.473,0.247852
4.97231230718992e-124,2.71504098815948,0.72,0.099,1.60257625660731e-119,c7,Rundc3b,0.621,0.44712
5.74812264477755e-124,3.22105120099197,0.448,0.038,1.8526199284118e-119,c7,Asxl3,0.41,0.18368
1.62025271600314e-123,3.05157213153684,0.531,0.054,5.22207450367811e-119,c7,Cnih2,0.477,0.253287
2.06378499440708e-123,2.85300091791087,0.622,0.074,6.65157903697401e-119,c7,Slc35g2,0.548,0.340856
5.48098622926014e-123,4.3072446407327,0.287,0.016,1.76652186169054e-118,c7,Cyp2r1,0.271,0.077777
6.27987828175515e-123,2.87031451501279,0.671,0.088,2.02400477020968e-118,c7,Pde4d,0.583,0.391193
1.43370522378221e-122,3.15085169344441,0.615,0.076,4.62083193625008e-118,c7,Gpr153,0.539,0.331485
1.45087556955678e-122,2.78304830560921,0.72,0.102,4.6761719606815e-118,c7,Irs1,0.618,0.44496
1.60364973964722e-122,2.84334953437796,0.748,0.111,5.168563110883e-118,c7,Sorcs2,0.637,0.476476
5.1489570100733e-122,2.73807384819834,0.888,0.175,1.65950884434663e-117,c7,Dusp26,0.713,0.633144
7.16490778517011e-122,3.31064578700391,0.601,0.074,2.30924977916033e-117,c7,Cplx2,0.527,0.316727
7.38639070604509e-122,2.86875722263259,0.769,0.122,2.38063372455833e-117,c7,Pam,0.647,0.497543
9.60851367378628e-122,3.33203820903015,0.538,0.059,3.09682395706132e-117,c7,Plxna3,0.479,0.257702
1.00781973358108e-121,4.48881608765169,0.266,0.014,3.24820300133181e-117,c7,Rab3b,0.252,0.067032
1.3634718042517e-121,2.56277981479831,0.881,0.156,4.39446962510323e-117,c7,Zmiz1,0.725,0.638725
2.1260914918433e-121,3.48090412428787,0.601,0.076,6.85239287821094e-117,c7,Zfp423,0.525,0.315525
2.92350914856953e-121,2.70001988608274,0.839,0.145,9.4224699858396e-117,c7,Nap1l5,0.694,0.582266
3.73619971838028e-121,2.95444745037269,0.657,0.086,1.20417716923396e-116,c7,Klhdc8a,0.571,0.375147
4.71982670738921e-121,2.65441594391983,0.643,0.079,1.52120014779154e-116,c7,Pak3,0.564,0.362652
4.81541880835957e-121,3.08783657565598,0.476,0.044,1.55200948193429e-116,c7,Panx1,0.432,0.205632
4.92639677893127e-121,2.72787012674704,0.972,0.28,1.58777768184955e-116,c7,Snrpn,0.692,0.672624
1.04399438984512e-120,2.9373057158418,0.664,0.089,3.36479391847083e-116,c7,Pygo1,0.575,0.3818
2.1538237364063e-120,2.91845079998815,0.678,0.093,6.9417739024375e-116,c7,Ebf4,0.585,0.39663
6.46085158985692e-120,3.08750345502094,0.657,0.089,2.08233246741088e-115,c7,Kcnh2,0.568,0.373176
8.28022432169429e-120,3.29045921162186,0.545,0.061,2.66871629888207e-115,c7,Ntrk3,0.484,0.26378
8.87323175709939e-120,2.87993620586222,0.559,0.061,2.85984259531313e-115,c7,Rell2,0.498,0.278382
1.65831935431194e-119,2.85513708961148,0.748,0.117,5.34476327894739e-115,c7,St6galnac6,0.631,0.471988
2.65553527208999e-119,4.18775503994091,0.287,0.016,8.55879018194604e-115,c7,Tceal6,0.271,0.077777
5.47775070466364e-119,3.32656705133554,0.462,0.043,1.76547905211309e-114,c7,Dzip1l,0.419,0.193578
7.35908034751928e-119,2.26520602686554,0.958,0.176,2.37183159600546e-114,c7,Celf3,0.782,0.749156
7.66423067398695e-119,3.17662847493964,0.594,0.073,2.47018154622599e-114,c7,Baiap2,0.521,0.309474
8.04792960169129e-119,2.82523231678164,0.692,0.097,2.5938477106251e-114,c7,Speg,0.595,0.41174
9.28169205911596e-119,2.93960020044913,0.769,0.129,2.99148935065307e-114,c7,Six3,0.64,0.49216
1.34419320970135e-118,4.06487088600385,0.308,0.019,4.33233471486745e-114,c7,Thsd4,0.289,0.089012
1.54590002646159e-118,2.84562593381248,0.636,0.082,4.9824357852857e-114,c7,Mgat3,0.554,0.352344
1.66886854899495e-118,2.00182264264928,0.462,0.041,5.37876333341072e-114,c7,Coro1a,0.421,0.194502
2.02465518010018e-118,2.86419099588294,0.713,0.107,6.52546364546289e-114,c7,Uhrf1bp1l,0.606,0.432078
3.49945503562275e-118,3.30506620930805,0.364,0.026,1.12787435798121e-113,c7,Insyn2a,0.338,0.123032
3.75263800767596e-118,2.69924020248232,0.909,0.196,1.20947522987396e-113,c7,Insig1,0.713,0.648117
4.54267559207031e-118,3.12838293566651,0.594,0.074,1.46410434332426e-113,c7,Tafa5,0.52,0.30888
1.04192718563717e-117,4.01220077018313,0.378,0.03,3.3581313193086e-113,c7,Alcam,0.348,0.131544
1.4074593183388e-117,2.98858672325983,0.692,0.101,4.53624138300595e-113,c7,Dtx4,0.591,0.408972
3.54590593009226e-117,3.52056519948258,0.406,0.034,1.14284548126873e-112,c7,Wnk3,0.372,0.151032
9.91018568186038e-117,2.40141348944215,0.972,0.21,3.1940528452636e-112,c7,Fhl1,0.762,0.740664
1.22386102075742e-116,2.33734097062337,0.993,0.204,3.94450406990117e-112,c7,Aplp1,0.789,0.783477
7.09491523553697e-116,3.48886732808684,0.413,0.035,2.28669118041357e-111,c7,Pcdhb7,0.378,0.156114
1.49496024349635e-115,4.15943372452963,0.266,0.014,4.81825686478873e-111,c7,Rnf112,0.252,0.067032
1.79503236786483e-115,2.91979484339303,0.671,0.096,5.78538932162836e-111,c7,Dclk1,0.575,0.385825
1.89776305053119e-115,3.15078581476694,0.538,0.061,6.11649031186202e-111,c7,Tmem41a,0.477,0.256626
2.22745049492038e-115,2.88118476970736,0.629,0.083,7.17907294512837e-111,c7,Cyp46a1,0.546,0.343434
2.3111684082483e-115,4.1939468154512,0.308,0.02,7.44889577978428e-111,c7,Epb41l4a,0.288,0.088704
2.71974262266526e-115,2.68445818002367,0.734,0.112,8.76573047285014e-111,c7,Hivep2,0.622,0.456548
2.94506170416081e-115,2.89276871786889,0.643,0.087,9.49193387251028e-111,c7,Adk,0.556,0.357508
3.6380114343701e-114,2.27679186610829,0.839,0.137,1.17253108529748e-109,c7,Mpp2,0.702,0.588978
4.79984563740821e-114,2.48054421964433,0.888,0.17,1.54699024893667e-109,c7,Kifc2,0.718,0.637584
1.39300982074428e-113,2.49117740188295,0.937,0.199,4.48967065225882e-109,c7,Carmil3,0.738,0.691506
2.89384831746575e-113,3.75590448049734,0.427,0.04,9.32687312719212e-109,c7,Ptpro,0.387,0.165249
3.21787324948584e-113,3.87393058620827,0.329,0.023,1.03712054830929e-108,c7,Hgf,0.306,0.100674
3.2375699331733e-113,2.57230623884499,0.713,0.104,1.04346878946175e-108,c7,Dact3,0.609,0.434217
4.3182645588163e-113,2.74576624529292,0.797,0.14,1.39177666730649e-108,c7,Cttnbp2,0.657,0.523629
6.94991242210127e-113,3.24592712534976,0.441,0.041,2.23995677364324e-108,c7,Ubash3b,0.4,0.1764
1.07078873176527e-112,3.27025823841649,0.455,0.044,3.45115208247947e-108,c7,Tspyl5,0.411,0.187005
1.12752726007797e-112,3.06974358492025,0.566,0.069,3.63402035923129e-108,c7,Bahcc1,0.497,0.281302
1.32081093352881e-112,2.56670375729425,0.867,0.166,4.25697363876334e-108,c7,Chga,0.701,0.607767
1.74258915525792e-112,3.57951856916931,0.378,0.031,5.61636484739629e-108,c7,Gfod1,0.347,0.131166
1.74879797234389e-112,2.70844825872995,0.804,0.146,5.63637586486435e-108,c7,Rasl10b,0.658,0.529032
2.50458236962713e-112,2.79887411354993,0.552,0.064,8.07226897730825e-108,c7,Cacna1h,0.488,0.269376
3.06970759035828e-112,3.01614706413385,0.497,0.052,9.89366756372473e-108,c7,Hnmt,0.445,0.221165
4.36477369232245e-112,2.53581643631374,0.93,0.227,1.40676656103552e-107,c7,Zcchc18,0.703,0.65379
4.36575584066483e-112,3.02818639117773,0.483,0.049,1.40708310744628e-107,c7,Zfand4,0.434,0.209622
6.20605329202325e-112,2.54546747444064,0.734,0.112,2.00021097601909e-107,c7,Fcho1,0.622,0.456548
9.11513042123583e-112,2.39928893455001,0.979,0.247,2.93780653476431e-107,c7,Cep170,0.732,0.716628
1.3060446936555e-111,3.21147607578764,0.497,0.053,4.20938204765166e-107,c7,Fam131a,0.444,0.220668
3.02379313267918e-111,2.45715313436928,0.839,0.149,9.74568526662499e-107,c7,Palm,0.69,0.57891
3.16411778998368e-111,4.09082686552885,0.28,0.017,1.01979516371174e-106,c7,Ppp1r3d,0.263,0.07364
9.74089426122022e-111,3.0410467583794,0.462,0.046,3.13949022039128e-106,c7,Agbl4,0.416,0.192192
1.07260886891796e-110,2.73409886005914,0.58,0.072,3.45701838452257e-106,c7,Tmem246,0.508,0.29464
2.03268958370606e-110,4.38396838566648,0.294,0.019,6.55135852828463e-106,c7,Trpc4,0.275,0.08085
2.1534063941427e-110,2.60025196076497,0.72,0.11,6.94042880832194e-106,c7,Zfp992,0.61,0.4392
2.55754978252272e-110,2.88826065616949,0.657,0.093,8.24298294907071e-106,c7,Apba1,0.564,0.370548
2.64593778381162e-110,3.04592818232128,0.643,0.092,8.52785747722486e-106,c7,Dapk1,0.551,0.354293
3.12221544704601e-110,2.42463408650223,0.874,0.166,1.00629003858293e-105,c7,Plxna1,0.708,0.618792
3.61135477619005e-110,2.41828214475744,0.853,0.158,1.16393964436605e-105,c7,Zfp704,0.695,0.592835
4.28886500664304e-110,2.47361222915903,0.923,0.209,1.38230119164105e-105,c7,Acap3,0.714,0.659022
4.66306352098166e-110,3.69768602163986,0.308,0.021,1.50290537281239e-105,c7,Epop,0.287,0.088396
5.46402617384596e-110,2.91335650484144,0.741,0.127,1.76105563583055e-105,c7,Stmn1,0.614,0.454974
5.83244933832187e-110,2.52814261514647,0.72,0.108,1.87979842174114e-105,c7,Gdap1,0.612,0.44064
6.72982110361705e-110,2.3519136146036,0.993,0.352,2.16902134169577e-105,c7,Ttc3,0.641,0.636513
7.55515266853122e-110,2.34935410137264,0.986,0.303,2.43502570506761e-105,c7,Adgrl1,0.683,0.673438
1.51230564987635e-109,3.70577413423208,0.434,0.042,4.87416110955148e-105,c7,Plekhd1,0.392,0.170128
1.65625074184035e-109,3.24134433496097,0.587,0.078,5.33809614095146e-105,c7,Cpne8,0.509,0.298783
1.87697811151542e-109,3.91427472527391,0.497,0.057,6.04950045341419e-105,c7,Stac2,0.44,0.21868
5.63887516767791e-109,2.93040681541218,0.678,0.104,1.81740946654259e-104,c7,Amigo1,0.574,0.389172
6.97488854736148e-109,2.39936041289298,0.972,0.249,2.24800657881461e-104,c7,Nav1,0.723,0.702756
8.47827097963831e-109,3.74203554438483,0.441,0.044,2.73254673673743e-104,c7,Kcnmb4,0.397,0.175077
8.73051973549421e-109,2.61843868145828,0.755,0.126,2.81384651074978e-104,c7,Lrp3,0.629,0.474895
9.16482391808899e-109,2.52796437949287,0.923,0.223,2.95382274880008e-104,c7,Mapk8ip1,0.7,0.6461
1.11089688206531e-108,2.63923082827871,0.776,0.134,3.58042065089648e-104,c7,Pid1,0.642,0.498192
2.30821949808989e-108,4.68422032645233,0.315,0.023,7.43939144234371e-104,c7,Gfra1,0.292,0.09198
3.54672565702622e-108,3.17384268062624,0.399,0.035,1.14310967925955e-103,c7,Tmem132d,0.364,0.145236
6.2438694125912e-108,3.77810355561752,0.28,0.017,2.01239911167814e-103,c7,Ydjc,0.263,0.07364
6.77955848996939e-108,2.70692279458528,0.636,0.087,2.18505170131713e-103,c7,Usp13,0.549,0.349164
1.0125408403525e-107,3.1840434111834,0.399,0.035,3.26341912845612e-103,c7,Rcor2,0.364,0.145236
1.3449954759864e-107,2.62834984871173,0.678,0.101,4.33492041910418e-103,c7,Flywch2,0.577,0.391206
2.19124499924343e-107,2.43169559905305,0.867,0.175,7.06238263256157e-103,c7,Mpnd,0.692,0.599964
3.45325629857854e-107,2.95588845952553,0.462,0.046,1.11298450503186e-102,c7,Elfn2,0.416,0.192192
3.71993329664239e-107,2.45635810401634,0.923,0.22,1.19893450150784e-102,c7,Ppm1e,0.703,0.648869
6.7423887128268e-107,2.26826902524285,0.741,0.114,2.17307188214408e-102,c7,Ece1,0.627,0.464607
1.18197536563819e-106,3.53824971098081,0.385,0.034,3.80950660345189e-102,c7,Flrt3,0.351,0.135135
1.43953201786818e-106,2.33333067977211,0.958,0.234,4.63961169358915e-102,c7,Ttyh3,0.724,0.693592
2.62846405163719e-106,3.74646830441279,0.343,0.027,8.47153963842667e-102,c7,Btbd11,0.316,0.108388
3.09805497556344e-106,2.96548902489795,0.462,0.047,9.98503118624097e-102,c7,Slitrk2,0.415,0.19173
3.22220561462235e-106,2.57661386193185,0.692,0.105,1.03851686959278e-101,c7,Plxdc2,0.587,0.406204
3.56286616817937e-106,2.98591943779629,0.517,0.06,1.14831176600421e-101,c7,Igdcc4,0.457,0.236269
6.16400257042498e-106,2.78306197498406,0.685,0.108,1.98665802844797e-101,c7,Tceal3,0.577,0.395245
9.31209748632076e-106,2.38735007514101,0.972,0.274,3.00128901984118e-101,c7,Rasgef1b,0.698,0.678456
2.38341697622067e-105,3.34201712580401,0.329,0.024,7.68175291435921e-101,c7,Nudt10,0.305,0.100345
4.5157889461622e-105,2.63143281909284,0.776,0.144,1.45543877734808e-100,c7,Bri3bp,0.632,0.490432
6.73528593064365e-105,2.52541126537289,0.867,0.184,2.17078265544645e-100,c7,Pik3r3,0.683,0.592161
7.66033484501026e-105,3.16343064840258,0.51,0.06,2.46892592054681e-100,c7,Scn1b,0.45,0.2295
1.28272357290747e-104,2.46401883904975,0.804,0.149,4.13421807548076e-100,c7,Dlg3,0.655,0.52662
2.02521204512905e-103,2.97288533388969,0.49,0.055,6.52725842145093e-99,c7,Lrfn4,0.435,0.21315
2.23136695034645e-103,2.94041675889904,0.552,0.071,7.19169568096661e-99,c7,Unc13c,0.481,0.265512
3.22789545195247e-103,2.43912232572635,0.727,0.116,1.04035070416428e-98,c7,Zfp608,0.611,0.444197
3.36173549032424e-103,2.59649141091597,0.65,0.095,1.0834873485315e-98,c7,Fbxo44,0.555,0.36075
4.27952386525489e-103,2.92980853748028,0.497,0.057,1.37929054177165e-98,c7,Mast4,0.44,0.21868
5.02810208302848e-103,2.49149176907745,0.79,0.145,1.62055730136008e-98,c7,Abat,0.645,0.50955
5.89781077954951e-103,3.72950702835979,0.469,0.054,1.90086441424881e-98,c7,Thy1,0.415,0.194635
6.86370559279367e-103,2.40175838107056,0.944,0.206,2.2121723125574e-98,c7,Ptprf,0.738,0.696672
8.87009731253435e-103,4.6285701966311,0.252,0.015,2.85883236382982e-98,c7,Gsg1l,0.237,0.059724
3.45569549252293e-102,2.43296872358798,0.692,0.107,1.11377065724014e-97,c7,Rgs2,0.585,0.40482
5.60579293202793e-102,2.41848513327738,0.874,0.188,1.8067470619926e-97,c7,Kif3c,0.686,0.599564
7.4621495041978e-102,2.33609415109135,0.965,0.254,2.40505078520295e-97,c7,Tmem145,0.711,0.686115
8.68251560001335e-102,2.36252697308241,0.769,0.133,2.7983747778843e-97,c7,Bicd1,0.636,0.489084
1.48018678166768e-101,3.30969813479774,0.497,0.06,4.77064199731494e-97,c7,B3galt1,0.437,0.217189
1.74594225704784e-101,2.8297891218169,0.65,0.1,5.62717189446518e-97,c7,Hivep3,0.55,0.3575
1.84087314500139e-101,2.79138085258191,0.587,0.08,5.93313414633947e-97,c7,Bckdhb,0.507,0.297609
3.77657583088277e-101,4.04176903281589,0.343,0.028,1.21719039029352e-96,c7,Pcdh10,0.315,0.108045
4.14823683026427e-101,2.46268656208019,0.762,0.134,1.33697673039417e-96,c7,Zfr2,0.628,0.478536
6.82647043501684e-101,3.13768404798719,0.455,0.049,2.20017142120593e-96,c7,Prelid3a,0.406,0.18473
1.10499179116086e-100,3.04075044302393,0.434,0.044,3.56138854291146e-96,c7,Cdyl2,0.39,0.16926
1.14074819708263e-100,2.20065605411037,0.986,0.265,3.67663143919732e-96,c7,Gpm6a,0.721,0.710906
1.17196422577264e-100,3.98656077098705,0.266,0.017,3.7772406996652e-96,c7,Pcdhb6,0.249,0.066234
1.20839523329254e-100,2.45337853818891,0.615,0.085,3.89465783690186e-96,c7,Aff3,0.53,0.32595
1.22266735445756e-100,2.72333114159589,0.888,0.222,3.94065688341671e-96,c7,Cplx3,0.666,0.591408
1.296871878272e-100,2.44192734591341,0.881,0.198,4.17981806367067e-96,c7,Phyhipl,0.683,0.601723
1.48345849538558e-100,3.15064407089279,0.594,0.086,4.78118673062772e-96,c7,Cacna2d2,0.508,0.301752
3.10397081665903e-100,2.40872310467398,0.769,0.134,1.00040979420921e-95,c7,Nacad,0.635,0.488315
3.95885072410671e-100,3.13974369794861,0.343,0.028,1.27593758837959e-95,c7,Adgrg1,0.315,0.108045
6.50298311014716e-100,2.94657009632655,0.58,0.081,2.09591145640043e-95,c7,Smpd3,0.499,0.28942
7.45898058653925e-100,1.97907079662334,0.839,0.144,2.4040294430416e-95,c7,Ntrk2,0.695,0.583105
8.16703255307168e-100,2.85351355776407,0.615,0.091,2.632234591855e-95,c7,DEPRECATED-ENSMUSG00000039782,0.524,0.32226
8.39323062423166e-100,2.83503536381168,0.455,0.048,2.70513823018987e-95,c7,Ldlr,0.407,0.185185
1.23799426883005e-99,2.68240427421243,0.497,0.057,3.99005552843926e-95,c7,Nat8l,0.44,0.21868
1.70850361341814e-99,2.2331609895392,0.972,0.281,5.50650714604666e-95,c7,Grik5,0.691,0.671652
1.73074733992713e-99,2.38846038178779,0.615,0.084,5.57819867658513e-95,c7,Cntn1,0.531,0.326565
2.47095044702602e-99,3.65727998740281,0.385,0.036,7.96387329076487e-95,c7,Kcnh5,0.349,0.134365
1.6427537760667e-98,2.37035422502593,0.958,0.332,5.29459542026298e-94,c7,Gprasp1,0.626,0.599708
2.41560160009495e-98,2.18400353931127,1,0.301,7.78548395710601e-94,c7,Slc22a17,0.699,0.699
3.5676550598456e-98,2.14904851143647,0.972,0.257,1.14985522578824e-93,c7,Myo5a,0.715,0.69498
4.75404478922844e-98,2.44554930245115,0.762,0.138,1.53222863556833e-93,c7,Nt5c3b,0.624,0.475488
9.1053675519767e-98,2.23688245593834,0.965,0.24,2.93465996200209e-93,c7,Plekha5,0.725,0.699625
1.06197404247841e-97,2.32382415072276,0.622,0.088,3.42274233890792e-93,c7,Slc7a4,0.534,0.332148
1.18661676859585e-97,3.1411815108254,0.392,0.037,3.82446584518442e-93,c7,Sertad4,0.355,0.13916
1.39672611022953e-97,2.19736125448098,0.678,0.106,4.50164825326977e-93,c7,Ccdc136,0.572,0.387816
1.46786519237419e-97,2.75407211983193,0.573,0.079,4.73092951502203e-93,c7,Rnf208,0.494,0.283062
1.58008322263934e-97,3.46841262863472,0.35,0.03,5.0926082265666e-93,c7,Tmem158,0.32,0.112
9.74312282746632e-97,3.05071926422727,0.399,0.039,3.1402084872924e-92,c7,Arl4c,0.36,0.14364
1.53571216337576e-96,3.01706614287874,0.559,0.079,4.94960030256007e-92,c7,Cacnb3,0.48,0.26832
2.11921301165974e-96,2.39994752901205,0.874,0.199,6.83022353657935e-92,c7,Magi1,0.675,0.58995
2.23813112613415e-96,2.78014505122982,0.629,0.099,7.21349661953036e-92,c7,Idi1,0.53,0.33337
2.47893791935445e-96,3.42629788653909,0.364,0.033,7.98961691407941e-92,c7,Slc24a2,0.331,0.120484
3.44611685309793e-96,3.42911348466174,0.329,0.027,1.11068346175346e-91,c7,Cap2,0.302,0.099358
3.95708160788892e-96,2.21196006324018,0.895,0.196,1.2753674022226e-91,c7,Foxn3,0.699,0.625605
6.96954563023717e-96,2.36242901110731,0.713,0.119,2.24628455662544e-91,c7,Adam15,0.594,0.423522
7.80579620257237e-96,2.89158062159056,0.503,0.062,2.51580811608908e-91,c7,Iqsec2,0.441,0.221823
9.70815942257869e-96,2.64059569430303,0.552,0.073,3.12893978189711e-91,c7,Spns2,0.479,0.264408
3.60460820646008e-94,2.64722798436333,0.364,0.033,1.16176522494208e-89,c7,Rassf5,0.331,0.120484
4.66314651342747e-94,2.54828898707387,0.685,0.117,1.50293212127768e-89,c7,Trim32,0.568,0.38908
4.72267663296471e-94,2.93051340134634,0.469,0.055,1.52211867880453e-89,c7,Neurod4,0.414,0.194166
5.01160238318677e-94,2.23410845622016,0.86,0.182,1.6152394481011e-89,c7,Rhbdl1,0.678,0.58308
5.73469540707007e-94,3.21315545123257,0.42,0.045,1.84829232969868e-89,c7,Tmem131l,0.375,0.1575
1.00081843485327e-93,2.40970209506978,0.503,0.061,3.22563781553209e-89,c7,Emb,0.442,0.222326
1.23612134527141e-93,3.8225203243076,0.301,0.023,3.98401909580977e-89,c7,Gprin3,0.278,0.083678
1.78052305068825e-93,2.9182122066282,0.497,0.062,5.73862579236822e-89,c7,Csmd2,0.435,0.216195
2.27844668080026e-93,2.1528606448754,0.937,0.227,7.34343365221923e-89,c7,Dab2ip,0.71,0.66527
3.26023126949646e-93,2.83257884005494,0.552,0.077,1.05077253815871e-88,c7,Cntfr,0.475,0.2622
3.32374038745475e-93,2.21071604151036,0.881,0.192,1.07124152687667e-88,c7,Slc43a2,0.689,0.607009
4.90681676175745e-93,2.53406113475118,0.587,0.085,1.58146704231443e-88,c7,Lrch1,0.502,0.294674
7.30377326892304e-93,2.66268657174219,0.601,0.091,2.3540061245739e-88,c7,Dlgap1,0.51,0.30651
7.6002493429407e-93,2.37281464769681,0.86,0.205,2.44956036322979e-88,c7,Marcksl1,0.655,0.5633
1.01956531545697e-92,2.87023969911671,0.497,0.062,3.28605901171782e-88,c7,Stard4,0.435,0.216195
1.11874770525177e-92,2.32000704837768,0.79,0.154,3.60572385402647e-88,c7,Ptprn,0.636,0.50244
1.16086225525927e-92,2.09743529889864,0.706,0.115,3.74145904870062e-88,c7,Cers6,0.591,0.417246
1.83302285122129e-92,2.12446398348705,0.986,0.375,5.90783264948623e-88,c7,Rtn1,0.611,0.602446
2.94044601933985e-92,2.75442906339954,0.538,0.074,9.47705752033234e-88,c7,Fut8,0.464,0.249632
3.45884949527047e-92,2.41067964640931,0.657,0.105,1.11478719232567e-87,c7,Nrp2,0.552,0.362664
3.46195794547575e-92,3.3734674128708,0.517,0.072,1.11578904582684e-87,c7,Pcp4,0.445,0.230065
3.65179412852838e-92,3.05788141076878,0.322,0.026,1.1769732476247e-87,c7,Rab33a,0.296,0.095312
4.73951368987365e-92,2.86509121602732,0.58,0.087,1.52754526224628e-87,c7,Efna5,0.493,0.28594
6.4281873232877e-92,2.92089451254813,0.364,0.034,2.07180477429562e-87,c7,Tmem240,0.33,0.12012
9.56491681456176e-92,2.38476793973805,0.888,0.264,3.08277268933326e-87,c7,Ndn,0.624,0.554112
1.36194465451774e-91,2.93692455179546,0.434,0.048,4.38954762151066e-87,c7,Ier5l,0.386,0.167524
1.65208524188025e-91,2.36320183064726,0.664,0.109,5.32467073458006e-87,c7,Nbdy,0.555,0.36852
4.47228618129972e-91,2.47651972655256,0.406,0.042,1.4414178362329e-86,c7,Fmnl1,0.364,0.147784
4.59908300308217e-91,2.29538227476862,0.762,0.143,1.48228445189338e-86,c7,Gdap1l1,0.619,0.471678
5.04263273855076e-91,2.92995062971961,0.364,0.034,1.62524053163491e-86,c7,Ppp1r16b,0.33,0.12012
8.33860633138724e-91,2.59053604343886,0.699,0.127,2.68753282060611e-86,c7,Cpeb2,0.572,0.399828
8.43973709456021e-91,3.17323976825329,0.406,0.043,2.72012726557676e-86,c7,Col9a2,0.363,0.147378
8.69361877814157e-91,2.22861003998224,0.937,0.285,2.80195333219503e-86,c7,Cyfip2,0.652,0.610924
9.16337103661634e-91,3.28168875467108,0.392,0.04,2.95335448510145e-86,c7,Pcdhb9,0.352,0.137984
1.18949106691565e-90,2.13859533163567,0.804,0.156,3.83372970866913e-86,c7,Celsr2,0.648,0.520992
1.6107824243509e-90,2.20419052003871,0.909,0.226,5.19155175368295e-86,c7,Tspan13,0.683,0.620847
1.79540122767237e-90,3.40512051342662,0.294,0.023,5.78657815678805e-86,c7,Fam228a,0.271,0.079674
2.22318415872932e-90,2.49611779574269,0.566,0.08,7.1653225435846e-86,c7,Eml2,0.486,0.275076
4.3038667571359e-90,3.6300747388805,0.287,0.022,1.3871362558249e-85,c7,Gprin2,0.265,0.076055
4.43025758788837e-90,3.46709121251791,0.406,0.045,1.42787202057642e-85,c7,Ebf1,0.361,0.146566
5.50625089795586e-90,2.05681923741348,0.853,0.175,1.77466466441117e-85,c7,Src,0.678,0.578334
5.9243118227588e-90,2.85286288677102,0.434,0.049,1.90940570047516e-85,c7,Hpcal4,0.385,0.16709
6.32746087224006e-90,4.08177264177685,0.273,0.02,2.03934063912297e-85,c7,Pcdhb3,0.253,0.069069
7.34648488077428e-90,3.48926363512032,0.308,0.025,2.36777207707355e-85,c7,Rab40b,0.283,0.087164
7.40307876437134e-90,2.19610731240687,0.846,0.18,2.38601228575688e-85,c7,Arhgef25,0.666,0.563436
7.74748840546464e-90,3.47171508543811,0.357,0.034,2.49701551308125e-85,c7,Nnat,0.323,0.115311
1.17760452049387e-89,2.48515941995224,0.552,0.077,3.79541936955174e-85,c7,Gpr19,0.475,0.2622
1.64696848922763e-89,2.44103792913647,0.706,0.127,5.30817944078065e-85,c7,Irf2bpl,0.579,0.408774
1.68576314552998e-89,3.75116200425887,0.259,0.018,5.43321461804311e-85,c7,Slc6a7,0.241,0.062419
2.00253051179894e-89,2.67280601725122,0.531,0.073,6.45415583952798e-85,c7,Map1a,0.458,0.243198
2.21752825473312e-89,2.07986652759338,0.986,0.303,7.14709356500485e-85,c7,Gpr162,0.683,0.673438
2.37381683239113e-89,3.33982244362071,0.371,0.037,7.65081165079663e-85,c7,Zfp593,0.334,0.123914
2.61258051984159e-89,2.56450177269162,0.699,0.126,8.42034701544945e-85,c7,Ncald,0.573,0.400527
4.48723067367496e-89,2.23382568608087,0.909,0.235,1.44623444612544e-84,c7,Trim9,0.674,0.612666
6.39325907154913e-89,2.38206254284482,0.818,0.184,2.06054739876029e-84,c7,Plk2,0.634,0.518612
1.19343089524618e-88,2.51294334769399,0.573,0.085,3.84642777537844e-84,c7,Iffo2,0.488,0.279624
1.45514059676113e-88,2.45484524916713,0.503,0.065,4.68991814336111e-84,c7,Qpct,0.438,0.220314
2.22214934808522e-88,2.27660272314719,0.825,0.178,7.16198734887866e-84,c7,Ctps2,0.647,0.533775
2.30329617768427e-88,2.1650494994827,0.902,0.225,7.42352358067641e-84,c7,Bhlhb9,0.677,0.610654
2.3898719706214e-88,3.4133133726731,0.252,0.017,7.70255736131277e-84,c7,Pstpip2,0.235,0.05922
2.87277988323741e-88,2.34057843197706,0.524,0.07,9.25896956367417e-84,c7,Begain,0.454,0.237896
3.56169026971404e-88,2.09149112947238,0.979,0.384,1.14793277392883e-83,c7,Tspyl4,0.595,0.582505
4.5551575748651e-88,2.18677347684836,0.769,0.146,1.46812728637902e-83,c7,Akap6,0.623,0.479087
5.93015260554907e-88,2.60417897171152,0.615,0.099,1.91128818476846e-83,c7,Pag1,0.516,0.31734
7.99576798461919e-88,2.35776185050056,0.895,0.264,2.57703602144276e-83,c7,Thra,0.631,0.564745
1.0319195377807e-87,3.87687653424051,0.308,0.026,3.3258766702672e-83,c7,Fxyd7,0.282,0.086856
1.46974056317154e-87,2.17556272119707,0.909,0.231,4.73697383510186e-83,c7,Bscl2,0.678,0.616302
1.58742868597872e-87,2.38255036805971,0.608,0.094,5.11628265490942e-83,c7,Asphd2,0.514,0.312512
1.79821336555341e-87,3.67677032449658,0.259,0.018,5.79564167717863e-83,c7,Nxpe3,0.241,0.062419
2.14173372688997e-87,2.32048209263854,0.888,0.253,6.90280780176637e-83,c7,Ncdn,0.635,0.56388
2.28334239570242e-87,2.44962470860032,0.573,0.084,7.35921254134891e-83,c7,Hist3h2ba,0.489,0.280197
2.32043758473662e-87,2.25908384641003,0.839,0.196,7.47877033560611e-83,c7,Mapk8ip2,0.643,0.539477
5.71820177237468e-87,2.09813759283745,0.972,0.324,1.84297643123636e-82,c7,Gabbr1,0.648,0.629856
8.23294902590454e-87,2.20361566259631,0.937,0.313,2.65347947104903e-82,c7,Dpysl2,0.624,0.584688
1.09835383351708e-86,2.11927637680553,0.769,0.148,3.53999440542556e-82,c7,Arsb,0.621,0.477549
1.15871820870636e-86,2.5126830200606,0.531,0.074,3.7345487866606e-82,c7,Arhgap33,0.457,0.242667
1.25000862808386e-86,2.78220571374762,0.497,0.067,4.02877780831429e-82,c7,Enho,0.43,0.21371
1.27541133349448e-86,3.69634434943165,0.287,0.023,4.11065072785272e-82,c7,Pcdhb4,0.264,0.075768
1.41637133931249e-86,2.26684934717568,0.818,0.182,4.56496482660416e-82,c7,C1qtnf4,0.636,0.520248
2.56130282880871e-86,1.92481862763302,0.881,0.191,8.25507901725046e-82,c7,Ddr1,0.69,0.60789
5.43284903454746e-86,2.12572580638183,0.951,0.311,1.75100724383465e-81,c7,Bex3,0.64,0.60864
6.27800212849914e-86,2.46721198947978,0.769,0.16,2.02340008601527e-81,c7,Gucy1a1,0.609,0.468321
1.03217628110353e-85,2.47920545648882,0.601,0.096,3.32670415399669e-81,c7,Fabp5,0.505,0.303505
1.55754707359323e-85,2.49529692638054,0.524,0.073,5.01997421819097e-81,c7,Emc9,0.451,0.236324
1.65644963597975e-85,2.97250484688949,0.476,0.063,5.33873717676273e-81,c7,Unc5d,0.413,0.196588
3.22453614838987e-85,1.83323517096812,1,0.454,1.03926800062606e-80,c7,Ptprs,0.546,0.546
3.22585763366985e-85,2.19605804922444,0.86,0.203,1.03969391533179e-80,c7,Mical3,0.657,0.56502
4.23033806233619e-85,2.17032073347803,0.902,0.233,1.36343795749096e-80,c7,Porcn,0.669,0.603438
5.19970594928581e-85,1.99387151504743,0.965,0.349,1.67586522745482e-80,c7,Itm2c,0.616,0.59444
5.37717252721917e-85,3.27593871898854,0.329,0.03,1.73306270552274e-80,c7,Ankrd29,0.299,0.098371
9.87814748893222e-85,1.79446436459965,0.937,0.197,3.18372693568285e-80,c7,Gabrb3,0.74,0.69338
1.19749377272927e-84,2.33327179383483,0.476,0.06,3.85952242950643e-80,c7,Nipal2,0.416,0.198016
1.29139818790879e-84,2.84887751238311,0.385,0.041,4.16217635963003e-80,c7,Efna2,0.344,0.13244
1.50601360925821e-84,2.14624533942999,0.909,0.251,4.85388186263921e-80,c7,Fasn,0.658,0.598122
2.85229890085559e-84,3.54526902591829,0.252,0.018,9.19295935745758e-80,c7,Itga8,0.234,0.058968
9.57614923932775e-84,2.19991168809147,0.902,0.241,3.08639289983534e-79,c7,Ttc28,0.661,0.596222
1.0468478212452e-83,3.58518924140846,0.252,0.018,3.37399052787328e-79,c7,Dcaf12l1,0.234,0.058968
1.34094092337124e-83,3.53832517565533,0.413,0.049,4.32185259602552e-79,c7,Chn2,0.364,0.150332
2.20423337440987e-83,2.0187480748885,0.944,0.256,7.10424416572301e-79,c7,Slc38a1,0.688,0.649472
2.95375238051286e-83,2.13200827616174,0.748,0.145,9.51994392239296e-79,c7,Hip1r,0.603,0.451044
4.50624878630161e-83,2.22695821031196,0.685,0.123,1.45236398382501e-78,c7,Jag2,0.562,0.38497
5.00928443343138e-83,2.15560513596517,0.902,0.243,1.61449237289493e-78,c7,Zmym3,0.659,0.594418
6.31198514908553e-83,3.40357251957852,0.315,0.029,2.03435281355027e-78,c7,Ccdc120,0.286,0.09009
6.59656520470898e-83,2.5173146367044,0.888,0.281,2.1260729654777e-78,c7,Tkt,0.607,0.539016
7.29394899742314e-83,3.56326047872822,0.287,0.024,2.35083976186948e-78,c7,Chrm3,0.263,0.075481
9.3773035759794e-83,2.07196591435138,0.93,0.289,3.02230494253816e-78,c7,Cmip,0.641,0.59613
2.14125953715372e-82,2.59543625760662,0.469,0.061,6.90127948824645e-78,c7,Nr2f1,0.408,0.191352
2.99857739701799e-82,2.70969336335773,0.51,0.073,9.66441495058899e-78,c7,Tubb2b,0.437,0.22287
5.92691426753992e-82,2.43899037729161,0.622,0.106,1.91024446842812e-77,c7,Hdac7,0.516,0.320952
7.3742582478679e-82,2.20100542578472,0.769,0.161,2.37672343328782e-77,c7,Kctd17,0.608,0.467552
8.57789846629619e-82,2.02602404851059,0.951,0.306,2.76465667568726e-77,c7,Epb41l3,0.645,0.613395
9.22423476341176e-82,2.63852566259669,0.594,0.1,2.97297086424761e-77,c7,Pcdhb16,0.494,0.293436
1.02325949443532e-81,2.20240672082267,0.874,0.258,3.29796535056504e-77,c7,Ppp1r9b,0.616,0.538384
1.27561785271335e-81,2.12613095529708,0.881,0.226,4.11131633929512e-77,c7,Fbxl16,0.655,0.577055
1.35726538862462e-81,3.16999756778296,0.392,0.045,4.37446634753714e-77,c7,Trim59,0.347,0.136024
2.16145802615375e-81,1.88947918371079,0.972,0.371,6.96637921829353e-77,c7,Rundc3a,0.601,0.584172
2.72242329809734e-81,2.55809450090455,0.559,0.088,8.77437028976771e-77,c7,Rnf217,0.471,0.263289
5.38784429846391e-81,2.17830421203458,0.762,0.159,1.73650221739492e-76,c7,Anapc5,0.603,0.459486
6.00795079306803e-81,3.024905921584,0.594,0.107,1.93636254060582e-76,c7,Sulf2,0.487,0.289278
7.51731970341192e-81,3.69752062825357,0.252,0.019,2.42283214040966e-76,c7,Adamts15,0.233,0.058716
9.42281915142436e-81,3.04542387226371,0.336,0.033,3.03697461250407e-76,c7,Mapk4,0.303,0.101808
1.07077933319465e-80,2.06328407077086,0.643,0.112,3.45112179088637e-76,c7,Ly6e,0.531,0.341433
1.31219106266116e-80,3.0455338854204,0.385,0.043,4.22919179495691e-76,c7,Gfra2,0.342,0.13167
1.70631623231129e-80,3.03708207331723,0.58,0.105,5.49945721673928e-76,c7,Prox1,0.475,0.2755
2.1589183530555e-80,2.86228708000443,0.385,0.043,6.95819385189788e-76,c7,Grid1,0.342,0.13167
2.69017710440239e-80,2.94276269776009,0.497,0.073,8.6704408074889e-76,c7,Cdh24,0.424,0.210728
5.55478375264374e-80,2.03934532216468,0.93,0.294,1.79030680347708e-75,c7,Gnl3l,0.636,0.59148
5.68846818291592e-80,2.11680458291064,0.853,0.217,1.8333932953538e-75,c7,Brsk1,0.636,0.542508
9.37970805056797e-80,2.04035533136306,0.832,0.186,3.02307990469806e-75,c7,Dusp3,0.646,0.537472
1.33895504981453e-79,1.97788316550823,0.965,0.309,4.31545212555223e-75,c7,Sez6l2,0.656,0.63304
1.46434166599333e-79,2.27116312226011,0.86,0.257,4.71957318949649e-75,c7,Chn1,0.603,0.51858
1.56817799314538e-79,2.87247549389788,0.399,0.046,5.05423767190756e-75,c7,Asic4,0.353,0.140847
1.67744699428689e-79,2.29792448748593,0.727,0.151,5.40641166258664e-75,c7,Fyn,0.576,0.418752
1.68447142405295e-79,2.07010791059424,0.944,0.308,5.42905139972265e-75,c7,Srebf2,0.636,0.600384
2.31133986112767e-79,2.1139916173113,0.664,0.119,7.44944837241447e-75,c7,Adamts10,0.545,0.36188
3.04898028286906e-79,1.94389848493965,0.965,0.321,9.82686345168697e-75,c7,Cacng7,0.644,0.62146
3.62683036714611e-79,2.10524471762336,0.846,0.206,1.16892742733119e-74,c7,Inpp4a,0.64,0.54144
4.25047459179096e-79,2.15085021851135,0.846,0.208,1.36992796093423e-74,c7,Fam214a,0.638,0.539748
4.97926466642904e-79,3.43076793944568,0.266,0.021,1.60481700199008e-74,c7,Grm5,0.245,0.06517
5.8930229421344e-79,1.96454548370921,0.93,0.254,1.89932129424992e-74,c7,Fnbp1,0.676,0.62868
6.89047013778984e-79,2.54198926470309,0.587,0.1,2.22079852540967e-74,c7,St3gal3,0.487,0.285869
1.00242661595616e-78,2.71541555432687,0.399,0.047,3.2308209832267e-74,c7,Pank1,0.352,0.140448
1.03536849511348e-78,2.34780117447203,0.524,0.078,3.33699265975073e-74,c7,Epha7,0.446,0.233704
3.58522593191951e-78,2.80853376515937,0.434,0.056,1.15551831785766e-73,c7,Gng2,0.378,0.164052
4.67101970448154e-78,3.18745634517621,0.287,0.025,1.5054696507544e-73,c7,Syce2,0.262,0.075194
7.5108625955981e-78,2.40013680406822,0.483,0.067,2.42075101456127e-73,c7,Sat2,0.416,0.200928
1.29382177404333e-77,1.95284331130234,0.937,0.265,4.16998757774164e-73,c7,Ccdc88a,0.672,0.629664
1.50613625767821e-77,3.1020652430593,0.336,0.034,4.85427715849688e-73,c7,Rgl3,0.302,0.101472
2.18393311720661e-77,3.45714307630075,0.413,0.054,7.0388164367569e-73,c7,Galnt18,0.359,0.148267
3.01477104083334e-77,2.51015042272892,0.49,0.07,9.71660706460585e-73,c7,Ccdc112,0.42,0.2058
6.4140999301559e-77,4.32687168696144,0.252,0.02,2.06726440748925e-72,c7,C1ql1,0.232,0.058464
6.54565495579679e-77,2.94676054880168,0.413,0.052,2.1096645922533e-72,c7,Pcdhb11,0.361,0.149093
6.79705512161077e-77,2.17600306899527,0.741,0.159,2.19069086569515e-72,c7,Cep170b,0.582,0.431262
7.0181995994755e-77,2.5609022269195,0.559,0.094,2.26196573091096e-72,c7,Prmt2,0.465,0.259935
8.06133926608846e-77,2.02040451495304,0.79,0.173,2.59816964546031e-72,c7,Irak1,0.617,0.48743
8.92572054839026e-77,3.5058551648796,0.51,0.086,2.87675973274618e-72,c7,Slc6a1,0.424,0.21624
1.05994268425581e-76,1.56972602744791,1,0.521,3.41619527135649e-72,c7,Klc1,0.479,0.479
1.25783403116581e-76,2.32138696750583,0.867,0.26,4.05399908244739e-72,c7,Qdpr,0.607,0.526269
2.64253443186504e-76,3.58133078964577,0.273,0.023,8.51688847390101e-72,c7,Gpr27,0.25,0.06825
2.8837433795603e-76,2.07058069724502,0.748,0.159,9.29430491232283e-72,c7,B3gat3,0.589,0.440572
3.77573835902311e-76,1.92170359813412,0.944,0.285,1.21692047311315e-71,c7,Reep2,0.659,0.622096
5.20050841465796e-76,2.29460475844339,0.706,0.148,1.67612386204426e-71,c7,Rcn1,0.558,0.393948
1.19123704656855e-75,2.20009727432474,0.811,0.202,3.83935700109043e-71,c7,Sqle,0.609,0.493899
1.22153200985268e-75,1.96500251378393,0.951,0.316,3.93699766775519e-71,c7,Xpr1,0.635,0.603885
1.72658230255546e-75,2.01204908605714,0.916,0.322,5.56477476113625e-71,c7,Zwint,0.594,0.544104
2.07305188620345e-75,2.40034742444522,0.608,0.111,6.68144622923372e-71,c7,Smyd2,0.497,0.302176
2.40244106989401e-75,2.91749120387767,0.406,0.051,7.74306756826839e-71,c7,Chst1,0.355,0.14413
3.34855438187951e-75,1.8855693063958,0.846,0.195,1.07923907727977e-70,c7,Hmgn3,0.651,0.550746
3.56373516903417e-75,2.12191142870222,0.762,0.166,1.14859184497971e-70,c7,Wnk2,0.596,0.454152
5.40461986096393e-75,2.03950908229798,0.755,0.159,1.74190898118867e-70,c7,Map11,0.596,0.44998
9.29041190625815e-75,2.21131129431781,0.629,0.114,2.994299757387e-70,c7,Aldh5a1,0.515,0.323935
1.18081588520811e-74,1.81935034783174,0.965,0.357,3.80576959802574e-70,c7,Pacsin1,0.608,0.58672
1.24355283539811e-74,1.97263004455287,0.909,0.258,4.00797078848812e-70,c7,Gramd1a,0.651,0.591759
1.24469822170231e-74,1.8661967897964,0.972,0.421,4.01166236854655e-70,c7,Ank3,0.551,0.535572
1.68763560349164e-74,2.1699223600352,0.783,0.188,5.43924955005355e-70,c7,Sept11,0.595,0.465885
1.98504393784724e-74,2.1185091096671,0.441,0.057,6.39779661168165e-70,c7,Abca8b,0.384,0.169344
4.31539543507916e-74,3.29205041467929,0.42,0.057,1.39085194872601e-69,c7,Fbxo32,0.363,0.15246
4.50127255013552e-74,1.77037261964739,0.972,0.424,1.45076014290868e-69,c7,Podxl2,0.548,0.532656
6.76903508623244e-74,1.9866039878455,0.713,0.144,2.18166000829272e-69,c7,Sema4d,0.569,0.405697
9.47921335772605e-74,2.66028041277389,0.462,0.066,3.05515046519511e-69,c7,Vps37d,0.396,0.182952
1.81730609794587e-73,2.80496236059097,0.399,0.05,5.85717755367955e-69,c7,Focad,0.349,0.139251
2.72444018986431e-73,2.64868215605589,0.35,0.039,8.78087073193267e-69,c7,Ntng1,0.311,0.10885
3.28599354787387e-73,1.89573774193642,0.937,0.333,1.05907572047975e-68,c7,Usp22,0.604,0.565948
4.32062189670661e-73,3.39308415368239,0.343,0.039,1.39253643730854e-68,c7,Slit2,0.304,0.104272
8.54888728136398e-73,3.29384056980597,0.322,0.034,2.75530637078361e-68,c7,Colgalt2,0.288,0.092736
8.91178939061785e-73,3.62361976330959,0.28,0.026,2.87226972059613e-68,c7,Muc2,0.254,0.07112
2.35933037801101e-72,3.35963799753031,0.329,0.036,7.60412180832949e-68,c7,Ephb1,0.293,0.096397
3.38986064850175e-72,2.26360729621437,0.497,0.075,1.09255208701211e-67,c7,Pcdhac2,0.422,0.209734
4.69876683517542e-72,2.58428006691241,0.441,0.061,1.51441255097704e-67,c7,Hdx,0.38,0.16758
5.00438941684333e-72,2.11090929696684,0.762,0.176,1.61291470904861e-67,c7,Pgap1,0.586,0.446532
5.10825998268461e-72,2.00212008708892,0.615,0.109,1.64639219241925e-67,c7,Enox1,0.506,0.31119
7.33608973705994e-72,2.19511970187927,0.741,0.176,2.36442172225442e-67,c7,Armcx2,0.565,0.418665
1.44589538334166e-71,2.85279737752245,0.378,0.046,4.66012082051018e-67,c7,Pcdhb12,0.332,0.125496
1.61043645019104e-71,1.81045677799686,0.979,0.391,5.19043667896571e-67,c7,Myh10,0.588,0.575652
1.76013171365051e-71,2.18605905907104,0.671,0.138,5.67290451309559e-67,c7,Zc4h2,0.533,0.357643
1.8464649646154e-71,1.89291884987959,0.783,0.177,5.95115658095542e-67,c7,Arrb2,0.606,0.474498
2.50744485409841e-71,2.46621565515804,0.783,0.207,8.08149476475916e-67,c7,Fbxw7,0.576,0.451008
2.74514667949229e-71,2.38092319985285,0.497,0.077,8.84760774800364e-67,c7,Sh3bp5,0.42,0.20874
2.92078142821397e-71,1.90347639747266,0.93,0.325,9.41367854313362e-67,c7,Atp9a,0.605,0.56265
3.4128637196434e-71,1.84140110963007,0.93,0.264,1.09996597684107e-66,c7,Scd2,0.666,0.61938
3.44810173109385e-71,2.55252192413238,0.476,0.072,1.11132318793155e-66,c7,Limk1,0.404,0.192304
3.63235831114791e-71,2.2494693381849,0.594,0.11,1.17070908368297e-66,c7,Idua,0.484,0.287496
4.58215915991812e-71,2.02624745523926,0.881,0.278,1.47682989724161e-66,c7,Slc4a8,0.603,0.531243
4.9452319478321e-71,1.94782602048029,0.923,0.32,1.59384825678628e-66,c7,Prkacb,0.603,0.556569
5.33527015701393e-71,2.63562093563445,0.441,0.063,1.71955757160559e-66,c7,Smarcd3,0.378,0.166698
5.35368593487139e-71,3.54806407125933,0.315,0.034,1.72549297680905e-66,c7,Necab2,0.281,0.088515
6.82039701907632e-71,2.04540829807297,0.713,0.149,2.1982139592483e-66,c7,Slc49a4,0.564,0.402132
1.46237990759624e-70,1.97377124086838,0.839,0.223,4.71325044218267e-66,c7,Rusc2,0.616,0.516824
3.25867851668492e-70,2.11973656325438,0.615,0.114,1.05027208592755e-65,c7,Minar2,0.501,0.308115
5.46582308757142e-70,2.01743473148148,0.811,0.203,1.76163478112427e-65,c7,Uggt2,0.608,0.493088
8.8055720816539e-70,3.13718489629446,0.315,0.033,2.83803588191705e-65,c7,Grid2,0.282,0.08883
1.08539247055654e-69,2.64587250112757,0.573,0.112,3.49821993260372e-65,c7,Dscam,0.461,0.264153
1.14141409419741e-69,2.72925190447942,0.322,0.034,3.67877762559827e-65,c7,Hecw1,0.288,0.092736
1.51506715897909e-69,2.59936605465408,0.371,0.045,4.8830614533896e-65,c7,Chst11,0.326,0.120946
3.42219640677562e-69,1.8142432159909,0.944,0.287,1.10297390190378e-64,c7,Lrp8,0.657,0.620208
5.04782527441063e-69,1.91384309101375,0.902,0.295,1.62691408594255e-64,c7,Casd1,0.607,0.547514
5.33498825299013e-69,2.52406691486467,0.406,0.054,1.71946671393872e-64,c7,Stag3,0.352,0.142912
5.73620328978105e-69,2.39970595455617,0.587,0.111,1.84877832029643e-64,c7,Tle1,0.476,0.279412
7.71176957369895e-69,2.32013285373897,0.531,0.09,2.48550333360317e-64,c7,Epha5,0.441,0.234171
7.98494301401123e-69,1.99364331127012,0.839,0.225,2.57354713341582e-64,c7,Ints6l,0.614,0.515146
1.18478016767898e-68,2.00020624963407,0.755,0.176,3.81854648042936e-64,c7,Fscn1,0.579,0.437145
1.34133408825689e-68,2.30454203494458,0.629,0.131,4.32311976645195e-64,c7,Ak1,0.498,0.313242
1.41883391123368e-68,2.23203655199134,0.545,0.094,4.57290169590615e-64,c7,Tmem198,0.451,0.245795
1.47772961309639e-68,2.12741530603343,0.72,0.167,4.76272254300968e-64,c7,Ncoa7,0.553,0.39816
1.52078700553542e-68,1.99010595400069,0.776,0.186,4.90149651884066e-64,c7,Slc6a8,0.59,0.45784
1.91493824612333e-68,1.96711417378103,0.79,0.191,6.17184596725548e-64,c7,Cpsf4,0.599,0.47321
2.02272965940038e-68,2.48361097237342,0.434,0.062,6.51925769224742e-64,c7,Klhl13,0.372,0.161448
2.04398789476489e-68,2.56884977049522,0.42,0.058,6.58777298482723e-64,c7,Mid2,0.362,0.15204
2.27224621508319e-68,2.58390189383164,0.322,0.035,7.32344955121313e-64,c7,Bend4,0.287,0.092414
2.32670288266098e-68,2.29054695242295,0.538,0.093,7.49896339081635e-64,c7,Gpr155,0.445,0.23941
2.35775106251061e-68,2.607655419289,0.434,0.063,7.59903167447168e-64,c7,Acat2,0.371,0.161014
2.74044349257722e-68,3.86789124530525,0.294,0.031,8.8324493765764e-64,c7,Cxcl14,0.263,0.077322
3.96603048354154e-68,2.27449302229988,0.594,0.114,1.27825162484544e-63,c7,Usp46,0.48,0.28512
6.62141981873738e-68,1.99114504308053,0.692,0.145,2.13408360757906e-63,c7,Setd7,0.547,0.378524
7.3799472493354e-68,2.41069699510238,0.497,0.08,2.3785569984608e-63,c7,Lysmd2,0.417,0.207249
7.62215045330279e-68,1.67445073722915,0.972,0.437,2.45661909109949e-63,c7,Tmx4,0.535,0.52002
7.81413242687963e-68,1.8406354720338,0.832,0.209,2.5184948811833e-63,c7,Taf1b,0.623,0.518336
8.76338362681905e-68,2.4714197956791,0.476,0.075,2.82443854292378e-63,c7,Car10,0.401,0.190876
1.02675331546093e-67,2.08830862604821,0.678,0.143,3.30922593573056e-63,c7,Numbl,0.535,0.36273
1.04013932650368e-67,1.85339062649114,0.867,0.241,3.35236904932136e-63,c7,Scmh1,0.626,0.542742
1.09282361029286e-67,2.02172674157342,0.664,0.135,3.52217049597388e-63,c7,Npr2,0.529,0.351256
1.29297325662409e-67,2.51127863072535,0.566,0.106,4.16725280609945e-63,c7,Cacnb1,0.46,0.26036
1.36816358858469e-67,2.72361878918194,0.322,0.036,4.40959124600845e-63,c7,Adamts4,0.286,0.092092
1.44808007892025e-67,1.94635332856173,0.629,0.122,4.66716209435998e-63,c7,Rnf19b,0.507,0.318903
1.44961211454064e-67,2.08220002502599,0.594,0.11,4.67209984516449e-63,c7,Gmds,0.484,0.287496
1.47021702745048e-67,1.75083543799736,0.965,0.349,4.7385094794729e-63,c7,Gnao1,0.616,0.59444
1.50794684133916e-67,2.53227085942586,0.573,0.11,4.86011266963611e-63,c7,Ssc5d,0.463,0.265299
3.95904178348647e-67,2.43370121219982,0.49,0.079,1.27599916681769e-62,c7,Zdhhc14,0.411,0.20139
4.23910616186082e-67,2.75678413302871,0.434,0.065,1.36626391596774e-62,c7,Ephb6,0.369,0.160146
4.72581073724911e-67,2.0386083826032,0.692,0.152,1.52312880061539e-62,c7,Dtd1,0.54,0.37368
5.59144019112598e-67,2.21118788273503,0.58,0.107,1.8021211735999e-62,c7,Ddah1,0.473,0.27434
6.35533087792818e-67,2.25044883555753,0.552,0.099,2.04832314195625e-62,c7,Cep70,0.453,0.250056
7.06590628925401e-67,3.07735671038927,0.308,0.033,2.27734159702657e-62,c7,Sdk1,0.275,0.0847
7.54906714389874e-67,2.57752303752655,0.392,0.052,2.43306434047856e-62,c7,Ksr2,0.34,0.13328
8.48679641587575e-67,1.95588367437121,0.881,0.27,2.73529448483675e-62,c7,Vamp4,0.611,0.538291
1.06225772294711e-66,1.84267286195743,0.916,0.321,3.42365664105852e-62,c7,Kcnc3,0.595,0.54502
1.08502628954679e-66,1.98237274845632,0.692,0.151,3.49703973120932e-62,c7,Slc36a4,0.541,0.374372
1.19808164509154e-66,1.76023195005625,0.531,0.086,3.86141714213004e-62,c7,Adam23,0.445,0.236295
1.37036158521405e-66,1.64800045219201,0.993,0.436,4.41667538914488e-62,c7,Amy1,0.557,0.553101
1.88700920051702e-66,1.762946054809,0.818,0.196,6.08183065326636e-62,c7,Mknk2,0.622,0.508796
2.04555912828552e-66,2.26615543903728,0.49,0.079,6.59283707046423e-62,c7,Gas1,0.411,0.20139
2.17847036639008e-66,2.01802111980605,0.853,0.25,7.02120999087523e-62,c7,Cyp51,0.603,0.514359
2.24849173815183e-66,1.98350645142151,0.608,0.117,7.24688887206334e-62,c7,Ampd2,0.491,0.298528
2.52095284637938e-66,1.75050559392997,0.951,0.305,8.12503102388074e-62,c7,Zfp512b,0.646,0.614346
3.65609887011001e-66,2.08962104487896,0.734,0.181,1.17836066583646e-61,c7,Wasf1,0.553,0.405902
3.73072335983054e-66,2.71616441286682,0.427,0.063,1.20241213887338e-61,c7,Robo2,0.364,0.155428
4.83927187494976e-66,2.53112963644488,0.503,0.087,1.55969732529631e-61,c7,Efnb2,0.416,0.209248
6.09787733833317e-66,1.75200959225287,0.944,0.3,1.96534586614478e-61,c7,Hlf,0.644,0.607936
7.48461322669585e-66,1.95288445431215,0.79,0.205,2.41229084296407e-61,c7,Fam219a,0.585,0.46215
8.29967354467747e-66,2.63557428845598,0.566,0.113,2.67498478344955e-61,c7,Hunk,0.453,0.256398
8.79371834996358e-66,1.86942663661948,0.888,0.261,2.83421542419326e-61,c7,Arxes2,0.627,0.556776
1.12293380311352e-65,2.21844950859528,0.483,0.077,3.61921564743488e-61,c7,Kdr,0.406,0.196098
1.20602474274075e-65,2.13260708018955,0.664,0.143,3.88701774585343e-61,c7,Tbx2,0.521,0.345944
1.32084023323329e-65,1.84954128680486,0.867,0.251,4.2570680717109e-61,c7,Kif3a,0.616,0.534072
1.68131941141847e-65,2.18996593816952,0.692,0.162,5.41889246300173e-61,c7,Tmem65,0.53,0.36676
2.09955552715949e-65,2.21788535123566,0.378,0.049,6.76686746403504e-61,c7,Strip2,0.329,0.124362
6.66259985652058e-65,2.04436409257401,0.643,0.132,2.14735593375658e-60,c7,Tle3,0.511,0.328573
7.55627441139182e-65,2.19514383777506,0.587,0.115,2.43538724279158e-60,c7,Rfx5,0.472,0.277064
8.14673095905604e-65,3.15248287743603,0.371,0.05,2.62569138810376e-60,c7,Sinhcaf,0.321,0.119091
8.38648461924288e-65,1.88162820085365,0.832,0.226,2.70296399278198e-60,c7,Nek1,0.606,0.504192
1.08865740222964e-64,2.1016153811249,0.58,0.11,3.50874280738612e-60,c7,Ufsp1,0.47,0.2726
1.2637356290778e-64,2.39119400135488,0.483,0.079,4.07301993251775e-60,c7,Sergef,0.404,0.195132
1.29938613689156e-64,1.70533655869462,0.986,0.268,4.18792151920151e-60,c7,Atp1b1,0.718,0.707948
1.34346946043334e-64,2.44987027017535,0.469,0.076,4.33000207097664e-60,c7,Pcdhb21,0.393,0.184317
1.42209857440141e-64,2.14303406978834,0.615,0.126,4.58342370529576e-60,c7,Ripor1,0.489,0.300735
1.64588796298266e-64,1.74572433671639,0.944,0.39,5.30469690469312e-60,c7,Pgrmc1,0.554,0.522976
1.88213985098054e-64,2.04457343173876,0.678,0.151,6.06613673971027e-60,c7,Rfxap,0.527,0.357306
1.9030140562155e-64,2.0092122423193,0.608,0.119,6.13341430318255e-60,c7,Lzts2,0.489,0.297312
2.26076903467187e-64,1.97040130444679,0.811,0.235,7.28645859874743e-60,c7,Tmem50b,0.576,0.467136
2.45433970953335e-64,2.32688409860316,0.559,0.107,7.91033688382599e-60,c7,Ier5,0.452,0.252668
2.52487825287668e-64,2.70572802243039,0.371,0.049,8.13768260902154e-60,c7,Cenpv,0.322,0.119462
2.67874068873344e-64,1.1799727865632,1,0.633,8.63358123978788e-60,c7,Syt1,0.367,0.367
3.10173156370467e-64,1.7986441561141,0.93,0.353,9.99688082982015e-60,c7,Nr1d1,0.577,0.53661
3.28609433374598e-64,2.22984103179183,0.517,0.09,1.05910820376633e-59,c7,Mblac2,0.427,0.220759
4.43830537114742e-64,3.52760594876433,0.315,0.038,1.43046582112081e-59,c7,Filip1l,0.277,0.087255
5.75832447898175e-64,1.86266243096613,0.748,0.176,1.85590797957582e-59,c7,Slc39a6,0.572,0.427856
7.59559405910175e-64,2.75984741429119,0.294,0.032,2.4480599652485e-59,c7,Tnfsf9,0.262,0.077028
8.15013292419665e-64,1.88392189901831,0.734,0.172,2.62678784146858e-59,c7,Snx16,0.562,0.412508
8.88963129903667e-64,2.59336921756819,0.406,0.058,2.86512816767952e-59,c7,Dpysl5,0.348,0.141288
2.48853869970394e-63,1.86201105501509,0.72,0.165,8.02056022914581e-59,c7,Zdhhc9,0.555,0.3996
3.24059548802437e-63,1.74782353114927,0.79,0.198,1.04444392579026e-58,c7,Fads1,0.592,0.46768
3.29559386382816e-63,1.7650820932519,0.825,0.213,1.06216990231181e-58,c7,Fam184a,0.612,0.5049
4.4476078111619e-63,1.96836078557367,0.755,0.195,1.43346399753748e-58,c7,Pip4k2b,0.56,0.4228
4.65573083687971e-63,2.0762087685395,0.622,0.129,1.50054204872633e-58,c7,Pcdhb18,0.493,0.306646
5.34752031828329e-63,1.54094763239153,0.986,0.502,1.7235057985827e-58,c7,Sncb,0.484,0.477224
5.84254055295873e-63,2.97033942906204,0.371,0.051,1.8830508202186e-58,c7,Pde9a,0.32,0.11872
6.12922402952187e-63,2.45372732140624,0.406,0.059,1.9754489047149e-58,c7,Vegfc,0.347,0.140882
6.65247729341177e-63,3.16929111071027,0.287,0.031,2.14409343166661e-58,c7,Chst15,0.256,0.073472
6.84880410244986e-63,1.7463051908292,0.699,0.153,2.20736956221959e-58,c7,Jdp2,0.546,0.381654
7.04063511072067e-63,2.12082543614659,0.566,0.106,2.26919669618527e-58,c7,Nrcam,0.46,0.26036
8.14677453148803e-63,2.00714324364458,0.664,0.145,2.62570543149859e-58,c7,Pdlim7,0.519,0.344616
1.00258763432207e-62,2.28641952127884,0.434,0.066,3.23133994542005e-58,c7,Asns,0.368,0.159712
1.08083993367374e-62,1.89724868879889,0.839,0.257,3.48354710623045e-58,c7,Alg2,0.582,0.488298
1.18841643845255e-62,2.24529809573176,0.406,0.058,3.83026618113258e-58,c7,Mgat4a,0.348,0.141288
2.24180906011029e-62,1.72254320491313,0.937,0.317,7.22535060073547e-58,c7,Asph,0.62,0.58094
4.15243081915052e-62,1.83520930295683,0.874,0.297,1.33832845301221e-57,c7,Sbk1,0.577,0.504298
5.23624866286808e-62,2.87737595266742,0.266,0.027,1.68764294404238e-57,c7,Slitrk3,0.239,0.063574
7.07736806133099e-62,3.01377941789753,0.315,0.038,2.28103572616698e-57,c7,Pik3c2b,0.277,0.087255
7.37303800515292e-62,1.86486208575063,0.923,0.377,2.37633014906079e-57,c7,Hmgcs1,0.546,0.503958
1.11257800488296e-61,1.71775722209001,0.93,0.338,3.58583890973778e-57,c7,Evl,0.592,0.55056
1.1554199341344e-61,1.81571237707526,0.825,0.226,3.72391844771516e-57,c7,Lrp12,0.599,0.494175
1.18446097101383e-61,1.97464562119467,0.804,0.241,3.81751770957758e-57,c7,Pja1,0.563,0.452652
1.41222434993582e-61,1.99641125743034,0.832,0.267,4.55159907984314e-57,c7,Dpysl4,0.565,0.47008
1.83313023276096e-61,1.72294912205552,0.895,0.273,5.90817874018856e-57,c7,Npdc1,0.622,0.55669
2.06939909563175e-61,1.67651265762337,0.944,0.338,6.66967328522113e-57,c7,Nsd2,0.606,0.572064
3.18277600555583e-61,1.78881782403957,0.881,0.276,1.02580870659064e-56,c7,Tspyl2,0.605,0.533005
3.53137327075102e-61,3.0303075613303,0.301,0.035,1.13816160516306e-56,c7,Col12a1,0.266,0.080066
3.65306940145582e-61,1.66858316625414,0.965,0.391,1.17738426808921e-56,c7,Negr1,0.574,0.55391
3.80573215438508e-61,2.05099029778256,0.615,0.129,1.22658747335831e-56,c7,Mlxip,0.486,0.29889
4.073252334214e-61,2.19703284085197,0.483,0.083,1.31280922731717e-56,c7,Coprs,0.4,0.1932
4.84656311412099e-61,1.64367658313064,0.944,0.309,1.5620472916812e-56,c7,Casc4,0.635,0.59944
6.94359229797668e-61,1.18886270427168,0.993,0.653,2.23791979763788e-56,c7,Serinc1,0.34,0.33762
1.05492179660744e-60,2.13545867340959,0.49,0.083,3.40001295046579e-56,c7,Ankrd24,0.407,0.19943
1.30615043878312e-60,1.85817767256569,0.643,0.136,4.20972286419799e-56,c7,Plekho1,0.507,0.326001
1.31436721668525e-60,2.94958329250297,0.28,0.03,4.23620553937655e-56,c7,Bid,0.25,0.07
1.92275749895323e-60,2.16026231591377,0.545,0.104,6.19704741912627e-56,c7,Ppat,0.441,0.240345
2.04371159037248e-60,2.04367880738842,0.545,0.102,6.5868824557705e-56,c7,Sacs,0.443,0.241435
3.3678566774394e-60,1.82678582669343,0.734,0.176,1.08546020713872e-55,c7,Abr,0.558,0.409572
3.69495469880861e-60,2.55190961328681,0.399,0.059,1.19088389942602e-55,c7,Tspan33,0.34,0.13566
3.70469770739759e-60,2.12471119341424,0.524,0.097,1.19402407109424e-55,c7,Ophn1,0.427,0.223748
4.1795408643674e-60,1.71370667759129,0.881,0.263,1.34706602058561e-55,c7,Lhfpl4,0.618,0.544458
4.77261446499266e-60,2.53743647174828,0.336,0.043,1.53821364206713e-55,c7,Cd24a,0.293,0.098448
6.5300494509783e-60,1.75162247802025,0.916,0.331,2.10463493805031e-55,c7,Hsd17b12,0.585,0.53586
9.67708089910821e-60,1.7167024590516,0.923,0.371,3.11892317378258e-55,c7,Rab6b,0.552,0.509496
1.00567990845589e-59,1.77418716367157,0.734,0.172,3.24130634495334e-55,c7,Tnrc18,0.562,0.412508
1.14165512431217e-59,2.27301873321149,0.427,0.067,3.67955446565814e-55,c7,Gpc2,0.36,0.15372
1.21536102553781e-59,2.20483829501798,0.629,0.143,3.91710858530835e-55,c7,Pcdhb17,0.486,0.305694
1.27680613325428e-59,1.79039883079222,0.832,0.242,4.11514616747856e-55,c7,Vps13c,0.59,0.49088
1.39532751600551e-59,1.84841321603845,0.86,0.277,4.49714058408577e-55,c7,Mgat5,0.583,0.50138
1.42171403432473e-59,1.74999230561173,0.895,0.402,4.58218433262862e-55,c7,Ywhag,0.493,0.441235
1.51105778701904e-59,2.61684976752087,0.357,0.049,4.87013924756236e-55,c7,Rasl11b,0.308,0.109956
1.54397300287877e-59,2.3213016424581,0.441,0.071,4.97622498827829e-55,c7,Zfp945,0.37,0.16317
1.79371894354734e-59,1.7164405403408,0.818,0.227,5.78115615505309e-55,c7,Ugcg,0.591,0.483438
1.85837057404269e-59,1.65450155202455,0.944,0.377,5.9895283601396e-55,c7,Afdn,0.567,0.535248
2.65190433915093e-59,1.9609826972837,0.601,0.125,8.54708768508346e-55,c7,Camsap3,0.476,0.286076
3.23569369173083e-59,2.04824236325898,0.622,0.137,1.04286407684485e-54,c7,Gmppa,0.485,0.30167
3.35939066295117e-59,1.64507969789032,0.93,0.351,1.08273161066916e-54,c7,Ldb1,0.579,0.53847
3.9014700143193e-59,1.93797855186704,0.601,0.123,1.25744378561511e-54,c7,Zyx,0.478,0.287278
4.55889376431951e-59,2.47664705688442,0.357,0.048,1.46933146024018e-54,c7,Mical2,0.309,0.110313
5.06019319553186e-59,1.70288074319447,0.937,0.429,1.63090026691992e-54,c7,Rnf187,0.508,0.475996
5.1299408591139e-59,1.92587089678989,0.734,0.189,1.65337993889241e-54,c7,Fndc4,0.545,0.40003
5.96973966449992e-59,2.27558764477744,0.657,0.171,1.92404709386832e-54,c7,Zeb2,0.486,0.319302
9.44569941952788e-59,3.17301958207286,0.28,0.032,3.04434892291384e-54,c7,St6galnac3,0.248,0.06944
1.0110651226789e-58,1.64002282706628,0.916,0.438,3.2586628903941e-54,c7,Rab3a,0.478,0.437848
1.29130550110844e-58,1.85358813762172,0.769,0.202,4.16187763007249e-54,c7,Xkr6,0.567,0.436023
1.43100636618251e-58,1.59558252266556,0.972,0.37,4.61213351820623e-54,c7,Cry2,0.602,0.585144
1.69768971395506e-58,1.95788892586547,0.629,0.137,5.47165394807717e-54,c7,Atxn7l2,0.492,0.309468
3.20003908253195e-58,1.79115797463681,0.825,0.24,1.03137259630005e-53,c7,Arxes1,0.585,0.482625
4.78839841295144e-58,1.86516425073235,0.734,0.187,1.54330080849425e-53,c7,Nsmf,0.547,0.401498
6.21519348868531e-58,2.58944898194095,0.322,0.04,2.00315686140328e-53,c7,Nlgn1,0.282,0.090804
6.81335982842757e-58,2.68990807146228,0.343,0.046,2.1959458727022e-53,c7,Luzp2,0.297,0.101871
8.23849249717868e-58,1.87151786075865,0.811,0.254,2.65526613184069e-53,c7,Pdxk,0.557,0.451727
8.57488625730404e-58,2.10826393262996,0.385,0.056,2.76368584072909e-53,c7,Maoa,0.329,0.126665
8.71204958892107e-58,1.71125781074114,0.874,0.265,2.80789358250926e-53,c7,Btbd8,0.609,0.532266
1.03721349176009e-57,1.82827090787949,0.762,0.205,3.34293908394277e-53,c7,Pbx2,0.557,0.424434
1.25841396571619e-57,2.71727947893423,0.336,0.045,4.05586821150327e-53,c7,Camkmt,0.291,0.097776
1.56335947470088e-57,3.44688868726299,0.252,0.026,5.03870758696093e-53,c7,Fjx1,0.226,0.056952
1.9589599519015e-57,2.40726250753865,0.357,0.05,6.31372792497853e-53,c7,Rhof,0.307,0.109599
2.37471539744176e-57,1.55644489930589,0.965,0.439,7.65370772595478e-53,c7,Klf12,0.526,0.50759
2.39336473213604e-57,2.67926866730974,0.336,0.045,7.71381453167444e-53,c7,Zik1,0.291,0.097776
2.62536556833444e-57,1.88541133995337,0.79,0.228,8.46155322674189e-53,c7,Cask,0.562,0.44398
3.208088492099e-57,1.8774271351775,0.692,0.172,1.03396692100351e-52,c7,Ppia,0.52,0.35984
5.99019886990058e-57,2.40461799519244,0.315,0.039,1.93064109576896e-52,c7,Tmem215,0.276,0.08694
7.73861912568761e-57,2.12633405104441,0.524,0.103,2.49415694420912e-52,c7,Pcdhb22,0.421,0.220604
8.12876941658512e-57,1.76009294494032,0.811,0.238,2.61990238296538e-52,c7,Adar,0.573,0.464703
8.39253560075055e-57,2.51919895724031,0.329,0.043,2.7049142241219e-52,c7,Zpbp,0.286,0.094094
1.17174003825919e-56,1.6955838528205,0.888,0.327,3.77651814330937e-52,c7,Pcsk1n,0.561,0.498168
1.52380959765199e-56,1.59428907527403,0.916,0.295,4.91123833323236e-52,c7,Abca2,0.621,0.568836
1.97924491000359e-56,1.78935322781082,0.783,0.22,6.37910634494156e-52,c7,Bcl7a,0.563,0.440829
2.21555639034365e-56,1.94535218004219,0.524,0.099,7.14073824607757e-52,c7,Cntnap2,0.425,0.2227
2.31316649340261e-56,1.41420219290893,0.958,0.5,7.45533560823661e-52,c7,Prkar1a,0.458,0.438764
4.64737047262552e-56,2.48556274557907,0.378,0.057,1.49784750332721e-51,c7,Nphp3,0.321,0.121338
6.56101888013308e-56,1.62277402508114,0.79,0.205,2.11461638506689e-51,c7,Atp1b3,0.585,0.46215
9.62047413659306e-56,1.85244196546994,0.734,0.197,3.10067881422394e-51,c7,Ube2e2,0.537,0.394158
1.14294674143709e-55,1.17451455704751,1,0.613,3.68371734765173e-51,c7,Maged1,0.387,0.387
1.16532979398629e-55,1.27853790569093,0.972,0.562,3.75585792601782e-51,c7,Gdi1,0.41,0.39852
1.17077634140218e-55,2.10540667337073,0.692,0.18,3.77341214833923e-51,c7,Cdc7,0.512,0.354304
1.1836768577263e-55,1.66339272006441,0.895,0.333,3.81499051245185e-51,c7,Mtss1,0.562,0.50299
1.71623050895658e-55,1.87236250504099,0.755,0.22,5.53141093036706e-51,c7,Atxn7l3,0.535,0.403925
1.73016414374081e-55,2.25923061267094,0.692,0.204,5.57631903527662e-51,c7,Plch1,0.488,0.337696
1.75741690608269e-55,2.24721644579355,0.406,0.064,5.66415468830452e-51,c7,Abcb9,0.342,0.138852
2.15893924725115e-55,1.81203241517796,0.678,0.163,6.95826119389047e-51,c7,Prkaa2,0.515,0.34917
2.61620323745187e-55,2.98347459890425,0.294,0.036,8.43202303430738e-51,c7,Hbegf,0.258,0.075852
3.14759446789128e-55,1.82341752878933,0.748,0.208,1.01446969700136e-50,c7,Atpif1,0.54,0.40392
3.17999820702472e-55,1.69427645129809,0.678,0.157,1.02491342212407e-50,c7,Psme1,0.521,0.353238
3.50408481930158e-55,1.90121560117654,0.629,0.143,1.1293665372609e-50,c7,Clstn3,0.486,0.305694
3.68811659018246e-55,2.58065710138677,0.434,0.077,1.18867997701581e-50,c7,Sema5a,0.357,0.154938
3.82049702575872e-55,1.90720962766018,0.643,0.152,1.23134619140204e-50,c7,Praf2,0.491,0.315713
3.8836777845504e-55,1.76567683542529,0.79,0.231,1.25170934996059e-50,c7,Chd3,0.559,0.44161
4.41653368972297e-55,2.37997712343372,0.371,0.056,1.42344880819771e-50,c7,Nefl,0.315,0.116865
5.14531722630233e-55,1.48959443424016,0.965,0.436,1.65833574203724e-50,c7,Mycbp2,0.529,0.510485
5.45171377241302e-55,1.97179773602036,0.413,0.066,1.75708734884872e-50,c7,Samd10,0.347,0.143311
5.82490120529819e-55,1.69529951872817,0.846,0.267,1.87736565846761e-50,c7,Mta1,0.579,0.489834
8.20584636171382e-55,2.39853120925284,0.392,0.061,2.64474428238037e-50,c7,Rims3,0.331,0.129752
8.98000121821527e-55,1.87138254204849,0.601,0.133,2.89425439263078e-50,c7,Msra,0.468,0.281268
1.17364495668475e-54,1.42441519273983,0.993,0.528,3.78265769539496e-50,c7,Apc,0.465,0.461745
1.66873610787781e-54,2.16161051462971,0.559,0.121,5.37833647569018e-50,c7,Fgf9,0.438,0.244842
1.88917945958067e-54,2.66468076868624,0.399,0.066,6.08882539822851e-50,c7,Slco3a1,0.333,0.132867
2.05802198295431e-54,2.00178576984526,0.483,0.09,6.63300485106174e-50,c7,Fxyd6,0.393,0.189819
2.06598414363088e-54,2.09795168595666,0.476,0.087,6.65866689492233e-50,c7,Dchs1,0.389,0.185164
2.11299555208944e-54,2.64513753269127,0.336,0.047,6.81018466438426e-50,c7,Simc1,0.289,0.097104
2.23387011961515e-54,1.9167949173567,0.755,0.219,7.19976339551962e-50,c7,Fdps,0.536,0.40468
2.30141857209757e-54,1.88402578743465,0.762,0.217,7.41747205787046e-50,c7,Dlg5,0.545,0.41529
2.5067947040736e-54,2.28785260341956,0.476,0.09,8.07939933122922e-50,c7,Kalrn,0.386,0.183736
2.62500508876436e-54,1.82109929724768,0.713,0.187,8.46039140108753e-50,c7,Cdc42se2,0.526,0.375038
3.80222817012791e-54,1.87045705804271,0.601,0.133,1.22545813923223e-49,c7,Ppip5k2,0.468,0.281268
4.04897758442092e-54,2.23185363499498,0.517,0.105,1.30498547545886e-49,c7,Dcc,0.412,0.213004
4.4746725183226e-54,1.93414832407492,0.65,0.161,1.44218695265537e-49,c7,Xylt2,0.489,0.31785
4.59440426410711e-54,2.91315505458804,0.294,0.037,1.48077649432172e-49,c7,Clstn2,0.257,0.075558
4.76515514108172e-54,1.74859474258857,0.86,0.301,1.53580950197064e-49,c7,Ywhah,0.559,0.48074
4.83964862508471e-54,1.57318597267458,0.923,0.467,1.5598187518648e-49,c7,Calm1,0.456,0.420888
5.48617444538675e-54,1.75890656619598,0.636,0.143,1.76819402374815e-49,c7,Sgce,0.493,0.313548
6.74559905943963e-54,1.69857629621086,0.727,0.184,2.17410657685739e-49,c7,Lmbr1,0.543,0.394761
6.87479925841508e-54,1.95355926389403,0.601,0.135,2.21574780098718e-49,c7,Ptprg,0.466,0.280066
7.8737303130358e-54,1.87957689993938,0.629,0.148,2.53770327989144e-49,c7,Zdhhc18,0.481,0.302549
8.07402702989728e-54,1.43077211683781,0.979,0.415,2.60225891173589e-49,c7,Abhd12,0.564,0.552156
9.56666023265562e-54,1.8347380775664,0.615,0.139,3.08333459298491e-49,c7,Fbxo10,0.476,0.29274
1.04655759409197e-53,1.73861122415441,0.769,0.217,3.37305512575842e-49,c7,Ano8,0.552,0.424488
1.60122820288791e-53,1.78335882231209,0.741,0.209,5.16075849790772e-49,c7,Fbxo25,0.532,0.394212
1.84841615239436e-53,1.82736150981273,0.72,0.195,5.95744525916701e-49,c7,Dnmt1,0.525,0.378
1.86519511733233e-53,2.01864750015538,0.559,0.12,6.01152386316209e-49,c7,Cul7,0.439,0.245401
1.97246424183207e-53,2.14328858065028,0.503,0.099,6.35725225142477e-49,c7,Mfsd10,0.404,0.203212
2.13015926556919e-53,2.51294349615877,0.559,0.134,6.8655033129295e-49,c7,Grm7,0.425,0.237575
2.66666337824663e-53,1.64788819327423,0.881,0.316,8.5946560680889e-49,c7,Rufy2,0.565,0.497765
2.72854602021464e-53,1.08525643121174,0.986,0.655,8.79410382315178e-49,c7,Tecr,0.331,0.326366
2.86756231649842e-53,2.23978308033807,0.357,0.052,9.24215334607441e-49,c7,Omg,0.305,0.108885
3.04347591805309e-53,2.0919388448706,0.559,0.121,9.8091228838851e-49,c7,Pcdhb19,0.438,0.244842
3.08014398951545e-53,2.09255559226412,0.629,0.155,9.92730407820831e-49,c7,Coro1c,0.474,0.298146
4.33229572331211e-53,1.60733546265527,0.853,0.255,1.39629891162349e-48,c7,Fam171b,0.598,0.510094
5.67376995685956e-53,1.64202474096496,0.804,0.23,1.82865605709584e-48,c7,Noc2l,0.574,0.461496
5.76968248114195e-53,2.67869904982942,0.322,0.045,1.85956866367205e-48,c7,Rab27b,0.277,0.089194
6.27079822826472e-53,1.65382175354133,0.874,0.31,2.02107826896972e-48,c7,Tnk2,0.564,0.492936
6.30909264440814e-53,1.27110999075282,0.979,0.549,2.03342055929274e-48,c7,Psip1,0.43,0.42097
1.17807991437192e-52,3.29238632842565,0.259,0.03,3.79695156402071e-48,c7,Akain1,0.229,0.059311
1.24246423064881e-52,1.33621803597385,0.993,0.491,4.0044622153811e-48,c7,Tsc22d1,0.502,0.498486
1.55779497554727e-52,1.98871753929751,0.434,0.075,5.02077320618884e-48,c7,Shtn1,0.359,0.155806
1.82105600526611e-52,2.1063303390143,0.413,0.069,5.86926350497266e-48,c7,Fam171a1,0.344,0.142072
2.18655157224111e-52,2.29238727401999,0.65,0.172,7.0472557173331e-48,c7,Hspa12a,0.478,0.3107
2.90067948380102e-52,2.32815076457076,0.406,0.069,9.34888997629069e-48,c7,Gsto1,0.337,0.136822
3.08745006893815e-52,2.48643082978507,0.343,0.05,9.95085157218765e-48,c7,Nckap5l,0.293,0.100499
3.94311133353996e-52,1.60943883056376,0.86,0.281,1.27086478279993e-47,c7,Ago1,0.579,0.49794
4.49068076392313e-52,2.39939615692528,0.455,0.087,1.44734641021242e-47,c7,Slc6a11,0.368,0.16744
4.96256472536788e-52,2.23549858481912,0.392,0.064,1.59943461098607e-47,c7,Gas2,0.328,0.128576
5.0144256845443e-52,1.64919341145857,0.804,0.232,1.61614939812863e-47,c7,Stxbp5l,0.572,0.459888
5.6321946578022e-52,2.24814492554209,0.301,0.039,1.81525633820965e-47,c7,Ace,0.262,0.078862
5.81397975013888e-52,1.86690406985635,0.629,0.151,1.87384567346976e-47,c7,Kat2a,0.478,0.300662
5.94225490335318e-52,1.6754520273921,0.783,0.225,1.91518875535073e-47,c7,Lrp11,0.558,0.436914
6.25850312709697e-52,1.69856494018929,0.72,0.193,2.01711555786335e-47,c7,Slc5a3,0.527,0.37944
6.71621638803371e-52,1.65258135853536,0.86,0.31,2.16463654186327e-47,c7,Snap47,0.55,0.473
6.7602962954085e-52,1.75022962761057,0.727,0.198,2.17884349601016e-47,c7,Bdh1,0.529,0.384583
7.94024114109065e-52,1.58789227954688,0.888,0.294,2.55913971977352e-47,c7,Snx32,0.594,0.527472
9.549916911168e-52,1.71320711645297,0.818,0.271,3.07793822046945e-47,c7,Cbx6,0.547,0.447446
1.06386020619723e-51,2.71050390118609,0.266,0.032,3.42882144457368e-47,c7,Sh2b2,0.234,0.062244
1.13452739667194e-51,2.54148485689421,0.343,0.051,3.65658179947365e-47,c7,Bbc3,0.292,0.100156
1.31509606572092e-51,1.54982815214926,0.909,0.311,4.23855461981853e-47,c7,Vezt,0.598,0.543582
1.70920374607159e-51,2.55987214182177,0.301,0.04,5.50876367358874e-47,c7,Lrfn3,0.261,0.078561
2.1043728375623e-51,1.56101316390314,0.916,0.385,6.78239365546328e-47,c7,Impact,0.531,0.486396
2.24759832474966e-51,2.08058807842131,0.371,0.058,7.24400940066817e-47,c7,Akap5,0.313,0.116123
2.26839894855445e-51,2.14082455676001,0.392,0.064,7.31104981119099e-47,c7,Agfg2,0.328,0.128576
2.93468112566095e-51,1.16598747383846,0.266,0.031,9.45847726800523e-47,c7,Cd83,0.235,0.06251
3.0081899256697e-51,1.7200121454547,0.615,0.139,9.69539613043343e-47,c7,Pxdn,0.476,0.29274
3.38756068668035e-51,2.07800187700389,0.476,0.092,1.09181080931708e-46,c7,AI413582,0.384,0.182784
3.60631064879997e-51,1.55067293212115,0.902,0.322,1.16231392210823e-46,c7,Micu3,0.58,0.52316
3.62447372167007e-51,2.62433505591279,0.371,0.06,1.16816788049427e-46,c7,Fgf13,0.311,0.115381
3.65276536877498e-51,1.46403300662689,0.937,0.414,1.17728627835618e-46,c7,Ap2a1,0.523,0.490051
4.33430309953467e-51,1.96850723646374,0.517,0.107,1.39694588898002e-46,c7,Sh3rf1,0.41,0.21197
4.40349615913791e-51,1.76100635481026,0.727,0.203,1.41924681209015e-46,c7,Acss2,0.524,0.380948
4.62758219066741e-51,1.75436239246664,0.685,0.178,1.49146974005211e-46,c7,Armcx1,0.507,0.347295
4.76133296727413e-51,1.2116838410779,1,0.548,1.53457761535245e-46,c7,Nlgn2,0.452,0.452
5.18898560955357e-51,2.21839321999299,0.503,0.106,1.67241006195912e-46,c7,Tceal1,0.397,0.199691
5.28783947847026e-51,1.57627047644942,0.86,0.273,1.70427066391096e-46,c7,Hist3h2a,0.587,0.50482
5.53422488302851e-51,1.72916967780531,0.573,0.124,1.78368067980009e-46,c7,Rab11fip4,0.449,0.257277
1.10150084217225e-50,1.65055005591611,0.441,0.077,3.55013721432115e-46,c7,Rapgef4,0.364,0.160524
1.138709783971e-50,1.66018210765879,0.839,0.281,3.67006163373853e-46,c7,Spred1,0.558,0.468162
1.33304668956078e-50,1.63001044670554,0.818,0.251,4.2964094804544e-46,c7,Rfx7,0.567,0.463806
1.65377563401799e-50,1.55598476625091,0.846,0.263,5.33011886843998e-46,c7,Fam92a,0.583,0.493218
1.74424578573345e-50,2.13718032785687,0.434,0.079,5.62170416741891e-46,c7,Tiam1,0.355,0.15407
1.97048488906181e-50,1.52244155960913,0.958,0.437,6.35087279744622e-46,c7,Plekha1,0.521,0.499118
2.6310340386849e-50,1.61077785187118,0.874,0.286,8.47982270668143e-46,c7,Chgb,0.588,0.513912
2.66810826723184e-50,2.27614904142322,0.385,0.064,8.59931294528822e-46,c7,Ccdc149,0.321,0.123585
2.89708911445513e-50,1.63053460546551,0.818,0.252,9.33731821588888e-46,c7,Marcks,0.566,0.462988
3.41826148322422e-50,1.56206427811767,0.825,0.249,1.10170567604317e-45,c7,Plcg1,0.576,0.4752
3.56764935596834e-50,2.12253753925269,0.531,0.118,1.1498533874286e-45,c7,Edil3,0.413,0.219303
4.08039334508818e-50,1.35726275873969,0.986,0.458,1.31511077512192e-45,c7,Gnas,0.528,0.520608
4.08548972005042e-50,1.57863717132275,0.846,0.268,1.31675333677225e-45,c7,Fchsd2,0.578,0.488988
4.25739677714544e-50,2.88413396702432,0.252,0.03,1.37215898127398e-45,c7,Smad9,0.222,0.055944
4.67233123859946e-50,1.53607611531116,0.902,0.323,1.50589235820061e-45,c7,Zc3h7b,0.579,0.522258
4.67749621132113e-50,2.1993182490179,0.734,0.256,1.5075570289088e-45,c7,Sez6,0.478,0.350852
4.95077140757389e-50,1.65389400668979,0.538,0.112,1.59563362466106e-45,c7,Tulp3,0.426,0.229188
4.97917022804796e-50,1.56297133046186,0.818,0.246,1.60478656449986e-45,c7,Fam120c,0.572,0.467896
6.59275808667712e-50,1.72166787141309,0.734,0.207,2.12484593133604e-45,c7,Nasp,0.527,0.386818
6.87389863573622e-50,1.68683487378248,0.748,0.212,2.21545753029778e-45,c7,Ggt7,0.536,0.400928
7.04092811341572e-50,2.29307281258082,0.371,0.06,2.26929113095389e-45,c7,Ciart,0.311,0.115381
8.57074979295391e-50,2.26861996228008,0.357,0.056,2.76235265826904e-45,c7,Smyd5,0.301,0.107457
8.86064788545561e-50,2.38582002952276,0.399,0.07,2.85578681348234e-45,c7,Pcdhb15,0.329,0.131271
1.08430930244725e-49,1.5256991877496,0.909,0.338,3.49472888178747e-45,c7,Ehbp1,0.571,0.519039
1.15613404470437e-49,1.69846907336605,0.678,0.177,3.72622002608219e-45,c7,Scaper,0.501,0.339678
1.37625615896754e-49,1.62334286717963,0.832,0.258,4.43567360035237e-45,c7,Per3,0.574,0.477568
1.53210158540597e-49,1.64182681380468,0.804,0.251,4.93796340976344e-45,c7,Arhgap21,0.553,0.444612
1.57119380987811e-49,2.78962271516474,0.35,0.056,5.06395764923716e-45,c7,Sh3bp4,0.294,0.1029
1.92329052440558e-49,1.76221800675658,0.678,0.181,6.19876536015918e-45,c7,Maged2,0.497,0.336966
1.9365031254515e-49,1.51200255739021,0.916,0.364,6.24134957333019e-45,c7,Klhl7,0.552,0.505632
2.00270752541018e-49,1.57254072267236,0.832,0.263,6.45472635439702e-45,c7,Ube2q2,0.569,0.473408
2.54724702547466e-49,1.58580808913456,0.804,0.244,8.20977716310483e-45,c7,Sec61g,0.56,0.45024
3.28378188396017e-49,2.09129318004754,0.476,0.096,1.05836290120036e-44,c7,Nxt2,0.38,0.18088
3.2923768155933e-49,1.63442272461722,0.671,0.168,1.06113304766572e-44,c7,Sgsm3,0.503,0.337513
3.3651347826068e-49,1.42798067820832,0.951,0.413,1.08458294043417e-44,c7,Kifap3,0.538,0.511638
4.92921711654737e-49,1.62317263303442,0.804,0.258,1.58868667666322e-44,c7,Zmiz2,0.546,0.438984
5.6878368005706e-49,2.58576940221994,0.252,0.03,1.83318980082391e-44,c7,Adgrf2,0.222,0.055944
7.19715284092002e-49,2.35186326933121,0.336,0.051,2.31964236062852e-44,c7,Plxna4,0.285,0.09576
7.88197201245764e-49,1.6352569094505,0.776,0.232,2.5403595796151e-44,c7,Slc35e2,0.544,0.422144
9.50474678868708e-49,1.74993138667728,0.629,0.153,3.06337988999385e-44,c7,Lss,0.476,0.299404
9.81295336567017e-49,2.23253494444038,0.385,0.066,3.1627148697555e-44,c7,Dolpp1,0.319,0.122815
9.92074487063557e-49,1.98773266922933,0.448,0.085,3.19745607180584e-44,c7,Gramd4,0.363,0.162624
1.16121461932948e-48,1.45741840106018,0.93,0.336,3.7425947180989e-44,c7,Rnf130,0.594,0.55242
1.4337550991502e-48,1.50710376005057,0.86,0.28,4.62099268456109e-44,c7,Sh3glb2,0.58,0.4988
1.66002962601495e-48,1.536683361392,0.916,0.346,5.3502754846462e-44,c7,Csnk1e,0.57,0.52212
1.85091113019264e-48,1.98586396660783,0.441,0.083,5.96548657261088e-44,c7,Sco2,0.358,0.157878
1.87933762851428e-48,1.63621715132118,0.643,0.156,6.05710517670153e-44,c7,Selenom,0.487,0.313141
2.2022979558976e-48,1.51848030360934,0.706,0.179,7.09800631185795e-44,c7,Lrrc24,0.527,0.372062
2.20739470105365e-48,1.58593625068135,0.832,0.28,7.1144331214959e-44,c7,Ube2o,0.552,0.459264
2.29703227818633e-48,2.02941489214682,0.58,0.144,7.40333503259454e-44,c7,Pcdhb20,0.436,0.25288
2.31251850145761e-48,1.62999471532991,0.706,0.192,7.45324713019788e-44,c7,Nol6,0.514,0.362884
3.06946372520339e-48,1.53665527528151,0.804,0.238,9.89288158633052e-44,c7,Ankrd13a,0.566,0.455064
3.11036422278204e-48,1.60199844592783,0.797,0.25,1.00247038900265e-43,c7,Stau2,0.547,0.435959
4.06860891293717e-48,1.43615022714498,0.839,0.253,1.31131265263965e-43,c7,Sqstm1,0.586,0.491654
4.42586573339362e-48,1.35025158027162,0.951,0.499,1.42645652587276e-43,c7,Dcaf7,0.452,0.429852
4.96983273811022e-48,1.47313610873704,0.916,0.341,1.60177709149292e-43,c7,Parp6,0.575,0.5267
5.66376870639092e-48,1.68733600357196,0.748,0.223,1.82543265406979e-43,c7,Cbx4,0.525,0.3927
6.11128906050564e-48,1.87188232448452,0.545,0.122,1.96966846420097e-43,c7,Arid5b,0.423,0.230535
6.20983331367603e-48,1.21380291074764,0.993,0.562,2.00142927699778e-43,c7,Rnpc3,0.431,0.427983
6.41872480110575e-48,1.62399606102739,0.72,0.198,2.06875500339638e-43,c7,Letm2,0.522,0.37584
6.75023424077022e-48,2.11744546502741,0.399,0.07,2.17560049580024e-43,c7,Tcea2,0.329,0.131271
7.34080142531498e-48,1.78757722639544,0.601,0.145,2.36594029937902e-43,c7,Zdhhc1,0.456,0.274056
8.55514702240393e-48,1.65638214265244,0.685,0.179,2.75732388532079e-43,c7,Map3k13,0.506,0.34661
9.05255636552649e-48,1.37607268368865,0.93,0.451,2.91763891660919e-43,c7,Ids,0.479,0.44547
9.32329421301819e-48,1.75251526160282,0.594,0.141,3.00489772485576e-43,c7,Apbb3,0.453,0.269082
9.96715531589314e-48,1.64478386372211,0.692,0.185,3.21241415831236e-43,c7,Zfp512,0.507,0.350844
1.08770388574758e-47,2.46863910039034,0.357,0.059,3.50566962376445e-43,c7,Zbtb46,0.298,0.106386
1.09173974870641e-47,1.58819227705049,0.853,0.283,3.51867721008075e-43,c7,Unc13a,0.57,0.48621
1.19176159625067e-47,2.17330674851533,0.357,0.057,3.84104762471592e-43,c7,Hfm1,0.3,0.1071
1.23154637797631e-47,3.00160400640822,0.273,0.037,3.96927397621763e-43,c7,Nos1ap,0.236,0.064428
1.26710907074315e-47,2.60105634846879,0.308,0.045,4.08389253500516e-43,c7,Pcdhb13,0.263,0.081004
1.27035134555156e-47,2.11652471186942,0.434,0.082,4.09434238671269e-43,c7,Pcdhb14,0.352,0.152768
1.44108445569356e-47,2.24912125000325,0.441,0.086,4.64461520070033e-43,c7,Pck2,0.355,0.156555
1.56078764015355e-47,1.68590217920023,0.797,0.264,5.03041856421491e-43,c7,Dkk3,0.533,0.424801
1.67911401500927e-47,1.6418181565221,0.601,0.141,5.41178447037489e-43,c7,Nipsnap1,0.46,0.27646
1.76647783947798e-47,0.964083390401616,1,0.667,5.69335807663752e-43,c7,Ncam1,0.333,0.333
1.81080602019882e-47,1.92084859579825,0.483,0.099,5.83622780310081e-43,c7,Ran,0.384,0.185472
1.83622918969033e-47,1.18936453253741,0.972,0.604,5.91816667837195e-43,c7,Tuba1a,0.368,0.357696
2.22367734178677e-47,1.44885484281301,0.916,0.411,7.16691207257877e-43,c7,Igip,0.505,0.46258
2.6580693977951e-47,1.74533380682636,0.559,0.126,8.56695766909361e-43,c7,Osbpl5,0.433,0.242047
2.9824698007541e-47,1.55285450756436,0.762,0.22,9.61250016783046e-43,c7,Klhl22,0.542,0.413004
3.56060093338031e-47,1.98010132928532,0.462,0.092,1.14758168082847e-42,c7,DEPRECATED-ENSMUSG00000037907,0.37,0.17094
3.83717152548464e-47,1.54361078037386,0.825,0.277,1.2367203826637e-42,c7,Stx7,0.548,0.4521
3.9780131372414e-47,1.68666197863048,0.636,0.161,1.2821136341329e-42,c7,Znrd2,0.475,0.3021
4.00743915327303e-47,1.51489887223667,0.832,0.273,1.2915976390999e-42,c7,Cbx5,0.559,0.465088
4.40600233233508e-47,1.85949442702481,0.692,0.214,1.4200545517116e-42,c7,Dcakd,0.478,0.330776
4.58000901208305e-47,1.51798306632807,0.811,0.254,1.47613690459437e-42,c7,Vps41,0.557,0.451727
4.77138078809557e-47,2.54431979987133,0.336,0.053,1.5378160280032e-42,c7,Pde10a,0.283,0.095088
4.83881948802661e-47,1.65633371342635,0.594,0.14,1.55955152099098e-42,c7,Fmnl2,0.454,0.269676
5.57304473897921e-47,1.83296249291408,0.531,0.119,1.796192319373e-42,c7,Sestd1,0.412,0.218772
5.62804961947634e-47,1.87292170931246,0.517,0.114,1.81392039235722e-42,c7,Rtl8b,0.403,0.208351
6.61767644474037e-47,1.57062597083614,0.853,0.327,2.13287711813982e-42,c7,Tceal9,0.526,0.448678
8.13187184728989e-47,1.55951491956656,0.839,0.288,2.62090229638153e-42,c7,Fam117b,0.551,0.462289
8.54844398741921e-47,1.86671865737448,0.559,0.132,2.75516349714521e-42,c7,Tango2,0.427,0.238693
8.72399927713156e-47,2.16557434210229,0.378,0.065,2.8117449670195e-42,c7,Kbtbd11,0.313,0.118314
1.22669284176496e-46,1.61388920039226,0.776,0.246,3.95363102900845e-42,c7,Habp4,0.53,0.41128
1.22974638156442e-46,1.39673012321645,0.608,0.141,3.96347258778211e-42,c7,Ptprj,0.467,0.283936
1.25844147927192e-46,1.48257505048033,0.797,0.236,4.05595688769339e-42,c7,Tcp11l1,0.561,0.447117
1.36037587630528e-46,1.80641312119743,0.476,0.096,4.38449144933191e-42,c7,Zfp458,0.38,0.18088
1.40437548715094e-46,1.9223104494995,0.559,0.134,4.52630219508747e-42,c7,Psd3,0.425,0.237575
1.45788599737482e-46,1.42834488851806,0.944,0.382,4.69876656953904e-42,c7,Ahdc1,0.562,0.530528
1.73896593853656e-46,3.1177110551643,0.378,0.072,5.60468721990333e-42,c7,Ptprk,0.306,0.115668
2.11265711437589e-46,1.54350780090717,0.853,0.314,6.8090938796335e-42,c7,Pds5b,0.539,0.459767
2.28075040479187e-46,1.4586877142036,0.902,0.374,7.3508585546442e-42,c7,Hdgfl3,0.528,0.476256
2.67989970953179e-46,2.05019899208716,0.497,0.109,8.63731676382095e-42,c7,Pdp1,0.388,0.192836
3.16153810812958e-46,1.40429017503009,0.937,0.389,1.01896373225016e-41,c7,Hectd4,0.548,0.513476
3.45673789217776e-46,1.85809090353051,0.587,0.147,1.11410662264889e-41,c7,Slc39a10,0.44,0.25828
3.89110595901012e-46,2.46103050631282,0.287,0.04,1.25410345058896e-41,c7,Zcwpw1,0.247,0.070889
4.11163730934912e-46,1.57502246923227,0.79,0.259,1.32518070480322e-41,c7,Ppp2r5b,0.531,0.41949
4.25124080813235e-46,1.88663158744537,0.392,0.07,1.37017491246106e-41,c7,Slc9a3r2,0.322,0.126224
4.41986959642635e-46,1.22284366085916,0.965,0.512,1.42452397092821e-41,c7,Atn1,0.453,0.437145
5.14715442685751e-46,2.37692888865421,0.273,0.036,1.65892787177617e-41,c7,Tmem74b,0.237,0.064701
5.85733431962548e-46,1.77066404254469,0.594,0.149,1.88781885121529e-41,c7,Nmt2,0.445,0.26433
6.61262059525787e-46,1.28218607431701,0.958,0.518,2.13124761785161e-41,c7,Atp6v1a,0.44,0.42152
6.84920207190658e-46,1.47022515934632,0.916,0.364,2.20749782777549e-41,c7,Ppfia2,0.552,0.505632
7.04986744588775e-46,1.78702110708762,0.594,0.15,2.27217227780962e-41,c7,Satb1,0.444,0.263736
8.7551040738385e-46,1.47582144247528,0.874,0.32,2.82177004299815e-41,c7,Trim35,0.554,0.484196
1.15049494817707e-45,1.61848364304975,0.706,0.201,3.70804521797469e-41,c7,Gtdc1,0.505,0.35653
1.30854508937511e-45,1.88104918058707,0.462,0.094,4.21744082305599e-41,c7,Tmem97,0.368,0.170016
1.32630091790813e-45,1.63297265010753,0.636,0.163,4.27466785841789e-41,c7,Ehd3,0.473,0.300828
1.62971233573031e-45,1.5290439182721,0.853,0.334,5.25256285805879e-41,c7,Pip5k1c,0.519,0.442707
2.07920299696022e-45,1.56750248449155,0.741,0.217,6.70127125920278e-41,c7,Elk1,0.524,0.388284
2.20829511800495e-45,1.54362983249572,0.531,0.117,7.11733516532994e-41,c7,Lrrfip1,0.414,0.219834
2.22596047020916e-45,1.78049799157794,0.531,0.119,7.17427059548414e-41,c7,Zswim5,0.412,0.218772
2.29062981239833e-45,2.03702879146378,0.497,0.11,7.38269988535982e-41,c7,Unc5a,0.387,0.192339
2.34400962238344e-45,1.39788589337474,0.958,0.409,7.55474301294183e-41,c7,Wsb1,0.549,0.525942
2.34571982093666e-45,1.58694773372812,0.783,0.262,7.56025498287885e-41,c7,Agpat1,0.521,0.407943
2.45001591861691e-45,1.71206139000652,0.622,0.161,7.89640130570231e-41,c7,Morn4,0.461,0.286742
2.55350491052439e-45,1.44873758226721,0.888,0.33,8.2299463266201e-41,c7,Cul4b,0.558,0.495504
2.96745139616376e-45,1.93107193282221,0.476,0.101,9.56409584983579e-41,c7,Fam49a,0.375,0.1785
3.03697113072248e-45,1.42913085947847,0.909,0.339,9.78815795431855e-41,c7,Ptma,0.57,0.51813
3.18061238315099e-45,1.48849265064189,0.755,0.218,1.02511137108957e-40,c7,Usp40,0.537,0.405435
3.70852910618243e-45,1.63912533758166,0.58,0.14,1.1952589309226e-40,c7,Abhd6,0.44,0.2552
4.84471459612376e-45,1.53712319385937,0.762,0.227,1.56145151433069e-40,c7,Tmem35a,0.535,0.40767
5.36584261440654e-45,1.73414630382734,0.559,0.132,1.72941107462323e-40,c7,Mypop,0.427,0.238693
5.57824971692663e-45,1.7081430216154,0.503,0.108,1.79786988376545e-40,c7,Srm,0.395,0.198685
5.66586178352627e-45,1.88269557072422,0.531,0.123,1.82610725283052e-40,c7,Afap1,0.408,0.216648
7.71334826637208e-45,1.88186456508166,0.399,0.072,2.48601214625172e-40,c7,Ccdc92b,0.327,0.130473
8.72981506517177e-45,1.66106818308273,0.748,0.232,2.81361939550486e-40,c7,Mcu,0.516,0.385968
1.28058872338939e-44,1.42358928030296,0.909,0.366,4.127337455484e-40,c7,Prr12,0.543,0.493587
1.59299390547061e-44,1.54801584125436,0.811,0.285,5.13421935733176e-40,c7,Vma21,0.526,0.426586
2.10655237185196e-44,1.40289684795766,0.93,0.359,6.78941829447886e-40,c7,Scarb2,0.571,0.53103
2.18411775959801e-44,1.90193561472452,0.65,0.193,7.03941153918439e-40,c7,Nr3c2,0.457,0.29705
2.36883160292234e-44,1.68437122610393,0.594,0.148,7.63474425621871e-40,c7,March9,0.446,0.264924
2.76849746678128e-44,1.43010681044891,0.881,0.323,8.92286733543608e-40,c7,Drosha,0.558,0.491598
2.7879801336704e-44,2.19628160118148,0.287,0.041,8.98565997081969e-40,c7,Dock10,0.246,0.070602
3.23325691983711e-44,1.47371927748731,0.797,0.252,1.0420787052635e-39,c7,Gdpd1,0.545,0.434365
3.35188229083544e-44,1.4795565451348,0.671,0.18,1.08031166233626e-39,c7,Ahcyl2,0.491,0.329461
3.55803199869575e-44,1.5959980378042,0.762,0.246,1.14675371317964e-39,c7,Acvr2a,0.516,0.393192
3.77403360373484e-44,2.30990938647912,0.301,0.045,1.21637103048374e-39,c7,Rsph10b,0.256,0.077056
3.82608235872454e-44,2.91771157503082,0.273,0.039,1.23314634421692e-39,c7,Cdc25b,0.234,0.063882
3.91595567597708e-44,1.45814469313336,0.818,0.259,1.26211251436741e-39,c7,Ralgapa2,0.559,0.457262
4.30953942314955e-44,1.14839877312899,0.993,0.547,1.3889645560811e-39,c7,Kidins220,0.446,0.442878
4.35671247091301e-44,1.13275644410513,0.993,0.578,1.40416842937526e-39,c7,Ogt,0.415,0.412095
5.11271911996278e-44,1.6662125380786,0.65,0.178,1.647829372364e-39,c7,Noct,0.472,0.3068
5.35168186080499e-44,1.60142211104912,0.671,0.184,1.72484706373745e-39,c7,Dvl2,0.487,0.326777
6.68913285079174e-44,1.58856433460676,0.552,0.127,2.15590751781018e-39,c7,Rdh13,0.425,0.2346
6.736285359038e-44,1.77457386859777,0.573,0.14,2.17110477121795e-39,c7,Atp8b2,0.433,0.248109
6.94810677850082e-44,1.4464598832416,0.874,0.372,2.23937481471081e-39,c7,Pfn2,0.502,0.438748
7.14982590556993e-44,1.53249231845066,0.832,0.322,2.30438888936519e-39,c7,Ppme1,0.51,0.42432
7.82829036694167e-44,1.69874638150496,0.601,0.156,2.5230579852653e-39,c7,Mfsd11,0.445,0.267445
1.00920737090165e-43,1.42364238923515,0.909,0.362,3.25267535641603e-39,c7,Tmem181a,0.547,0.497223
1.20406234585872e-43,1.48118966423635,0.839,0.308,3.88069294070266e-39,c7,Fbxo21,0.531,0.445509
1.20821140925951e-43,1.59374873220226,0.629,0.163,3.89406537204341e-39,c7,Ranbp17,0.466,0.293114
1.30907479992489e-43,1.6002248180173,0.685,0.197,4.21914808015793e-39,c7,Crem,0.488,0.33428
1.51843246709778e-43,2.61257611891992,0.308,0.049,4.89390784145616e-39,c7,Spats2l,0.259,0.079772
1.56606291685044e-43,1.41138623944519,0.902,0.348,5.04742078100898e-39,c7,Dbp,0.554,0.499708
1.69845966727692e-43,1.58797805172438,0.692,0.202,5.4741355076335e-39,c7,Slc9a6,0.49,0.33908
1.71448050027833e-43,1.33497336185776,0.958,0.381,5.52577065239707e-39,c7,Ppp6r2,0.577,0.552766
2.00137649416573e-43,1.72160416000637,0.58,0.145,6.45043644069616e-39,c7,Pcgf3,0.435,0.2523
2.36569066736075e-43,3.32991633253246,0.287,0.044,7.62462102090369e-39,c7,Cbfa2t3,0.243,0.069741
2.67021693758531e-43,1.36551843776305,0.923,0.43,8.60610918983745e-39,c7,Coro2b,0.493,0.455039
2.833898397285e-43,1.41295350525731,0.895,0.352,9.13365453444955e-39,c7,Exoc6b,0.543,0.485985
2.86534641749637e-43,1.40955041006256,0.902,0.375,9.23501150359079e-39,c7,Strn4,0.527,0.475354
3.17081454368794e-43,1.67313926075733,0.573,0.143,1.02195352743062e-38,c7,Nanp,0.43,0.24639
3.53969948729577e-43,1.27500846263115,0.937,0.324,1.14084514475543e-38,c7,Agrn,0.613,0.574381
3.92415450645335e-43,1.33653179846468,0.944,0.411,1.26475499742992e-38,c7,Abi2,0.533,0.503152
4.68934221884111e-43,1.40904616897138,0.902,0.354,1.51137499713249e-38,c7,Odf2,0.548,0.494296
5.80695594058833e-43,1.97459545808772,0.406,0.079,1.87158189965162e-38,c7,Tbc1d16,0.327,0.132762
6.4080070760509e-43,1.7106688753842,0.622,0.17,2.06530068061121e-38,c7,Ccdc82,0.452,0.281144
7.01356949457029e-43,1.30978942064308,0.923,0.456,2.2604734481e-38,c7,Atxn10,0.467,0.431041
8.85747950629297e-43,1.86216082807494,0.497,0.115,2.85476564487822e-38,c7,Nudt19,0.382,0.189854
9.45230946493935e-43,1.59772864360946,0.657,0.184,3.04647934054995e-38,c7,Dcbld2,0.473,0.310761
1.06929567993486e-42,1.46154646380616,0.811,0.262,3.44633997643006e-38,c7,Basp1,0.549,0.445239
1.09129269487867e-42,0.97353238943898,0.972,0.686,3.51723635559394e-38,c7,Atp6v0c,0.286,0.277992
1.09996521548796e-42,1.31535827437109,0.916,0.424,3.54518788951771e-38,c7,Pja2,0.492,0.450672
1.27101593373665e-42,1.50102517081226,0.762,0.241,4.09648435443323e-38,c7,Ccser2,0.521,0.397002
1.27443968494562e-42,1.44342600366659,0.867,0.329,4.10751910457975e-38,c7,Scai,0.538,0.466446
1.35234784753333e-42,1.34402209148057,0.923,0.422,4.35861711259992e-38,c7,Mapk8ip3,0.501,0.462423
1.59140097192729e-42,1.47446258314024,0.678,0.187,5.12908533252166e-38,c7,Adss,0.491,0.332898
1.62348944246107e-42,1.68129341708678,0.566,0.141,5.23250647305202e-38,c7,Stradb,0.425,0.24055
1.70338086761648e-42,2.44587852592701,0.259,0.036,5.48999653632791e-38,c7,Chrd,0.223,0.057757
1.84626180240436e-42,1.21109059310747,0.972,0.52,5.95050178914925e-38,c7,Abcc5,0.452,0.439344
1.8496334668491e-42,1.45119918712779,0.734,0.216,5.96136866365465e-38,c7,Ncoa3,0.518,0.380212
2.29387957476282e-42,1.50577179869457,0.811,0.279,7.39317386946058e-38,c7,Nsmaf,0.532,0.431452
2.47981959721466e-42,1.19485712200759,0.993,0.493,7.99245856182286e-38,c7,Rere,0.5,0.4965
3.95915859352339e-42,2.18467487602476,0.28,0.041,1.27603681469259e-37,c7,Ppfia3,0.239,0.06692
4.11350915985442e-42,1.68389129889031,0.58,0.148,1.32578400222108e-37,c7,Kctd1,0.432,0.25056
4.24203522855724e-42,1.98896749541308,0.42,0.085,1.367207954164e-37,c7,Nkrf,0.335,0.1407
4.33703101604268e-42,1.63170706454241,0.811,0.352,1.39782509647056e-37,c7,Tcf4,0.459,0.372249
4.36655703198596e-42,1.46247613613704,0.846,0.307,1.40734133140908e-37,c7,Sec61a2,0.539,0.455994
4.91533193717946e-42,1.67871866400944,0.601,0.159,1.58421148335294e-37,c7,Clip2,0.442,0.265642
5.08035487411532e-42,1.68192408600544,0.531,0.126,1.63739837592737e-37,c7,Abcb10,0.405,0.215055
5.86882193261246e-42,1.47752574112003,0.811,0.28,1.89152130888099e-37,c7,Ints10,0.531,0.430641
6.16817056653448e-42,3.10974142268347,0.28,0.043,1.98800137359406e-37,c7,Shisa9,0.237,0.06636
6.78616774637443e-42,1.79718886217561,0.545,0.137,2.18718186465648e-37,c7,Sgsm2,0.408,0.22236
7.13092752893843e-42,2.21386935561682,0.378,0.072,2.29829794257686e-37,c7,Efnb1,0.306,0.115668
7.58795343373596e-42,0.85539812714379,0.993,0.699,2.4455973916931e-37,c7,Pcbp3,0.294,0.291942
7.69555496521303e-42,1.53415505665291,0.685,0.198,2.48027736528816e-37,c7,Hdac6,0.487,0.333595
9.0490897948742e-42,2.5877725884544,0.266,0.038,2.91652164088796e-37,c7,Tfap4,0.228,0.060648
9.22580785789922e-42,0.879871687494647,1,0.661,2.97347787260092e-37,c7,Snap25,0.339,0.339
9.52652745896965e-42,1.72399342731642,0.49,0.11,3.07039980002592e-37,c7,Actr3b,0.38,0.1862
1.16340120743216e-41,1.5031950932877,0.804,0.296,3.74964209155387e-37,c7,Sub1,0.508,0.408432
1.17814055148415e-41,1.76047007686024,0.483,0.109,3.79714699743341e-37,c7,Snn,0.374,0.180642
1.39950438349765e-41,2.24376396769839,0.287,0.044,4.51060262801292e-37,c7,Slc41a2,0.243,0.069741
1.81120262404783e-41,1.24360393495391,0.902,0.3,5.83750605730617e-37,c7,Cltb,0.602,0.543004
1.95289910160404e-41,1.47987421278722,0.79,0.263,6.29419380446982e-37,c7,Unc80,0.527,0.41633
2.05992451895766e-41,1.38403768851651,0.853,0.302,6.63913672460053e-37,c7,Wdr13,0.551,0.470003
2.13879701027826e-41,1.4102539598394,0.755,0.236,6.89334276412682e-37,c7,Osbpl1a,0.519,0.391845
2.29039035824056e-41,1.47931081132129,0.776,0.258,7.38192812460933e-37,c7,Arel1,0.518,0.401968
2.40344164362171e-41,1.43945984392891,0.825,0.28,7.74629241739279e-37,c7,Svop,0.545,0.449625
3.42994389473637e-41,1.78044646273793,0.531,0.13,1.10547091727353e-36,c7,Pcdhgc5,0.401,0.212931
3.51697965726224e-41,1.85240430305885,0.336,0.057,1.13352254353562e-36,c7,Gpld1,0.279,0.093744
3.94242286732526e-41,1.49557054644914,0.49,0.107,1.27064289013893e-36,c7,Antxr1,0.383,0.18767
4.03722368996214e-41,1.42343826201348,0.741,0.225,1.3011971952748e-36,c7,Men1,0.516,0.382356
4.04168980207802e-41,1.674658440597,0.517,0.122,1.30263662320975e-36,c7,Gspt2,0.395,0.204215
4.07400363334284e-41,1.48389096467881,0.671,0.188,1.3130513710264e-36,c7,DEPRECATED-ENSMUSG00000049184,0.483,0.324093
4.34756683768639e-41,1.54589458585355,0.79,0.288,1.40122079178632e-36,c7,Micu1,0.502,0.39658
4.70786278509078e-41,1.69259931981633,0.587,0.158,1.51734417563476e-36,c7,Ogfrl1,0.429,0.251823
4.88727265130241e-41,1.08301524497153,0.986,0.576,1.57516797551477e-36,c7,Ralgapa1,0.41,0.40426
5.04316144225251e-41,2.18494153632754,0.406,0.083,1.62541093283798e-36,c7,Ldlrad4,0.323,0.131138
5.1126800515728e-41,2.64689797484252,0.266,0.039,1.64781678062191e-36,c7,Ablim2,0.227,0.060382
5.71962919155967e-41,2.10054060590967,0.315,0.052,1.84343648843968e-36,c7,Zc3h8,0.263,0.082845
5.80315285998441e-41,1.00472761439837,0.986,0.623,1.87035616677298e-36,c7,Cds2,0.363,0.357918
5.8676100491762e-41,0.869869080566318,0.986,0.715,1.89113071884949e-36,c7,Vamp2,0.271,0.267206
5.91106422467978e-41,2.93259102859924,0.287,0.046,1.90513599961429e-36,c7,Sdk2,0.241,0.069167
6.0249698509916e-41,1.35715981983355,0.902,0.356,1.94184778297459e-36,c7,Msl1,0.546,0.492492
6.03601296201731e-41,2.70155368531439,0.259,0.037,1.94540697765818e-36,c7,Gap43,0.222,0.057498
6.28463712347403e-41,1.52788910492258,0.622,0.167,2.02553854489568e-36,c7,Sema6c,0.455,0.28301
6.66798551501498e-41,1.39073316545083,0.601,0.152,2.14909173148933e-36,c7,Cyth3,0.449,0.269849
7.71860977387648e-41,1.32188086028325,0.874,0.311,2.48770793012039e-36,c7,Camsap2,0.563,0.492062
8.01821550277172e-41,1.7124110065123,0.51,0.119,2.58427085654333e-36,c7,G2e3,0.391,0.19941
8.61045891103875e-41,1.28284355613761,0.951,0.426,2.77515090702779e-36,c7,Pclo,0.525,0.499275
8.64287658725811e-41,1.39460925012759,0.846,0.305,2.78559912407329e-36,c7,Smarcd1,0.541,0.457686
9.6768358285021e-41,1.57425508580524,0.51,0.119,3.11884418752623e-36,c7,Spry1,0.391,0.19941
1.00867276908289e-40,1.43430270380015,0.839,0.317,3.25095233475416e-36,c7,Sppl3,0.522,0.437958
1.22463229871163e-40,1.52199745651611,0.776,0.286,3.94698989874758e-36,c7,Ubfd1,0.49,0.38024
1.43400074976527e-40,1.42662984608596,0.79,0.262,4.62178441649345e-36,c7,Mtus1,0.528,0.41712
1.58376306658275e-40,1.06480017846978,0.993,0.605,5.10446836359621e-36,c7,Ttc14,0.388,0.385284
1.65376996761553e-40,1.45077113615939,0.797,0.278,5.33010060562485e-36,c7,Dap3,0.519,0.413643
1.76645453022737e-40,1.69337744725514,0.699,0.221,5.69328295092283e-36,c7,Asap1,0.478,0.334122
1.78854235360137e-40,1.51236498776647,0.713,0.221,5.76447200565721e-36,c7,Crtc1,0.492,0.350796
1.88156529347211e-40,1.55393848369464,0.678,0.207,6.0642849408606e-36,c7,Scoc,0.471,0.319338
1.8826505680597e-40,2.50106049302446,0.252,0.035,6.06778278085641e-36,c7,Msl3l2,0.217,0.054684
1.88842209276195e-40,1.57267821313073,0.65,0.187,6.08638440497177e-36,c7,Mdn1,0.463,0.30095
2.37113561437345e-40,1.25978829728583,0.916,0.474,7.64217008512563e-36,c7,Ubqln2,0.442,0.404872
2.48457155400128e-40,1.52214414798167,0.699,0.214,8.00777411854614e-36,c7,Pnpla6,0.485,0.339015
2.55630317289585e-40,2.23727987043013,0.308,0.051,8.23896512624331e-36,c7,Naaladl2,0.257,0.079156
2.83545051124247e-40,1.6013487283181,0.51,0.12,9.13865699773447e-36,c7,Alg6,0.39,0.1989
3.11658124282574e-40,1.79172317034923,0.476,0.108,1.00447413456274e-35,c7,Klhl3,0.368,0.175168
3.2637499263901e-40,1.52606769808761,0.413,0.081,1.05190660127553e-35,c7,Slc6a15,0.332,0.137116
3.40448512725557e-40,1.4929419834901,0.692,0.205,1.09726555651447e-35,c7,Inpp5a,0.487,0.337004
3.6558423229913e-40,1.3103942032731,0.923,0.346,1.1782779807001e-35,c7,Erc2,0.577,0.532571
3.66990993865847e-40,1.33717583644481,0.916,0.379,1.18281197322962e-35,c7,DEPRECATED-ENSMUSG00000031144,0.537,0.491892
3.76057146435598e-40,1.74433721561844,0.51,0.123,1.21203218296193e-35,c7,Tdp1,0.387,0.19737
4.41274778874423e-40,1.17145824590454,0.972,0.495,1.42222861231227e-35,c7,Atrx,0.477,0.463644
4.4478358780292e-40,1.60105855350717,0.657,0.196,1.43353750348881e-35,c7,Vdac3,0.461,0.302877
4.4784195745886e-40,1.22747357306606,0.944,0.442,1.44339462888991e-35,c7,Slc25a23,0.502,0.473888
4.72862916794167e-40,1.1724666780785,0.944,0.504,1.5240371808276e-35,c7,Matr3,0.44,0.41536
4.89232251574013e-40,1.58049003018653,0.601,0.164,1.57679554682304e-35,c7,Fam220a.1,0.437,0.262637
4.9400038909529e-40,1.30554863326796,0.881,0.329,1.59216325405412e-35,c7,Pld3,0.552,0.486312
5.57988995401613e-40,1.38914317414028,0.867,0.333,1.7983985321794e-35,c7,Ptpn4,0.534,0.462978
5.60751669977097e-40,1.67593527413877,0.517,0.125,1.80730263233618e-35,c7,Dnhd1,0.392,0.202664
6.00097881529189e-40,1.95035989824598,0.392,0.079,1.93411547216858e-35,c7,B4galt5,0.313,0.122696
6.30351598177945e-40,1.60294372991847,0.58,0.154,2.03162320092752e-35,c7,Chic1,0.426,0.24708
6.64390163475038e-40,1.48229683598992,0.741,0.243,2.14132949688005e-35,c7,Mboat7,0.498,0.369018
7.13152968423056e-40,2.51181803155656,0.259,0.038,2.29849201722751e-35,c7,Gabra1,0.221,0.057239
7.4381760859934e-40,2.8674410306955,0.287,0.047,2.39732415251567e-35,c7,Trp53i11,0.24,0.06888
8.31207704762712e-40,1.38496271267263,0.846,0.302,2.67898243245022e-35,c7,Ankrd10,0.544,0.460224
9.00382359527765e-40,1.46329862858293,0.734,0.235,2.90193234475799e-35,c7,Mageh1,0.499,0.366266
1.00186182838814e-39,1.32081939356534,0.881,0.434,3.22900067289496e-35,c7,Prkaca,0.447,0.393807
1.24135076690144e-39,1.48408898358878,0.699,0.214,4.00087352172333e-35,c7,Prkci,0.485,0.339015
1.42893969623945e-39,1.51664351497457,0.643,0.183,4.60547264097974e-35,c7,Phf6,0.46,0.29578
1.57219003878091e-39,1.29430090461348,0.895,0.335,5.06716849499088e-35,c7,Ube2g1,0.56,0.5012
1.60820313607239e-39,1.64556661853211,0.58,0.156,5.18323870756132e-35,c7,Alkbh8,0.424,0.24592
1.64599505231082e-39,1.51213950481426,0.469,0.104,5.30504205359778e-35,c7,Tspan6,0.365,0.171185
1.71234347054374e-39,1.50968509536007,0.776,0.281,5.51888300556246e-35,c7,Acot7,0.495,0.38412
2.00693547783667e-39,1.52502225468374,0.748,0.248,6.46835304506758e-35,c7,Cers5,0.5,0.374
2.11799769430007e-39,1.3086763434262,0.853,0.299,6.82630656872912e-35,c7,Sars,0.554,0.472562
2.3272274810976e-39,1.65601222808183,0.678,0.222,7.50065417157755e-35,c7,Hmgb3,0.456,0.309168
2.36904022924522e-39,1.24847987424887,0.944,0.464,7.63541665885734e-35,c7,Polb,0.48,0.45312
2.55743772907249e-39,1.44105296522776,0.573,0.146,8.24262180080064e-35,c7,Serac1,0.427,0.244671
2.63347541588814e-39,1.91199680234374,0.357,0.066,8.48769126540749e-35,c7,Dpy19l3,0.291,0.103887
2.85122855149777e-39,1.44458384374275,0.748,0.242,9.18950962147731e-35,c7,Depdc5,0.506,0.378488
2.95773474190926e-39,1.24214148935705,0.944,0.378,9.53277907317353e-35,c7,Kdm6b,0.566,0.534304
3.03718101508388e-39,1.27413972280615,0.923,0.425,9.78883441161535e-35,c7,Maco1,0.498,0.459654
3.09620855588247e-39,1.24601961588045,0.951,0.401,9.9790801756092e-35,c7,Ice1,0.55,0.52305
3.24974101551079e-39,2.01929900111312,0.392,0.08,1.04739152929913e-34,c7,Sesn2,0.312,0.122304
3.62090430413619e-39,1.36940526560105,0.86,0.333,1.16701745722309e-34,c7,Fam126b,0.527,0.45322
3.89754882975624e-39,2.38669397106508,0.343,0.065,1.25617998783044e-34,c7,Snca,0.278,0.095354
3.98515295395322e-39,1.59414313505028,0.594,0.162,1.28441479705912e-34,c7,Tm7sf2,0.432,0.256608
4.36252204035178e-39,1.83980049684863,0.385,0.076,1.40604085360538e-34,c7,Elp6,0.309,0.118965
4.3814691729787e-39,1.37615226645017,0.818,0.282,1.41214751445104e-34,c7,Inpp5b,0.536,0.438448
4.69167757092518e-39,1.50644429606758,0.629,0.178,1.51212768110919e-34,c7,Vars,0.451,0.283679
4.72623996285662e-39,1.39204025353132,0.839,0.313,1.52326714002869e-34,c7,Fam8a1,0.526,0.441314
4.82685227281548e-39,1.13932517839881,0.958,0.536,1.55569448752843e-34,c7,Ppp2r1a,0.422,0.404276
5.17207227574961e-39,1.97535836961707,0.322,0.056,1.6669588944741e-34,c7,Serf1,0.266,0.085652
5.22531040818281e-39,1.48634213327234,0.685,0.206,1.68411754455732e-34,c7,Purg,0.479,0.328115
5.81957355167206e-39,1.74782140878032,0.413,0.085,1.8756485557039e-34,c7,Rcl1,0.328,0.135464
6.03621882627511e-39,1.46669066701388,0.811,0.314,1.94547332770847e-34,c7,Pik3r2,0.497,0.403067
6.0515877810647e-39,1.48332496514048,0.776,0.285,1.95042674183715e-34,c7,Eif1ax,0.491,0.381016
6.88988009429502e-39,1.83616080231735,0.517,0.132,2.22060835439128e-34,c7,Pafah1b3,0.385,0.199045
6.89848010724346e-39,1.23070665370196,0.958,0.464,2.22338013856457e-34,c7,Tia1,0.494,0.473252
7.70416352994165e-39,1.58414916359808,0.503,0.119,2.48305190570019e-34,c7,Ybx2,0.384,0.193152
7.85905473125582e-39,1.9427606848584,0.413,0.088,2.53297333988375e-34,c7,Ankrd13b,0.325,0.134225
8.06237781477469e-39,1.48890982271573,0.741,0.242,2.59850436970188e-34,c7,Dip2c,0.499,0.369759
1.04113722766157e-38,1.4007895873523,0.783,0.266,3.35558528475323e-34,c7,Zfp318,0.517,0.404811
1.0914466011728e-38,1.15435703472156,0.951,0.521,3.51773239557995e-34,c7,Amph,0.43,0.40893
1.2013373638514e-38,1.48861760710177,0.734,0.249,3.87191032369305e-34,c7,Cmpk1,0.485,0.35599
1.26032429234218e-38,1.45857682653655,0.755,0.263,4.06202519421884e-34,c7,C1d,0.492,0.37146
1.40376350430467e-38,1.57131716652362,0.622,0.177,4.52432977437395e-34,c7,Setbp1,0.445,0.27679
1.63288691647833e-38,1.34202468821347,0.804,0.269,5.26279453180965e-34,c7,Nt5c2,0.535,0.43014
1.69529292552732e-38,1.25567021318232,0.734,0.216,5.46392909897457e-34,c7,Pkd2,0.518,0.380212
1.73323483225007e-38,1.65099753043135,0.497,0.119,5.58621586434198e-34,c7,Akap17b,0.378,0.187866
2.16358661953825e-38,1.61091551929868,0.601,0.169,6.97323967477178e-34,c7,Trub1,0.432,0.259632
2.1736642599207e-38,1.7776239708224,0.469,0.109,7.00571990972441e-34,c7,Ythdc2,0.36,0.16884
2.28327819337441e-38,1.40258682451567,0.615,0.167,7.35900561724571e-34,c7,Sun2,0.448,0.27552
2.35209211662114e-38,1.78336440123637,0.455,0.104,7.58079289186994e-34,c7,Pex26,0.351,0.159705
2.51890528467023e-38,1.57419209554805,0.573,0.152,8.11843173249214e-34,c7,Tbc1d9,0.421,0.241233
2.6181993304309e-38,1.33241875802804,0.832,0.292,8.43845644197878e-34,c7,Elp1,0.54,0.44928
3.2825678621099e-38,1.43429480241031,0.762,0.261,1.05797162195802e-33,c7,Castor2,0.501,0.381762
3.64156844054033e-38,1.4127447726757,0.811,0.316,1.17367750838615e-33,c7,Flywch1,0.495,0.401445
4.12814532451344e-38,1.57952291950836,0.538,0.137,1.33050123809068e-33,c7,Pcyox1l,0.401,0.215738
4.23026444873461e-38,1.44714109567669,0.678,0.204,1.36341423182716e-33,c7,Alyref,0.474,0.321372
5.16147156922512e-38,1.92842762780953,0.455,0.108,1.66354228676126e-33,c7,Tcte2,0.347,0.157885
5.17354227190181e-38,1.55417921657346,0.657,0.201,1.66743267423395e-33,c7,Ankra2,0.456,0.299592
5.36088191326849e-38,1.7434622101987,0.531,0.138,1.72781224064644e-33,c7,Bnip3,0.393,0.208683
5.39581952883035e-38,1.38701942077728,0.846,0.33,1.73907263414202e-33,c7,Lrrc49,0.516,0.436536
5.62281415900682e-38,1.44870232772139,0.706,0.221,1.8122330034479e-33,c7,Cstf2,0.485,0.34241
6.55312444053045e-38,1.59693171548076,0.594,0.165,2.11207200718297e-33,c7,Spaca6,0.429,0.254826
6.67509777185264e-38,1.32786018402256,0.881,0.406,2.15138401186811e-33,c7,Mxra7,0.475,0.418475
7.48200247304218e-38,2.44199497660288,0.266,0.041,2.4114493970615e-33,c7,Kifc1,0.225,0.05985
8.02246820307264e-38,1.44058485529382,0.706,0.221,2.58564150185031e-33,c7,Srgap2,0.485,0.34241
8.15366171459821e-38,1.32394783438686,0.867,0.399,2.627925170615e-33,c7,Morf4l2,0.468,0.405756
8.18329949759919e-38,1.34884192759437,0.853,0.354,2.63747742807622e-33,c7,Mpc1,0.499,0.425647
9.43535212083448e-38,1.30545763711883,0.755,0.239,3.04101398854495e-33,c7,Yars,0.516,0.38958
9.94640114092731e-38,1.22357380990953,0.881,0.316,3.20572508772087e-33,c7,Rcn2,0.565,0.497765
9.98807564340973e-38,2.27273111144176,0.476,0.121,3.21915677987096e-33,c7,Tenm3,0.355,0.16898
1.02760530371427e-37,2.0200378255983,0.329,0.06,3.31197189387109e-33,c7,Cyp7b1,0.269,0.088501
1.1311456374188e-37,1.36803329168845,0.755,0.248,3.64568238940078e-33,c7,Tbc1d22b,0.507,0.382785
1.30251906243192e-37,1.35221341619982,0.79,0.269,4.19801893821809e-33,c7,Reep5,0.521,0.41159
1.40526149899176e-37,1.22823013556585,0.923,0.43,4.52915781125046e-33,c7,Cdc42bpa,0.493,0.455039
1.76034356886396e-37,1.12691450619074,1,0.516,5.67358732244853e-33,c7,Slc12a5,0.484,0.484
1.8424188855656e-37,1.16868211529757,0.965,0.542,5.93811606817794e-33,c7,Calm3,0.423,0.408195
1.92350953021262e-37,1.84350330002288,0.462,0.111,6.19947121587528e-33,c7,Nsdhl,0.351,0.162162
2.12685797268763e-37,1.57964758596861,0.552,0.148,6.85486324597224e-33,c7,Alg9,0.404,0.223008
2.34736338311057e-37,2.33073913233862,0.273,0.044,7.56555218376536e-33,c7,Pard6g,0.229,0.062517
2.43719485746434e-37,1.67183201217788,0.552,0.152,7.85507902560755e-33,c7,Kctd13,0.4,0.2208
2.49995924879606e-37,1.98214649969714,0.378,0.078,8.0573686588697e-33,c7,Zfp275,0.3,0.1134
2.522796006909e-37,1.62280926530053,0.469,0.109,8.13097153026771e-33,c7,Pik3ip1,0.36,0.16884
2.53422427587093e-37,1.70918907508349,0.524,0.137,8.16780484113202e-33,c7,Klf7,0.387,0.202788
2.73599094210335e-37,1.42601863187689,0.734,0.238,8.81809880639909e-33,c7,Pacs1,0.496,0.364064
3.20826553518599e-37,1.47633171864218,0.734,0.251,1.03402398199045e-32,c7,Cmas,0.483,0.354522
3.26355431515769e-37,1.29863693011829,0.881,0.36,1.05184355577532e-32,c7,Evi5l,0.521,0.459001
3.32906777386884e-37,1.43444326717895,0.741,0.253,1.07295854351793e-32,c7,Creld1,0.488,0.361608
3.45669545543586e-37,2.33321272605478,0.301,0.053,1.11409294528698e-32,c7,Prex2,0.248,0.074648
3.51934785562885e-37,1.3529899887019,0.853,0.371,1.13428581386918e-32,c7,Spin1,0.482,0.411146
3.5700696745494e-37,1.84669481518466,0.364,0.072,1.15063345610727e-32,c7,Zfp286,0.292,0.106288
4.10626400461657e-37,1.29378377561859,0.895,0.344,1.32344888868792e-32,c7,Mast1,0.551,0.493145
4.21967253061982e-37,1.35230870333315,0.748,0.245,1.36000045661877e-32,c7,Mapkbp1,0.503,0.376244
4.41317819692255e-37,1.36263602063166,0.755,0.254,1.42236733286814e-32,c7,Cc2d1a,0.501,0.378255
4.85555118912202e-37,1.19778524043834,0.909,0.464,1.56494414825403e-32,c7,Klhdc2,0.445,0.404505
5.83718763956195e-37,1.27777387441498,0.895,0.363,1.88132557623082e-32,c7,Dvl1,0.532,0.47614
6.96366604388844e-37,1.64105250175231,0.531,0.139,2.24438956594524e-32,c7,Mccc2,0.392,0.208152
7.78528574812133e-37,1.97495646046903,0.287,0.048,2.5091975966195e-32,c7,Col11a1,0.239,0.068593
8.74061351343179e-37,1.16299602476832,0.951,0.478,2.81709973537907e-32,c7,Tmx2,0.473,0.449823
8.77094159337683e-37,1.82893962705344,0.469,0.115,2.82687447554535e-32,c7,Fam214b,0.354,0.166026
9.35557439346581e-37,1.38576286009929,0.629,0.179,3.01530162701403e-32,c7,Clcn6,0.45,0.28305
9.44964628858987e-37,1.29334987681777,0.79,0.268,3.04562099881251e-32,c7,Zdhhc20,0.522,0.41238
9.6196693085537e-37,1.34587340309193,0.881,0.381,3.10041941814686e-32,c7,Syne1,0.5,0.4405
1.27235505135366e-36,1.34251442678655,0.839,0.319,4.10080033051285e-32,c7,Dock7,0.52,0.43628
1.34894762586909e-36,1.40028001065015,0.734,0.244,4.34765819817607e-32,c7,Myo9a,0.49,0.35966
1.57529457486619e-36,1.75030096817476,0.566,0.165,5.07717441479373e-32,c7,Acsl4,0.401,0.226966
1.69620624179787e-36,1.31196347577282,0.846,0.333,5.46687271731452e-32,c7,Tulp4,0.513,0.433998
1.78025782560077e-36,1.17731918178756,0.951,0.41,5.73777097191128e-32,c7,Emc10,0.541,0.514491
1.81377325806482e-36,1.20444848166872,0.944,0.425,5.84579121074293e-32,c7,Ylpm1,0.519,0.489936
1.94821808294952e-36,2.10979873705682,0.308,0.055,6.27910688134629e-32,c7,Gpt2,0.253,0.077924
2.21688488835714e-36,1.72469201129448,0.769,0.395,7.14501999517505e-32,c7,Slc6a9,0.374,0.287606
2.22692219095104e-36,1.58736887958612,0.545,0.149,7.1773702214352e-32,c7,Pfas,0.396,0.21582
2.2286620365074e-36,1.79439510425903,0.469,0.116,7.18297774366335e-32,c7,Klhl5,0.353,0.165557
2.38280547668839e-36,1.79505851141526,0.357,0.07,7.67978205136667e-32,c7,Rtl8a,0.287,0.102459
2.73483768901578e-36,1.49978123101232,0.587,0.166,8.81438187169786e-32,c7,Pnpo,0.421,0.247127
2.8066592271725e-36,1.17072987270771,0.916,0.494,9.04586268917696e-32,c7,Rab6a,0.422,0.386552
2.88671721348849e-36,1.27970760573617,0.846,0.319,9.30388957907339e-32,c7,Vps45,0.527,0.445842
3.19924709315085e-36,1.1779355170549,0.923,0.461,1.03111733812252e-31,c7,Copg1,0.462,0.426426
3.23047737555809e-36,1.38979159765894,0.783,0.304,1.04118285814237e-31,c7,Dvl3,0.479,0.375057
3.32111850118192e-36,1.32470601884549,0.839,0.333,1.07039649293093e-31,c7,Map7d1,0.506,0.424534
3.41883928124075e-36,1.30038776938802,0.839,0.305,1.1018919003439e-31,c7,Guf1,0.534,0.448026
3.78600120955066e-36,1.60761232217098,0.49,0.12,1.22022818983818e-31,c7,Slain1,0.37,0.1813
4.12870744585978e-36,1.20278954068515,0.902,0.446,1.33068240980061e-31,c7,Ywhab,0.456,0.411312
4.36697357291454e-36,1.92277580263659,0.378,0.079,1.40747558255036e-31,c7,Ypel1,0.299,0.113022
4.64391702190108e-36,1.21894096003551,0.895,0.377,1.49673445615872e-31,c7,Fam49b,0.518,0.46361
5.10330078042802e-36,1.37251995408273,0.706,0.224,1.64479384153195e-31,c7,Spire1,0.482,0.340292
5.10723602946882e-36,2.04091733019614,0.343,0.067,1.6460621722978e-31,c7,Rnf180,0.276,0.094668
6.43807782739367e-36,1.46344568793189,0.678,0.218,2.07499248376898e-31,c7,Atxn7l1,0.46,0.31188
6.87959840579578e-36,1.38331247508075,0.636,0.184,2.21729456618798e-31,c7,Fam89b,0.452,0.287472
7.09858178857806e-36,1.63309663326653,0.622,0.202,2.28787291045871e-31,c7,Ube2e1,0.42,0.26124
7.57210444914578e-36,1.23549585626579,0.902,0.397,2.44048926395968e-31,c7,Dlgap4,0.505,0.45551
8.62566883021336e-36,1.24193894319339,0.909,0.44,2.78005306397777e-31,c7,Ube2e3,0.469,0.426321
9.17430547219678e-36,1.28868557197766,0.811,0.288,2.95687865368902e-31,c7,Ppp1r13b,0.523,0.424153
9.62081231419407e-36,2.40137945821273,0.434,0.113,3.10078780886475e-31,c7,Cacna2d1,0.321,0.139314
9.93306383071154e-36,1.53396463619899,0.727,0.273,3.20142647263833e-31,c7,Fdft1,0.454,0.330058
1.14524251160258e-35,1.21714678685095,0.909,0.428,3.6911166148951e-31,c7,Rap1gds1,0.481,0.437229
1.20098907914171e-35,1.39359027561828,0.671,0.207,3.87078780207374e-31,c7,Ss18l1,0.464,0.311344
1.32113935604569e-35,1.72722100617949,0.49,0.127,4.25803214453525e-31,c7,Cdkn2d,0.363,0.17787
1.35069352167136e-35,1.84227627761545,0.441,0.106,4.3532852203468e-31,c7,Tenm4,0.335,0.147735
1.35329746579813e-35,1.24471320006139,0.825,0.278,4.36167773226737e-31,c7,Ap3b2,0.547,0.451275
1.35565495497827e-35,1.41748518208648,0.678,0.217,4.36927591989498e-31,c7,Nkiras1,0.461,0.312558
1.39731615601481e-35,1.64399295086102,0.524,0.14,4.50354997083574e-31,c7,Agk,0.384,0.201216
1.43134352828035e-35,1.235929810552,0.881,0.357,4.61322019164757e-31,c7,Arl6ip5,0.524,0.461644
1.44247217598011e-35,1.72948884363014,0.503,0.133,4.64908782318389e-31,c7,Steap2,0.37,0.18611
1.45173598950115e-35,1.37341225814001,0.615,0.179,4.67894509416222e-31,c7,Gpc1,0.436,0.26814
1.52944391737798e-35,0.877036137063553,1,0.659,4.92939774570923e-31,c7,Pnisr,0.341,0.341
1.62875601953546e-35,1.36420994272889,0.797,0.297,5.24948065096278e-31,c7,Gphn,0.5,0.3985
1.70086454980308e-35,1.89961075561564,0.343,0.067,5.48188644401532e-31,c7,Lig1,0.276,0.094668
1.71647536299231e-35,1.40172132126532,0.643,0.194,5.53220009492421e-31,c7,Fbxo45,0.449,0.288707
1.82385589003923e-35,1.3256248671287,0.483,0.115,5.87828753359645e-31,c7,Lmna,0.368,0.177744
1.97659439797636e-35,2.99839580497582,0.266,0.046,6.37056374467782e-31,c7,Hpgd,0.22,0.05852
1.99184528038027e-35,1.52102540409028,0.587,0.171,6.41971733866561e-31,c7,Hccs,0.416,0.244192
2.43878958924447e-35,1.03573480369612,0.755,0.243,7.86021884613494e-31,c7,Rhob,0.512,0.38656
2.5416616521046e-35,1.36130661366067,0.699,0.225,8.19177550473312e-31,c7,Hspa13,0.474,0.331326
2.59040716963026e-35,1.67134919222633,0.51,0.136,8.34888230771831e-31,c7,Prkra,0.374,0.19074
2.71156714597636e-35,1.26429787117351,0.874,0.341,8.73938091148181e-31,c7,Nop56,0.533,0.465842
2.73066693255297e-35,1.45535770242242,0.594,0.171,8.80093952361822e-31,c7,Ppp1r21,0.423,0.251262
2.79323872420052e-35,1.14299186155483,0.951,0.463,9.00260840809827e-31,c7,Ehmt2,0.488,0.464088
2.90487550821765e-35,1.80131558854946,0.35,0.069,9.3624137629855e-31,c7,Wdr12,0.281,0.09835
2.92266535803759e-35,1.38111789792255,0.65,0.196,9.41975044895517e-31,c7,N4bp2l1,0.454,0.2951
3.0262663897406e-35,1.48114220080163,0.51,0.13,9.75365657413397e-31,c7,Zfp658,0.38,0.1938
3.04734210092386e-35,1.36566679279257,0.699,0.226,9.82158359127761e-31,c7,Slc39a3,0.473,0.330627
3.41158852012412e-35,1.29575889346034,0.86,0.343,1.099554980036e-30,c7,Colgalt1,0.517,0.44462
3.52766425473345e-35,1.55207076709013,0.601,0.179,1.13696618930059e-30,c7,Dach1,0.422,0.253622
3.56712824225023e-35,2.02822866254166,0.406,0.093,1.14968543247725e-30,c7,Amigo2,0.313,0.127078
3.95845002829764e-35,1.37029115565779,0.727,0.248,1.27580844412033e-30,c7,Bcr,0.479,0.348233
4.44504876813122e-35,1.01647519705112,0.958,0.561,1.43263921796869e-30,c7,Atxn2l,0.397,0.380326
4.60892364880801e-35,1.34635202552906,0.783,0.293,1.48545609201082e-30,c7,Usp14,0.49,0.38367
5.21961853298172e-35,1.43530440355493,0.748,0.267,1.68228305318001e-30,c7,Rgmb,0.481,0.359788
5.24639233476112e-35,1.21522707804768,0.867,0.323,1.69091224949351e-30,c7,Nipal3,0.544,0.471648
5.32562742093574e-35,1.35662260608093,0.776,0.282,1.71644971776759e-30,c7,Erg28,0.494,0.383344
5.4776990350494e-35,1.13550098287462,0.951,0.473,1.76546239899642e-30,c7,Itsn1,0.478,0.454578
6.38334040733575e-35,1.1946599820172,0.909,0.401,2.05735061328431e-30,c7,Impad1,0.508,0.461772
7.42324825926095e-35,1.1516643442192,0.93,0.469,2.39251291395981e-30,c7,Itfg1,0.461,0.42873
7.43752141568216e-35,1.16911342855485,0.881,0.341,2.39711315227436e-30,c7,Fads2,0.54,0.47574
7.71357285851046e-35,1.75901431150762,0.434,0.103,2.48608453229792e-30,c7,Pard6a,0.331,0.143654
9.36940100089622e-35,1.42604248878804,0.685,0.228,3.01975794258885e-30,c7,Pex5,0.457,0.313045
9.77379685582568e-35,1.26063189255184,0.79,0.272,3.15009472663262e-30,c7,Stox2,0.518,0.40922
1.02571745992043e-34,2.35476449656183,0.336,0.068,3.30588737332355e-30,c7,Sema6a,0.268,0.090048
1.06425266275193e-34,1.33230354649905,0.755,0.261,3.43008633204947e-30,c7,Ttbk2,0.494,0.37297
1.10002189580201e-34,1.37203615801869,0.692,0.225,3.54537057016987e-30,c7,Acd,0.467,0.323164
1.11587593514567e-34,1.24457482176331,0.846,0.335,3.5964681389745e-30,c7,Ldhb,0.511,0.432306
1.32087862975137e-34,1.45819899634724,0.587,0.17,4.25719182368868e-30,c7,Flnb,0.417,0.244779
1.38249209735858e-34,1.78192572952401,0.399,0.089,4.4557720297867e-30,c7,Prmt3,0.31,0.12369
1.51717223809109e-34,1.63614704854603,0.552,0.16,4.88984612336758e-30,c7,Ankrd50,0.392,0.216384
1.57286872888684e-34,2.03928090301523,0.392,0.089,5.06935591320227e-30,c7,Igsf21,0.303,0.118776
1.69322318654178e-34,1.97775344690251,0.308,0.057,5.45725833022415e-30,c7,Zfp141,0.251,0.077308
1.7668268445865e-34,2.18860025168194,0.259,0.042,5.6944829201023e-30,c7,Il17d,0.217,0.056203
1.8567871723384e-34,2.60072536529265,0.273,0.048,5.98442505644666e-30,c7,Socs2,0.225,0.061425
1.90036685382415e-34,1.33436499686803,0.706,0.23,6.12488236987524e-30,c7,Zfp157,0.476,0.336056
1.9755914895379e-34,1.05363947527699,0.497,0.12,6.36733137078066e-30,c7,Fam13a,0.377,0.187369
2.41471619609999e-34,1.60457854763342,0.476,0.119,7.78263030003025e-30,c7,Zfp354c,0.357,0.169932
2.5318571718098e-34,2.65399978839453,0.329,0.068,8.16017566474297e-30,c7,Pcdh7,0.261,0.085869
2.54586080846775e-34,1.34744809485243,0.762,0.269,8.20530938569157e-30,c7,Snapc1,0.493,0.375666
2.69196498830139e-34,2.05114218235044,0.294,0.053,8.67620315729537e-30,c7,Hist1h3a,0.241,0.070854
2.94009246278273e-34,1.48161941257809,0.657,0.214,9.47591800754874e-30,c7,Zc2hc1a,0.443,0.291051
3.00121528821513e-34,1.48098523383439,0.552,0.153,9.67291687391735e-30,c7,Tmem8b,0.399,0.220248
3.13527055875115e-34,1.3551772894777,0.762,0.28,1.0104977010855e-29,c7,Ptpa,0.482,0.367284
3.41970246140626e-34,1.36980684372895,0.657,0.205,1.10217010331124e-29,c7,Rab35,0.452,0.296964
3.68803448200562e-34,1.35841335196524,0.678,0.218,1.18865351355041e-29,c7,Stard3nl,0.46,0.31188
3.87157948039894e-34,1.16215426735005,0.832,0.288,1.24781006653258e-29,c7,Ski,0.544,0.452608
4.1112959348969e-34,1.26654935547534,0.853,0.352,1.32507067981727e-29,c7,Slc25a36,0.501,0.427353
4.574062692315e-34,1.04116287668915,0.965,0.535,1.47422040573312e-29,c7,Map4,0.43,0.41495
4.6084455435606e-34,1.24832433435553,0.825,0.288,1.48530199868958e-29,c7,Celsr3,0.537,0.443025
5.06495263705877e-34,1.02750068945538,0.965,0.542,1.63243423492404e-29,c7,Atp6v0d1,0.423,0.408195
5.0885746501398e-34,1.12877206721616,0.657,0.187,1.64004760974006e-29,c7,Sri,0.47,0.30879
5.6373064236144e-34,2.21094304798453,0.273,0.047,1.81690386033092e-29,c7,Capn5,0.226,0.061698
5.68136256683678e-34,1.33566134206606,0.818,0.368,1.83110315529149e-29,c7,Vdac1,0.45,0.3681
6.15972606982043e-34,0.940519677571086,0.748,0.231,1.98527971230313e-29,c7,Fuca2,0.517,0.386716
6.33736307185308e-34,1.50024045800285,0.566,0.163,2.04253211805825e-29,c7,Usp45,0.403,0.228098
6.52506135616175e-34,2.16813267291932,0.266,0.045,2.10302727509093e-29,c7,Nav3,0.221,0.058786
6.67426846553075e-34,1.37073482813058,0.671,0.213,2.15111672644056e-29,c7,Trim28,0.458,0.307318
6.77573459928088e-34,1.6168525461229,0.441,0.107,2.18381926134823e-29,c7,Frem1,0.334,0.147294
7.20341965067211e-34,1.70318601360183,0.455,0.114,2.32166215341162e-29,c7,Nectin2,0.341,0.155155
7.56936242669758e-34,1.3073452181706,0.566,0.155,2.43960551012463e-29,c7,Cdk17,0.411,0.232626
7.85145499194454e-34,1.7411625069631,0.406,0.093,2.53052394390372e-29,c7,Dop1b,0.313,0.127078
8.14595525916657e-34,1.04679616061062,0.979,0.556,2.62544138002939e-29,c7,Cux1,0.423,0.414117
8.46617468496997e-34,1.44419393107598,0.51,0.135,2.72864810096582e-29,c7,Stat5b,0.375,0.19125
8.83604697187446e-34,1.5024721158134,0.42,0.096,2.84785793903514e-29,c7,Gdf11,0.324,0.13608
9.07154305704024e-34,1.57180584519348,0.49,0.127,2.92375832728407e-29,c7,Dhrs13,0.363,0.17787
9.82285795336077e-34,1.35609679216777,0.678,0.219,3.16590711836818e-29,c7,Hacd1,0.459,0.311202
9.87304702097794e-34,1.24671461830936,0.86,0.488,3.18208305486119e-29,c7,Calm2,0.372,0.31992
1.04643933330219e-33,1.71595513884414,0.392,0.088,3.37267397123296e-29,c7,Mettl15,0.304,0.119168
1.06736318645786e-33,2.21645417587918,0.287,0.052,3.44011154995368e-29,c7,Tbc1d31,0.235,0.067445
1.07430472218117e-33,1.24363520943231,0.853,0.358,3.46248411958992e-29,c7,Dgcr2,0.495,0.422235
1.11638460929177e-33,1.24026828890037,0.776,0.277,3.59810759574738e-29,c7,Grk2,0.499,0.387224
1.18255882717801e-33,1.27619637306041,0.825,0.334,3.81138709999474e-29,c7,Usp5,0.491,0.405075
1.24561388133245e-33,2.15886497132233,0.378,0.086,4.01461353953447e-29,c7,Zdbf2,0.292,0.110376
1.26505120542077e-33,1.18915170076541,0.895,0.402,4.07726003507115e-29,c7,Csnk1g3,0.493,0.441235
1.30186001768976e-33,1.20130324063698,0.888,0.378,4.1958948370141e-29,c7,Mvb12b,0.51,0.45288
1.48202177047846e-33,2.16082732050832,0.35,0.075,4.77655616625207e-29,c7,Rasa4,0.275,0.09625
1.50860169460828e-33,1.21747187461825,0.832,0.312,4.8622232617225e-29,c7,Ank,0.52,0.43264
1.55347716034172e-33,1.59367027180718,0.476,0.123,5.00685688778136e-29,c7,Zfp46,0.353,0.168028
1.55684604807734e-33,1.22109940180581,0.846,0.324,5.01771481295327e-29,c7,Sbf2,0.522,0.441612
1.57119119397851e-33,1.32619628533694,0.755,0.271,5.06394921819274e-29,c7,Chka,0.484,0.36542
1.57470726218472e-33,1.61049110941356,0.531,0.151,5.07528150602136e-29,c7,Polr2h,0.38,0.20178
1.58729154780165e-33,1.98809125741557,0.322,0.063,5.11584065856472e-29,c7,Eef2k,0.259,0.083398
1.6497215399e-33,1.91471508241527,0.378,0.084,5.3170525230977e-29,c7,Zmat3,0.294,0.111132
1.68629184784729e-33,1.91236297431213,0.294,0.053,5.4349186256118e-29,c7,Rgs6,0.241,0.070854
1.73465878885766e-33,1.11501804195172,0.783,0.257,5.59080527648823e-29,c7,Neo1,0.526,0.411858
1.91521908277608e-33,1.18999990804771,0.825,0.315,6.17275110378729e-29,c7,Ppdpf,0.51,0.42075
2.09358539530673e-33,1.54405396473678,0.455,0.112,6.74762572907361e-29,c7,Ppp1r3f,0.343,0.156065
2.16748343537256e-33,1.28004566972931,0.797,0.297,6.98579911220574e-29,c7,Acvr1b,0.5,0.3985
2.2355363657844e-33,1.23646081238872,0.797,0.298,7.20513370692311e-29,c7,Tmem256,0.499,0.397703
2.36998940257599e-33,1.78594697657178,0.371,0.08,7.63847584450241e-29,c7,Ptk7,0.291,0.107961
2.42306753725514e-33,0.968598103386641,0.979,0.641,7.80954667257333e-29,c7,Pfkp,0.338,0.330902
2.50765964010854e-33,1.19848612296742,0.846,0.318,8.08218702006983e-29,c7,Nvl,0.528,0.446688
2.65083756168512e-33,1.67208397231566,0.441,0.107,8.54364946131115e-29,c7,Mboat2,0.334,0.147294
2.68175659956974e-33,1.41032906069749,0.601,0.181,8.64330152041328e-29,c7,Fmc1,0.42,0.25242
3.45599165764799e-33,1.13569070771797,0.944,0.543,1.11386611125995e-28,c7,Hmgcr,0.401,0.378544
3.53236280694952e-33,1.13818378479622,0.916,0.377,1.13848053267983e-28,c7,Tsc2,0.539,0.493724
3.54581788200077e-33,1.20272773614912,0.888,0.386,1.14281710336885e-28,c7,Zranb2,0.502,0.445776
3.88744673044909e-33,0.962463188017242,0.958,0.624,1.25292408122374e-28,c7,Dynll2,0.334,0.319972
4.01529531127174e-33,0.862915537641827,0.986,0.633,1.29412967882288e-28,c7,Dnm1,0.353,0.348058
4.14552362679469e-33,2.08743531866347,0.308,0.06,1.33610226491593e-28,c7,Mcph1,0.248,0.076384
4.23545026126317e-33,1.27352492262681,0.839,0.349,1.36508561920512e-28,c7,Cetn3,0.49,0.41111
4.27325035602649e-33,1.27303538025324,0.818,0.32,1.37726858974734e-28,c7,Ttc4,0.498,0.407364
4.42886251865534e-33,1.51724613349183,0.531,0.15,1.42742238976261e-28,c7,Dohh,0.381,0.202311
4.44873470668804e-33,2.26518924149222,0.259,0.044,1.43382719596555e-28,c7,Zfp772,0.215,0.055685
4.61600123315023e-33,1.37389076329117,0.629,0.195,1.48773719744432e-28,c7,Pitrm1,0.434,0.272986
4.65195350365908e-33,1.29449966263115,0.643,0.197,1.49932461422932e-28,c7,Ttc13,0.446,0.286778
4.68704642643891e-33,1.48531405828658,0.545,0.156,1.51063506324126e-28,c7,Ogfod1,0.389,0.212005
4.92706609733723e-33,1.50541917046936,0.503,0.134,1.58799340317179e-28,c7,Ercc4,0.369,0.185607
5.1078799731921e-33,1.2574847286575,0.832,0.361,1.64626971535982e-28,c7,Arl8a,0.471,0.391872
5.22936974040814e-33,1.30050136028512,0.671,0.214,1.68542586733354e-28,c7,Slbp,0.457,0.306647
5.5493287706377e-33,1.19021370781589,0.783,0.281,1.78854866277653e-28,c7,Tpm1,0.502,0.393066
5.56620276983461e-33,2.45274277204293,0.252,0.042,1.79398715271769e-28,c7,Dgkb,0.21,0.05292
5.93553520854278e-33,1.68053069609215,0.385,0.086,1.91302299771334e-28,c7,Foxred2,0.299,0.115115
5.98037287255686e-33,1.21563009050317,0.839,0.314,1.92747417682508e-28,c7,Cpeb3,0.525,0.440475
6.15920830540259e-33,1.26818414723374,0.755,0.261,1.98511283683126e-28,c7,Krba1,0.494,0.37297
6.56200710662222e-33,1.22351612517425,0.573,0.162,2.11493489046434e-28,c7,Slc5a6,0.411,0.235503
8.08861969964955e-33,1.26538260203027,0.741,0.259,2.60696212919705e-28,c7,Clpb,0.482,0.357162
8.25485983539676e-33,1.13748665925228,0.818,0.281,2.66054132494837e-28,c7,Slc9a7,0.537,0.439266
8.35857344491794e-33,1.61933080264121,0.434,0.106,2.69396822129705e-28,c7,Rnd3,0.328,0.142352
8.83242672381465e-33,1.40999353438945,0.58,0.17,2.84669113308546e-28,c7,Phkg2,0.41,0.2378
8.84129469834437e-33,0.939131499840953,0.776,0.236,2.84954928127639e-28,c7,Ltbp3,0.54,0.41904
9.35049678543917e-33,1.96401410576503,0.301,0.057,3.01366511394705e-28,c7,Lrrc20,0.244,0.073444
9.54254835986578e-33,1.45945433181028,0.497,0.131,3.07556333638474e-28,c7,Zfp2,0.366,0.181902
9.67173178782336e-33,1.43219028418995,0.517,0.139,3.11719915521547e-28,c7,Eif4e3,0.378,0.195426
1.02155951126221e-32,1.5996277482618,0.462,0.117,3.29248630479812e-28,c7,Gk,0.345,0.15939
1.05144857810173e-32,1.46835048172004,0.58,0.172,3.38881876722188e-28,c7,Sos1,0.408,0.23664
1.09904445358325e-32,1.47676266904316,0.441,0.108,3.5422202738988e-28,c7,Cdr2l,0.333,0.146853
1.20111928841593e-32,2.09194126624647,0.308,0.061,3.87120746656455e-28,c7,Fam20c,0.247,0.076076
1.22782824351279e-32,1.34282042109379,0.818,0.347,3.95729042884173e-28,c7,Oxr1,0.471,0.385278
1.27790928187797e-32,1.72406702632879,0.378,0.084,4.1187016154927e-28,c7,Crat,0.294,0.111132
1.3027891897462e-32,1.38856898184656,0.594,0.18,4.19888955855199e-28,c7,Bag4,0.414,0.245916
1.30866157563716e-32,1.62203490580744,0.483,0.129,4.21781625827857e-28,c7,Zfp956,0.354,0.170982
1.61288747020817e-32,1.22058837276936,0.72,0.236,5.19833631648093e-28,c7,Lmtk2,0.484,0.34848
1.75280184175025e-32,1.34271234355144,0.734,0.267,5.64928033596105e-28,c7,Phf21a,0.467,0.342778
1.822751600383e-32,2.02480515083257,0.371,0.085,5.87472840803442e-28,c7,Apex1,0.286,0.106106
1.83001188085675e-32,1.83211789910064,0.399,0.095,5.8981282920013e-28,c7,Ldlrad3,0.304,0.121296
1.86186813026821e-32,1.40940387296871,0.594,0.178,6.00080098385445e-28,c7,Tmed8,0.416,0.247104
1.89490734007545e-32,2.0516735617292,0.315,0.063,6.10728635706319e-28,c7,Bcorl1,0.252,0.07938
2.02277009835915e-32,1.8058151610437,0.427,0.107,6.51938802701153e-28,c7,Casp3,0.32,0.13664
2.26753073673867e-32,1.34107833036565,0.678,0.228,7.30825156450874e-28,c7,Lancl2,0.45,0.3051
2.33529785142038e-32,1.18260295087066,0.846,0.319,7.52666497512787e-28,c7,Tbce,0.527,0.445842
2.44068859748007e-32,1.27844250566146,0.839,0.335,7.86633934967827e-28,c7,Homer1,0.504,0.422856
2.4492696388306e-32,1.73920446563001,0.427,0.106,7.89399604595103e-28,c7,Kdm2b,0.321,0.137067
2.5101147185643e-32,2.02559511089537,0.301,0.058,8.09009973793275e-28,c7,Gjc1,0.243,0.073143
2.57902648293611e-32,1.2392783989536,0.608,0.176,8.31220235450307e-28,c7,Il18bp,0.432,0.262656
2.6303150613852e-32,0.864188827907448,0.986,0.658,8.4775054428445e-28,c7,Atp6v0a1,0.328,0.323408
2.64986530365218e-32,1.08356884443087,0.944,0.488,8.54051587367099e-28,c7,Ubtf,0.456,0.430464
2.65642192391952e-32,1.2314872589444,0.748,0.263,8.56164786079262e-28,c7,Ipo4,0.485,0.36278
2.67213722524967e-32,2.12861078545882,0.273,0.049,8.61229827697967e-28,c7,Zfp667,0.224,0.061152
2.85171118948654e-32,1.12885868395703,0.944,0.445,9.19106516371513e-28,c7,Mfn1,0.499,0.471056
2.92622251417485e-32,1.13284164142492,0.93,0.376,9.43121516318553e-28,c7,Gigyf1,0.554,0.51522
2.94412105593242e-32,1.46845938376469,0.573,0.172,9.48890216327018e-28,c7,Zbtb14,0.401,0.229773
2.99161995729149e-32,1.2253769749585,0.769,0.275,9.64199112235047e-28,c7,Dexi,0.494,0.379886
3.59993790180067e-32,1.70729858885338,0.462,0.122,1.16025998575036e-27,c7,Adgrl2,0.34,0.15708
3.905151321525e-32,1.57339131037876,0.524,0.152,1.25863027092751e-27,c7,Prkag2,0.372,0.194928
4.21402449981421e-32,1.42055486773481,0.636,0.206,1.35818009629012e-27,c7,Rtn2,0.43,0.27348
4.29315980987937e-32,1.03811839215952,0.951,0.531,1.38368540672412e-27,c7,Clasp2,0.42,0.39942
4.54469928922483e-32,1.1618475435642,0.881,0.359,1.46475658091716e-27,c7,Ccny,0.522,0.459882
4.56626905555085e-32,1.35627807672205,0.706,0.251,1.47170851660404e-27,c7,Ubqln4,0.455,0.32123
4.73937945858395e-32,1.21641685177141,0.79,0.286,1.52750199950161e-27,c7,Rnf38,0.504,0.39816
4.74487445197541e-32,1.27927861051856,0.769,0.294,1.52927303587168e-27,c7,Prkce,0.475,0.365275
4.914017401552e-32,1.3168439893011,0.671,0.218,1.58378780852021e-27,c7,Smurf1,0.453,0.303963
5.00815225689219e-32,1.56316456131546,0.517,0.146,1.61412747239635e-27,c7,Akr1b3,0.371,0.191807
5.89771531017816e-32,1.09357250240287,0.951,0.456,1.90083364447042e-27,c7,Clcn4,0.495,0.470745
5.94925802448081e-32,1.8432164644086,0.357,0.079,1.91744586129017e-27,c7,Fam189b,0.278,0.099246
6.00608443922998e-32,1.74028657185221,0.371,0.083,1.93576101476382e-27,c7,St6galnac4,0.288,0.106848
6.11938598866369e-32,1.27188718698723,0.713,0.241,1.97227810414631e-27,c7,Osbpl6,0.472,0.336536
6.2032846731224e-32,1.19267405749705,0.79,0.283,1.99931865014735e-27,c7,Senp7,0.507,0.40053
6.34053132857462e-32,1.45139514894429,0.713,0.272,2.0435532471996e-27,c7,Usp24,0.441,0.314433
6.39517051622645e-32,1.13805449503153,0.874,0.343,2.06116345737978e-27,c7,Ptdss1,0.531,0.464094
6.66530133446746e-32,1.17729842027312,0.86,0.362,2.14822662009886e-27,c7,Cttn,0.498,0.42828
7.60380905813121e-32,1.28498038211832,0.727,0.26,2.45070765943569e-27,c7,Arpc1a,0.467,0.339509
7.87268135583627e-32,1.4185549058646,0.343,0.071,2.53736520098603e-27,c7,Limd2,0.272,0.093296
8.22993627861415e-32,1.50298323407913,0.601,0.193,2.65250846259734e-27,c7,Lrrc45,0.408,0.245208
8.34078398565171e-32,1.80680259345491,0.35,0.075,2.68823467857555e-27,c7,Dand5,0.275,0.09625
9.15234889644304e-32,1.22960729773602,0.636,0.197,2.94980204932359e-27,c7,Cfp,0.439,0.279204
1.0049453400209e-31,1.61638792114856,0.587,0.196,3.23893883088736e-27,c7,Pde4b,0.391,0.229517
1.05495695781186e-31,1.34978183306226,0.811,0.374,3.40012627502761e-27,c7,Eif1b,0.437,0.354407
1.13974223026269e-31,0.940000587307506,0.979,0.587,3.67338920813666e-27,c7,Atp6ap1,0.392,0.383768
1.16467883693854e-31,1.19702276118602,0.86,0.353,3.75375989145293e-27,c7,Ilf3,0.507,0.43602
1.17362556021386e-31,1.34154166611436,0.601,0.185,3.78259518056928e-27,c7,Dcun1d4,0.416,0.250016
1.20117502382803e-31,1.46640526785076,0.559,0.168,3.87138710179776e-27,c7,Nfxl1,0.391,0.218569
1.20449411284258e-31,1.50788042183235,0.51,0.143,3.88208452569163e-27,c7,Cep131,0.367,0.18717
1.3110889813314e-31,1.96252819490168,0.364,0.083,4.22563978683111e-27,c7,Gadd45g,0.281,0.102284
1.32896136336877e-31,2.17269435975618,0.28,0.052,4.28324247413754e-27,c7,L2hgdh,0.228,0.06384
1.40920115582028e-31,1.22632456025218,0.783,0.291,4.54185532520877e-27,c7,Rai1,0.492,0.385236
1.48176362349076e-31,1.25019932626377,0.727,0.257,4.77572415851071e-27,c7,Tbc1d10b,0.47,0.34169
1.90397233682868e-31,1.5300151929413,0.483,0.13,6.13650284159885e-27,c7,Tfdp2,0.353,0.170499
1.96324737896084e-31,1.45479274977068,0.448,0.112,6.32754630239078e-27,c7,Ccdc91,0.336,0.150528
2.03076607712071e-31,0.925171129145054,0.965,0.59,6.54515906656005e-27,c7,Ppp3cb,0.375,0.361875
2.17839363931042e-31,1.88854411796673,0.329,0.069,7.02096269949747e-27,c7,Rhno1,0.26,0.08554
2.20492018389217e-31,1.98070332439312,0.315,0.065,7.10645775268448e-27,c7,Hey1,0.25,0.07875
2.32203082783748e-31,1.46846463282231,0.531,0.155,7.48390535812019e-27,c7,Parp11,0.376,0.199656
2.37363927306085e-31,1.18735548346332,0.748,0.267,7.65023937707511e-27,c7,Slc38a10,0.481,0.359788
2.51707638125824e-31,1.20741374945732,0.804,0.308,8.11253717679532e-27,c7,Ogfr,0.496,0.398784
2.54990728802188e-31,1.68465151207616,0.364,0.082,8.21835118929453e-27,c7,Bach2,0.282,0.102648
2.72844976476937e-31,1.16421843620169,0.881,0.382,8.79379359185168e-27,c7,Eprs,0.499,0.439619
3.04640302302898e-31,1.37248531479322,0.559,0.165,9.81855694322239e-27,c7,Rab11fip5,0.394,0.220246
3.21516469541973e-31,1.42763273692013,0.545,0.159,1.03624758133378e-26,c7,Uba6,0.386,0.21037
3.25718371867522e-31,0.572093317853898,0.986,0.808,1.04979031252902e-26,c7,Ndfip1,0.178,0.175508
3.34065016840899e-31,1.99484619492204,0.287,0.055,1.07669154927822e-26,c7,Nhlrc1,0.232,0.066584
3.47064387990694e-31,0.960573094788785,0.965,0.576,1.11858852249401e-26,c7,Pura,0.389,0.375385
3.5297860931661e-31,1.16786417313887,0.825,0.333,1.13765005782743e-26,c7,Nomo1,0.492,0.4059
3.79288618082778e-31,1.07323389873395,0.951,0.467,1.22244721608079e-26,c7,Herc1,0.484,0.460284
3.85266726440598e-31,1.38723609638096,0.469,0.123,1.24171465931805e-26,c7,Slc39a14,0.346,0.162274
3.90761261012687e-31,1.27931919667556,0.587,0.175,1.25942354424389e-26,c7,Vamp7,0.412,0.241844
3.94649749325775e-31,1.68011474946155,0.287,0.054,1.27195614207697e-26,c7,Grik1,0.233,0.066871
4.11435075036342e-31,1.28495179414288,0.657,0.218,1.32605524684213e-26,c7,Dpp9,0.439,0.288423
4.19562723489646e-31,1.1463248420864,0.853,0.338,1.35225065780713e-26,c7,Ipo13,0.515,0.439295
4.26411393053669e-31,1.79343106429945,0.406,0.1,1.37432391981198e-26,c7,Rnf152,0.306,0.124236
4.37766570202683e-31,1.22333404009308,0.622,0.193,1.41092165576325e-26,c7,Ndufaf2,0.429,0.266838
4.3784171553175e-31,1.3775483211337,0.65,0.221,1.41116384915883e-26,c7,Hint1,0.429,0.27885
4.70115305252826e-31,1.2676764914644,0.72,0.254,1.51518162882986e-26,c7,Ccng2,0.466,0.33552
4.79907700873205e-31,1.06707540960986,0.93,0.482,1.54674251991434e-26,c7,Nbea,0.448,0.41664
4.82691890618367e-31,1.02792682425501,0.951,0.496,1.555715963463e-26,c7,Enpp5,0.455,0.432705
4.83822320214998e-31,0.845572494269487,0.972,0.688,1.55935933805294e-26,c7,Ckb,0.284,0.276048
5.10228989732258e-31,1.33019428498453,0.58,0.173,1.64446803390707e-26,c7,Ccdc92,0.407,0.23606
5.16815834050948e-31,1.30487874579281,0.622,0.198,1.6656974331462e-26,c7,Wdr11,0.424,0.263728
5.20286817962175e-31,1.34064874876786,0.51,0.141,1.67688441429209e-26,c7,Gstm5,0.369,0.18819
5.21994068946377e-31,1.27036445966022,0.713,0.255,1.68238688421417e-26,c7,Mapk3,0.458,0.326554
5.24876247996511e-31,1.69727226833159,0.343,0.073,1.69167614729275e-26,c7,Fam241b,0.27,0.09261
5.5635780260518e-31,1.26606877006095,0.678,0.226,1.79314119779649e-26,c7,Snapc4,0.452,0.306456
5.6891781808893e-31,1.33557381711469,0.671,0.229,1.83362212770062e-26,c7,Zfp821,0.442,0.296582
6.26729985532468e-31,1.21317493188374,0.706,0.238,2.01995074337114e-26,c7,Prmt1,0.468,0.330408
7.62380303307064e-31,1.12720032367712,0.902,0.397,2.45715171755867e-26,c7,Atrn,0.505,0.45551
7.74273931468869e-31,1.27875050112378,0.734,0.267,2.49548488112416e-26,c7,Ap3m2,0.467,0.342778
7.91514556917646e-31,1.74985413021109,0.35,0.077,2.55105141694557e-26,c7,Mgst3,0.273,0.09555
7.93804366745684e-31,1.6191405434048,0.469,0.129,2.55843147402134e-26,c7,Ywhaz,0.34,0.15946
8.32204911357767e-31,1.47945443082019,0.476,0.129,2.68219642930608e-26,c7,Zfp467,0.347,0.165172
8.50067039171262e-31,1.15585061526492,0.86,0.356,2.73976606724898e-26,c7,Rprd1a,0.504,0.43344
8.72357557924826e-31,1.42858026538349,0.573,0.178,2.81160840919172e-26,c7,Lmo4,0.395,0.226335
8.81596493174195e-31,1.77501449481843,0.336,0.072,2.84138549750043e-26,c7,Spred3,0.264,0.088704
9.11613542080695e-31,0.95824581992837,0.853,0.311,2.93813044612608e-26,c7,Vegfa,0.542,0.462326
9.14633415160815e-31,1.34404242749079,0.671,0.233,2.94786349706331e-26,c7,Arhgap1,0.438,0.293898
9.18453891495119e-31,0.811181449081291,0.986,0.664,2.96017689228877e-26,c7,Smarcc2,0.322,0.317492
9.35245594380615e-31,1.29380038694634,0.587,0.178,3.01429655068872e-26,c7,Sdr39u1,0.409,0.240083
9.93775357989998e-31,1.4446425129739,0.49,0.134,3.20293797880176e-26,c7,Ptpn9,0.356,0.17444
1.00731393996843e-30,1.08842680192147,0.895,0.481,3.24657282851826e-26,c7,Bzw1,0.414,0.37053
1.04147252259612e-30,1.73751898072074,0.273,0.05,3.35666594032728e-26,c7,Wnk4,0.223,0.060879
1.06047039561566e-30,1.55212409364195,0.49,0.137,3.41789608506928e-26,c7,Prdm11,0.353,0.17297
1.07476411162264e-30,0.920335219156593,1,0.586,3.46396473175976e-26,c7,Syp,0.414,0.414
1.09422076401739e-30,1.42499068788201,0.538,0.157,3.52667352242806e-26,c7,Sigmar1,0.381,0.204978
1.13115217773699e-30,1.15878558289964,0.86,0.364,3.6457034688463e-26,c7,Atg13,0.496,0.42656
1.13809474444647e-30,1.17746948924714,0.713,0.242,3.66807936135097e-26,c7,Acad9,0.471,0.335823
1.1492970179862e-30,1.2907219438712,0.699,0.247,3.70418428896952e-26,c7,Hikeshi,0.452,0.315948
1.2138425307665e-30,1.19426490762087,0.839,0.364,3.91221447666044e-26,c7,Ube2m,0.475,0.398525
1.24551122916785e-30,1.16741126265798,0.874,0.425,4.01428269160797e-26,c7,Chd4,0.449,0.392426
1.26597051757003e-30,1.12935423700805,0.692,0.22,4.08022297812822e-26,c7,Syt14,0.472,0.326624
1.28927510520723e-30,1.36100496829006,0.587,0.183,4.15533366408291e-26,c7,Spout1,0.404,0.237148
1.4137434553103e-30,1.49655465070043,0.322,0.065,4.55649515646511e-26,c7,Tox,0.257,0.082754
1.41947227047237e-30,1.20453822381735,0.741,0.265,4.57495912773246e-26,c7,Fbf1,0.476,0.352716
1.52834899104917e-30,0.95375306652061,0.972,0.554,4.92586879815147e-26,c7,Glg1,0.418,0.406296
1.55246973947347e-30,1.22406750131894,0.692,0.235,5.003609970323e-26,c7,Rtca,0.457,0.316244
1.57087929746928e-30,1.28673851943686,0.678,0.233,5.0629439757435e-26,c7,Tmem68,0.445,0.30171
1.61515360921822e-30,1.28783026197798,0.643,0.21,5.20564008251033e-26,c7,Ipo11,0.433,0.278419
1.61660096903669e-30,1.01560121681686,0.958,0.513,5.21030492320526e-26,c7,Atp6v0e2,0.445,0.42631
1.66326552372056e-30,1.23374327308128,0.727,0.256,5.36070478295136e-26,c7,Zfp932,0.471,0.342417
1.66495269958156e-30,1.32293689540889,0.587,0.179,5.36614255075136e-26,c7,Atad3a,0.408,0.239496
1.80166708470071e-30,1.55716189194815,0.434,0.111,5.8067730139904e-26,c7,Gcfc2,0.323,0.140182
1.80897896605967e-30,1.10370987775507,0.923,0.431,5.83033920761031e-26,c7,Kif21a,0.492,0.454116
1.8211328185768e-30,1.14567257879591,0.762,0.269,5.86951107427303e-26,c7,Kctd3,0.493,0.375666
2.08820122272978e-30,1.15148616296515,0.853,0.354,6.73027254085808e-26,c7,Tmx3,0.499,0.425647
2.09785228342868e-30,1.24655683860601,0.559,0.161,6.76137790949063e-26,c7,Mfsd6,0.398,0.222482
2.20466082008064e-30,1.24292854605538,0.72,0.253,7.1056218231199e-26,c7,Aacs,0.467,0.33624
2.20785109766091e-30,1.20606289974502,0.65,0.21,7.11590408776111e-26,c7,Scamp3,0.44,0.286
2.21255139046775e-30,1.15095648619665,0.825,0.314,7.13105313147756e-26,c7,Spast,0.511,0.421575
2.29726349303337e-30,1.11119680356775,0.902,0.41,7.40408023804654e-26,c7,Nckap1,0.492,0.443784
2.38708993131485e-30,1.38751600087078,0.65,0.226,7.69359084862775e-26,c7,Josd1,0.424,0.2756
2.70230883658582e-30,1.4119733014829,0.462,0.121,8.70954138031611e-26,c7,Xndc1,0.341,0.157542
2.92330118870118e-30,1.28206773449847,0.776,0.306,9.42179973118389e-26,c7,Midn,0.47,0.36472
3.04688465307148e-30,1.2947066614446,0.594,0.185,9.8201092368494e-26,c7,Rit1,0.409,0.242946
3.17309858805381e-30,1.08590656557946,0.902,0.465,1.02268967492974e-25,c7,Atp6v1h,0.437,0.394174
3.17607526750558e-30,2.10317612109874,0.322,0.07,1.02364905871705e-25,c7,Cemip2,0.252,0.081144
3.25227447521839e-30,1.13361453012633,0.881,0.393,1.04820806336289e-25,c7,Hsp90ab1,0.488,0.429928
3.25322465561799e-30,1.11926053247801,0.448,0.113,1.04851430650568e-25,c7,Serpine2,0.335,0.15008
3.52035562805771e-30,1.29482272201125,0.699,0.251,1.134610618923e-25,c7,Man2c1,0.448,0.313152
3.55745629242139e-30,2.34988437890917,0.28,0.055,1.14656816304741e-25,c7,Mapk7,0.225,0.063
3.59834095509029e-30,1.91389206796949,0.301,0.061,1.1597452898256e-25,c7,Cd3eap,0.24,0.07224
3.62208736224814e-30,1.17755104156342,0.776,0.291,1.16739875685258e-25,c7,Brd9,0.485,0.37636
3.62861173877551e-30,1.1725436276736,0.755,0.274,1.16950156340735e-25,c7,Strip1,0.481,0.363155
3.77430623926232e-30,1.3812056654049,0.615,0.203,1.21645890091425e-25,c7,Esrra,0.412,0.25338
3.82349124461538e-30,1.10070548742131,0.909,0.44,1.23231122813954e-25,c7,Tef,0.469,0.426321
4.31841436775171e-30,1.92428104418871,0.315,0.066,1.39182495072638e-25,c7,Pknox2,0.249,0.078435
4.42108089620652e-30,0.747713881251324,0.993,0.712,1.42491437284736e-25,c7,Etnk1,0.281,0.279033
4.45586116198659e-30,2.0851014097807,0.364,0.088,1.43612405250828e-25,c7,Rgma,0.276,0.100464
4.81274794752925e-30,1.1979714203644,0.741,0.261,1.55114866348868e-25,c7,Lztr1,0.48,0.35568
5.02715039762952e-30,1.13680402894578,0.86,0.394,1.62025057315599e-25,c7,Mgrn1,0.466,0.40076
5.10099572624142e-30,1.26032304634208,0.685,0.237,1.64405092256761e-25,c7,Epg5,0.448,0.30688
5.49991177844048e-30,1.20487247487995,0.825,0.417,1.77262156619137e-25,c7,Prdx2,0.408,0.3366
5.76806044382062e-30,1.47885878044842,0.503,0.144,1.85904588104339e-25,c7,Slc35c2,0.359,0.180577
6.06238423941617e-30,1.23200222087956,0.741,0.273,1.95390644036383e-25,c7,Man1a2,0.468,0.346788
6.18257085701056e-30,1.15649813353648,0.853,0.411,1.9926425872145e-25,c7,Atp6v1c1,0.442,0.377026
6.31753503611945e-30,1.25184690116512,0.559,0.165,2.0361415421413e-25,c7,Rngtt,0.394,0.220246
6.3310375070803e-30,1.59303733172421,0.51,0.152,2.04049338853198e-25,c7,Sik1,0.358,0.18258
6.73324712021534e-30,1.32433321838854,0.657,0.231,2.1701255468454e-25,c7,Minpp1,0.426,0.279882
6.85203739457181e-30,1.37332815361713,0.608,0.199,2.20841165227049e-25,c7,Rev1,0.409,0.248672
7.11850285730239e-30,1.28107869636316,0.776,0.34,2.29429347090856e-25,c7,Fkbp3,0.436,0.338336
7.46128368028509e-30,1.33679139968663,0.538,0.157,2.40477173015589e-25,c7,Dffa,0.381,0.204978
7.74244622848971e-30,1.3195490786146,0.629,0.207,2.49539041944223e-25,c7,Ckap4,0.422,0.265438
8.3178791306437e-30,1.17042035755389,0.678,0.223,2.68085244380646e-25,c7,Coq10b,0.455,0.30849
9.2774296853236e-30,1.23455620051158,0.706,0.251,2.9901155875798e-25,c7,Mark4,0.455,0.32123
9.77611057017348e-30,1.2421274203062,0.727,0.263,3.15084043676691e-25,c7,Eps15,0.464,0.337328
9.89858387953971e-30,1.1912940888459,0.58,0.174,3.19031358437565e-25,c7,Chchd6,0.406,0.23548
1.00728669939464e-29,1.2332634345006,0.678,0.236,3.24648503214891e-25,c7,Hdgf,0.442,0.299676
1.06367942468109e-29,1.25730976760479,0.636,0.211,3.42823878574714e-25,c7,Tada1,0.425,0.2703
1.12403574727935e-29,1.14696169167247,0.846,0.386,3.62276721348134e-25,c7,Cdipt,0.46,0.38916
1.12458731934004e-29,1.12785659421809,0.524,0.145,3.62454493023295e-25,c7,Phtf2,0.379,0.198596
1.19181805774977e-29,1.15912757510115,0.42,0.104,3.84122960012751e-25,c7,Ets2,0.316,0.13272
1.25069302221844e-29,2.16086636873487,0.273,0.053,4.03098361061002e-25,c7,Zfp948,0.22,0.06006
1.32927445802514e-29,1.20418716933497,0.832,0.361,4.28425157821502e-25,c7,Suco,0.471,0.391872
1.36223820534124e-29,1.7553270735716,0.385,0.094,4.39049373581481e-25,c7,Arid3a,0.291,0.112035
1.37723884959619e-29,1.47768846951047,0.51,0.151,4.43884081224853e-25,c7,Bcl9,0.359,0.18309
1.39664016197069e-29,1.46751734312397,0.51,0.15,4.50137124203154e-25,c7,Ifngr2,0.36,0.1836
1.40487746343007e-29,1.10135239487879,0.895,0.389,4.52792006463511e-25,c7,Thoc7,0.506,0.45287
1.46913171472244e-29,1.47780673098779,0.434,0.111,4.73501151655041e-25,c7,Plscr3,0.323,0.140182
1.66727247364949e-29,1.46414753049414,0.42,0.106,5.37361918257232e-25,c7,Rcc1,0.314,0.13188
1.77489833414281e-29,1.21720515516562,0.769,0.313,5.72049733094227e-25,c7,Ap2s1,0.456,0.350664
1.94264094210655e-29,1.23268671506036,0.657,0.218,6.26113175640943e-25,c7,Chpf,0.439,0.288423
1.95211766223644e-29,1.19520791262696,0.776,0.307,6.29167522538804e-25,c7,Tbca,0.469,0.363944
1.99966094266902e-29,1.40938509687521,0.594,0.194,6.44490721822226e-25,c7,Kctd20,0.4,0.2376
2.08086040141225e-29,1.3760626249583,0.594,0.192,6.70661307375167e-25,c7,Vat1l,0.402,0.238788
2.27166878056226e-29,1.09190221701854,0.902,0.419,7.32158847975217e-25,c7,Spen,0.483,0.435666
2.33015672671965e-29,1.18709320508148,0.797,0.318,7.51009513021743e-25,c7,Tmem222,0.479,0.381763
2.43045086854385e-29,1.15532168106152,0.762,0.285,7.83334314931682e-25,c7,Tmem38a,0.477,0.363474
2.44296611420981e-29,1.1252148424833,0.839,0.337,7.87367978609822e-25,c7,Extl3,0.502,0.421178
2.50946383565565e-29,1.27967854796587,0.734,0.291,8.08800194231815e-25,c7,Pqbp1,0.443,0.325162
2.58998774017856e-29,1.31322822089607,0.566,0.172,8.3475304865955e-25,c7,Gal3st3,0.394,0.223004
2.61059985682041e-29,1.07213677975626,0.937,0.422,8.41396333853219e-25,c7,Pi4ka,0.515,0.482555
2.63617465818955e-29,1.09982716629456,0.839,0.327,8.49639092334494e-25,c7,Dennd1b,0.512,0.429568
2.721397152447e-29,1.30748309677913,0.587,0.184,8.77106302233668e-25,c7,Rab34,0.403,0.236561
2.72578772758061e-29,1.24435303758608,0.566,0.169,8.7852138459923e-25,c7,Parva,0.397,0.224702
2.7657243886747e-29,0.626740203218404,0.839,0.283,8.91392970469856e-25,c7,Slc1a1,0.556,0.466484
2.86815241185138e-29,1.14558980368307,0.853,0.404,9.244055223397e-25,c7,Idh3a,0.449,0.382997
2.93902416899082e-29,1.29939110310817,0.748,0.309,9.47247489665741e-25,c7,Ssbp3,0.439,0.328372
3.09938740391946e-29,1.92058439301639,0.343,0.078,9.98932560283242e-25,c7,Trhde,0.265,0.090895
3.12126747854447e-29,1.16242930360877,0.832,0.333,1.00598450833488e-24,c7,Nfx1,0.499,0.415168
3.17603514136515e-29,1.01690442400732,0.951,0.513,1.02363612606199e-24,c7,Srsf2,0.438,0.416538
3.58003926598559e-29,1.20547943006782,0.727,0.264,1.15384665542715e-24,c7,Deaf1,0.463,0.336601
3.76055795745386e-29,0.85103476356766,0.986,0.628,1.21202782968738e-24,c7,Ppm1a,0.358,0.352988
4.18706934219609e-29,1.39063979786672,0.524,0.156,1.3494924489898e-24,c7,Fdx2,0.368,0.192832
4.22387743610097e-29,1.29790530386558,0.615,0.202,1.36135569765534e-24,c7,Smpd4,0.413,0.253995
4.5618873227166e-29,1.04865239173043,0.699,0.23,1.47029628411156e-24,c7,Pde7a,0.469,0.327831
4.59623799378532e-29,2.07151978270939,0.266,0.051,1.48136750539701e-24,c7,Nmral1,0.215,0.05719
5.08882272849633e-29,1.75571649951392,0.336,0.075,1.64012756539437e-24,c7,Mcm7,0.261,0.087696
6.30780670342566e-29,1.2777132598288,0.622,0.204,2.03300610051409e-24,c7,Epm2a,0.418,0.259996
6.59363078972127e-29,1.22880624649063,0.79,0.33,2.12512720352716e-24,c7,Cnrip1,0.46,0.3634
6.65895332221488e-29,1.3369572894585,0.476,0.13,2.14618065574986e-24,c7,Rragb,0.346,0.164696
6.99060670314925e-29,1.21316692658056,0.797,0.363,2.253072540425e-24,c7,Tsn,0.434,0.345898
7.79048742851136e-29,1.12107804940814,0.727,0.252,2.51087409820921e-24,c7,Eipr1,0.475,0.345325
8.67236230176288e-29,0.841229745935404,0.972,0.653,2.79510236985818e-24,c7,Atp2a2,0.319,0.310068
8.78715764304183e-29,0.89882675841471,0.986,0.61,2.83210090835238e-24,c7,Luc7l3,0.376,0.370736
9.00089816014983e-29,1.09559540162056,0.874,0.444,2.90098947701629e-24,c7,Rnasek,0.43,0.37582
9.00785668487717e-29,1.19689277110787,0.769,0.306,2.90323220953591e-24,c7,Pcyt2,0.463,0.356047
9.09253477689843e-29,1.1046596190404,0.839,0.344,2.93052395859436e-24,c7,Washc2,0.495,0.415305
9.18667218994696e-29,1.10375343281814,0.846,0.343,2.96086444681991e-24,c7,Gnl2,0.503,0.425538
9.39663869087338e-29,1.93482465806837,0.28,0.056,3.02853665006849e-24,c7,Bag2,0.224,0.06272
1.02735947247623e-28,1.08606113621697,0.783,0.284,3.31117957979089e-24,c7,Smim14,0.499,0.390717
1.02789834119034e-28,1.54498463313885,0.357,0.083,3.31291635365647e-24,c7,Isyna1,0.274,0.097818
1.06065821823126e-28,1.03915611703928,0.93,0.466,3.41850143735936e-24,c7,Epm2aip1,0.464,0.43152
1.06529125130636e-28,1.40758748504249,0.566,0.181,3.43343370296041e-24,c7,Ralgds,0.385,0.21791
1.07509756806375e-28,1.20026152593079,0.678,0.234,3.46503946186948e-24,c7,Evi5,0.444,0.301032
1.1049912663379e-28,1.20644560984172,0.776,0.314,3.56138685140706e-24,c7,Tcp11l2,0.462,0.358512
1.20255692523979e-28,1.33375352501671,0.545,0.167,3.87584097004785e-24,c7,Pacs2,0.378,0.20601
1.23542818430108e-28,1.35986601263096,0.552,0.171,3.98178503800237e-24,c7,Mmgt1,0.381,0.210312
1.29996967726081e-28,1.28069114175514,0.58,0.185,4.18980226981158e-24,c7,Apaf1,0.395,0.2291
1.34622755245984e-28,1.47669518415918,0.385,0.093,4.33889140157808e-24,c7,Dcaf4,0.292,0.11242
1.37380746159513e-28,1.15022240982484,0.706,0.254,4.4277814487211e-24,c7,Dtnbp1,0.452,0.319112
1.48228101371222e-28,0.943418683163193,0.958,0.546,4.77739170719449e-24,c7,Atp6ap2,0.412,0.394696
1.54289592662756e-28,1.05160606186978,0.573,0.171,4.97275357152062e-24,c7,Bhlhe40,0.402,0.230346
1.59467549984867e-28,1.21509036578876,0.713,0.26,5.13963913601227e-24,c7,Csk,0.453,0.322989
1.70007878439141e-28,0.914953672389411,0.965,0.585,5.47935392209352e-24,c7,Fubp1,0.38,0.3667
1.71669724685537e-28,1.10356789876602,0.832,0.332,5.53291522661487e-24,c7,Herpud1,0.5,0.416
1.74211301715877e-28,1.87545429527608,0.301,0.063,5.61483025430273e-24,c7,Ghr,0.238,0.071638
1.77175631958145e-28,1.17879765229907,0.678,0.235,5.71037061801102e-24,c7,Arl15,0.443,0.300354
1.79497100290036e-28,1.6108539559646,0.385,0.095,5.78519154234788e-24,c7,Myo19,0.29,0.11165
1.79837402191812e-28,1.24789517560222,0.622,0.207,5.79615947264209e-24,c7,Git1,0.415,0.25813
1.94703867483856e-28,0.99182158136704,0.958,0.571,6.27530564900469e-24,c7,Xpo1,0.387,0.370746
2.04661582641068e-28,1.18029080450252,0.748,0.285,6.59624280852163e-24,c7,Tent4a,0.463,0.346324
2.37058057357e-28,1.11652011758204,0.559,0.169,7.6403811886161e-24,c7,Nme1,0.39,0.21801
2.37924523988511e-28,1.65282088001817,0.371,0.09,7.66830740814972e-24,c7,Ppif,0.281,0.104251
2.37946272193349e-28,1.01139685914815,0.951,0.481,7.66900835279163e-24,c7,Phf14,0.47,0.44697
2.39233514768954e-28,1.47915141070708,0.455,0.125,7.71049618100338e-24,c7,Nprl2,0.33,0.15015
2.50978253006057e-28,1.31956834334538,0.573,0.183,8.0890290943852e-24,c7,Tnks1bp1,0.39,0.22347
2.5975025511736e-28,1.09173458593298,0.888,0.426,8.37175072243251e-24,c7,Retreg2,0.462,0.410256
2.61009005116301e-28,1.19551519973043,0.727,0.274,8.41232023489837e-24,c7,Lancl1,0.453,0.329331
2.70821735809492e-28,1.65170623022293,0.434,0.119,8.72858454513994e-24,c7,Tspan15,0.315,0.13671
2.9408993001603e-28,1.22776723277446,0.692,0.249,9.47851844441666e-24,c7,Abtb1,0.443,0.306556
3.02421155912724e-28,1.16500792216695,0.762,0.288,9.74703385506711e-24,c7,Thoc1,0.474,0.361188
3.10509890647997e-28,1.97954446707839,0.273,0.054,1.0007733775585e-23,c7,Plcl1,0.219,0.059787
3.24853628256838e-28,1.36586805101946,0.455,0.122,1.04700324387179e-23,c7,Asphd1,0.333,0.151515
3.34315501263449e-28,1.12402494199922,0.839,0.359,1.0774988605721e-23,c7,Zcchc14,0.48,0.40272
3.41754780963882e-28,1.34525360642392,0.643,0.232,1.10147565904659e-23,c7,Zfp428,0.411,0.264273
3.50522163628733e-28,1.1217767610427,0.762,0.285,1.12973293337541e-23,c7,Snrpa,0.477,0.363474
3.82826773131617e-28,1.09840729007064,0.846,0.338,1.2338506898032e-23,c7,Scn8a,0.508,0.429768
3.87259592598209e-28,1.35058571030778,0.559,0.178,1.24813766694403e-23,c7,St3gal5,0.381,0.212979
3.89966482626459e-28,0.784985022744006,0.986,0.66,1.25686197350508e-23,c7,Pten,0.326,0.321436
3.96562917117775e-28,1.242497454201,0.552,0.168,1.27812228187059e-23,c7,Slc25a14,0.384,0.211968
4.2310485967426e-28,0.914656412648996,0.923,0.572,1.36366696273014e-23,c7,Trim44,0.351,0.323973
4.26920167745564e-28,1.34757890151714,0.629,0.221,1.37596370064395e-23,c7,Spindoc,0.408,0.256632
4.55291553468783e-28,1.07365355735983,0.769,0.282,1.46740467682989e-23,c7,Haghl,0.487,0.374503
4.65144556118339e-28,1.20880303693773,0.741,0.29,1.49916090436941e-23,c7,Ulk2,0.451,0.334191
4.66281908060926e-28,1.4689998653271,0.455,0.126,1.50282658968036e-23,c7,Gtf2ird2,0.329,0.149695
4.92543076486982e-28,1.16361050049655,0.72,0.266,1.58746633551754e-23,c7,Pigk,0.454,0.32688
5.0112830441893e-28,1.19351859891049,0.776,0.319,1.61513652514221e-23,c7,Rcan3,0.457,0.354632
5.26072528827717e-28,1.05505168739832,0.909,0.449,1.69553176041173e-23,c7,Fbxo11,0.46,0.41814
5.37018429862197e-28,2.07035736179194,0.315,0.071,1.73081039944586e-23,c7,Vav2,0.244,0.07686
5.43751106440126e-28,1.31207555516905,0.531,0.162,1.75250981605653e-23,c7,Polr3h,0.369,0.195939
5.8889818993061e-28,1.56950749840164,0.469,0.134,1.89801886614636e-23,c7,Tubb3,0.335,0.157115
6.56395919671754e-28,1.11926918454405,0.825,0.347,2.11556404910206e-23,c7,Rsf1,0.478,0.39435
6.6983836779325e-28,0.991889576701183,0.937,0.487,2.15888905939765e-23,c7,Cdk16,0.45,0.42165
7.49545061921275e-28,1.1385353646592,0.713,0.257,2.41578373457227e-23,c7,Zfp799,0.456,0.325128
7.99897426921488e-28,1.21620526189201,0.629,0.212,2.57806940696796e-23,c7,S100pbp,0.417,0.262293
8.17090614317752e-28,1.08738299133314,0.797,0.301,2.63348304994612e-23,c7,Map3k12,0.496,0.395312
8.56177823241606e-28,0.879064948585534,0.979,0.601,2.7594611243077e-23,c7,Kif1a,0.378,0.370062
8.76840636681876e-28,1.07222405209123,0.902,0.425,2.82605737202569e-23,c7,Rab11fip3,0.477,0.430254
9.24299687661114e-28,1.14707700278389,0.741,0.277,2.97901789333177e-23,c7,Fbxl17,0.464,0.343824
9.60450326994985e-28,1.15072110465615,0.713,0.257,3.09553140390484e-23,c7,Exoc2,0.456,0.325128
9.8376159061607e-28,1.44684117983581,0.671,0.271,3.17066360655559e-23,c7,Pitpnm2,0.4,0.2684
9.84338707001518e-28,1.25849658156702,0.594,0.195,3.17252365266589e-23,c7,Bclaf3,0.399,0.237006
1.00591884299347e-27,1.22056346168087,0.636,0.218,3.24207643096795e-23,c7,Enoph1,0.418,0.265848
1.05393984952966e-27,1.11406651395152,0.825,0.345,3.39684813503411e-23,c7,H2afz,0.48,0.396
1.06464633528181e-27,1.46941896520462,0.455,0.127,3.43135513861327e-23,c7,Foxp4,0.328,0.14924
1.06985621147105e-27,1.14762596469172,0.811,0.346,3.44814656957119e-23,c7,Tnks,0.465,0.377115
1.08493136150603e-27,1.64567881720138,0.322,0.071,3.49673377813392e-23,c7,L3mbtl3,0.251,0.080822
1.1196381631265e-27,1.06706159556744,0.776,0.288,3.6085937997567e-23,c7,Fzr1,0.488,0.378688
1.13375806836033e-27,0.85295419598934,0.979,0.638,3.65410225432533e-23,c7,Gpi1,0.341,0.333839
1.20574184883489e-27,0.966043382021068,0.909,0.519,3.88610597879486e-23,c7,Mapk1,0.39,0.35451
1.22109446225079e-27,0.996968223186418,0.972,0.502,3.93558745183431e-23,c7,Cd47,0.47,0.45684
1.2881112084079e-27,1.0717006382737,0.888,0.419,4.15158242469866e-23,c7,Wdr82,0.469,0.416472
1.30280547995239e-27,1.56338880793633,0.559,0.191,4.19894206188654e-23,c7,Triobp,0.368,0.205712
1.35407639610801e-27,1.16920193746604,0.797,0.362,4.36418822465612e-23,c7,Cisd1,0.435,0.346695
1.50917414251505e-27,1.13261093005589,0.629,0.207,4.86406826132602e-23,c7,Zfp651,0.422,0.265438
1.51019643890724e-27,1.02702699726768,0.881,0.373,4.86736312259805e-23,c7,Mcoln1,0.508,0.447548
1.53816811201198e-27,1.1206081197666,0.601,0.197,4.95751582501462e-23,c7,Mgll,0.404,0.242804
1.54674850223152e-27,1.36728017258261,0.497,0.148,4.9851704226922e-23,c7,Fgd1,0.349,0.173453
1.59163283338592e-27,1.04303145745792,0.566,0.169,5.1298326220028e-23,c7,Zfp846,0.397,0.224702
1.69627965371185e-27,1.19534010058731,0.594,0.19,5.4671093239133e-23,c7,Idh2,0.404,0.239976
1.74855831118606e-27,1.13298580866124,0.825,0.36,5.63560343695269e-23,c7,Tsnax,0.465,0.383625
1.78279796173425e-27,1.06297064927942,0.874,0.366,5.7459578306695e-23,c7,Sfxn3,0.508,0.443992
1.85904367687957e-27,0.964778726631438,0.958,0.528,5.99169777058285e-23,c7,Rbm14,0.43,0.41194
1.9136241765992e-27,1.03507692995626,0.895,0.413,6.16761072117923e-23,c7,Fbxo3,0.482,0.43139
1.93178403073191e-27,1.18069553853963,0.678,0.248,6.22613993104895e-23,c7,Zfp706,0.43,0.29154
1.94768873795267e-27,1.12297988190296,0.762,0.294,6.27740080242145e-23,c7,Elp3,0.468,0.356616
1.97639988517964e-27,1.26078071457187,0.51,0.15,6.36993682993398e-23,c7,Iqcb1,0.36,0.1836
1.98273819463221e-27,1.0331866239005,0.909,0.461,6.39036520129961e-23,c7,Arhgef12,0.448,0.407232
1.99816993797238e-27,1.94420437299005,0.287,0.061,6.44010171008499e-23,c7,F2r,0.226,0.064862
2.04113370702672e-27,1.03038353774945,0.538,0.157,6.57857393774713e-23,c7,Fam189a2,0.381,0.204978
2.08647084230745e-27,1.44862908631794,0.462,0.133,6.7246955247569e-23,c7,Olfm2,0.329,0.151998
2.42246210563066e-27,0.998740550046585,0.944,0.49,7.80759536644761e-23,c7,Zgpat,0.454,0.428576
2.74004459698674e-27,1.05582774671046,0.909,0.484,8.83116373608826e-23,c7,Peg3,0.425,0.386325
2.77626760974299e-27,1.07471645338755,0.895,0.415,8.94791050620166e-23,c7,Paxbp1,0.48,0.4296
2.85611771538251e-27,1.3531053656344,0.524,0.161,9.20526739667783e-23,c7,Pcgf6,0.363,0.190212
3.04743658498927e-27,1.1022059441303,0.741,0.271,9.82188811342042e-23,c7,Washc4,0.47,0.34827
3.58307340354227e-27,0.893008256846985,0.986,0.571,1.15482455796167e-22,c7,Snap91,0.415,0.40919
3.86999890080737e-27,1.26170955613061,0.559,0.177,1.24730064573021e-22,c7,Bivm,0.382,0.213538
3.9181856005383e-27,1.25049621362208,0.587,0.192,1.26283121905349e-22,c7,Usp31,0.395,0.231865
4.05564529635563e-27,1.12853827349127,0.643,0.222,1.30713447901542e-22,c7,Smap2,0.421,0.270703
4.06178608561718e-27,1.18523943275584,0.657,0.231,1.30911365539442e-22,c7,Wrb,0.426,0.279882
4.06845723180898e-27,1.14236246368325,0.769,0.317,1.31126376581203e-22,c7,Snx27,0.452,0.347588
4.16582998647646e-27,1.11295878512079,0.678,0.237,1.34264700464136e-22,c7,Amn1,0.441,0.298998
4.262121143237e-27,1.23517098956104,0.671,0.242,1.37368164446529e-22,c7,Hjurp,0.429,0.287859
4.30211058267979e-27,0.898154408722607,0.972,0.572,1.3865702407977e-22,c7,Ptbp2,0.4,0.3888
4.4746258022956e-27,1.23778870241742,0.531,0.162,1.44217189607987e-22,c7,Wdr74,0.369,0.195939
4.6165783230546e-27,1.11752029248426,0.72,0.269,1.4879231935205e-22,c7,Elp5,0.451,0.32472
4.63572421126438e-27,1.60974235563459,0.392,0.102,1.49409391329051e-22,c7,Slc29a1,0.29,0.11368
4.63698700743386e-27,1.02676449525709,0.909,0.418,1.49450091249593e-22,c7,Fyttd1,0.491,0.446319
4.84375630309842e-27,1.14366368790616,0.51,0.153,1.56114265648862e-22,c7,Sfxn5,0.357,0.18207
4.85983173263575e-27,1.67671944814475,0.315,0.07,1.5663237674285e-22,c7,Gpr135,0.245,0.077175
5.01414439730644e-27,1.16799310087615,0.643,0.218,1.61605873925187e-22,c7,Stoml1,0.425,0.273275
5.04332562069257e-27,1.20691890577041,0.734,0.297,1.62546384754922e-22,c7,Tspyl1,0.437,0.320758
5.11968933624068e-27,1.17762168485585,0.706,0.272,1.65007587307037e-22,c7,Actr2,0.434,0.306404
5.12118893972475e-27,0.974624176523668,0.657,0.224,1.65055919527329e-22,c7,Klf6,0.433,0.284481
5.20592528246683e-27,1.09209898543878,0.832,0.344,1.67786971853906e-22,c7,Exd2,0.488,0.406016
5.72941202145631e-27,1.0565326886757,0.888,0.417,1.84658949451537e-22,c7,Chd6,0.471,0.418248
6.17538227575063e-27,1.1843302763567,0.671,0.236,1.99032570747443e-22,c7,Zfp362,0.435,0.291885
6.33942109226555e-27,1.13229800675395,0.832,0.379,2.04319541803719e-22,c7,Btg1,0.453,0.376896
6.55427658112615e-27,2.15380486643241,0.434,0.139,2.11244334209696e-22,c7,Pcdh9,0.295,0.12803
6.68178322871941e-27,1.14523170215399,0.615,0.204,2.15353873461627e-22,c7,Map2k4,0.411,0.252765
6.6892522998746e-27,1.18493893375473,0.573,0.185,2.15594601624958e-22,c7,Ttc9c,0.388,0.222324
6.689352411198e-27,1.92609126592009,0.273,0.056,2.15597828212911e-22,c7,Zfp668,0.217,0.059241
6.77187771863116e-27,1.11210736193061,0.727,0.268,2.18257618871482e-22,c7,Trim23,0.459,0.333693
7.19698075802786e-27,1.14391030618095,0.636,0.216,2.31958689831238e-22,c7,Donson,0.42,0.26712
7.87643612281224e-27,1.02888376618382,0.769,0.283,2.53857536238239e-22,c7,Slc25a44,0.486,0.373734
8.09119963492127e-27,1.16347794929445,0.643,0.222,2.60779364233512e-22,c7,Rnf41,0.421,0.270703
8.1542150741492e-27,1.32933485783303,0.469,0.137,2.62810351839829e-22,c7,Srxn1,0.332,0.155708
8.24992865341688e-27,1.12582801341077,0.741,0.287,2.65895200499626e-22,c7,Bod1l,0.454,0.336414
8.40893846563123e-27,1.06896539296055,0.825,0.326,2.71020086747295e-22,c7,Gnaq,0.499,0.411675
9.7477559073882e-27,1.60821514521525,0.357,0.087,3.14170172895122e-22,c7,Obsl1,0.27,0.09639
1.05745955315217e-26,1.433487435407,0.441,0.122,3.40819213980945e-22,c7,Cep192,0.319,0.140679
1.15449249138953e-26,1.3077804730287,0.517,0.159,3.72092929974846e-22,c7,Zfp580,0.358,0.185086
1.18612416175991e-26,1.12012960568495,0.776,0.323,3.8228781733522e-22,c7,Slc27a4,0.453,0.351528
1.20115807359767e-26,0.791718056701489,0.986,0.669,3.8713324712053e-22,c7,Pabpn1,0.317,0.312562
1.21668574098951e-26,1.04145949131218,0.895,0.404,3.92137814320918e-22,c7,Htt,0.491,0.439445
1.22249371609462e-26,1.20502319676852,0.727,0.281,3.94009724697296e-22,c7,Elmod1,0.446,0.324242
1.24003226145041e-26,1.20919196768028,0.713,0.288,3.99662397865467e-22,c7,Hcfc1r1,0.425,0.303025
1.28337751531001e-26,1.78279199567179,0.252,0.049,4.13632573184415e-22,c7,Pim2,0.203,0.051156
1.35639240497426e-26,1.3479116998188,0.531,0.17,4.37165272123206e-22,c7,Ube2d1,0.361,0.191691
1.44579803732923e-26,1.1208802214535,0.734,0.28,4.65980707431211e-22,c7,Gna11,0.454,0.333236
1.44839413430514e-26,0.981043338251501,0.951,0.479,4.66817429486547e-22,c7,Cdc42bpb,0.472,0.448872
1.45288752926069e-26,1.87320313961538,0.35,0.088,4.68265650680721e-22,c7,Nck2,0.262,0.0917
1.47629819791567e-26,1.60179005636329,0.385,0.101,4.75810909188222e-22,c7,Wdr4,0.284,0.10934
1.61140393784334e-26,1.18379545933364,0.713,0.285,5.1935548916691e-22,c7,Wars,0.428,0.305164
1.64403514405414e-26,1.81174824411091,0.301,0.067,5.29872526928648e-22,c7,Tnfrsf21,0.234,0.070434
1.71995734344272e-26,0.986778406352755,0.874,0.345,5.54342251791589e-22,c7,Zkscan2,0.529,0.462346
1.79222122101936e-26,1.00373936801737,0.622,0.215,5.77632899534541e-22,c7,Dusp1,0.407,0.253154
1.83450715259641e-26,1.17669708664871,0.629,0.218,5.91261655281823e-22,c7,Rnmt,0.411,0.258519
1.90634483414791e-26,1.23536018139213,0.608,0.211,6.1441494004587e-22,c7,Galnt11,0.397,0.241376
1.92667323496909e-26,1.09842836866054,0.804,0.332,6.20966783630539e-22,c7,Eif4ebp2,0.472,0.379488
2.10478990529306e-26,1.43487846170429,0.497,0.154,6.78373786475954e-22,c7,Cep85l,0.343,0.170471
2.16014569785779e-26,1.06528115977126,0.846,0.442,6.96214958419566e-22,c7,Ap2b1,0.404,0.341784
2.17425424719878e-26,1.30723231092035,0.594,0.202,7.00762143872166e-22,c7,Csrnp2,0.392,0.232848
2.17575165361246e-26,1.33108458960148,0.51,0.157,7.01244757959296e-22,c7,Gpr21,0.353,0.18003
2.31810293779791e-26,0.942505199688696,0.587,0.185,7.47124576852267e-22,c7,Gyg,0.402,0.235974
2.35561291394165e-26,1.11674786090445,0.769,0.311,7.59214042163395e-22,c7,Slc25a17,0.458,0.352202
2.47606114365103e-26,1.05941244387844,0.867,0.41,7.98034506598727e-22,c7,Herc2,0.457,0.396219
2.48140877356176e-26,1.7351408193305,0.336,0.081,7.99758047718957e-22,c7,Me3,0.255,0.08568
2.60077435716059e-26,1.5834809120752,0.371,0.095,8.38229575312857e-22,c7,Epb41l4b,0.276,0.102396
2.78085538384081e-26,1.09310223095719,0.678,0.242,8.96269690211893e-22,c7,Med22,0.436,0.295608
2.78235116579575e-26,1.0924705951235,0.72,0.273,8.96751780735969e-22,c7,Insig2,0.447,0.32184
2.96137579957291e-26,1.65970242620113,0.343,0.083,9.54451420202349e-22,c7,Zfp9,0.26,0.08918
3.07089445716539e-26,0.639484264790361,0.979,0.756,9.89749283544404e-22,c7,Ptms,0.223,0.218317
3.10051311410979e-26,1.48880455019281,0.483,0.148,9.99295376677585e-22,c7,Foxn2,0.335,0.161805
3.1008250859976e-26,1.08353084783366,0.783,0.308,9.99395925217026e-22,c7,Taf1d,0.475,0.371925
3.14257628462476e-26,1.22419142121617,0.594,0.202,1.01285233653456e-21,c7,Timm9,0.392,0.232848
3.33312631946034e-26,1.49497379030075,0.441,0.126,1.07426661276207e-21,c7,Acvr1,0.315,0.138915
3.35208434096088e-26,1.12172212384593,0.72,0.273,1.08037678309169e-21,c7,Lnpk,0.447,0.32184
3.37633677341191e-26,0.984815527110291,0.937,0.523,1.08819334207066e-21,c7,Cnot2,0.414,0.387918
3.38391769935133e-26,0.744109550299187,0.972,0.674,1.09063667450093e-21,c7,Sptan1,0.298,0.289656
3.4473649725858e-26,1.47970171396591,0.315,0.071,1.1110857306644e-21,c7,Tvp23a,0.244,0.07686
3.64918563661025e-26,1.68680704179012,0.329,0.078,1.17613253067948e-21,c7,Arsa,0.251,0.082579
3.66188905696849e-26,1.41442449951287,0.371,0.094,1.18022684306094e-21,c7,Slc25a1,0.277,0.102767
3.67494458534675e-26,1.6133411637944,0.315,0.072,1.18443463985726e-21,c7,Pcx,0.243,0.076545
3.67826411161983e-26,1.03298322968344,0.762,0.288,1.18550452317507e-21,c7,Scyl2,0.474,0.361188
3.71227474542813e-26,1.18814098053271,0.594,0.2,1.19646615045149e-21,c7,Actr6,0.394,0.234036
3.75561461883623e-26,1.15316444530036,0.636,0.222,1.21043459165092e-21,c7,Rfng,0.414,0.263304
3.77448086511871e-26,1.1021739269999,0.825,0.365,1.21651518282776e-21,c7,Dnajc6,0.46,0.3795
3.84872794205023e-26,1.10145856279504,0.734,0.273,1.24044501572279e-21,c7,Trit1,0.461,0.338374
4.04680937976825e-26,1.01328150311536,0.895,0.444,1.30428666309931e-21,c7,Ube2k,0.451,0.403645
4.08260319308986e-26,1.08353863125156,0.776,0.312,1.31582300913286e-21,c7,Gmps,0.464,0.360064
4.33705073841865e-26,1.04674475385441,0.86,0.402,1.39783145299233e-21,c7,Rabep1,0.458,0.39388
4.39559109749183e-26,1.08688046617732,0.776,0.31,1.41669901072162e-21,c7,Itpa,0.466,0.361616
4.4612308160977e-26,1.03561808466494,0.825,0.345,1.43785469202829e-21,c7,Rab4b,0.48,0.396
4.60779074412516e-26,1.98697105183702,0.301,0.069,1.48509095683154e-21,c7,Fam43a,0.232,0.069832
4.67983432616118e-26,0.75883055537983,1,0.678,1.50831060332175e-21,c7,Mgarp,0.322,0.322
4.88335513740578e-26,1.46036130530017,0.399,0.106,1.57390536078588e-21,c7,Bicra,0.293,0.116907
5.03399469856666e-26,1.37447094841958,0.469,0.139,1.62245649134804e-21,c7,Vars2,0.33,0.15477
5.19583493414666e-26,1.55065629799047,0.392,0.105,1.67461759927547e-21,c7,Vps13a,0.287,0.112504
5.86143222881129e-26,1.10588321370893,0.622,0.21,1.88913960734588e-21,c7,Eif2ak4,0.412,0.256264
5.88974028215703e-26,1.42545740119748,0.657,0.269,1.89826329293921e-21,c7,Dpy19l1,0.388,0.254916
5.96053518935448e-26,0.599538988928192,0.958,0.331,1.92108049152895e-21,c7,Lrp1,0.627,0.600666
6.06186257008361e-26,1.17471637437386,0.671,0.249,1.95373830633795e-21,c7,Myo18a,0.422,0.283162
6.4943467722497e-26,1.11499052097805,0.811,0.396,2.09312796469608e-21,c7,Otub1,0.415,0.336565
6.74322759733096e-26,1.14620505992809,0.706,0.275,2.17334225461977e-21,c7,Ndfip2,0.431,0.304286
6.80968246535007e-26,1.0114425511485,0.846,0.363,2.19476065858233e-21,c7,Tm9sf4,0.483,0.408618
7.0423492315395e-26,1.52172317229487,0.364,0.092,2.26974915732518e-21,c7,Adcy9,0.272,0.099008
7.07674890635048e-26,0.972498692193257,0.93,0.454,2.28083617251676e-21,c7,R3hdm1,0.476,0.44268
7.34456396518908e-26,1.13858585127506,0.643,0.224,2.36715296598044e-21,c7,Slc12a9,0.419,0.269417
7.72208068310456e-26,1.04155712097885,0.706,0.253,2.4888266041646e-21,c7,Eif3m,0.453,0.319818
8.31678349663408e-26,1.90260917008733,0.301,0.069,2.68049932096516e-21,c7,Fam117a,0.232,0.069832
9.11198100778362e-26,1.13152051477542,0.748,0.3,2.93679147880866e-21,c7,Ate1,0.448,0.335104
9.94489183907389e-26,1.03181765606259,0.867,0.396,3.20523863973351e-21,c7,Arhgef7,0.471,0.408357
1.01662144518867e-25,1.1743444936777,0.692,0.269,3.2765709178431e-21,c7,Wrnip1,0.423,0.292716
1.02362780803504e-25,1.25038582518539,0.538,0.172,3.29915242529695e-21,c7,B4galt2,0.366,0.196908
1.04325159619866e-25,0.956001160168374,0.944,0.497,3.36239989454827e-21,c7,Myef2,0.447,0.421968
1.05448029949755e-25,0.729688357336024,0.986,0.683,3.39859000528061e-21,c7,Zmynd11,0.303,0.298758
1.05820285127555e-25,0.974318813528976,0.776,0.289,3.4105877896611e-21,c7,Acadsb,0.487,0.377912
1.0715957495985e-25,1.06267093249972,0.79,0.317,3.45375310095596e-21,c7,Mtf2,0.473,0.37367
1.16645489901003e-25,0.957896520116022,0.923,0.503,3.75948413950932e-21,c7,U2surp,0.42,0.38766
1.1756065721245e-25,1.13879906310441,0.601,0.203,3.78897998195727e-21,c7,Odr4,0.398,0.239198
1.19595563655568e-25,1.02745085136474,0.888,0.404,3.85456501661895e-21,c7,Dus3l,0.484,0.429792
1.2494674275624e-25,1.16946638927637,0.79,0.374,4.0270335190336e-21,c7,Cxxc5,0.416,0.32864
1.33237518094354e-25,1.07944794897196,0.79,0.329,4.29424520818104e-21,c7,Bccip,0.461,0.36419
1.33438360410792e-25,0.993978433530219,0.909,0.466,4.30071835603981e-21,c7,Pafah1b1,0.443,0.402687
1.34762383031086e-25,1.62109159758722,0.378,0.1,4.34339160509189e-21,c7,Plekhh3,0.278,0.105084
1.36857503417494e-25,1.41059342377194,0.42,0.117,4.41091733514583e-21,c7,Selenoh,0.303,0.12726
1.37006874996055e-25,1.49006097924837,0.413,0.115,4.41573158112287e-21,c7,Mmab,0.298,0.123074
1.43006707193616e-25,1.24886017635367,0.524,0.166,4.60910617285024e-21,c7,Ptpdc1,0.358,0.187592
1.44827339631438e-25,1.01677228216767,0.734,0.27,4.66778515632123e-21,c7,Zzef1,0.464,0.340576
1.45193656118719e-25,1.39175344915086,0.441,0.127,4.67959153670631e-21,c7,Prxl2b,0.314,0.138474
1.57397350946264e-25,0.697364374169374,0.993,0.715,5.07291662099809e-21,c7,Atp6v0b,0.278,0.276054
1.5752147713258e-25,1.66604212048395,0.308,0.071,5.07691720798306e-21,c7,Dact1,0.237,0.072996
1.69654364755305e-25,1.17967157489676,0.671,0.255,5.46796017606347e-21,c7,Mkrn1,0.416,0.279136
1.71428762965628e-25,1.61736065035098,0.364,0.094,5.52514903038219e-21,c7,Mvd,0.27,0.09828
1.73066618511032e-25,1.03142235880895,0.79,0.315,5.57793711461055e-21,c7,Zdhhc21,0.475,0.37525
1.75151305466037e-25,1.07862439915291,0.783,0.34,5.64512657517039e-21,c7,Ei24,0.443,0.346869
1.75462562049647e-25,1.05776562483122,0.846,0.414,5.65515837486013e-21,c7,Scamp1,0.432,0.365472
1.7929623969658e-25,1.38426956375653,0.469,0.141,5.77871780542078e-21,c7,Rab39b,0.328,0.153832
1.82108543591393e-25,1.04532162640223,0.825,0.355,5.86935835995061e-21,c7,Cyld,0.47,0.38775
1.92063766603851e-25,1.00648248953377,0.902,0.442,6.19021519764213e-21,c7,Blcap,0.46,0.41492
1.99018171833766e-25,1.89058589863053,0.287,0.063,6.41435567820226e-21,c7,Hist1h2ae,0.224,0.064288
2.04834785762049e-25,1.75223439121174,0.252,0.051,6.60182514511085e-21,c7,Ankrd9,0.201,0.050652
2.12901658668684e-25,1.22391480005588,0.601,0.209,6.86182045889168e-21,c7,Heatr3,0.392,0.235592
2.15710902239836e-25,1.15743012125008,0.79,0.398,6.95236237918992e-21,c7,Hnrnpa1,0.392,0.30968
2.2756017101262e-25,1.86866084070765,0.287,0.064,7.33426431173675e-21,c7,Samd1,0.223,0.064001
2.46285856220935e-25,1.19086332729059,0.811,0.438,7.93779314600073e-21,c7,Camk2n1,0.373,0.302503
2.52330891629899e-25,1.2112389317467,0.601,0.214,8.13262463723165e-21,c7,Nars,0.387,0.232587
2.53853072828745e-25,0.9899905851045,0.916,0.436,8.18168453727046e-21,c7,Usp48,0.48,0.43968
2.54756232069548e-25,1.11166227156191,0.79,0.373,8.21079335960155e-21,c7,Cfdp1,0.417,0.32943
2.561183423832e-25,1.03287048081535,0.832,0.357,8.25469417501053e-21,c7,Fam91a1,0.475,0.3952
2.591274560785e-25,1.99071208061786,0.252,0.051,8.35167790941005e-21,c7,Cpeb1,0.201,0.050652
2.63315626551296e-25,0.915864487315799,0.965,0.518,8.48666264374828e-21,c7,Dnm1l,0.447,0.431355
2.67691587936401e-25,1.00387625327564,0.895,0.459,8.62769987919019e-21,c7,Ctbp1,0.436,0.39022
2.97844055955003e-25,0.948991047944435,0.965,0.502,9.59951392342973e-21,c7,Srsf11,0.463,0.446795
3.08427143551515e-25,1.02057430786912,0.727,0.269,9.94060683666534e-21,c7,Grb10,0.458,0.332966
3.08726992734394e-25,0.673620827788846,1,0.728,9.95027097582952e-21,c7,Atp1a3,0.272,0.272
3.15142686081158e-25,0.972822293105473,0.923,0.454,1.01570487723957e-20,c7,Hmg20a,0.469,0.432887
3.36547265387169e-25,1.04552413338653,0.825,0.378,1.08469183634285e-20,c7,Ap1m1,0.447,0.368775
3.3850855397452e-25,0.967824988498802,0.93,0.449,1.09101306945988e-20,c7,Fxr2,0.481,0.44733
3.73625728922239e-25,1.05823622193738,0.79,0.32,1.20419572431638e-20,c7,Slc25a27,0.47,0.3713
4.2662346606067e-25,1.01674804911595,0.762,0.289,1.37500743111354e-20,c7,Csf2ra,0.473,0.360426
4.56690686629271e-25,1.10106297330165,0.65,0.228,1.47191408300614e-20,c7,Mtmr7,0.422,0.2743
4.6954015280205e-25,1.08287211307838,0.706,0.265,1.51332791248101e-20,c7,Naa40,0.441,0.311346
4.73884634675317e-25,1.05298529084139,0.72,0.273,1.52733017755855e-20,c7,Zbtb11,0.447,0.32184
4.79287316782112e-25,1.20396167161563,0.469,0.138,1.54474302198875e-20,c7,Msto1,0.331,0.155239
5.11627138368921e-25,1.21728136343044,0.552,0.184,1.64897426696303e-20,c7,Usp42,0.368,0.203136
5.13962421428645e-25,1.08499966482017,0.741,0.291,1.65650088426452e-20,c7,Trim37,0.45,0.33345
6.241619018907e-25,0.817235490417664,0.972,0.606,2.01167380979372e-20,c7,Tcf25,0.366,0.355752
6.32917590262946e-25,0.923369088076529,0.944,0.527,2.03989339341748e-20,c7,Tnrc6c,0.417,0.393648
6.48141367119838e-25,1.03910846310363,0.783,0.314,2.08895962622724e-20,c7,Alms1,0.469,0.367227
6.76401260178e-25,1.25286700356909,0.552,0.185,2.18004126155369e-20,c7,Mib2,0.367,0.202584
6.81962134473196e-25,1.59157654853406,0.427,0.126,2.19796395940711e-20,c7,Cdc42ep4,0.301,0.128527
7.71149663917322e-25,1.58977626669143,0.294,0.066,2.48541536680553e-20,c7,Bora,0.228,0.067032
8.11119780081372e-25,1.50936731809552,0.329,0.079,2.61423905120226e-20,c7,Klhl42,0.25,0.08225
8.78557144780586e-25,1.25653611361218,0.601,0.217,2.83158967762783e-20,c7,Mios,0.384,0.230784
8.82616125725762e-25,1.02166265392955,0.881,0.426,2.84467177321413e-20,c7,Pdcd4,0.455,0.400855
9.20881500372425e-25,1.08161086197552,0.762,0.304,2.96800107570033e-20,c7,Mbd6,0.458,0.348996
9.3129057577628e-25,1.36954025654869,0.434,0.126,3.00154952572695e-20,c7,Mthfd1,0.308,0.133672
9.4194541836302e-25,1.02428721078163,0.706,0.259,3.03589008338401e-20,c7,Gba2,0.447,0.315582
9.4316557276451e-25,1.10281826387728,0.608,0.208,3.03982264102001e-20,c7,Dennd4b,0.4,0.2432
9.60701771198353e-25,1.13370975241758,0.448,0.127,3.09634180857229e-20,c7,Arvcf,0.321,0.143808
9.66829621015338e-25,0.904723677773957,0.818,0.323,3.11609186853243e-20,c7,Erlin2,0.495,0.40491
9.95469023852279e-25,1.63180898556113,0.315,0.075,3.2083966638759e-20,c7,Abcg2,0.24,0.0756
9.97027299049507e-25,0.930051452700084,0.923,0.421,3.21341898483656e-20,c7,Hyou1,0.502,0.463346
1.00448995698102e-24,1.05612533577871,0.839,0.381,3.23747113134982e-20,c7,Pogz,0.458,0.384262
1.05164506179868e-24,2.04206072929657,0.308,0.074,3.38945203417714e-20,c7,Arhgap23,0.234,0.072072
1.11654529863445e-24,0.985189761102425,0.916,0.454,3.59862549749882e-20,c7,Ube4b,0.462,0.423192
1.1332397390367e-24,1.58581887442974,0.385,0.106,3.65243167891528e-20,c7,Ssh3,0.279,0.107415
1.18489979945949e-24,1.03777108678778,0.769,0.311,3.81893205365795e-20,c7,Golga2,0.458,0.352202
1.20996960542937e-24,1.07245135578937,0.706,0.27,3.89973203829886e-20,c7,Gtf2f1,0.436,0.307816
1.24214739407954e-24,1.43575471728936,0.455,0.139,4.00344105111836e-20,c7,Siah2,0.316,0.14378
1.32853497228964e-24,2.24407987676427,0.259,0.057,4.28186821568951e-20,c7,P4ha2,0.202,0.052318
1.37316898558887e-24,0.975321165762467,0.909,0.44,4.42572364055293e-20,c7,Zfp532,0.469,0.426321
1.42361667573438e-24,1.08854240139599,0.706,0.269,4.58831654589191e-20,c7,Heatr5b,0.437,0.308522
1.51581019875441e-24,1.11389830034644,0.678,0.253,4.88545627058546e-20,c7,Prrt1,0.425,0.28815
1.53579714449161e-24,1.04811680542845,0.825,0.356,4.94987419669645e-20,c7,Snx25,0.469,0.386925
1.56770794884258e-24,0.98969864803464,0.874,0.464,5.05272271911965e-20,c7,Dnaja1,0.41,0.35834
1.57033820115145e-24,1.19824671016099,0.566,0.193,5.06120002231113e-20,c7,Fkbp5,0.373,0.211118
1.62098591055068e-24,1.59322556275724,0.336,0.084,5.22443758970483e-20,c7,Zfp248,0.252,0.084672
1.64469183268756e-24,1.06640139042246,0.608,0.206,5.300841776752e-20,c7,Ulk3,0.402,0.244416
1.89464025392352e-24,1.09410433415634,0.58,0.199,6.10642553839552e-20,c7,Rhobtb2,0.381,0.22098
1.92869052771719e-24,1.09202960060018,0.783,0.359,6.2161695708325e-20,c7,Mpc2,0.424,0.331992
1.96474232938781e-24,0.956142405172588,0.615,0.21,6.33236452761692e-20,c7,Clcn2,0.405,0.249075
1.96558921176314e-24,1.05168732715091,0.839,0.39,6.33509402951261e-20,c7,Cyth1,0.449,0.376711
2.02438176258558e-24,0.958978509085144,0.916,0.43,6.52458242081332e-20,c7,Agap1,0.486,0.445176
2.09034380904127e-24,1.6303290090166,0.42,0.125,6.73717809654001e-20,c7,Nr2f2,0.295,0.1239
2.13171554195114e-24,1.06928796562647,0.643,0.231,6.87051919170851e-20,c7,Sec11c,0.412,0.264916
2.15257943633228e-24,1.41108679824063,0.524,0.18,6.93776352329894e-20,c7,Abcd2,0.344,0.180256
2.20498884084291e-24,0.84058392409221,0.937,0.582,7.10667903403671e-20,c7,Zfr,0.355,0.332635
2.27403243795227e-24,1.1243608118509,0.636,0.234,7.32920654752015e-20,c7,Nabp2,0.402,0.255672
2.29540240384098e-24,1.18236861808953,0.657,0.249,7.39808194757947e-20,c7,Rab40c,0.408,0.268056
2.51045175913692e-24,1.00858910347428,0.72,0.268,8.0911860196983e-20,c7,Szt2,0.452,0.32544
2.53255584131828e-24,1.07631186440885,0.762,0.323,8.16242747656882e-20,c7,Klhdc3,0.439,0.334518
2.54240872928275e-24,1.14217301708918,0.552,0.18,8.1941833344783e-20,c7,Zfp641,0.372,0.205344
2.5605911229099e-24,0.956063283008128,0.916,0.47,8.25278518913861e-20,c7,Khdrbs1,0.446,0.408536
2.62383377122359e-24,1.0498145480855,0.804,0.363,8.45661624465362e-20,c7,Mocs2,0.441,0.354564
2.68180034010397e-24,1.15591883401875,0.601,0.213,8.64344249615509e-20,c7,Tbc1d5,0.388,0.233188
2.7360345712089e-24,1.13098328624189,0.748,0.338,8.8182394230063e-20,c7,Nucks1,0.41,0.30668
2.74475279866008e-24,1.0985665078525,0.531,0.169,8.84633827008143e-20,c7,Ppp2r3c,0.362,0.192222
2.8379068691375e-24,1.09387507505946,0.636,0.229,9.14657383923015e-20,c7,Rp9,0.407,0.258852
2.8547344083022e-24,1.0668757644937,0.79,0.366,9.200808997958e-20,c7,Stx12,0.424,0.33496
2.86646797956247e-24,0.985002529601342,0.881,0.459,9.23862629812983e-20,c7,Eif4e,0.422,0.371782
3.1393787348854e-24,1.08956224797635,0.72,0.295,1.01182176625356e-19,c7,Terf2ip,0.425,0.306
3.20491451082639e-24,1.11676114323048,0.615,0.216,1.03294394683935e-19,c7,Dcaf5,0.399,0.245385
3.28142652141231e-24,1.10577489269905,0.699,0.279,1.05760376785119e-19,c7,Ttc33,0.42,0.29358
3.39747517373751e-24,0.979754684439905,0.867,0.384,1.0950062484956e-19,c7,Trim33,0.483,0.418761
3.448555830685e-24,1.3133878607319,0.448,0.134,1.11146954422977e-19,c7,Zfp771,0.314,0.140672
3.45126258842209e-24,1.25968575203567,0.497,0.159,1.11234193224844e-19,c7,Hspbp1,0.338,0.167986
3.62847742103367e-24,1.07416277364911,0.748,0.305,1.16945827279915e-19,c7,Ergic2,0.443,0.331364
3.67477404820609e-24,0.955326032467658,0.846,0.347,1.18437967573682e-19,c7,Coro7,0.499,0.422154
3.89075560242489e-24,1.60849737543648,0.266,0.057,1.25399053066154e-19,c7,Tmsb15b2,0.209,0.055594
4.05572243966556e-24,0.939456671526624,0.909,0.463,1.30715934230421e-19,c7,Atp6v1d,0.446,0.405414
4.13665568604538e-24,1.80392541129593,0.259,0.055,1.33324412761243e-19,c7,Zfp825,0.204,0.052836
4.19499651636901e-24,1.22803539569755,0.503,0.163,1.35204737722573e-19,c7,Phb,0.34,0.17102
4.383461431537e-24,1.63517242850807,0.455,0.148,1.41278961938437e-19,c7,Tshz1,0.307,0.139685
4.50965026242187e-24,1.05469739268968,0.455,0.135,1.45346027957857e-19,c7,Sh3bgrl3,0.32,0.1456
4.60029805475648e-24,0.922232710148403,0.902,0.531,1.48267606304801e-19,c7,Rnf14,0.371,0.334642
4.68655971287953e-24,0.987298181851327,0.776,0.309,1.51047819546107e-19,c7,Mbd5,0.467,0.362392
4.74011682513035e-24,1.17592453935362,0.476,0.144,1.52773965273951e-19,c7,Pop5,0.332,0.158032
4.9579514440916e-24,1.54260943921144,0.35,0.091,1.59794775043072e-19,c7,Arfgap3,0.259,0.09065
5.06108144965789e-24,1.069648244492,0.615,0.214,1.63118655122474e-19,c7,Ints2,0.401,0.246615
5.17144464835898e-24,1.20610079944978,0.601,0.225,1.6667566101661e-19,c7,Bmyc,0.376,0.225976
5.45329535552927e-24,1.14090371982517,0.727,0.316,1.75759709308708e-19,c7,Bpnt1,0.411,0.298797
5.56543604955374e-24,0.804536927354915,1,0.631,1.79374003877117e-19,c7,Arglu1,0.369,0.369
5.74190339727883e-24,1.21335086860905,0.51,0.164,1.85061546494297e-19,c7,Tarsl2,0.346,0.17646
5.97583905371666e-24,0.984047080357225,0.853,0.37,1.92601292701288e-19,c7,Zfp326,0.483,0.411999
6.08215894194319e-24,1.18630087294001,0.608,0.223,1.96027982698829e-19,c7,Atat1,0.385,0.23408
6.21185576108666e-24,1.25903177506798,0.469,0.145,2.00208111179823e-19,c7,Atpaf1,0.324,0.151956
6.21282411154684e-24,0.942944741265834,0.783,0.308,2.00239321115155e-19,c7,Lta4h,0.475,0.371925
6.21483036238905e-24,1.00701260806458,0.825,0.467,2.00303982579799e-19,c7,Cfl1,0.358,0.29535
6.26193387103107e-24,1.02697561577771,0.741,0.302,2.01822128663331e-19,c7,Eif5a,0.439,0.325299
6.39944168192956e-24,1.28514303615564,0.469,0.145,2.0625400540859e-19,c7,Fdxr,0.324,0.151956
6.48454693704887e-24,1.41826838384437,0.378,0.103,2.08996947781085e-19,c7,Armc6,0.275,0.10395
6.57573026613107e-24,1.34944052578722,0.35,0.091,2.11935786477404e-19,c7,Phlda1,0.259,0.09065
6.87696825550407e-24,0.942217895797572,0.916,0.487,2.21644686874896e-19,c7,Hnrnpd,0.429,0.392964
7.16322871097257e-24,1.2437867506915,0.545,0.189,2.30870861354646e-19,c7,Nceh1,0.356,0.19402
7.18913219323618e-24,1.02349293953759,0.636,0.225,2.31705730588002e-19,c7,Rac1,0.411,0.261396
7.74240190667932e-24,1.42380458309408,0.399,0.113,2.49537613452275e-19,c7,Ctps,0.286,0.114114
7.95991993760969e-24,1.09878827041525,0.636,0.229,2.5654821958916e-19,c7,Dip2a,0.407,0.258852
8.09046807546977e-24,2.43930131268448,0.287,0.07,2.60755786072391e-19,c7,Id4,0.217,0.062279
8.16570315604784e-24,1.02539898470888,0.86,0.421,2.63180612719422e-19,c7,Phip,0.439,0.37754
8.17746245275854e-24,0.728846440030749,0.993,0.689,2.63559614852408e-19,c7,Itm2b,0.304,0.301872
8.26318677216063e-24,1.04043651277681,0.832,0.37,2.66322509666737e-19,c7,Mapk14,0.462,0.384384
8.45328021786152e-24,1.21425022372891,0.483,0.15,2.72449221421677e-19,c7,Sfxn4,0.333,0.160839
8.46575385492743e-24,1.27726704253782,0.469,0.145,2.72851246744311e-19,c7,Stx17,0.324,0.151956
8.63015730343004e-24,1.32308167024348,0.42,0.121,2.7814996988955e-19,c7,Sh2d5,0.299,0.12558
8.63184796432088e-24,1.02600107301068,0.741,0.29,2.78204459890062e-19,c7,Cdk9,0.451,0.334191
8.7542491748222e-24,1.15643258669523,0.427,0.122,2.82149450904519e-19,c7,Sipa1l1,0.305,0.130235
8.77173659765026e-24,1.37390785134849,0.357,0.094,2.82713070542268e-19,c7,Gga2,0.263,0.093891
8.83647339989927e-24,1.11013882761747,0.566,0.191,2.84799537678753e-19,c7,Rbm8a,0.375,0.21225
8.94776558978164e-24,1.03960750770604,0.322,0.078,2.88386484958662e-19,c7,Eln,0.244,0.078568
9.23883401506108e-24,1.21958142880059,0.517,0.17,2.97767620305419e-19,c7,Vps9d1,0.347,0.179399
9.29795660991338e-24,0.943393033878228,0.839,0.358,2.99673141537508e-19,c7,Clcn7,0.481,0.403559
9.31103329226715e-24,1.07110786643926,0.678,0.259,3.0009460300977e-19,c7,Slc30a4,0.419,0.284082
9.45314093964129e-24,1.0591743378205,0.517,0.162,3.04674732484639e-19,c7,Thsd7a,0.355,0.183535
9.55780778826654e-24,0.963736212143299,0.832,0.347,3.08048145015831e-19,c7,Ergic1,0.485,0.40352
9.99580566633672e-24,1.09853147976872,0.643,0.237,3.22164816626032e-19,c7,Fbxl19,0.406,0.261058
1.00746190881829e-23,1.03008688526948,0.664,0.243,3.24704973212135e-19,c7,Bsdc1,0.421,0.279544
1.0536924418656e-23,1.13252267532619,0.636,0.242,3.39605074013283e-19,c7,Ccdc124,0.394,0.250584
1.12844642353964e-23,1.37019537560912,0.42,0.122,3.63698282306826e-19,c7,Klhl8,0.298,0.12516
1.15778709849762e-23,1.10626911705608,0.587,0.203,3.73154781845781e-19,c7,P3h3,0.384,0.225408
1.19407091829035e-23,0.903774459821967,0.902,0.517,3.8484905696498e-19,c7,Arf3,0.385,0.34727
1.19762344419129e-23,1.05165618599449,0.727,0.29,3.85994036062854e-19,c7,Tmub2,0.437,0.317699
1.2163547497972e-23,1.00683541816593,0.713,0.269,3.92031135859638e-19,c7,Zfp788,0.444,0.316572
1.22577270591586e-23,1.13275060193553,0.587,0.208,3.95066543116682e-19,c7,Fbxo42,0.379,0.222473
1.25957704365884e-23,1.08854008627916,0.594,0.206,4.05961681171245e-19,c7,Ints11,0.388,0.230472
1.33353469066318e-23,0.893792680291588,0.958,0.503,4.29798230800744e-19,c7,Dctn2,0.455,0.43589
1.34567064485645e-23,1.2347719397518,0.392,0.107,4.33709648837232e-19,c7,Kctd7,0.285,0.11172
1.3784336650349e-23,1.13309886069411,0.643,0.245,4.44269170240749e-19,c7,Vps33a,0.398,0.255914
1.40897881020536e-23,1.16583946181937,0.448,0.132,4.54113870529187e-19,c7,Sirt5,0.316,0.141568
1.41405327680525e-23,1.13883618515064,0.476,0.145,4.55749371114331e-19,c7,Scfd2,0.331,0.157556
1.51613165458156e-23,0.97634046618394,0.902,0.441,4.88649232271635e-19,c7,Prepl,0.461,0.415822
1.54992382902977e-23,0.887759335291363,0.972,0.516,4.99540450096296e-19,c7,March6,0.456,0.443232
1.55742097796479e-23,1.10445544445477,0.531,0.173,5.01956781198052e-19,c7,Spata2,0.358,0.190098
1.56738889208624e-23,1.06373244107747,0.573,0.194,5.05169439919396e-19,c7,Pcnx4,0.379,0.217167
1.56990885846293e-23,1.48260030421303,0.378,0.105,5.05981625082603e-19,c7,Immp2l,0.273,0.103194
1.63047723849662e-23,0.935059522726962,0.923,0.457,5.2550281396746e-19,c7,Trp53bp1,0.466,0.430118
1.650316225407e-23,0.721633221178197,0.979,0.673,5.31896919448676e-19,c7,Nptn,0.306,0.299574
1.69107702018278e-23,1.02280112148741,0.685,0.261,5.45034123604912e-19,c7,Leprotl1,0.424,0.29044
1.71451710076503e-23,0.880666695655192,0.986,0.529,5.52588861576569e-19,c7,Pnn,0.457,0.450602
2.06922530660865e-23,1.26590141184344,0.427,0.125,6.66911316319968e-19,c7,Zfp251,0.302,0.128954
2.14971614455122e-23,0.963613571877184,0.685,0.255,6.92853513388859e-19,c7,Pcyox1,0.43,0.29455
2.18049487300322e-23,0.990252372665519,0.699,0.262,7.02773497568938e-19,c7,Vps35l,0.437,0.305463
2.20284769775212e-23,1.02603873658963,0.664,0.245,7.09977812985509e-19,c7,Eid2,0.419,0.278216
2.30296678209193e-23,0.91847510554042,0.783,0.31,7.42246193868228e-19,c7,Pigq,0.473,0.370359
2.3154965805092e-23,1.24063214922894,0.545,0.195,7.46284547898114e-19,c7,BC029722,0.35,0.19075
2.36359853826949e-23,1.94106561029969,0.315,0.081,7.61787808884257e-19,c7,Lynx1,0.234,0.07371
2.36967091383717e-23,0.982568543257568,0.853,0.402,7.63744935529719e-19,c7,Atad1,0.451,0.384703
2.40968234532276e-23,1.02780191855568,0.762,0.315,7.76640619897525e-19,c7,Gnl1,0.447,0.340614
2.48120730027774e-23,1.12773306716435,0.552,0.19,7.99693112879517e-19,c7,Dnajc15,0.362,0.199824
2.50522534922763e-23,0.933699172969322,0.909,0.453,8.07434130056066e-19,c7,Cdip1,0.456,0.414504
2.62194889079463e-23,1.09942780881156,0.699,0.29,8.4505412750311e-19,c7,Tbcb,0.409,0.285891
2.65471662567245e-23,0.924819875955491,0.944,0.472,8.55615168454229e-19,c7,Pcnx,0.472,0.445568
2.80804711680944e-23,0.993831750219446,0.811,0.353,9.05033585747683e-19,c7,Gmfb,0.458,0.371438
2.92084869749804e-23,1.08919664948164,0.699,0.285,9.4138953520362e-19,c7,Ranbp1,0.414,0.289386
2.9482259322084e-23,1.31876735524366,0.385,0.106,9.50213217950768e-19,c7,Spock1,0.279,0.107415
3.05513157101953e-23,0.970484535202793,0.79,0.314,9.84668905339594e-19,c7,Eml6,0.476,0.37604
3.07513269757897e-23,1.08037258222391,0.643,0.243,9.91115268429702e-19,c7,Eif3i,0.4,0.2572
3.11320524663596e-23,1.12848303488433,0.622,0.231,1.00338605099077e-18,c7,Supt5,0.391,0.243202
3.15230697828572e-23,1.1807346462199,0.503,0.163,1.01598853910149e-18,c7,Pigu,0.34,0.17102
3.17230264897983e-23,0.98047398086807,0.811,0.353,1.0224331437662e-18,c7,Tmem170b,0.458,0.371438
3.23313386457295e-23,1.03774604809844,0.79,0.351,1.04203904455186e-18,c7,Npm1,0.439,0.34681
3.24372001783449e-23,0.952664053027459,0.545,0.179,1.04545096174806e-18,c7,Tmem189,0.366,0.19947
3.24654626169425e-23,0.955804922941499,0.797,0.325,1.04636186014406e-18,c7,Slc25a46,0.472,0.376184
3.32366458515022e-23,1.4406039676321,0.336,0.087,1.07121709579392e-18,c7,Atic,0.249,0.083664
3.35627024653664e-23,0.747012000916648,0.972,0.615,1.08172590045876e-18,c7,Sptbn1,0.357,0.347004
3.38255534672248e-23,0.964987660700591,0.874,0.404,1.09019758824865e-18,c7,Znrf1,0.47,0.41078
3.41955348255007e-23,1.23521679920106,0.538,0.182,1.10212208742589e-18,c7,Per2,0.356,0.191528
3.71172858008575e-23,0.906976620889737,0.923,0.504,1.19629012136164e-18,c7,Wdr6,0.419,0.386737
3.71729880735636e-23,1.42197784261223,0.399,0.115,1.19808540561096e-18,c7,Mcc,0.284,0.113316
3.81794774936236e-23,1.07164417465469,0.664,0.256,1.23052455961949e-18,c7,Smarcal1,0.408,0.270912
3.87654283353821e-23,0.941551812190974,0.853,0.377,1.24940975524936e-18,c7,Sacm1l,0.476,0.406028
3.94287453789363e-23,1.04785585238385,0.741,0.314,1.27078846356312e-18,c7,Rab11a,0.427,0.316407
4.03870381890074e-23,0.998439491254346,0.741,0.292,1.30167424083171e-18,c7,Cplane1,0.449,0.332709
4.09017851990583e-23,0.963480976038985,0.79,0.343,1.31826453696565e-18,c7,Skil,0.447,0.35313
4.169922904964e-23,1.06056625761713,0.811,0.396,1.3439661522699e-18,c7,Wdr1,0.415,0.336565
4.19221163339946e-23,1.10618380336009,0.65,0.251,1.35114980944465e-18,c7,Chmp7,0.399,0.25935
4.33742451493967e-23,1.08526821602608,0.748,0.33,1.39795192116506e-18,c7,Repin1,0.418,0.312664
4.49681773928478e-23,1.07274012251886,0.622,0.227,1.44932435737148e-18,c7,Tmem184b,0.395,0.24569
4.56733220033917e-23,1.43428624756869,0.476,0.156,1.47205116816931e-18,c7,Crlf2,0.32,0.15232
4.62459611938668e-23,1.19419965054078,0.58,0.209,1.49050732927833e-18,c7,Map4k2,0.371,0.21518
4.78502267036056e-23,1.36487585563299,0.322,0.08,1.54221280665721e-18,c7,Eef1aknmt,0.242,0.077924
4.95202156490249e-23,1.10186343744265,0.615,0.227,1.59603655036807e-18,c7,Hras,0.388,0.23862
5.1460431454167e-23,0.887995572957463,0.944,0.514,1.6585697057678e-18,c7,Fam168a,0.43,0.40592
5.14941331222535e-23,1.00656955225985,0.762,0.317,1.65965591053023e-18,c7,Larp1,0.445,0.33909
5.178903928682e-23,0.988355748623322,0.776,0.317,1.66916073621421e-18,c7,Tmem161b,0.459,0.356184
5.40613008470455e-23,1.19000061869282,0.566,0.202,1.74239572630028e-18,c7,Cblb,0.364,0.206024
5.4711999769092e-23,1.01087340139706,0.657,0.245,1.76336775255784e-18,c7,Zfp369,0.412,0.270684
5.59388640932733e-23,1.04016666103236,0.734,0.307,1.8029095897262e-18,c7,Sae1,0.427,0.313418
5.951231808087e-23,1.47806151953016,0.378,0.108,1.91808201174644e-18,c7,Nagk,0.27,0.10206
6.16947642490739e-23,1.04403075689939,0.748,0.314,1.98842225174765e-18,c7,Meaf6,0.434,0.324632
6.42962893958634e-23,1.09046180562526,0.713,0.303,2.07226940722868e-18,c7,Ier3ip1,0.41,0.29233
6.53152926173737e-23,0.967423901349553,0.825,0.353,2.10511188105795e-18,c7,Ring1,0.472,0.3894
6.8005475527775e-23,1.2602871669025,0.49,0.16,2.19181647626019e-18,c7,Bcl7c,0.33,0.1617
6.9669265896734e-23,1.3028353247703,0.455,0.141,2.24544043985174e-18,c7,Ankrd37,0.314,0.14287
6.99826752348913e-23,1.1011248826905,0.636,0.239,2.25554162282055e-18,c7,Kri1,0.397,0.252492
7.14377804906587e-23,0.950897552662385,0.678,0.257,2.30243966521393e-18,c7,Uqcc2,0.421,0.285438
7.15000361848585e-23,1.16838726419523,0.483,0.154,2.30444616623799e-18,c7,Zscan18,0.329,0.158907
7.38923940191338e-23,0.885061949986175,0.965,0.531,2.38155185923668e-18,c7,Tial1,0.434,0.41881
7.85240445258582e-23,1.07969112578951,0.608,0.222,2.53082995506841e-18,c7,Xrcc1,0.386,0.234688
7.9129052595028e-23,1.00947398534295,0.797,0.356,2.55032936513775e-18,c7,Klc2,0.441,0.351477
7.96574878403279e-23,1.14515269629904,0.594,0.218,2.56736083309377e-18,c7,Pnpt1,0.376,0.223344
8.00358233530161e-23,1.15022078116186,0.699,0.303,2.57955458666771e-18,c7,Msmo1,0.396,0.276804
8.31432326769033e-23,1.07056708066923,0.483,0.152,2.67970638917659e-18,c7,Cttnbp2nl,0.331,0.159873
8.56959571067293e-23,1.78913968713605,0.294,0.072,2.76198069754989e-18,c7,Ppp1r14b,0.222,0.065268
9.40173983858892e-23,0.890856734707705,0.965,0.492,3.03018074997721e-18,c7,Spag9,0.473,0.456445
1.07731688112979e-22,0.925637976392978,0.874,0.391,3.4721923078813e-18,c7,Dcun1d5,0.483,0.422142
1.08538003951426e-22,0.818997635025006,0.958,0.572,3.49817986735446e-18,c7,Paip2,0.386,0.369788
1.11005778514038e-22,1.18397548092947,0.552,0.195,3.57771624150745e-18,c7,Ccdc22,0.357,0.197064
1.11050587666716e-22,0.858044576826112,0.909,0.551,3.57916044049825e-18,c7,Cltc,0.358,0.325422
1.16511549938497e-22,0.934209392815214,0.72,0.272,3.75516725451775e-18,c7,Nup205,0.448,0.32256
1.19901973647269e-22,0.990557651532922,0.734,0.293,3.86444061065148e-18,c7,Tsc1,0.441,0.323694
1.21140165421001e-22,1.40396153445451,0.378,0.106,3.90434753151886e-18,c7,Mogs,0.272,0.102816
1.21287868486816e-22,1.16757610988363,0.51,0.17,3.9091080013301e-18,c7,Zmat1,0.34,0.1734
1.24809109897896e-22,1.04564899902772,0.587,0.206,4.02259761200918e-18,c7,Nin,0.381,0.223647
1.25401276711385e-22,1.07737639932197,0.538,0.181,4.04168314840793e-18,c7,Glrx3,0.357,0.192066
1.26315987225163e-22,1.0675072784224,0.594,0.212,4.071164268267e-18,c7,Flot1,0.382,0.226908
1.26624312243523e-22,0.857579371264052,0.944,0.548,4.08110158360874e-18,c7,Stk25,0.396,0.373824
1.34753207701108e-22,0.952431669647427,0.79,0.327,4.34309588420672e-18,c7,Tasor2,0.463,0.36577
1.39618820924019e-22,0.95811621086984,0.797,0.337,4.49991459838115e-18,c7,Smg6,0.46,0.36662
1.42465590580029e-22,1.49378887373948,0.357,0.099,4.59166598439435e-18,c7,Cdc14b,0.258,0.092106
1.45845677487182e-22,0.897676701725873,0.944,0.496,4.70060618541188e-18,c7,Appl1,0.448,0.422912
1.47090408091226e-22,1.40318529149266,0.252,0.054,4.7407238527802e-18,c7,Pde3b,0.198,0.049896
1.50981093531116e-22,0.980999102957585,0.783,0.332,4.86612064450786e-18,c7,Cdadc1,0.451,0.353133
1.56086431228349e-22,1.0403950796719,0.664,0.256,5.03066567848967e-18,c7,Eif2d,0.408,0.270912
1.56207509411689e-22,0.919843506090027,0.923,0.447,5.03456802833872e-18,c7,Atp13a2,0.476,0.439348
1.5698513474504e-22,0.91296450163951,0.923,0.459,5.05963089283263e-18,c7,Rev3l,0.464,0.428272
1.63568075046187e-22,1.25889520281083,0.385,0.108,5.27179905873862e-18,c7,Mkrn3,0.277,0.106645
1.65367154593718e-22,0.913777341260036,0.923,0.441,5.32978339255553e-18,c7,Tut4,0.482,0.444886
1.67942943941328e-22,0.927662652101137,0.804,0.339,5.41280108322899e-18,c7,H13,0.465,0.37386
1.69279436570937e-22,0.971191370237926,0.818,0.365,5.45587624068129e-18,c7,Brk1,0.453,0.370554
1.72745840543878e-22,0.926075400168791,0.888,0.389,5.56759844072919e-18,c7,Xrn2,0.499,0.443112
1.79950506326115e-22,1.53866896564017,0.259,0.057,5.7998048188907e-18,c7,Dipk1c,0.202,0.052318
1.83138244740293e-22,1.06892723788663,0.538,0.179,5.90254562797964e-18,c7,Lmf1,0.359,0.193142
1.86174814006661e-22,1.19598254300886,0.552,0.194,6.00041425543468e-18,c7,Mrtfb,0.358,0.197616
1.92046918879288e-22,1.04870808235885,0.692,0.278,6.18967219547946e-18,c7,Dda1,0.414,0.286488
1.92152999799236e-22,1.11270490448506,0.594,0.217,6.19309118352936e-18,c7,Slc35b4,0.377,0.223938
1.99156626099085e-22,1.05356013458646,0.678,0.273,6.41881805917351e-18,c7,Ccnh,0.405,0.27459
1.99647152392884e-22,0.961123957710944,0.846,0.381,6.43462772162265e-18,c7,Pcdhgc3,0.465,0.39339
2.03389283270633e-22,0.972754743806006,0.832,0.39,6.55523659981251e-18,c7,Naa15,0.442,0.367744
2.05886712726286e-22,1.00048978710536,0.678,0.26,6.6357287511682e-18,c7,Abcb7,0.418,0.283404
2.17471981059361e-22,1.2930593764998,0.42,0.126,7.00912194954322e-18,c7,Magi3,0.294,0.12348
2.18381729574085e-22,1.06885794104525,0.678,0.277,7.03844314417274e-18,c7,Ola1,0.401,0.271878
2.25810463296205e-22,1.59569375194795,0.301,0.075,7.2778712320367e-18,c7,Rpusd1,0.226,0.068026
2.3273896102942e-22,0.979577692456151,0.818,0.393,7.50117671397822e-18,c7,Gsk3a,0.425,0.34765
2.38779463493668e-22,0.88850165240776,0.923,0.515,7.69586210840091e-18,c7,Srsf3,0.408,0.376584
2.38945090426078e-22,1.23010363531954,0.42,0.127,7.70120026443251e-18,c7,Mgat4b,0.293,0.12306
2.51441981745399e-22,1.2792287010756,0.483,0.162,8.10397507165422e-18,c7,Usp20,0.321,0.155043
2.54201156476155e-22,1.13598228784756,0.469,0.148,8.19290327322648e-18,c7,Wsb2,0.321,0.150549
2.54381012485309e-22,0.926838320774627,0.846,0.368,8.1987000324015e-18,c7,Zfp664,0.478,0.404388
2.59321506662123e-22,0.995287826164226,0.797,0.356,8.35793215972022e-18,c7,Stam,0.441,0.351477
2.60354936659475e-22,1.51863263811114,0.364,0.103,8.39123960853487e-18,c7,Ppil3,0.261,0.095004
2.65080181479352e-22,0.957830339756331,0.783,0.324,8.54353424907953e-18,c7,Rabl6,0.459,0.359397
2.68625328677562e-22,1.21117983121509,0.462,0.148,8.65779434327784e-18,c7,Rcc2,0.314,0.145068
2.74044859078635e-22,1.05657094484968,0.58,0.206,8.83246580810441e-18,c7,Slc35e3,0.374,0.21692
2.74171590369325e-22,0.974260975905114,0.692,0.267,8.83655035760333e-18,c7,Emd,0.425,0.2941
3.05215777396775e-22,1.02057693749547,0.72,0.299,9.83710450549806e-18,c7,Mcmbp,0.421,0.30312
3.05876016476043e-22,1.02339512885241,0.713,0.292,9.85838401102285e-18,c7,Lypla2,0.421,0.300173
3.08572596489661e-22,0.888294651332219,0.902,0.498,9.94529478486177e-18,c7,Tmem106b,0.404,0.364408
3.24515141695663e-22,1.15328299010385,0.622,0.249,1.04591230168512e-17,c7,Tmsb10,0.373,0.232006
3.31423067397222e-22,1.57114928323721,0.392,0.119,1.06817654622125e-17,c7,Nup93,0.273,0.107016
3.33333095160076e-22,1.25706159748285,0.441,0.136,1.07433256570092e-17,c7,Sbsn,0.305,0.134505
3.49935831799841e-22,1.1131832874991,0.559,0.201,1.12784318589089e-17,c7,Selenoi,0.358,0.200122
3.50382792424716e-22,0.889868793103462,0.937,0.487,1.12928373998486e-17,c7,Smg1,0.45,0.42165
3.50514574444252e-22,1.31393202059982,0.51,0.18,1.12970847343383e-17,c7,Nt5dc3,0.33,0.1683
3.53592544549595e-22,1.33082049299005,0.399,0.117,1.13962877108334e-17,c7,Hist1h2bn,0.282,0.112518
3.55904813609067e-22,0.931844681003619,0.853,0.378,1.14708121426202e-17,c7,Dnajc27,0.475,0.405175
3.57077317364496e-22,1.20700375919265,0.469,0.15,1.15086019386577e-17,c7,Zfp983,0.319,0.149611
3.57873283822101e-22,1.04975183809446,0.552,0.188,1.15342559375863e-17,c7,Mettl17,0.364,0.200928
3.69377708495614e-22,1.00196356683818,0.769,0.325,1.19050435448136e-17,c7,Tbl1x,0.444,0.341436
3.80610046430868e-22,1.17306898596491,0.455,0.143,1.22670617964669e-17,c7,Zfp629,0.312,0.14196
3.83367019220529e-22,0.938446370100519,0.797,0.332,1.23559190294776e-17,c7,Osbpl2,0.465,0.370605
3.9345431077374e-22,1.39324586274019,0.58,0.225,1.26810324362376e-17,c7,Olfm1,0.355,0.2059
4.16706286766814e-22,1.17814933954514,0.524,0.182,1.34304436224944e-17,c7,Fbxo31,0.342,0.179208
4.17170496988765e-22,1.16434307870886,0.636,0.254,1.34454051179479e-17,c7,Pcdhga12,0.382,0.242952
4.24985206852747e-22,1.22793001367281,0.538,0.195,1.3697273216864e-17,c7,Pkp4,0.343,0.184534
4.35750288980517e-22,1.00246143909729,0.685,0.274,1.40442318138421e-17,c7,Ap1ar,0.411,0.281535
4.55979333943561e-22,1.03864557669333,0.706,0.29,1.4696213933001e-17,c7,Fbh1,0.416,0.293696
4.56143264245912e-22,1.07719172674343,0.664,0.262,1.47014974066457e-17,c7,Usp36,0.402,0.266928
4.60191493070342e-22,1.13840102201053,0.469,0.152,1.48319718216571e-17,c7,Crot,0.317,0.148673
4.89006880218991e-22,1.2239336259699,0.476,0.155,1.57606917494581e-17,c7,Dhx33,0.321,0.152796
5.00845988300201e-22,1.22611566086444,0.462,0.148,1.61422662029155e-17,c7,Fbl,0.314,0.145068
5.06843103468394e-22,0.666953573140862,0.972,0.744,1.63355532247864e-17,c7,Tspan7,0.228,0.221616
5.32962909387354e-22,1.1247086305423,0.538,0.188,1.71773945695544e-17,c7,Pus10,0.35,0.1883
5.36508909022462e-22,0.962445537591714,0.853,0.433,1.7291682137794e-17,c7,Napb,0.42,0.35826
5.36578376165129e-22,1.01561637410723,0.65,0.246,1.72939210638021e-17,c7,Gtf2h2,0.404,0.2626
5.62440514822347e-22,0.986160813366329,0.769,0.326,1.81274577927242e-17,c7,Arl2bp,0.443,0.340667
5.80484648204738e-22,1.01536602136163,0.818,0.403,1.87090202116387e-17,c7,Kdm7a,0.415,0.33947
5.97836987234791e-22,1.00623880447514,0.685,0.268,1.92682860985773e-17,c7,Phtf1,0.417,0.285645
5.99083872398279e-22,1.06942919699363,0.608,0.227,1.93084732073965e-17,c7,Sgta,0.381,0.231648
6.041053546849e-22,0.979545074169039,0.79,0.361,1.94703155814943e-17,c7,Bcl2l2,0.429,0.33891
6.08986253476771e-22,1.50026385809798,0.364,0.104,1.96276269495563e-17,c7,Tmco6,0.26,0.09464
6.12091455522432e-22,0.907247690046064,0.902,0.458,1.9727707611488e-17,c7,Pip4p1,0.444,0.400488
6.54124711373876e-22,1.19417414697064,0.51,0.176,2.108243944758e-17,c7,Hdac8,0.334,0.17034
6.65933793400607e-22,1.16924205761842,0.531,0.186,2.14630461613016e-17,c7,Ercc5,0.345,0.183195
6.67073606755761e-22,1.00648436417688,0.559,0.191,2.14997823457382e-17,c7,Pdss1,0.368,0.205712
6.78873846772707e-22,0.942382873247959,0.664,0.249,2.18801040814843e-17,c7,Tmem29,0.415,0.27556
7.31679340976169e-22,1.00804175845626,0.713,0.291,2.35820251596619e-17,c7,Sms,0.422,0.300886
7.54209027540497e-22,1.27425242655737,0.448,0.143,2.43081569576302e-17,c7,Ksr1,0.305,0.13664
7.56342067074414e-22,0.977835784084336,0.818,0.476,2.43769048218084e-17,c7,Ccni,0.342,0.279756
8.20219706396638e-22,2.19399747958171,0.252,0.059,2.64356811371636e-17,c7,Shisal1,0.193,0.048636
8.2962612382136e-22,1.06978979312009,0.755,0.368,2.67388499707624e-17,c7,Sumo2,0.387,0.292185
8.39476580707355e-22,0.978239625672111,0.734,0.312,2.7056330196198e-17,c7,Papss1,0.422,0.309748
8.42914365684061e-22,1.13348652703955,0.545,0.193,2.71671300059973e-17,c7,Gtpbp6,0.352,0.19184
8.58065934591301e-22,0.921865806300605,0.811,0.346,2.76554650718776e-17,c7,Pxk,0.465,0.377115
8.70035339513346e-22,1.03872204426908,0.58,0.21,2.80412389925152e-17,c7,Clcc1,0.37,0.2146
8.71706422418616e-22,0.954833919907315,0.832,0.382,2.8095097994552e-17,c7,Kdm4a,0.45,0.3744
9.09130382052683e-22,1.13705865074401,0.587,0.222,2.9301272213558e-17,c7,Lsm3,0.365,0.214255
9.201564589366e-22,1.23540715892465,0.364,0.101,2.96566426715266e-17,c7,Mtmr12,0.263,0.095732
9.60958840799809e-22,0.896357733235775,0.888,0.428,3.09717034389778e-17,c7,Setd3,0.46,0.40848
1.04777765825656e-21,0.906759948548685,0.867,0.453,3.37698739256088e-17,c7,Tom1l2,0.414,0.358938
1.04849596816243e-21,1.02301103488653,0.51,0.17,3.37930250538752e-17,c7,Acyp2,0.34,0.1734
1.10816217223493e-21,0.82673389094526,0.748,0.292,3.57160668111316e-17,c7,Abcd3,0.456,0.341088
1.12070058598727e-21,1.31509220183492,0.378,0.109,3.61201798863696e-17,c7,Lsm11,0.269,0.101682
1.15928495740984e-21,0.929019096667096,0.846,0.4,3.73637541773191e-17,c7,Vps35,0.446,0.377316
1.18874415159204e-21,1.53682508708347,0.371,0.11,3.83132240058116e-17,c7,Rgs3,0.261,0.096831
1.23871295547057e-21,0.874246038648664,0.951,0.517,3.99237185548166e-17,c7,Scg5,0.434,0.412734
1.24250370555612e-21,1.30835714754498,0.378,0.108,4.00458944300739e-17,c7,Nynrin,0.27,0.10206
1.29243781978715e-21,1.16558758007127,0.594,0.232,4.16552709317397e-17,c7,Tusc2,0.362,0.215028
1.31434717910642e-21,1.39437998770507,0.329,0.088,4.23614095825998e-17,c7,Thtpa,0.241,0.079289
1.34506051655907e-21,1.11983901236632,0.615,0.237,4.3351300448699e-17,c7,Sc5d,0.378,0.23247
1.36220992224791e-21,1.18305569109385,0.357,0.099,4.39040257940501e-17,c7,Nipa1,0.258,0.092106
1.39621006614741e-21,0.745397908296912,0.944,0.445,4.49998504319309e-17,c7,Gaa,0.499,0.471056
1.39692725356966e-21,1.09401516079456,0.671,0.281,4.50229653825502e-17,c7,Dnajb4,0.39,0.26169
1.41062253462294e-21,0.891028256315237,0.909,0.475,4.54643642908972e-17,c7,Stub1,0.434,0.394506
1.43062852511225e-21,0.882170359384344,0.895,0.494,4.61091573643679e-17,c7,Ik,0.401,0.358895
1.45079265464024e-21,1.03056469250317,0.685,0.28,4.67590472590549e-17,c7,Fh1,0.405,0.277425
1.45231424568572e-21,0.985632542702844,0.545,0.186,4.68080881384507e-17,c7,Naa25,0.359,0.195655
1.45438966130443e-21,1.49934369579681,0.294,0.073,4.68749787838419e-17,c7,Skp2,0.221,0.064974
1.48364518096166e-21,1.38007613838277,0.413,0.128,4.78178841823944e-17,c7,Zfp518b,0.285,0.117705
1.49475726424582e-21,0.98339669936487,0.769,0.339,4.81760266266428e-17,c7,Rnf103,0.43,0.33067
1.52820551494418e-21,1.09190414077102,0.608,0.23,4.92540637466509e-17,c7,Fkrp,0.378,0.229824
1.57443512718862e-21,1.53320764414925,0.427,0.141,5.07440441492894e-17,c7,Paqr3,0.286,0.122122
1.65067788578511e-21,0.985357721328802,0.692,0.28,5.3201348258854e-17,c7,Dcaf12,0.412,0.285104
1.69056186003382e-21,0.940020607195576,0.832,0.384,5.448680874889e-17,c7,Klhdc10,0.448,0.372736
1.71519147863587e-21,1.10991631330903,0.476,0.157,5.52806213564341e-17,c7,Smim20,0.319,0.151844
1.7531282083903e-21,0.890895509176907,0.923,0.443,5.65033221564194e-17,c7,Cnot10,0.48,0.44304
1.75368834504461e-21,0.941984353595012,0.797,0.352,5.65213753607879e-17,c7,Hgs,0.445,0.354665
1.76513270753727e-21,1.32797955790686,0.392,0.117,5.68902271639262e-17,c7,Ppp1r26,0.275,0.1078
1.77623682220383e-21,1.0095783493765,0.713,0.292,5.72481127796294e-17,c7,DEPRECATED-ENSMUSG00000022521,0.421,0.300173
1.77732647193881e-21,0.79137821073725,0.49,0.155,5.72832321905877e-17,c7,Azin2,0.335,0.16415
1.80814053236119e-21,0.897126188263815,0.888,0.442,5.82763693580011e-17,c7,Nsfl1c,0.446,0.396048
1.81681630714734e-21,0.940341910105378,0.818,0.368,5.85559895793586e-17,c7,Hdac2,0.45,0.3681
1.82559091908816e-21,1.33196085227613,0.455,0.149,5.88387953222113e-17,c7,Hic2,0.306,0.13923
1.89175770185572e-21,0.986374217654478,0.622,0.237,6.09713507308097e-17,c7,Vegfb,0.385,0.23947
1.9172112975844e-21,0.891969297836114,0.909,0.397,6.17917201211452e-17,c7,App,0.512,0.465408
1.98745901739355e-21,0.989457024861352,0.601,0.22,6.40558041305942e-17,c7,Mesd,0.381,0.228981
1.99888311585233e-21,1.53302778367658,0.35,0.099,6.44240028239207e-17,c7,Spred2,0.251,0.08785
2.03719104256826e-21,0.932376542936221,0.783,0.333,6.56586673019749e-17,c7,Prpsap1,0.45,0.35235
2.1106989057361e-21,1.03030033763501,0.615,0.232,6.80278257318744e-17,c7,Ddx19b,0.383,0.235545
2.1307295619968e-21,0.901689607197762,0.902,0.437,6.86734137831567e-17,c7,Tasor,0.465,0.41943
2.1859484139526e-21,0.989298340268903,0.517,0.173,7.04531173816925e-17,c7,Gclc,0.344,0.177848
2.26751706454982e-21,1.2323213411131,0.42,0.129,7.30820749904408e-17,c7,Zc3h12c,0.291,0.12222
2.31207531145388e-21,0.662411731296243,1,0.715,7.45181872881586e-17,c7,Leng8,0.285,0.285
2.31876658067852e-21,1.06400405865927,0.559,0.199,7.47338468952688e-17,c7,Mpi,0.36,0.20124
2.33058051115056e-21,0.953034060523695,0.776,0.346,7.51146098743826e-17,c7,Tmem147,0.43,0.33368
2.41465210398132e-21,1.14636446552865,0.552,0.2,7.78242373113178e-17,c7,Sox12,0.352,0.194304
2.4217745245332e-21,0.910097697654591,0.888,0.441,7.8053792925705e-17,c7,Srpk1,0.447,0.396936
2.45855001831305e-21,0.90293671160927,0.853,0.388,7.92390670902298e-17,c7,Ralgps1,0.465,0.396645
2.5456605811927e-21,0.980550717706987,0.79,0.366,8.20466405318408e-17,c7,Zc3h15,0.424,0.33496
2.55477174602592e-21,0.967077155228386,0.846,0.523,8.23402933744155e-17,c7,Nrep,0.323,0.273258
2.63155556007926e-21,0.889370824848834,0.769,0.312,8.48150357013544e-17,c7,M6pr,0.457,0.351433
2.63456591453594e-21,1.22215148470169,0.413,0.126,8.49120594254933e-17,c7,Prkx,0.287,0.118531
2.75329932138771e-21,0.62824589245459,0.979,0.719,8.8738837128326e-17,c7,Eif4a2,0.26,0.25454
2.78205552031893e-21,0.925793338805274,0.853,0.423,8.96656494198791e-17,c7,Nudcd3,0.43,0.36679
2.79242754599047e-21,1.13280002964822,0.531,0.189,8.99999398072727e-17,c7,Kctd6,0.342,0.181602
2.84417024442045e-21,0.889689112877339,0.699,0.266,9.16676069776712e-17,c7,Tbck,0.433,0.302667
2.99870173045543e-21,0.954205957234866,0.713,0.295,9.66481567725785e-17,c7,Pcmtd1,0.418,0.298034
3.00559574501084e-21,0.965392161147737,0.769,0.342,9.68703508616994e-17,c7,Bap1,0.427,0.328363
3.02963180047795e-21,0.868964375248778,0.916,0.503,9.76450329294044e-17,c7,Ubr4,0.413,0.378308
3.12238022512528e-21,0.925311375369426,0.727,0.292,1.00634314655788e-16,c7,Ppm1g,0.435,0.316245
3.17515707617808e-21,0.910120436155221,0.608,0.219,1.0233531256522e-16,c7,Txn1,0.389,0.236512
3.17886386415448e-21,1.08763335352242,0.441,0.136,1.02454782341699e-16,c7,Abcb6,0.305,0.134505
3.21942649641973e-21,1.81352160365487,0.266,0.064,1.03762115979608e-16,c7,Peak1,0.202,0.053732
3.34200015751947e-21,0.79625496457093,0.804,0.329,1.07712665076852e-16,c7,Cdh2,0.475,0.3819
3.4931337790624e-21,0.85526393640572,0.937,0.519,1.12583701699181e-16,c7,Ipo9,0.418,0.391666
3.644544268423e-21,1.04577348507704,0.51,0.172,1.17463661771273e-16,c7,Rp2,0.338,0.17238
3.71786244978042e-21,1.12881486947037,0.476,0.156,1.19826706756423e-16,c7,Eid2b,0.32,0.15232
3.77533056795534e-21,0.875853728064588,0.923,0.499,1.21678904205201e-16,c7,Nsmce2,0.424,0.391352
3.90018464918991e-21,1.01283673199138,0.762,0.367,1.25702951243391e-16,c7,Atp6v1f,0.395,0.30099
3.90083900899659e-21,0.883152327817126,0.748,0.3,1.2572404125996e-16,c7,Cir1,0.448,0.335104
4.05237024801632e-21,1.14640534981959,0.517,0.181,1.30607893093566e-16,c7,Hmces,0.336,0.173712
4.07084456365937e-21,1.01132715762995,0.608,0.228,1.31203320286742e-16,c7,Nampt,0.38,0.23104
4.13135354886861e-21,1.33316898186191,0.392,0.118,1.33153524880035e-16,c7,Rab31,0.274,0.107408
4.14163966376282e-21,1.07787434841379,0.517,0.175,1.33485046363076e-16,c7,BC024063,0.342,0.176814
4.20676147335227e-21,1.02440761648697,0.58,0.214,1.35583922286144e-16,c7,Nop10,0.366,0.21228
4.22055487464464e-21,0.948234372455715,0.734,0.303,1.36028483609797e-16,c7,Paxip1,0.431,0.316354
4.48483402998261e-21,0.935625740527028,0.818,0.483,1.44546200786339e-16,c7,Mrfap1,0.335,0.27403
4.59126997581012e-21,1.21769537766498,0.406,0.123,1.4797663132036e-16,c7,Adck1,0.283,0.114898
4.63089099501072e-21,1.03683672962611,0.657,0.269,1.49253616769195e-16,c7,Tceal8,0.388,0.254916
4.84674528495446e-21,0.933209826519054,0.832,0.418,1.56210600534082e-16,c7,Rheb,0.414,0.344448
4.94137708771586e-21,0.974211974953012,0.671,0.261,1.59260583537082e-16,c7,Zfyve9,0.41,0.27511
5.25373562068758e-21,0.99523569377667,0.678,0.272,1.69327899054761e-16,c7,Pick1,0.406,0.275268
5.56029900655812e-21,0.91738561125373,0.818,0.365,1.79208436981368e-16,c7,Srp72,0.453,0.370554
5.66375398825177e-21,1.08118203163349,0.524,0.185,1.82542791041355e-16,c7,Ebag9,0.339,0.177636
5.8920075275508e-21,0.862742309055784,0.944,0.527,1.89899402612962e-16,c7,Sh3gl2,0.417,0.393648
6.00102555405967e-21,0.849296446382159,0.958,0.538,1.93413053607343e-16,c7,Strbp,0.42,0.40236
6.02274660375304e-21,0.976969179219512,0.797,0.382,1.94113123038961e-16,c7,Actr10,0.415,0.330755
6.57652015461814e-21,0.944105312192757,0.706,0.283,2.11961244583343e-16,c7,Eml4,0.423,0.298638
6.65125947818067e-21,0.772539204543504,0.979,0.611,2.14370092981763e-16,c7,Sfpq,0.368,0.360272
6.6528053761268e-21,0.916194742010582,0.42,0.127,2.14419917272567e-16,c7,Dipk1a,0.293,0.12306
6.894814752661e-21,1.24181101026641,0.399,0.121,2.22219879478264e-16,c7,Cdkl5,0.278,0.110922
7.09105345140868e-21,1.06985261247488,0.483,0.162,2.28544652738902e-16,c7,Gadd45b,0.321,0.155043
7.13915933214527e-21,1.02048023751516,0.657,0.267,2.30095105275042e-16,c7,Trim8,0.39,0.25623
7.30001044831484e-21,0.94809724077008,0.455,0.14,2.35279336749187e-16,c7,Capn2,0.315,0.143325
7.49610289516917e-21,1.14546439929931,0.49,0.166,2.41599396311302e-16,c7,Stambp,0.324,0.15876
7.709402291681e-21,0.864422486780932,0.944,0.507,2.48474035860879e-16,c7,Zfp280d,0.437,0.412528
8.1921618080264e-21,0.917770009360959,0.846,0.391,2.64033375072691e-16,c7,Dmwd,0.455,0.38493
8.20288111571505e-21,0.955156709987941,0.266,0.062,2.64378858359496e-16,c7,Ltbp4,0.204,0.054264
8.4805526617161e-21,0.929127052331064,0.825,0.383,2.7332821228711e-16,c7,Narf,0.442,0.36465
8.54293024286891e-21,1.14039233919133,0.469,0.155,2.75338641727665e-16,c7,Rhobtb3,0.314,0.147266
8.56640996658324e-21,1.03024110166155,0.608,0.233,2.76095393222978e-16,c7,Cnot9,0.375,0.228
8.73789538129219e-21,0.93402659851526,0.734,0.31,2.81622368139047e-16,c7,Tex2,0.424,0.311216
8.7856251650835e-21,0.960237876577708,0.762,0.343,2.83160699070641e-16,c7,Gtf2h5,0.419,0.319278
8.82810499890152e-21,1.52424327507502,0.259,0.061,2.84529824114596e-16,c7,Btbd6,0.198,0.051282
8.89491522497977e-21,1.24448250912898,0.378,0.111,2.86683117701098e-16,c7,Ncapd2,0.267,0.100926
8.9076104126722e-21,1.25399841483181,0.413,0.129,2.87092283600425e-16,c7,Sumf2,0.284,0.117292
9.23367901206197e-21,0.97053852065693,0.629,0.241,2.97601474558757e-16,c7,Clns1a,0.388,0.244052
9.28881078077451e-21,1.39848526834675,0.385,0.118,2.99378371464363e-16,c7,Gys1,0.267,0.102795
9.43679333309293e-21,0.835947585483448,0.909,0.526,3.04147849125585e-16,c7,Sod2,0.383,0.348147
9.51355707919048e-21,1.17764736316477,0.49,0.17,3.06621944662309e-16,c7,Fam136a,0.32,0.1568
9.70633177449268e-21,1.26125904611998,0.406,0.126,3.12835073091899e-16,c7,Cep83,0.28,0.11368
1.02529655665351e-20,0.859925302448356,0.552,0.188,3.30453080209426e-16,c7,Lix1l,0.364,0.200928
1.0980055584686e-20,0.845291226215696,0.916,0.523,3.53887191494431e-16,c7,Copa,0.393,0.359988
1.15228254857691e-20,1.03034749321954,0.79,0.418,3.71380665406337e-16,c7,Tpi1,0.372,0.29388
1.20153968065534e-20,1.0110608996797,0.748,0.345,3.87256239075216e-16,c7,Ube2v2,0.403,0.301444
1.21133548929353e-20,0.769942335664503,0.937,0.607,3.90413428199303e-16,c7,Ppp2ca,0.33,0.30921
1.21348424631533e-20,0.927656735632557,0.769,0.333,3.91105972587432e-16,c7,Tpp2,0.436,0.335284
1.26787562151766e-20,0.825876564902564,0.336,0.089,4.08636312815142e-16,c7,Gmpr,0.247,0.082992
1.29691369979118e-20,0.919248630207593,0.706,0.281,4.17995285442698e-16,c7,Tex10,0.425,0.30005
1.30185860297629e-20,0.955352889941343,0.804,0.374,4.19589027739258e-16,c7,Zbtb38,0.43,0.34572
1.32404016728275e-20,1.2644906925809,0.594,0.242,4.2673814591523e-16,c7,Axin2,0.352,0.209088
1.32880984865705e-20,1.04638409445631,0.559,0.205,4.28275414222166e-16,c7,Pex1,0.354,0.197886
1.35852991016883e-20,1.1465004716615,0.427,0.134,4.37854190047414e-16,c7,Dus2,0.293,0.125111
1.47097400209394e-20,0.834314548624209,0.958,0.527,4.74094920874877e-16,c7,Ap3d1,0.431,0.412898
1.53599531277883e-20,0.909076781833271,0.587,0.21,4.95051289308616e-16,c7,Pum3,0.377,0.221299
1.54647495606296e-20,1.06926311271098,0.503,0.174,4.98428878339093e-16,c7,Pla2g15,0.329,0.165487
1.56647830522496e-20,0.975395868107333,0.755,0.34,5.04875957774004e-16,c7,Cct8,0.415,0.313325
1.57386258755591e-20,0.730338291683079,0.986,0.635,5.0725591196927e-16,c7,Fus,0.351,0.346086
1.61557081157256e-20,1.11713882698069,0.601,0.244,5.20698472569838e-16,c7,Btbd2,0.357,0.214557
1.73605740560494e-20,1.02177055976321,0.559,0.201,5.59531301826473e-16,c7,Tbrg1,0.358,0.200122
1.80925598824427e-20,0.958508668442739,0.671,0.268,5.83123205011129e-16,c7,Ecd,0.403,0.270413
1.91499750676542e-20,0.985319717920635,0.636,0.249,6.17203696430495e-16,c7,Brox,0.387,0.246132
2.06417160174621e-20,0.929763127503862,0.818,0.397,6.65282507242803e-16,c7,Gpat4,0.421,0.344378
2.10772074179146e-20,0.777357622531569,0.657,0.246,6.79318395079389e-16,c7,Megf9,0.411,0.270027
2.14569263240089e-20,0.84439147199514,0.797,0.346,6.91556735422806e-16,c7,Lgr4,0.451,0.359447
2.2239717274695e-20,0.958803002952946,0.503,0.172,7.16786087763419e-16,c7,Pla2g12a,0.331,0.166493
2.3244590254597e-20,1.24566078391489,0.413,0.13,7.4917314390566e-16,c7,Zmynd19,0.283,0.116879
2.39681711007273e-20,0.932865214423991,0.741,0.318,7.7249415457644e-16,c7,Opa1,0.423,0.313443
2.40319879203249e-20,1.10966148831586,0.462,0.153,7.74550970672071e-16,c7,Snx8,0.309,0.142758
2.43811218012556e-20,1.02071462839244,0.58,0.219,7.85803555654469e-16,c7,Phka1,0.361,0.20938
2.51021934144951e-20,1.17097984526811,0.469,0.159,8.09043693749177e-16,c7,Kdm1b,0.31,0.14539
2.56200886548731e-20,0.924101124681532,0.587,0.215,8.2573545734656e-16,c7,Gpn1,0.372,0.218364
2.58801779239304e-20,0.901565582566753,0.811,0.354,8.34118134488277e-16,c7,Rnf121,0.457,0.370627
2.60469943069109e-20,0.805607972405052,0.573,0.198,8.39494626511739e-16,c7,Helq,0.375,0.214875
2.63264321209876e-20,0.864633482983601,0.902,0.49,8.48500907259432e-16,c7,Rnps1,0.412,0.371624
2.69837001392361e-20,0.885032929198165,0.867,0.411,8.69684655487578e-16,c7,Hdac3,0.456,0.395352
2.7862610337222e-20,0.89590279316805,0.832,0.374,8.98011931168666e-16,c7,Tatdn2,0.458,0.381056
2.8496708328372e-20,0.843730181459065,0.93,0.495,9.1844890942343e-16,c7,Arhgap35,0.435,0.40455
2.8639842185802e-20,0.912985405319548,0.867,0.46,9.23062113648398e-16,c7,Alg10b,0.407,0.352869
2.99861286791547e-20,1.03427122146459,0.699,0.316,9.66452927329157e-16,c7,Ppp1r7,0.383,0.267717
3.02678256927527e-20,0.922348604302051,0.79,0.348,9.75532022077418e-16,c7,Bax,0.442,0.34918
3.09682277130251e-20,1.37174583759713,0.308,0.082,9.98105979190798e-16,c7,Phldb1,0.226,0.069608
3.12423392051174e-20,0.936156882615873,0.657,0.259,1.00694059258093e-15,c7,Chmp2b,0.398,0.261486
3.13635857354893e-20,0.96831680407558,0.664,0.268,1.01084836825482e-15,c7,Lcmt1,0.396,0.262944
3.15324172232215e-20,0.887345682146183,0.874,0.414,1.01628980710443e-15,c7,Atg9a,0.46,0.40204
3.1724935929085e-20,0.922391720928006,0.65,0.252,1.02249468499441e-15,c7,Sos2,0.398,0.2587
3.24379669519748e-20,1.47670153837984,0.315,0.087,1.04547567486215e-15,c7,Phf13,0.228,0.07182
3.26936326156257e-20,1.01179801102688,0.559,0.206,1.05371577920162e-15,c7,Eif2ak1,0.353,0.197327
3.29300069476149e-20,0.896876095192693,0.629,0.235,1.06133412392163e-15,c7,Ercc6,0.394,0.247826
3.31394662771183e-20,0.934599821299418,0.643,0.249,1.06808499811152e-15,c7,Mllt1,0.394,0.253342
3.35873156157956e-20,0.841194549248133,0.909,0.501,1.08251918229709e-15,c7,Glyr1,0.408,0.370872
3.71946522337308e-20,1.07476891758455,0.587,0.23,1.19878364149314e-15,c7,Gopc,0.357,0.209559
3.89465160726945e-20,0.881623570744967,0.888,0.444,1.25524621302294e-15,c7,Smg7,0.444,0.394272
4.00602181113299e-20,0.996223938726242,0.734,0.342,1.29114082972816e-15,c7,Hagh,0.392,0.287728
4.10537447956877e-20,0.857126429026667,0.811,0.346,1.32316219476502e-15,c7,Cenpc1,0.465,0.377115
4.21403253188862e-20,1.16334267525258,0.336,0.093,1.3581826850277e-15,c7,Micall1,0.243,0.081648
4.25956160726831e-20,0.871642308220072,0.643,0.246,1.37285670602258e-15,c7,Jpt1,0.397,0.255271
4.26377649967997e-20,0.781945450884997,0.937,0.578,1.37421516584685e-15,c7,R3hdm2,0.359,0.336383
4.33626453576049e-20,1.1027814619266,0.469,0.158,1.3975780598756e-15,c7,Nob1,0.311,0.145859
4.48154896340085e-20,0.938529626247608,0.79,0.365,1.4444032309041e-15,c7,Klhl24,0.425,0.33575
4.50227400777833e-20,0.876752613767731,0.846,0.414,1.45108291270695e-15,c7,Naa60,0.432,0.365472
4.55725314913135e-20,0.767595521914186,0.944,0.586,1.46880268996503e-15,c7,Vbp1,0.358,0.337952
4.61242866873476e-20,1.04656859829053,0.566,0.212,1.48658575993321e-15,c7,Map3k10,0.354,0.200364
4.68886384469336e-20,0.868168702924682,0.86,0.511,1.51122081714467e-15,c7,Dynlrb1,0.349,0.30014
4.84712582506493e-20,1.233436333584,0.364,0.107,1.56222865341843e-15,c7,Ccdc28a,0.257,0.093548
4.86387409677126e-20,0.842729208919759,0.937,0.47,1.56762662138938e-15,c7,Arfgap1,0.467,0.437579
4.96601997574913e-20,0.894653084292784,0.769,0.329,1.60054823818395e-15,c7,Morc2a,0.44,0.33836
5.00192161127577e-20,0.598413831351248,0.979,0.724,1.61211933531418e-15,c7,Nisch,0.255,0.249645
5.03156131936091e-20,1.0623543431507,0.538,0.197,1.62167221323002e-15,c7,Ipo7,0.341,0.183458
5.22917539441979e-20,0.98954269907063,0.552,0.201,1.6853632296215e-15,c7,Gpaa1,0.351,0.193752
5.39522660023308e-20,0.873893467296214,0.846,0.388,1.73888153325512e-15,c7,Plekhn1,0.458,0.387468
5.4521338027708e-20,0.906806749631374,0.741,0.306,1.75722272463303e-15,c7,Ric3,0.435,0.322335
5.45438009713268e-20,1.4786980283971,0.315,0.087,1.75794670530586e-15,c7,Coq8a,0.228,0.07182
5.46813229568535e-20,0.869966860826279,0.867,0.406,1.76237903889939e-15,c7,Shprh,0.461,0.399687
5.47071138110702e-20,0.895052614290618,0.713,0.291,1.76321027813079e-15,c7,Zdhhc3,0.422,0.300886
5.5020258152379e-20,1.2901267834038,0.413,0.134,1.77330292025117e-15,c7,Cdk4,0.279,0.115227
5.50347431251158e-20,1.05192912732482,0.42,0.133,1.77376977092248e-15,c7,Mpv17l,0.287,0.12054
5.50882088502405e-20,0.873936083581168,0.748,0.313,1.77549297124325e-15,c7,Mosmo,0.435,0.32538
5.5945938138209e-20,0.867042225872752,0.867,0.391,1.80313758619448e-15,c7,Rasa1,0.476,0.412692
5.64345819542011e-20,1.32919561937551,0.427,0.142,1.8188865763839e-15,c7,Pla2g6,0.285,0.121695
5.66244236708854e-20,0.971273961610472,0.629,0.25,1.82500517491264e-15,c7,Polr2g,0.379,0.238391
5.8453083259589e-20,0.90741963132073,0.811,0.373,1.88394287345655e-15,c7,Reps1,0.438,0.355218
5.89111712269139e-20,0.958572231083217,0.636,0.256,1.89870704864343e-15,c7,Plekha3,0.38,0.24168
5.92485119664097e-20,0.928490990436148,0.615,0.235,1.90957954067738e-15,c7,Chpt1,0.38,0.2337
6.1166413311205e-20,0.90628339844338,0.643,0.248,1.97139350102014e-15,c7,Rxylt1,0.395,0.253985
6.18199867520918e-20,1.11171892512095,0.434,0.14,1.99245817301992e-15,c7,Tmem199,0.294,0.127596
6.36045813389222e-20,0.63149360381846,0.958,0.714,2.04997565655346e-15,c7,Atp6v1b2,0.244,0.233752
6.36988969821218e-20,1.19357721486625,0.392,0.12,2.05301544973379e-15,c7,Ankrd26,0.272,0.106624
6.5005232325427e-20,1.13217430309096,0.538,0.203,2.09511863784851e-15,c7,Pa2g4,0.335,0.18023
6.74811398893089e-20,1.16912691159221,0.441,0.145,2.17491713863242e-15,c7,Supt3,0.296,0.130536
6.88335987836453e-20,0.908516447702976,0.657,0.254,2.21850688879689e-15,c7,Ccdc50,0.403,0.264771
6.98756029394439e-20,0.992051104625583,0.734,0.332,2.25209068273828e-15,c7,Prkca,0.402,0.295068
6.99676106472893e-20,0.974517006691233,0.608,0.233,2.25505609116213e-15,c7,Tbc1d12,0.375,0.228
7.00691686285616e-20,1.56356307118472,0.273,0.069,2.25832930489854e-15,c7,Eif5a2,0.204,0.055692
7.09408779375082e-20,0.788504981842964,0.909,0.555,2.28642449592589e-15,c7,Mff,0.354,0.321786
7.20467248295168e-20,0.952959223363698,0.769,0.366,2.32206594125533e-15,c7,Med28,0.403,0.309907
7.42484226770775e-20,0.930328863497995,0.65,0.257,2.39302666288221e-15,c7,Ddx10,0.393,0.25545
7.5453863388779e-20,1.13000066653282,0.42,0.134,2.43187801702035e-15,c7,Zfp963,0.286,0.12012
8.02791855904371e-20,0.933037638475567,0.776,0.351,2.58739815157979e-15,c7,Zfp451,0.425,0.3298
8.02957226425748e-20,0.954369916933245,0.538,0.191,2.58793114077019e-15,c7,Rnpep,0.347,0.186686
8.18370879654187e-20,0.910484100915231,0.755,0.33,2.63760934512545e-15,c7,Uck1,0.425,0.320875
8.32071570874039e-20,0.782752417224171,0.951,0.595,2.68176667292703e-15,c7,Aak1,0.356,0.338556
8.89669870928286e-20,0.988725941078392,0.587,0.224,2.86740599400186e-15,c7,Tomm40l,0.363,0.213081
8.93292787776567e-20,0.823943519282089,0.923,0.512,2.87908265500388e-15,c7,Trir,0.411,0.379353
8.96076145917205e-20,0.902990365524775,0.79,0.354,2.88805341829115e-15,c7,Rab3gap1,0.436,0.34444
8.98589827223765e-20,0.858973865143711,0.86,0.395,2.89615501314219e-15,c7,Akap9,0.465,0.3999
9.90632767898355e-20,0.758391799338337,0.902,0.457,3.1928094109364e-15,c7,Acsl3,0.445,0.40139
9.94280114307422e-20,0.97904321891571,0.622,0.243,3.20456480841282e-15,c7,Senp1,0.379,0.235738
1.00136041836027e-19,1.21985082819111,0.385,0.118,3.22738462837516e-15,c7,Slc2a8,0.267,0.102795
1.00552402857671e-19,0.871145004832801,0.846,0.39,3.24080394410274e-15,c7,Rnf20,0.456,0.385776
1.04664237967806e-19,0.870003231167823,0.867,0.443,3.37332838970237e-15,c7,Actr1b,0.424,0.367608
1.04788060063422e-19,0.895456699402,0.727,0.308,3.37731917584409e-15,c7,Ubap2,0.419,0.304613
1.05131635809673e-19,0.913946665844343,0.818,0.396,3.38839262214577e-15,c7,Grsf1,0.422,0.345196
1.09367665704834e-19,0.902818333817864,0.622,0.234,3.5249198656668e-15,c7,Dmap1,0.388,0.241336
1.11878274044222e-19,0.873289319113024,0.902,0.497,3.60583677244528e-15,c7,Higd1a,0.405,0.36531
1.12334873017323e-19,1.26388889414086,0.413,0.136,3.62055295734832e-15,c7,Rap2a,0.277,0.114401
1.15370596853539e-19,0.900246477780301,0.741,0.319,3.71839433658955e-15,c7,Foxk2,0.422,0.312702
1.15837303477518e-19,1.10275345398649,0.538,0.203,3.7334362910804e-15,c7,Nsmce3,0.335,0.18023
1.20722569389973e-19,0.850260739591297,0.888,0.451,3.89088841143884e-15,c7,Hipk1,0.437,0.388056
1.27344655148262e-19,0.85903992059919,0.818,0.377,4.1043182354285e-15,c7,Rrn3,0.441,0.360738
1.28426763377276e-19,1.32719231719971,0.483,0.178,4.1391945836496e-15,c7,Mex3d,0.305,0.147315
1.29745728827235e-19,0.932368071418155,0.797,0.489,4.18170484010177e-15,c7,Hsbp1,0.308,0.245476
1.32406230280834e-19,1.03699738934598,0.608,0.243,4.26745280195127e-15,c7,Elmo2,0.365,0.22192
1.33288216417397e-19,0.983366690652421,0.72,0.323,4.2958792151327e-15,c7,Rnf115,0.397,0.28584
1.36971644347687e-19,0.993310944041993,0.559,0.21,4.41459609732596e-15,c7,Dhx57,0.349,0.195091
1.39808973351593e-19,0.906264115277803,0.797,0.366,4.50604321112185e-15,c7,Abhd16a,0.431,0.343507
1.41429847295425e-19,0.9688154242734,0.713,0.313,4.55828397833154e-15,c7,Lrrc59,0.4,0.2852
1.44455680272574e-19,0.887995883391055,0.804,0.362,4.65580657518505e-15,c7,Rnf4,0.442,0.355368
1.51790244128709e-19,0.917680486688328,0.734,0.319,4.89219956826831e-15,c7,Hmgcl,0.415,0.30461
1.51870283329904e-19,1.06283369682403,0.538,0.201,4.89477923172279e-15,c7,Ttpal,0.337,0.181306
1.52123535906919e-19,0.895669237268947,0.832,0.42,4.90294156228001e-15,c7,Stip1,0.412,0.342784
1.58817331071698e-19,0.858740328390866,0.867,0.435,5.11868258044083e-15,c7,Bcas2,0.432,0.374544
1.59464977511438e-19,0.902246661376174,0.664,0.26,5.13955622519365e-15,c7,Hdhd5,0.404,0.268256
1.61490431121897e-19,1.09346512765096,0.483,0.167,5.20483659505875e-15,c7,Osgin2,0.316,0.152628
1.64844292446087e-19,0.799120630830632,0.895,0.543,5.31293154553739e-15,c7,Rab2a,0.352,0.31504
1.65472790177345e-19,0.935545791079457,0.769,0.347,5.33318802741583e-15,c7,Plcb4,0.422,0.324518
1.69842254215971e-19,0.859005634659879,0.888,0.443,5.47401585338073e-15,c7,Vps13d,0.445,0.39516
1.72945323012349e-19,0.973093668416197,0.608,0.237,5.574027760688e-15,c7,Eea1,0.371,0.225568
1.74985212133382e-19,0.942405528788915,0.643,0.26,5.6397733870589e-15,c7,Clpp,0.383,0.246269
1.75896386465747e-19,0.855905098930873,0.909,0.476,5.66914053579103e-15,c7,Trpc4ap,0.433,0.393597
1.78665065062617e-19,1.16355855212225,0.462,0.159,5.75837504696816e-15,c7,Mlx,0.303,0.139986
1.79242810498738e-19,0.909639738048403,0.755,0.338,5.77699578237432e-15,c7,Ap3s2,0.417,0.314835
1.8149313784314e-19,0.89755561172897,0.713,0.302,5.84952383268439e-15,c7,Sgpp1,0.411,0.293043
1.82820115682824e-19,0.958398262069008,0.601,0.231,5.89229232845742e-15,c7,Rnf138,0.37,0.22237
1.89218105952667e-19,0.902309046612631,0.741,0.313,6.09849955485446e-15,c7,Mink1,0.428,0.317148
1.94831085707463e-19,1.0770794327761,0.455,0.153,6.27940589235154e-15,c7,Pomt1,0.302,0.13741
2.00114207798525e-19,1.15766864227949,0.42,0.135,6.44968091734647e-15,c7,Msantd4,0.285,0.1197
2.02659974210495e-19,0.941018989735421,0.79,0.377,6.53173096880426e-15,c7,Ppp1r12c,0.413,0.32627
2.10270630836591e-19,1.03049922508936,0.58,0.225,6.77702243186334e-15,c7,Sh3bp5l,0.355,0.2059
2.20416463972412e-19,0.869347626292467,0.797,0.367,7.10402263383084e-15,c7,Cuedc2,0.43,0.34271
2.28384191274277e-19,0.927162437392536,0.706,0.303,7.36082248476996e-15,c7,Htatsf1,0.403,0.284518
2.37288791827069e-19,0.819752461581489,0.832,0.368,7.64781776058642e-15,c7,Atp13a1,0.464,0.386048
2.37905333645377e-19,1.00815767457031,0.49,0.169,7.6676889033905e-15,c7,Sh3bgrl,0.321,0.15729
2.39299336022174e-19,0.913210759323098,0.762,0.353,7.71261759999466e-15,c7,Tiprl,0.409,0.311658
2.43437748586601e-19,1.34559049255771,0.315,0.088,7.84599863694616e-15,c7,Churc1,0.227,0.071505
2.53491740652015e-19,1.39204083531704,0.315,0.088,8.17003880121446e-15,c7,Zfp316,0.227,0.071505
2.53626825088688e-19,1.49281309069451,0.322,0.093,8.17439257260841e-15,c7,Zfhx2,0.229,0.073738
2.63183515019699e-19,0.902704536305747,0.566,0.206,8.48240468908489e-15,c7,Mlst8,0.36,0.20376
2.64884167215456e-19,0.828756053876669,0.937,0.484,8.53721670935414e-15,c7,Dennd5a,0.453,0.424461
2.74939358551841e-19,0.918535034203679,0.713,0.303,8.86129552612583e-15,c7,Mlec,0.41,0.29233
2.78031266718364e-19,0.823994233923972,0.902,0.523,8.96094772633289e-15,c7,Ensa,0.379,0.341858
2.87527958374749e-19,0.933986755342155,0.692,0.289,9.26702609841817e-15,c7,Spopl,0.403,0.278876
2.95328351037941e-19,0.920998684579126,0.776,0.371,9.51843275395283e-15,c7,Vps26b,0.405,0.31428
2.95443461941968e-19,1.19651660555725,0.441,0.149,9.52214277838963e-15,c7,Trp53,0.292,0.128772
3.06208062144155e-19,0.841546891752462,0.916,0.476,9.86908584290613e-15,c7,Supt20,0.44,0.40304
3.08127186802067e-19,1.15902372098353,0.434,0.145,9.93093923063063e-15,c7,Tsen15,0.289,0.125426
3.08629781128449e-19,0.849952918523144,0.867,0.429,9.9471378457699e-15,c7,Emc4,0.438,0.379746
3.17906474058882e-19,0.880582232402875,0.692,0.285,1.02461256589178e-14,c7,Cul2,0.407,0.281644
3.19644193746708e-19,0.91266674040962,0.678,0.276,1.03021323644564e-14,c7,Phlpp1,0.402,0.272556
3.23680987197593e-19,0.985693217412321,0.545,0.202,1.04322382173784e-14,c7,Asb3,0.343,0.186935
3.24159164980113e-19,1.16053341993675,0.455,0.158,1.0447649887309e-14,c7,Rab2b,0.297,0.135135
3.28921267866355e-19,0.821969973325309,0.909,0.475,1.06011324633326e-14,c7,Psmd11,0.434,0.394506
3.29323365048651e-19,0.926774425030896,0.678,0.284,1.0614092055518e-14,c7,Tm2d3,0.394,0.267132
3.33007963168833e-19,1.20301124622789,0.371,0.112,1.07328466529315e-14,c7,St3gal2,0.259,0.096089
3.35017944079702e-19,0.847576886507081,0.846,0.381,1.07976283376888e-14,c7,Osbp,0.465,0.39339
3.36726560518901e-19,1.36847456889019,0.357,0.109,1.08526970455242e-14,c7,Tmub1,0.248,0.088536
3.49795848474498e-19,1.11530408972463,0.434,0.146,1.12739201963331e-14,c7,Tmem160,0.288,0.124992
3.5660205591789e-19,1.04589706387209,0.545,0.207,1.14932842622336e-14,c7,Spryd7,0.338,0.18421
3.62844766541844e-19,1.11801047197041,0.497,0.178,1.16944868256436e-14,c7,Prdm10,0.319,0.158543
3.91303508482451e-19,0.726176786879133,0.937,0.613,1.26117120783894e-14,c7,Morf4l1,0.324,0.303588
3.9541089609322e-19,1.1591682569593,0.483,0.176,1.27440931810845e-14,c7,Smim26,0.307,0.148281
3.99092281524717e-19,1.61970618088509,0.252,0.062,1.28627442335416e-14,c7,Mb21d2,0.19,0.04788
4.06411797082726e-19,0.911961021630122,0.727,0.321,1.30986522199762e-14,c7,Acp1,0.406,0.295162
4.07560898649187e-19,0.894903211792571,0.741,0.326,1.31356877634633e-14,c7,Caprin1,0.415,0.307515
4.0757930807375e-19,0.955134076245032,0.636,0.257,1.3136281099217e-14,c7,Fbxo22,0.379,0.241044
4.10522486616847e-19,0.781382932755927,0.832,0.346,1.3231139743661e-14,c7,Gnb2,0.486,0.404352
4.11110652159867e-19,0.825796662272636,0.916,0.478,1.32500963191125e-14,c7,Bmpr2,0.438,0.401208
4.42391767403647e-19,0.885313283665293,0.769,0.345,1.42582866634195e-14,c7,Ppp1r11,0.424,0.326056
4.49696034759197e-19,0.94462219592925,0.552,0.204,1.44937032002889e-14,c7,Hace1,0.348,0.192096
4.71108148051507e-19,1.1507807045562,0.483,0.172,1.51838156117001e-14,c7,Prmt9,0.311,0.150213
4.83504061592249e-19,0.826480748220203,0.923,0.502,1.55833359051182e-14,c7,Ttc7b,0.421,0.388583
4.87749343108539e-19,0.775777963390253,0.951,0.555,1.57201613283882e-14,c7,Mprip,0.396,0.376596
5.1078694612161e-19,0.903384101069936,0.601,0.23,1.64626632734995e-14,c7,Uvssa,0.371,0.222971
5.16618591099402e-19,0.985719132629825,0.706,0.312,1.66506171911337e-14,c7,Ccdc174,0.394,0.278164
5.19479865610112e-19,0.725613869310988,0.58,0.212,1.67428360686139e-14,c7,Nudt4,0.368,0.21344
5.20815241381017e-19,0.575625251414022,0.972,0.735,1.67858752297102e-14,c7,Rtn3,0.237,0.230364
5.22818538051458e-19,0.916398555240765,0.587,0.222,1.68504414813985e-14,c7,Tomm34,0.365,0.214255
5.27111826922334e-19,0.950328576001837,0.594,0.229,1.69888141817068e-14,c7,Ssrp1,0.365,0.21681
5.31547368625214e-19,1.00451057252122,0.58,0.225,1.71317716907907e-14,c7,Kif13b,0.355,0.2059
5.32391443454125e-19,0.87683202641036,0.65,0.258,1.71589762225265e-14,c7,Cnnm3,0.392,0.2548
5.38552492990171e-19,1.04100036319731,0.51,0.187,1.73575468490732e-14,c7,Adpgk,0.323,0.16473
5.45070943285315e-19,0.911566219324575,0.685,0.288,1.75676365020857e-14,c7,Cbfa2t2,0.397,0.271945
5.50556369760358e-19,0.775139587638928,0.944,0.57,1.77444317973764e-14,c7,Ube2b,0.374,0.353056
5.7846494610273e-19,0.948277915213715,0.552,0.205,1.8643925212891e-14,c7,Timm50,0.347,0.191544
5.85216353975491e-19,0.947140839665218,0.615,0.244,1.88615230886301e-14,c7,Ndufaf7,0.371,0.228165
6.01562741157194e-19,0.835306529953695,0.811,0.364,1.93883671474963e-14,c7,Csnk1g2,0.447,0.362517
6.1202854921756e-19,0.895360483516597,0.783,0.359,1.97256801412819e-14,c7,Brms1l,0.424,0.331992
6.21712669190154e-19,0.910696446133163,0.671,0.282,2.00377993279986e-14,c7,Grb2,0.389,0.261019
6.33201799912659e-19,0.854433371738328,0.811,0.369,2.0408094011185e-14,c7,Atg3,0.442,0.358462
6.34882725121014e-19,0.781304167412504,0.909,0.544,2.04622702306503e-14,c7,Nudt3,0.365,0.331785
6.42839722345855e-19,0.936654369380676,0.629,0.252,2.07187242512069e-14,c7,Snx21,0.377,0.237133
6.50722836080428e-19,1.09449007721755,0.469,0.163,2.09727970068722e-14,c7,Asb13,0.306,0.143514
6.90035411883122e-19,0.918236640802684,0.65,0.261,2.2239841324993e-14,c7,Rtf1,0.389,0.25285
7.02094908337579e-19,1.03576348646657,0.559,0.217,2.26285188957202e-14,c7,Spg11,0.342,0.191178
7.13346763185974e-19,0.845017669072832,0.874,0.433,2.29911661774839e-14,c7,Clock,0.441,0.385434
7.14881318145434e-19,1.23864557981303,0.35,0.105,2.30406248838273e-14,c7,Fbxl18,0.245,0.08575
7.30320363112786e-19,1.30247644525935,0.343,0.102,2.35382253031251e-14,c7,Slc25a40,0.241,0.082663
7.34495191531984e-19,0.912158680584483,0.699,0.298,2.36727800230758e-14,c7,Med23,0.401,0.280299
7.38971296581949e-19,0.909594425292307,0.727,0.327,2.38170448888362e-14,c7,Kctd2,0.4,0.2908
7.4523895784552e-19,0.903290180402201,0.65,0.259,2.40190516113611e-14,c7,Rbm4b,0.391,0.25415
7.51107636678101e-19,0.884865048461877,0.839,0.412,2.42081991301352e-14,c7,Aig1,0.427,0.358253
7.54040782996936e-19,1.54397650737839,0.287,0.078,2.43027344359912e-14,c7,Ldb2,0.209,0.059983
7.73664101282981e-19,1.13745662700843,0.448,0.155,2.49351939843505e-14,c7,Gan,0.293,0.131264
7.95490759933447e-19,0.853476631168611,0.755,0.327,2.5638667192655e-14,c7,Man1b1,0.428,0.32314
8.10433273686533e-19,0.955009371965639,0.531,0.194,2.6120264410917e-14,c7,Pwwp3a,0.337,0.178947
8.19318033898011e-19,0.99775452428032,0.608,0.245,2.64066202325329e-14,c7,Arl6ip6,0.363,0.220704
8.38566198967292e-19,0.969528979781806,0.559,0.212,2.70269885927158e-14,c7,Tmem126a,0.347,0.193973
8.46790671945668e-19,0.8281316617052,0.895,0.501,2.72920633568089e-14,c7,Ndufc2,0.394,0.35263
8.56430052895899e-19,1.13505469314239,0.413,0.136,2.76027406048348e-14,c7,Eef1akmt1,0.277,0.114401
8.56793202893759e-19,1.01479385571054,0.643,0.289,2.76144449292659e-14,c7,Cox7a2,0.354,0.227622
8.60997267559972e-19,0.908986172303451,0.79,0.39,2.77499419334579e-14,c7,Snu13,0.4,0.316
8.68075267420032e-19,0.888247691789037,0.573,0.215,2.79780658689476e-14,c7,Sirt6,0.358,0.205134
8.69614675659218e-19,1.18105836887433,0.364,0.11,2.80276809964966e-14,c7,C9orf72,0.254,0.092456
8.82129605796793e-19,1.11333070177496,0.469,0.165,2.84310371948307e-14,c7,Pvr,0.304,0.142576
8.85731334515253e-19,0.884647205598949,0.713,0.306,2.85471209114266e-14,c7,Pmpca,0.407,0.290191
9.8124982428112e-19,0.865171935528574,0.72,0.302,3.16256818365805e-14,c7,Heca,0.418,0.30096
9.92956266997047e-19,0.796671273415592,0.958,0.512,3.20029804853148e-14,c7,Exoc4,0.446,0.427268
1.00261408181719e-18,1.72921571426792,0.266,0.07,3.2314251856968e-14,c7,Ccdc171,0.196,0.052136
1.00856143004587e-18,1.06038810684404,0.531,0.201,3.25059348903783e-14,c7,Mvk,0.33,0.17523
1.0308924120181e-18,1.03897025798694,0.608,0.251,3.32256624393433e-14,c7,Gadd45gip1,0.357,0.217056
1.06498132655013e-18,0.817722387914996,0.881,0.441,3.43243481547108e-14,c7,Prkcsh,0.44,0.38764
1.1152320746625e-18,0.786128973859295,0.86,0.417,3.59439297663723e-14,c7,Sesn3,0.443,0.38098
1.12682686333462e-18,0.890960326160096,0.678,0.282,3.63176298052748e-14,c7,Xpnpep1,0.396,0.268488
1.16227892178106e-18,0.763415628707485,0.951,0.553,3.74602496490034e-14,c7,Bclaf1,0.398,0.378498
1.2126812613949e-18,0.71756186696271,0.958,0.618,3.90847170547575e-14,c7,Cpsf6,0.34,0.32572
1.21353383399227e-18,0.843620405507667,0.769,0.339,3.91121954695707e-14,c7,Dennd4a,0.43,0.33067
1.25348101084796e-18,1.33620029740362,0.329,0.096,4.03996929796297e-14,c7,Ppp1r3c,0.233,0.076657
1.25838828887264e-18,0.901887486985518,0.552,0.209,4.05578545503653e-14,c7,Pole4,0.343,0.189336
1.25982974705775e-18,0.890495703121427,0.79,0.376,4.06043127476712e-14,c7,Erp29,0.414,0.32706
1.31952417841046e-18,0.931500328008277,0.476,0.166,4.25282642701692e-14,c7,Ermp1,0.31,0.14756
1.354199220024e-18,0.935184283074533,0.727,0.344,4.36458408613734e-14,c7,Timm8b,0.383,0.278441
1.42506308460091e-18,0.869271455592975,0.762,0.336,4.59297832166873e-14,c7,Setd1b,0.426,0.324612
1.45189029755677e-18,0.838548343427448,0.846,0.399,4.67944242902547e-14,c7,Kdm4b,0.447,0.378162
1.47175917914298e-18,0.796489690522286,0.93,0.521,4.74347983437783e-14,c7,Mark3,0.409,0.38037
1.5901019377304e-18,1.04230874613323,0.497,0.179,5.12489854530506e-14,c7,Selenon,0.318,0.158046
1.61685188049079e-18,0.866919715786943,0.748,0.325,5.21111361082182e-14,c7,Ubr1,0.423,0.316404
1.66818915144767e-18,0.873415271233527,0.811,0.393,5.37657363511584e-14,c7,Ddx50,0.418,0.338998
1.68000539960784e-18,0.85582680164627,0.825,0.397,5.41465740293607e-14,c7,Tollip,0.428,0.3531
1.69977189738314e-18,0.960494377624244,0.636,0.27,5.47836482526585e-14,c7,Prdx3,0.366,0.232776
1.70290493499512e-18,1.0503932851358,0.566,0.223,5.48846260548927e-14,c7,Rnf7,0.343,0.194138
1.70673994628771e-18,1.37161750738825,0.329,0.097,5.50082284688529e-14,c7,Hist1h1a,0.232,0.076328
1.71824342187466e-18,1.00856232844937,0.441,0.148,5.53789854870202e-14,c7,Gpr137,0.293,0.129213
1.7615962610707e-18,0.937914152508143,0.601,0.235,5.67762474943088e-14,c7,Adam1a,0.366,0.219966
1.76245260013353e-18,0.855267167114771,0.636,0.252,5.68038473023036e-14,c7,Atg2a,0.384,0.244224
1.81188699755459e-18,0.868740166135709,0.741,0.319,5.83971179311845e-14,c7,Snx14,0.422,0.312702
1.81563485539431e-18,0.923630206588183,0.748,0.346,5.85179113893585e-14,c7,Glrx2,0.402,0.300696
1.92343636805207e-18,1.22590370338408,0.413,0.138,6.19923541423181e-14,c7,Snx4,0.275,0.113575
1.95739549220415e-18,0.850597308559711,0.825,0.394,6.30868567137397e-14,c7,Rab3gap2,0.431,0.355575
1.97260129304827e-18,1.12554415885586,0.441,0.151,6.35769396749456e-14,c7,Ddb2,0.29,0.12789
1.97422224522692e-18,1.11922816152243,0.413,0.136,6.36291829636636e-14,c7,Fancl,0.277,0.114401
1.97678992225762e-18,1.07257368346626,0.476,0.169,6.37119391943631e-14,c7,Rrm1,0.307,0.146132
2.00938176881203e-18,0.5537095770451,0.993,0.744,6.47623744088118e-14,c7,Tspan3,0.249,0.247257
2.03412601213933e-18,0.818229155239713,0.636,0.25,6.55598813712506e-14,c7,Grk6,0.386,0.245496
2.15399107946824e-18,1.03081046078189,0.559,0.222,6.94231324912614e-14,c7,Fkbp1a,0.337,0.188383
2.15463941636437e-18,0.907316028381298,0.685,0.3,6.94440283894237e-14,c7,Ciapin1,0.385,0.263725
2.1953192818785e-18,0.951616767115286,0.615,0.247,7.0755140454944e-14,c7,Pgp,0.368,0.22632
2.23960983590624e-18,0.857804668141419,0.825,0.401,7.21826250112582e-14,c7,Exoc7,0.424,0.3498
2.24270295277664e-18,1.61276450224149,0.259,0.067,7.22823161679912e-14,c7,Rsad1,0.192,0.049728
2.25140525829586e-18,0.814400933458179,0.874,0.499,7.25627914748757e-14,c7,Spop,0.375,0.32775
2.25439602670901e-18,0.926019338339787,0.566,0.216,7.26591839408314e-14,c7,Gzf1,0.35,0.1981
2.25881863122529e-18,0.783263661575171,0.755,0.33,7.2801724484391e-14,c7,Sept8,0.425,0.320875
2.2628429253209e-18,0.818679201432816,0.916,0.491,7.29314274830928e-14,c7,Setd5,0.425,0.3893
2.2742799100929e-18,0.828152241657844,0.601,0.228,7.33000415022941e-14,c7,Tfe3,0.373,0.224173
2.28663050247781e-18,0.870827769900448,0.804,0.384,7.36981010948598e-14,c7,Tent2,0.42,0.33768
2.33145990989659e-18,0.846212871296073,0.811,0.387,7.51429528959671e-14,c7,Dtymk,0.424,0.343864
2.44757681328952e-18,0.89665717157971,0.608,0.238,7.88854006923212e-14,c7,Uba5,0.37,0.22496
2.47578315117803e-18,1.05540108382363,0.42,0.139,7.97944909624679e-14,c7,Rnf24,0.281,0.11802
2.54847914241749e-18,0.973779742585326,0.615,0.254,8.21374827601155e-14,c7,Gpatch11,0.361,0.222015
2.56294956219535e-18,1.02540174359793,0.503,0.185,8.26038643895562e-14,c7,Pdcd5,0.318,0.159954
2.62510106248963e-18,1.21756164594664,0.371,0.117,8.46070072440407e-14,c7,Dffb,0.254,0.094234
2.66170677976192e-18,0.985232689718931,0.371,0.114,8.57868095117267e-14,c7,Jup,0.257,0.095347
2.68919298653098e-18,0.865772905877067,0.741,0.33,8.66726899558934e-14,c7,DEPRECATED-ENSMUSG00000017221,0.411,0.304551
2.69627323841992e-18,0.855793480699593,0.811,0.383,8.6900886474274e-14,c7,Map3k2,0.428,0.347108
2.75928295056405e-18,0.953732592533055,0.657,0.283,8.89316894966794e-14,c7,Tbc1d9b,0.374,0.245718
2.7829210455105e-18,0.904798208564357,0.755,0.356,8.96935452968033e-14,c7,Dnajc8,0.399,0.301245
2.89125206180385e-18,1.20206684553613,0.336,0.1,9.3185053951938e-14,c7,Pigyl,0.236,0.079296
2.93000849112434e-18,1.22705555360479,0.406,0.135,9.44341736689375e-14,c7,Glce,0.271,0.110026
3.02660050477767e-18,0.881100607982313,0.804,0.42,9.75473342689843e-14,c7,Arf5,0.384,0.308736
3.17318208937651e-18,1.02591393762473,0.552,0.213,1.02271658740605e-13,c7,Zfp365,0.339,0.187128
3.18152952352567e-18,1.27471974762599,0.308,0.087,1.02540696543232e-13,c7,Them4,0.221,0.068068
3.19275955909223e-18,0.948652108347578,0.531,0.197,1.02902640589543e-13,c7,Ddx27,0.334,0.177354
3.21886979370458e-18,1.33343807266562,0.329,0.099,1.03744173451099e-13,c7,Pfkfb3,0.23,0.07567
3.24046559792516e-18,0.810250435511256,0.888,0.5,1.04440206221128e-13,c7,Maz,0.388,0.344544
3.29254620328744e-18,0.961201251173924,0.615,0.25,1.06118764131954e-13,c7,Hivep1,0.365,0.224475
3.33617163613074e-18,1.01023759285524,0.608,0.251,1.07524811832494e-13,c7,Pcdhga8,0.357,0.217056
3.35336129493332e-18,0.958805397779996,0.552,0.215,1.08078834535701e-13,c7,Ccdc85b,0.337,0.186024
3.41022631627147e-18,0.840911626857332,0.79,0.359,1.09911594173429e-13,c7,Akt1,0.431,0.34049
3.42635017815687e-18,0.812682461068497,0.762,0.328,1.10431266241996e-13,c7,Kbtbd2,0.434,0.330708
3.44744956859672e-18,0.861115556916574,0.538,0.196,1.11111299595872e-13,c7,Elac2,0.342,0.183996
3.53627102080817e-18,1.05525524962721,0.441,0.152,1.13974015000647e-13,c7,Unkl,0.289,0.127449
3.54908691028442e-18,0.896826730011613,0.671,0.283,1.14387071118467e-13,c7,Stag1,0.388,0.260348
3.7105520831099e-18,0.831257382223331,0.706,0.296,1.19591093638632e-13,c7,Abl2,0.41,0.28946
3.78366091128935e-18,1.17858457040089,0.329,0.096,1.21947391170856e-13,c7,Map2k5,0.233,0.076657
3.81588312269267e-18,0.886479953243579,0.713,0.325,1.22985913044385e-13,c7,Atp5md,0.388,0.276644
3.87016317773016e-18,0.867388779116028,0.615,0.244,1.24735359218243e-13,c7,Ntan1,0.371,0.228165
3.99294836249801e-18,1.26409861766742,0.308,0.087,1.28692725723311e-13,c7,Sh3pxd2a,0.221,0.068068
4.020938158789e-18,1.49371292962454,0.252,0.064,1.29594836857769e-13,c7,Pms2,0.188,0.047376
4.0320461094206e-18,0.768279622508865,0.909,0.551,1.29952846106626e-13,c7,Hnrnpul2,0.358,0.325422
4.05445143009964e-18,1.34401580834337,0.28,0.076,1.30674969592112e-13,c7,Neil1,0.204,0.05712
4.0776833852584e-18,0.900435152279118,0.79,0.399,1.31423735506878e-13,c7,Necap1,0.391,0.30889
4.17352950943807e-18,0.825658125575095,0.692,0.29,1.34512856089189e-13,c7,Plaa,0.402,0.278184
4.17670473065174e-18,0.884260171390395,0.741,0.33,1.34615193468905e-13,c7,Oxsr1,0.411,0.304551
4.19888371245167e-18,0.840332972930575,0.769,0.342,1.35330022052317e-13,c7,Lsm7,0.427,0.328363
4.23291868123669e-18,0.788940693388337,0.937,0.52,1.36426969096259e-13,c7,Orc4,0.417,0.390729
4.2529409582012e-18,0.806538849295892,0.916,0.471,1.37072287082825e-13,c7,Crebbp,0.445,0.40762
4.27122396496827e-18,0.828182853720084,0.846,0.422,1.37661548390927e-13,c7,Ilrun,0.424,0.358704
4.30532260988869e-18,0.860522335171059,0.832,0.417,1.38760547716713e-13,c7,Ewsr1,0.415,0.34528
4.30535341210322e-18,1.09052629333303,0.385,0.123,1.38761540472087e-13,c7,Armcx5,0.262,0.10087
4.32451920124221e-18,0.806251098945853,0.741,0.314,1.39379253856036e-13,c7,Dcaf1,0.427,0.316407
4.39797931278158e-18,1.71132746084717,0.252,0.065,1.4174687325095e-13,c7,Pld2,0.187,0.047124
4.43656518966534e-18,0.80584051982773,0.923,0.491,1.42990496062914e-13,c7,Rbm4,0.432,0.398736
4.45500417611212e-18,0.826145713012127,0.825,0.417,1.43584784596094e-13,c7,Ndufc1,0.408,0.3366
4.48612925646764e-18,1.00091604122471,0.622,0.263,1.44587945935952e-13,c7,Mbip,0.359,0.223298
4.52222721071463e-18,0.838778153275303,0.615,0.238,1.45751383001333e-13,c7,Bms1,0.377,0.231855
4.53825918608297e-18,0.833843973501003,0.783,0.375,1.46268093567454e-13,c7,Tgoln1,0.408,0.319464
4.66023163622524e-18,0.810803177140887,0.867,0.413,1.50199265635539e-13,c7,Baz1b,0.454,0.393618
4.67921785783474e-18,0.912211952315766,0.671,0.291,1.50811191558014e-13,c7,Abcf2,0.38,0.25498
4.73334576865685e-18,0.901779652124338,0.664,0.277,1.5255573412381e-13,c7,Map3k4,0.387,0.256968
4.8154411851937e-18,1.09550192661133,0.49,0.18,1.55201669398793e-13,c7,Eef1e1,0.31,0.1519
4.82157601853441e-18,1.05263576986674,0.469,0.167,1.55399395077364e-13,c7,Tcof1,0.302,0.141638
4.95920895581869e-18,0.881269963220652,0.762,0.353,1.59835304646036e-13,c7,Gtf3c1,0.409,0.311658
4.99437518122639e-18,0.974736888054651,0.552,0.218,1.60968712090927e-13,c7,Mien1,0.334,0.184368
5.05880121738906e-18,1.0250037090702,0.427,0.143,1.63045163236449e-13,c7,Atg16l2,0.284,0.121268
5.28086236148761e-18,0.880508659737246,0.692,0.29,1.70202193910746e-13,c7,Tmem263,0.402,0.278184
5.2914222632218e-18,1.07813503368849,0.517,0.198,1.70542539543639e-13,c7,Zfp280c,0.319,0.164923
5.34635999701689e-18,0.948714885992681,0.643,0.272,1.72313182703854e-13,c7,Zdhhc8,0.371,0.238553
5.40636527749236e-18,1.04288633579387,0.364,0.111,1.74247152893579e-13,c7,Frat1,0.253,0.092092
5.53970831580958e-18,0.902682935591451,0.636,0.26,1.78544799018543e-13,c7,Znhit6,0.376,0.239136
5.54571655760623e-18,0.803868973150957,0.923,0.501,1.78738444651649e-13,c7,Usp7,0.422,0.389506
5.57771906223634e-18,0.883901789022527,0.573,0.225,1.79769885375877e-13,c7,Neu1,0.348,0.199404
5.59075640120504e-18,0.861239568449341,0.818,0.403,1.80190078810838e-13,c7,Adprh,0.415,0.33947
5.60032399893856e-18,0.832110924233575,0.79,0.362,1.8049844248579e-13,c7,Zmym4,0.428,0.33812
5.66060295129934e-18,1.36368921862209,0.287,0.079,1.82441233120378e-13,c7,Slc35c1,0.208,0.059696
5.70249971106697e-18,0.835207771090057,0.783,0.354,1.83791565687689e-13,c7,Foxj3,0.429,0.335907
5.8664557853123e-18,1.59120132718355,0.252,0.065,1.89075869960616e-13,c7,Hist1h2ap,0.187,0.047124
5.86906282127036e-18,0.896417559333568,0.72,0.345,1.89159894729544e-13,c7,Cuta,0.375,0.27
5.93593894637396e-18,0.892033853134665,0.678,0.288,1.91315312241633e-13,c7,Arhgap12,0.39,0.26442
5.96033812169469e-18,0.862459225454742,0.769,0.354,1.9210169766222e-13,c7,Nicn1,0.415,0.319135
6.07687399764947e-18,0.818261840325615,0.629,0.251,1.95857648944242e-13,c7,G6pc3,0.378,0.237762
6.18507408000934e-18,0.795529170113323,0.811,0.366,1.99344937598701e-13,c7,Tmem41b,0.445,0.360895
6.30436984691549e-18,0.873472436096472,0.706,0.307,2.03189840166086e-13,c7,Mybbp1a,0.399,0.281694
6.35446572129763e-18,0.795419772237422,0.762,0.331,2.04804430197423e-13,c7,Orc3,0.431,0.328422
6.36752148780287e-18,0.833502164219903,0.65,0.263,2.05225217551886e-13,c7,Rala,0.387,0.25155
6.49608394485884e-18,0.788937274506698,0.923,0.463,2.093687855428e-13,c7,Snx29,0.46,0.42458
6.5846823435909e-18,1.00506463309709,0.664,0.3,2.12224311933935e-13,c7,Dhcr7,0.364,0.241696
6.84713330125833e-18,0.97847856619907,0.538,0.21,2.20683106299556e-13,c7,Nudt9,0.328,0.176464
6.91485963162874e-18,1.0058458165091,0.455,0.161,2.22865925927394e-13,c7,Cyb5b,0.294,0.13377
6.95968037402066e-18,0.980866438386335,0.615,0.255,2.24310498454686e-13,c7,Sema4b,0.36,0.2214
7.26349910987526e-18,0.764418829458206,0.965,0.528,2.3410257631128e-13,c7,Ubap2l,0.437,0.421705
7.4021461577264e-18,0.906059515410012,0.776,0.368,2.38571170663522e-13,c7,Rnf220,0.408,0.316608
7.47200526336107e-18,0.913932384398982,0.643,0.272,2.40822729638127e-13,c7,Denr,0.371,0.238553
7.87655506890843e-18,0.881731796683002,0.622,0.249,2.53861369870919e-13,c7,Map1s,0.373,0.232006
7.961799795175e-18,0.89804064387365,0.664,0.28,2.5660880739849e-13,c7,Abhd13,0.384,0.254976
8.19492855612585e-18,0.934838462648391,0.566,0.224,2.64122547363936e-13,c7,Polr2d,0.342,0.193572
8.21893449383435e-18,0.81070550144364,0.937,0.508,2.64896258736281e-13,c7,Dnm3,0.429,0.401973
8.33099257592485e-18,0.826886754422736,0.93,0.466,2.68507890722058e-13,c7,Brsk2,0.464,0.43152
8.52576343246614e-18,0.872491410109496,0.65,0.269,2.74785355428384e-13,c7,Hspd1,0.381,0.24765
8.57926387151205e-18,1.69697827894267,0.259,0.069,2.76509674578833e-13,c7,Prkg1,0.19,0.04921
8.70142163508904e-18,0.853274099272936,0.65,0.267,2.8044681929892e-13,c7,Wdfy1,0.383,0.24895
8.81612883758223e-18,0.82863950097493,0.755,0.335,2.84143832435275e-13,c7,Ccnc,0.42,0.3171
9.00073086240249e-18,1.05875159642694,0.448,0.157,2.90093555695232e-13,c7,Nfil3,0.291,0.130368
9.08776534364586e-18,1.20635628702085,0.399,0.136,2.92898677025706e-13,c7,Dnajc30,0.263,0.104937
9.11133920766541e-18,0.875879456584372,0.552,0.213,2.93658462663056e-13,c7,Romo1,0.339,0.187128
9.29535350722294e-18,0.848076771883067,0.804,0.382,2.99589243537795e-13,c7,Clip1,0.422,0.339288
9.41432014662599e-18,1.07928113805712,0.315,0.09,3.03423538325756e-13,c7,Cox6b2,0.225,0.070875
9.64208620287469e-18,0.847409800369108,0.769,0.347,3.10764438318651e-13,c7,Exoc1,0.422,0.324518
9.76007934017038e-18,0.847436010777764,0.657,0.271,3.14567357133692e-13,c7,Rbck1,0.386,0.253602
9.8126630396408e-18,1.08138148686854,0.476,0.176,3.16262129767623e-13,c7,Uchl3,0.3,0.1428
9.8209389549935e-18,0.892682402860669,0.776,0.37,3.1652886251944e-13,c7,Entr1,0.406,0.315056
9.91387774464153e-18,1.07748515675837,0.427,0.147,3.19524279709796e-13,c7,Fbxo6,0.28,0.11956
1.00648846630667e-17,0.973077488384511,0.343,0.102,3.2439123269064e-13,c7,Gab2,0.241,0.082663
1.10321346264029e-17,1.22057072810327,0.364,0.116,3.55565699008965e-13,c7,Tle2,0.248,0.090272
1.10690848775665e-17,1.25026146704381,0.371,0.12,3.56756605603967e-13,c7,Manea,0.251,0.093121
1.16571528875575e-17,0.877447218973528,0.692,0.309,3.75710037565979e-13,c7,Mzt1,0.383,0.265036
1.18497679711806e-17,0.900765962367007,0.797,0.384,3.81918021711152e-13,c7,Tspoap1,0.413,0.329161
1.19637511903705e-17,0.819881304306989,0.664,0.273,3.8559170086564e-13,c7,Rbm28,0.391,0.259624
1.21567839835707e-17,0.941811896363424,0.622,0.263,3.91813147790484e-13,c7,Eif3h,0.359,0.223298
1.22513306384687e-17,0.822890321176557,0.643,0.261,3.94860386477847e-13,c7,Ttc37,0.382,0.245626
1.23363290320563e-17,0.839347038226877,0.769,0.352,3.97599884703174e-13,c7,Coq2,0.417,0.320673
1.25437063077813e-17,1.1277050081676,0.503,0.195,4.04283654299791e-13,c7,Atp11c,0.308,0.154924
1.30061962166647e-17,1.08763903563739,0.406,0.135,4.19189704063104e-13,c7,Nfu1,0.271,0.110026
1.30456862630585e-17,0.815040437389269,0.853,0.442,4.20462468258377e-13,c7,Cdc42,0.411,0.350583
1.36558301156813e-17,0.81450118017581,0.755,0.334,4.40127404628409e-13,c7,Aph1a,0.421,0.317855
1.38169456919582e-17,0.810537042422229,0.874,0.451,4.45320159651813e-13,c7,Wdr37,0.423,0.369702
1.38571623523646e-17,1.307999677068,0.378,0.126,4.46616342616711e-13,c7,Ccdc93,0.252,0.095256
1.41495847147827e-17,1.38900488248846,0.28,0.077,4.56041115357447e-13,c7,Tm6sf2,0.203,0.05684
1.41646592407722e-17,0.892840428207179,0.545,0.207,4.56526967330089e-13,c7,Stx18,0.338,0.18421
1.4314265258839e-17,0.983479516808057,0.559,0.225,4.61348769292382e-13,c7,Rab4a,0.334,0.186706
1.43205160990175e-17,0.863668704458134,0.643,0.265,4.61550233871335e-13,c7,Tbc1d13,0.378,0.243054
1.44320131219954e-17,1.00261165045751,0.483,0.179,4.6514378292191e-13,c7,Vta1,0.304,0.146832
1.44881452314591e-17,0.818621709378532,0.804,0.375,4.66952920809927e-13,c7,Myl12b,0.429,0.344916
1.45992189737848e-17,0.902862551440142,0.643,0.265,4.70532827525083e-13,c7,B4galt3,0.378,0.243054
1.46561201160885e-17,0.911878702221406,0.531,0.202,4.72366751341532e-13,c7,Fam172a,0.329,0.174699
1.48067999076946e-17,0.823956298408091,0.503,0.179,4.77223161024996e-13,c7,Lasp1,0.324,0.162972
1.4838818465561e-17,0.793419233870261,0.79,0.35,4.78255119145031e-13,c7,Fndc3a,0.44,0.3476
1.53852053191715e-17,0.872514218572527,0.692,0.301,4.95865167436897e-13,c7,Ppp2r2d,0.391,0.270572
1.5585867789868e-17,0.917203955217023,0.552,0.215,5.02332518867447e-13,c7,Exosc9,0.337,0.186024
1.58712907181915e-17,1.26386051000781,0.322,0.097,5.11531699847312e-13,c7,Tmem14a,0.225,0.07245
1.58878900494247e-17,1.57637179404451,0.259,0.069,5.12066696292959e-13,c7,Hps1,0.19,0.04921
1.58948423213371e-17,0.77926910541873,0.357,0.107,5.12290768016696e-13,c7,Epdr1,0.25,0.08925
1.61908697662054e-17,0.90548370437464,0.748,0.418,5.21831732564799e-13,c7,Nedd8,0.33,0.24684
1.69505304225082e-17,0.841118166079178,0.804,0.406,5.4631559551744e-13,c7,Smim10l1,0.398,0.319992
1.73495364107367e-17,0.830488864901191,0.622,0.247,5.59175558518043e-13,c7,Comt,0.375,0.23325
1.7601943787524e-17,0.816143886725484,0.846,0.419,5.67310648271899e-13,c7,Rabgap1,0.427,0.361242
1.82855505074853e-17,0.850796676436257,0.552,0.21,5.89343292856251e-13,c7,Ankib1,0.342,0.188784
1.8319139636371e-17,1.07590728566191,0.357,0.111,5.90425870480238e-13,c7,Asap2,0.246,0.087822
1.88268029451277e-17,0.960129928539524,0.441,0.152,6.06787858921465e-13,c7,Dhx29,0.289,0.127449
1.93518605143743e-17,1.06782193858133,0.524,0.204,6.23710464378284e-13,c7,Farp1,0.32,0.16768
1.95942867826361e-17,0.809947971254738,0.916,0.478,6.31523863004362e-13,c7,Ahi1,0.438,0.401208
2.00056724365971e-17,0.975858791352985,0.566,0.227,6.44782822631525e-13,c7,Msantd2,0.339,0.191874
2.00896626007196e-17,0.88305808460822,0.664,0.288,6.47489825621194e-13,c7,Ssbp4,0.376,0.249664
2.1113850598338e-17,0.777088595360646,0.965,0.525,6.80499404784434e-13,c7,Camta1,0.44,0.4246
2.11353217613075e-17,0.884032750959824,0.755,0.365,6.8119142036694e-13,c7,Blmh,0.39,0.29445
2.11764700971689e-17,0.690879578736568,0.979,0.626,6.82517631231753e-13,c7,Sf3b1,0.353,0.345587
2.120813665423e-17,1.30962509813725,0.294,0.084,6.83538244365833e-13,c7,Gale,0.21,0.06174
2.16160118398885e-17,0.836414723291363,0.587,0.228,6.96684061599606e-13,c7,Pdcd7,0.359,0.210733
2.18099117888618e-17,1.01983523675669,0.49,0.184,7.02933456955014e-13,c7,Wdr36,0.306,0.14994
2.19269171608169e-17,0.874532528891534,0.741,0.349,7.06704540093129e-13,c7,Pnpla8,0.392,0.290472
2.23195601241915e-17,0.712321641158549,0.951,0.604,7.19359422802692e-13,c7,Huwe1,0.347,0.329997
2.28019255930716e-17,0.81893740326495,0.867,0.456,7.34906061864699e-13,c7,Zfp866,0.411,0.356337
2.29742268586739e-17,0.779871428355918,0.937,0.52,7.4045933165506e-13,c7,Tnrc6a,0.417,0.390729
2.32152420084133e-17,0.991269661921723,0.469,0.167,7.4822724993116e-13,c7,Ftsj1,0.302,0.141638
2.33789296574134e-17,0.851436002417362,0.741,0.339,7.53502902858435e-13,c7,Smap1,0.402,0.297882
2.3623271118928e-17,0.84117055947943,0.748,0.346,7.61378028163048e-13,c7,Erp44,0.402,0.300696
2.36362759195442e-17,1.50659487451749,0.252,0.066,7.61797172886908e-13,c7,Trim17,0.186,0.046872
2.37059603412202e-17,0.791328910341317,0.895,0.451,7.64043101797527e-13,c7,Ptpra,0.444,0.39738
2.41128065097345e-17,1.25100857573802,0.378,0.127,7.77155753808743e-13,c7,Camk1,0.251,0.094878
2.41602858527223e-17,0.838483516639202,0.79,0.363,7.7868601303324e-13,c7,Klhl11,0.427,0.33733
2.47727323176124e-17,0.882067817230925,0.699,0.314,7.98425162596647e-13,c7,Nacc1,0.385,0.269115
2.49413239174927e-17,1.29613126204757,0.315,0.095,8.03858869860789e-13,c7,Rab36,0.22,0.0693
2.5132299757407e-17,0.836768452685964,0.748,0.331,8.10014021181228e-13,c7,Numb,0.417,0.311916
2.53661268312813e-17,0.844685111741362,0.65,0.276,8.17550267772196e-13,c7,Dgcr6,0.374,0.2431
2.55790139419256e-17,0.786322553728719,0.741,0.321,8.24411619348263e-13,c7,Nt5c3,0.42,0.31122
2.58152827397482e-17,0.874465044222669,0.727,0.336,8.32026562702084e-13,c7,Cdk5,0.391,0.284257
2.63338092179036e-17,0.781084779446142,0.916,0.455,8.48738671093033e-13,c7,Ccnt2,0.461,0.422276
2.66171314954563e-17,1.41628737648131,0.28,0.079,8.57870148098558e-13,c7,Plod2,0.201,0.05628
2.67534879244368e-17,0.841433251638527,0.727,0.327,8.62264915804597e-13,c7,Sra1,0.4,0.2908
2.70233213113379e-17,0.900415027443918,0.643,0.271,8.7096164586442e-13,c7,Rtl6,0.372,0.239196
2.75883551728063e-17,0.956850042758735,0.42,0.141,8.89172687219546e-13,c7,Klf13,0.279,0.11718
2.78075049930686e-17,0.838450542420109,0.636,0.262,8.96235885926602e-13,c7,Stk24,0.374,0.237864
2.7833732332668e-17,0.919442907901908,0.643,0.283,8.97081193081888e-13,c7,Polr2m,0.36,0.23148
2.86744865860067e-17,1.0651573026009,0.427,0.149,9.24178702666996e-13,c7,Pex11b,0.278,0.118706
2.87421082717572e-17,0.817530180375595,0.839,0.429,9.26358149598736e-13,c7,Atf2,0.41,0.34399
2.8935228073629e-17,1.46828259706547,0.357,0.119,9.32582400813063e-13,c7,Nav2,0.238,0.084966
2.90242385971128e-17,1.0398919611943,0.483,0.18,9.35451209984947e-13,c7,Exosc8,0.303,0.146349
2.94999080721137e-17,0.849645898511324,0.587,0.229,9.50782037164225e-13,c7,Dynlt1f,0.358,0.210146
3.11536882284402e-17,0.858677415493244,0.448,0.153,1.00408337160263e-12,c7,Ap4m1,0.295,0.13216
3.15477209193124e-17,0.971553427424561,0.455,0.162,1.01678304522944e-12,c7,Kyat1,0.293,0.133315
3.15689474281373e-17,0.719004395748619,0.986,0.597,1.01746717560887e-12,c7,Dhx9,0.389,0.383554
3.16910100583857e-17,1.17559539106778,0.357,0.113,1.02140125418177e-12,c7,Dnajc17,0.244,0.087108
3.18042901892099e-17,0.855479800866543,0.755,0.349,1.02505227279823e-12,c7,Supt16,0.406,0.30653
3.24465195791119e-17,0.875705643389443,0.58,0.231,1.04575132603478e-12,c7,Gid4,0.349,0.20242
3.31833167429627e-17,0.913092608274859,0.559,0.224,1.06949829862569e-12,c7,Mbtps2,0.335,0.187265
3.48873796488999e-17,0.850696726263604,0.664,0.282,1.12442024608404e-12,c7,Mynn,0.382,0.253648
3.60801930679189e-17,0.859347682330086,0.727,0.332,1.16286462257903e-12,c7,Supt4a,0.395,0.287165
3.62557380580226e-17,0.805505296228573,0.734,0.322,1.16852243761007e-12,c7,Cdc27,0.412,0.302408
3.63143242563982e-17,1.1129171050574,0.378,0.124,1.17041067078371e-12,c7,DEPRECATED-ENSMUSG00000022159,0.254,0.096012
3.63680572613077e-17,0.883469537597983,0.636,0.263,1.17214248553195e-12,c7,Zfp612,0.373,0.237228
3.71135168572594e-17,0.809451545621457,0.72,0.309,1.19616864830947e-12,c7,Usf1,0.411,0.29592
3.73331670239365e-17,0.857960513414427,0.671,0.289,1.20324797318147e-12,c7,Vps39,0.382,0.256322
3.74235498854838e-17,0.841129148934083,0.804,0.399,1.20616101280914e-12,c7,Rab11b,0.405,0.32562
3.77654989535625e-17,1.03981885070932,0.448,0.161,1.21718203127332e-12,c7,Atm,0.287,0.128576
3.80025947440355e-17,0.853783431189445,0.832,0.421,1.22482362860027e-12,c7,Atp8a1,0.411,0.341952
3.85041767694123e-17,0.810104057536768,0.741,0.331,1.24098961727816e-12,c7,Lrig2,0.41,0.30381
3.88604791319598e-17,0.831101375535556,0.804,0.389,1.25247324242306e-12,c7,Anapc4,0.415,0.33366
3.89937020638268e-17,1.04563962935887,0.497,0.189,1.25676701751714e-12,c7,Rbmxl1,0.308,0.153076
3.97558278097028e-17,0.784702604318435,0.783,0.349,1.28133033030672e-12,c7,Brd1,0.434,0.339822
3.99767860350712e-17,0.752352347481204,0.762,0.325,1.28845181391035e-12,c7,Clip4,0.437,0.332994
4.05325515965936e-17,1.49813966492083,0.322,0.101,1.30636413795821e-12,c7,Pde1c,0.221,0.071162
4.21023697417264e-17,0.972539262852447,0.476,0.174,1.35695937677584e-12,c7,Tmem43,0.302,0.143752
4.23239461649715e-17,1.36172065602702,0.294,0.086,1.36410078489703e-12,c7,Dok4,0.208,0.061152
4.25413822738718e-17,0.902985871391817,0.643,0.279,1.37110875068689e-12,c7,Hspa4,0.364,0.234052
4.25561594920829e-17,0.819141105255232,0.58,0.227,1.37158502042983e-12,c7,Rab9,0.353,0.20474
4.46008162963716e-17,0.95283889454289,0.538,0.211,1.43748430923206e-12,c7,Dimt1,0.327,0.175926
4.48795645642901e-17,0.809494586978627,0.706,0.307,1.44646836590707e-12,c7,Spryd3,0.399,0.281694
4.58531658251072e-17,0.772717851645813,0.923,0.456,1.47784753454321e-12,c7,Smc5,0.467,0.431041
4.60804590200884e-17,0.78728329732592,0.811,0.373,1.48517319421745e-12,c7,Mysm1,0.438,0.355218
4.61172324399064e-17,0.901609204648753,0.636,0.272,1.48635840153818e-12,c7,Zfp639,0.364,0.231504
4.64618287576667e-17,0.839747729447175,0.594,0.238,1.4974647408596e-12,c7,Lrrfip2,0.356,0.211464
4.64853914902274e-17,0.824795870425632,0.643,0.268,1.49822416773003e-12,c7,Srprb,0.375,0.241125
4.68661159522117e-17,1.04561824630653,0.385,0.126,1.51049491713978e-12,c7,Nars2,0.259,0.099715
4.71361891262758e-17,0.912712228281069,0.531,0.204,1.51919937553987e-12,c7,Lrrcc1,0.327,0.173637
4.71710702242689e-17,0.801331483516929,0.86,0.431,1.52032359332819e-12,c7,Scaf4,0.429,0.36894
4.73338922301228e-17,0.826148121248236,0.769,0.365,1.52557134657686e-12,c7,Tm2d2,0.404,0.310676
4.78268368800022e-17,0.756231912552026,0.832,0.395,1.54145895264247e-12,c7,Txndc15,0.437,0.363584
4.8389592072787e-17,0.824298952087207,0.65,0.27,1.55959655250593e-12,c7,Dr1,0.38,0.247
5.14658491467459e-17,1.0876798877604,0.42,0.147,1.65874431799962e-12,c7,Zfand1,0.273,0.11466
5.15476339129637e-17,0.857552408063009,0.601,0.243,1.66138024101482e-12,c7,Tubgcp6,0.358,0.215158
5.18203598836725e-17,0.792725930480566,0.839,0.511,1.67017019905076e-12,c7,Map1lc3a,0.328,0.275192
5.24251181689275e-17,0.719758523534761,0.979,0.583,1.68966155858453e-12,c7,Nsd3,0.396,0.387684
5.2626775774644e-17,1.34475405277749,0.322,0.099,1.69616098321678e-12,c7,Zfp382,0.223,0.071806
5.26674377312627e-17,1.37030115506056,0.252,0.067,1.6974715180786e-12,c7,Wnt5a,0.185,0.04662
5.36266962549904e-17,0.804230002681312,0.783,0.356,1.72838842029834e-12,c7,Vps51,0.427,0.334341
5.37380041201863e-17,0.860401251335003,0.601,0.243,1.7319758727936e-12,c7,Wdr43,0.358,0.215158
5.56240938454401e-17,1.12008178291514,0.371,0.121,1.79276454463854e-12,c7,Pced1a,0.25,0.09275
5.56911068366008e-17,0.787075861611508,0.804,0.364,1.79492437334364e-12,c7,Chordc1,0.44,0.35376
5.58471582753723e-17,0.79633950465473,0.776,0.355,1.79995391121525e-12,c7,Scyl1,0.421,0.326696
5.60288001714068e-17,0.807679963719298,0.853,0.419,1.80580822952444e-12,c7,Ggnbp2,0.434,0.370202
5.66586686171632e-17,0.78249121652226,0.909,0.494,1.82610888953117e-12,c7,Dmxl1,0.415,0.377235
5.68333470522316e-17,0.818297046993371,0.804,0.395,1.83173877549342e-12,c7,Ufd1,0.409,0.328836
5.74288987007028e-17,1.01788282819506,0.448,0.16,1.85093340512365e-12,c7,Casp2,0.288,0.129024
5.89338684883881e-17,0.805485228991423,0.79,0.374,1.89943858138075e-12,c7,Snx19,0.416,0.32864
5.91864742307419e-17,0.798464657248265,0.853,0.454,1.90758006445681e-12,c7,Hnrnph2,0.399,0.340347
6.06253708648722e-17,0.855980189003253,0.406,0.135,1.95395570297483e-12,c7,Ndc1,0.271,0.110026
6.18607290436887e-17,0.81892774191321,0.643,0.264,1.99377129707809e-12,c7,Chic2,0.379,0.243697
6.22557288210851e-17,0.831132225477024,0.329,0.101,2.00650213990357e-12,c7,Slc1a3,0.228,0.075012
6.43073312781646e-17,0.837618823343642,0.727,0.332,2.07262528709525e-12,c7,Dlat,0.395,0.287165
6.50372686183622e-17,0.803668616828483,0.818,0.387,2.09615116756981e-12,c7,Ranbp9,0.431,0.352558
6.62178931128585e-17,0.863983386023268,0.734,0.337,2.13420269502743e-12,c7,Phactr1,0.397,0.291398
6.65201093951162e-17,0.996520426364262,0.462,0.169,2.1439431258046e-12,c7,Bnip1,0.293,0.135366
6.75165312847768e-17,0.946965110020368,0.629,0.273,2.17605780330835e-12,c7,Hnrnpdl,0.356,0.223924
6.98233793305687e-17,0.784949892493111,0.692,0.292,2.25040751582423e-12,c7,Ube3b,0.4,0.2768
7.02047712696503e-17,0.980326005946413,0.497,0.189,2.26269977802083e-12,c7,Txnl4a,0.308,0.153076
7.0580917749296e-17,0.862665833333566,0.706,0.312,2.27482297905981e-12,c7,Khdrbs3,0.394,0.278164
7.07869123034679e-17,1.0800166346431,0.517,0.207,2.28146218354077e-12,c7,Tbl2,0.31,0.16027
7.36057322247549e-17,1.09203876534956,0.538,0.228,2.37231274960385e-12,c7,Smg9,0.31,0.16678
7.37351650933564e-17,0.83328838991002,0.601,0.247,2.37648437095888e-12,c7,Slc35a5,0.354,0.212754
7.397686026781e-17,0.872022973691781,0.566,0.224,2.38427420643151e-12,c7,Tdrd3,0.342,0.193572
7.51366590178233e-17,0.482580809399905,0.993,0.813,2.42165452014445e-12,c7,Aplp2,0.18,0.17874
7.52905903391318e-17,0.857687735667908,0.601,0.245,2.42661572663022e-12,c7,Ints3,0.356,0.213956
7.61178200232153e-17,0.800741600337066,0.608,0.247,2.45327733934823e-12,c7,Nenf,0.361,0.219488
7.9647445650764e-17,1.20178078740246,0.378,0.128,2.56703717332412e-12,c7,Rab33b,0.25,0.0945
7.9880271511754e-17,0.872822189536934,0.531,0.204,2.57454115082383e-12,c7,Ube2l3,0.327,0.173637
8.24282643983508e-17,0.849444502054317,0.671,0.294,2.65666296155885e-12,c7,Psmd14,0.377,0.252967
8.3831209435152e-17,1.22714061683687,0.294,0.085,2.70187988009495e-12,c7,Lag3,0.209,0.061446
8.39572610647218e-17,0.911571963639672,0.65,0.298,2.70594252411598e-12,c7,Vapa,0.352,0.2288
8.73015248936301e-17,0.755871058367602,0.93,0.515,2.8137281473217e-12,c7,Dhx36,0.415,0.38595
8.8154951539455e-17,0.813181849578008,0.741,0.338,2.84123408811663e-12,c7,Snrpd1,0.403,0.298623
8.81899817938843e-17,0.795067913189633,0.888,0.478,2.84236311321689e-12,c7,Zswim8,0.41,0.36408
8.92727418026306e-17,0.803294277931224,0.86,0.434,2.87726046829878e-12,c7,Slc23a2,0.426,0.36636
9.31238477235152e-17,0.813953092685614,0.797,0.381,3.0013816121289e-12,c7,Polr2b,0.416,0.331552
9.42320998737297e-17,0.909254905506709,0.601,0.249,3.03710057893031e-12,c7,Hcfc2,0.352,0.211552
9.43981514079164e-17,1.13680312810519,0.538,0.227,3.04245241987715e-12,c7,Sipa1l2,0.311,0.167318
9.47766654441117e-17,0.758811074156185,0.916,0.494,3.05465192726372e-12,c7,Mia3,0.422,0.386552
1.0030468491529e-16,1.16947628521538,0.35,0.112,3.23281999481979e-12,c7,Fpgs,0.238,0.0833
1.03398624930414e-16,0.813798671749308,0.783,0.374,3.33253768150724e-12,c7,Eftud2,0.409,0.320247
1.0366132948312e-16,0.788220216440588,0.79,0.364,3.34100464924095e-12,c7,Phf3,0.426,0.33654
1.05532617192556e-16,1.05316969896091,0.35,0.11,3.40131625211607e-12,c7,Atp5c1,0.24,0.084
1.05939701392408e-16,0.884305220690461,0.476,0.174,3.41443657587733e-12,c7,Lamtor4,0.302,0.143752
1.06160561406534e-16,0.84962035596317,0.643,0.274,3.42155489413259e-12,c7,Sephs1,0.369,0.237267
1.06474985461855e-16,0.849520211970743,0.399,0.131,3.43168878143559e-12,c7,Kantr,0.268,0.106932
1.07468037617909e-16,0.747415338677324,0.979,0.551,3.46369485242522e-12,c7,Ncor1,0.428,0.419012
1.105241683406e-16,0.777792813112798,0.797,0.363,3.56219394561752e-12,c7,Ncbp1,0.434,0.345898
1.13442755126637e-16,0.951969687536173,0.413,0.141,3.6562599977315e-12,c7,Sh3yl1,0.272,0.112336
1.14221856047426e-16,1.40434391147795,0.252,0.068,3.68137042040854e-12,c7,Rap2b,0.184,0.046368
1.14722609471823e-16,0.91028137482214,0.58,0.236,3.69750970327686e-12,c7,Abhd18,0.344,0.19952
1.16017515579393e-16,0.812013972881724,0.818,0.414,3.73924452712384e-12,c7,Scaf1,0.404,0.330472
1.17213293657034e-16,0.771368013289633,0.636,0.258,3.77778445456621e-12,c7,Tbrg4,0.378,0.240408
1.17310055106867e-16,0.802058113835719,0.636,0.263,3.78090307609432e-12,c7,Wdr61,0.373,0.237228
1.17615245286067e-16,1.30314123107209,0.287,0.083,3.79073935556994e-12,c7,Fastkd1,0.204,0.058548
1.18235540768382e-16,0.793496780438397,0.867,0.484,3.81073147896496e-12,c7,Abhd8,0.383,0.332061
1.19946027788981e-16,0.797150933649395,0.853,0.467,3.86586047563885e-12,c7,Gps1,0.386,0.329258
1.21434078931525e-16,0.781204124592061,0.79,0.36,3.91382036396305e-12,c7,Mars,0.43,0.3397
1.25142093346609e-16,0.833361284350212,0.797,0.379,4.03332966856122e-12,c7,Kdm1a,0.418,0.333146
1.27758445638003e-16,0.833360854039207,0.804,0.374,4.11765470291283e-12,c7,Srrm3,0.43,0.34572
1.27858562595103e-16,0.654525799251207,0.664,0.269,4.12088147244018e-12,c7,Apmap,0.395,0.26228
1.31523659544297e-16,0.795986126181797,0.86,0.415,4.23900754711269e-12,c7,Clasrp,0.445,0.3827
1.32899093933686e-16,0.810393859217933,0.748,0.336,4.28333779748272e-12,c7,Zfp414,0.412,0.308176
1.36004644694027e-16,0.982450359944682,0.434,0.153,4.38342969848848e-12,c7,Cad,0.281,0.121954
1.3675193224214e-16,0.859953302106214,0.448,0.157,4.40751477616417e-12,c7,Coq5,0.291,0.130368
1.38422796744168e-16,0.918199440893318,0.566,0.229,4.46136673906454e-12,c7,Clec16a,0.337,0.190742
1.39649522137413e-16,0.746005348561676,0.832,0.393,4.50090409848883e-12,c7,Edem3,0.439,0.365248
1.39885390072813e-16,0.845133961898369,0.622,0.26,4.50850612204676e-12,c7,Nelfb,0.362,0.225164
1.42270107008364e-16,0.815263085970915,0.615,0.251,4.58536554887956e-12,c7,Sart3,0.364,0.22386
1.42865933527969e-16,0.806698473217203,0.839,0.427,4.60456903760644e-12,c7,Mecp2,0.412,0.345668
1.46455144804621e-16,0.686104448764256,0.601,0.236,4.72024931705295e-12,c7,Nadk,0.365,0.219365
1.46596139711429e-16,0.997895066756887,0.413,0.143,4.72479358289935e-12,c7,Fastkd2,0.27,0.11151
1.49302520927636e-16,1.10180528244233,0.364,0.12,4.81202024949772e-12,c7,Timm10,0.244,0.088816
1.50167712483473e-16,0.759426882504824,0.818,0.381,4.83990537334232e-12,c7,Pds5a,0.437,0.357466
1.55202925239797e-16,0.86946919703114,0.538,0.211,5.00219028047864e-12,c7,Lig3,0.327,0.175926
1.56813030873316e-16,0.898651734085139,0.566,0.229,5.05408398504696e-12,c7,Ppid,0.337,0.190742
1.57940656720441e-16,1.09887907162052,0.455,0.17,5.09042736609982e-12,c7,Mast3,0.285,0.129675
1.60951983661307e-16,1.24384386690675,0.287,0.083,5.18748243340391e-12,c7,Pinx1,0.204,0.058548
1.63516118287973e-16,1.03194524575399,0.65,0.327,5.27012449242136e-12,c7,Tle4,0.323,0.20995
1.73052953306336e-16,0.921181950770277,0.552,0.224,5.57749668506322e-12,c7,Fbxo30,0.328,0.181056
1.78858169064417e-16,1.32254800868851,0.294,0.087,5.76459878894616e-12,c7,Aopep,0.207,0.060858
1.81975538264756e-16,0.759004295471815,0.825,0.377,5.86507159827308e-12,c7,Prpf40b,0.448,0.3696
1.82746302800223e-16,0.842346213709866,0.664,0.294,5.88991333925119e-12,c7,Plpbp,0.37,0.24568
1.82988882140272e-16,1.02484704354559,0.378,0.126,5.89773167138097e-12,c7,Rnaseh2a,0.252,0.095256
1.83333683797324e-16,0.764621281181771,0.615,0.248,5.90884462878775e-12,c7,Ncaph2,0.367,0.225705
1.86973399458202e-16,1.2605977042729,0.308,0.093,6.02615266453784e-12,c7,Ttc27,0.215,0.06622
1.8755428698489e-16,0.885579764886036,0.524,0.203,6.04487466952299e-12,c7,Nup54,0.321,0.168204
1.9169000130488e-16,0.920158874874562,0.448,0.161,6.17816874205629e-12,c7,Pym1,0.287,0.128576
1.92019622837431e-16,1.03743413845044,0.378,0.126,6.18879244405041e-12,c7,Miga2,0.252,0.095256
1.94147124944182e-16,0.908606115803948,0.741,0.394,6.25736183695098e-12,c7,Hnrnpa0,0.347,0.257127
1.96770069918904e-16,0.816247485307824,0.643,0.269,6.34189935348629e-12,c7,Fam50a,0.374,0.240482
1.99192648407921e-16,1.24656130583053,0.28,0.08,6.41997905818729e-12,c7,Mcrip2,0.2,0.056
1.99352941897653e-16,0.925279208903304,0.517,0.203,6.42514531736136e-12,c7,Gatc,0.314,0.162338
2.06630740960277e-16,0.911123838462372,0.65,0.29,6.65970878114972e-12,c7,Rapgef2,0.36,0.234
2.08031003793828e-16,0.905210085989738,0.51,0.194,6.70483925227507e-12,c7,Zbtb9,0.316,0.16116
2.0895141506352e-16,1.09909291908755,0.392,0.134,6.73450410749726e-12,c7,Zkscan6,0.258,0.101136
2.09867216063744e-16,0.857141787013629,0.769,0.395,6.76402037373447e-12,c7,Pex19,0.374,0.287606
2.13143183949498e-16,0.821504816039427,0.538,0.208,6.86960481869231e-12,c7,Mfsd14a,0.33,0.17754
2.15776486135339e-16,0.861479368453053,0.552,0.218,6.95447614814197e-12,c7,Rnf141,0.334,0.184368
2.17354096444898e-16,0.835109766316603,0.65,0.28,7.00532252841906e-12,c7,Arhgef11,0.37,0.2405
2.20282450582755e-16,0.872740942684202,0.441,0.158,7.09970338228219e-12,c7,Ctnnbip1,0.283,0.124803
2.20721419795243e-16,0.788759769966876,0.734,0.327,7.11385136000069e-12,c7,Dele1,0.407,0.298738
2.38190561090153e-16,0.803313228566375,0.797,0.396,7.67688178393564e-12,c7,Ambra1,0.401,0.319597
2.39488472672312e-16,1.3537012165346,0.273,0.078,7.71871347422863e-12,c7,Cnpy4,0.195,0.053235
2.3975207127381e-16,0.916751844898992,0.538,0.215,7.7272092571549e-12,c7,Katnb1,0.323,0.173774
2.44862599548521e-16,0.836350082361561,0.706,0.33,7.89192158344882e-12,c7,Pfdn2,0.376,0.265456
2.51091165260507e-16,0.817551882263348,0.832,0.415,8.09266825634614e-12,c7,Lrba,0.417,0.346944
2.59094949792849e-16,0.903638672413453,0.503,0.196,8.35063023182354e-12,c7,Cndp2,0.307,0.154421
2.60004112988974e-16,0.872303745511685,0.559,0.226,8.37993256163462e-12,c7,Zfp637,0.333,0.186147
2.60913856849851e-16,0.88600592290512,0.469,0.173,8.40925360627069e-12,c7,Lsm6,0.296,0.138824
2.63199238283666e-16,0.766873458540181,0.916,0.505,8.48291144988257e-12,c7,Sept7,0.411,0.376476
2.65576878085111e-16,0.901947804635728,0.476,0.176,8.55954278068312e-12,c7,Txlng,0.3,0.1428
2.67148639304266e-16,0.807913921641507,0.755,0.366,8.61020064477649e-12,c7,Mif,0.389,0.293695
2.7423440167656e-16,0.796685652534904,0.741,0.341,8.83857476603553e-12,c7,Spsb3,0.4,0.2964
2.75035596341543e-16,0.892187497598556,0.58,0.242,8.86439727008794e-12,c7,Golga3,0.338,0.19604
2.78583357014842e-16,0.762866734793353,0.881,0.475,8.97874159658835e-12,c7,Fmr1,0.406,0.357686
2.85816559691492e-16,0.950260769361713,0.545,0.224,9.21186771885677e-12,c7,Lrrc8d,0.321,0.174945
2.89443684917894e-16,0.758998738252248,0.797,0.379,9.32876996490373e-12,c7,Rab7,0.418,0.333146
2.93979992684197e-16,0.736963514855933,0.895,0.572,9.47497516421168e-12,c7,Napa,0.323,0.289085
2.94104944546714e-16,1.13521310555432,0.378,0.129,9.4790023627406e-12,c7,Msh6,0.249,0.094122
2.975494442716e-16,0.832485548052289,0.664,0.289,9.59001858887368e-12,c7,Tsr3,0.375,0.249
2.98794238042621e-16,0.80715057912425,0.713,0.321,9.63013829211367e-12,c7,Vipas39,0.392,0.279496
3.003806364062e-16,0.762058765782602,0.874,0.479,9.68126791137181e-12,c7,Ubqln1,0.395,0.34523
3.02793312296463e-16,0.891431422372462,0.566,0.232,9.75902845531499e-12,c7,Nmd3,0.334,0.189044
3.04076234128553e-16,0.85427497551982,0.608,0.252,9.80037702596325e-12,c7,Ccp110,0.356,0.216448
3.17892711943855e-16,1.00921356297496,0.378,0.126,1.02456821059504e-11,c7,Dhx32,0.252,0.095256
3.18043609552649e-16,0.791826041364605,0.783,0.37,1.02505455358819e-11,c7,Osbpl9,0.413,0.323379
3.39177966693948e-16,0.880307399460996,0.531,0.207,1.09317058665459e-11,c7,Zfp949,0.324,0.172044
3.48735712936629e-16,0.967132862803166,0.566,0.238,1.12397520279476e-11,c7,Zfp346,0.328,0.185648
3.50073558314523e-16,0.781940712259841,0.72,0.315,1.12828707844771e-11,c7,BC005561,0.405,0.2916
3.53469062664723e-16,0.813683788031231,0.741,0.35,1.1392307889684e-11,c7,Dctn6,0.391,0.289731
3.53739038859425e-16,0.818923206000204,0.72,0.334,1.14010092224393e-11,c7,Lrrc8a,0.386,0.27792
3.78947137265001e-16,0.773608360827102,0.853,0.441,1.2213466234051e-11,c7,Pias2,0.412,0.351436
3.84587576657746e-16,0.814261373982829,0.748,0.36,1.23952575956792e-11,c7,Mtmr9,0.388,0.290224
3.93566608860224e-16,0.779949887352519,0.545,0.213,1.2684651803565e-11,c7,Galk2,0.332,0.18094
3.94788990762497e-16,1.20391772472784,0.336,0.109,1.27240491722753e-11,c7,Sac3d1,0.227,0.076272
3.96919025760428e-16,0.890698827075674,0.538,0.215,1.27927002002586e-11,c7,Pikfyve,0.323,0.173774
4.11179764062445e-16,0.82701662484982,0.748,0.363,1.32523237957326e-11,c7,Eif4h,0.385,0.28798
4.17840521855933e-16,0.731512712755013,0.811,0.375,1.34670000194167e-11,c7,Tbc1d19,0.436,0.353596
4.22487285033952e-16,0.741536460627401,0.706,0.305,1.36167651966443e-11,c7,Capza2,0.401,0.283106
4.24747289703543e-16,0.837410974151528,0.497,0.186,1.36896051471452e-11,c7,Xpot,0.311,0.154567
4.26149954436139e-16,0.832067281273727,0.678,0.299,1.37348130314768e-11,c7,Hcfc1,0.379,0.256962
4.27263810308209e-16,0.78026920939756,0.587,0.237,1.37707126062336e-11,c7,Slc15a4,0.35,0.20545
4.28242152072048e-16,0.665087920127563,0.944,0.616,1.38022445612821e-11,c7,Prrc2b,0.328,0.309632
4.33038608079785e-16,0.866802082468722,0.622,0.27,1.39568343384115e-11,c7,Cdc5l,0.352,0.218944
4.35931311998123e-16,0.836424604248958,0.643,0.282,1.40500661856995e-11,c7,Cct7,0.361,0.232123
4.37724665256242e-16,1.16518845307308,0.343,0.112,1.41078659612087e-11,c7,Pgm2,0.231,0.079233
4.42232313432814e-16,0.763504459508968,0.881,0.446,1.42531474619396e-11,c7,Senp6,0.435,0.383235
4.42477506116998e-16,0.773439660637585,0.804,0.38,1.42610500221508e-11,c7,Tfdp1,0.424,0.340896
4.43293345651569e-16,0.869923799259125,0.664,0.306,1.42873445303501e-11,c7,Mtx2,0.358,0.237712
4.59511349541783e-16,0.66660151482628,0.958,0.595,1.48100507957317e-11,c7,Clptm1,0.363,0.347754
4.68287024552257e-16,0.958247802609044,0.476,0.179,1.50928908013193e-11,c7,Faxc,0.297,0.141372
4.85555393080903e-16,0.800166479221292,0.783,0.381,1.56494503189975e-11,c7,Ube2q1,0.402,0.314766
4.94437304881754e-16,0.8180040486347,0.699,0.317,1.59357143363389e-11,c7,Fkbp2,0.382,0.267018
4.97558845620675e-16,0.774523129406063,0.832,0.481,1.60363215943544e-11,c7,Arf1,0.351,0.292032
5.01818913753071e-16,1.0249666986976,0.441,0.163,1.61736235902615e-11,c7,Ctc1,0.278,0.122598
5.02205643897015e-16,0.797930474327467,0.748,0.36,1.61860879028008e-11,c7,Mfn2,0.388,0.290224
5.02610048497247e-16,0.716512486736805,0.685,0.293,1.61991218630663e-11,c7,Dnajb9,0.392,0.26852
5.08586462072003e-16,1.11752919886811,0.413,0.149,1.63917416725807e-11,c7,Aoc2,0.264,0.109032
5.16240004843346e-16,0.980554605360797,0.497,0.193,1.6638415356101e-11,c7,Zbtb41,0.304,0.151088
5.21960287782567e-16,0.710324045667923,0.958,0.573,1.68227800752321e-11,c7,Oga,0.385,0.36883
5.23447322444352e-16,1.1267664620741,0.315,0.098,1.68707072023815e-11,c7,Lyplal1,0.217,0.068355
5.44997149897299e-16,0.804046952880222,0.783,0.391,1.75652581411899e-11,c7,Atp5g3,0.392,0.306936
5.48814505339823e-16,0.792620000568132,0.853,0.454,1.76882915071025e-11,c7,Taz,0.399,0.340347
5.51655768678583e-16,0.786251938780778,0.748,0.344,1.77798654245107e-11,c7,Anapc7,0.404,0.302192
5.57226140719198e-16,0.831199343896237,0.734,0.348,1.79593985153798e-11,c7,Rxrb,0.386,0.283324
5.5733848605355e-16,1.00134400206012,0.427,0.153,1.79630194055059e-11,c7,Nup62,0.274,0.116998
5.57594975175595e-16,0.749795969759493,0.888,0.45,1.79712860499094e-11,c7,Psme3,0.438,0.388944
5.68573938255749e-16,0.760617701846594,0.895,0.49,1.83251380299828e-11,c7,Sfswap,0.405,0.362475
5.77121747072782e-16,0.958001647462613,0.469,0.176,1.86006339081558e-11,c7,Utp4,0.293,0.137417
5.84217720103858e-16,0.756305326291608,0.811,0.377,1.88293371189474e-11,c7,Nup153,0.434,0.351974
5.90331517741697e-16,0.846063927518175,0.608,0.257,1.90263848168149e-11,c7,Commd7,0.351,0.213408
5.94838920890904e-16,0.891015160242752,0.566,0.235,1.91716584203138e-11,c7,Tbcd,0.331,0.187346
6.00241219674343e-16,0.731236636812475,0.727,0.316,1.93457745101041e-11,c7,Ssr4,0.411,0.298797
6.08137969437692e-16,1.02960781280346,0.364,0.12,1.96002867549768e-11,c7,Prr3,0.244,0.088816
6.14411753697687e-16,0.763675998363494,0.818,0.4,1.98024908216765e-11,c7,Rab12,0.418,0.341924
6.14987681373529e-16,1.16553488358274,0.315,0.098,1.98210529706688e-11,c7,Tamm41,0.217,0.068355
6.28735995551432e-16,0.760266692812022,0.678,0.286,2.02641611366227e-11,c7,Cxxc4,0.392,0.265776
6.43202093961896e-16,0.786079430281624,0.832,0.434,2.07304034883919e-11,c7,Ociad1,0.398,0.331136
6.50343431629853e-16,0.785011177486329,0.755,0.347,2.09605688014302e-11,c7,Btf3,0.408,0.30804
6.57338508347272e-16,0.768921416538437,0.671,0.289,2.11860201240326e-11,c7,Pex14,0.382,0.256322
6.58825430838879e-16,0.79177827490819,0.839,0.461,2.12339436359371e-11,c7,Serbp1,0.378,0.317142
6.63583331966894e-16,0.739577454108498,0.881,0.538,2.1387290789293e-11,c7,Actr1a,0.343,0.302183
6.69694184950127e-16,1.01456426611464,0.322,0.099,2.15842435809426e-11,c7,Pacc1,0.223,0.071806
6.79037270647829e-16,0.786801608985097,0.832,0.42,2.18853712329795e-11,c7,Ulk1,0.412,0.342784
6.88381126338012e-16,0.769594955924329,0.769,0.357,2.21865237018741e-11,c7,Cpsf1,0.412,0.316828
6.99529870273695e-16,0.786477218980943,0.909,0.512,2.25458477189212e-11,c7,Per1,0.397,0.360873
7.33973627582405e-16,0.789865960621756,0.65,0.279,2.36559700169809e-11,c7,Tm2d1,0.371,0.24115
7.60905477834065e-16,1.2720230488111,0.322,0.104,2.45239835505919e-11,c7,Sept9,0.218,0.070196
7.66842692565549e-16,0.957237518686667,0.643,0.296,2.47153399813876e-11,c7,Srrm4,0.347,0.223121
7.68658565447309e-16,0.756304541248028,0.853,0.445,2.47738655643668e-11,c7,Rab21,0.408,0.348024
7.81236383913337e-16,0.817437727534981,0.643,0.281,2.51792486535268e-11,c7,Zfp317,0.362,0.232766
7.95211417047961e-16,0.827242019014742,0.769,0.382,2.56296639714558e-11,c7,Fem1b,0.387,0.297603
8.09699195494654e-16,0.715500488346408,0.958,0.554,2.60966050707927e-11,c7,Akap11,0.404,0.387032
8.29228007082609e-16,0.767569648957293,0.888,0.477,2.67260186682725e-11,c7,Csnk1a1,0.411,0.364968
8.30742347688916e-16,0.787986364946365,0.476,0.176,2.67748258660138e-11,c7,Uxs1,0.3,0.1428
8.4801106334061e-16,0.774827301431217,0.531,0.203,2.73313965714679e-11,c7,Zfp563,0.328,0.174168
8.5517884340039e-16,0.904937761058327,0.608,0.265,2.75624141227946e-11,c7,Jak2,0.343,0.208544
8.58765435615814e-16,1.24724310629158,0.273,0.078,2.76780099898977e-11,c7,Homez,0.195,0.053235
8.99730203286973e-16,0.830299557372344,0.594,0.252,2.89983044519392e-11,c7,Cdk5rap3,0.342,0.203148
9.02012989450715e-16,1.0734071154009,0.469,0.18,2.90718786499966e-11,c7,Pim3,0.289,0.135541
9.02941905397206e-16,0.817414646709976,0.594,0.247,2.91018176109519e-11,c7,Hs6st1,0.347,0.206118
9.12945541223429e-16,0.828267030879131,0.573,0.235,2.94242347936311e-11,c7,Prmt5,0.338,0.193674
9.13509670203962e-16,0.830604605380297,0.643,0.283,2.94424166706737e-11,c7,Dctn3,0.36,0.23148
9.17379967459559e-16,0.861117340581605,0.713,0.349,2.95671563512216e-11,c7,Nudt21,0.364,0.259532
9.19358600216441e-16,0.774149412495173,0.706,0.32,2.96309276849759e-11,c7,Fer,0.386,0.272516
9.5172587683512e-16,0.812404950310553,0.755,0.376,3.06741250103959e-11,c7,Rnf214,0.379,0.286145
9.60487282454723e-16,1.02700536087375,0.399,0.141,3.09565051135157e-11,c7,Coil,0.258,0.102942
9.61431190410109e-16,0.531903065414189,0.993,0.744,3.09869272669178e-11,c7,Hnrnpa2b1,0.249,0.247257
9.66640790469235e-16,0.730271128472429,0.853,0.413,3.11548326768234e-11,c7,Wdr77,0.44,0.37532
9.78254466487494e-16,0.769306278401686,0.846,0.452,3.15291414548919e-11,c7,Aamp,0.394,0.333324
1.00024551606524e-15,1.09689993756347,0.273,0.078,3.22379129827828e-11,c7,Fam185a,0.195,0.053235
1.00060690815083e-15,0.760993658231146,0.678,0.294,3.22495606497014e-11,c7,Zfp398,0.384,0.260352
1.00096727374555e-15,0.947021516328802,0.406,0.142,3.2261175232819e-11,c7,Zfp760,0.264,0.107184
1.00583126223041e-15,0.78042157705921,0.748,0.347,3.24179415816861e-11,c7,Fam120b,0.401,0.299948
1.06200941070816e-15,0.888639217524787,0.497,0.192,3.4228563307124e-11,c7,Cep68,0.305,0.151585
1.08339061677943e-15,0.74822399384271,0.755,0.348,3.4917679578801e-11,c7,Pank3,0.407,0.307285
1.0922932277284e-15,0.727413244703059,0.797,0.368,3.52046107296863e-11,c7,Ifnar1,0.429,0.341913
1.11852911178793e-15,0.99081707450707,0.406,0.145,3.6050193272925e-11,c7,Gcdh,0.261,0.105966
1.1375298670798e-15,0.77002297831284,0.783,0.429,3.66625876159819e-11,c7,Fos,0.354,0.277182
1.14122573260328e-15,0.92487216967798,0.531,0.214,3.67817053618038e-11,c7,Ilvbl,0.317,0.168327
1.14900062308539e-15,0.938393508668396,0.469,0.179,3.70322900820422e-11,c7,Dgat1,0.29,0.13601
1.16073197377234e-15,0.734231081789643,0.762,0.337,3.74103915146826e-11,c7,Map4k4,0.425,0.32385
1.17598516211487e-15,0.850251861225498,0.524,0.206,3.79020017749622e-11,c7,Hspb11,0.318,0.166632
1.18456481326844e-15,0.781211514465682,0.762,0.358,3.81785239316417e-11,c7,Xpo7,0.404,0.307848
1.18886287703537e-15,1.1198026587463,0.364,0.123,3.83170505268499e-11,c7,Zfp950,0.241,0.087724
1.19442814087892e-15,1.32300518473038,0.266,0.076,3.84964189805276e-11,c7,Twnk,0.19,0.05054
1.20801548806147e-15,0.816005487487706,0.573,0.237,3.89343391802212e-11,c7,Taf6,0.336,0.192528
1.2108852809203e-15,0.800551596207065,0.573,0.234,3.90268326040613e-11,c7,Ciao1,0.339,0.194247
1.21202278715708e-15,0.766012097871161,0.839,0.437,3.90634944300726e-11,c7,Irf2bp2,0.402,0.337278
1.22345495252213e-15,0.794414485473382,0.797,0.411,3.94319531197883e-11,c7,Ccar2,0.386,0.307642
1.22775666431733e-15,0.790894785572083,0.58,0.235,3.95705972909475e-11,c7,Pcid2,0.345,0.2001
1.23790022511209e-15,0.70616054935988,0.685,0.292,3.98975242553627e-11,c7,Tpst1,0.393,0.269205
1.23982236223965e-15,0.793806415508658,0.692,0.319,3.9959474734984e-11,c7,Ube2f,0.373,0.258116
1.25382736759179e-15,0.842444202769204,0.58,0.243,4.04108560574834e-11,c7,Eloc,0.337,0.19546
1.25875805703231e-15,0.902945974701779,0.615,0.276,4.05697721781513e-11,c7,Phf10,0.339,0.208485
1.26367425733194e-15,0.847665214423744,0.692,0.328,4.07282213138086e-11,c7,Tcp1,0.364,0.251888
1.2692550993487e-15,0.742108632594728,0.881,0.465,4.09080918520086e-11,c7,Srrt,0.416,0.366496
1.29513778594858e-15,0.899863814728263,0.441,0.161,4.17422908411227e-11,c7,Uhrf1bp1,0.28,0.12348
1.29614193930697e-15,0.739557760880975,0.664,0.286,4.17746547038637e-11,c7,Lars,0.378,0.250992
1.3111897488113e-15,0.885419560006658,0.524,0.21,4.22596456041881e-11,c7,Fam20b,0.314,0.164536
1.320016743622e-15,0.833168362895787,0.727,0.36,4.25441396469372e-11,c7,Cox5a,0.367,0.266809
1.3274628403111e-15,0.901382065084005,0.678,0.318,4.27841273432267e-11,c7,Hdac9,0.36,0.24408
1.39442120778906e-15,0.811911056051896,0.769,0.381,4.49421955270414e-11,c7,Aebp2,0.388,0.298372
1.39687604656447e-15,0.939601348787553,0.49,0.192,4.50213149807728e-11,c7,Zhx3,0.298,0.14602
1.39709664130399e-15,0.87981522166943,0.587,0.25,4.50284247492277e-11,c7,Dpy19l4,0.337,0.197819
1.39757602386617e-15,0.78504690286986,0.72,0.335,4.50438752492067e-11,c7,Smarcc1,0.385,0.2772
1.40589543546822e-15,0.824392980977508,0.755,0.382,4.53120098851406e-11,c7,Ap4s1,0.373,0.281615
1.40804217126953e-15,0.800133149173678,0.692,0.318,4.53811991800168e-11,c7,Ube2a,0.374,0.258808
1.47374343793279e-15,0.790928743068719,0.762,0.366,4.7498751004574e-11,c7,Jak1,0.396,0.301752
1.51157044377412e-15,0.860752676598721,0.545,0.222,4.87179154028398e-11,c7,Cdc40,0.323,0.176035
1.52264478688788e-15,0.711304089496528,0.958,0.564,4.90748414813965e-11,c7,Pcm1,0.394,0.377452
1.53513970152328e-15,0.927159719988256,0.406,0.142,4.94775525800953e-11,c7,Tsen2,0.264,0.107184
1.54062391960569e-15,0.708010567003962,0.874,0.506,4.96543089288915e-11,c7,Pitpna,0.368,0.321632
1.56555918836833e-15,0.856103758728928,0.601,0.255,5.04579726411111e-11,c7,Iqcc,0.346,0.207946
1.59452505645878e-15,0.884012269662912,0.594,0.259,5.13915425696665e-11,c7,Hectd3,0.335,0.19899
1.59651037087481e-15,0.927326636738659,0.552,0.234,5.14555292532951e-11,c7,Hars,0.318,0.175536
1.59968592038103e-15,0.807126631777792,0.671,0.297,5.15578772138806e-11,c7,Sfmbt1,0.374,0.250954
1.64636577431007e-15,0.789416667688035,0.832,0.421,5.30623689060136e-11,c7,Ncor2,0.411,0.341952
1.65243980453052e-15,1.02909814264718,0.462,0.179,5.32581349000185e-11,c7,Zfp422,0.283,0.130746
1.67563882154437e-15,0.878814494041135,0.378,0.127,5.40058392183749e-11,c7,Fitm2,0.251,0.094878
1.69056694058149e-15,0.77347576119451,0.727,0.336,5.44869724949414e-11,c7,Tbcel,0.391,0.284257
1.69810570299109e-15,1.00576758393127,0.51,0.212,5.47299468074028e-11,c7,Pmepa1,0.298,0.15198
1.73611844343425e-15,0.736561262506088,0.916,0.52,5.5955097431886e-11,c7,Agap3,0.396,0.362736
1.76802428509995e-15,0.904130575700067,0.476,0.182,5.69834227087713e-11,c7,Trmt13,0.294,0.139944
1.79388604323097e-15,0.796988345798586,0.559,0.226,5.78169471733342e-11,c7,Gnl3,0.333,0.186147
1.82824995890677e-15,0.792173908781767,0.671,0.299,5.89244961755651e-11,c7,Atf6b,0.372,0.249612
1.83984237228463e-15,0.755821180128522,0.853,0.423,5.92981196587335e-11,c7,Tpr,0.43,0.36679
1.84634751924882e-15,0.748316191905949,0.608,0.255,5.95077805453896e-11,c7,Zrsr2,0.353,0.214624
1.87003307568394e-15,0.775003666199607,0.748,0.354,6.02711660292932e-11,c7,Wdr83os,0.394,0.294712
1.88114482751076e-15,1.55104284400355,0.252,0.072,6.06292977906718e-11,c7,Maml3,0.18,0.04536
1.88640495868154e-15,1.16733708996349,0.301,0.093,6.0798831818306e-11,c7,Gmppb,0.208,0.062608
1.90614715191507e-15,1.13559242135137,0.294,0.09,6.14351227062227e-11,c7,Mpst,0.204,0.059976
1.95182611168456e-15,0.939959184531787,0.462,0.176,6.29073555795934e-11,c7,Med19,0.286,0.132132
1.96542263622404e-15,0.717344964227678,0.706,0.308,6.33455715655007e-11,c7,Slc25a51,0.398,0.280988
1.97585463590241e-15,0.744121319378135,0.65,0.279,6.36817949151347e-11,c7,Bcas3,0.371,0.24115
1.98015596830538e-15,1.02137536245596,0.378,0.131,6.38204268584823e-11,c7,Prr7,0.247,0.093366
1.99757210555312e-15,0.881448202161174,0.657,0.303,6.43817489619772e-11,c7,Capn15,0.354,0.232578
2.00368890791236e-15,0.761191033661668,0.699,0.309,6.45788935020154e-11,c7,Usp21,0.39,0.27261
2.01068581436387e-15,1.50889712078975,0.301,0.097,6.48044037969474e-11,c7,Ppp2r1b,0.204,0.061404
2.01115979786197e-15,1.09620763585748,0.315,0.1,6.48196802850912e-11,c7,Rhbdd3,0.215,0.067725
2.06363229928102e-15,0.744819628538181,0.881,0.462,6.65108690058274e-11,c7,G3bp2,0.419,0.369139
2.12717823348426e-15,0.757619027950248,0.776,0.362,6.85589544651977e-11,c7,Esyt2,0.414,0.321264
2.12880297130517e-15,1.00531574516278,0.357,0.119,6.86113197651655e-11,c7,Cul9,0.238,0.084966
2.19788794581842e-15,0.842150199988073,0.448,0.165,7.08379284937275e-11,c7,Zfp597,0.283,0.126784
2.22704647446175e-15,0.749372652041157,0.881,0.475,7.17777078719023e-11,c7,Cryzl1,0.406,0.357686
2.2309015358493e-15,0.842959709893004,0.636,0.287,7.1901956500423e-11,c7,Rab11fip2,0.349,0.221964
2.24866289232283e-15,0.744121103563882,0.769,0.356,7.24744050195649e-11,c7,Glud1,0.413,0.317597
2.36852397021456e-15,0.743842893440642,0.72,0.32,7.63375275600154e-11,c7,Metap1d,0.4,0.288
2.39508107165575e-15,1.02162820079539,0.413,0.152,7.71934629394649e-11,c7,Paics,0.261,0.107793
2.41169747317391e-15,1.3447092961781,0.308,0.099,7.7729009560395e-11,c7,Prim2,0.209,0.064372
2.42879053796737e-15,0.748036432532603,0.832,0.423,7.82799190386885e-11,c7,Auh,0.409,0.340288
2.48329118072461e-15,1.12192375373409,0.343,0.115,8.00364747547543e-11,c7,Osbpl7,0.228,0.078204
2.52662033883478e-15,0.868274053209015,0.538,0.218,8.14329735206451e-11,c7,Zfp1,0.32,0.17216
2.53093176904704e-15,0.90559442172018,0.483,0.187,8.15719309163861e-11,c7,Slx4,0.296,0.142968
2.55439276363216e-15,0.929763612718191,0.301,0.092,8.23280787718645e-11,c7,Nrp1,0.209,0.062909
2.5634062876791e-15,0.749497403175052,0.762,0.36,8.26185846518975e-11,c7,Psmd2,0.402,0.306324
2.5891196390273e-15,0.735293143388108,0.902,0.473,8.34473259658499e-11,c7,Nfat5,0.429,0.386958
2.60822841993226e-15,0.827016318239141,0.65,0.291,8.40632019744169e-11,c7,Zfyve1,0.359,0.23335
2.61882733563463e-15,0.846462868524956,0.524,0.21,8.44048050275041e-11,c7,Adsl,0.314,0.164536
2.75506197032203e-15,0.767911897448599,0.587,0.236,8.8795647303479e-11,c7,Maneal,0.351,0.206037
2.7700159001035e-15,0.895358062381372,0.552,0.233,8.92776124603357e-11,c7,Spns1,0.319,0.176088
2.84390594004947e-15,0.734925923667332,0.86,0.456,9.16590884477945e-11,c7,BC031181,0.404,0.34744
3.02522438740132e-15,0.930848809740144,0.434,0.161,9.75029820059444e-11,c7,Zfp160,0.273,0.118482
3.0994759797104e-15,0.823231014431476,0.608,0.266,9.98961108260661e-11,c7,Setdb1,0.342,0.207936
3.1085894588803e-15,0.710643247199342,0.881,0.445,1.00189838259712e-10,c7,Becn1,0.436,0.384116
3.22193189442605e-15,0.758439816667426,0.783,0.369,1.03842864957352e-10,c7,Dennd6b,0.414,0.324162
3.28153678519765e-15,0.754468150453844,0.657,0.285,1.0576393058692e-10,c7,Kars,0.372,0.244404
3.5032431400324e-15,0.966370151197678,0.469,0.182,1.12909526403244e-10,c7,Rab23,0.287,0.134603
3.5263358667074e-15,0.872619486860072,0.49,0.191,1.13653804983979e-10,c7,Smim19,0.299,0.14651
3.5981245831183e-15,0.722967485792333,0.867,0.441,1.15967555313903e-10,c7,Ptpn23,0.426,0.369342
3.67522708859314e-15,0.825049972244975,0.517,0.204,1.18452569065357e-10,c7,Inpp5e,0.313,0.161821
3.68444178809774e-15,0.726244525567705,0.881,0.45,1.1874955883039e-10,c7,Brd2,0.431,0.379711
3.88220145935723e-15,0.77731908150614,0.79,0.396,1.25123353035084e-10,c7,Ddx42,0.394,0.31126
3.9668393534931e-15,0.682899091143161,0.762,0.348,1.27851232363083e-10,c7,Extl2,0.414,0.315468
3.99443973506604e-15,0.779776963091378,0.734,0.343,1.28740792661179e-10,c7,Carm1,0.391,0.286994
4.00555913462315e-15,0.789613967483465,0.734,0.347,1.29099170908904e-10,c7,Sec24b,0.387,0.284058
4.01158510625972e-15,0.744264630616951,0.636,0.27,1.29293387974751e-10,c7,Cinp,0.366,0.232776
4.05837323954265e-15,0.703562029480935,0.72,0.318,1.3080136951046e-10,c7,Fam216a,0.402,0.28944
4.20808979031171e-15,1.2076182296563,0.273,0.081,1.35626733941746e-10,c7,Tarbp1,0.192,0.052416
4.24242779843698e-15,0.934520807225541,0.427,0.156,1.36733447943624e-10,c7,Zdhhc13,0.271,0.115717
4.25195670539381e-15,0.785573366492918,0.608,0.26,1.37040564614843e-10,c7,Ciao2a,0.348,0.211584
4.26737287696066e-15,0.759235348878384,0.615,0.26,1.37537427824442e-10,c7,Cops7b,0.355,0.218325
4.28797149956378e-15,0.68923652947084,0.972,0.586,1.38201321430941e-10,c7,Ist1,0.386,0.375192
4.33071034564108e-15,0.73744946150771,0.783,0.374,1.39578794440012e-10,c7,Stx6,0.409,0.320247
4.34546805218974e-15,1.07969076290232,0.385,0.138,1.40054435322075e-10,c7,Zbtb45,0.247,0.095095
4.38400060973705e-15,0.828600083244841,0.601,0.26,1.41296339651825e-10,c7,Smyd3,0.341,0.204941
4.43441402017035e-15,1.00082590933218,0.35,0.117,1.4292116387009e-10,c7,Pfkfb4,0.233,0.08155
4.55354846457497e-15,0.662395976796663,0.587,0.235,1.46760867013251e-10,c7,Acsf3,0.352,0.206624
4.55671127982395e-15,0.92651276539118,0.517,0.212,1.46862804548726e-10,c7,Smad1,0.305,0.157685
4.57045917272672e-15,0.923623067324094,0.413,0.149,1.47305899136982e-10,c7,Telo2,0.264,0.109032
4.61541219474133e-15,0.897272018210591,0.441,0.163,1.48754735036513e-10,c7,Prps1,0.278,0.122598
4.63013859691996e-15,0.688412868448464,0.671,0.284,1.4922936697873e-10,c7,Zfp60,0.387,0.259677
4.65206732628767e-15,0.746494118952931,0.804,0.384,1.49936129926252e-10,c7,Fip1l1,0.42,0.33768
4.67446208720444e-15,1.02984458663515,0.343,0.114,1.50657913070599e-10,c7,Ppm1f,0.229,0.078547
4.68485290868218e-15,0.985897691266221,0.385,0.136,1.50992809246827e-10,c7,Smyd4,0.249,0.095865
4.75414513956953e-15,0.792136679606831,0.671,0.31,1.53226097848326e-10,c7,Map2k1,0.361,0.242231
4.79910200920835e-15,0.820131596765232,0.559,0.231,1.54675057756785e-10,c7,Zw10,0.328,0.183352
4.8210717856802e-15,0.768218931548358,0.559,0.228,1.55383143652473e-10,c7,Cdc26,0.331,0.185029
4.82785690575487e-15,0.700053106450009,0.895,0.561,1.55601828072479e-10,c7,Gabarapl2,0.334,0.29893
4.86453711792362e-15,0.924170808922765,0.497,0.201,1.56784031310678e-10,c7,Socs6,0.296,0.147112
4.86896880616132e-15,0.882881622431428,0.643,0.309,1.56926864622579e-10,c7,Cacybp,0.334,0.214762
4.87004986281314e-15,0.71683810524744,0.846,0.418,1.56961707078467e-10,c7,Derl1,0.428,0.362088
4.90753584647089e-15,0.822323797121646,0.692,0.34,1.58169880331757e-10,c7,Ndufb6,0.352,0.243584
4.96718160705865e-15,0.943718811764377,0.427,0.159,1.600922631955e-10,c7,Dph7,0.268,0.114436
5.02017391394797e-15,0.695787922264896,0.552,0.218,1.61800205246543e-10,c7,Hinfp,0.334,0.184368
5.05857269560548e-15,0.783110863243022,0.804,0.424,1.63037797979365e-10,c7,Rock1,0.38,0.30552
5.08487339396165e-15,0.667187233299415,0.958,0.605,1.63885469487384e-10,c7,Srrm2,0.353,0.338174
5.23561816752556e-15,0.732991281235712,0.853,0.439,1.68743973539349e-10,c7,Chd8,0.414,0.353142
5.31860959084105e-15,0.72764551232655,0.93,0.508,1.71418787112807e-10,c7,Enah,0.422,0.39246
5.39967169388742e-15,0.773301656058996,0.832,0.438,1.74031418693992e-10,c7,Dot1l,0.394,0.327808
5.5586197798905e-15,0.67906157141221,0.902,0.506,1.79154315505871e-10,c7,Canx,0.396,0.357192
5.66249477420617e-15,1.23480710235961,0.378,0.138,1.82502206572665e-10,c7,Btbd3,0.24,0.09072
5.69683157884962e-15,0.952085932203117,0.476,0.189,1.83608881786323e-10,c7,Trmt1,0.287,0.136612
5.72689512937449e-15,0.871633673029466,0.524,0.215,1.8457783001974e-10,c7,Tubgcp2,0.309,0.161916
5.7618092399328e-15,0.787091452984468,0.755,0.378,1.85703111803034e-10,c7,Eif4g1,0.377,0.284635
5.89773163080195e-15,0.750783400975338,0.357,0.119,1.90083890460747e-10,c7,B4galt4,0.238,0.084966
5.90414413391995e-15,0.694024852312774,0.923,0.576,1.9029056543624e-10,c7,Hacd3,0.347,0.320281
6.1048232892392e-15,0.761643343417671,0.839,0.429,1.96758454612179e-10,c7,Ehmt1,0.41,0.34399
6.1504307696151e-15,0.715657781826528,0.881,0.484,1.98228383704694e-10,c7,Efr3a,0.397,0.349757
6.15120069352777e-15,1.06738622660989,0.322,0.105,1.982531983524e-10,c7,Pdss2,0.217,0.069874
6.18487841682443e-15,1.1480230196935,0.28,0.084,1.99338631374251e-10,c7,Fbxl15,0.196,0.05488
6.23838871659059e-15,0.782757813967697,0.615,0.266,2.01063268335715e-10,c7,Arl5a,0.349,0.214635
6.27713837770051e-15,0.801824006921296,0.769,0.419,2.02312169913287e-10,c7,Psmb5,0.35,0.26915
6.44723416253073e-15,0.731576182500905,0.811,0.431,2.07794357058365e-10,c7,Skp1a,0.38,0.30818
6.54236706532711e-15,0.965108286850307,0.392,0.14,2.10860490515493e-10,c7,Bop1,0.252,0.098784
6.6940228787792e-15,0.528283833806442,0.685,0.286,2.15748357383054e-10,c7,Psd2,0.399,0.273315
6.74793476096529e-15,0.838735858149791,0.469,0.18,2.17485937345911e-10,c7,Zbtb17,0.289,0.135541
6.80377106004652e-15,1.05339051371539,0.357,0.124,2.19285541265299e-10,c7,Tipin,0.233,0.083181
6.82483783849767e-15,0.798254262642316,0.706,0.329,2.1996452353478e-10,c7,Map4k5,0.377,0.266162
7.02308845590614e-15,0.750091416507283,0.811,0.418,2.26354140933855e-10,c7,Hs2st1,0.393,0.318723
7.14053496743317e-15,0.689239443928984,0.965,0.575,2.30139442000371e-10,c7,Hnrnpr,0.39,0.37635
7.41872186780832e-15,0.75638204183965,0.643,0.285,2.39105405799462e-10,c7,Swi5,0.358,0.230194
7.50301577747244e-15,0.901670551289093,0.497,0.201,2.41822198507937e-10,c7,Mettl5,0.296,0.147112
7.53482851933895e-15,0.652341592790422,0.643,0.269,2.42847523178294e-10,c7,Uqcc1,0.374,0.240482
7.58734081578845e-15,0.739018323618145,0.846,0.472,2.44539994492862e-10,c7,Sumo1,0.374,0.316404
7.68788621967586e-15,1.15471278621944,0.252,0.071,2.47780572860153e-10,c7,Dock4,0.181,0.045612
7.69360911381397e-15,0.748986430265461,0.643,0.278,2.47965021738224e-10,c7,Tubgcp5,0.365,0.234695
7.90540617913166e-15,0.801884060317691,0.601,0.259,2.54791241153414e-10,c7,Sap130,0.342,0.205542
7.9383332477706e-15,0.727540933090676,0.524,0.207,2.55852480575646e-10,c7,Poglut1,0.317,0.166108
8.12295518366482e-15,0.821816990793839,0.434,0.159,2.61802845569517e-10,c7,Apoo,0.275,0.11935
8.18034511312689e-15,0.933876615212202,0.455,0.175,2.6365252299608e-10,c7,Cep19,0.28,0.1274
8.21580073648128e-15,0.752021292288347,0.818,0.413,2.64795257736792e-10,c7,Slf2,0.405,0.33129
8.22539412722215e-15,0.848353140681247,0.594,0.261,2.6510445272037e-10,c7,Tubgcp3,0.333,0.197802
8.24776416255275e-15,0.798120793442055,0.664,0.301,2.65825438959075e-10,c7,Sf3a3,0.363,0.241032
8.31657695989579e-15,0.800226989523576,0.636,0.282,2.68043275417441e-10,c7,Sall2,0.354,0.225144
8.35024469480238e-15,0.839205968044284,0.559,0.238,2.69128386513481e-10,c7,Phkb,0.321,0.179439
8.38306010144715e-15,1.16913505120341,0.329,0.111,2.70186027069642e-10,c7,Nkap,0.218,0.071722
8.3932519444437e-15,1.08739757565437,0.35,0.12,2.7051451016942e-10,c7,Zfp267,0.23,0.0805
8.40192178402584e-15,0.698283592098131,0.804,0.383,2.70793939099153e-10,c7,Picalm,0.421,0.338484
8.43056753814823e-15,0.816539225188084,0.741,0.382,2.71717191754517e-10,c7,Timm13,0.359,0.266019
8.49255531892469e-15,0.87584089919984,0.476,0.187,2.73715057928943e-10,c7,Dcun1d1,0.289,0.137564
8.53437815929954e-15,0.770879476980552,0.79,0.398,2.75063008074224e-10,c7,Rtcb,0.392,0.30968
8.61847085955716e-15,0.766151919934157,0.608,0.26,2.77773315803527e-10,c7,Eif2s1,0.348,0.211584
8.81407023699329e-15,0.855882782034775,0.42,0.153,2.84077483738294e-10,c7,Qrsl1,0.267,0.11214
8.89891518014492e-15,0.717766471029867,0.909,0.497,2.86812036256071e-10,c7,Lnpep,0.412,0.374508
8.90114635202084e-15,0.930693769495275,0.413,0.152,2.86883946925632e-10,c7,Eny2,0.261,0.107793
8.92404419159706e-15,0.818375925250305,0.455,0.171,2.87621944295173e-10,c7,Xrcc5,0.284,0.12922
8.94152033330949e-15,0.737422647470317,0.909,0.527,2.88185200342565e-10,c7,Hdac5,0.382,0.347238
8.95224456481801e-15,0.761007982660537,0.769,0.381,2.88530842324085e-10,c7,Rnf44,0.388,0.298372
9.21767505513107e-15,0.705312234222476,0.86,0.436,2.97085667026874e-10,c7,Relch,0.424,0.36464
9.24260867859957e-15,0.732059393827485,0.79,0.376,2.97889277711264e-10,c7,Sh3gl1,0.414,0.32706
9.59715629330925e-15,0.64813037187274,0.685,0.287,3.09316347333357e-10,c7,Eif3a,0.398,0.27263
9.69152883412647e-15,0.947804965658488,0.573,0.259,3.12357974323896e-10,c7,Irs2,0.314,0.179922
9.84971566865483e-15,0.718647622875372,0.692,0.311,3.17456336000745e-10,c7,Aarsd1,0.381,0.263652
9.88538285405505e-15,0.701274034840612,0.895,0.455,3.18605889386194e-10,c7,Atg2b,0.44,0.3938
1.00658749995823e-14,0.82091164617078,0.566,0.239,3.24423151236536e-10,c7,Pcyt1a,0.327,0.185082
1.01895162842045e-14,0.724166913230166,0.832,0.413,3.2840810983991e-10,c7,Kpna4,0.419,0.348608
1.02000411439814e-14,0.74155389241087,0.769,0.37,3.28747326070521e-10,c7,Tsc22d2,0.399,0.306831
1.02715373221726e-14,0.476658748518553,0.434,0.154,3.31051647893622e-10,c7,Vat1,0.28,0.12152
1.04563874275756e-14,0.784061163491245,0.671,0.311,3.37009366790762e-10,c7,Wfs1,0.36,0.24156
1.04817386699553e-14,0.88251542218695,0.566,0.247,3.37826437332659e-10,c7,Fam98a,0.319,0.180554
1.05733024453729e-14,1.17243028803775,0.287,0.089,3.40777537814368e-10,c7,Noa1,0.198,0.056826
1.05813758137385e-14,0.759402414526797,0.678,0.307,3.41037742476793e-10,c7,Aldh7a1,0.371,0.251538
1.06483216643857e-14,0.908660182060264,0.455,0.176,3.4319540724315e-10,c7,Pisd,0.279,0.126945
1.08147427274497e-14,0.652267375298041,0.944,0.616,3.48559158105703e-10,c7,Luc7l2,0.328,0.309632
1.09052244255843e-14,0.795532521253899,0.671,0.306,3.51475383236583e-10,c7,Lcorl,0.365,0.244915
1.095117283361e-14,0.889658151555783,0.392,0.14,3.52956300427251e-10,c7,Ntmt1,0.252,0.098784
1.10375516110335e-14,0.802639557548794,0.643,0.286,3.5574028842361e-10,c7,Asxl1,0.357,0.229551
1.10590401856822e-14,0.533195717813403,0.65,0.272,3.56432865184536e-10,c7,Flna,0.378,0.2457
1.11022040487529e-14,0.595418550129079,0.629,0.253,3.57824036491307e-10,c7,Slc39a1,0.376,0.236504
1.120251332094e-14,1.00116884571044,0.392,0.142,3.61057004333897e-10,c7,DEPRECATED-ENSMUSG00000002103,0.25,0.098
1.17224297453261e-14,0.939466071643175,0.378,0.133,3.77813910691861e-10,c7,Zc3hc1,0.245,0.09261
1.19217060777619e-14,0.786433308833817,0.692,0.324,3.84236586886265e-10,c7,Setd1a,0.368,0.254656
1.21572604164453e-14,0.754457196381015,0.797,0.403,3.91828503222031e-10,c7,Set,0.394,0.314018
1.2388983396052e-14,0.821167805626528,0.622,0.286,3.99296934854754e-10,c7,Hmox2,0.336,0.208992
1.26473160169851e-14,0.927306489312254,0.476,0.191,4.07622995227431e-10,c7,Tpra1,0.285,0.13566
1.26566035127003e-14,0.75666210096678,0.594,0.251,4.07922331214331e-10,c7,Iars2,0.343,0.203742
1.28489291429547e-14,0.805714014314018,0.49,0.191,4.1412098627743e-10,c7,Ttc21b,0.299,0.14651
1.3145554357539e-14,0.848257966732727,0.538,0.224,4.23681216943481e-10,c7,Ppp2r2a,0.314,0.168932
1.33185629172892e-14,0.820834825341821,0.483,0.187,4.29257282824232e-10,c7,Col20a1,0.296,0.142968
1.34137866382214e-14,0.723933187263296,0.699,0.313,4.32326343349875e-10,c7,Rae1,0.386,0.269814
1.37909061083094e-14,0.732224163175816,0.692,0.311,4.44480903870813e-10,c7,Ankrd28,0.381,0.263652
1.42653271047288e-14,0.726671647553287,0.811,0.41,4.5977149258541e-10,c7,Psmc4,0.401,0.325211
1.42755522314189e-14,0.744640344523621,0.734,0.351,4.60101048418633e-10,c7,Nudt16l1,0.383,0.281122
1.47087349915694e-14,0.811334691461834,0.692,0.332,4.74062528778281e-10,c7,Tfrc,0.36,0.24912
1.47601561497159e-14,0.687809515353622,0.937,0.555,4.75719832705343e-10,c7,Far1,0.382,0.357934
1.53365346549188e-14,0.779300261194328,0.769,0.393,4.94296511928033e-10,c7,Larp4b,0.376,0.289144
1.54371614313111e-14,0.687234814508577,0.944,0.566,4.97539712931158e-10,c7,Srpk2,0.378,0.356832
1.56991602999188e-14,0.836760010409831,0.615,0.277,5.05983936466384e-10,c7,Akap7,0.338,0.20787
1.60776271269143e-14,0.730675454444198,0.734,0.345,5.18181922300447e-10,c7,Med15,0.389,0.285526
1.61638644185225e-14,0.779196627181823,0.552,0.231,5.2096135020898e-10,c7,Pigg,0.321,0.177192
1.62027438201087e-14,0.598609475342837,0.909,0.651,5.22214433322102e-10,c7,Purb,0.258,0.234522
1.62971182822056e-14,0.714208719104382,0.853,0.43,5.25256122235488e-10,c7,Usp15,0.423,0.360819
1.6447238661137e-14,0.951050692645092,0.392,0.142,5.30094502048445e-10,c7,Msantd3,0.25,0.098
1.64519733698865e-14,0.728865419436304,0.72,0.336,5.30247101711442e-10,c7,Rspry1,0.384,0.27648
1.69969222097374e-14,0.745119330710097,0.853,0.463,5.47810802819836e-10,c7,Cand1,0.39,0.33267
1.70667843025128e-14,0.865401532408611,0.503,0.204,5.50062458069987e-10,c7,Glis2,0.299,0.150397
1.72010522294825e-14,0.683054921179346,0.636,0.268,5.54389913356221e-10,c7,Mphosph9,0.368,0.234048
1.73828303764792e-14,0.736536212810517,0.867,0.451,5.60248623033925e-10,c7,Idh3g,0.416,0.360672
1.7730229109163e-14,0.769343649944617,0.671,0.309,5.71445284188324e-10,c7,Trappc5,0.362,0.242902
1.78408697989405e-14,0.96107164626386,0.371,0.133,5.75011233619852e-10,c7,Tgfb2,0.238,0.088298
1.83475247617454e-14,0.783844562393784,0.58,0.248,5.91340723071054e-10,c7,Trmt1l,0.332,0.19256
1.84007132039039e-14,0.676566655592273,0.923,0.55,5.93054986561823e-10,c7,Fto,0.373,0.344279
1.87874201214342e-14,0.730857572732992,0.818,0.407,6.05518550513824e-10,c7,Mon2,0.411,0.336198
1.88003131264647e-14,0.70282922952554,0.622,0.266,6.05934092065957e-10,c7,Pik3c3,0.356,0.221432
1.90694181674367e-14,0.765897390195796,0.699,0.325,6.14607347536484e-10,c7,Uhrf2,0.374,0.261426
1.9085295297628e-14,1.22640492302746,0.273,0.084,6.15119067442551e-10,c7,Fbxl2,0.189,0.051597
1.92183750943205e-14,0.951909473767355,0.371,0.131,6.1940822928995e-10,c7,Phpt1,0.24,0.08904
1.95110364785238e-14,0.803895129340812,0.594,0.261,6.28840705702821e-10,c7,Rars2,0.333,0.197802
1.96605383122893e-14,0.695239325961632,0.811,0.391,6.33659149805084e-10,c7,Eef1akmt2,0.42,0.34062
1.99899293215465e-14,0.757227328720909,0.531,0.214,6.44275422033442e-10,c7,Tgs1,0.317,0.168327
2.01038071741151e-14,0.715106410593892,0.65,0.284,6.47945705221728e-10,c7,AW554918,0.366,0.2379
2.02910930960653e-14,0.683894060377869,0.636,0.274,6.53981930486184e-10,c7,Ift140,0.362,0.230232
2.04216793088952e-14,0.712326291140714,0.664,0.299,6.58190724125692e-10,c7,Ndufb5,0.365,0.24236
2.05080630691115e-14,0.868871572236524,0.545,0.235,6.60974872717462e-10,c7,Pdrg1,0.31,0.16895
2.05997394489283e-14,0.796470394998343,0.552,0.238,6.63929602438958e-10,c7,Snrpd2,0.314,0.173328
2.08190794627799e-14,1.57325434276401,0.266,0.083,6.70998931085397e-10,c7,Tox2,0.183,0.048678
2.09551353930503e-14,1.10042157680919,0.308,0.1,6.7538401371801e-10,c7,Rita1,0.208,0.064064
2.11796025088726e-14,0.769867943039437,0.727,0.354,6.82618588860963e-10,c7,Ankrd46,0.373,0.271171
2.12051421848631e-14,0.784026159169381,0.601,0.263,6.83441732618138e-10,c7,Bloc1s2,0.338,0.203138
2.13659697790794e-14,0.699865680921381,0.678,0.306,6.88625205979728e-10,c7,Tmco1,0.372,0.252216
2.15746822710097e-14,0.792984381885273,0.476,0.184,6.95352009594641e-10,c7,Zfp169,0.292,0.138992
2.1646946241721e-14,0.913579164567768,0.476,0.19,6.97681077370668e-10,c7,Actr5,0.286,0.136136
2.1922301946881e-14,0.718475438574347,0.811,0.399,7.06555791747973e-10,c7,Zfp652,0.412,0.334132
2.20197323458288e-14,0.73988859010846,0.748,0.354,7.09695973506062e-10,c7,Mtmr4,0.394,0.294712
2.21935983353959e-14,0.782369091889027,0.629,0.287,7.1529967434981e-10,c7,Fundc1,0.342,0.215118
2.22021261279064e-14,0.636659545395463,0.573,0.234,7.15574525102424e-10,c7,Znrf2,0.339,0.194247
2.24144976981142e-14,0.765069022662452,0.86,0.475,7.22419260810222e-10,c7,Erbin,0.385,0.3311
2.26921949603208e-14,0.729569191830607,0.755,0.36,7.31369443571138e-10,c7,Paf1,0.395,0.298225
2.28643399284883e-14,0.807417122246636,0.566,0.241,7.36917675895177e-10,c7,Fibp,0.325,0.18395
2.29016115567883e-14,0.771447955450294,0.524,0.213,7.38118940475287e-10,c7,Tdp2,0.311,0.162964
2.29072010539296e-14,0.827658699252056,0.469,0.182,7.3829908996815e-10,c7,Zfp219,0.287,0.134603
2.30588642087302e-14,0.754605108688536,0.497,0.196,7.43187193447374e-10,c7,D2hgdh,0.301,0.149597
2.35417092018579e-14,0.692348786378009,0.916,0.55,7.58749287575881e-10,c7,Gpm6b,0.366,0.335256
2.39294004285341e-14,0.721480665760897,0.755,0.361,7.71244575811654e-10,c7,Slirp,0.394,0.29747
2.45622149075527e-14,0.806820554776589,0.497,0.197,7.91640186470423e-10,c7,Aida,0.3,0.1491
2.4968877120394e-14,1.25918512820779,0.308,0.102,8.04746909590298e-10,c7,Sema4c,0.206,0.063448
2.51155730841018e-14,0.755246309948446,0.643,0.293,8.09474920500602e-10,c7,Ift20,0.35,0.22505
2.5398207672409e-14,0.707352355153508,0.825,0.414,8.18584233281742e-10,c7,Mettl9,0.411,0.339075
2.55690851823086e-14,0.740771899270524,0.769,0.375,8.24091615425806e-10,c7,Ppig,0.394,0.302986
2.66609550180899e-14,0.858214023044489,0.427,0.16,8.59282580233036e-10,c7,Katnal1,0.267,0.114009
2.71989583486287e-14,0.78500179319113,0.538,0.223,8.76622427576303e-10,c7,Srfbp1,0.315,0.16947
2.79861424650429e-14,0.798416583246459,0.664,0.323,9.01993371648333e-10,c7,Bag1,0.341,0.226424
2.84024743793311e-14,0.71900111891772,0.874,0.475,9.1541174924584e-10,c7,Rc3h2,0.399,0.348726
2.84519937397736e-14,0.701688523143596,0.776,0.372,9.17007758232902e-10,c7,Elp4,0.404,0.313504
2.84540889586736e-14,0.795215816566104,0.741,0.378,9.17075287138049e-10,c7,Cstf2t,0.363,0.268983
2.84622425487614e-14,0.978551255256294,0.406,0.152,9.17338077346581e-10,c7,Cdk5rap1,0.254,0.103124
2.90279177122131e-14,0.725800494240833,0.692,0.312,9.35569787864629e-10,c7,Phf2,0.38,0.26296
3.00489222810578e-14,0.753154575083285,0.839,0.473,9.68476765118492e-10,c7,Atrnl1,0.366,0.307074
3.1120138905217e-14,1.03000504511033,0.357,0.126,1.00300207691514e-09,c7,Atg14,0.231,0.082467
3.16817199614249e-14,0.679594245996959,0.881,0.476,1.02110183435672e-09,c7,Nfe2l1,0.405,0.356805
3.20585537055019e-14,0.893657577681069,0.469,0.187,1.03324718592833e-09,c7,Dbr1,0.282,0.132258
3.25144643176731e-14,0.920399285255304,0.406,0.15,1.0479411849586e-09,c7,Wipf2,0.256,0.103936
3.275284668869e-14,0.758384142085349,0.503,0.203,1.05562424877648e-09,c7,Poldip2,0.3,0.1509
3.28276643745731e-14,0.791025018326983,0.678,0.319,1.05803562279249e-09,c7,Gcc2,0.359,0.243402
3.37447146144427e-14,0.730845601970962,0.734,0.34,1.08759215202349e-09,c7,Mbtd1,0.394,0.289196
3.39364508901835e-14,0.68993043724931,0.552,0.223,1.09377181219062e-09,c7,Slf1,0.329,0.181608
3.43965201409626e-14,0.76995355236829,0.692,0.33,1.10859984414322e-09,c7,Psma5,0.362,0.250504
3.48286340725762e-14,0.788867784261367,0.594,0.26,1.12252687615913e-09,c7,Edrf1,0.334,0.198396
3.49561594067953e-14,0.763146780714297,0.783,0.423,1.12663701768101e-09,c7,Selenok,0.36,0.28188
3.50240661593836e-14,0.796178986468422,0.573,0.247,1.12882565231693e-09,c7,Xpo5,0.326,0.186798
3.56388336641492e-14,0.681179072726748,0.706,0.333,1.14863960899553e-09,c7,Trappc3,0.373,0.263338
3.59004754483392e-14,0.94264826631589,0.371,0.132,1.15707232369997e-09,c7,Trmt6,0.239,0.088669
3.71089743800722e-14,0.766083269688549,0.524,0.217,1.19602224426973e-09,c7,Tomm5,0.307,0.160868
3.74221178003483e-14,0.741388668496866,0.797,0.413,1.20611485670522e-09,c7,Txnl1,0.384,0.306048
3.75165265851298e-14,0.627781514462232,0.622,0.275,1.20915765183873e-09,c7,Ostm1,0.347,0.215834
3.77808190251839e-14,0.874303318561073,0.476,0.192,1.21767579718168e-09,c7,Lrrc42,0.284,0.135184
3.79697711234827e-14,0.734956870219835,0.748,0.36,1.22376572330985e-09,c7,Zcrb1,0.388,0.290224
3.80483795477264e-14,0.680119714017839,0.902,0.502,1.22629927282322e-09,c7,Saraf,0.4,0.3608
3.81898128210425e-14,0.731854235642605,0.86,0.475,1.2308576672222e-09,c7,Mbd2,0.385,0.3311
3.86652386403621e-14,0.927614150603095,0.406,0.152,1.24618064137887e-09,c7,Utp20,0.254,0.103124
3.92159276646541e-14,0.697824653141018,0.741,0.352,1.2639293486318e-09,c7,Oxa1l,0.389,0.288249
4.06105893078915e-14,0.752685341354412,0.538,0.225,1.30887929339334e-09,c7,Glrx5,0.313,0.168394
4.16995334634942e-14,1.36707555021169,0.336,0.121,1.34397596352842e-09,c7,Utrn,0.215,0.07224
4.17758220277332e-14,0.72349477940327,0.713,0.333,1.34643474395384e-09,c7,Tmem128,0.38,0.27094
4.19363125118711e-14,0.81395501780961,0.476,0.188,1.3516073522576e-09,c7,Zpr1,0.288,0.137088
4.20185219610903e-14,0.722895131525973,0.685,0.311,1.35425696280594e-09,c7,Sugp1,0.374,0.25619
4.26364018208015e-14,0.882754949685751,0.462,0.184,1.37417123068443e-09,c7,Med17,0.278,0.128436
4.27707726034231e-14,0.76267849335088,0.455,0.173,1.37850200100833e-09,c7,Apbb2,0.282,0.12831
4.28027798556744e-14,0.726638898711366,0.552,0.228,1.37953359474839e-09,c7,Mllt3,0.324,0.178848
4.28399531312466e-14,0.946054074313954,0.364,0.129,1.38073168942008e-09,c7,Wdr24,0.235,0.08554
4.31567594427232e-14,0.711073738705667,0.664,0.297,1.39094235683897e-09,c7,Med27,0.367,0.243688
4.3215500483242e-14,0.719336444183738,0.594,0.253,1.39283558057489e-09,c7,Ddx55,0.341,0.202554
4.35892066622769e-14,0.78366572074015,0.469,0.182,1.40488013072519e-09,c7,Zfp334,0.287,0.134603
4.36147710975232e-14,0.717811455698088,0.825,0.427,1.40570407247317e-09,c7,Appbp2,0.398,0.32835
4.37384949628209e-14,0.704466600287928,0.832,0.429,1.40969169265172e-09,c7,Eri3,0.403,0.335296
4.46805384773261e-14,0.725940143187178,0.636,0.282,1.44005375512422e-09,c7,Cdk7,0.354,0.225144
4.47323207219374e-14,0.709459970310965,0.664,0.296,1.44172269686804e-09,c7,Polr3gl,0.368,0.244352
4.5148581215877e-14,0.771184661555035,0.818,0.431,1.45513877258772e-09,c7,Myt1,0.387,0.316566
4.68390504598216e-14,0.931476988165291,0.315,0.103,1.50962259632005e-09,c7,Ube2cbp,0.212,0.06678
4.74325578314281e-14,0.602558042644192,0.72,0.319,1.52875133890693e-09,c7,Bcar1,0.401,0.28872
4.7536450969317e-14,0.601946368518266,0.972,0.644,1.53209981474109e-09,c7,Ube2d2a,0.328,0.318816
4.75935346277778e-14,1.09762088232964,0.315,0.105,1.53393962105328e-09,c7,Ccdc32,0.21,0.06615
4.8256752763952e-14,0.65536985839087,0.776,0.363,1.55531514158217e-09,c7,Cyhr1,0.413,0.320488
4.84094396269569e-14,0.673223450405679,0.846,0.421,1.56023623917682e-09,c7,Ralgapb,0.425,0.35955
4.84556632952426e-14,0.773371096672558,0.629,0.29,1.56172602800567e-09,c7,Slc9a1,0.339,0.213231
4.85259825480104e-14,0.963563132818132,0.378,0.136,1.56399241752237e-09,c7,Zfp955a,0.242,0.091476
4.88263711453217e-14,0.792380802475253,0.497,0.199,1.57367394201372e-09,c7,Gnpnat1,0.298,0.148106
4.94326768591221e-14,0.761148183709588,0.587,0.256,1.59321517516951e-09,c7,Zmym6,0.331,0.194297
5.03751226915629e-14,0.706694925432236,0.86,0.489,1.62359020434907e-09,c7,Slc30a9,0.371,0.31906
5.04507300453199e-14,1.32714091724612,0.266,0.082,1.62602702936066e-09,c7,Vangl2,0.184,0.048944
5.08719815102406e-14,0.9915173099293,0.427,0.169,1.63960396407505e-09,c7,Cwc27,0.258,0.110166
5.11308167816338e-14,0.760198469231709,0.587,0.255,1.64794622487206e-09,c7,Zfp777,0.332,0.194884
5.20893308681562e-14,0.769649722601434,0.566,0.241,1.67883913388067e-09,c7,Dhps,0.325,0.18395
5.36542030921237e-14,0.690796560613904,0.72,0.34,1.72927496565915e-09,c7,Slc11a2,0.38,0.2736
5.36665733821428e-14,0.66216866033444,0.615,0.261,1.72967366010646e-09,c7,Brcc3,0.354,0.21771
5.38306755930866e-14,0.571700231848936,0.678,0.295,1.73496267436518e-09,c7,Sorbs1,0.383,0.259674
5.47967879507959e-14,0.766039196193042,0.762,0.388,1.76610047565415e-09,c7,Psmd6,0.374,0.284988
5.6258536506392e-14,0.782041928988965,0.58,0.251,1.81321263160102e-09,c7,Fubp3,0.329,0.19082
5.71114250639784e-14,0.463957955396016,0.434,0.159,1.84070122981203e-09,c7,Vasp,0.275,0.11935
5.72400648534937e-14,0.730051447260829,0.72,0.343,1.8448472902281e-09,c7,Anapc2,0.377,0.27144
5.7470881668372e-14,0.668167174978968,0.685,0.311,1.85228651617163e-09,c7,Abca3,0.374,0.25619
5.80133910860698e-14,0.697576182777831,0.706,0.323,1.86977159470403e-09,c7,Frg1,0.383,0.270398
5.82668205672007e-14,0.753222978836188,0.636,0.293,1.87793962688088e-09,c7,Isca2,0.343,0.218148
5.83336061841309e-14,0.725353496306571,0.664,0.301,1.88009212731454e-09,c7,Zbtb37,0.363,0.241032
5.99856331661673e-14,0.708712141455252,0.552,0.227,1.93333695694557e-09,c7,Usp53,0.325,0.1794
6.05509788830004e-14,0.668120686687716,0.93,0.528,1.9515580493991e-09,c7,Gde1,0.402,0.37386
6.11407916255201e-14,0.998580766107743,0.336,0.116,1.97056771409051e-09,c7,Nans,0.22,0.07392
6.23285844438161e-14,0.719785890810205,0.846,0.529,2.00885027662419e-09,c7,Pgam1,0.317,0.268182
6.48001870370697e-14,1.29048042904215,0.273,0.087,2.08851002820476e-09,c7,Gatb,0.186,0.050778
6.49704790593564e-14,0.727861269899906,0.727,0.349,2.09399854008306e-09,c7,Exosc10,0.378,0.274806
6.52458646535667e-14,0.72514950968105,0.622,0.271,2.10287421778445e-09,c7,Neurl4,0.351,0.218322
6.74341947162487e-14,1.24965408281011,0.252,0.075,2.1734040957047e-09,c7,Jade3,0.177,0.044604
6.75625715935569e-14,0.690358463178933,0.671,0.304,2.17754168246034e-09,c7,Mbd1,0.367,0.246257
6.83783542469316e-14,1.15345353183009,0.315,0.107,2.20383435737861e-09,c7,Msantd1,0.208,0.06552
6.84274815131959e-14,0.693793474109922,0.881,0.485,2.2054177291703e-09,c7,Bag6,0.396,0.348876
6.90111312093497e-14,0.604034250366152,0.951,0.631,2.22422875887734e-09,c7,Gtf2i,0.32,0.30432
6.90586632859203e-14,0.723989817760246,0.65,0.301,2.22576071770521e-09,c7,Eef1b2,0.349,0.22685
6.95680183508687e-14,0.766477059945521,0.622,0.279,2.2421772314485e-09,c7,Oser1,0.343,0.213346
7.19748395665267e-14,0.681092364680917,0.874,0.536,2.31974907922916e-09,c7,Rmnd5a,0.338,0.295412
7.29467005636672e-14,0.821234579160744,0.266,0.08,2.35107215916699e-09,c7,Cpxm1,0.186,0.049476
7.31668584319957e-14,0.628290313017728,0.699,0.311,2.35816784726322e-09,c7,Rfc2,0.388,0.271212
7.43931966160899e-14,0.734812107085068,0.671,0.308,2.39769272693658e-09,c7,Hsf2,0.363,0.243573
7.61643556989016e-14,0.781510232279848,0.476,0.189,2.4547771841756e-09,c7,Gpkow,0.287,0.136612
7.70341287453248e-14,0.670558581924172,0.916,0.62,2.48280996946182e-09,c7,Tob1,0.296,0.271136
7.78804692809961e-14,0.790234919963399,0.559,0.238,2.5100875249265e-09,c7,Rnf25,0.321,0.179439
7.83512574779501e-14,0.870826066651827,0.601,0.279,2.52526102851433e-09,c7,Pcdhga6,0.322,0.193522
7.88969302615619e-14,0.751471863158394,0.762,0.405,2.54284806233014e-09,c7,Anapc11,0.357,0.272034
8.2815419746274e-14,0.831270780426539,0.413,0.155,2.66914097842241e-09,c7,Aimp2,0.258,0.106554
8.28721842592353e-14,0.751824713878139,0.573,0.247,2.67097049867515e-09,c7,Lysmd3,0.326,0.186798
8.41670422984439e-14,1.00228603014605,0.336,0.118,2.71270377327885e-09,c7,Lratd2,0.218,0.073248
8.44667936073486e-14,0.861751933379222,0.559,0.249,2.72236475796484e-09,c7,Trp53inp1,0.31,0.17329
8.68724703788506e-14,0.701175454249291,0.804,0.396,2.79989972031036e-09,c7,Drg1,0.408,0.328032
8.7111832237074e-14,0.841292626294716,0.706,0.386,2.8076143530009e-09,c7,Sipa1l3,0.32,0.22592
8.76133768680516e-14,0.720113411420332,0.58,0.249,2.8237791364573e-09,c7,Trmt11,0.331,0.19198
8.90779594423783e-14,0.620592059689918,0.643,0.276,2.87098263282785e-09,c7,Gfm1,0.367,0.235981
9.15209153262871e-14,0.684736205046571,0.538,0.219,2.94971910096623e-09,c7,Rexo4,0.319,0.171622
9.25145714425104e-14,0.532264666915352,0.566,0.229,2.98174463759211e-09,c7,Igf2r,0.337,0.190742
9.26744867367347e-14,0.735042693903602,0.804,0.424,2.98689870752496e-09,c7,Chkb,0.38,0.30552
9.29355291566981e-14,0.789146421539658,0.552,0.24,2.99531210472038e-09,c7,Glod4,0.312,0.172224
9.29494966201727e-14,0.641279334545687,0.699,0.312,2.99576227606817e-09,c7,Tbc1d17,0.387,0.270513
9.31724163095817e-14,1.11226279794332,0.322,0.112,3.00294697765782e-09,c7,Bahd1,0.21,0.06762
9.38189152766753e-14,1.05550838960272,0.448,0.188,3.02378363936725e-09,c7,Tesk1,0.26,0.11648
9.42999194425633e-14,0.910123637976572,0.301,0.098,3.03928640363381e-09,c7,Irak2,0.203,0.061103
9.45513832344868e-14,0.696859934956887,0.601,0.263,3.04739108164751e-09,c7,Tufm,0.338,0.203138
9.55939327625309e-14,0.666656821684456,0.853,0.424,3.08099245293637e-09,c7,Dnajc10,0.429,0.365937
9.77295965167778e-14,0.698446701338379,0.727,0.344,3.14982489573575e-09,c7,Chm,0.383,0.278441
9.91014655340794e-14,0.678436343633015,0.916,0.512,3.19404023416338e-09,c7,Dync1li2,0.404,0.370064
9.94812391240441e-14,0.727072247781614,0.79,0.454,3.20628033696794e-09,c7,Pebp1,0.336,0.26544
9.9754518798751e-14,0.851762138240198,0.42,0.161,3.21508814088374e-09,c7,Gprc5b,0.259,0.10878
1.01117976761398e-13,0.676841314251346,0.895,0.553,3.25903239101987e-09,c7,Cox7b,0.342,0.30609
1.01172736140965e-13,1.24932501239666,0.259,0.08,3.26079728582329e-09,c7,Dgka,0.179,0.046361
1.02043305569511e-13,0.857031183502179,0.517,0.218,3.28885573850533e-09,c7,Zfp260,0.299,0.154583
1.02638400247453e-13,0.86110521311913,0.413,0.157,3.3080356399754e-09,c7,Agl,0.256,0.105728
1.03080547797876e-13,0.735331286558712,0.643,0.292,3.32228605552553e-09,c7,Farsb,0.351,0.225693
1.03298321930052e-13,0.742173191418847,0.531,0.221,3.32930491580559e-09,c7,Pdcd11,0.31,0.16461
1.07324151557584e-13,0.861198281143694,0.413,0.156,3.45905740470094e-09,c7,Mospd2,0.257,0.106141
1.07602825890262e-13,1.1660281117585,0.294,0.097,3.46803907844316e-09,c7,Rin2,0.197,0.057918
1.1020637070799e-13,0.74967849686692,0.678,0.321,3.55195132791853e-09,c7,Zbtb7a,0.357,0.242046
1.10353911131036e-13,0.706673357037341,0.538,0.223,3.55670655575328e-09,c7,Wwp2,0.315,0.16947
1.11150270508498e-13,0.877416717057852,0.357,0.126,3.5823732184889e-09,c7,Sdad1,0.231,0.082467
1.14609114058542e-13,0.678548502083032,0.916,0.496,3.69385174610679e-09,c7,Wac,0.42,0.38472
1.15679271558762e-13,1.10763429146419,0.315,0.108,3.72834292233889e-09,c7,Srbd1,0.207,0.065205
1.16894850926567e-13,0.682285351813966,0.93,0.502,3.76752104536326e-09,c7,Casc3,0.428,0.39804
1.1793582768957e-13,0.986609012133134,0.308,0.101,3.80107172643484e-09,c7,Eri2,0.207,0.063756
1.18084705997181e-13,0.799552416389264,0.497,0.204,3.80587007428913e-09,c7,Wdr18,0.293,0.145621
1.18237142301858e-13,0.710302402459601,0.573,0.244,3.81078309638888e-09,c7,Cog6,0.329,0.188517
1.1976083321376e-13,0.792735135130514,0.476,0.191,3.8598916544795e-09,c7,Timmdc1,0.285,0.13566
1.24679889263684e-13,0.716884632605661,0.825,0.427,4.01843283096855e-09,c7,Sltm,0.398,0.32835
1.26133119756984e-13,0.755720225398449,0.608,0.274,4.06527044976759e-09,c7,Tfpt,0.334,0.203072
1.26294173722207e-13,0.875423727835498,0.406,0.155,4.07046121906672e-09,c7,Galc,0.251,0.101906
1.28979674394125e-13,0.685895925860771,0.846,0.428,4.15701490572266e-09,c7,Ilf2,0.418,0.353628
1.29829243861073e-13,0.705597786600598,0.699,0.325,4.18439652964238e-09,c7,Uri1,0.374,0.261426
1.2987598892389e-13,0.782348929064139,0.497,0.205,4.18590312301696e-09,c7,Ndufb2,0.292,0.145124
1.31265236136679e-13,0.771744592631252,0.664,0.318,4.23067856068517e-09,c7,Top3b,0.346,0.229744
1.31519749451758e-13,1.01330460454067,0.385,0.145,4.23888152483016e-09,c7,Aldh18a1,0.24,0.0924
1.3176690626983e-13,0.67725281327757,0.538,0.223,4.24684738907662e-09,c7,Rtn4rl1,0.315,0.16947
1.33323629808908e-13,0.662673450185366,0.902,0.5,4.2970205887411e-09,c7,Ppt1,0.402,0.362604
1.33478381834773e-13,0.602100914091849,0.441,0.165,4.30200824653475e-09,c7,Efemp2,0.276,0.121716
1.3375037023423e-13,0.759880967087949,0.552,0.238,4.31077443264924e-09,c7,Xpa,0.314,0.173328
1.33773695350758e-13,0.72053376466211,0.594,0.264,4.31152620115495e-09,c7,Coa5,0.33,0.19602
1.39752695138386e-13,0.957675200370422,0.399,0.152,4.50422936431017e-09,c7,Rfxank,0.247,0.098553
1.40376287837151e-13,0.682633437098158,0.685,0.317,4.52432775699139e-09,c7,Pomp,0.368,0.25208
1.42782138587545e-13,0.699475839858245,0.692,0.323,4.60186832667657e-09,c7,Zyg11b,0.369,0.255348
1.43970463671318e-13,0.881436075815979,0.336,0.115,4.64016804412658e-09,c7,H2afj,0.221,0.074256
1.44507983952108e-13,0.750680810158833,0.678,0.321,4.65749232277645e-09,c7,Tmem131,0.357,0.242046
1.44951454044685e-13,0.71253901081931,0.615,0.273,4.67178536386021e-09,c7,Surf1,0.342,0.21033
1.45007880519852e-13,0.709427671280553,0.755,0.373,4.67360398915482e-09,c7,Celf1,0.382,0.28841
1.45111424163232e-13,0.778072957761942,0.538,0.232,4.67694120078096e-09,c7,Snx15,0.306,0.164628
1.47813602020136e-13,0.697543663576568,0.657,0.297,4.764032393109e-09,c7,Zc3h13,0.36,0.23652
1.47916350256044e-13,0.687467521346234,0.874,0.465,4.76734396875229e-09,c7,Nap1l4,0.409,0.357466
1.4800670748387e-13,0.728563600872136,0.797,0.428,4.77025618220512e-09,c7,Smc1a,0.369,0.294093
1.49987359769789e-13,0.695831584371407,0.692,0.323,4.8340926053803e-09,c7,Trap1,0.369,0.255348
1.54510529508154e-13,0.76072564087237,0.741,0.403,4.9798743660478e-09,c7,Ndufa8,0.338,0.250458
1.54875557164201e-13,0.677268906345404,0.832,0.425,4.9916392074022e-09,c7,Vti1a,0.407,0.338624
1.55165306959672e-13,1.14534352062598,0.287,0.094,5.00097784331022e-09,c7,Rfc3,0.193,0.055391
1.55907299618034e-13,0.989117300029298,0.371,0.138,5.02489226668924e-09,c7,Blvra,0.233,0.086443
1.58162502039381e-13,0.745191842013308,0.762,0.397,5.09757744072924e-09,c7,Cdc37,0.365,0.27813
1.58462115860426e-13,0.705829730448417,0.804,0.414,5.10723399418152e-09,c7,Ptpn11,0.39,0.31356
1.59168811133461e-13,0.700602997385974,0.741,0.354,5.13001078283145e-09,c7,Cop1,0.387,0.286767
1.66400096419848e-13,0.662194214518942,0.909,0.503,5.3630751076117e-09,c7,Sel1l,0.406,0.369054
1.66675986903792e-13,0.845352544496104,0.517,0.218,5.37196705790921e-09,c7,Cep295,0.299,0.154583
1.69819466171844e-13,0.770991190475778,0.671,0.328,5.47328139471854e-09,c7,Fam98b,0.343,0.230153
1.71469117219275e-13,0.655516559843184,0.881,0.453,5.52644964797723e-09,c7,Exoc5,0.428,0.377068
1.72406211869862e-13,0.679937688745827,0.867,0.466,5.55665220856566e-09,c7,Ube2w,0.401,0.347667
1.72594419240496e-13,0.710716023836739,0.769,0.394,5.56271813212118e-09,c7,Mindy2,0.375,0.288375
1.75877519804816e-13,0.745599719226918,0.51,0.21,5.66853246330921e-09,c7,Cdkn2aipnl,0.3,0.153
1.80650943414858e-13,0.725955182540399,0.608,0.27,5.82237990626087e-09,c7,Rnf114,0.338,0.205504
1.88260475065689e-13,0.638708171797527,0.531,0.216,6.06763511136715e-09,c7,Polr2c,0.315,0.167265
1.90191457392527e-13,1.25879616574291,0.28,0.092,6.12987067176113e-09,c7,Prkdc,0.188,0.05264
1.92483552448753e-13,0.77732908568894,0.615,0.284,6.20374489542332e-09,c7,Cct2,0.331,0.203565
1.96553087635353e-13,0.632333574944124,0.72,0.328,6.33490601448743e-09,c7,Mroh1,0.392,0.28224
1.97989277333362e-13,0.564792613394011,0.434,0.161,6.38119440845425e-09,c7,Reck,0.273,0.118482
2.00809307533981e-13,0.697535589361168,0.825,0.452,6.47208398182021e-09,c7,Golga7,0.373,0.307725
2.02722197910293e-13,0.687420232761044,0.853,0.451,6.53373643864873e-09,c7,Mtor,0.402,0.342906
2.03035038938717e-13,0.756736920422835,0.678,0.339,6.54381930499486e-09,c7,Cox6b1,0.339,0.229842
2.03473688916745e-13,0.769762500502039,0.636,0.299,6.5579569937867e-09,c7,Terf2,0.337,0.214332
2.10614134190654e-13,0.741808395203202,0.685,0.328,6.78809354496479e-09,c7,Brd7,0.357,0.244545
2.11845472637565e-13,0.784514023292874,0.566,0.25,6.82777958310872e-09,c7,Irak1bp1,0.316,0.178856
2.11955082222162e-13,0.685545381181952,0.594,0.26,6.83131230002028e-09,c7,Ankmy2,0.334,0.198396
2.1365614259152e-13,0.670713452336317,0.895,0.494,6.8861374757247e-09,c7,Ube3c,0.401,0.358895
2.14327972556196e-13,0.655452430790569,0.748,0.355,6.90779055548618e-09,c7,Bcap31,0.393,0.293964
2.16808573891819e-13,0.81298038357113,0.455,0.183,6.98774033653331e-09,c7,Nup133,0.272,0.12376
2.17493859974296e-13,0.709393117518033,0.594,0.258,7.00982710697157e-09,c7,Cox11,0.336,0.199584
2.24200572406873e-13,0.728252117116063,0.783,0.415,7.22598444867351e-09,c7,Rdx,0.368,0.288144
2.26792929713383e-13,0.829895976362557,0.427,0.165,7.30953612466234e-09,c7,Utp25,0.262,0.111874
2.28741878590099e-13,0.689365663682751,0.895,0.485,7.3723507469589e-09,c7,Mapre2,0.41,0.36695
2.30236055023444e-13,0.701935363970124,0.825,0.449,7.42050805340559e-09,c7,Ndufs4,0.376,0.3102
2.33927569490429e-13,0.752670646299905,0.601,0.269,7.53948556467652e-09,c7,Foxj2,0.332,0.199532
2.34193173428256e-13,0.71364153626523,0.825,0.426,7.5480459795927e-09,c7,Daam1,0.399,0.329175
2.35070556500749e-13,0.739887135408908,0.469,0.186,7.57632403601915e-09,c7,Ero1lb,0.283,0.132727
2.35084599512425e-13,0.767442098243126,0.441,0.172,7.57677664228546e-09,c7,Uck2,0.269,0.118629
2.37405848945972e-13,0.766558419459216,0.643,0.297,7.65159051152869e-09,c7,DEPRECATED-ENSMUSG00000025025,0.346,0.222478
2.38679534035191e-13,0.721000052422299,0.713,0.356,7.69264138195421e-09,c7,Ncoa4,0.357,0.254541
2.39764690225e-13,0.671154000389939,0.573,0.247,7.72761596595175e-09,c7,Ubl4a,0.326,0.186798
2.41791416371983e-13,0.6470249201688,0.755,0.353,7.79293734966902e-09,c7,Fbxo38,0.402,0.30351
2.42775188420658e-13,0.732138262892485,0.734,0.376,7.82464432279781e-09,c7,Cops6,0.358,0.262772
2.44102049300502e-13,0.810881349832089,0.524,0.228,7.86740904895519e-09,c7,D10Wsu102e,0.296,0.155104
2.48172747031033e-13,1.009973505218,0.308,0.104,7.99860763681019e-09,c7,Setd4,0.204,0.062832
2.49446014221172e-13,0.998230397530303,0.343,0.123,8.03964503834837e-09,c7,Stimate,0.22,0.07546
2.55451345148587e-13,0.686070525196169,0.671,0.314,8.23319685413896e-09,c7,N4bp1,0.357,0.239547
2.57627167231354e-13,0.750641117029277,0.559,0.244,8.30332359986655e-09,c7,Snrpa1,0.315,0.176085
2.58944284276336e-13,0.803606506245885,0.531,0.232,8.3457742822263e-09,c7,Pdk1,0.299,0.158769
2.60908313373954e-13,0.988760629928607,0.259,0.08,8.40907494004253e-09,c7,Tprn,0.179,0.046361
2.60916361805623e-13,0.712266290513884,0.727,0.354,8.40933434099522e-09,c7,Smarcb1,0.373,0.271171
2.6192190542828e-13,0.650947869463281,0.937,0.507,8.44174301195346e-09,c7,Gapvd1,0.43,0.40291
2.67561911933162e-13,0.660763008708164,0.552,0.23,8.62352042160583e-09,c7,Ddx18,0.322,0.177744
2.70505187664338e-13,0.593663598802313,0.713,0.317,8.71838219842162e-09,c7,Tbc1d15,0.396,0.282348
2.72797983576485e-13,0.757247591463673,0.615,0.286,8.7922790106701e-09,c7,Hmgb1,0.329,0.202335
2.74772286114552e-13,0.924768078758514,0.406,0.158,8.85591078147202e-09,c7,Bola2,0.248,0.100688
2.76165007947693e-13,0.79557279255987,0.42,0.162,8.90079820615416e-09,c7,Wdr83,0.258,0.10836
2.7631926936205e-13,0.682245370289446,0.664,0.306,8.90577005153889e-09,c7,Tgfbrap1,0.358,0.237712
2.76451611640188e-13,0.764289600833912,0.629,0.294,8.91003544316327e-09,c7,Hdhd2,0.335,0.210715
2.76772227775026e-13,0.742036454511248,0.503,0.208,8.9203689011891e-09,c7,Prkn,0.295,0.148385
2.77362262409972e-13,0.817358488474114,0.406,0.153,8.93938571747339e-09,c7,Klhdc1,0.253,0.102718
2.79139205737736e-13,0.913086972154192,0.392,0.149,8.99665660092722e-09,c7,Surf2,0.243,0.095256
2.85164598144456e-13,0.691691744531593,0.776,0.383,9.19085499819582e-09,c7,Gcn1,0.393,0.304968
2.87684169767058e-13,0.858400701476556,0.315,0.106,9.27206079159227e-09,c7,Tmem254a,0.209,0.065835
2.95522471640965e-13,0.738133916406883,0.671,0.325,9.52468926098831e-09,c7,Psmd3,0.346,0.232166
2.98116982706873e-13,0.640050102489366,0.699,0.319,9.6083103526425e-09,c7,Marf1,0.38,0.26562
3.02171199432952e-13,0.746883565686192,0.469,0.187,9.73897775772403e-09,c7,Thop1,0.282,0.132258
3.02710392519654e-13,0.732907371488547,0.727,0.36,9.75635595090845e-09,c7,Ppox,0.367,0.266809
3.03200068161976e-13,0.801150724208124,0.434,0.169,9.7721381968605e-09,c7,Mrtfa,0.265,0.11501
3.04190794245368e-13,0.675432340170944,0.804,0.397,9.8040692985282e-09,c7,Ncoa5,0.407,0.327228
3.04676273196953e-13,0.744171782858671,0.545,0.236,9.81971628513778e-09,c7,Snrpe,0.309,0.168405
3.14757660826677e-13,0.978877409946944,0.357,0.131,1.01446394084438e-08,c7,C1qbp,0.226,0.080682
3.24317160088813e-13,0.8257191900799,0.503,0.213,1.04527420696624e-08,c7,Pot1a,0.29,0.14587
3.26052089217595e-13,0.678551019408483,0.469,0.184,1.05086588354831e-08,c7,Mrgbp,0.285,0.133665
3.29554455110351e-13,0.589335364753335,0.734,0.329,1.06215400882066e-08,c7,Zfand3,0.405,0.29727
3.30961904978197e-13,1.28526352299363,0.266,0.086,1.06669021974473e-08,c7,Ubtd2,0.18,0.04788
3.33508208855758e-13,0.673093943979162,0.622,0.279,1.07489695714211e-08,c7,Polr2j,0.343,0.213346
3.3686570914407e-13,0.733255534534489,0.762,0.386,1.08571818057134e-08,c7,Acap2,0.376,0.286512
3.43577223638047e-13,0.736125186691262,0.643,0.298,1.10734939178542e-08,c7,Caml,0.345,0.221835
3.50323919425092e-13,0.719648842740089,0.741,0.38,1.12909399230707e-08,c7,Fkbp4,0.361,0.267501
3.50979816019962e-13,0.752316025137794,0.448,0.178,1.13120794703234e-08,c7,Fbxw4,0.27,0.12096
3.52688438590524e-13,0.944964978325853,0.371,0.138,1.13671483757726e-08,c7,Smad7,0.233,0.086443
3.62220849770132e-13,0.923813905502425,0.385,0.146,1.16743779880914e-08,c7,Lpp,0.239,0.092015
3.65475607680421e-13,0.675096506139129,0.804,0.406,1.177927883554e-08,c7,Mfsd14b,0.398,0.319992
3.69590108382388e-13,0.69268062455009,0.713,0.339,1.19118891931644e-08,c7,Dhx30,0.374,0.266662
3.71453627590703e-13,1.08672430672927,0.322,0.114,1.19719504172484e-08,c7,Cmc4,0.208,0.066976
3.73168521830854e-13,0.997007007613204,0.385,0.148,1.20272214586084e-08,c7,Ap5z1,0.237,0.091245
3.73736635225181e-13,0.660047452044424,0.832,0.433,1.20455317533076e-08,c7,Tle5,0.399,0.331968
3.75020040799869e-13,0.673374313577245,0.685,0.312,1.20868959149798e-08,c7,Rab10,0.373,0.255505
3.7801242654133e-13,0.707583767535658,0.636,0.291,1.21833405074271e-08,c7,Tatdn1,0.345,0.21942
3.78955286511498e-13,1.38165804621323,0.266,0.088,1.22137288842656e-08,c7,Rgs11,0.178,0.047348
3.80043303756123e-13,0.697836667657687,0.748,0.365,1.22487956800598e-08,c7,Tacc2,0.383,0.286484
3.86373550106192e-13,0.72412715212811,0.818,0.437,1.24528195199226e-08,c7,Mxi1,0.381,0.311658
4.08895811221335e-13,0.739579327214378,0.573,0.254,1.31787119956636e-08,c7,Lrrc41,0.319,0.182787
4.09176293172459e-13,0.688970156169872,0.839,0.441,1.31877519289484e-08,c7,Ppp4r2,0.398,0.333922
4.10139500438153e-13,0.53291415296008,0.49,0.198,1.32187960991217e-08,c7,Tsc22d3,0.292,0.14308
4.11392226416179e-13,0.744910144141465,0.524,0.225,1.32591714573935e-08,c7,Mindy3,0.299,0.156676
4.21982023579021e-13,0.761201296475661,0.483,0.197,1.36004806199519e-08,c7,Cdk2ap1,0.286,0.138138
4.24493152456564e-13,0.735033321714199,0.42,0.163,1.36814143036751e-08,c7,Ssh2,0.257,0.10794
4.28428502386495e-13,0.792245957763413,0.531,0.234,1.38082506319167e-08,c7,Tor1a,0.297,0.157707
4.31929425949638e-13,0.642976401363118,0.727,0.339,1.39210853983568e-08,c7,Eif5b,0.388,0.282076
4.33478264590079e-13,0.880852527630431,0.413,0.161,1.39710044677382e-08,c7,Rbm15b,0.252,0.104076
4.34080302741923e-13,0.576281941551854,0.986,0.664,1.39904081573722e-08,c7,Nsd1,0.322,0.317492
4.43351857197418e-13,1.31210514212739,0.315,0.114,1.42892303574728e-08,c7,Inpp4b,0.201,0.063315
4.44465144204488e-13,0.915315827140671,0.322,0.112,1.43251115977107e-08,c7,Rilpl1,0.21,0.06762
4.62638314571563e-13,0.733445133796405,0.804,0.436,1.49108328786415e-08,c7,Lrrc8b,0.368,0.295872
4.7164661209192e-13,0.698743046618075,0.811,0.432,1.52011703077226e-08,c7,Ppp1r37,0.379,0.307369
4.71937667821854e-13,0.826551537330884,0.469,0.193,1.52105510338983e-08,c7,Utp15,0.276,0.129444
4.72271332367929e-13,0.766921032638719,0.629,0.298,1.52213050422184e-08,c7,Pcdhgb4,0.331,0.208199
4.75237419465251e-13,0.852333515546032,0.49,0.211,1.5316902029365e-08,c7,Prelid3b,0.279,0.13671
4.81749996697334e-13,0.881013169103154,0.287,0.093,1.55268023935551e-08,c7,Mettl22,0.194,0.055678
4.82001352061239e-13,0.702461991515537,0.825,0.416,1.55349035769337e-08,c7,Psme4,0.409,0.337425
4.82675815372357e-13,1.14228682623875,0.364,0.141,1.55566415294511e-08,c7,Idnk,0.223,0.081172
4.84821777099296e-13,0.616378102732483,0.965,0.613,1.56258058759103e-08,c7,Dtx3,0.352,0.33968
4.87576455488085e-13,0.49276964836445,0.643,0.273,1.5714589160381e-08,c7,Arhgdia,0.37,0.23791
5.0184961201516e-13,0.661952997222545,0.65,0.295,1.61746129952486e-08,c7,Abhd10,0.355,0.23075
5.02315843858922e-13,0.694982398495197,0.727,0.355,1.61896396475731e-08,c7,Nr2c2,0.372,0.270444
5.02392704142735e-13,0.668439483548503,0.664,0.305,1.61921168545204e-08,c7,Elp2,0.359,0.238376
5.10799320434612e-13,0.821430507814697,0.315,0.107,1.64630620976075e-08,c7,Gng10,0.208,0.06552
5.14590775541155e-13,0.664517212873405,0.902,0.504,1.65852606956914e-08,c7,Cpsf7,0.398,0.358996
5.20122919275524e-13,0.689754898336776,0.797,0.411,1.67635616882501e-08,c7,Rptor,0.386,0.307642
5.20251241148e-13,0.692015612810765,0.72,0.347,1.67676975022e-08,c7,Hmbox1,0.373,0.26856
5.20431783023223e-13,0.724118461908261,0.636,0.3,1.67735163668385e-08,c7,Sccpdh,0.336,0.213696
5.27897911483758e-13,0.839856713631586,0.35,0.126,1.70141496871215e-08,c7,Nfkb1,0.224,0.0784
5.41049864428276e-13,0.636517542586528,0.944,0.583,1.74380371305233e-08,c7,Sf3b2,0.361,0.340784
5.47852290764055e-13,0.780176865183965,0.594,0.277,1.76572793313255e-08,c7,Trappc1,0.317,0.188298
5.48892884337027e-13,0.442131889094747,0.322,0.108,1.76908176621824e-08,c7,Cdh11,0.214,0.068908
5.52700855359102e-13,0.672266316477035,0.685,0.32,1.78135485682239e-08,c7,Sf3b4,0.365,0.250025
5.61647709297597e-13,0.653724475505489,0.909,0.533,1.81019056706616e-08,c7,Tmem63b,0.376,0.341784
5.63965119216559e-13,0.669230167642544,0.832,0.439,1.81765957923497e-08,c7,Dlst,0.393,0.326976
5.67200180575896e-13,0.697727170139668,0.692,0.336,1.82808618199611e-08,c7,Psmd13,0.356,0.246352
5.71731099468553e-13,0.645704360022876,0.497,0.202,1.84268933358715e-08,c7,Mras,0.295,0.146615
5.81686892540471e-13,0.783220796935147,0.538,0.235,1.87477685465794e-08,c7,Ptpn12,0.303,0.163014
5.82616606073272e-13,0.652805677731342,0.881,0.542,1.87777332137415e-08,c7,Map1lc3b,0.339,0.298659
5.84247290534283e-13,0.670205322700512,0.545,0.231,1.88302901739199e-08,c7,Pgls,0.314,0.17113
5.86546120593055e-13,0.63704134286553,0.552,0.235,1.89043814667142e-08,c7,Stoml2,0.317,0.174984
5.94454022082198e-13,0.813113667973901,0.538,0.242,1.91592531317092e-08,c7,Kbtbd7,0.296,0.159248
6.05215508164972e-13,0.691961633064812,0.636,0.294,1.9506095828157e-08,c7,Psmf1,0.342,0.217512
6.07219671070034e-13,0.611801840477329,0.965,0.612,1.95706899985872e-08,c7,Cul1,0.353,0.340645
6.2381784313105e-13,0.909505799097355,0.483,0.207,2.01056490841137e-08,c7,Carmil1,0.276,0.133308
6.25353130488667e-13,0.696166344912417,0.455,0.179,2.01551313956497e-08,c7,Ranbp10,0.276,0.12558
6.27053297904837e-13,0.65182784561864,0.916,0.512,2.02099277914729e-08,c7,Ecpas,0.404,0.370064
6.36381391673239e-13,0.783124043361382,0.594,0.278,2.05105722536285e-08,c7,Aimp1,0.316,0.187704
6.36757624628658e-13,0.742548348234799,0.531,0.23,2.05226982417816e-08,c7,Zfp90,0.301,0.159831
6.36988165352535e-13,0.674589412819784,0.79,0.404,2.05301285693122e-08,c7,Napg,0.386,0.30494
6.41667240189948e-13,0.775497307088168,0.706,0.417,2.0680935151322e-08,c7,Prdx5,0.289,0.204034
6.46999026661898e-13,0.764559188785429,0.608,0.284,2.0852778629313e-08,c7,Dcaf15,0.324,0.196992
6.60367369507094e-13,0.750854518053712,0.594,0.27,2.12836403192136e-08,c7,Ube2n,0.324,0.192456
6.63613072044053e-13,0.925716741291674,0.301,0.102,2.13882493119798e-08,c7,Afg1l,0.199,0.059899
6.69965999908192e-13,0.723111156606988,0.503,0.208,2.1593004177041e-08,c7,Lrrc40,0.295,0.148385
6.72617556480709e-13,0.780911742690057,0.587,0.276,2.16784638453733e-08,c7,Ndufs6,0.311,0.182557
6.77110511938689e-13,0.794401833258576,0.503,0.214,2.1823271799784e-08,c7,Polr3a,0.289,0.145367
6.98367113703309e-13,1.1109570495853,0.294,0.1,2.25083720746576e-08,c7,Pomk,0.194,0.057036
7.05922323540846e-13,0.759314683016818,0.566,0.252,2.27518764877215e-08,c7,Brpf1,0.314,0.177724
7.08575852498264e-13,0.633019833672394,0.909,0.571,2.28373997260191e-08,c7,Nono,0.338,0.307242
7.12809600251304e-13,0.697086342058511,0.734,0.366,2.29738534160995e-08,c7,Wdr48,0.368,0.270112
7.21049840730919e-13,0.716321273327136,0.734,0.373,2.32394363667575e-08,c7,Zmat2,0.361,0.264974
7.31292884213869e-13,0.605066627436218,0.958,0.623,2.3569569658213e-08,c7,Sec62,0.335,0.32093
7.31296639209378e-13,0.664713271102807,0.671,0.313,2.35696906817182e-08,c7,Rnf126,0.358,0.240218
7.40317851446324e-13,0.640609437252677,0.65,0.298,2.3860444352115e-08,c7,Cgrrf1,0.352,0.2288
7.54420428208352e-13,0.756505685430884,0.594,0.28,2.43149704011552e-08,c7,Polr2f,0.314,0.186516
7.54970321203031e-13,0.650797456369321,0.755,0.372,2.43326934523737e-08,c7,Bcl2l1,0.383,0.289165
7.67038236552916e-13,0.742977033877886,0.49,0.202,2.47216423641005e-08,c7,Eif4enif1,0.288,0.14112
7.72448392483912e-13,0.651039120442748,0.881,0.456,2.48960116897565e-08,c7,Mast2,0.425,0.374425
7.73999825805165e-13,1.00766933603623,0.364,0.138,2.49460143857005e-08,c7,Fam210b,0.226,0.082264
7.85072126009049e-13,0.662191841078348,0.49,0.202,2.53028746212716e-08,c7,Mtln,0.288,0.14112
8.13537923427973e-13,0.674933024390582,0.741,0.364,2.62203272720836e-08,c7,Sec23a,0.377,0.279357
8.15539833930061e-13,0.729474398033747,0.559,0.249,2.62848488475659e-08,c7,Tmem184c,0.31,0.17329
8.19080807973801e-13,0.675721694910201,0.678,0.321,2.63989744409956e-08,c7,Tcerg1,0.357,0.242046
8.194593202736e-13,0.65054629562866,0.727,0.347,2.64111738924181e-08,c7,Hdac4,0.38,0.27626
8.31486743757503e-13,0.655913288962381,0.86,0.534,2.67988177513043e-08,c7,Rab18,0.326,0.28036
8.41949692997837e-13,0.623951246987037,0.79,0.383,2.71360386053203e-08,c7,Sympk,0.407,0.32153
8.4529589438666e-13,0.679890542080299,0.678,0.32,2.7243886676082e-08,c7,Samm50,0.358,0.242724
8.53841548670969e-13,0.713417961775918,0.524,0.224,2.75193131136653e-08,c7,Slc7a6,0.3,0.1572
8.61027673190554e-13,0.805583670360348,0.476,0.2,2.77509219069315e-08,c7,Tubg1,0.276,0.131376
8.67789051826338e-13,0.787340449004191,0.545,0.241,2.79688411403629e-08,c7,Cluh,0.304,0.16568
8.90132133483825e-13,0.691213716307796,0.476,0.194,2.86889586621837e-08,c7,Xxylt1,0.282,0.134232
8.99797802411723e-13,0.647951998219206,0.895,0.533,2.90004831717298e-08,c7,Epn1,0.362,0.32399
9.00064849488346e-13,0.626318470777943,0.909,0.548,2.90090900990094e-08,c7,Atp5d,0.361,0.328149
9.31275295525007e-13,0.72512258977015,0.545,0.241,3.0015002774771e-08,c7,Acp2,0.304,0.16568
9.33096803843684e-13,0.679212271134141,0.622,0.283,3.0073709987882e-08,c7,Snrnp40,0.339,0.210858
9.34406268745807e-13,0.684094857057189,0.72,0.366,3.01159140416774e-08,c7,Arpc5,0.354,0.25488
9.3902860544386e-13,1.06253498586332,0.336,0.124,3.02648919534556e-08,c7,Wrn,0.212,0.071232
9.42195178047574e-13,0.67609499558869,0.881,0.489,3.03669505884733e-08,c7,Smc3,0.392,0.345352
9.44609908828292e-13,0.561786434489745,0.615,0.267,3.04447773615358e-08,c7,Zcchc17,0.348,0.21402
9.47847582815026e-13,0.859462856706717,0.455,0.19,3.05491275941283e-08,c7,Sclt1,0.265,0.120575
9.4958147876856e-13,0.793477716198535,0.434,0.173,3.06050110607107e-08,c7,Slc50a1,0.261,0.113274
9.57412921987086e-13,0.853075895696465,0.406,0.161,3.08574184756438e-08,c7,Mcee,0.245,0.09947
9.66115034464604e-13,0.760413977162783,0.469,0.193,3.11378875607942e-08,c7,Usp39,0.276,0.129444
9.72576268875254e-13,0.78663463787489,0.455,0.187,3.13461331458494e-08,c7,Tyw1,0.268,0.12194
9.8481635216133e-13,0.581691456610719,0.755,0.362,3.17406310301597e-08,c7,Mxd4,0.393,0.296715
9.90037402109447e-13,0.9164348868156,0.336,0.121,3.19089054699875e-08,c7,Skiv2l,0.215,0.07224
9.96901093489211e-13,1.0927925050932,0.273,0.09,3.21301222431573e-08,c7,Shld3,0.183,0.049959
1.01408803718251e-12,0.676104900575921,0.678,0.319,3.26840574383924e-08,c7,Trappc4,0.359,0.243402
1.02358581356086e-12,0.579129773399914,0.818,0.39,3.29901707710666e-08,c7,Ctdsp2,0.428,0.350104
1.04086480854431e-12,1.033185022456,0.28,0.093,3.35470727793832e-08,c7,Nudt2,0.187,0.05236
1.06326093156649e-12,0.663804048139134,0.839,0.446,3.4268899824388e-08,c7,Tfg,0.393,0.329727
1.06719957003786e-12,0.660986153704483,0.783,0.395,3.43958421423204e-08,c7,Exoc3,0.388,0.303804
1.06854773711199e-12,0.729838723619494,0.559,0.246,3.44392935671196e-08,c7,Ecsit,0.313,0.174967
1.07573304054915e-12,0.667072506176111,0.797,0.4,3.46708758968992e-08,c7,Mga,0.397,0.316409
1.09211613167657e-12,0.700844765325125,0.741,0.383,3.51989029239359e-08,c7,Scfd1,0.358,0.265278
1.12950065226511e-12,0.652949728275009,0.692,0.337,3.64038060225046e-08,c7,Ufc1,0.355,0.24566
1.13246029089119e-12,0.705093236865894,0.72,0.349,3.64991951754229e-08,c7,Sfr1,0.371,0.26712
1.14600892054375e-12,0.803415726968306,0.35,0.127,3.69358675091251e-08,c7,Natd1,0.223,0.07805
1.14618114134634e-12,0.606713005654623,0.972,0.62,3.69414181855924e-08,c7,Ubr5,0.352,0.342144
1.15756528913725e-12,0.652432171592045,0.93,0.511,3.73083292688936e-08,c7,Ppp3ca,0.419,0.38967
1.21154110094075e-12,0.940116325682851,0.336,0.122,3.90479696833203e-08,c7,Cenpt,0.214,0.071904
1.21474251348321e-12,0.682438919329585,0.685,0.325,3.91511512095637e-08,c7,Sec23ip,0.36,0.2466
1.21761187261519e-12,0.771288433928992,0.503,0.216,3.92436306543876e-08,c7,Ddx49,0.287,0.144361
1.22081544697666e-12,0.64226498448937,0.65,0.297,3.93468818560577e-08,c7,Ppa1,0.353,0.22945
1.22735005488189e-12,0.667393627319281,0.706,0.337,3.95574922688432e-08,c7,Gak,0.369,0.260514
1.24146826537466e-12,0.812509774636562,0.413,0.16,4.00125221930254e-08,c7,Snph,0.253,0.104489
1.2677202703e-12,0.783127343667379,0.469,0.194,4.08586243117689e-08,c7,Slc44a2,0.275,0.128975
1.27462847459246e-12,0.690498666337295,0.566,0.249,4.1081275736115e-08,c7,Rwdd1,0.317,0.179422
1.29526565275854e-12,1.06351164752644,0.266,0.086,4.17464119884078e-08,c7,Snrnp25,0.18,0.04788
1.30410966852068e-12,0.773042872629941,0.622,0.302,4.20314546164215e-08,c7,Pcdhga9,0.32,0.19904
1.32557598206156e-12,0.650969893956918,0.65,0.302,4.2723313901844e-08,c7,Nus1,0.348,0.2262
1.34808033685373e-12,0.650768554218214,0.678,0.317,4.34486292567956e-08,c7,Smc6,0.361,0.244758
1.36108825120779e-12,0.690213736873083,0.65,0.305,4.38678743364271e-08,c7,Cd2ap,0.345,0.22425
1.36759823952358e-12,0.632697963372044,0.881,0.502,4.4077691259845e-08,c7,Lrpap1,0.379,0.333899
1.37036585795303e-12,0.85065875712629,0.413,0.164,4.41668916018261e-08,c7,Rcbtb2,0.249,0.102837
1.37657438952615e-12,0.662042010783081,0.804,0.408,4.43669925744279e-08,c7,Wipi2,0.396,0.318384
1.37715285842219e-12,0.657859270934607,0.762,0.376,4.43856366269471e-08,c7,Arhgap32,0.386,0.294132
1.37729757997041e-12,1.37529827969874,0.273,0.094,4.43903010024463e-08,c7,Parp12,0.179,0.048867
1.38394757998033e-12,0.708119881931023,0.594,0.274,4.46046305027659e-08,c7,Tsr2,0.32,0.19008
1.39371619777516e-12,0.855143905161305,0.392,0.152,4.49194730542934e-08,c7,Gorasp1,0.24,0.09408
1.40476042351647e-12,0.645802492233069,0.608,0.271,4.5275428449936e-08,c7,Fam76a,0.337,0.204896
1.43448236411425e-12,0.657283738217324,0.503,0.208,4.62333665954024e-08,c7,Zfp938,0.295,0.148385
1.48684899302179e-12,0.62187552230188,0.727,0.343,4.79211430450922e-08,c7,Trip4,0.384,0.279168
1.48944142162416e-12,0.652015945886833,0.839,0.441,4.80046970189467e-08,c7,Hdgfl2,0.398,0.333922
1.49281129216826e-12,0.727382819389461,0.664,0.328,4.8113307946583e-08,c7,Vps4a,0.336,0.223104
1.51621073453059e-12,0.80899761290987,0.51,0.226,4.8867471973921e-08,c7,Ammecr1l,0.284,0.14484
1.54715523988622e-12,0.672322017596933,0.783,0.403,4.98648133815327e-08,c7,Jkamp,0.38,0.29754
1.56067152450478e-12,0.923744701977673,0.35,0.13,5.03004432347891e-08,c7,Zfp781,0.22,0.077
1.62057448803737e-12,0.662340942767785,0.559,0.243,5.22311157494445e-08,c7,Usp30,0.316,0.176644
1.62133409291816e-12,0.650992191238278,0.846,0.442,5.22555978147523e-08,c7,Zmynd8,0.404,0.341784
1.63562202513244e-12,0.643006916797626,0.888,0.517,5.27160978700184e-08,c7,Usf2,0.371,0.329448
1.64569479732151e-12,0.782692754352227,0.566,0.258,5.30407433176722e-08,c7,Rubcn,0.308,0.174328
1.67402034951561e-12,0.780528401257728,0.462,0.19,5.3953675864888e-08,c7,Ppan,0.272,0.125664
1.70878874993814e-12,0.664388587641638,0.811,0.434,5.50742614105064e-08,c7,Suds3,0.377,0.305747
1.71593267864689e-12,0.96555601599478,0.476,0.214,5.53045102327894e-08,c7,Mpp6,0.262,0.124712
1.74030943567275e-12,0.833809774140388,0.497,0.22,5.60901731117327e-08,c7,Rnf168,0.277,0.137669
1.753291115277e-12,1.1853581204591,0.287,0.098,5.65085726453776e-08,c7,Slc38a7,0.189,0.054243
1.75559155301511e-12,0.639826558703658,0.49,0.201,5.6582715753677e-08,c7,March5,0.289,0.14161
1.75564643590886e-12,0.645013640839485,0.916,0.506,5.65844846293426e-08,c7,Ubp1,0.41,0.37556
1.77262104068115e-12,0.632678519697225,0.727,0.352,5.71315761411534e-08,c7,Afg3l2,0.375,0.272625
1.79079654256885e-12,0.629941661062072,0.678,0.321,5.7717372566994e-08,c7,Galnt2,0.357,0.242046
1.82698823828997e-12,0.762155470960784,0.448,0.182,5.88838309200858e-08,c7,Thoc3,0.266,0.119168
1.8449682614656e-12,0.737402040197932,0.483,0.203,5.94633270670363e-08,c7,Qtrt1,0.28,0.13524
1.8574384303355e-12,0.668985427870059,0.678,0.323,5.98652406097132e-08,c7,Zfp609,0.355,0.24069
1.87157328493581e-12,0.894388049549808,0.378,0.147,6.0320806973481e-08,c7,Haus7,0.231,0.087318
1.87364870315775e-12,0.70728610605731,0.538,0.236,6.03876977027744e-08,c7,Tubgcp4,0.302,0.162476
1.87921725932222e-12,0.660727006944266,0.706,0.34,6.05671722679552e-08,c7,Aasdhppt,0.366,0.258396
1.89437611019382e-12,0.896030919327884,0.399,0.159,6.10557420315469e-08,c7,Orc6,0.24,0.09576
1.91621412493155e-12,0.63005590699771,0.853,0.426,6.17595812465438e-08,c7,Baz2a,0.427,0.364231
1.9331860525934e-12,0.641795791688283,0.755,0.373,6.23065864750853e-08,c7,Nbas,0.382,0.28841
2.00954846088422e-12,0.766698598434664,0.469,0.197,6.47677468942985e-08,c7,Mettl26,0.272,0.127568
2.01449710429365e-12,0.648790655553887,0.587,0.261,6.49272416713845e-08,c7,Ibtk,0.326,0.191362
2.02626004003767e-12,0.63183626694685,0.958,0.595,6.5306361090414e-08,c7,Prpf4b,0.363,0.347754
2.03512220127729e-12,0.64661708204578,0.902,0.517,6.55919885471671e-08,c7,Rbm26,0.385,0.34727
2.05233765026947e-12,0.618029009664671,0.601,0.277,6.61468424681851e-08,c7,Arl2,0.324,0.194724
2.0860834704658e-12,0.66698443891894,0.825,0.462,6.72344702531128e-08,c7,Fis1,0.363,0.299475
2.09211674797491e-12,0.685692235682026,0.776,0.414,6.74289227872312e-08,c7,Arid1a,0.362,0.280912
2.13293063436094e-12,0.669490695619683,0.769,0.389,6.87443543454529e-08,c7,Tomm70a,0.38,0.29222
2.14516869455531e-12,0.652571014561487,0.678,0.319,6.91387870255177e-08,c7,Tdrkh,0.359,0.243402
2.1479072300999e-12,0.742586566415017,0.51,0.223,6.92270500261198e-08,c7,Carnmt1,0.287,0.14637
2.15328343043172e-12,1.05976756559586,0.294,0.103,6.94003249628142e-08,c7,Nudcd1,0.191,0.056154
2.25212086917486e-12,0.677060617437255,0.573,0.255,7.25858556135056e-08,c7,Tacc1,0.318,0.182214
2.25744825136624e-12,0.735134484339324,0.58,0.267,7.27575571415338e-08,c7,Zfp335,0.313,0.18154
2.29485247637703e-12,0.704499306175684,0.713,0.353,7.39630953136318e-08,c7,Rsbn1,0.36,0.25668
2.31224053344364e-12,0.677611057526014,0.72,0.361,7.45235123928884e-08,c7,Ncln,0.359,0.25848
2.31381736874986e-12,0.677977740026997,0.608,0.28,7.4574333794808e-08,c7,Psma2,0.328,0.199424
2.33280731522495e-12,0.619992959859687,0.65,0.302,7.51863797697003e-08,c7,Vti1b,0.348,0.2262
2.34407444495998e-12,0.629701633585423,0.776,0.383,7.554951936106e-08,c7,Tnpo3,0.393,0.304968
2.34764445078075e-12,0.65295743339402,0.783,0.404,7.56645806486635e-08,c7,Smarce1,0.379,0.296757
2.38435849812313e-12,0.752536977998332,0.497,0.213,7.68478743945084e-08,c7,Dis3l2,0.284,0.141148
2.38823301416088e-12,0.602149813999436,0.951,0.595,7.69727500464052e-08,c7,Smarca4,0.356,0.338556
2.40312149700002e-12,0.658972398674913,0.755,0.384,7.74526058483106e-08,c7,Lemd3,0.371,0.280105
2.43398756053322e-12,0.727108839014688,0.65,0.316,7.84474190759858e-08,c7,Trmt2a,0.334,0.2171
2.45903303767411e-12,0.931723055616686,0.252,0.08,7.92546348042366e-08,c7,Spry4,0.172,0.043344
2.46715215034242e-12,0.744113003865861,0.552,0.248,7.95163138055361e-08,c7,Rars,0.304,0.167808
2.48923814431774e-12,0.945720049647782,0.336,0.124,8.02281453913607e-08,c7,Adam4,0.212,0.071232
2.50211273289404e-12,0.75459578066881,0.392,0.151,8.06430933811751e-08,c7,Zfp13,0.241,0.094472
2.50262465309786e-12,0.564401150667236,0.671,0.302,8.06595925693441e-08,c7,Pdhx,0.369,0.247599
2.51302289893662e-12,0.663562259027733,0.769,0.402,8.09947280327272e-08,c7,Cd2bp2,0.367,0.282223
2.597110754706e-12,0.663167413990963,0.636,0.296,8.37048796241743e-08,c7,Lbr,0.34,0.21624
2.60359614802359e-12,0.808851077091575,0.378,0.145,8.39139038508003e-08,c7,Cmc1,0.233,0.088074
2.62540175363994e-12,0.69039169358189,0.601,0.277,8.46166985198152e-08,c7,Nsun2,0.324,0.194724
2.67366275038857e-12,0.702550272190391,0.469,0.192,8.61721504450235e-08,c7,Tyw5,0.277,0.129913
2.69662525290249e-12,0.786845706301785,0.406,0.159,8.69122319010471e-08,c7,Cramp1l,0.247,0.100282
2.73024307784423e-12,0.937474040536266,0.28,0.094,8.79957343989195e-08,c7,Fmnl3,0.186,0.05208
2.74955976198987e-12,1.02672234145085,0.273,0.092,8.86183111289335e-08,c7,Cbr1,0.181,0.049413
2.75368694026144e-12,0.63162923775061,0.944,0.589,8.87513300846262e-08,c7,Apbb1,0.355,0.33512
2.76861715134631e-12,0.684165728415614,0.65,0.311,8.92325307878917e-08,c7,Mtpn,0.339,0.22035
2.77302876737345e-12,0.681669573343471,0.517,0.222,8.93747171724463e-08,c7,Amt,0.295,0.152515
2.77360812325144e-12,0.62528676566735,0.895,0.461,8.93933898123938e-08,c7,Anapc1,0.434,0.38843
2.78609853542635e-12,0.639615593817055,0.601,0.271,8.97959557967913e-08,c7,Eif2b4,0.33,0.19833
2.80641875673911e-12,0.94795799040776,0.35,0.133,9.04508765297017e-08,c7,Alg5,0.217,0.07595
2.83068371895038e-12,0.598517871397582,0.587,0.257,9.12329362617709e-08,c7,Dram2,0.33,0.19371
2.93645302870184e-12,0.690964986444227,0.685,0.336,9.46418811150602e-08,c7,Ywhaq,0.349,0.239065
2.94041745305121e-12,1.39335527104988,0.252,0.084,9.47696545118404e-08,c7,Setd6,0.168,0.042336
2.94343759420165e-12,0.671032368460347,0.587,0.264,9.48669936611191e-08,c7,Vps16,0.323,0.189601
2.96546547596343e-12,0.647857070500722,0.902,0.521,9.55769522903015e-08,c7,Dnajc7,0.381,0.343662
3.03313336626474e-12,0.649468443992815,0.706,0.339,9.77578883947126e-08,c7,Gga1,0.367,0.259102
3.09127396992115e-12,0.750062975774044,0.483,0.206,9.96317600505585e-08,c7,Zfp282,0.277,0.133791
3.09673111864601e-12,0.621030234655805,0.881,0.47,9.98076439539608e-08,c7,Wdr7,0.411,0.362091
3.09806902157058e-12,0.82486377571169,0.448,0.189,9.98507645652198e-08,c7,Klhl15,0.259,0.116032
3.10053111496573e-12,0.635006033963359,0.566,0.244,9.99301178353454e-08,c7,Map9,0.322,0.182252
3.14005625495344e-12,0.890960846012419,0.336,0.124,1.0120401309715e-07,c7,Rabepk,0.212,0.071232
3.14736342672501e-12,0.656201738431901,0.79,0.4,1.01439523243347e-07,c7,Zfp644,0.39,0.3081
3.15698801335812e-12,0.600105741089177,0.748,0.351,1.01749723670532e-07,c7,Git2,0.397,0.296956
3.21510113145462e-12,0.960961293683948,0.273,0.092,1.03622709466782e-07,c7,Col23a1,0.181,0.049413
3.26260385589179e-12,0.976653758923638,0.308,0.109,1.05153722275392e-07,c7,Anp32b,0.199,0.061292
3.29882045558668e-12,1.0984022418633,0.287,0.1,1.06320983283559e-07,c7,Entpd6,0.187,0.053669
3.30089241224221e-12,0.667895445730305,0.594,0.268,1.06387762446566e-07,c7,Gtpbp8,0.326,0.193644
3.34178078694325e-12,0.817736355132471,0.552,0.258,1.07705594763181e-07,c7,Pcdhga10,0.294,0.162288
3.45871064738888e-12,0.654659082525683,0.587,0.264,1.11474244165344e-07,c7,Gpr89,0.323,0.189601
3.46974064961972e-12,0.642273670982703,0.895,0.5,1.11829741137244e-07,c7,Metap2,0.395,0.353525
3.47863173299233e-12,0.57889582197186,0.944,0.623,1.12116300754343e-07,c7,Rab14,0.321,0.303024
3.49672617085175e-12,0.624466041400287,0.678,0.323,1.12699484486552e-07,c7,Eif2b5,0.355,0.24069
3.52964943562661e-12,0.659093407335579,0.72,0.354,1.13760601310246e-07,c7,Mtpap,0.366,0.26352
3.64995939437668e-12,0.760771268858877,0.517,0.229,1.1763819128076e-07,c7,Wiz,0.288,0.148896
3.67351688180977e-12,0.810576910681959,0.427,0.175,1.18397449100729e-07,c7,Zfp142,0.252,0.107604
3.78073066082804e-12,0.889157532358467,0.427,0.177,1.21852949198488e-07,c7,Htra2,0.25,0.10675
3.80447985382268e-12,0.642139136719444,0.832,0.434,1.22618385688705e-07,c7,Tbl1xr1,0.398,0.331136
3.85199330912501e-12,0.666742637773735,0.846,0.492,1.24149744353099e-07,c7,Gpcpd1,0.354,0.299484
3.88114450804764e-12,0.726672452474685,0.594,0.284,1.25089287494375e-07,c7,Trappc2l,0.31,0.18414
3.88414886631717e-12,0.720777658359714,0.385,0.149,1.25186117961402e-07,c7,Cd99l2,0.236,0.09086
3.88872675950448e-12,0.700920250290968,0.608,0.29,1.25333663458829e-07,c7,Pfdn6,0.318,0.193344
3.89583853515676e-12,0.598394833572155,0.699,0.327,1.25562875988102e-07,c7,Cnst,0.372,0.260028
3.90100978118738e-12,0.698677966740259,0.559,0.253,1.25729545247669e-07,c7,Pex3,0.306,0.171054
4.0038311072301e-12,0.662382506599894,0.685,0.325,1.29043476586026e-07,c7,Cdc16,0.36,0.2466
4.02305126542956e-12,0.630203204706702,0.79,0.401,1.29662942284795e-07,c7,Stx16,0.389,0.30731
4.06312494747898e-12,0.697499489671759,0.531,0.235,1.30954517057248e-07,c7,Dnajc9,0.296,0.157176
4.23502177884198e-12,0.810246580128418,0.385,0.149,1.36494751932077e-07,c7,Taf3,0.236,0.09086
4.23945998044832e-12,0.708495233898242,0.413,0.164,1.36637795169849e-07,c7,Tbl3,0.249,0.102837
4.29808171098251e-12,0.499026584412305,0.692,0.311,1.38527173544966e-07,c7,Ptch1,0.381,0.263652
4.31193713980452e-12,0.879544436185646,0.322,0.116,1.389737340159e-07,c7,Nol8,0.206,0.066332
4.31741905530455e-12,0.662567736435785,0.818,0.46,1.39150416152466e-07,c7,Ppp1cb,0.358,0.292844
4.32401536180647e-12,0.681667776079006,0.678,0.329,1.39363015111023e-07,c7,Irf2bp1,0.349,0.236622
4.54191499797595e-12,0.729387423842811,0.476,0.201,1.46385920384765e-07,c7,Sharpin,0.275,0.1309
4.67174240761138e-12,0.629633284737538,0.846,0.447,1.50570257797315e-07,c7,Pwwp2a,0.399,0.337554
4.67477098841571e-12,0.730076380001925,0.434,0.178,1.50667868956638e-07,c7,Caprin2,0.256,0.111104
4.74398152885409e-12,0.627008127590249,0.615,0.279,1.52898524674967e-07,c7,Gtf3c4,0.336,0.20664
4.74679618173861e-12,0.695457835816765,0.559,0.253,1.52989240937435e-07,c7,Phf5a,0.306,0.171054
4.78657895748846e-12,0.612861387919381,0.538,0.232,1.54271439799853e-07,c7,Bdp1,0.306,0.164628
4.78814391463212e-12,0.700179620869501,0.601,0.283,1.54321878368593e-07,c7,Csnk2b,0.318,0.191118
4.91486913958434e-12,0.66527400114673,0.657,0.323,1.58406232368803e-07,c7,Mxd1,0.334,0.219438
4.98871509436644e-12,0.647587055003028,0.65,0.303,1.6078628749143e-07,c7,Lonp1,0.347,0.22555
4.98970931155211e-12,0.645276936756876,0.615,0.288,1.60818331111325e-07,c7,Lamtor2,0.327,0.201105
5.01534285861986e-12,0.630991585879433,0.692,0.334,1.61644500333318e-07,c7,Afg3l1,0.358,0.247736
5.02943507790116e-12,0.627423623188599,0.594,0.267,1.62098692560754e-07,c7,Hsd17b4,0.327,0.194238
5.149247341478e-12,0.589647167639346,0.944,0.553,1.65960241815836e-07,c7,Pigt,0.391,0.369104
5.19782794858963e-12,0.649615158040823,0.818,0.433,1.67525994783044e-07,c7,Rabgap1l,0.385,0.31493
5.19933980777087e-12,0.826165640824429,0.392,0.155,1.67574722004455e-07,c7,Nsun5,0.237,0.092904
5.23267962833386e-12,0.62402643830926,0.79,0.393,1.686492644212e-07,c7,Ptcd3,0.397,0.31363
5.27532209675752e-12,0.586540712873563,0.965,0.632,1.70023631178495e-07,c7,Usp9x,0.333,0.321345
5.32297807248177e-12,0.65213579858551,0.888,0.499,1.71559583276088e-07,c7,Snrnp200,0.389,0.345432
5.32985332201098e-12,0.685763237346645,0.608,0.291,1.71781172568414e-07,c7,Ndufs5,0.317,0.192736
5.40885110530651e-12,0.692816593969394,0.552,0.248,1.74327271124029e-07,c7,Proser1,0.304,0.167808
5.43388204014254e-12,1.04525741841629,0.294,0.104,1.75134018153794e-07,c7,Epha4,0.19,0.05586
5.51767006447262e-12,0.730394550226871,0.51,0.224,1.77834506177953e-07,c7,Zfp81,0.286,0.14586
5.54736015341442e-12,0.739023088116078,0.51,0.224,1.78791417744547e-07,c7,Ap4e1,0.286,0.14586
5.56717120880633e-12,1.15287082352746,0.294,0.107,1.79429928059828e-07,c7,Grk5,0.187,0.054978
5.57046627080098e-12,0.731757600343997,0.441,0.182,1.79536127907916e-07,c7,Pigb,0.259,0.114219
5.57693460582431e-12,0.625869777342581,0.832,0.442,1.79744602345717e-07,c7,Atp9b,0.39,0.32448
5.59382344436852e-12,0.640983014194516,0.902,0.5,1.80288929611997e-07,c7,Gatad2b,0.402,0.362604
5.68109268528608e-12,0.823069875019061,0.371,0.143,1.8310161724677e-07,c7,Zkscan5,0.228,0.084588
5.6842347416997e-12,0.805487729215105,0.455,0.195,1.83202885724981e-07,c7,Ten1,0.26,0.1183
5.77011049633188e-12,0.652128897184474,0.713,0.354,1.85970661296776e-07,c7,Hsf1,0.359,0.255967
6.02232293755095e-12,0.679511237707293,0.538,0.237,1.94099468277267e-07,c7,Egln2,0.301,0.161938
6.22014175884826e-12,0.762875479187144,0.455,0.194,2.00475168887679e-07,c7,Fdx1,0.261,0.118755
6.22754624374896e-12,0.647936968192608,0.769,0.385,2.00713815436029e-07,c7,Ubn1,0.384,0.295296
6.24631490964005e-12,0.683048537308888,0.517,0.226,2.01318729537699e-07,c7,Alg11,0.291,0.150447
6.28088472769066e-12,0.689402297635142,0.336,0.126,2.0243291477347e-07,c7,Igfbp4,0.21,0.07056
6.30083083692475e-12,0.728152365719195,0.524,0.231,2.03075777874085e-07,c7,Wdr45b,0.293,0.153532
6.51287661942432e-12,0.684782874557793,0.531,0.234,2.09910013444046e-07,c7,Cct5,0.297,0.157707
6.5340019660502e-12,0.587284140750725,0.587,0.259,2.10590883365798e-07,c7,Ilkap,0.328,0.192536
6.73741603295056e-12,0.798506492800751,0.371,0.143,2.17146918741997e-07,c7,Zfp280b,0.228,0.084588
6.75463297646077e-12,0.593783691245842,0.531,0.226,2.17701820831331e-07,c7,Sidt2,0.305,0.161955
6.77850819662017e-12,0.617098563156715,0.797,0.404,2.18471319177068e-07,c7,AU040320,0.393,0.313221
6.81174970512336e-12,0.703167900915588,0.706,0.356,2.19542692996126e-07,c7,Rc3h1,0.35,0.2471
6.8518477641966e-12,0.700879790748804,0.392,0.152,2.20835053440057e-07,c7,Exosc2,0.24,0.09408
6.86201205263181e-12,0.611421341486832,0.524,0.226,2.21162648456323e-07,c7,Trnt1,0.298,0.156152
6.87856863138654e-12,1.08533420630475,0.315,0.116,2.21696266989588e-07,c7,Lrsam1,0.199,0.062685
6.91087714528364e-12,0.736827121789565,0.476,0.204,2.22737570392492e-07,c7,Brpf3,0.272,0.129472
6.95330941963228e-12,0.639453494014441,0.713,0.351,2.24105162594749e-07,c7,Tbpl1,0.362,0.258106
7.00836693237687e-12,0.684442583043149,0.72,0.368,2.25879666230507e-07,c7,Copg2,0.352,0.25344
7.17476547649057e-12,0.816723596834148,0.315,0.113,2.31242691307291e-07,c7,Sars2,0.202,0.06363
7.207066838456e-12,0.617180610109408,0.769,0.375,2.32283764203437e-07,c7,Socs7,0.394,0.302986
7.56008071411096e-12,0.837071659161598,0.343,0.13,2.43661401415796e-07,c7,Hist2h4,0.213,0.073059
7.65700520949324e-12,0.782412044419865,0.448,0.189,2.46785277901967e-07,c7,Ift27,0.259,0.116032
7.80588421728053e-12,0.627384102310964,0.783,0.402,2.51583648322951e-07,c7,Las1l,0.381,0.298323
7.83879888340654e-12,0.630295697128297,0.734,0.367,2.52644488012193e-07,c7,Sike1,0.367,0.269378
7.84938311720012e-12,1.09278175070686,0.315,0.117,2.5298561786736e-07,c7,Wscd1,0.198,0.06237
7.94573580439337e-12,0.678026256723531,0.72,0.371,2.56091064975598e-07,c7,Cops8,0.349,0.25128
7.9781452218144e-12,0.641598336535654,0.874,0.475,2.57135620499078e-07,c7,Agfg1,0.399,0.348726
8.05555208837261e-12,0.482143538712985,0.49,0.201,2.59630443808249e-07,c7,Mpzl1,0.289,0.14161
8.09776936707426e-12,1.02253084996768,0.308,0.112,2.60991106700803e-07,c7,Nop14,0.196,0.060368
8.22987252653222e-12,0.720021598513684,0.252,0.081,2.65248791530133e-07,c7,Gstt2,0.171,0.043092
8.25941412146847e-12,0.628929957532554,0.699,0.343,2.66200917134929e-07,c7,Ttc1,0.356,0.248844
8.3767973917624e-12,0.701219202144418,0.517,0.233,2.69984179936502e-07,c7,Mea1,0.284,0.146828
8.40518618143368e-12,0.648630555397274,0.483,0.206,2.70899150627608e-07,c7,Mtch2,0.277,0.133791
8.40818462111343e-12,0.625154031563165,0.692,0.338,2.70995790338486e-07,c7,Nploc4,0.354,0.244968
8.52848041359036e-12,0.608280150305893,0.839,0.422,2.74872923730017e-07,c7,Mef2a,0.417,0.349863
8.57280123472752e-12,0.577468291659033,0.916,0.628,2.76301383795268e-07,c7,Mdh1,0.288,0.263808
8.73517443491984e-12,0.654921877190012,0.699,0.347,2.81534672037467e-07,c7,Dido1,0.352,0.246048
8.81145622914092e-12,0.601863020627443,0.706,0.335,2.83993234265212e-07,c7,Mark2,0.371,0.261926
8.86531062895039e-12,0.681698785197226,0.51,0.225,2.85728961571071e-07,c7,Spcs3,0.285,0.14535
8.89357559483858e-12,0.644384467390518,0.566,0.253,2.86639941421647e-07,c7,Myo6,0.313,0.177158
8.9661430164583e-12,0.654380858794419,0.587,0.273,2.88978789420451e-07,c7,Tomm6,0.314,0.184318
9.01518412846504e-12,0.614786984490694,0.42,0.167,2.90559384460428e-07,c7,Dmpk,0.253,0.10626
9.06371195669612e-12,0.762208537974823,0.483,0.21,2.92123436364316e-07,c7,Thumpd1,0.273,0.131859
9.19160560576171e-12,0.713789467437227,0.413,0.167,2.962454486737e-07,c7,Resf1,0.246,0.101598
9.25362461519587e-12,0.650134032379965,0.622,0.293,2.98244321347763e-07,c7,Trappc13,0.329,0.204638
9.35019184343965e-12,0.624599933051332,0.727,0.355,3.0135668311406e-07,c7,Eif4b,0.372,0.270444
9.38763397685183e-12,1.09777408485665,0.259,0.088,3.02563443073934e-07,c7,Paqr7,0.171,0.044289
9.42879671087471e-12,0.623661953032104,0.727,0.359,3.03890117991492e-07,c7,Pdcd10,0.368,0.267536
9.49680594945093e-12,0.649980183064325,0.846,0.502,3.06082055750803e-07,c7,Pafah1b2,0.344,0.291024
9.62429409535171e-12,0.64420420202315,0.636,0.299,3.10190998693186e-07,c7,Setx,0.337,0.214332
9.69594194469955e-12,0.607158106315097,0.643,0.299,3.12500208877666e-07,c7,Rad54l2,0.344,0.221192
9.73355427111063e-12,0.612343157458141,0.748,0.369,3.13712454157896e-07,c7,Snrpf,0.379,0.283492
9.8652786062857e-12,1.16787181962235,0.252,0.084,3.17957929480588e-07,c7,Mettl8,0.168,0.042336
1.01326930303224e-11,0.698631663754379,0.517,0.23,3.26576696367292e-07,c7,Eif2s3x,0.287,0.148379
1.01898704001129e-11,0.656311927232137,0.678,0.341,3.28419522995639e-07,c7,Ss18l2,0.337,0.228486
1.02361483812635e-11,0.648206071730462,0.406,0.16,3.29911062328124e-07,c7,DEPRECATED-ENSMUSG00000050608,0.246,0.099876
1.02780282047666e-11,0.603252977502623,0.755,0.377,3.31260849039628e-07,c7,Vapb,0.378,0.28539
1.02954622298174e-11,0.647489870873668,0.874,0.484,3.31822747667014e-07,c7,Lrch3,0.39,0.34086
1.04601990166438e-11,0.790403831123165,0.503,0.228,3.37132214306431e-07,c7,Rint1,0.275,0.138325
1.05991360169432e-11,0.78382194471427,0.406,0.164,3.4161015382608e-07,c7,Uros,0.242,0.098252
1.07486416264904e-11,0.755585959494141,0.413,0.169,3.46428719621786e-07,c7,Btf3l4,0.244,0.100772
1.07601769782561e-11,0.653196735107816,0.818,0.487,3.46800504009193e-07,c7,Ndufa6,0.331,0.270758
1.09245538071103e-11,0.621541399745078,0.755,0.377,3.52098369203166e-07,c7,Ttc17,0.378,0.28539
1.0946240905211e-11,0.719999539419425,0.531,0.242,3.52797344374949e-07,c7,Luzp1,0.289,0.153459
1.09897525062503e-11,0.622574099824863,0.902,0.503,3.54199723276449e-07,c7,Bptf,0.399,0.359898
1.10854540959071e-11,0.606911427289771,0.713,0.342,3.57284185511086e-07,c7,Mphosph8,0.371,0.264523
1.12690658315065e-11,0.668901742868283,0.497,0.216,3.63201991749454e-07,c7,Hddc3,0.281,0.139657
1.15667316550085e-11,0.68314586808018,0.503,0.22,3.72795761240925e-07,c7,Nelfcd,0.283,0.142349
1.17917694741341e-11,0.698484398320226,0.559,0.259,3.80048730151343e-07,c7,Phb2,0.3,0.1677
1.18486902172975e-11,0.606160929844641,0.916,0.579,3.818832857035e-07,c7,Nrd1,0.337,0.308692
1.1873943084443e-11,0.667684602485436,0.552,0.249,3.82697185611596e-07,c7,Psma7,0.303,0.167256
1.191980058834e-11,0.594690784389923,0.643,0.302,3.84175172962197e-07,c7,Lmbrd2,0.341,0.219263
1.20907608193067e-11,0.594634277436362,0.797,0.404,3.89685221206256e-07,c7,Tmf1,0.393,0.313221
1.24672208502068e-11,0.976522630771643,0.329,0.126,4.01818528002164e-07,c7,Tmem64,0.203,0.066787
1.28278532108646e-11,0.657699790117559,0.524,0.231,4.13441708986165e-07,c7,Tarbp2,0.293,0.153532
1.29462085461487e-11,0.636638352493393,0.664,0.318,4.17256301442374e-07,c7,Prpf38a,0.346,0.229744
1.31896816498308e-11,0.741768142932995,0.559,0.262,4.25103439574047e-07,c7,Zfp148,0.297,0.166023
1.3229407748335e-11,0.59203427784033,0.937,0.607,4.26383811728838e-07,c7,Tardbp,0.33,0.30921
1.34260339840604e-11,0.64449891676578,0.51,0.223,4.32721075306266e-07,c7,Entpd5,0.287,0.14637
1.34567916874338e-11,0.841408134386963,0.301,0.107,4.33712396085992e-07,c7,Rtel1,0.194,0.058394
1.36739726592532e-11,0.602515965435163,0.713,0.35,4.40712138807732e-07,c7,Trappc10,0.363,0.258819
1.36844125681096e-11,0.681218787515592,0.678,0.345,4.41048617070173e-07,c7,Yeats4,0.333,0.225774
1.3715180395518e-11,0.619338926937259,0.664,0.314,4.42040264147544e-07,c7,Tln2,0.35,0.2324
1.38187315212684e-11,0.624586288384881,0.699,0.357,4.4537771693048e-07,c7,Ndufa11,0.342,0.239058
1.38637420281087e-11,0.619194596790583,0.916,0.536,4.46828405565943e-07,c7,Strn3,0.38,0.34808
1.3893663298187e-11,0.49644411176232,0.944,0.702,4.47792768100566e-07,c7,Hspa8,0.242,0.228448
1.41462462801745e-11,1.04880770201847,0.322,0.122,4.55933517610023e-07,c7,B3gntl1,0.2,0.0644
1.42062555811706e-11,0.63500139318253,0.483,0.203,4.57867617381128e-07,c7,D6Wsu163e,0.28,0.13524
1.43899018919342e-11,0.66675924296304,0.497,0.213,4.63786537977041e-07,c7,Zfp692,0.284,0.141148
1.44843284126379e-11,0.644742556327469,0.706,0.351,4.66829904739321e-07,c7,Snrnp48,0.355,0.25063
1.46396659459811e-11,0.800824174331008,0.483,0.212,4.71836433438971e-07,c7,Flvcr1,0.271,0.130893
1.46574018764446e-11,0.640704573378846,0.853,0.463,4.7240806247781e-07,c7,Hnrnpc,0.39,0.33267
1.46972316471077e-11,1.16005129762496,0.273,0.096,4.73691775986281e-07,c7,Dsel,0.177,0.048321
1.48055955822865e-11,0.654255654153588,0.727,0.364,4.77184345617095e-07,c7,Ppm1h,0.363,0.263901
1.48269457319677e-11,0.633962648019927,0.916,0.55,4.77872460941318e-07,c7,Cpeb4,0.366,0.335256
1.4976127618493e-11,0.62820141225776,0.853,0.504,4.82680593144031e-07,c7,Uba2,0.349,0.297697
1.50561001762841e-11,0.653075472711848,0.804,0.473,4.85258108681636e-07,c7,Uqcrc2,0.331,0.266124
1.51627236522031e-11,0.650675347144954,0.615,0.298,4.88694583310506e-07,c7,Cox6a1,0.317,0.194955
1.53095425397728e-11,0.6197075364236,0.629,0.293,4.93426556056876e-07,c7,Abce1,0.336,0.211344
1.53312626316201e-11,0.758932061241325,0.476,0.209,4.94126594617116e-07,c7,Gmpr2,0.267,0.127092
1.53444411793036e-11,0.590938278349022,0.846,0.433,4.94551339208954e-07,c7,Rprd2,0.413,0.349398
1.5406465831731e-11,0.743737259147921,0.427,0.178,4.96550393756692e-07,c7,Mtx3,0.249,0.106323
1.54199336869874e-11,0.633741622627106,0.769,0.392,4.96984462731605e-07,c7,Dnajc24,0.377,0.289913
1.55765087407247e-11,0.484724877698965,0.524,0.228,5.02030876713557e-07,c7,Cstb,0.296,0.155104
1.56088045761869e-11,1.10537104802396,0.301,0.112,5.03071771490504e-07,c7,Shkbp1,0.189,0.056889
1.57450468838205e-11,0.712366157800183,0.643,0.33,5.07462861065534e-07,c7,Eef1g,0.313,0.201259
1.58604203167348e-11,0.5974778761649,0.846,0.449,5.11181346808364e-07,c7,Slc25a12,0.397,0.335862
1.59537934168714e-11,0.730587334154545,0.392,0.156,5.14190761825764e-07,c7,Znfx1,0.236,0.092512
1.60915257845905e-11,0.636586718308648,0.825,0.439,5.18629876037351e-07,c7,Rb1cc1,0.386,0.31845
1.60939609820981e-11,0.641136906249429,0.643,0.308,5.18708362453021e-07,c7,Tox4,0.335,0.215405
1.63040424983979e-11,0.795229242682711,0.399,0.162,5.25479289723365e-07,c7,Fut11,0.237,0.094563
1.63319176574997e-11,0.709266373296155,0.559,0.264,5.26377706101215e-07,c7,Prkaa1,0.295,0.164905
1.64083344740464e-11,0.956989018267048,0.329,0.125,5.28840620098516e-07,c7,Atg10,0.204,0.067116
1.65546613806214e-11,0.611899418046779,0.601,0.282,5.33556736297427e-07,c7,Slc39a9,0.319,0.191719
1.66338489258505e-11,0.660204259899699,0.462,0.196,5.36108950880161e-07,c7,Fam160b2,0.266,0.122892
1.6751484252627e-11,0.695465968062424,0.699,0.377,5.39900337462169e-07,c7,Psmc1,0.322,0.225078
1.69787343990503e-11,0.650079784123961,0.517,0.228,5.47224609681391e-07,c7,Pdpr,0.289,0.149413
1.69866412431888e-11,0.593448550550957,0.769,0.387,5.47479447267974e-07,c7,Uba3,0.382,0.293758
1.80282187268752e-11,0.727737419453978,0.441,0.185,5.81049489567188e-07,c7,Mnt,0.256,0.112896
1.81219878630652e-11,0.619652152560907,0.853,0.456,5.84071668826591e-07,c7,Ddx46,0.397,0.338641
1.84482668484061e-11,0.588008463396783,0.818,0.421,5.9458764052413e-07,c7,Zfp598,0.397,0.324746
1.85740069221413e-11,0.669503204723387,0.664,0.335,5.98640243100616e-07,c7,Bnip3l,0.329,0.218456
1.86424001073283e-11,0.640785222296367,0.818,0.455,6.0084455545919e-07,c7,Psma4,0.363,0.296934
1.89932599097992e-11,0.672482638608543,0.587,0.279,6.12152766892827e-07,c7,Mospd3,0.308,0.180796
1.914974141912e-11,0.62353145225392,0.797,0.411,6.17196165938236e-07,c7,Aco2,0.386,0.307642
1.91506992143477e-11,0.653722788081143,0.49,0.213,6.17227035678426e-07,c7,Gnpda2,0.277,0.13573
1.91841693401145e-11,0.601986585992009,0.685,0.328,6.1830577783189e-07,c7,Znrd1,0.357,0.244545
1.93412965475936e-11,0.790241163652236,0.559,0.269,6.23369987728943e-07,c7,Vps13b,0.29,0.16211
1.95164393290135e-11,1.01033559814989,0.273,0.095,6.29014839574106e-07,c7,Poli,0.178,0.048594
1.96542261413012e-11,0.638032023368459,0.629,0.298,6.33455708534136e-07,c7,Ngrn,0.331,0.208199
1.97931846522495e-11,0.616620751185846,0.93,0.531,6.37934341342e-07,c7,Birc6,0.399,0.37107
1.98096030946008e-11,0.590609594515006,0.776,0.406,6.38463507738984e-07,c7,Sar1b,0.37,0.28712
1.99019709355957e-11,0.581058802319427,0.643,0.298,6.41440523254249e-07,c7,Mapk1ip1l,0.345,0.221835
2.00170950837294e-11,0.624642782289072,0.867,0.478,6.45150974548598e-07,c7,Dyrk1a,0.389,0.337263
2.06538845619984e-11,1.08162897259429,0.273,0.095,6.6567469943321e-07,c7,Tyk2,0.178,0.048594
2.10048056219639e-11,0.588649149471274,0.497,0.215,6.76984885195897e-07,c7,Aldh6a1,0.282,0.140154
2.15650516361248e-11,0.577672896227373,0.818,0.419,6.95041614232304e-07,c7,Cops5,0.399,0.326382
2.17239114693231e-11,0.567178376892338,0.622,0.293,7.00161666656284e-07,c7,Pmvk,0.329,0.204638
2.1799302304894e-11,0.582274264175439,0.741,0.364,7.02591513286734e-07,c7,Ubxn6,0.377,0.279357
2.18083642603421e-11,0.989522918749293,0.287,0.102,7.02883580110825e-07,c7,Lage3,0.185,0.053095
2.19805500002469e-11,0.584673673836662,0.825,0.421,7.08433126507958e-07,c7,Helz,0.404,0.3333
2.28284201762852e-11,0.600025013238061,0.846,0.568,7.35759982281673e-07,c7,Atxn7l3b,0.278,0.235188
2.32152583884161e-11,0.692654673524112,0.517,0.232,7.48227777858651e-07,c7,Zfp574,0.285,0.147345
2.32721535481241e-11,0.777299615526937,0.441,0.191,7.50061508856041e-07,c7,AU022252,0.25,0.11025
2.34591464018184e-11,0.59671277283565,0.657,0.314,7.56088288530606e-07,c7,Dnajc14,0.343,0.225351
2.35437673826006e-11,0.720577065164709,0.49,0.218,7.58815622741218e-07,c7,Ube2s,0.272,0.13328
2.37092615906645e-11,0.61609807769084,0.797,0.437,7.64149501067117e-07,c7,Dad1,0.36,0.28692
2.38882841768111e-11,0.885538637304229,0.385,0.157,7.69919399018622e-07,c7,Slc36a1,0.228,0.08778
2.39234606892955e-11,0.638050296736016,0.769,0.4,7.71053138015995e-07,c7,Smarca5,0.369,0.283761
2.41304676242603e-11,0.592806504994435,0.497,0.213,7.77724971529908e-07,c7,Eif2b3,0.284,0.141148
2.41815787690123e-11,0.715532776779004,0.503,0.227,7.79372283725266e-07,c7,Rfwd3,0.276,0.138828
2.42433237294119e-11,0.616603400736149,0.93,0.562,7.81362323798944e-07,c7,Hnrnph1,0.368,0.34224
2.46141215739027e-11,0.614835127500244,0.741,0.371,7.93313138326884e-07,c7,Cnot3,0.37,0.27417
2.46751336246311e-11,0.713595509263796,0.531,0.243,7.9527955672186e-07,c7,Eps15l1,0.288,0.152928
2.46814402624855e-11,0.602060472786356,0.888,0.588,7.95482819659909e-07,c7,Sec14l1,0.3,0.2664
2.49973051987469e-11,0.853728030130744,0.343,0.134,8.05663146555611e-07,c7,Itga3,0.209,0.071687
2.51727927980601e-11,0.71119719145595,0.399,0.161,8.11319111881476e-07,c7,Larp7,0.238,0.094962
2.58360455954586e-11,0.666940367469365,0.49,0.214,8.3269574954163e-07,c7,Klhl26,0.276,0.13524
2.62137888536591e-11,0.653511417540098,0.65,0.318,8.44870414753432e-07,c7,Krit1,0.332,0.2158
2.64712192522186e-11,0.565198615293377,0.49,0.209,8.53167396499006e-07,c7,Sgpl1,0.281,0.13769
2.65870924578203e-11,0.69307310995456,0.413,0.169,8.56901989915549e-07,c7,Rbm41,0.244,0.100772
2.6775269950183e-11,0.576004284052799,0.601,0.273,8.62966950494398e-07,c7,Zup1,0.328,0.197128
2.71975573823514e-11,0.69321064060183,0.413,0.169,8.76577274433187e-07,c7,Exosc5,0.244,0.100772
2.73837317080666e-11,0.656177902671352,0.517,0.23,8.82577672950988e-07,c7,Ndufa9,0.287,0.148379
2.76071183237222e-11,0.621142099265569,0.909,0.516,8.89777423573567e-07,c7,Taok2,0.393,0.357237
2.76311689311085e-11,0.605351917816547,0.944,0.547,8.90552574649628e-07,c7,March7,0.397,0.374768
2.81525767632486e-11,0.568062009356131,0.497,0.213,9.07357549079503e-07,c7,Fahd2a,0.284,0.141148
2.84544573591133e-11,0.603536211391016,0.874,0.476,9.17087160684223e-07,c7,Dctn4,0.398,0.347852
2.88381415351167e-11,0.613715213675418,0.615,0.29,9.2945330167681e-07,c7,Smndc1,0.325,0.199875
2.94248908967991e-11,0.627713769207369,0.825,0.438,9.48364233603834e-07,c7,Ssbp2,0.387,0.319275
2.99113646772472e-11,0.917729857987897,0.301,0.111,9.64043283547678e-07,c7,Dmac2l,0.19,0.05719
3.03410484740157e-11,0.639580190222034,0.769,0.425,9.77891992317526e-07,c7,Ndufa5,0.344,0.264536
3.0404965196226e-11,0.670646055713687,0.497,0.219,9.79952028274366e-07,c7,Ubxn2b,0.278,0.138166
3.06156860665326e-11,0.482610156921984,0.629,0.289,9.86743561924347e-07,c7,Atp5g1,0.34,0.21386
3.06167806450503e-11,0.599466538604188,0.909,0.511,9.86778840189972e-07,c7,Snd1,0.398,0.361782
3.14579624297289e-11,0.551915140005335,0.531,0.232,1.01389012911016e-06,c7,Elac1,0.299,0.158769
3.18617036315674e-11,0.631915906966198,0.364,0.139,1.02690270804542e-06,c7,Pam16,0.225,0.0819
3.21407932264435e-11,0.588321731213298,0.776,0.4,1.03589776568827e-06,c7,Rapgef1,0.376,0.291776
3.34089690066488e-11,0.600389165514847,0.573,0.263,1.07677107108429e-06,c7,Mccc1,0.31,0.17763
3.43644362258582e-11,0.742636744307034,0.448,0.195,1.10756577955941e-06,c7,B9d2,0.253,0.113344
3.4684854218805e-11,0.668587188971377,0.559,0.263,1.11789285147208e-06,c7,Hira,0.296,0.165464
3.49210908393997e-11,0.761584380361671,0.441,0.19,1.12550675775385e-06,c7,Ado,0.251,0.110691
3.52548978587695e-11,0.673598820232792,0.413,0.17,1.13626535798814e-06,c7,Pigf,0.243,0.100359
3.54693896775657e-11,0.591969412442484,0.524,0.233,1.14317842930794e-06,c7,Nit1,0.291,0.152484
3.58611600786761e-11,0.668795385973008,0.552,0.256,1.15580518933573e-06,c7,Dedd,0.296,0.163392
3.66212640906504e-11,1.52823192154641,0.259,0.095,1.18030334164166e-06,c7,Uaca,0.164,0.042476
3.67600389319773e-11,0.675703953934967,0.615,0.299,1.18477605477763e-06,c7,Zhx1,0.316,0.19434
3.72096368181435e-11,0.569532493939605,0.944,0.614,1.19926659464877e-06,c7,Hp1bp3,0.33,0.31152
3.72862627894001e-11,1.04335339728619,0.259,0.09,1.20173624970236e-06,c7,Sh2b3,0.169,0.043771
3.73162223555238e-11,0.628500198900474,0.657,0.327,1.20270184651853e-06,c7,Ppt2,0.33,0.21681
3.75323824904487e-11,0.522257636561319,0.993,0.738,1.20966868766716e-06,c7,Stxbp1,0.255,0.253215
3.75543147703323e-11,0.564231102512939,0.762,0.379,1.21037556504781e-06,c7,Camk2g,0.383,0.291846
3.80506060351628e-11,0.688760431092334,0.455,0.195,1.2263710325133e-06,c7,Stx4a,0.26,0.1183
3.85588118353946e-11,0.60792335940316,0.706,0.357,1.24275050545477e-06,c7,Dpm1,0.349,0.246394
3.85704773059478e-11,0.614847069961248,0.888,0.484,1.2431264835707e-06,c7,Retreg3,0.404,0.358752
3.86367232900157e-11,0.691442231036047,0.483,0.213,1.24526159163721e-06,c7,Ptcd1,0.27,0.13041
3.89200912639343e-11,0.595215067395949,0.776,0.396,1.2543945414366e-06,c7,Cdk12,0.38,0.29488
3.99349831150081e-11,0.723282696274174,0.497,0.225,1.28710450579671e-06,c7,Bud23,0.272,0.135184
4.03930455248622e-11,1.05003771378889,0.329,0.131,1.30186785726631e-06,c7,Zfp560,0.198,0.065142
4.08689239723245e-11,0.747606624862272,0.413,0.174,1.31720541962802e-06,c7,Ccdc84,0.239,0.098707
4.11852715933143e-11,0.596480377428779,0.671,0.328,1.32740130345252e-06,c7,Dnajb14,0.343,0.230153
4.16339094160163e-11,0.620728058240258,0.587,0.279,1.34186090047821e-06,c7,Slain2,0.308,0.180796
4.261409117594e-11,0.576948553459007,0.783,0.394,1.37345215860055e-06,c7,Cdkal1,0.389,0.304587
4.43295160207188e-11,0.511773929480123,0.685,0.319,1.42874030134777e-06,c7,Unk,0.366,0.25071
4.44263130237463e-11,0.724666783016015,0.399,0.164,1.43186006875534e-06,c7,Pdcd2,0.235,0.093765
4.46825924677886e-11,0.55582157059804,0.483,0.205,1.44011995523683e-06,c7,Pyroxd1,0.278,0.134274
4.58954202527591e-11,0.579002382898636,0.944,0.596,1.47920939474643e-06,c7,Acly,0.348,0.328512
4.60745827487335e-11,0.662570826202974,0.58,0.279,1.48498380199168e-06,c7,Pdha1,0.301,0.17458
4.65212827789976e-11,0.630918363636968,0.734,0.386,1.49938094396709e-06,c7,Npc1,0.348,0.255432
4.71123544220121e-11,0.563749779286385,0.685,0.327,1.51843118302145e-06,c7,Eif4e2,0.358,0.24523
4.79526529533922e-11,0.587848594255569,0.545,0.246,1.54551400468783e-06,c7,Ell,0.299,0.162955
4.8363451164265e-11,0.604425592829506,0.972,0.582,1.55875403102426e-06,c7,Clk4,0.39,0.37908
4.88222059101733e-11,0.6521113522101,0.748,0.413,1.57353969648489e-06,c7,Psmd7,0.335,0.25058
4.91058264126585e-11,0.748322494707729,0.357,0.141,1.58268078527999e-06,c7,Cwf19l1,0.216,0.077112
4.91444128412778e-11,0.63224876264683,0.643,0.318,1.58392442587438e-06,c7,Vps52,0.325,0.208975
4.94198182196889e-11,0.757892137890651,0.476,0.214,1.59280074122057e-06,c7,Zbtb33,0.262,0.124712
5.00598656030059e-11,0.59521278950115,0.685,0.325,1.61342946838488e-06,c7,Plekha6,0.36,0.2466
5.04194307156045e-11,0.576088690753132,0.692,0.34,1.62501825196393e-06,c7,Lrrc47,0.352,0.243584
5.1607978438187e-11,0.558931404290651,0.671,0.327,1.66332514506277e-06,c7,Slc35a1,0.344,0.230824
5.18212476629423e-11,0.56618379719935,0.804,0.411,1.67019881217663e-06,c7,Vps8,0.393,0.315972
5.19776668755931e-11,0.605951349100208,0.909,0.5,1.67524020340037e-06,c7,Top1,0.409,0.371781
5.27485703711517e-11,0.582769543087776,0.748,0.388,1.70008642306222e-06,c7,Atp5l,0.36,0.26928
5.288362208344e-11,0.715827942544476,0.434,0.184,1.70443913974927e-06,c7,Prkrip1,0.25,0.1085
5.31502143440275e-11,0.632540127781618,0.762,0.409,1.71303140830801e-06,c7,Sik3,0.353,0.268986
5.32055525201174e-11,0.661866213468396,0.72,0.382,1.71481495772338e-06,c7,Ptges3,0.338,0.24336
5.32388487828588e-11,0.599615760132104,0.937,0.556,1.71588809627154e-06,c7,Fam193b,0.381,0.356997
5.34195518946676e-11,0.597675793202066,0.881,0.488,1.72171215756514e-06,c7,Rictor,0.393,0.346233
5.35896772589129e-11,0.706078792736257,0.35,0.135,1.72719529805476e-06,c7,Hgh1,0.215,0.07525
5.42808132636936e-11,0.531022594525208,0.552,0.245,1.74947061148884e-06,c7,Pomgnt1,0.307,0.169464
5.44856750886657e-11,0.598480995426998,0.559,0.258,1.7560733081077e-06,c7,Lin52,0.301,0.168259
5.60073234565644e-11,0.574896966039694,0.343,0.131,1.80511603500507e-06,c7,Tppp3,0.212,0.072716
5.61282637663838e-11,0.576195630617157,0.741,0.368,1.80901394119055e-06,c7,Gpr107,0.373,0.276393
5.62668640276893e-11,0.595663854640933,0.874,0.469,1.81348102761243e-06,c7,Khdc4,0.405,0.35397
5.65331078965171e-11,0.438833649135025,0.524,0.233,1.82206206750475e-06,c7,Gstp1,0.291,0.152484
5.75032669779304e-11,0.748203602554836,0.42,0.179,1.8533302946987e-06,c7,Gars,0.241,0.10122
5.75711122232381e-11,0.73927184295574,0.469,0.211,1.85551694695496e-06,c7,Pygo2,0.258,0.121002
5.81252481202899e-11,0.782269253619205,0.371,0.149,1.87337674691694e-06,c7,Srrd,0.222,0.082362
5.81381807940573e-11,0.657971132616025,0.72,0.397,1.87379356699247e-06,c7,Sf3b6,0.323,0.23256
5.9857341179521e-11,0.666716978137682,0.427,0.179,1.92920210621596e-06,c7,Dus1l,0.248,0.105896
6.13221590571829e-11,0.586415982179398,0.783,0.395,1.97641318641301e-06,c7,Ube2d3,0.388,0.303804
6.21543079488387e-11,0.647685953515559,0.734,0.409,2.00323334519107e-06,c7,Nol7,0.325,0.23855
6.24903629834651e-11,0.608108644485858,0.629,0.303,2.01406439895708e-06,c7,Fam160b1,0.326,0.205054
6.26643473006622e-11,0.630293449406068,0.559,0.258,2.01967191350034e-06,c7,Vwa8,0.301,0.168259
6.48113895228945e-11,0.566893824598667,0.776,0.387,2.08887108432289e-06,c7,Drg2,0.389,0.301864
6.62239904046477e-11,0.9335035962434,0.308,0.117,2.13439921074179e-06,c7,Plag1,0.191,0.058828
6.64083456037917e-11,0.630516378104122,0.476,0.206,2.14034097881021e-06,c7,Tti2,0.27,0.12852
6.85353584087784e-11,1.00406418858074,0.252,0.087,2.20889460151493e-06,c7,Cpt1b,0.165,0.04158
6.90410196131072e-11,0.571853810358289,0.755,0.377,2.22519206213044e-06,c7,Snrpb,0.378,0.28539
6.9177006683436e-11,0.594607336575204,0.371,0.144,2.22957492540714e-06,c7,Brd3os,0.227,0.084217
6.95322838318538e-11,0.605446960641164,0.65,0.316,2.24102550790065e-06,c7,Pgam5,0.334,0.2171
7.0659835034362e-11,0.548635556558425,0.713,0.343,2.27736648315749e-06,c7,Kat7,0.37,0.26381
7.06920442469829e-11,0.602596077673306,0.853,0.463,2.27840458608026e-06,c7,Pspc1,0.39,0.33267
7.1062332590994e-11,0.575712330950622,0.769,0.423,2.29033897940774e-06,c7,Ndufa1,0.346,0.266074
7.18336147537188e-11,0.588370779339784,0.636,0.304,2.31519740351236e-06,c7,Ccdc39,0.332,0.211152
7.25766438597249e-11,0.581246798270349,0.545,0.245,2.33914523159893e-06,c7,Arl14ep,0.3,0.1635
7.28964578053466e-11,0.568846623009861,0.552,0.252,2.34945283506632e-06,c7,Yipf6,0.3,0.1656
7.29014419069786e-11,0.779979945523361,0.594,0.305,2.34961347266192e-06,c7,Pcdhgb2,0.289,0.171666
7.30914115450727e-11,0.886983105269075,0.343,0.136,2.35573619409769e-06,c7,Polr3d,0.207,0.071001
7.33443417920702e-11,0.594399924115476,0.594,0.281,2.36388813595842e-06,c7,Slc35a3,0.313,0.185922
7.44121029336314e-11,0.54537105812426,0.657,0.312,2.39830207755094e-06,c7,Eif2a,0.345,0.226665
7.48751173288931e-11,0.567100649630894,0.748,0.374,2.41322503151022e-06,c7,Stau1,0.374,0.279752
7.57255281333415e-11,0.639927630216668,0.594,0.285,2.4406337717376e-06,c7,Zxdc,0.309,0.183546
7.66155222379654e-11,0.802456418053676,0.427,0.185,2.46931828172962e-06,c7,Zfp40,0.242,0.103334
7.69097926155946e-11,0.837138391542414,0.357,0.144,2.47880261600061e-06,c7,Erh,0.213,0.076041
7.97250362224345e-11,0.831564192197717,0.538,0.262,2.56953791744906e-06,c7,Rasal2,0.276,0.148488
8.01602040147625e-11,1.06095518529396,0.273,0.099,2.5835633753958e-06,c7,Rcc1l,0.174,0.047502
8.27402411285104e-11,0.77895892518659,0.413,0.177,2.66671797157189e-06,c7,Adck2,0.236,0.097468
8.2985576798983e-11,0.59102712939125,0.86,0.473,2.67462514023122e-06,c7,Rbmx,0.387,0.33282
8.32006086905583e-11,0.862045244308611,0.336,0.132,2.6815556180967e-06,c7,Abcb8,0.204,0.068544
8.44201698017096e-11,0.684495751285788,0.545,0.259,2.7208620727091e-06,c7,Zfp426,0.286,0.15587
8.51228923530291e-11,0.55393927299689,0.692,0.332,2.74351082053813e-06,c7,Cnnm2,0.36,0.24912
8.55336181528626e-11,0.879596056177635,0.28,0.1,2.75674851306676e-06,c7,Mcm3ap,0.18,0.0504
8.63364515746892e-11,0.791886663432757,0.385,0.161,2.78262383425223e-06,c7,Tfb2m,0.224,0.08624
8.94193814640476e-11,0.5933928105137,0.804,0.42,2.88198666458626e-06,c7,Bmi1,0.384,0.308736
8.98281884166746e-11,0.640825737723284,0.706,0.371,2.89516251266942e-06,c7,Cct6a,0.335,0.23651
8.99544341479883e-11,0.660247351392432,0.503,0.231,2.89923141258966e-06,c7,Tmem14c,0.272,0.136816
9.09525887469626e-11,0.922880605574866,0.315,0.121,2.93140193531461e-06,c7,Etaa1,0.194,0.06111
9.15659173182658e-11,0.643798668247325,0.755,0.424,2.95116951516771e-06,c7,Cbx3,0.331,0.249905
9.1578620821624e-11,0.709756390774471,0.483,0.216,2.95157894908094e-06,c7,Mapkapk5,0.267,0.128961
9.22163320972153e-11,0.605536288527565,0.552,0.254,2.97213238349325e-06,c7,Mnat1,0.298,0.164496
9.31183444247263e-11,0.843961951628018,0.35,0.141,3.00120424080893e-06,c7,Cntrl,0.209,0.07315
9.33075663420308e-11,0.690855702452427,0.371,0.149,3.00730286320365e-06,c7,Endod1,0.222,0.082362
9.46879161929955e-11,0.538850390218367,0.734,0.362,3.05179153890024e-06,c7,Pank2,0.372,0.273048
9.54395650119074e-11,0.623611745204457,0.594,0.287,3.07601718033378e-06,c7,Srr,0.307,0.182358
9.65132275256184e-11,0.680026737153321,0.469,0.208,3.11062132315068e-06,c7,Ino80b,0.261,0.122409
9.66228289471956e-11,0.713398222746701,0.343,0.134,3.11415377696811e-06,c7,Zswim7,0.209,0.071687
9.71310280246392e-11,0.596596201456976,0.58,0.268,3.13053303323412e-06,c7,Nat10,0.312,0.18096
9.84504143509681e-11,0.716441064982971,0.308,0.115,3.1730568545317e-06,c7,Tmem254c,0.193,0.059444
9.85335203696254e-11,0.594719966127498,0.916,0.518,3.17573536151303e-06,c7,Ttc19,0.398,0.364568
1.00673821992257e-10,0.603325864701886,0.797,0.424,3.24471728281044e-06,c7,Jmjd6,0.373,0.297281
1.01896072205905e-10,0.60558146023133,0.909,0.514,3.28411040719631e-06,c7,Zfp638,0.395,0.359055
1.03318780810587e-10,0.547318545346051,0.79,0.397,3.3299643055252e-06,c7,Kdm5a,0.393,0.31047
1.0502585489115e-10,0.571036331089028,0.846,0.445,3.38498330314177e-06,c7,Atxn2,0.401,0.339246
1.07169736839768e-10,0.555238161834172,0.804,0.413,3.45408061834571e-06,c7,Kdm6a,0.391,0.314364
1.07648556204973e-10,0.633472214003782,0.622,0.309,3.46951296648627e-06,c7,Paip2b,0.313,0.194686
1.07844634975582e-10,0.656348231092652,0.434,0.185,3.47583258526302e-06,c7,Hmgxb4,0.249,0.108066
1.09675204440778e-10,0.573045841140715,0.692,0.343,3.53483183912628e-06,c7,Med1,0.349,0.241508
1.10905628023162e-10,0.632839193725397,0.441,0.189,3.5744883911865e-06,c7,Sgf29,0.252,0.111132
1.11093615442793e-10,0.623247284178858,0.469,0.205,3.58054722572123e-06,c7,Ak6,0.264,0.123816
1.11920137285565e-10,0.727439586149884,0.343,0.134,3.60718602471376e-06,c7,Mon1a,0.209,0.071687
1.12373064521182e-10,0.562958677771064,0.86,0.451,3.62178386951771e-06,c7,Cse1l,0.409,0.35174
1.14043432398667e-10,0.627274539352772,0.678,0.344,3.67561982620903e-06,c7,Rnf111,0.334,0.226452
1.1459702343867e-10,0.976106384544198,0.266,0.096,3.69346206542833e-06,c7,Ndnf,0.17,0.04522
1.15718491880949e-10,0.58217442537711,0.895,0.502,3.729606993323e-06,c7,Tnpo2,0.393,0.351735
1.16822480347538e-10,0.642312639550125,0.51,0.233,3.76518854160113e-06,c7,Bbx,0.277,0.14127
1.1974747078806e-10,0.65975669605786,0.51,0.234,3.85946098349916e-06,c7,Champ1,0.276,0.14076
1.20827382660694e-10,0.627270422505051,0.818,0.472,3.89426654315416e-06,c7,Zfp91,0.346,0.283028
1.20828385571161e-10,0.694547017825109,0.427,0.183,3.89429886695852e-06,c7,Nt5m,0.244,0.104188
1.21184451425136e-10,0.646715346918772,0.476,0.214,3.90577486943215e-06,c7,Bad,0.262,0.124712
1.23374166666653e-10,1.19400310897304,0.266,0.097,3.97634939166623e-06,c7,Rasgef1a,0.169,0.044954
1.23722771782681e-10,0.606704141181161,0.657,0.331,3.98758493455581e-06,c7,Tomm40,0.326,0.214182
1.24335690050172e-10,0.648713076800576,0.483,0.216,4.00733929031703e-06,c7,Aspscr1,0.267,0.128961
1.2445533340158e-10,0.615550152281527,0.483,0.211,4.01119539553291e-06,c7,Pcsk7,0.272,0.131376
1.24898282112189e-10,0.538842654365612,0.839,0.426,4.02547163247585e-06,c7,Bicral,0.413,0.346507
1.26870155805778e-10,0.901876461249048,0.301,0.113,4.08902512162022e-06,c7,Pnpla7,0.188,0.056588
1.28893938056139e-10,0.796418608906378,0.483,0.225,4.15425162354936e-06,c7,Dennd2a,0.258,0.124614
1.29087116811066e-10,0.643988176586634,0.531,0.249,4.16047777482066e-06,c7,Tpgs1,0.282,0.149742
1.31561811983222e-10,0.559570488243322,0.776,0.397,4.24023720021925e-06,c7,Txndc11,0.379,0.294104
1.31997255374658e-10,0.650470048416423,0.503,0.228,4.25427154072524e-06,c7,Med29,0.275,0.138325
1.38526955900912e-10,0.559479283900127,0.699,0.345,4.46472378868638e-06,c7,Rad23b,0.354,0.247446
1.40225335160104e-10,0.56200610276088,0.685,0.334,4.51946255221015e-06,c7,Parg,0.351,0.240435
1.40535853596417e-10,0.585415560658399,0.93,0.516,4.52947056141253e-06,c7,Safb,0.414,0.38502
1.41665285292175e-10,0.607374529051751,0.755,0.392,4.56587214496682e-06,c7,Sdc3,0.363,0.274065
1.42886984544655e-10,0.864077585649357,0.385,0.163,4.60524751187422e-06,c7,Prkab2,0.222,0.08547
1.4358539954998e-10,0.584452765216812,0.86,0.482,4.62775742749585e-06,c7,Aars,0.378,0.32508
1.43654326859256e-10,0.801602004204571,0.35,0.14,4.62997895467382e-06,c7,Zfand2b,0.21,0.0735
1.43713036735042e-10,0.600863228325787,0.664,0.33,4.6318711739704e-06,c7,Ppp1r8,0.334,0.221776
1.45415645042207e-10,0.550758215161452,0.762,0.389,4.68674623971033e-06,c7,Ext2,0.373,0.284226
1.45985812715519e-10,0.576241700539042,0.594,0.281,4.70512274382119e-06,c7,Frs2,0.313,0.185922
1.46425202323267e-10,0.592001994414343,0.916,0.546,4.7192842708789e-06,c7,Safb2,0.37,0.33892
1.46993037234268e-10,0.561710157683019,0.671,0.331,4.73758559006047e-06,c7,Wbp4,0.34,0.22814
1.51485987204642e-10,0.536938616292005,0.531,0.238,4.8823933676056e-06,c7,Yipf2,0.293,0.155583
1.52788313570466e-10,0.915740854418825,0.287,0.107,4.92436734637612e-06,c7,Lhpp,0.18,0.05166
1.52803730505532e-10,1.44475047099521,0.427,0.236,4.9248642341933e-06,c7,Nfix,0.191,0.081557
1.55316700318861e-10,0.642318773540798,0.448,0.193,5.0058572512769e-06,c7,Thap3,0.255,0.11424
1.55424945039459e-10,0.525155132901856,0.622,0.292,5.00934597862176e-06,c7,Spata5,0.33,0.20526
1.58904987398161e-10,0.653550495413458,0.538,0.254,5.12150774384272e-06,c7,Dcp2,0.284,0.152792
1.60570962116271e-10,0.588057676516781,0.671,0.331,5.1752021090074e-06,c7,Gon4l,0.34,0.22814
1.62722519475055e-10,0.67920834569374,0.664,0.349,5.24454680268102e-06,c7,Hnrnpab,0.315,0.20916
1.63013863802924e-10,0.571693632984455,0.972,0.655,5.25393683036825e-06,c7,Scamp5,0.317,0.308124
1.63113086351056e-10,0.829705550010975,0.336,0.133,5.25713477309452e-06,c7,Wdr81,0.203,0.068208
1.64337883525451e-10,0.533174816982684,0.601,0.28,5.29660998602527e-06,c7,Marc2,0.321,0.192921
1.65639830209004e-10,0.70276877647518,0.315,0.12,5.33857172763621e-06,c7,B3galt6,0.195,0.061425
1.66115622737922e-10,0.815663054389387,0.357,0.145,5.35390652084321e-06,c7,Ovgp1,0.212,0.075684
1.66282146174893e-10,0.508589766325261,0.671,0.32,5.35927357121681e-06,c7,Katnbl1,0.351,0.235521
1.66298774477014e-10,0.696698053723046,0.378,0.155,5.35980950139415e-06,c7,Kptn,0.223,0.084294
1.66429532120955e-10,0.57761061843813,0.776,0.397,5.36402382025838e-06,c7,Ccdc28b,0.379,0.294104
1.6680459891256e-10,0.542909215115313,0.783,0.399,5.3761122229518e-06,c7,Ero1l,0.384,0.300672
1.69172040177449e-10,0.567256971763108,0.685,0.337,5.4524148549192e-06,c7,Epc2,0.348,0.23838
1.7108781198316e-10,0.406442138791631,0.587,0.268,5.51416018021724e-06,c7,Ctnnal1,0.319,0.187253
1.7185617188373e-10,0.545564783440471,0.951,0.63,5.53892441981261e-06,c7,Ubr3,0.321,0.305271
1.73041597965394e-10,0.579770026098858,0.846,0.448,5.57713070242464e-06,c7,Setd2,0.398,0.336708
1.74025040042494e-10,0.623727249197943,0.825,0.509,5.60882704056959e-06,c7,Smarca2,0.316,0.2607
1.74618593491125e-10,0.618598429293142,0.371,0.149,5.62795726821897e-06,c7,Tmem62,0.222,0.082362
1.74908039223949e-10,0.618588345953662,0.601,0.296,5.63728610418788e-06,c7,Chpf2,0.305,0.183305
1.75078459029432e-10,0.558316081359524,0.769,0.385,5.64277873451858e-06,c7,Nrbp1,0.384,0.295296
1.76611052419817e-10,0.595307580465178,0.573,0.27,5.6921742194907e-06,c7,Cep57,0.303,0.173619
1.77968588626589e-10,1.79168064115625,0.259,0.101,5.73592761143498e-06,c7,Ptprm,0.158,0.040922
1.78138322892506e-10,0.811445989533882,0.301,0.113,5.74139814682547e-06,c7,Rpgrip1l,0.188,0.056588
1.78734845585346e-10,0.554527664376594,0.811,0.423,5.76062407321569e-06,c7,Dnajc13,0.388,0.314668
1.80216048326367e-10,0.683701892289541,0.58,0.288,5.80836323755881e-06,c7,Scrib,0.292,0.16936
1.80642430788159e-10,0.624828150417379,0.636,0.317,5.82210554430237e-06,c7,Babam2,0.319,0.202884
1.81642828106772e-10,0.766255489573315,0.406,0.174,5.85434834988126e-06,c7,Zfp61,0.232,0.094192
1.82021109183429e-10,0.861665694526445,0.28,0.103,5.86654034898191e-06,c7,P3h1,0.177,0.04956
1.82127147666934e-10,0.668442604311572,0.434,0.189,5.86995796930528e-06,c7,Armh3,0.245,0.10633
1.83472120811571e-10,0.516313555881784,0.671,0.321,5.91330645375693e-06,c7,Parp2,0.35,0.23485
1.83585372842142e-10,0.909933459074593,0.287,0.107,5.91695656670223e-06,c7,Mief2,0.18,0.05166
1.83604698432402e-10,0.586924082603858,0.748,0.401,5.91757943047632e-06,c7,Rab5b,0.347,0.259556
1.83970281415479e-10,0.587482644170958,0.601,0.294,5.92936217002088e-06,c7,Pgd,0.307,0.184507
1.87941402502549e-10,0.593987401271033,0.671,0.332,6.05735140265716e-06,c7,Trim41,0.339,0.227469
1.88215927070979e-10,0.629546032027686,0.657,0.346,6.06619932949766e-06,c7,Fundc2,0.311,0.204327
1.88694133224078e-10,0.737330699413462,0.413,0.18,6.08161191381204e-06,c7,Rex1bd,0.233,0.096229
1.89384339781654e-10,0.780674414343769,0.413,0.181,6.1038572711627e-06,c7,Fbxl4,0.232,0.095816
1.90323270614679e-10,0.529350244028631,0.566,0.261,6.13411901191111e-06,c7,Pex6,0.305,0.17263
1.904314270308e-10,0.556406162086408,0.839,0.595,6.13760489320269e-06,c7,H3f3a,0.244,0.204716
1.93315399979e-10,0.594318975374521,0.587,0.282,6.23055534132318e-06,c7,Zfp606,0.305,0.179035
1.97018429824101e-10,0.517184149385627,0.58,0.268,6.34990399323079e-06,c7,Spats2,0.312,0.18096
1.97841426989882e-10,0.608445456385353,0.594,0.287,6.37642919188391e-06,c7,Chmp1a,0.307,0.182358
2.00837121558476e-10,0.551691222243559,0.776,0.397,6.47298042782967e-06,c7,Emsy,0.379,0.294104
2.00887131827219e-10,0.580829373142736,0.448,0.193,6.47459225879125e-06,c7,Stat2,0.255,0.11424
2.08685817050251e-10,0.565734109189832,0.608,0.291,6.72594388352958e-06,c7,Xab2,0.317,0.192736
2.09102060729021e-10,0.519103634099789,0.552,0.253,6.73935941729635e-06,c7,Pdcl3,0.299,0.165048
2.09741758297282e-10,0.588576419506995,0.615,0.3,6.7599768699214e-06,c7,Snx1,0.315,0.193725
2.11079156697226e-10,0.595034258903855,0.552,0.258,6.80308122035159e-06,c7,Topors,0.294,0.162288
2.11498557448051e-10,0.755968836933916,0.392,0.166,6.81659850655069e-06,c7,Trmu,0.226,0.088592
2.12698575744487e-10,0.598583218445131,0.741,0.385,6.85527509624481e-06,c7,Cnbp,0.356,0.263796
2.15875240780662e-10,0.525165780467888,0.545,0.245,6.95765901036075e-06,c7,Zswim4,0.3,0.1635
2.17811261829308e-10,0.60399583626208,0.545,0.257,7.0200569687586e-06,c7,Cdkl3,0.288,0.15696
2.19159088660672e-10,0.615242883556405,0.783,0.443,7.06349742753347e-06,c7,Ddx24,0.34,0.26622
2.2219217005372e-10,0.570978499068554,0.832,0.448,7.16125364083138e-06,c7,Traf7,0.384,0.319488
2.23590767280488e-10,0.565802349301069,0.706,0.351,7.20633042945013e-06,c7,Ostc,0.355,0.25063
2.26692244210403e-10,0.62085639208869,0.755,0.418,7.30629103090128e-06,c7,Pdap1,0.337,0.254435
2.3105334508306e-10,0.699730323007842,0.357,0.143,7.44684931202702e-06,c7,Banf1,0.214,0.076398
2.33373452998881e-10,0.552624053158085,0.573,0.27,7.52162639015392e-06,c7,Ints14,0.303,0.173619
2.3380241160326e-10,0.55053954730722,0.678,0.333,7.53545172597306e-06,c7,Psenen,0.345,0.23391
2.37378652862349e-10,0.715749843767489,0.483,0.224,7.65071398175351e-06,c7,Tmem176b,0.259,0.125097
2.39320153052629e-10,0.588301990729372,0.902,0.528,7.71328853288622e-06,c7,Elavl1,0.374,0.337348
2.39380783657636e-10,0.61751866311619,0.664,0.344,7.7152426572856e-06,c7,Babam1,0.32,0.21248
2.41343794179708e-10,0.606026645875074,0.552,0.263,7.77851048641199e-06,c7,Tmem115,0.289,0.159528
2.44901072420388e-10,0.667513291169701,0.657,0.346,7.8931615641091e-06,c7,Ogdhl,0.311,0.204327
2.4539454952777e-10,0.479085811124133,0.958,0.697,7.90906633128002e-06,c7,Gsk3b,0.261,0.250038
2.49016040011029e-10,0.534700328565955,0.678,0.333,8.02578696955546e-06,c7,Pcca,0.345,0.23391
2.50175324742954e-10,0.596975677912526,0.902,0.532,8.06315071646542e-06,c7,Atf7ip,0.37,0.33374
2.50438301288098e-10,0.614194772409212,0.727,0.384,8.07162645051538e-06,c7,Rlf,0.343,0.249361
2.52240425322293e-10,0.70440690066449,0.357,0.143,8.12970890813751e-06,c7,Kti12,0.214,0.076398
2.53225365526208e-10,0.545065528597624,0.965,0.63,8.1614535309097e-06,c7,Aff4,0.335,0.323275
2.54346294077589e-10,0.604576471056734,0.685,0.343,8.1975810581207e-06,c7,Ints8,0.342,0.23427
2.74122213918225e-10,0.656985733549195,0.392,0.165,8.83495895458439e-06,c7,Haus2,0.227,0.088984
2.74936784611579e-10,0.669672970819527,0.448,0.197,8.86121256803118e-06,c7,Cbll1,0.251,0.112448
2.7753744050793e-10,0.743799748386319,0.427,0.191,8.94503170757058e-06,c7,Taf11,0.236,0.100772
2.79359806466529e-10,0.861213843659015,0.336,0.137,9.00376656241623e-06,c7,Acer3,0.199,0.066864
2.83042953147325e-10,0.564237812663242,0.776,0.4,9.12247437993827e-06,c7,Wasl,0.376,0.291776
2.87757622074283e-10,0.618349408983341,0.769,0.451,9.27442815945413e-06,c7,Nudc,0.318,0.244542
2.90161219491245e-10,0.670203211204893,0.399,0.169,9.35189610420284e-06,c7,Ighmbp2,0.23,0.09177
2.90740558229982e-10,0.460743253926566,0.615,0.287,9.37056819175232e-06,c7,Arl6ip4,0.328,0.20172
2.92138324115322e-10,0.582862391667653,0.762,0.41,9.41561818623684e-06,c7,Yipf4,0.352,0.268224
2.99347694434337e-10,0.592519022780476,0.573,0.274,9.64797619161868e-06,c7,Golt1b,0.299,0.171327
3.03960701893546e-10,0.521640181438584,0.692,0.34,9.79665342202898e-06,c7,Xrn1,0.352,0.243584
3.06113391027921e-10,0.596475890697947,0.622,0.309,9.8660345928299e-06,c7,Srpr,0.313,0.194686
3.08636541644895e-10,0.565260749821964,0.776,0.407,9.94735573721497e-06,c7,Rbbp7,0.369,0.286344
3.13435582851309e-10,0.62244250399949,0.58,0.284,1.01020288352977e-05,c7,Wbp11,0.296,0.17168
3.1379401233654e-10,0.554849917424448,0.497,0.225,1.01135810176067e-05,c7,Kat14,0.272,0.135184
3.16079332960534e-10,0.600870278603621,0.58,0.282,1.0187236901318e-05,c7,Fbxo28,0.298,0.17284
3.17459869271621e-10,0.571557697832585,0.65,0.32,1.02317315866243e-05,c7,Crbn,0.33,0.2145
3.20531560021311e-10,0.508679803549229,0.734,0.362,1.03307321794869e-05,c7,Lrpprc,0.372,0.273048
3.20703191717514e-10,0.58935142013458,0.832,0.479,1.03362638690555e-05,c7,Kif1bp,0.353,0.293696
3.21346534361369e-10,0.802287201901022,0.385,0.166,1.03569988024669e-05,c7,Zfp882,0.219,0.084315
3.21383883370028e-10,0.583497106509929,0.734,0.379,1.0358202561016e-05,c7,Rnf2,0.355,0.26057
3.24622814442524e-10,0.552031479446735,0.538,0.245,1.04625933094825e-05,c7,Terf1,0.293,0.157634
3.28464704835999e-10,0.829674043150135,0.378,0.162,1.05864174368642e-05,c7,Tsr1,0.216,0.081648
3.32064427093108e-10,0.892184193666574,0.259,0.092,1.07024364852109e-05,c7,Ccdc166,0.167,0.043253
3.32160650715465e-10,1.06723611923737,0.259,0.094,1.07055377725594e-05,c7,Adssl1,0.165,0.042735
3.34359380154469e-10,0.57636158668101,0.706,0.363,1.07764028223785e-05,c7,Dars,0.343,0.242158
3.35561039624429e-10,0.538262243443061,0.692,0.35,1.08151323070953e-05,c7,Stim1,0.342,0.236664
3.36865558814098e-10,0.495684036836956,0.72,0.367,1.08571769605784e-05,c7,Adh5,0.353,0.25416
3.40073774458633e-10,0.764224574155415,0.413,0.181,1.09605777508018e-05,c7,Cep97,0.232,0.095816
3.41155374715406e-10,0.701451687533129,0.448,0.201,1.09954377270775e-05,c7,Trabd,0.247,0.110656
3.42369591246873e-10,0.778641475501387,0.308,0.118,1.10345719258867e-05,c7,Zscan2,0.19,0.05852
3.44506764144391e-10,0.541025490882946,0.727,0.366,1.11034530083737e-05,c7,Abca5,0.361,0.262447
3.48136135813028e-10,0.606822618395961,0.476,0.213,1.12204276572539e-05,c7,Tfam,0.263,0.125188
3.48878712953374e-10,0.667958954482149,0.51,0.244,1.12443609184873e-05,c7,Coq7,0.266,0.13566
3.50727028469852e-10,0.553544719630378,0.643,0.315,1.13039321275833e-05,c7,Naa50,0.328,0.210904
3.51310930275949e-10,0.576126917178094,0.839,0.45,1.13227512827938e-05,c7,Tab2,0.389,0.326371
3.51434043485216e-10,0.496011177694167,0.566,0.265,1.13267192215285e-05,c7,Phyh,0.301,0.170366
3.5682372737214e-10,0.568630005149663,0.902,0.497,1.15004287332041e-05,c7,Srsf10,0.405,0.36531
3.57906933995329e-10,0.59795831647688,0.741,0.404,1.15353404826695e-05,c7,Edf1,0.337,0.249717
3.58962034651762e-10,0.796800223416984,0.371,0.157,1.15693463768263e-05,c7,Slc37a4,0.214,0.079394
3.6016518625367e-10,0.563305208751846,0.867,0.468,1.16081239529558e-05,c7,Hdlbp,0.399,0.345933
3.61748384818704e-10,0.614623603214414,0.573,0.278,1.16591504427068e-05,c7,Cpsf2,0.295,0.169035
3.62017899444519e-10,0.801495425273891,0.322,0.128,1.16678368990968e-05,c7,Clcn5,0.194,0.062468
3.64198122174879e-10,0.829538250297999,0.399,0.176,1.17381054776963e-05,c7,Cep44,0.223,0.088977
3.6458026964432e-10,0.693078790162463,0.434,0.192,1.17504220906364e-05,c7,Plpp5,0.242,0.105028
3.64929549345862e-10,0.738304638494583,0.357,0.146,1.17616793754171e-05,c7,Zfp408,0.211,0.075327
3.71289670062638e-10,0.594612358240334,0.58,0.283,1.19666660661188e-05,c7,Tsta3,0.297,0.17226
3.72246193919935e-10,0.573327666786583,0.538,0.253,1.19974948300395e-05,c7,Prr14l,0.285,0.15333
3.79933020228191e-10,0.55086177539662,0.469,0.206,1.22452412419546e-05,c7,Twistnb,0.263,0.123347
3.86825188353014e-10,0.622228161384792,0.406,0.172,1.24673758206176e-05,c7,Toe1,0.234,0.095004
3.8713157002895e-10,0.616835910065017,0.357,0.143,1.24772505020331e-05,c7,Ano6,0.214,0.076398
3.91931909988893e-10,0.554028289498292,0.741,0.382,1.2631965458942e-05,c7,Mllt10,0.359,0.266019
3.927448530329e-10,0.617142307037115,0.608,0.304,1.26581666132504e-05,c7,Patl1,0.304,0.184832
4.05775505724447e-10,0.588928701506326,0.483,0.216,1.30781445494989e-05,c7,Zfp746,0.267,0.128961
4.06578961355457e-10,0.721264955237089,0.524,0.26,1.31040399244864e-05,c7,Pcdhga11,0.264,0.138336
4.06735296267771e-10,0.503700796681641,0.517,0.232,1.31090785987103e-05,c7,Atg4d,0.285,0.147345
4.09964261201104e-10,0.59600602908533,0.427,0.185,1.32131481385116e-05,c7,Cby1,0.242,0.103334
4.12415443484968e-10,0.666130011143256,0.524,0.257,1.32921497435205e-05,c7,Coa3,0.267,0.139908
4.14968581490731e-10,0.512208394815334,0.741,0.37,1.33744373814463e-05,c7,Fbxw5,0.371,0.274911
4.17393260039632e-10,0.734166771800569,0.413,0.182,1.34525847710773e-05,c7,Rpain,0.231,0.095403
4.19518346841667e-10,0.773049823326458,0.378,0.161,1.35210763187069e-05,c7,Hspe1,0.217,0.082026
4.21350336020761e-10,0.579195055330615,0.86,0.474,1.35801213299491e-05,c7,Fbrs,0.386,0.33196
4.23771579359763e-10,0.541769675139962,0.874,0.572,1.36581580027652e-05,c7,Atp6v1e1,0.302,0.263948
4.31080515412564e-10,0.564896605627065,0.797,0.418,1.38937250117469e-05,c7,Cherp,0.379,0.302063
4.31664937154072e-10,0.58116794067983,0.783,0.428,1.39125609244757e-05,c7,Armc8,0.355,0.277965
4.35437074206768e-10,0.676667821726561,0.294,0.11,1.40341369016841e-05,c7,Sash1,0.184,0.054096
4.37286846296291e-10,0.798366270697331,0.343,0.14,1.40937550561295e-05,c7,Fancm,0.203,0.069629
4.40630463862786e-10,0.563679339167771,0.49,0.225,1.42015198502976e-05,c7,Slc45a4,0.265,0.12985
4.41203470106593e-10,0.759610644359379,0.35,0.142,1.42199878415355e-05,c7,Them6,0.208,0.0728
4.41782662742446e-10,1.28285445926219,0.287,0.114,1.4238655220189e-05,c7,Tdrd9,0.173,0.049651
4.4596017467624e-10,0.621694952273733,0.538,0.257,1.43732964298152e-05,c7,Zcchc2,0.281,0.151178
4.48810769061187e-10,0.963527070609406,0.252,0.091,1.44651710868421e-05,c7,Hacd2,0.161,0.040572
4.51224830989296e-10,0.656340781291936,0.497,0.232,1.4542976302785e-05,c7,Slc37a3,0.265,0.131705
4.54816344341815e-10,0.563826046937804,0.657,0.332,1.46587307781367e-05,c7,Slc39a7,0.325,0.213525
4.54820557347941e-10,0.893518719529673,0.343,0.142,1.46588665633241e-05,c7,Cybc1,0.201,0.068943
4.75307730123257e-10,0.541068751217885,0.601,0.286,1.53191681418726e-05,c7,Ctdnep1,0.315,0.189315
4.81506073017882e-10,0.496726359043685,0.748,0.369,1.55189407333663e-05,c7,Upf2,0.379,0.283492
4.82418265881554e-10,0.706481061940479,0.357,0.146,1.55483407093625e-05,c7,Utp14a,0.211,0.075327
4.84157582748131e-10,0.568286613484121,0.951,0.544,1.56043988919723e-05,c7,Nr1d2,0.407,0.387057
4.90255034921807e-10,0.524570245192111,0.762,0.4,1.58009197755299e-05,c7,Sucla2,0.362,0.275844
4.92452678508714e-10,0.539451664633441,0.629,0.305,1.58717498283358e-05,c7,Commd4,0.324,0.203796
4.95197545788798e-10,0.686379411653717,0.308,0.119,1.5960216900773e-05,c7,Mbp,0.189,0.058212
4.99214015503517e-10,0.576827921489573,0.678,0.346,1.60896677196784e-05,c7,Msh2,0.332,0.225096
5.01127911038219e-10,1.39174588223655,0.252,0.096,1.61513525727618e-05,c7,Rai14,0.156,0.039312
5.04368318693206e-10,0.810300792001643,0.322,0.128,1.6255790911482e-05,c7,Tut1,0.194,0.062468
5.09826305261501e-10,0.565671447003446,0.755,0.392,1.64317018185782e-05,c7,Mtmr3,0.363,0.274065
5.13765159246357e-10,0.642947335681424,0.497,0.23,1.65586510825101e-05,c7,Fam222b,0.267,0.132699
5.23197553273154e-10,1.14749541770498,0.273,0.106,1.68626571419938e-05,c7,Mthfd1l,0.167,0.045591
5.25680719455939e-10,0.549999048506916,0.937,0.577,1.69426895880649e-05,c7,Sin3b,0.36,0.33732
5.27526689668581e-10,0.534731380393739,0.531,0.246,1.70021852080184e-05,c7,Vps33b,0.285,0.151335
5.27916350932988e-10,0.569708645669202,0.797,0.424,1.70147439905702e-05,c7,Cic,0.373,0.297281
5.30264998113608e-10,0.569430924096447,0.888,0.487,1.70904408892016e-05,c7,Ppp1r12a,0.401,0.356088
5.30535196320611e-10,0.580304040586168,0.797,0.471,1.70991493774133e-05,c7,Cox5b,0.326,0.259822
5.34311406172677e-10,0.691446839066609,0.42,0.186,1.72208566209454e-05,c7,Vac14,0.234,0.09828
5.40752015993094e-10,0.580312974271479,0.888,0.531,1.74284374754574e-05,c7,Taok1,0.357,0.317016
5.59067941439388e-10,0.459373588877015,0.58,0.268,1.80187597525915e-05,c7,Mettl16,0.312,0.18096
5.6730933650197e-10,0.573310108215865,0.594,0.288,1.82843799154585e-05,c7,Ppp4c,0.306,0.181764
5.71653178345349e-10,0.570313613721278,0.888,0.525,1.84243819380706e-05,c7,Azin1,0.363,0.322344
5.76839707142269e-10,0.576123110788974,0.671,0.341,1.85915437611953e-05,c7,Smg5,0.33,0.22143
5.78163103904762e-10,0.571237141700844,0.881,0.496,1.86341968388505e-05,c7,Dazap1,0.385,0.339185
5.82062586109478e-10,0.567728567355066,0.741,0.389,1.87598771503085e-05,c7,Vps29,0.352,0.260832
5.82941883439363e-10,0.578132880925889,0.643,0.324,1.87882169032507e-05,c7,Ubald1,0.319,0.205117
5.86118292196468e-10,0.562840903003448,0.783,0.415,1.88905925574922e-05,c7,Dync1i2,0.368,0.288144
5.86444154339568e-10,0.614620893816267,0.483,0.221,1.89010950943643e-05,c7,Tmem80,0.262,0.126546
5.88989485847427e-10,0.549853702346161,0.524,0.243,1.89831311288626e-05,c7,Actr8,0.281,0.147244
5.9626786854003e-10,0.521846331886801,0.811,0.422,1.92177134030452e-05,c7,Miga1,0.389,0.315479
5.99471524397684e-10,0.577108578249762,0.42,0.18,1.93209672313374e-05,c7,Letmd1,0.24,0.1008
6.00126643137191e-10,0.600236969483989,0.406,0.173,1.93420817083117e-05,c7,Poglut2,0.233,0.094598
6.01739471558603e-10,0.612370576568977,0.427,0.187,1.93940631683338e-05,c7,Pdik1l,0.24,0.10248
6.13369859552437e-10,0.570757468546863,0.615,0.307,1.9768910573375e-05,c7,Sem1,0.308,0.18942
6.25220686967512e-10,0.617247040831172,0.531,0.248,2.01508627409629e-05,c7,Kpnb1,0.283,0.150273
6.27995903541964e-10,0.523190589418193,0.601,0.288,2.02403079711575e-05,c7,Rmdn1,0.313,0.188113
6.46589807417128e-10,0.589453241432927,0.727,0.385,2.0839589493054e-05,c7,Fam76b,0.342,0.248634
6.58966296304836e-10,0.703431429112518,0.35,0.143,2.12384837299049e-05,c7,Nip7,0.207,0.07245
6.59305946124376e-10,0.654890580457361,0.427,0.189,2.12494306435886e-05,c7,Zfp180,0.238,0.101626
6.65193068431354e-10,0.558474336634841,0.601,0.291,2.14391725955426e-05,c7,Otud5,0.31,0.18631
6.77785192766144e-10,0.531379479917341,0.566,0.267,2.18450167628528e-05,c7,Tfcp2,0.299,0.169234
6.78193325145036e-10,0.653044971217939,0.538,0.265,2.18581708694245e-05,c7,Slu7,0.273,0.146874
6.875075688738e-10,0.513796771908827,0.685,0.343,2.21583689448026e-05,c7,Psmb7,0.342,0.23427
6.90843300050495e-10,0.843561135739789,0.329,0.136,2.22658795606274e-05,c7,Psmg4,0.193,0.063497
6.94293662443414e-10,0.588268594936188,0.664,0.345,2.23770847405512e-05,c7,Arl5b,0.319,0.211816
6.99812286324429e-10,0.557735369518107,0.552,0.264,2.25549499882363e-05,c7,Pelp1,0.288,0.158976
7.02173114302627e-10,0.484540787119239,0.608,0.291,2.26310394739737e-05,c7,Hars2,0.317,0.192736
7.26003009675535e-10,0.531323002751103,0.944,0.62,2.33990770018425e-05,c7,Pum2,0.324,0.305856
7.27585817187469e-10,0.71572231827829,0.378,0.161,2.34500908879521e-05,c7,Whamm,0.217,0.082026
7.28244412417645e-10,1.2972361612724,0.336,0.153,2.34713174122207e-05,c7,Pcdhga1,0.183,0.061488
7.40260033115464e-10,0.506026480725057,0.734,0.373,2.38585808673114e-05,c7,Wwp1,0.361,0.264974
7.42271236548363e-10,0.550472404999178,0.636,0.312,2.39234019539538e-05,c7,Pgm1,0.324,0.206064
7.44082919704916e-10,0.604654437838275,0.552,0.268,2.39817925020894e-05,c7,Cmtm4,0.284,0.156768
7.4595228561967e-10,0.573209718189209,0.538,0.254,2.4042042165522e-05,c7,Aptx,0.284,0.152792
7.5138205797074e-10,0.701063958350469,0.448,0.206,2.4217043728397e-05,c7,Entpd7,0.242,0.108416
7.52114888839668e-10,0.539587020133245,0.748,0.383,2.42406628673025e-05,c7,Ppp2r5d,0.365,0.27302
7.60990311880656e-10,0.562491762917416,0.678,0.34,2.45267177519135e-05,c7,Krr1,0.338,0.229164
7.62729713497282e-10,0.660997516678143,0.357,0.147,2.45827786660174e-05,c7,Rrp9,0.21,0.07497
7.66092186585329e-10,0.525870840687255,0.643,0.317,2.46911511736451e-05,c7,Cwf19l2,0.326,0.209618
7.78097152811362e-10,0.534047313935332,0.699,0.352,2.50780712351102e-05,c7,Dapk3,0.347,0.242553
7.81151857800609e-10,0.531434620254735,0.825,0.434,2.51765243769136e-05,c7,Megf8,0.391,0.322575
7.86277922321175e-10,0.469533780284785,0.804,0.419,2.53417374364115e-05,c7,Qk,0.385,0.30954
7.86985378584171e-10,0.566349214983926,0.727,0.387,2.53645387517678e-05,c7,Rab3ip,0.34,0.24718
7.92738133979024e-10,0.57051276823233,0.58,0.287,2.55499500581439e-05,c7,Manbal,0.293,0.16994
7.94147691933406e-10,0.535948817963761,0.713,0.368,2.55953801110137e-05,c7,D8Ertd738e,0.345,0.245985
8.01706916738983e-10,0.590450505483391,0.552,0.267,2.58390139264974e-05,c7,Gle1,0.285,0.15732
8.0258761669521e-10,0.63072847607163,0.503,0.238,2.58673988860866e-05,c7,Phf23,0.265,0.133295
8.09128631333296e-10,0.523017291922274,0.727,0.364,2.60782157878721e-05,c7,Scaf8,0.363,0.263901
8.0979698479806e-10,0.730458127779525,0.371,0.157,2.60997568200415e-05,c7,Gorab,0.214,0.079394
8.1274843822452e-10,0.601676550901874,0.441,0.195,2.61948821639763e-05,c7,Arpc4,0.246,0.108486
8.23493746232132e-10,0.588394071485284,0.685,0.363,2.65412034410616e-05,c7,Ypel5,0.322,0.22057
8.30010527260159e-10,0.54497082979131,0.538,0.253,2.67512392935949e-05,c7,Fam98c,0.285,0.15333
8.31028973065564e-10,0.53320165686095,0.755,0.393,2.67840638019031e-05,c7,Zcchc8,0.362,0.27331
8.31340431614737e-10,0.530347618672167,0.755,0.391,2.6794102110943e-05,c7,Chuk,0.364,0.27482
8.56318989716262e-10,0.541282070507758,0.671,0.338,2.75991610385551e-05,c7,BC005624,0.333,0.223443
8.59048362923079e-10,0.545095862506979,0.811,0.436,2.76871287370108e-05,c7,Vps54,0.375,0.304125
8.62428749831062e-10,0.512552083556335,0.517,0.236,2.77960786070551e-05,c7,Tdg,0.281,0.145277
8.64072286364713e-10,0.56245530637505,0.643,0.325,2.78490497895347e-05,c7,Alkbh6,0.318,0.204474
8.74003111064144e-10,0.540889975209168,0.566,0.269,2.81691202695974e-05,c7,Xpo4,0.297,0.168102
8.81375564196872e-10,0.565091735580364,0.79,0.42,2.84067344340652e-05,c7,Cggbp1,0.37,0.2923
8.83437903772334e-10,0.567089281499663,0.825,0.514,2.84732036385823e-05,c7,Ndufb10,0.311,0.256575
8.92675170835625e-10,0.615261039611123,0.476,0.218,2.87709207560322e-05,c7,Atr,0.258,0.122808
8.94169539986905e-10,0.470152478741836,0.552,0.257,2.8819084273778e-05,c7,Cep78,0.295,0.16284
9.00164016288684e-10,0.56051671488134,0.86,0.497,2.90122862449843e-05,c7,Synj2bp,0.363,0.31218
9.13604757199928e-10,0.543293298626114,0.483,0.22,2.94454813245537e-05,c7,Asb7,0.263,0.127029
9.2024312128591e-10,0.502953757276141,0.49,0.218,2.96594357990449e-05,c7,Rbsn,0.272,0.13328
9.34059088787004e-10,0.636348125702496,0.657,0.361,3.01047244316051e-05,c7,Fam32a,0.296,0.194472
9.38788384416263e-10,0.517692397084376,0.944,0.643,3.02571496297362e-05,c7,Ptov1,0.301,0.284144
9.44033842547121e-10,0.672002653941064,0.406,0.177,3.04262107452937e-05,c7,Mri1,0.229,0.092974
9.52847125879104e-10,0.669647381924863,0.378,0.161,3.07102628670835e-05,c7,Ciao3,0.217,0.082026
9.55745072412162e-10,0.578816280710979,0.839,0.559,3.0803663683844e-05,c7,Wbp2,0.28,0.23492
9.5654597833124e-10,0.681368692645801,0.434,0.197,3.08294768816159e-05,c7,Wtip,0.237,0.102858
9.58920654489835e-10,0.537772838269708,0.72,0.367,3.09060126942074e-05,c7,Snx17,0.353,0.25416
9.60466633873179e-10,0.558976601754451,0.692,0.357,3.09558396097325e-05,c7,Cry1,0.335,0.23182
9.62941342345703e-10,0.648074772332127,0.476,0.222,3.1035599463802e-05,c7,AU041133,0.254,0.120904
9.81376722618728e-10,0.573643313143626,0.895,0.53,3.16297717700016e-05,c7,Ddx39b,0.365,0.326675
9.8854476250673e-10,0.522146975266414,0.503,0.23,3.18607976955919e-05,c7,Gatd1,0.273,0.137319
9.96957653233114e-10,0.534063325641847,0.685,0.358,3.21319451637033e-05,c7,Srp14,0.327,0.223995
1.0042125294717e-09,0.585270219951938,0.853,0.537,3.23657698248728e-05,c7,Ubl3,0.316,0.269548
1.01708336149528e-09,0.597932127351405,0.413,0.178,3.27805967409928e-05,c7,Thnsl1,0.235,0.097055
1.01717272132311e-09,0.615554933681436,0.748,0.419,3.27834768082439e-05,c7,Ppp2cb,0.329,0.246092
1.01991998374329e-09,0.622655825906181,0.503,0.239,3.28720210760461e-05,c7,Avl9,0.264,0.132792
1.03497865054038e-09,0.419706526578641,0.503,0.225,3.33573619069165e-05,c7,Pygb,0.278,0.139834
1.03787367762506e-09,0.552848600919268,0.503,0.233,3.34506686298557e-05,c7,Sirt7,0.27,0.13581
1.04738567913889e-09,0.636577410600695,0.49,0.23,3.37572404386464e-05,c7,Gmeb1,0.26,0.1274
1.04771874748663e-09,0.707335497908677,0.287,0.109,3.3767975231494e-05,c7,Atad5,0.178,0.051086
1.04842485423918e-09,0.608728116032853,0.552,0.267,3.37907330521286e-05,c7,Eif5,0.285,0.15732
1.04971411476213e-09,0.851300779725668,0.273,0.102,3.38322859187835e-05,c7,Fkbp14,0.171,0.046683
1.05827493101811e-09,0.529629032634198,0.706,0.355,3.41082010267138e-05,c7,Ccnk,0.351,0.247806
1.06879428564443e-09,0.534184273974623,0.462,0.208,3.44472398263201e-05,c7,Mpv17l2,0.254,0.117348
1.07633008727257e-09,0.641490847532233,0.441,0.202,3.46901187127949e-05,c7,Map2k3,0.239,0.105399
1.07758118630865e-09,0.795833951837131,0.322,0.13,3.47304416347278e-05,c7,G3bp1,0.192,0.061824
1.07890592624376e-09,0.563183711895542,0.434,0.19,3.47731380028365e-05,c7,Zfp763,0.244,0.105896
1.08447602404106e-09,0.604816887146306,0.503,0.238,3.49526622548433e-05,c7,Dnajc11,0.265,0.133295
1.09053029170678e-09,0.552187796581838,0.776,0.42,3.51477913017096e-05,c7,Ufl1,0.356,0.276256
1.09093370321709e-09,0.87721073755386,0.28,0.108,3.51607932546868e-05,c7,Rttn,0.172,0.04816
1.09367332139808e-09,0.635508253435588,0.434,0.194,3.52490911486602e-05,c7,Papolg,0.24,0.10416
1.09547658626152e-09,0.656642407493487,0.566,0.285,3.53072103752089e-05,c7,Tiparp,0.281,0.159046
1.09627117338991e-09,0.575346557497005,0.685,0.36,3.53328199183569e-05,c7,Dbnl,0.325,0.222625
1.10810232232495e-09,0.51765766948906,0.594,0.289,3.57141378485332e-05,c7,Stk3,0.305,0.18117
1.10975618893794e-09,0.620733076521805,0.392,0.168,3.57674419694699e-05,c7,Trim27,0.224,0.087808
1.11590869049118e-09,0.499516176680163,0.818,0.422,3.59657370945308e-05,c7,Lcor,0.396,0.323928
1.11885208903205e-09,0.583100129092409,0.818,0.455,3.6060602829503e-05,c7,Nedd4l,0.363,0.296934
1.13469558917484e-09,0.524117389024344,0.622,0.303,3.65712388391052e-05,c7,Cxxc1,0.319,0.198418
1.14193877529138e-09,0.676604141250831,0.434,0.198,3.68046867276413e-05,c7,Orc5,0.236,0.102424
1.14650867714736e-09,0.607299090060677,0.42,0.184,3.69519746644593e-05,c7,Osbpl11,0.236,0.09912
1.15429427794014e-09,0.745809858958957,0.385,0.169,3.72029045780106e-05,c7,Borcs6,0.216,0.08316
1.15986956971478e-09,0.537328045465176,0.699,0.357,3.73825962319075e-05,c7,Zfp384,0.342,0.239058
1.16214997226043e-09,0.676135544095324,0.448,0.207,3.74560936059536e-05,c7,Ctnnbl1,0.241,0.107968
1.16885487400458e-09,0.560441034837321,0.748,0.4,3.76721925891677e-05,c7,Ints1,0.348,0.260304
1.20068991516569e-09,0.578019649284534,0.497,0.242,3.86982359657903e-05,c7,Fosb,0.255,0.126735
1.20306566637412e-09,0.533554884392497,0.916,0.585,3.87748064272379e-05,c7,Atp13a3,0.331,0.303196
1.2075269004243e-09,0.556538685558021,0.755,0.407,3.89185920006753e-05,c7,Mrs2,0.348,0.26274
1.22116881840087e-09,0.597518797533602,0.755,0.481,3.93582710170601e-05,c7,Atp5o,0.274,0.20687
1.22295223691818e-09,0.565939166537804,0.664,0.345,3.94157505958729e-05,c7,Slc30a1,0.319,0.211816
1.22704899128257e-09,0.554337297372238,0.573,0.283,3.95477889890371e-05,c7,C1galt1c1,0.29,0.16617
1.26455130286813e-09,0.775269233925414,0.294,0.115,4.075648849144e-05,c7,Psmd10,0.179,0.052626
1.28238656810931e-09,0.528317010896731,0.629,0.314,4.13313190901631e-05,c7,Sec23b,0.315,0.198135
1.2835410492623e-09,0.526795812481821,0.79,0.416,4.1368528017724e-05,c7,Mafg,0.374,0.29546
1.28610888379211e-09,0.513899326338602,0.769,0.401,4.14512893246196e-05,c7,Cnot4,0.368,0.282992
1.28672273610372e-09,0.555523777173184,0.713,0.377,4.14710737846229e-05,c7,Syvn1,0.336,0.239568
1.29551605725885e-09,0.556672621971003,0.748,0.405,4.17544825254527e-05,c7,Fbxw11,0.343,0.256564
1.29903172508949e-09,0.835052878523219,0.322,0.132,4.18677924996341e-05,c7,Slc35d1,0.19,0.06118
1.32241202472077e-09,0.517300799416252,0.874,0.471,4.26213395567504e-05,c7,Acat1,0.403,0.352222
1.3283268547399e-09,0.648004918145881,0.441,0.2,4.28119745282668e-05,c7,Nufip1,0.241,0.106281
1.3325724423513e-09,0.475024657515676,0.713,0.353,4.29488098169822e-05,c7,Gfm2,0.36,0.25668
1.33864527882266e-09,0.695804229807869,0.406,0.181,4.31445373364545e-05,c7,Eif6,0.225,0.09135
1.34641975501398e-09,0.55107373851962,0.594,0.297,4.33951087041006e-05,c7,Snf8,0.297,0.176418
1.34688089208751e-09,0.547351659300746,0.832,0.454,4.34099711519804e-05,c7,Hnrnpll,0.378,0.314496
1.3541458558674e-09,0.564419893234811,0.357,0.146,4.36441209346063e-05,c7,Fam71e1,0.211,0.075327
1.35659648910763e-09,0.496519591043346,0.692,0.346,4.3723104843939e-05,c7,Psmd4,0.346,0.239432
1.35727608806149e-09,0.549004891240868,0.762,0.42,4.37450083182217e-05,c7,Cox16,0.342,0.260604
1.35966689742585e-09,0.538589670751965,0.594,0.296,4.38220641040352e-05,c7,Tvp23b,0.298,0.177012
1.35972418369343e-09,0.72918113732096,0.441,0.204,4.38239104404393e-05,c7,Malt1,0.237,0.104517
1.3598389109476e-09,0.534705564728782,0.853,0.463,4.38276080998412e-05,c7,Ubn2,0.39,0.33267
1.36844312100653e-09,0.498014973753936,0.741,0.366,4.41049217900405e-05,c7,Tbp,0.375,0.277875
1.37094510195836e-09,0.549954052421963,0.294,0.112,4.4185560636118e-05,c7,Ankrd44,0.182,0.053508
1.37882009823163e-09,0.650471661490253,0.455,0.21,4.44393717660054e-05,c7,Ankrd16,0.245,0.111475
1.38533778623642e-09,0.654987857568278,0.322,0.129,4.46494368503997e-05,c7,Atg7,0.193,0.062146
1.38880643986257e-09,0.577762297604922,0.455,0.205,4.47612315567708e-05,c7,Sbf1,0.25,0.11375
1.4038066319896e-09,0.577293572894168,0.832,0.461,4.52446877490249e-05,c7,Tra2b,0.371,0.308672
1.4131691584869e-09,0.552582566001231,0.678,0.352,4.55464419780327e-05,c7,Naxe,0.326,0.221028
1.42026836334285e-09,0.510468132084184,0.692,0.346,4.57752493505401e-05,c7,Rbm3,0.346,0.239432
1.42931481674668e-09,0.529496241996565,0.685,0.351,4.60668165437455e-05,c7,Fbxo8,0.334,0.22879
1.43422132551857e-09,0.486871505230697,0.615,0.298,4.62249533214634e-05,c7,Ndufab1,0.317,0.194955
1.43699941506898e-09,0.572679256594561,0.51,0.239,4.63144911476731e-05,c7,Ccdc25,0.271,0.13821
1.4435083108522e-09,0.75952118586246,0.392,0.174,4.65242728587665e-05,c7,Zfp27,0.218,0.085456
1.44861816908396e-09,0.270997208823122,0.497,0.218,4.6688963589576e-05,c7,Slc25a39,0.279,0.138663
1.46623129586785e-09,0.494602980743197,0.692,0.347,4.72566346658209e-05,c7,Usp10,0.345,0.23874
1.49012089023712e-09,0.582476136620634,0.755,0.415,4.80265962923422e-05,c7,Phc3,0.34,0.2567
1.51939970670388e-09,0.632887095524575,0.483,0.227,4.89702525470659e-05,c7,Ubr7,0.256,0.123648
1.53025521626556e-09,0.432119971692668,0.51,0.248,4.9320125620239e-05,c7,Junb,0.262,0.13362
1.54086532995216e-09,0.520835888006558,0.517,0.242,4.96620895843581e-05,c7,Pign,0.275,0.142175
1.5526336187908e-09,0.597730102592049,0.657,0.357,5.00413815336274e-05,c7,Aurkaip1,0.3,0.1971
1.55278907319511e-09,0.486270496112271,0.692,0.343,5.00463918290785e-05,c7,Iars,0.349,0.241508
1.55771903208017e-09,0.806148333533296,0.273,0.103,5.02052844039438e-05,c7,Exo5,0.17,0.04641
1.5662442636795e-09,0.530267790208585,0.385,0.162,5.04800526183902e-05,c7,Exog,0.223,0.085855
1.5832515204662e-09,0.548077017151945,0.552,0.264,5.10281965046257e-05,c7,AW209491,0.288,0.158976
1.59669792719852e-09,0.51735088932026,0.972,0.659,5.14615741936083e-05,c7,Tusc3,0.313,0.304236
1.60130755010103e-09,0.781843470204049,0.399,0.181,5.16101423397562e-05,c7,Unc119b,0.218,0.086982
1.61686801591101e-09,0.579387168722048,0.531,0.255,5.21116561528119e-05,c7,Mfsd12,0.276,0.146556
1.63828573198323e-09,0.564372024226574,0.741,0.403,5.28019491418195e-05,c7,Commd3,0.338,0.250458
1.64507917091687e-09,0.702557060998215,0.35,0.147,5.30209016786507e-05,c7,Slc25a32,0.203,0.07105
1.6702251701431e-09,0.741674335548272,0.308,0.122,5.38313572337121e-05,c7,Frs3,0.186,0.057288
1.71561235626892e-09,0.873040003428468,0.294,0.118,5.52941862425472e-05,c7,Bcs1l,0.176,0.051744
1.7384925428897e-09,0.866646279696508,0.252,0.094,5.6031614657335e-05,c7,Fosl2,0.158,0.039816
1.73880533570455e-09,0.546581898002046,0.846,0.573,5.60416959697577e-05,c7,Eid1,0.273,0.230958
1.74933538363294e-09,0.561810365907244,0.483,0.224,5.63810794144896e-05,c7,Prdm4,0.259,0.125097
1.78567004613762e-09,0.531520198388353,0.783,0.421,5.75521455870154e-05,c7,Cog5,0.362,0.283446
1.82259869159482e-09,0.558290581288757,0.923,0.541,5.8742355830101e-05,c7,Srrm1,0.382,0.352586
1.82504911970103e-09,0.458863341933213,0.825,0.462,5.88213331279642e-05,c7,Sort1,0.363,0.299475
1.82937627016478e-09,0.542984243214576,0.699,0.365,5.89607971874109e-05,c7,Smarcad1,0.334,0.233466
1.83560061204346e-09,0.505974170204467,0.937,0.656,5.91614077261606e-05,c7,Dnajc5,0.281,0.263297
1.83581302382173e-09,0.87469304076535,0.308,0.126,5.91682537577744e-05,c7,Mtrf1l,0.182,0.056056
1.85495592244278e-09,0.47814742049494,0.748,0.381,5.97852293803307e-05,c7,Tmem87a,0.367,0.274516
1.86814591199035e-09,0.448283129416123,0.692,0.338,6.02103427434491e-05,c7,Gtpbp4,0.354,0.244968
1.90548007142545e-09,0.497366707402471,0.573,0.284,6.14136227020422e-05,c7,Gclm,0.289,0.165597
1.91400713179723e-09,0.602219099272973,0.483,0.226,6.16884498578249e-05,c7,Edc3,0.257,0.124131
1.94547542751162e-09,0.262242151267263,0.371,0.151,6.27026730286994e-05,c7,Sema4a,0.22,0.08162
1.94821507180546e-09,0.744518099156251,0.385,0.172,6.27909717642899e-05,c7,Zfp758,0.213,0.082005
1.96258478455108e-09,0.582080128419996,0.455,0.207,6.32541076060814e-05,c7,Zfand2a,0.248,0.11284
1.97106301623883e-09,0.721615411530296,0.308,0.123,6.35273610133775e-05,c7,Mars2,0.185,0.05698
1.98255977204619e-09,0.565010844050878,0.35,0.144,6.38979014530487e-05,c7,Cptp,0.206,0.0721
2.02234605078221e-09,0.456561731996539,0.594,0.286,6.51802132167105e-05,c7,Commd8,0.308,0.182952
2.05508209071915e-09,0.618983419059954,0.594,0.306,6.62352957838782e-05,c7,Ppp1ca,0.288,0.171072
2.06347356430556e-09,0.55967370522993,0.741,0.395,6.65057529775681e-05,c7,Cops2,0.346,0.256386
2.07308432164805e-09,0.574653328641621,0.58,0.287,6.68155076867166e-05,c7,Ggcx,0.293,0.16994
2.07713842269147e-09,0.686101948715158,0.42,0.192,6.69461713633461e-05,c7,Tsfm,0.228,0.09576
2.08097113655803e-09,0.502546666396503,0.594,0.288,6.70696997312653e-05,c7,Usp37,0.306,0.181764
2.08425865021776e-09,0.600985718444609,0.629,0.321,6.71756562965183e-05,c7,Bcl9l,0.308,0.193732
2.16285294432925e-09,0.510579305869674,0.51,0.237,6.97087503957317e-05,c7,Vps50,0.273,0.13923
2.18156452090364e-09,0.4640866126691,0.573,0.269,7.03118245087244e-05,c7,Pip5k1a,0.304,0.174192
2.20726428802903e-09,0.533324106229938,0.923,0.525,7.11401280031756e-05,c7,Ubr2,0.398,0.367354
2.20967184405602e-09,0.577228064920668,0.79,0.498,7.12177235339256e-05,c7,Sirpa,0.292,0.23068
2.23137500536063e-09,0.544973832178806,0.832,0.464,7.19172164227732e-05,c7,Ncoa6,0.368,0.306176
2.34230592595885e-09,0.483359912581691,0.692,0.339,7.54925199936536e-05,c7,Aftph,0.353,0.244276
2.34824719599004e-09,0.552017844992743,0.671,0.351,7.56840071267591e-05,c7,Arl1,0.32,0.21472
2.41292414486746e-09,0.548140760729952,0.42,0.185,7.77685451890781e-05,c7,Fbxo34,0.235,0.0987
2.44600263317223e-09,0.598443451205727,0.301,0.118,7.8834664867141e-05,c7,Amotl1,0.183,0.055083
2.4477898405915e-09,0.503030389294749,0.706,0.361,7.8892266562264e-05,c7,Sarnp,0.345,0.24357
2.49805501210921e-09,0.540111477785315,0.727,0.395,8.05123130402798e-05,c7,Cox4i1,0.332,0.241364
2.55683122876658e-09,0.578670053035088,0.853,0.528,8.2406670503147e-05,c7,Cited2,0.325,0.277225
2.5643714622267e-09,0.598040885566621,0.58,0.29,8.26496922275665e-05,c7,Fam13b,0.29,0.1682
2.57328788943807e-09,0.918128822577895,0.336,0.145,8.2937068676589e-05,c7,Camk1g,0.191,0.064176
2.57341175394488e-09,0.502580980936875,0.79,0.415,8.29410608296434e-05,c7,Zfp523,0.375,0.29625
2.58528372703136e-09,0.594235980684989,0.769,0.47,8.33236945222207e-05,c7,Eif1,0.299,0.229931
2.5907135352402e-09,0.493039769721869,0.573,0.28,8.34986972407918e-05,c7,Gatd3a,0.293,0.167889
2.5960887811841e-09,0.500658769398828,0.79,0.414,8.36719414175634e-05,c7,Ireb2,0.376,0.29704
2.59716624949086e-09,0.729985503526882,0.371,0.162,8.37066682210903e-05,c7,Slc35b3,0.209,0.077539
2.61560843246883e-09,0.534158955006265,0.804,0.446,8.43010597784702e-05,c7,Phf8,0.358,0.287832
2.64371034289746e-09,0.514513519581829,0.483,0.223,8.52067843515853e-05,c7,Mcts2,0.26,0.12558
2.64713758505994e-09,0.690682335069204,0.413,0.187,8.53172443664819e-05,c7,Aldh4a1,0.226,0.093338
2.65972486892064e-09,0.910417026460034,0.301,0.123,8.57229325253124e-05,c7,Kdm5d,0.178,0.053578
2.66571234032984e-09,0.748416617036634,0.294,0.116,8.59159087288309e-05,c7,Shld2,0.178,0.052332
2.71588969856542e-09,0.567111738764417,0.566,0.283,8.75331249847634e-05,c7,Ubac2,0.283,0.160178
2.7470156818748e-09,0.526202154556058,0.916,0.535,8.85363154268249e-05,c7,Ppib,0.381,0.348996
2.77775787801928e-09,0.517007957862852,0.483,0.222,8.95271364085614e-05,c7,Hsph1,0.261,0.126063
2.78973402659645e-09,0.519324840182435,0.692,0.356,8.99131276772036e-05,c7,Kmt2b,0.336,0.232512
2.82250959170578e-09,0.504210838496035,0.615,0.304,9.09694841406773e-05,c7,Zdhhc4,0.311,0.191265
2.82549773346637e-09,0.583474696301291,0.378,0.162,9.1065791949621e-05,c7,Znhit3,0.216,0.081648
2.84276130425679e-09,0.565288434646499,0.455,0.207,9.16221968361964e-05,c7,Atxn3,0.248,0.11284
2.85795671145011e-09,0.50268113374532,0.517,0.242,9.21119448100371e-05,c7,Zc3h18,0.275,0.142175
2.86257167395906e-09,0.553120406340541,0.538,0.261,9.22606850517005e-05,c7,Strn,0.277,0.149026
2.86802609735826e-09,0.723644140526583,0.469,0.224,9.24364811178569e-05,c7,Lingo3,0.245,0.114905
2.90360134825664e-09,0.472959892963422,0.706,0.355,9.35830714543115e-05,c7,Trim24,0.351,0.247806
2.91192697147074e-09,0.508935699021556,0.923,0.632,9.3851406290502e-05,c7,Uba1,0.291,0.268593
2.92911305947818e-09,0.485745817512101,0.741,0.383,9.44053139069819e-05,c7,Uso1,0.358,0.265278
2.94500430820499e-09,0.679991719383243,0.308,0.124,9.49174888534467e-05,c7,Yars2,0.184,0.056672
2.98782471675067e-09,0.506485060792336,0.531,0.254,9.62975906208741e-05,c7,Flot2,0.277,0.147087
3.02339610682257e-09,0.565417015941972,0.413,0.184,9.74440565228914e-05,c7,Dhx37,0.229,0.094577
3.05567141671551e-09,0.506216279926469,0.678,0.348,9.84842897607408e-05,c7,Pitpnb,0.33,0.22374
3.12001215911368e-09,0.745302089861273,0.287,0.113,0.000100557991888234,c7,Dph5,0.174,0.049938
3.15446054662961e-09,0.500207639691087,0.965,0.66,0.000101668263417872,c7,Dnmt3a,0.305,0.294325
3.15798526060921e-09,0.507667524995877,0.818,0.443,0.000101781864949435,c7,Ssr2,0.375,0.30675
3.16112605914546e-09,0.823980951306988,0.385,0.177,0.000101883092886258,c7,Vipr2,0.208,0.08008
3.16686714159021e-09,0.835331579096092,0.266,0.102,0.000102068127973452,c7,Ralb,0.164,0.043624
3.18060986208604e-09,0.45796573994456,0.65,0.326,0.000102511055855033,c7,Tmbim4,0.324,0.2106
3.20185716690752e-09,0.892841285152835,0.287,0.115,0.000103195856489429,c7,Vcpkmt,0.172,0.049364
3.25059082186356e-09,0.574506308522834,0.441,0.202,0.000104766542188662,c7,Tars2,0.239,0.105399
3.2673693162678e-09,0.564915794229687,0.678,0.363,0.000105307313063311,c7,Thrap3,0.315,0.21357
3.27538774520717e-09,0.56276338377731,0.58,0.29,0.000105565747028027,c7,Ddx56,0.29,0.1682
3.28175832400217e-09,0.491964373455713,0.678,0.345,0.00010577107078259,c7,Mydgf,0.333,0.225774
3.30518824687757e-09,0.747331700215905,0.448,0.215,0.000106526217196864,c7,Zeb1,0.233,0.104384
3.34286133946504e-09,0.557761859174457,0.895,0.542,0.000107740420970958,c7,Ankrd17,0.353,0.315935
3.40028085166578e-09,0.614090565866683,0.497,0.241,0.000109591051849188,c7,Cbx1,0.256,0.127232
3.42286179958238e-09,0.466883103957459,0.804,0.415,0.00011031883580054,c7,Hexdc,0.389,0.312756
3.44683184742356e-09,0.616116943964503,0.853,0.546,0.000111091390442461,c7,Gas6,0.307,0.261871
3.51996206373798e-09,0.429915637283575,0.594,0.287,0.000113448377314275,c7,Ugdh,0.307,0.182358
3.54766390312196e-09,0.551338409260455,0.979,0.627,0.000114341207597621,c7,Celf2,0.352,0.344608
3.57151026906566e-09,0.683752696396344,0.413,0.188,0.000115109775971986,c7,Thap11,0.225,0.092925
3.5718606529695e-09,0.494337969633915,0.874,0.562,0.000115121068845207,c7,Ndufa13,0.312,0.272688
3.60243883325558e-09,0.470856332287905,0.573,0.278,0.000116106603595827,c7,Arpc2,0.295,0.169035
3.65090023728796e-09,0.563301361183466,0.825,0.465,0.000117668514647791,c7,Tmed9,0.36,0.297
3.69506697266687e-09,0.517302429376751,0.881,0.488,0.000119092008529053,c7,Trpm7,0.393,0.346233
3.71870407119776e-09,0.635335047699398,0.343,0.145,0.000119853832214704,c7,Nop16,0.198,0.067914
3.73933287487019e-09,0.531239819533457,0.832,0.457,0.000120518698557066,c7,Glt8d1,0.375,0.312
3.74915151410575e-09,0.578661311080829,0.531,0.259,0.000120835153299628,c7,Amz2,0.272,0.144432
3.76631830028778e-09,0.514790088589264,0.965,0.591,0.000121388438818275,c7,Brwd1,0.374,0.36091
3.80284820190888e-09,0.613956320209222,0.476,0.227,0.000122565797547523,c7,Exosc7,0.249,0.118524
3.81486669033556e-09,0.549714812898148,0.517,0.246,0.000122953153429515,c7,Rcor1,0.271,0.140107
3.83193537067011e-09,0.510829277340112,0.734,0.387,0.000123503276996698,c7,Gdi2,0.347,0.254698
3.87057956385017e-09,0.554298519285161,0.853,0.492,0.000124748779342891,c7,Zer1,0.361,0.307933
3.87213182791041e-09,0.631462936067987,0.434,0.202,0.000124798808813553,c7,Cdk10,0.232,0.100688
3.88073852047823e-09,0.591977062435873,0.72,0.425,0.000125076202515013,c7,Naca,0.295,0.2124
3.91304308517923e-09,0.589087612580172,0.503,0.241,0.000126117378635327,c7,Nck1,0.262,0.131786
3.91648566488495e-09,0.497292795239231,0.748,0.391,0.000126228332979242,c7,Ash2l,0.357,0.267036
3.94308142852195e-09,0.751310843560617,0.252,0.094,0.000127085514441262,c7,Mfsd13a,0.158,0.039816
3.98588873561053e-09,0.597854370807841,0.42,0.191,0.000128465193948727,c7,Atg101,0.229,0.09618
4.03380085320463e-09,0.520426757886685,0.916,0.549,0.000130009401498785,c7,Ccdc47,0.367,0.336172
4.10480995599052e-09,0.577619402157483,0.888,0.539,0.000132298024881574,c7,Ccdc85c,0.349,0.309912
4.13033470673502e-09,0.380114832190329,0.706,0.355,0.00013312068759807,c7,Asah1,0.351,0.247806
4.26777082619317e-09,0.465198604743965,0.895,0.656,0.000137550253728206,c7,Mlf2,0.239,0.213905
4.27644306620846e-09,0.946714113749009,0.343,0.156,0.000137829760023899,c7,Gnptab,0.187,0.064141
4.29059797368204e-09,0.597167216698666,0.517,0.254,0.000138285972691772,c7,AI597479,0.263,0.135971
4.32835831020277e-09,0.509354823795898,0.86,0.492,0.000139502988337835,c7,Ocrl,0.368,0.31648
4.33725544647885e-09,0.676952372143987,0.357,0.154,0.000139789743040013,c7,Jmjd4,0.203,0.072471
4.37421565741035e-09,0.50288882457631,0.671,0.343,0.000140980970638335,c7,Mtmr1,0.328,0.220088
4.38857923130037e-09,0.533965792681748,0.86,0.535,0.000141443908624811,c7,Cyc1,0.325,0.2795
4.43393825876864e-09,0.537577423605972,0.455,0.211,0.000142905830080113,c7,Alas1,0.244,0.11102
4.4591161799815e-09,0.516025114432523,0.972,0.646,0.000143717314480804,c7,Tra2a,0.326,0.316872
4.62016664828877e-09,0.476588712255659,0.615,0.302,0.000148907971074347,c7,Kansl3,0.313,0.192495
4.63347407961918e-09,0.491149903110191,0.706,0.36,0.000149336869586126,c7,Rbm27,0.346,0.244276
4.75001026728708e-09,0.517647005694693,0.853,0.538,0.000153092830914663,c7,Cox7c,0.315,0.268695
4.75004194453603e-09,0.578135811512355,0.678,0.382,0.000153093851872396,c7,Psma6,0.296,0.200688
4.75341253578123e-09,0.546127203991259,0.448,0.206,0.000153202486028229,c7,Riok1,0.242,0.108416
4.75898361920242e-09,0.50210056994799,0.629,0.317,0.000153382042046894,c7,Zfp330,0.312,0.196248
4.78038952426428e-09,0.526985676447382,0.636,0.323,0.000154071954367038,c7,Vcpip1,0.313,0.199068
4.85609792702407e-09,0.633744743117546,0.315,0.128,0.000156512036187986,c7,Abcd1,0.187,0.058905
4.88583050048921e-09,0.543149783360997,0.685,0.372,0.000157470317030767,c7,Eif3c,0.313,0.214405
4.92981691932844e-09,0.642181704856,0.364,0.157,0.000158887999309956,c7,Catsper2,0.207,0.075348
5.00563380000574e-09,0.542723654923804,0.413,0.184,0.000161331577374185,c7,Nol10,0.229,0.094577
5.03696675307345e-09,0.62194393980473,0.622,0.331,0.000162341438451557,c7,Arhgap26,0.291,0.181002
5.04120823415647e-09,0.520543758769319,0.874,0.485,0.000162478141386863,c7,Numa1,0.389,0.339986
5.0671003654237e-09,0.55792880791332,0.497,0.239,0.000163312644777606,c7,Chchd1,0.258,0.128226
5.16997155019936e-09,0.528271101606008,0.804,0.448,0.000166628183062925,c7,Pcmt1,0.356,0.286224
5.17089667694231e-09,0.763212717642175,0.371,0.165,0.000166657999897851,c7,Rpia,0.206,0.076426
5.20776923767549e-09,0.520362250993465,0.692,0.358,0.000167846402530281,c7,Cct3,0.334,0.231128
5.23490718010748e-09,0.473129782264669,0.573,0.28,0.000168721058414864,c7,Cog7,0.293,0.167889
5.32092156328588e-09,0.582159332800701,0.503,0.248,0.000171493301984704,c7,Tmem70,0.255,0.128265
5.33122773143946e-09,0.514184063563538,0.846,0.461,0.000171825469784294,c7,Phf20l1,0.385,0.32571
5.4826201869464e-09,0.574720103439376,0.441,0.203,0.000176704848625283,c7,Tada3,0.238,0.104958
5.49178567778042e-09,0.543406962745802,0.944,0.574,0.000177000252394863,c7,Prnp,0.37,0.34928
5.57025588265693e-09,0.518517233835559,0.49,0.231,0.000179529347098033,c7,Rmc1,0.259,0.12691
5.57608162025436e-09,0.533408006793991,0.587,0.292,0.000179717110620798,c7,Sde2,0.295,0.173165
5.67336699044491e-09,0.545696259042021,0.524,0.258,0.000182852618102039,c7,Commd6,0.266,0.139384
5.87279767015974e-09,0.499957715242128,0.706,0.355,0.000189280268909249,c7,Ssr3,0.351,0.247806
5.92861379802688e-09,0.474412428349577,0.713,0.366,0.000191079222710406,c7,Tmed2,0.347,0.247411
5.93271159022878e-09,0.501999018569423,0.762,0.403,0.000191211294553073,c7,Ago3,0.359,0.273558
5.9676065046693e-09,0.521939017918521,0.832,0.467,0.000192335957645492,c7,Ddx23,0.365,0.30368
5.96919473715536e-09,0.611365342467218,0.434,0.202,0.000192387146378517,c7,Dis3,0.232,0.100688
6.00585755670341e-09,0.562508497068579,0.587,0.298,0.000193568789052551,c7,Zfp410,0.289,0.169643
6.03629752712012e-09,0.648343511434515,0.371,0.165,0.000194549869299082,c7,Rpp25l,0.206,0.076426
6.09238252243132e-09,1.0773479936474,0.259,0.103,0.000196357488697962,c7,Ephb3,0.156,0.040404
6.21559451018486e-09,0.535832254335763,0.944,0.572,0.000200328611063258,c7,Rbm33,0.372,0.351168
6.2215080902875e-09,0.745753019281634,0.301,0.123,0.000200519205749966,c7,Adrm1,0.178,0.053578
6.26271172730581e-09,0.510050098495515,0.86,0.467,0.000201847198971066,c7,Ctdspl2,0.393,0.33798
6.30297644571711e-09,0.650556366293891,0.301,0.122,0.000203144930845463,c7,Rad9b,0.179,0.053879
6.31778093171994e-09,0.671028116823788,0.322,0.134,0.000203622079429334,c7,Kxd1,0.188,0.060536
6.35131824612762e-09,0.484464515079951,0.483,0.225,0.000204702987072693,c7,Rhoq,0.258,0.124614
6.36230746270597e-09,0.675010362141658,0.336,0.143,0.000205057169523013,c7,Tyw3,0.193,0.064848
6.36261960071764e-09,0.542259863819446,0.42,0.192,0.00020506722973113,c7,Slc35f6,0.228,0.09576
6.38234064529811e-09,0.503016107616674,0.965,0.659,0.000205702838997958,c7,Prrc2c,0.306,0.29529
6.43140906362397e-09,0.546320791239398,0.406,0.183,0.0002072843141206,c7,Srek1ip1,0.223,0.090538
6.45743965967847e-09,0.466654273177563,0.664,0.332,0.000208123280231437,c7,Pabpc1,0.332,0.220448
6.48430932452235e-09,0.528244647698601,0.643,0.332,0.000208989289529355,c7,Taf2,0.311,0.199973
6.58703388505778e-09,0.616673522648631,0.35,0.149,0.000212300102115412,c7,D17H6S53E,0.201,0.07035
6.59373775186039e-09,0.54363930371882,0.399,0.176,0.00021251616774246,c7,Nif3l1,0.223,0.088977
6.62172838466818e-09,0.574886161671479,0.42,0.192,0.000213418305837855,c7,Tmem175,0.228,0.09576
6.69278296828994e-09,0.535215764743044,0.671,0.356,0.000215708395067985,c7,Sart1,0.315,0.211365
6.70999279092146e-09,0.504103716483375,0.49,0.229,0.000216263067651399,c7,Ikbkb,0.261,0.12789
6.73852611297785e-09,0.53147145557806,0.427,0.197,0.000217182696621276,c7,Acot13,0.23,0.09821
6.73934787007708e-09,0.529412885084378,0.629,0.328,0.000217209181852584,c7,Snrpc,0.301,0.189329
6.74477277365256e-09,0.4927201232424,0.538,0.258,0.000217384026494822,c7,Raph1,0.28,0.15064
6.74983098924957e-09,0.523171047509944,0.783,0.448,0.000217547052783514,c7,Sdhb,0.335,0.262305
6.79824306108891e-09,0.552590670259659,0.385,0.169,0.000219107373858896,c7,Mterf2,0.216,0.08316
6.84162926844612e-09,0.505808936217906,0.839,0.464,0.000220505711322018,c7,Gnpat,0.375,0.314625
6.92007934439173e-09,0.519359988754556,0.573,0.284,0.000223034157269746,c7,Ppp1r12b,0.289,0.165597
6.95991264260767e-09,0.330365163674615,0.343,0.141,0.000224317984471245,c7,Plec,0.202,0.069286
6.98911880241933e-09,0.489441610071853,0.469,0.217,0.000225259299001975,c7,Aifm1,0.252,0.118188
6.99528709525058e-09,0.439779217988431,0.965,0.713,0.000225458103079926,c7,Hnrnpk,0.252,0.24318
7.0067642147603e-09,0.75802627881774,0.315,0.132,0.000225828010641725,c7,Sh3pxd2b,0.183,0.057645
7.21372685049887e-09,0.718600563346522,0.462,0.231,0.000232498416391579,c7,Tspan9,0.231,0.106722
7.22245189428001e-09,0.493669096064032,0.545,0.267,0.000232779624552645,c7,Suv39h1,0.278,0.15151
7.22297744955654e-09,0.538262325875732,0.902,0.56,0.000232796563199207,c7,Brd4,0.342,0.308484
7.25240135621385e-09,0.52252131787256,0.483,0.229,0.000233744895710772,c7,Nup50,0.254,0.122682
7.29645986893202e-09,0.521862522106207,0.93,0.577,0.000235164901575679,c7,Ube3a,0.353,0.32829
7.32323427832565e-09,0.634561621344916,0.406,0.185,0.000236027840790436,c7,Zbtb5,0.221,0.089726
7.3401341435092e-09,0.541295446546475,0.51,0.251,0.000236572523445301,c7,Tomm7,0.259,0.13209
7.34849800989323e-09,0.517519821298438,0.727,0.392,0.000236842090858859,c7,Snapc3,0.335,0.243545
7.3801756364697e-09,0.544550182993222,0.881,0.524,0.000237863060763418,c7,Sar1a,0.357,0.314517
7.46276675875418e-09,0.504317207237327,0.86,0.488,0.000240524972634647,c7,Ndufs7,0.372,0.31992
7.47031758513846e-09,0.656754474054433,0.336,0.142,0.000240768335769013,c7,Lactb,0.194,0.065184
7.53875818899883e-09,0.650042688313941,0.385,0.173,0.000242974176431432,c7,Rbbp9,0.212,0.08162
7.66524026200391e-09,0.522717418754034,0.671,0.353,0.000247050693644386,c7,Cpsf3,0.318,0.213378
7.66956300961985e-09,0.438855252097164,0.448,0.205,0.000247190015800048,c7,Gbe1,0.243,0.108864
7.76301834322432e-09,0.56881454468225,0.357,0.154,0.00025020208120212,c7,Rfesd,0.203,0.072471
7.76897888746207e-09,0.519810137317265,0.748,0.399,0.000250394189542903,c7,Chfr,0.349,0.261052
7.79455011145962e-09,0.518452129138764,0.685,0.358,0.000251218350092344,c7,Sec31a,0.327,0.223995
7.84351111245334e-09,0.50187018618396,0.783,0.431,0.000252796363154371,c7,Ergic3,0.352,0.275616
7.96912294299936e-09,0.51196868644232,0.65,0.333,0.000256844832452869,c7,Prkag1,0.317,0.20605
8.0609915529511e-09,0.600741808853478,0.517,0.257,0.000259805757751614,c7,Cebpz,0.26,0.13442
8.08843133850849e-09,0.538416772677447,0.552,0.277,0.000260690142040129,c7,Slc35b1,0.275,0.1518
8.23729196940052e-09,0.53184617725644,0.965,0.587,0.000265487920173779,c7,Kmt2e,0.378,0.36477
8.40079604251122e-09,0.478466892823557,0.685,0.356,0.000270757656450137,c7,Ss18,0.329,0.225365
8.41012131727956e-09,0.520294019934179,0.538,0.266,0.00027105821005592,c7,Pik3c2a,0.272,0.146336
8.64140566328393e-09,0.528798716693085,0.476,0.226,0.000278512504527641,c7,Fktn,0.25,0.119
8.68691255401647e-09,0.81535716286423,0.28,0.112,0.000279979191615951,c7,Klf11,0.168,0.04704
8.71640828153357e-09,0.502421544952134,0.888,0.522,0.000280929838913827,c7,Emc1,0.366,0.325008
8.74204177701943e-09,0.6728819889639,0.371,0.167,0.000281756006473336,c7,Noc3l,0.204,0.075684
8.78689371774375e-09,0.511325458730915,0.35,0.149,0.000283201584522881,c7,Zfp74,0.201,0.07035
8.91525471743581e-09,0.723407258972609,0.406,0.189,0.000287338659542956,c7,Pcdhgb6,0.217,0.088102
8.92436987596678e-09,0.64000837747075,0.378,0.17,0.000287632441102409,c7,Irgq,0.208,0.078624
9.04721370117392e-09,0.415633274284605,0.524,0.25,0.000291591697588835,c7,Tmem223,0.274,0.143576
9.11379369410956e-09,0.516208205949765,0.58,0.294,0.000293737570761151,c7,Psmd5,0.286,0.16588
9.11419070395114e-09,0.569955010067117,0.434,0.2,0.000293750366388345,c7,DEPRECATED-ENSMUSG00000015971,0.234,0.101556
9.24012863167859e-09,0.514244554233455,0.804,0.436,0.000297809345799001,c7,Iffo1,0.368,0.295872
9.24422403758811e-09,0.591582933170927,0.413,0.19,0.000297941340731465,c7,Agbl3,0.223,0.092099
9.24982817390738e-09,0.563463048225887,0.483,0.234,0.000298121962045035,c7,Metap1,0.249,0.120267
9.26159295377123e-09,0.469542085268724,0.727,0.373,0.000298501140900047,c7,Rbm12b2,0.354,0.257358
9.43427113469436e-09,0.396609990109894,0.552,0.26,0.000304066558671199,c7,Ube2j2,0.292,0.161184
9.4652488137702e-09,0.474798663047168,0.573,0.282,0.000305064969267813,c7,Bub3,0.291,0.166743
9.49232291011582e-09,0.428783152051707,0.629,0.319,0.000305937567393033,c7,Slc33a1,0.31,0.19499
9.50762330473198e-09,0.506426902786479,0.643,0.332,0.000306430699111512,c7,Cenpb,0.311,0.199973
9.51023261759409e-09,0.591621600295321,0.273,0.108,0.000306514797265057,c7,Adamts1,0.165,0.045045
9.56677986216574e-09,0.61101235359063,0.315,0.13,0.000308337314957602,c7,Tbc1d2b,0.185,0.058275
9.58289683420592e-09,0.40516741023864,0.469,0.215,0.000308856764966457,c7,Atmin,0.254,0.119126
9.62384008787424e-09,0.500253427279284,0.608,0.308,0.000310176366032187,c7,Cog2,0.3,0.1824
9.69544990842766e-09,0.614829823459063,0.364,0.16,0.000312484350548624,c7,Dhodh,0.204,0.074256
1.0015728439503e-08,0.51516263687152,0.448,0.209,0.000322806927605183,c7,Utp18,0.239,0.107072
1.00997524599358e-08,0.415939175898169,0.552,0.264,0.000325515021783731,c7,Tmem86b,0.288,0.158976
1.02161452593567e-08,0.345194971539502,0.615,0.305,0.000329266361709067,c7,Ak2,0.31,0.19065
1.03522215672243e-08,0.844277908760948,0.308,0.129,0.000333652101111638,c7,Rrs1,0.179,0.055132
1.03895465113563e-08,0.482424382073739,0.538,0.262,0.000334855084061012,c7,Fbxo33,0.276,0.148488
1.04000126168954e-08,0.53868228079814,0.392,0.174,0.000335192406642538,c7,Abraxas2,0.218,0.085456
1.06349037141293e-08,0.500985322415686,0.636,0.328,0.000342762946706387,c7,Tmem265,0.308,0.195888
1.07223440554216e-08,0.51620703561184,0.874,0.503,0.000345581148906239,c7,Crk,0.371,0.324254
1.07575568167258e-08,0.552317171696409,0.699,0.408,0.000346716056203073,c7,Chmp5,0.291,0.203409
1.07739678288855e-08,0.416119673587253,0.664,0.33,0.000347244983124979,c7,Sap30bp,0.334,0.221776
1.0798292548903e-08,0.541909920710674,0.434,0.201,0.000348028968851145,c7,G6pdx,0.233,0.101122
1.0892007547562e-08,0.517521456757392,0.469,0.221,0.000351049403257922,c7,Tmem18,0.248,0.116312
1.09112210005892e-08,0.485582352560591,0.783,0.43,0.000351668652848991,c7,Capzb,0.353,0.276399
1.10642199448416e-08,0.493794782466683,0.42,0.191,0.000356599808822246,c7,Zbtb8os,0.229,0.09618
1.11141615704638e-08,0.49695554597613,0.79,0.421,0.000358209427416048,c7,Ranbp3,0.369,0.29151
1.1272358621893e-08,0.53104495312497,0.825,0.498,0.000363308118383611,c7,Dnaja2,0.327,0.269775
1.13996289406694e-08,0.489443286218589,0.671,0.356,0.000367410040757775,c7,Atp5j,0.315,0.211365
1.17194818880099e-08,0.387512114259393,0.657,0.327,0.00037771890125056,c7,Mpv17,0.33,0.21681
1.17296028717264e-08,0.553752129027577,0.58,0.303,0.00037804510055574,c7,Ints7,0.277,0.16066
1.17556365114507e-08,0.480845997978731,0.762,0.403,0.000378884164764056,c7,Rnf146,0.359,0.273558
1.18457068717446e-08,0.49203177851995,0.608,0.306,0.000381787132476327,c7,Samd4b,0.302,0.183616
1.18811615979427e-08,0.670503514807747,0.385,0.177,0.000382929838301695,c7,Brat1,0.208,0.08008
1.19055156094792e-08,0.391336015184521,0.524,0.25,0.000383714768093515,c7,Pip4p2,0.274,0.143576
1.19284036939753e-08,0.533732764681521,0.664,0.353,0.000384452451056823,c7,Iws1,0.311,0.206504
1.20634265304974e-08,0.458498941244034,0.748,0.395,0.000388804237077932,c7,Stk38,0.353,0.264044
1.20859131896305e-08,0.504943897680501,0.49,0.232,0.000389528982101793,c7,Hbs1l,0.258,0.12642
1.21419980323006e-08,0.484438017951005,0.608,0.307,0.000391336596581047,c7,Impdh2,0.301,0.183008
1.21755049759599e-08,0.482430200119562,0.769,0.417,0.000392416525375188,c7,Cfl2,0.352,0.270688
1.22804784757132e-08,0.662684810916752,0.273,0.108,0.000395799821272235,c7,Rnf170,0.165,0.045045
1.23187424605799e-08,0.49734888476637,0.692,0.363,0.000397033069504491,c7,P4htm,0.329,0.227668
1.23893726199524e-08,0.59195133012187,0.58,0.309,0.000399309479541067,c7,Pcdhga7,0.271,0.15718
1.24875279713682e-08,0.514008811120397,0.923,0.595,0.000402473026517196,c7,Ivns1abp,0.328,0.302744
1.2633891902958e-08,0.47877135259274,0.594,0.301,0.000407190336032336,c7,Kat8,0.293,0.174042
1.26360856434431e-08,0.501980945583157,0.545,0.27,0.000407261040288171,c7,Klhdc4,0.275,0.149875
1.28484192339267e-08,0.508787974171621,0.629,0.326,0.000414104551909456,c7,Ramac,0.303,0.190587
1.29101238376563e-08,0.512450679112802,0.734,0.395,0.000416093291287662,c7,Eif3d,0.339,0.248826
1.2947650762875e-08,0.472628439526915,0.49,0.233,0.000417302784087461,c7,Tmod3,0.257,0.12593
1.31345467999342e-08,0.471085553643436,0.699,0.359,0.000423326443361881,c7,Nop58,0.34,0.23766
1.34381107648365e-08,0.510683637986998,0.944,0.587,0.00043311030995068,c7,Srek1,0.357,0.337008
1.34477311754522e-08,0.735020536261652,0.287,0.118,0.000433420375784823,c7,Snx30,0.169,0.048503
1.36226304414337e-08,0.406584441807428,0.413,0.188,0.000439057379127408,c7,Hsdl2,0.225,0.092925
1.37329300708247e-08,0.467144280305833,0.517,0.259,0.00044261233618268,c7,Utp14b,0.258,0.133386
1.38055514855326e-08,0.62434585262229,0.434,0.205,0.000444952924378715,c7,Mto1,0.229,0.099386
1.38337612123345e-08,0.52173553817288,0.49,0.234,0.00044586212387354,c7,Orc2,0.256,0.12544
1.3839544439671e-08,0.982156458072006,0.273,0.113,0.000446048517290597,c7,Ephx2,0.16,0.04368
1.3919690482716e-08,0.585995286689832,0.385,0.174,0.000448631624257936,c7,Zfp790,0.211,0.081235
1.41205507442041e-08,0.512583923245654,0.86,0.494,0.000455105350485699,c7,Msl2,0.366,0.31476
1.41724240756639e-08,0.655718663728831,0.301,0.124,0.000456777227958647,c7,Rpap2,0.177,0.053277
1.43015433650621e-08,0.546052397612753,0.573,0.293,0.00046093874265595,c7,Zfp655,0.28,0.16044
1.43964413637903e-08,0.43818270515285,0.49,0.232,0.000463997305154961,c7,Sptlc1,0.258,0.12642
1.43996404891236e-08,0.510018788811793,0.881,0.502,0.000464100412964454,c7,Ago2,0.379,0.333899
1.44126996591671e-08,0.465919874478646,0.748,0.395,0.000464521310014957,c7,Fgfr1op2,0.353,0.264044
1.44463662909893e-08,0.765874963864108,0.322,0.139,0.000465606385558585,c7,Trim11,0.183,0.058926
1.45202741757913e-08,0.489586946002877,0.601,0.307,0.000467988436685753,c7,Cyb5r4,0.294,0.176694
1.46448640073756e-08,0.508712020583009,0.783,0.425,0.000472003966957715,c7,Ythdc1,0.358,0.280314
1.46667546770333e-08,0.392612502371559,0.357,0.154,0.000472709503240784,c7,Col4a2,0.203,0.072471
1.46978285388743e-08,0.561313143820851,0.762,0.485,0.00047371101380792,c7,Eef2,0.277,0.211074
1.48930970634139e-08,0.58354995245646,0.336,0.143,0.00048000451835383,c7,Coq6,0.193,0.064848
1.49721443668795e-08,0.436084737055554,0.441,0.201,0.000482552212944527,c7,Prpf4,0.24,0.10584
1.50218073184806e-08,0.500706432360728,0.846,0.494,0.00048415284987463,c7,Tmem33,0.352,0.297792
1.5056925386006e-08,0.69153387532786,0.301,0.126,0.000485284705190974,c7,Dpagt1,0.175,0.052675
1.51114795961266e-08,0.509809265886064,0.434,0.202,0.00048704298738316,c7,Ercc1,0.232,0.100688
1.52082694227487e-08,0.50373405313486,0.902,0.568,0.000490162523495189,c7,Mib1,0.334,0.301268
1.52948666192132e-08,0.508350470667909,0.888,0.505,0.000492953551137241,c7,Ep400,0.383,0.340104
1.54193548646264e-08,0.541994606043817,0.671,0.367,0.000496965807286908,c7,Mia2,0.304,0.203984
1.55985105174242e-08,0.726042109539115,0.315,0.135,0.000502739993976582,c7,Pi4kb,0.18,0.0567
1.5600117457228e-08,0.493076335774887,0.483,0.231,0.000502791785646457,c7,Lamtor1,0.252,0.121716
1.58478629349941e-08,0.932381246860953,0.343,0.157,0.000510776622394859,c7,Ak4,0.186,0.063798
1.58746494144734e-08,0.548311366542094,0.455,0.217,0.000511639950628478,c7,Emc6,0.238,0.10829
1.5979290565244e-08,0.507591621336605,0.601,0.307,0.000515012534917814,c7,Clint1,0.294,0.176694
1.63169002596669e-08,0.487947239097386,0.888,0.49,0.000525893695369063,c7,Rb1,0.398,0.353424
1.64661418075521e-08,0.4909733742511,0.524,0.259,0.000530703750457404,c7,Cox19,0.265,0.13886
1.64878503347226e-08,0.522582181833805,0.392,0.176,0.00053140341628811,c7,Gtf2h3,0.216,0.084672
1.65688528304961e-08,0.52146019736815,0.657,0.352,0.000534014126726889,c7,Rad23a,0.305,0.200385
1.6581301657154e-08,0.520658232804823,0.706,0.387,0.000534415352410072,c7,Lsm12,0.319,0.225214
1.66139691604855e-08,0.527447153846593,0.881,0.517,0.000535468226042449,c7,Ckap5,0.364,0.320684
1.66251613161646e-08,0.443701465795084,0.783,0.408,0.000535828949219986,c7,Nemf,0.375,0.293625
1.68164316160808e-08,0.993957258839259,0.448,0.236,0.000541993590986285,c7,Pcsk2,0.212,0.094976
1.69528768570706e-08,0.467215240260843,0.699,0.368,0.000546391221103385,c7,Vkorc1l1,0.331,0.231369
1.71555496408667e-08,0.507268748067271,0.587,0.295,0.000552923364925133,c7,Txlna,0.292,0.171404
1.74590251136527e-08,0.414803224277329,0.664,0.327,0.000562704379413028,c7,Slc4a1ap,0.337,0.223768
1.74794970659208e-08,0.406277424462663,0.65,0.325,0.000563364190434628,c7,Fkbp15,0.325,0.21125
1.74913611924088e-08,0.441299853872425,0.573,0.282,0.000563746571231335,c7,Tbc1d23,0.291,0.166743
1.76257888939248e-08,0.518129437319223,0.434,0.205,0.000568079176051196,c7,Acyp1,0.229,0.099386
1.76669530074105e-08,0.479714944225762,0.622,0.317,0.000569405895428841,c7,Plrg1,0.305,0.18971
1.7903740751541e-08,0.649307636960345,0.399,0.185,0.000577037564422165,c7,Zbtb49,0.214,0.085386
1.81606002908095e-08,0.476867648608132,0.545,0.268,0.000585316147372792,c7,Snx6,0.277,0.150965
1.84628462419042e-08,0.409074967818566,0.727,0.385,0.000595057534376574,c7,Os9,0.342,0.248634
1.85337869613131e-08,0.294572166798357,0.615,0.293,0.000597343953763122,c7,Capns1,0.322,0.19803
1.85338564305586e-08,0.3630821827632,0.608,0.297,0.000597346192756902,c7,Rufy1,0.311,0.189088
1.86096073294172e-08,0.733813822742531,0.266,0.106,0.000599787644227115,c7,Tmem101,0.16,0.04256
1.87573516429925e-08,0.728563093646165,0.322,0.139,0.000604549443453649,c7,Pgm3,0.183,0.058926
1.90208173653813e-08,0.477008694879155,0.692,0.37,0.00061304094368624,c7,Maea,0.322,0.222824
1.91828629145306e-08,0.546050502931839,0.357,0.157,0.000618263671735322,c7,Nutf2-ps1,0.2,0.0714
1.92023897697759e-08,0.503548029113553,0.937,0.574,0.000618893022279878,c7,Araf,0.363,0.340131
1.93323664766475e-08,0.470987102323121,0.657,0.34,0.000623082171542348,c7,Plekhj1,0.317,0.208269
1.93429617949081e-08,0.555410746354756,0.769,0.461,0.000623423658649888,c7,Eif3g,0.308,0.236852
1.94127092084892e-08,0.434348098709197,0.427,0.193,0.000625671617789608,c7,Zfp553,0.234,0.099918
1.95704188411538e-08,0.434350764515738,0.49,0.231,0.000630754599250388,c7,Ccdc58,0.259,0.12691
1.97596469181801e-08,0.436751583764971,0.79,0.418,0.000636853420172945,c7,Arf4,0.372,0.29388
1.98380102585804e-08,0.586741491810072,0.287,0.116,0.000639379070634046,c7,Tagap1,0.171,0.049077
1.99914662158358e-08,0.573623486798081,0.413,0.192,0.000644324956136389,c7,Elof1,0.221,0.091273
2.00162332895931e-08,0.49394412919948,0.531,0.263,0.000645123198923586,c7,Gpatch2,0.268,0.142308
2.01027083832836e-08,0.602188431754923,0.336,0.145,0.00064791029119323,c7,Chchd4,0.191,0.064176
2.02849087780984e-08,0.470097993792885,0.552,0.275,0.00065378260991811,c7,Pcdhgb5,0.277,0.152904
2.05665976925304e-08,0.553326744586673,0.406,0.188,0.000662861443630255,c7,Polr1a,0.218,0.088508
2.05825083755319e-08,0.418424145379431,0.629,0.315,0.000663374244943392,c7,Abcf3,0.314,0.197506
2.08378774048494e-08,0.489908737121257,0.776,0.434,0.000671604788758295,c7,Cox6c,0.342,0.265392
2.08941272816154e-08,0.420359204359939,0.727,0.372,0.000673417722286464,c7,Anks3,0.355,0.258085
2.12871097052161e-08,0.491404939962928,0.573,0.29,0.000686083545799115,c7,AI837181,0.283,0.162159
2.14585209094391e-08,0.742118590924008,0.392,0.184,0.000691608128911223,c7,Pak7,0.208,0.081536
2.16134291629522e-08,0.608665897446707,0.329,0.141,0.000696600821921948,c7,Triap1,0.188,0.061852
2.17729066609315e-08,0.830152795781252,0.287,0.121,0.000701740781681823,c7,Umps,0.166,0.047642
2.19368123580595e-08,0.502964747477441,0.622,0.325,0.000707023462300257,c7,Gatad1,0.297,0.184734
2.21379127558451e-08,0.653421642245959,0.364,0.164,0.000713504928120887,c7,Dkc1,0.2,0.0728
2.23029963091052e-08,0.658580870441858,0.392,0.183,0.000718825571042461,c7,Mtmr14,0.209,0.081928
2.25156515671113e-08,0.448423210920785,0.629,0.32,0.000725679450007996,c7,Timm10b,0.309,0.194361
2.26266148114665e-08,0.525031106685492,0.462,0.221,0.000729255795373566,c7,Med9,0.241,0.111342
2.29521290435947e-08,0.506110484551727,0.594,0.306,0.000739747119075057,c7,Rcor3,0.288,0.171072
2.33217921009655e-08,0.466016318774378,0.72,0.382,0.000751661359414118,c7,Mcrip1,0.338,0.24336
2.33790849241483e-08,0.451755935896999,0.629,0.321,0.000753507907105301,c7,Atxn7,0.308,0.193732
2.34425889779221e-08,0.468594177577452,0.51,0.257,0.000755554642758431,c7,Ddt,0.253,0.12903
2.37453941512928e-08,0.433777123545685,0.713,0.368,0.000765314053496168,c7,Cept1,0.345,0.245985
2.38299293336164e-08,0.522210680853482,0.881,0.562,0.000768038622422456,c7,Pnrc1,0.319,0.281039
2.38542293377188e-08,0.552424161957436,0.762,0.468,0.000768821811554676,c7,Btbd1,0.294,0.224028
2.40548618932557e-08,0.4902865326964,0.86,0.491,0.000775288198819632,c7,Clptm1l,0.369,0.31734
2.45657712188015e-08,0.603156911486515,0.315,0.134,0.000791754806381974,c7,Zfp3,0.181,0.057015
2.46784608008172e-08,0.516993404907234,0.608,0.317,0.00079538679161034,c7,Cant1,0.291,0.176928
2.51621185262306e-08,0.579443131875588,0.51,0.26,0.000810975080100411,c7,Sgcb,0.25,0.1275
2.51901416943766e-08,0.465853077203588,0.559,0.282,0.000811878266809758,c7,Usf3,0.277,0.154843
2.52617282013814e-08,0.504775088134541,0.811,0.469,0.000814185499930521,c7,Dnajb6,0.342,0.277362
2.55128927249195e-08,0.563664025115748,0.42,0.198,0.000822280532524156,c7,Timm23,0.222,0.09324
2.56187081821371e-08,0.436402747565199,0.483,0.229,0.000825690964710278,c7,Rnf31,0.254,0.122682
2.57072288821186e-08,0.551203016383224,0.545,0.276,0.000828543986870681,c7,Neurl1a,0.269,0.146605
2.57363905466214e-08,0.496778517287564,0.797,0.448,0.000829483867317606,c7,Atl2,0.349,0.278153
2.59459653513304e-08,0.391173855720831,0.874,0.485,0.000836238463273378,c7,Amfr,0.389,0.339986
2.61449327572833e-08,0.479409025408764,0.42,0.193,0.000842651182767241,c7,Fiz1,0.227,0.09534
2.61979198985798e-08,0.426071097987076,0.58,0.287,0.000844358958331227,c7,Birc2,0.293,0.16994
2.62330949042544e-08,0.519175366624916,0.972,0.617,0.000845492648764118,c7,Rbm5,0.355,0.34506
2.64790176952972e-08,0.319135508450873,0.608,0.3,0.00085341874031943,c7,Pfn1,0.308,0.187264
2.65066957105972e-08,0.449545088264323,0.343,0.147,0.000854310802752549,c7,Retreg1,0.196,0.067228
2.65503778397946e-08,0.548048518917047,0.357,0.158,0.000855718677776581,c7,Cdc42se1,0.199,0.071043
2.66448644003131e-08,0.438933007401181,0.476,0.225,0.000858763979622091,c7,Lrif1,0.251,0.119476
2.67458660196285e-08,0.44499635657698,0.811,0.436,0.000862019261812627,c7,Abhd17a,0.375,0.304125
2.67551590339782e-08,0.441745281639828,0.552,0.272,0.000862318775665117,c7,Pdk3,0.28,0.15456
2.6850609223517e-08,0.350063182716329,0.51,0.245,0.000865395135273954,c7,Tmco3,0.265,0.13515
2.69496338353359e-08,0.797927384166,0.252,0.1,0.000868586698512877,c7,Sipa1,0.152,0.038304
2.69851056933637e-08,0.557252625736234,0.538,0.28,0.000869729956497113,c7,Rapgef6,0.258,0.138804
2.71842484592336e-08,0.511817327184773,0.867,0.518,0.000876148327841099,c7,Nf1,0.349,0.302583
2.72474314928985e-08,0.428055575505669,0.734,0.376,0.000878184717016117,c7,Slc20a1,0.358,0.262772
2.73842347857042e-08,0.483021924133486,0.846,0.476,0.000882593887143245,c7,Psmd1,0.37,0.31302
2.77572285201559e-08,0.567271401810867,0.336,0.146,0.000894615475204624,c7,Mfsd5,0.19,0.06384
2.78410190856374e-08,0.436128628387872,0.371,0.162,0.000897316045130094,c7,Ndst2,0.209,0.077539
2.80873993794237e-08,0.386061455742151,0.755,0.388,0.000905256881998826,c7,Tmed4,0.367,0.277085
2.8093048762865e-08,0.498523675961165,0.49,0.239,0.000905438961627138,c7,Urm1,0.251,0.12299
2.81181978057721e-08,0.866919775313876,0.315,0.14,0.000906249515280036,c7,Nrde2,0.175,0.055125
2.81510571736127e-08,0.605384740110859,0.531,0.277,0.000907308572705537,c7,Pcdhga5,0.254,0.134874
2.87792262806326e-08,0.514477181009142,0.86,0.492,0.000927554463024787,c7,Patz1,0.368,0.31648
2.88461311010288e-08,0.429994274945188,0.678,0.35,0.000929710805386158,c7,Ssbp1,0.328,0.222384
2.89324468944948e-08,0.616082921547535,0.413,0.197,0.000932492763409566,c7,Pwp1,0.216,0.089208
2.90340277046326e-08,0.451837042026361,0.72,0.387,0.000935766712920308,c7,Uqcrb,0.333,0.23976
2.96274814585854e-08,0.476437229032406,0.524,0.257,0.000954893727410209,c7,DEPRECATED-ENSMUSG00000026634,0.267,0.139908
2.96599192632334e-08,0.503891657640185,0.594,0.307,0.000955939197854013,c7,Cacul1,0.287,0.170478
2.98361008643983e-08,0.514744132220562,0.587,0.317,0.000961617530859557,c7,Atp5e,0.27,0.15849
2.99745660971227e-08,0.459906116052133,0.49,0.235,0.000966080265310264,c7,Pop4,0.255,0.12495
3.013700561275e-08,0.504605507799328,0.497,0.244,0.000971315690898933,c7,Nfrkb,0.253,0.125741
3.02384748521746e-08,0.489225116321014,0.476,0.227,0.000974586044485588,c7,Snrpb2,0.249,0.118524
3.03149036141498e-08,0.452864754610329,0.706,0.376,0.000977049343484048,c7,Ift172,0.33,0.23298
3.07815428863035e-08,0.491334490226345,0.902,0.529,0.000992089127225562,c7,Atp11b,0.373,0.336446
3.10120559794906e-08,0.510734122326792,0.294,0.121,0.000999518564218983,c7,Wdyhv1,0.173,0.050862
3.13037894749867e-08,0.619242055047613,0.434,0.208,0.00100892113477882,c7,Ascc2,0.226,0.098084
3.17955227746428e-08,0.460592730784646,0.706,0.371,0.00102476969902674,c7,Yipf5,0.335,0.23651
3.20280238871639e-08,0.468293387776223,0.93,0.599,0.00103226320988329,c7,Selenow,0.331,0.30783
3.20378953597816e-08,0.527453712003763,0.923,0.596,0.00103258136744576,c7,Eno2,0.327,0.301821
3.21019873051197e-08,0.482470984780512,0.825,0.467,0.00103464705084401,c7,Ppfia1,0.358,0.29535
3.21386322732227e-08,0.624926683424087,0.364,0.164,0.00103582811816597,c7,Exoc8,0.2,0.0728
3.21576282254746e-08,0.48522232409858,0.699,0.379,0.00103644035770705,c7,Psma1,0.32,0.22368
3.2283536691662e-08,0.465530648813327,0.643,0.336,0.00104049838757227,c7,Tars,0.307,0.197401
3.25215736832036e-08,0.444976609576942,0.469,0.224,0.00104817031980965,c7,Parl,0.245,0.114905
3.29789193363275e-08,0.577414794796675,0.531,0.276,0.00106291057020984,c7,Kctd5,0.255,0.135405
3.30013428194873e-08,0.40937448534315,0.385,0.172,0.00106363327907208,c7,Pepd,0.213,0.082005
3.30920291023998e-08,0.398644759757677,0.615,0.307,0.00106655609797034,c7,Ercc3,0.308,0.18942
3.32024885648471e-08,0.501840693904935,0.811,0.534,0.00107011620644502,c7,Elob,0.277,0.224647
3.3641746931305e-08,0.58643192595491,0.371,0.168,0.00108427350359596,c7,Sec61b,0.203,0.075313
3.4027064690284e-08,0.434392892984045,0.476,0.226,0.00109669229496785,c7,Heatr6,0.25,0.119
3.44695897814033e-08,0.510603313912172,0.93,0.58,0.00111095487865463,c7,Rbbp6,0.35,0.3255
3.46553800809798e-08,0.466537788596596,0.601,0.306,0.00111694290000998,c7,Taf15,0.295,0.177295
3.52685875958592e-08,0.476521273672085,0.427,0.198,0.00113670657821454,c7,Eef1d,0.229,0.097783
3.52840750615072e-08,0.489350457880546,0.538,0.272,0.00113720573923238,c7,Pak1ip1,0.266,0.143108
3.53067669327856e-08,0.49264807985596,0.552,0.278,0.00113793709824368,c7,Ddx47,0.274,0.151248
3.53792762784962e-08,0.477062276883961,0.818,0.446,0.00114027407445593,c7,Gtpbp2,0.372,0.304296
3.53840848416377e-08,0.823325140137626,0.266,0.109,0.00114042905444598,c7,Kazn,0.157,0.041762
3.54033114155815e-08,0.518453944485059,0.79,0.458,0.00114104872692419,c7,Jmy,0.332,0.26228
3.56071503332684e-08,0.566244775095772,0.399,0.186,0.00114761845524124,c7,Dmac1,0.213,0.084987
3.56110091888399e-08,0.450248815786748,0.483,0.234,0.00114774282615631,c7,Tmem19,0.249,0.120267
3.5651500907571e-08,0.506927043357727,0.909,0.554,0.00114904787425101,c7,Rbbp4,0.355,0.322695
3.57519644543588e-08,0.47535748832609,0.608,0.315,0.00115228581436398,c7,Def8,0.293,0.178144
3.58139837606946e-08,0.450648787876069,0.706,0.377,0.00115428469660719,c7,Cops7a,0.329,0.232274
3.62868054969036e-08,0.452341602681403,0.587,0.299,0.0011695237411652,c7,Dmac2,0.288,0.169056
3.62987848066504e-08,0.511623868095032,0.427,0.201,0.00116990983431834,c7,Dcp1b,0.226,0.096502
3.64206231493468e-08,0.479047101812705,0.657,0.346,0.00117383668410345,c7,Brd3,0.311,0.204327
3.65017883662243e-08,0.509004799902638,0.65,0.352,0.00117645263904341,c7,Vps11,0.298,0.1937
3.68555060840466e-08,0.514110689819032,0.538,0.274,0.00118785296108882,c7,Cbl,0.264,0.142032
3.75033147229788e-08,0.402307170151721,0.538,0.258,0.00120873183352161,c7,Ccser1,0.28,0.15064
3.75244075586181e-08,0.464325185967864,0.944,0.632,0.00120941165561426,c7,Tmem30a,0.312,0.294528
3.75630548609407e-08,0.628504148619621,0.252,0.099,0.00121065725816812,c7,Lsm5,0.153,0.038556
3.79008189630222e-08,0.567402065636725,0.364,0.164,0.0012215433951782,c7,B3galnt2,0.2,0.0728
3.81328457667832e-08,0.787723516616052,0.322,0.145,0.00122902161906342,c7,Cntrob,0.177,0.056994
3.81401471778081e-08,0.57304990681234,0.441,0.215,0.00122925694354076,c7,Tbc1d7,0.226,0.099666
3.83354425835791e-08,0.710260841698995,0.315,0.139,0.00123555131446875,c7,Coasy,0.176,0.05544
3.8385687853781e-08,0.465874638019325,0.49,0.238,0.00123717071952736,c7,Esf1,0.252,0.12348
3.8473099000742e-08,0.54788783459112,0.308,0.13,0.00123998798079391,c7,Dusp19,0.178,0.054824
3.89716995629836e-08,0.477593119176879,0.469,0.225,0.00125605787691496,c7,Acrbp,0.244,0.114436
3.94752898591703e-08,0.45312641857795,0.755,0.414,0.00127228859216106,c7,Ddost,0.341,0.257455
3.95794711173295e-08,0.443695063738499,0.643,0.331,0.00127564635411153,c7,Capn10,0.312,0.200616
3.96295739694164e-08,0.522783541031932,0.497,0.247,0.00127726116903429,c7,Axin1,0.25,0.12425
3.98374914715508e-08,0.402625933761389,0.531,0.265,0.00128396235012808,c7,Micos13,0.266,0.141246
4.00596219414392e-08,0.452621612224827,0.783,0.421,0.00129112161517259,c7,Micos10,0.362,0.283446
4.01291649174422e-08,0.477045613248313,0.65,0.346,0.00129336298528916,c7,Fam173a,0.304,0.1976
4.11201373057098e-08,0.459088425188233,0.622,0.321,0.00132530202536303,c7,Hspa14,0.301,0.187222
4.156230697553e-08,0.500344342786384,0.741,0.414,0.00133955315382133,c7,Prcc,0.327,0.242307
4.17990377568609e-08,0.423161441404685,0.713,0.373,0.00134718298690363,c7,Dgcr8,0.34,0.24242
4.20659442794817e-08,0.453912552976746,0.413,0.19,0.00135578538412769,c7,Cox10,0.223,0.092099
4.21765489876424e-08,0.614357375595407,0.364,0.168,0.00135935017387172,c7,Hibch,0.196,0.071344
4.22364682282464e-08,0.41111760883752,0.531,0.261,0.00136128137099638,c7,Psmd9,0.27,0.14337
4.23039847405368e-08,0.430327760971581,0.538,0.265,0.0013634574281875,c7,Hip1,0.273,0.146874
4.34741774852132e-08,0.500049344095363,0.573,0.295,0.00140117274034842,c7,Jtb,0.278,0.159294
4.39483651581289e-08,0.545551365309546,0.643,0.366,0.0014164558090465,c7,Ubl7,0.277,0.178111
4.39814329282196e-08,0.49244247137043,0.86,0.51,0.00141752158327652,c7,Golga4,0.35,0.301
4.43562038054744e-08,0.430542090249303,0.315,0.132,0.00142960044865044,c7,Smox,0.183,0.057645
4.46713362310869e-08,0.448207323159643,0.685,0.361,0.00143975716672793,c7,Zfp131,0.324,0.22194
4.47180908320924e-08,0.463821078678497,0.678,0.361,0.00144126406751834,c7,Tmem9b,0.317,0.214926
4.48122431966282e-08,0.488465775709,0.734,0.407,0.00144429859822733,c7,Psmd12,0.327,0.240018
4.50406548453147e-08,0.495048639522554,0.657,0.357,0.00145166030566449,c7,Fam135a,0.3,0.1971
4.52465964139878e-08,0.534593760806444,0.601,0.322,0.00145829780242283,c7,Srp19,0.279,0.167679
4.55049438538775e-08,0.458122167815275,0.776,0.424,0.00146662434041047,c7,Mdm4,0.352,0.273152
4.55410389373887e-08,0.446803067121914,0.755,0.4,0.00146778768495204,c7,Ncapd3,0.355,0.268025
4.57334454901927e-08,0.513383581176255,0.685,0.378,0.00147398894814891,c7,Trappc11,0.307,0.210295
4.57397490093371e-08,0.594942414291518,0.427,0.206,0.00147419211057093,c7,Snrpg,0.221,0.094367
4.61053655427818e-08,0.420735060265518,0.517,0.257,0.00148597593144386,c7,Slc35b2,0.26,0.13442
4.64529229778448e-08,0.347418589271935,0.608,0.308,0.00149717770757594,c7,Echs1,0.3,0.1824
4.64971320565008e-08,0.473671135153611,0.755,0.415,0.00149860256618102,c7,Bmt2,0.34,0.2567
4.70929656248765e-08,0.482771040158952,0.587,0.307,0.00151780628208977,c7,Lsm8,0.28,0.16436
4.75690384861853e-08,0.480219554199216,0.545,0.275,0.00153315011040975,c7,Rnf8,0.27,0.14715
4.82637201552156e-08,0.375137406215535,0.427,0.199,0.0015555397006026,c7,Stim2,0.228,0.097356
4.85030405437561e-08,0.504178540827271,0.937,0.63,0.00156325299672526,c7,Nsf,0.307,0.287659
4.86108398213245e-08,0.510735487733428,0.783,0.503,0.00156672736744129,c7,Atp5f1,0.28,0.21924
4.94472372045656e-08,0.56928405394371,0.357,0.162,0.00159368445510315,c7,Tmem150a,0.195,0.069615
4.94548387746914e-08,0.487749280616204,0.748,0.415,0.0015939294537083,c7,Arl8b,0.333,0.249084
4.98133954572192e-08,0.600931360677002,0.42,0.206,0.00160548573558617,c7,Gcsh,0.214,0.08988
4.98230386127944e-08,0.49363148013677,0.972,0.564,0.00160579653449036,c7,Pde4dip,0.408,0.396576
4.99039882879924e-08,0.437741900081164,0.755,0.4,0.001608405542522,c7,Lamtor3,0.355,0.268025
5.04576834144802e-08,0.503934566396786,0.517,0.261,0.0016262511364487,c7,Prpf3,0.256,0.132352
5.2004320470854e-08,0.494979724673918,0.86,0.514,0.00167609924877562,c7,Csnk2a1,0.346,0.29756
5.21622267329478e-08,0.502057530665279,0.797,0.47,0.00168118856760291,c7,Snx3,0.327,0.260619
5.2271670025617e-08,0.632470978039618,0.392,0.184,0.00168471592492564,c7,Zxdb,0.208,0.081536
5.23230533113341e-08,0.649136411243033,0.378,0.177,0.0016863720082243,c7,Tor1b,0.201,0.075978
5.24592197469105e-08,0.488300782219404,0.517,0.259,0.00169076065244292,c7,Pold3,0.258,0.133386
5.29403200350021e-08,0.502659077033539,0.818,0.469,0.00170626651472812,c7,Cmtr1,0.349,0.285482
5.29896272441013e-08,0.487841977458395,0.783,0.437,0.00170785568607739,c7,Hdac1,0.346,0.270918
5.36119003176557e-08,0.466539584986086,0.636,0.339,0.00172791154723804,c7,Srp68,0.297,0.188892
5.3847639303653e-08,0.458786368914035,0.587,0.302,0.00173550941475673,c7,Mul1,0.285,0.167295
5.46109594160579e-08,0.47791296463236,0.441,0.214,0.00176011122197955,c7,Acad11,0.227,0.100107
5.4718315554044e-08,0.498456986850097,0.762,0.44,0.00176357131030684,c7,Eapp,0.322,0.245364
5.51141044589453e-08,0.467063803092663,0.832,0.457,0.00177632758671181,c7,Sbno1,0.375,0.312
5.60424739486495e-08,0.3844832720372,0.587,0.29,0.00180624893536497,c7,Usp38,0.297,0.174339
5.62865005880331e-08,0.48952671044926,0.427,0.202,0.00181411391395231,c7,Diablo,0.225,0.096075
5.71114457814884e-08,0.486331638529,0.888,0.546,0.00184070189753737,c7,Kat6b,0.342,0.303696
5.73563298116609e-08,0.536157703764318,0.427,0.204,0.00184859450982983,c7,Josd2,0.223,0.095221
5.75469198156801e-08,0.452854899921322,0.434,0.204,0.00185473722565937,c7,Dhx35,0.23,0.09982
5.84980523747242e-08,0.59311945164927,0.434,0.215,0.00188539222803736,c7,Med30,0.219,0.095046
5.86613651747495e-08,0.427661211602876,0.972,0.723,0.00189065579958218,c7,Dync1h1,0.249,0.242028
5.90494608396644e-08,0.451147512828724,0.587,0.301,0.00190316412286238,c7,Ick,0.286,0.167882
5.92022273046075e-08,0.41723809277509,0.678,0.366,0.0019080877860275,c7,Cox17,0.312,0.211536
5.94186661925502e-08,0.541948904121474,0.531,0.275,0.00191506361138589,c7,Fbxw2,0.256,0.135936
5.97625196884308e-08,0.44729848325979,0.881,0.503,0.00192614600955813,c7,Tmed7,0.378,0.333018
6.00305511382751e-08,0.570661580468123,0.441,0.216,0.00193478466318661,c7,Slc25a16,0.225,0.099225
6.15778327912976e-08,0.676588555122765,0.35,0.161,0.00198465355086352,c7,Hexim2,0.189,0.06615
6.166590409007e-08,0.498616232695391,0.643,0.352,0.00198749208882296,c7,Ythdf1,0.291,0.187113
6.20779148403003e-08,0.685115733039945,0.343,0.158,0.00200077119530288,c7,Rsrc1,0.185,0.063455
6.21038504668984e-08,0.56369355295016,0.399,0.19,0.00200160710054813,c7,Tnip1,0.209,0.083391
6.28904127181007e-08,0.457622585937644,0.497,0.246,0.00202695800190439,c7,Ndufaf4,0.251,0.124747
6.3275924452721e-08,0.67827040471723,0.266,0.109,0.0020393830451112,c7,Jazf1,0.157,0.041762
6.34049090833976e-08,0.435933820233981,0.58,0.293,0.0020435402197579,c7,Susd6,0.287,0.16646
6.35048229349293e-08,0.683779285719773,0.385,0.186,0.00204676044319277,c7,Pfdn4,0.199,0.076615
6.37592860420162e-08,0.556414653261254,0.378,0.175,0.00205496178913418,c7,Endog,0.203,0.076734
6.39095763986052e-08,0.506733159754966,0.566,0.296,0.00205980564732704,c7,Phf20,0.27,0.15282
6.41079590290056e-08,0.469707415261584,0.643,0.34,0.00206619951950485,c7,Elf2,0.303,0.194829
6.43645417455239e-08,0.455071656610545,0.72,0.387,0.00207446918045823,c7,Rif1,0.333,0.23976
6.44228485347939e-08,0.456006049347934,0.538,0.272,0.00207634840827641,c7,Bag5,0.266,0.143108
6.44629039074125e-08,0.45681587176081,0.608,0.314,0.00207763939293591,c7,Csnk2a2,0.294,0.178752
6.48341660626679e-08,0.778165936991988,0.371,0.18,0.00208960517219979,c7,Itpr1,0.191,0.070861
6.58686728947508e-08,0.447682582070943,0.741,0.401,0.00212294732739782,c7,Ptk2,0.34,0.25194
6.63827084000011e-08,0.869677643492658,0.252,0.104,0.00213951469173203,c7,Man1c1,0.148,0.037296
6.67802213826458e-08,0.366852474672108,0.441,0.204,0.00215232653516267,c7,Pdcd2l,0.237,0.104517
6.74787042820843e-08,0.511814651033622,0.531,0.277,0.00217483863901158,c7,Alg1,0.254,0.134874
6.7545309908777e-08,0.421229008389533,0.811,0.424,0.00217698533835988,c7,Usp8,0.387,0.313857
6.75876050323153e-08,0.731702100144552,0.35,0.163,0.00217834851019152,c7,Tmem94,0.187,0.06545
6.79161108820778e-08,0.493248403317557,0.909,0.586,0.00218893625372937,c7,Rogdi,0.323,0.293607
6.95900274647444e-08,0.445284561318823,0.741,0.396,0.00224288658518871,c7,Maf1,0.345,0.255645
6.97748636195454e-08,0.597840108610282,0.434,0.216,0.00224884385445795,c7,Nom1,0.218,0.094612
7.00725730608525e-08,0.46027719047272,0.664,0.35,0.00225843902975128,c7,Peli1,0.314,0.208496
7.05001758591279e-08,0.469874357984607,0.692,0.374,0.00227222066793969,c7,Lyst,0.318,0.220056
7.15051770422265e-08,0.505703210393446,0.427,0.205,0.00230461185607096,c7,Lrrc61,0.222,0.094794
7.20326691606426e-08,0.513641895206126,0.413,0.194,0.00232161292704751,c7,Klhl2,0.219,0.090447
7.33741158293293e-08,0.412315419021535,0.545,0.272,0.00236484775317928,c7,Zfp407,0.273,0.148785
7.3692133144745e-08,0.444654054324708,0.671,0.356,0.00237509745125513,c7,Rbl2,0.315,0.211365
7.38841247923931e-08,0.7910668554425,0.301,0.134,0.00238128534205883,c7,Prune1,0.167,0.050267
7.42012244726561e-08,0.525382749718229,0.462,0.229,0.00239150546475371,c7,Wdr5,0.233,0.107646
7.46986399541376e-08,0.820928383429883,0.28,0.121,0.00240753716572186,c7,Tlnrd1,0.159,0.04452
7.48932651534626e-08,0.47649947485842,0.643,0.352,0.0024138099358961,c7,Hexim1,0.291,0.187113
7.50025364528685e-08,0.449608200291675,0.497,0.244,0.00241733174987595,c7,Trnau1ap,0.253,0.125741
7.52370822589113e-08,0.445649984398917,0.42,0.195,0.00242489116120471,c7,Adprhl2,0.225,0.0945
7.59111005370162e-08,0.437530473741864,0.49,0.242,0.00244661477030803,c7,Nfs1,0.248,0.12152
7.72318383301175e-08,0.762172626530588,0.399,0.197,0.00248918214937969,c7,Pcdhga3,0.202,0.080598
7.78487451317686e-08,0.529793006679707,0.455,0.225,0.0025090650555969,c7,Slc35a2,0.23,0.10465
7.80388025969471e-08,0.420906558891252,0.867,0.478,0.00251519060769961,c7,Txndc16,0.389,0.337263
7.8673967153078e-08,0.64908375945349,0.357,0.166,0.0025356619613437,c7,Pigx,0.191,0.068187
7.96265373230176e-08,0.544409491802435,0.49,0.251,0.00256636329792086,c7,Asf1a,0.239,0.11711
7.97330182889688e-08,0.581937847544861,0.392,0.184,0.00256979517945347,c7,Phactr4,0.208,0.081536
7.99530497453525e-08,0.40161823241529,0.741,0.387,0.00257688679329271,c7,Rabggtb,0.354,0.262314
8.09290335081562e-08,0.547496017537705,0.462,0.232,0.00260834274996787,c7,Rnf166,0.23,0.10626
8.10309026101098e-08,0.472361631121373,0.706,0.388,0.00261162599112384,c7,Tmem183a,0.318,0.224508
8.22051000566197e-08,0.487213544494701,0.636,0.34,0.00264947037482485,c7,Pom121,0.296,0.188256
8.29973834878468e-08,0.457634875398685,0.545,0.279,0.0026750056698133,c7,Hmgxb3,0.266,0.14497
8.3892894144083e-08,0.489295347446104,0.776,0.444,0.0027038679782638,c7,Pdpk1,0.332,0.257632
8.41775284822076e-08,0.527341150288938,0.476,0.238,0.00271304174298155,c7,Ruvbl2,0.238,0.113288
8.43163403351899e-08,0.407494279608534,0.699,0.375,0.00271751564900317,c7,Rpn2,0.324,0.226476
8.4432389832008e-08,0.467379910431931,0.783,0.446,0.00272125592428562,c7,Tmem127,0.337,0.263871
8.44593944655164e-08,0.477628704831876,0.776,0.448,0.00272212628362359,c7,Pcbp1,0.328,0.254528
8.47668845362051e-08,0.495004449825593,0.42,0.2,0.00273203668860189,c7,Zfp518a,0.22,0.0924
8.54413649235789e-08,0.473200259451842,0.685,0.386,0.00275377519148695,c7,Ndufs8,0.299,0.204815
8.5889784650912e-08,0.442795617643604,0.413,0.193,0.00276822775929889,c7,Lrrc58,0.22,0.09086
8.59445357844126e-08,0.394028878752078,0.51,0.249,0.00276999238833162,c7,Zfp955b,0.261,0.13311
8.7485498039585e-08,0.493862339948533,0.825,0.537,0.00281965760181582,c7,Got2,0.288,0.2376
8.98962620789785e-08,0.462623999147606,0.818,0.486,0.00289735652680548,c7,Cox14,0.332,0.271576
9.07665484148135e-08,0.460646409740491,0.832,0.466,0.00292540585540944,c7,Dtnb,0.366,0.304512
9.21736686556058e-08,0.412869793964349,0.762,0.401,0.00297075734077018,c7,Rnft2,0.361,0.275082
9.30326312759744e-08,0.473974603293905,0.497,0.249,0.00299844170602465,c7,Efl1,0.248,0.123256
9.33573465150991e-08,0.441213544357966,0.622,0.323,0.00300890727818164,c7,Sec61a1,0.299,0.185978
9.35329055372909e-08,0.670091770997815,0.301,0.131,0.00301456554546689,c7,Urb1,0.17,0.05117
9.45402351921811e-08,0.452074750642919,0.678,0.364,0.003047031780244,c7,Arhgef1,0.314,0.212892
9.5683768631275e-08,0.51052637892284,0.336,0.149,0.00308388786298599,c7,Ppil1,0.187,0.062832
9.88300987861794e-08,0.481984023767405,0.832,0.482,0.00318529408387856,c7,Psma3,0.35,0.2912
9.9602822796615e-08,0.38820505309085,0.643,0.329,0.0032101989787349,c7,Pdcd6,0.314,0.201902
1.01167387304604e-07,0.459137683851889,0.517,0.262,0.0032606248928274,c7,Trim39,0.255,0.131835
1.01698631184006e-07,0.773855704779007,0.259,0.109,0.00327774688306052,c7,Mrrf,0.15,0.03885
1.02667921298944e-07,0.439810131070377,0.776,0.412,0.00330898710346498,c7,Dop1a,0.364,0.282464
1.03934279132397e-07,0.414481790281424,0.559,0.278,0.00334980181643714,c7,Abl1,0.281,0.157079
1.04371910640428e-07,0.550433460738118,0.413,0.2,0.00336390667994099,c7,Asb6,0.213,0.087969
1.04814476976396e-07,0.489611453103369,0.86,0.519,0.00337817059294923,c7,Lsm14b,0.341,0.29326
1.07050449093934e-07,0.387513551828411,0.587,0.299,0.00345023597429749,c7,Sephs2,0.288,0.169056
1.07598501395911e-07,0.47355683399535,0.895,0.581,0.00346789969999021,c7,Calr,0.314,0.28103
1.0836942221381e-07,0.546942335195588,0.35,0.161,0.00349274647795109,c7,Fam102b,0.189,0.06615
1.08396776594348e-07,0.470728430179878,0.399,0.187,0.00349362810963585,c7,Pknox1,0.212,0.084588
1.08626466905952e-07,0.638530857179463,0.294,0.127,0.00350103102837883,c7,Ddx51,0.167,0.049098
1.08820674961416e-07,0.533669852936857,0.42,0.206,0.00350729035400643,c7,Dhrs7b,0.214,0.08988
1.09394337909409e-07,0.697360083542566,0.259,0.108,0.00352577951082025,c7,Plpp1,0.151,0.039109
1.09885322729085e-07,0.483638974044681,0.385,0.18,0.00354160395155842,c7,Coa6,0.205,0.078925
1.11047190189602e-07,0.460697252981989,0.664,0.355,0.00357905093981088,c7,U2af1,0.309,0.205176
1.13003016380482e-07,0.530943559140759,0.308,0.134,0.00364208721794293,c7,Casp9,0.174,0.053592
1.13145736087008e-07,0.448537026884685,0.72,0.392,0.00364668707408428,c7,Eif4a1,0.328,0.23616
1.14456619513671e-07,0.387666222250471,0.727,0.393,0.00368893684692563,c7,Cdv3,0.334,0.242818
1.15332543347151e-07,0.438261425134567,0.469,0.23,0.00371716787207867,c7,Ldah,0.239,0.112091
1.15386041253633e-07,0.476155427007752,0.566,0.296,0.0037188921096046,c7,Zfp26,0.27,0.15282
1.15446906996962e-07,0.56636376465223,0.441,0.219,0.00372085381251208,c7,Zfp319,0.222,0.097902
1.15730859636908e-07,0.455420941807349,0.692,0.38,0.00373000560609755,c7,Mbd3,0.312,0.215904
1.17222226009326e-07,1.23818245950547,0.357,0.188,0.00377807234428058,c7,Prdm8,0.169,0.060333
1.17568811251714e-07,0.416072676473038,0.65,0.344,0.00378924278664276,c7,Arf2,0.306,0.1989
1.17955714150323e-07,0.351579175177024,0.462,0.219,0.00380171266706491,c7,Taf1a,0.243,0.112266
1.18989433580406e-07,0.519442266905604,0.378,0.177,0.00383502944429649,c7,Pqlc1,0.201,0.075978
1.19925009097845e-07,0.495494957334942,0.965,0.6,0.00386518304322353,c7,Nktr,0.365,0.352225
1.20288128211129e-07,0.471166350637792,0.769,0.441,0.00387688637224467,c7,Tspan31,0.328,0.252232
1.21003080969964e-07,0.946524754605955,0.252,0.106,0.00389992929966194,c7,Plpp7,0.146,0.036792
1.24989561967808e-07,0.496228856607536,0.706,0.406,0.00402841358222245,c7,Ube2z,0.3,0.2118
1.25277998628919e-07,0.375073841602034,0.538,0.27,0.00403770989581004,c7,Keap1,0.268,0.144184
1.2611217153844e-07,0.399892907968913,0.622,0.317,0.00406459528868391,c7,Mapk8,0.305,0.18971
1.26661420173669e-07,0.4700102363233,0.371,0.172,0.00408229757219735,c7,Pycrl,0.199,0.073829
1.29386529839322e-07,0.57932671818515,0.294,0.126,0.00417012785672135,c7,Ago4,0.168,0.049392
1.30564520840482e-07,0.411587352186775,0.545,0.278,0.00420809450668875,c7,Pkig,0.267,0.145515
1.31085545407036e-07,0.43857346447352,0.762,0.422,0.00422488712846877,c7,Pmpcb,0.34,0.25908
1.31849913256092e-07,0.42286128960596,0.643,0.338,0.00424952270424386,c7,Ahctf1,0.305,0.196115
1.35868011858981e-07,0.466626717578825,0.902,0.539,0.00437902602221495,c7,Brd8,0.363,0.327426
1.36060349966813e-07,0.428306642996014,0.671,0.364,0.00438522507943038,c7,Ncstn,0.307,0.205997
1.36329751951803e-07,0.452210037228516,0.608,0.324,0.00439390790540662,c7,Dhx8,0.284,0.172672
1.36442135561581e-07,0.660336212951349,0.294,0.129,0.00439753002914976,c7,Pold2,0.165,0.04851
1.38579435923153e-07,0.490816954524562,0.406,0.196,0.00446641521980324,c7,Ndufaf1,0.21,0.08526
1.41874827678057e-07,0.411214486372988,0.566,0.288,0.00457262569606379,c7,Tent4b,0.278,0.157348
1.41990969331693e-07,0.354250767508514,0.531,0.264,0.00457636894156045,c7,Timm22,0.267,0.141777
1.43778270733914e-07,0.469742150822549,0.441,0.216,0.00463397366575406,c7,Recql,0.225,0.099225
1.44483863737369e-07,0.473221694421241,0.476,0.238,0.00465671492825542,c7,Sap18b,0.238,0.113288
1.45555938591662e-07,0.520730101280506,0.378,0.178,0.00469126790080926,c7,Etv3,0.2,0.0756
1.45827631693926e-07,0.603479664177167,0.28,0.118,0.00470002456949524,c7,Rbm12b1,0.162,0.04536
1.46455502549564e-07,0.552277276933411,0.469,0.237,0.00472026084717245,c7,Dnajc12,0.232,0.108808
1.47312448514838e-07,0.387007349964688,0.629,0.325,0.00474788021563322,c7,Rsbn1l,0.304,0.191216
1.47947378438269e-07,0.417530388844174,0.79,0.438,0.0047683440070654,c7,Naa20,0.352,0.27808
1.48455583683964e-07,0.375790013468513,0.566,0.289,0.00478472346213417,c7,Tprkb,0.277,0.156782
1.50559505669304e-07,0.512650935727123,0.706,0.432,0.00485253286772167,c7,Rab5c,0.274,0.193444
1.52381105068796e-07,0.44115796830757,0.79,0.439,0.00491124301636729,c7,Dnajc18,0.351,0.27729
1.53199980885836e-07,0.442940350495665,0.392,0.184,0.0049376353839505,c7,Mak16,0.208,0.081536
1.54428457104845e-07,0.351323548777178,0.727,0.377,0.00497722917248916,c7,Rack1,0.35,0.25445
1.56172756407504e-07,0.544491848563689,0.273,0.114,0.00503344793901385,c7,Adat1,0.159,0.043407
1.58288008841198e-07,0.45226361972242,0.944,0.637,0.00510162252495181,c7,Eif4g3,0.307,0.289808
1.58363200795917e-07,0.453375609817194,0.497,0.252,0.00510404596165239,c7,Dhx40,0.245,0.121765
1.58575165517771e-07,0.498843345224727,0.476,0.242,0.00511087758463776,c7,Fam207a,0.234,0.111384
1.60924046247627e-07,0.539389849808356,0.385,0.183,0.00518658201056101,c7,Nifk,0.202,0.07777
1.61223118599374e-07,0.45497877904105,0.615,0.332,0.00519622111245781,c7,Chmp4b,0.283,0.174045
1.61442311679713e-07,0.465178876200501,0.427,0.207,0.00520328570543714,c7,Cisd3,0.22,0.09394
1.61481484024986e-07,0.541573235191326,0.392,0.19,0.00520454823012529,c7,Psen2,0.202,0.079184
1.62247111527217e-07,0.33977489317834,0.427,0.203,0.0052292244045222,c7,Arpc3,0.224,0.095648
1.63332519730514e-07,0.625892946458093,0.322,0.146,0.00526420711091446,c7,Tysnd1,0.176,0.056672
1.63925151359259e-07,0.454338943972058,0.867,0.496,0.00528330762830893,c7,Phf12,0.371,0.321657
1.64079698645178e-07,0.483160821435059,0.825,0.476,0.00528828868733408,c7,Copb1,0.349,0.287925
1.64712464926148e-07,0.551813472299097,0.469,0.243,0.00530868274456974,c7,March2,0.226,0.105994
1.65793506219106e-07,0.573914890440145,0.364,0.168,0.00534352470544178,c7,Trmt10c,0.196,0.071344
1.67733489294579e-07,0.577848612971498,0.434,0.216,0.00540605035996427,c7,Zfp146,0.218,0.094612
1.68176496596998e-07,0.441564248879538,0.65,0.354,0.00542032848532125,c7,Faf2,0.296,0.1924
1.75251944744773e-07,0.46814933777683,0.951,0.6,0.00564837017912404,c7,Srcap,0.351,0.333801
1.75859148373733e-07,0.457211136401649,0.706,0.401,0.00566794035208542,c7,Ppp5c,0.305,0.21533
1.76756860006718e-07,0.539408232967526,0.322,0.145,0.00569687359801653,c7,Mtg1,0.177,0.056994
1.80436859261141e-07,0.487926895937433,0.734,0.442,0.00581547997398656,c7,Vps28,0.292,0.214328
1.81114958001737e-07,0.445933273011244,0.58,0.307,0.00583733509639598,c7,Ralbp1,0.273,0.15834
1.81351537763211e-07,0.475807025686183,0.448,0.222,0.00584496006210829,c7,Zfp768,0.226,0.101248
1.82018791816613e-07,0.362507060397296,0.622,0.318,0.00586646566024943,c7,Tomm22,0.304,0.189088
1.82375240458779e-07,0.425307430851829,0.497,0.249,0.00587795399998643,c7,Prep,0.248,0.123256
1.83041896339996e-07,0.395578674908646,0.769,0.406,0.00589944031903806,c7,Kat5,0.363,0.279147
1.83777079851644e-07,0.593300212377865,0.336,0.156,0.0059231352836185,c7,Tmem164,0.18,0.06048
1.8408786201878e-07,0.414045356524965,0.797,0.421,0.00593315179286528,c7,Tmem201,0.376,0.299672
1.84179010760769e-07,0.502336078952292,0.524,0.275,0.00593608951681958,c7,Gga3,0.249,0.130476
1.8708155556147e-07,0.450287524405921,0.455,0.227,0.00602963853574618,c7,Errfi1,0.228,0.10374
1.89141174715919e-07,0.439255038456583,0.72,0.401,0.00609602006109406,c7,Pdzd8,0.319,0.22968
1.95484610811935e-07,0.397908097046119,0.853,0.455,0.00630046900646866,c7,Tut7,0.398,0.339494
1.96053014461765e-07,0.574460519483346,0.371,0.177,0.00631878865610267,c7,Psmg1,0.194,0.071974
1.97994552095816e-07,0.362013259108527,0.881,0.478,0.00638136441404814,c7,Pdia3,0.403,0.355043
2.00201691119738e-07,0.431500153811817,0.706,0.377,0.00645250050478916,c7,Rnf216,0.329,0.232274
2.00332693304992e-07,0.425410503707927,0.455,0.223,0.00645672270521991,c7,Ptcd2,0.232,0.10556
2.01467580969122e-07,0.503424696002205,0.58,0.315,0.0064933001346348,c7,Dnaja3,0.265,0.1537
2.03179297018995e-07,0.52556970857117,0.531,0.284,0.00654846874292221,c7,Adnp2,0.247,0.131157
2.03705789079253e-07,0.50659379780984,0.51,0.265,0.00656543758202434,c7,Bfar,0.245,0.12495
2.05102703438201e-07,0.664117884819717,0.322,0.148,0.00661046013181322,c7,Gpd1l,0.174,0.056028
2.05937378952626e-07,0.408054956593023,0.846,0.457,0.00663736172364313,c7,Dicer1,0.389,0.329094
2.06097575379575e-07,0.43211223769821,0.825,0.452,0.00664252485448369,c7,Pbrm1,0.373,0.307725
2.07009842077339e-07,0.360612942854668,0.678,0.353,0.00667192721015265,c7,Ssh1,0.325,0.22035
2.09998358013613e-07,0.4717171776331,0.503,0.26,0.00676824707877875,c7,Cldn12,0.243,0.122229
2.11242971925423e-07,0.432754046526148,0.72,0.403,0.00680836098515639,c7,Srp9,0.317,0.22824
2.13326118253359e-07,0.428423917624026,0.455,0.224,0.00687550079130577,c7,Yae1d1,0.231,0.105105
2.13534757802146e-07,0.470006509008332,0.657,0.373,0.00688222524396316,c7,Tsen34,0.284,0.186588
2.15977584117436e-07,0.630644270420586,0.287,0.126,0.00696095753610496,c7,Faap20,0.161,0.046207
2.16993578328027e-07,0.751111555156021,0.259,0.11,0.00699370302951232,c7,Bend7,0.149,0.038591
2.17831744058971e-07,0.463188050165504,0.783,0.44,0.00702071711102064,c7,Cdc23,0.343,0.268569
2.18191648635441e-07,0.453536425616673,0.427,0.208,0.00703231683552028,c7,Lysmd4,0.219,0.093513
2.18896961212266e-07,0.702750059837606,0.322,0.148,0.00705504905987134,c7,Mus81,0.174,0.056028
2.19750182318974e-07,0.516824677388988,0.51,0.27,0.00708254837614054,c7,Gpalpp1,0.24,0.1224
2.19838544810451e-07,0.462978032433267,0.895,0.521,0.00708539629924084,c7,Trak1,0.374,0.33473
2.20597356091119e-07,0.467715464379146,0.909,0.571,0.00710985278681678,c7,Mkln1,0.338,0.307242
2.24138285421738e-07,0.48862931998323,0.839,0.501,0.00722397693914261,c7,Rab5a,0.338,0.283582
2.26530398525293e-07,0.464370998211782,0.378,0.177,0.00730107474447018,c7,L3mbtl2,0.201,0.075978
2.30360380532848e-07,0.685812443139932,0.294,0.132,0.00742451506457369,c7,Sh3kbp1,0.162,0.047628
2.3539678831182e-07,0.435753941226914,0.818,0.449,0.00758683848728996,c7,Sec24c,0.369,0.301842
2.36462519461039e-07,0.412685152054821,0.497,0.251,0.00762118700222927,c7,Gmeb2,0.246,0.122262
2.37320944497039e-07,0.462138418469319,0.923,0.529,0.00764885404113957,c7,Zfp292,0.394,0.363662
2.41068606063638e-07,0.405530703948587,0.476,0.235,0.00776964117343106,c7,Umad1,0.241,0.114716
2.4398215065595e-07,0.325190990295994,0.643,0.329,0.00786354471564128,c7,Atp6v0e,0.314,0.201902
2.44307029258227e-07,0.554153860968594,0.343,0.158,0.00787401555299267,c7,Ttc5,0.185,0.063455
2.45221666105409e-07,0.395653498149105,0.678,0.361,0.00790349429857734,c7,Dip2b,0.317,0.214926
2.49173544966215e-07,0.660425317604985,0.301,0.136,0.0080308633542611,c7,Trdmt1,0.165,0.049665
2.49398762752769e-07,0.454826006649757,0.503,0.26,0.00803812212352173,c7,Tpgs2,0.243,0.122229
2.4952453813855e-07,0.47323289341411,0.881,0.526,0.00804217586420548,c7,Mau2,0.355,0.312755
2.51921814393251e-07,0.480179884561701,0.839,0.486,0.00811944007789447,c7,Kif5b,0.353,0.296167
2.54199055486694e-07,0.674241275600325,0.322,0.149,0.00819283555833614,c7,Leng1,0.173,0.055706
2.54465935731764e-07,0.433509155431289,0.832,0.461,0.00820143710863475,c7,Luc7l,0.371,0.308672
2.565475590987e-07,0.440517810290006,0.434,0.213,0.0082685278297511,c7,Chmp6,0.221,0.095914
2.56720643147232e-07,0.474759005076738,0.923,0.574,0.00827410632863528,c7,Wdr33,0.349,0.322127
2.56884776343633e-07,0.419432574046122,0.517,0.262,0.0082793963415553,c7,Flii,0.255,0.131835
2.58071664724233e-07,0.441095125987192,0.343,0.157,0.00831764975406202,c7,Thumpd3,0.186,0.063798
2.58084136846782e-07,0.402175748068735,0.462,0.226,0.00831805173057179,c7,Zscan21,0.236,0.109032
2.58417240947438e-07,0.485611871611075,0.622,0.348,0.00832878767573594,c7,Pex13,0.274,0.170428
2.59722193560332e-07,0.469926961356433,0.413,0.201,0.0083708462984495,c7,Ndor1,0.212,0.087556
2.6078877215302e-07,0.456440118732169,0.685,0.384,0.00840522212649184,c7,Rhbdd2,0.301,0.206185
2.63002179136832e-07,0.371074829185223,0.797,0.421,0.00847656023358008,c7,Taf1,0.376,0.299672
2.63068133736328e-07,0.569655535693742,0.336,0.156,0.00847868595032186,c7,Tmem176a,0.18,0.06048
2.64447868429245e-07,0.464404556174847,0.378,0.178,0.00852315479947457,c7,Recql5,0.2,0.0756
2.69674859771913e-07,0.424022234765608,0.385,0.183,0.00869162073044876,c7,Hint2,0.202,0.07777
2.70567532682674e-07,0.418199615204953,0.392,0.184,0.00872039157836257,c7,Cog4,0.208,0.081536
2.711295736085e-07,0.475133149138733,0.455,0.23,0.00873850615740195,c7,Dpp3,0.225,0.102375
2.73833123094029e-07,0.471365518268307,0.538,0.287,0.00882564155732056,c7,Rtf2,0.251,0.135038
2.78539759473561e-07,0.466368418026847,0.853,0.488,0.00897733644783289,c7,Gpbp1,0.365,0.311345
2.80361486632984e-07,0.523436396485919,0.434,0.218,0.00903605071418107,c7,Lin37,0.216,0.093744
2.80953506546403e-07,0.570983619303498,0.364,0.175,0.00905513151599058,c7,Selenoo,0.189,0.068796
2.82010935679618e-07,0.42553684992843,0.42,0.204,0.00908921245695408,c7,Ddx39,0.216,0.09072
2.87884038910366e-07,0.4318127299997,0.671,0.362,0.00927850257408111,c7,Nfyc,0.309,0.207339
2.91320894162742e-07,0.468128057170039,0.455,0.233,0.00938927241886517,c7,Yif1b,0.222,0.10101
2.95298393457107e-07,0.412861430674928,0.755,0.411,0.00951746722112256,c7,Preb,0.344,0.25972
2.9764443148707e-07,0.391606520130169,0.699,0.39,0.00959308002682827,c7,H1f0,0.309,0.215991
3.008708521603e-07,0.523907486169501,0.434,0.219,0.00969706756512647,c7,Klhl28,0.215,0.09331
3.03935533869077e-07,0.455687151846896,0.832,0.486,0.00979584225660035,c7,Suz12,0.346,0.287872
3.04888544834942e-07,0.482107870614496,0.958,0.596,0.00982655780003019,c7,Zdhhc17,0.362,0.346796
3.04937250125257e-07,0.435530407712812,0.874,0.492,0.00982812757153703,c7,Tmem135,0.382,0.333868
3.06009036475826e-07,0.480971940214295,0.364,0.171,0.00986267124561586,c7,Ccs,0.193,0.070252
3.06166546094543e-07,0.397387792499998,0.72,0.382,0.00986774778062712,c7,Ctnnd1,0.338,0.24336
3.09263578551899e-07,0.416196138875081,0.497,0.255,0.0099675651367277,c7,Fam199x,0.242,0.120274
3.10627514020475e-07,0.446297887954011,0.503,0.264,0.0100115247768799,c7,Aamdc,0.239,0.120217
3.12996276778476e-07,0.435383916698687,0.741,0.406,0.0100878700005703,c7,Prdm2,0.335,0.248235
3.13532922999178e-07,0.455873290007197,0.448,0.224,0.0101051661082635,c7,Usp1,0.224,0.100352
3.15443558241483e-07,0.455223151203978,0.699,0.391,0.010166745882123,c7,Pithd1,0.308,0.215292
3.16320525146298e-07,0.709750725440782,0.336,0.16,0.0101950105254652,c7,Yeats2,0.176,0.059136
3.163844676944e-07,0.495564750360882,0.51,0.267,0.0101970713937905,c7,Ppp1r15b,0.243,0.12393
3.17213258170027e-07,0.545492057550982,0.259,0.109,0.01022378331082,c7,Rbm19,0.15,0.03885
3.18861424400021e-07,0.374753627520758,0.427,0.204,0.0102769037084127,c7,Lrrc73,0.223,0.095221
3.21011078556696e-07,0.444632347513487,0.399,0.191,0.0103461870618823,c7,Usp28,0.208,0.082992
3.21585360979542e-07,0.672868636085191,0.35,0.17,0.0103646961843706,c7,Hes6,0.18,0.063
3.2380122562456e-07,0.993597403873506,0.266,0.12,0.0104361135018796,c7,Smad3,0.146,0.038836
3.2534197547587e-07,1.00778045576356,0.322,0.161,0.0104857718695873,c7,Synm,0.161,0.051842
3.2589039309562e-07,0.415221283929596,0.881,0.659,0.0105034473694718,c7,Ywhae,0.222,0.195582
3.28813719247984e-07,0.413191142027828,0.566,0.305,0.0105976661713625,c7,Plbd2,0.261,0.147726
3.2927951753777e-07,0.45500751405349,0.937,0.594,0.0106126788502423,c7,Cdc37l1,0.343,0.321391
3.29486732630949e-07,0.466840051877637,0.636,0.345,0.0106193573926955,c7,Plcxd2,0.291,0.185076
3.29541148885829e-07,0.442327305559984,0.657,0.364,0.0106211112285903,c7,Cops4,0.293,0.192501
3.34066589307431e-07,0.350268903546541,0.483,0.241,0.0107669661733785,c7,Xrcc4,0.242,0.116886
3.38737139599586e-07,0.456382470633783,0.755,0.443,0.0109174980092947,c7,Drap1,0.312,0.23556
3.39294383173896e-07,0.4147631450732,0.699,0.375,0.0109354579696947,c7,Fbxw8,0.324,0.226476
3.41282191936511e-07,0.454950022361393,0.497,0.257,0.0109995250461137,c7,Dnajc21,0.24,0.11928
3.42386274267563e-07,0.442126875766221,0.762,0.44,0.0110351096196435,c7,Manf,0.322,0.245364
3.42846919300121e-07,0.429437372541371,0.49,0.247,0.0110499562090429,c7,Eif2s2,0.243,0.11907
3.44522962860855e-07,0.393053559092001,0.566,0.292,0.0111039750930054,c7,Fam133b,0.274,0.155084
3.4716547371553e-07,0.419017400936254,0.294,0.13,0.0111891432178515,c7,Glb1,0.164,0.048216
3.47945338058955e-07,0.463515633424346,0.853,0.494,0.0112142782456401,c7,Trrap,0.359,0.306227
3.57272495526688e-07,0.470000621078976,0.49,0.254,0.0115148925308252,c7,Map3k7,0.236,0.11564
3.59343256787191e-07,0.429210442939332,0.72,0.406,0.0115816331662512,c7,Naa30,0.314,0.22608
3.61020995070262e-07,0.726249918595204,0.315,0.147,0.0116357066711146,c7,Zfyve19,0.168,0.05292
3.64201731778376e-07,0.330132574211784,0.643,0.334,0.011738221815217,c7,Gmcl1,0.309,0.198687
3.7424260198363e-07,0.698104602526691,0.294,0.134,0.0120618390619324,c7,Wdr44,0.16,0.04704
3.75074482117522e-07,0.408784607292048,0.741,0.404,0.0120886505586477,c7,Sec16a,0.337,0.249717
3.76308514213157e-07,0.471716406704919,0.895,0.561,0.01212842341309,c7,Yme1l1,0.334,0.29893
3.78053699267354e-07,0.485389362590826,0.497,0.259,0.0121846707273868,c7,Dguok,0.238,0.118286
3.8054055118636e-07,0.734129682144924,0.252,0.108,0.0122648219647364,c7,Mpg,0.144,0.036288
3.8715692293712e-07,0.34850473894658,0.559,0.283,0.0124780676262634,c7,Zkscan1,0.276,0.154284
3.91543967152915e-07,0.354384762332863,0.601,0.312,0.0126194620613384,c7,Arpc5l,0.289,0.173689
3.93363861327863e-07,0.373137494934414,0.881,0.539,0.012678117250597,c7,Cspg5,0.342,0.301302
4.08687664083034e-07,0.476340617349513,0.462,0.237,0.0131720034133962,c7,Wdr45,0.225,0.10395
4.14427563072354e-07,0.359948050197152,0.65,0.344,0.013357000357822,c7,Nup214,0.306,0.1989
4.15432005955429e-07,0.463298198521306,0.413,0.204,0.0133893735519435,c7,Tex9,0.209,0.086317
4.15797044064055e-07,0.406264198371862,0.706,0.384,0.0134011387301845,c7,Ro60,0.322,0.227332
4.1728681139349e-07,0.45211868407546,0.552,0.293,0.0134491539312122,c7,Zfp68,0.259,0.142968
4.21935479373139e-07,0.419919016974204,0.406,0.196,0.0135989805001963,c7,Krtcap2,0.21,0.08526
4.25103510918785e-07,0.42369519688794,0.573,0.308,0.0137010861569124,c7,Creld2,0.265,0.151845
4.27543666308869e-07,0.411411054396357,0.818,0.476,0.0137797323651349,c7,Gnptg,0.342,0.279756
4.29016575851202e-07,0.401990790224991,0.559,0.294,0.0138272042396842,c7,Gtf2b,0.265,0.148135
4.32154918646442e-07,0.398015978837465,0.825,0.494,0.0139283530279748,c7,Jund,0.331,0.273075
4.32156536809162e-07,0.342026248313958,0.531,0.268,0.0139284051813593,c7,Golga1,0.263,0.139653
4.36313537523995e-07,0.395228585859453,0.594,0.312,0.0140623853143984,c7,Tpd52l2,0.282,0.167508
4.41702063915878e-07,0.720186116487782,0.266,0.118,0.0142360575200087,c7,Tor2a,0.148,0.039368
4.45520234482255e-07,0.567901762174318,0.371,0.181,0.0143591171573631,c7,Inafm2,0.19,0.07049
4.45877464508298e-07,0.475929358685193,0.944,0.59,0.0143706306811025,c7,Synj1,0.354,0.334176
4.46837871167548e-07,0.345251391994901,0.448,0.222,0.0144015845877301,c7,Ndufb4,0.226,0.101248
4.49647591673255e-07,0.421049127742298,0.441,0.22,0.014492141879629,c7,Dusp12,0.221,0.097461
4.55096538851105e-07,0.508225779723589,0.315,0.143,0.0146677614471711,c7,Nubpl,0.172,0.05418
4.55913477073118e-07,0.404682586488014,0.503,0.26,0.0146940913660666,c7,Parn,0.243,0.122229
4.57410140472506e-07,0.71453197890927,0.266,0.117,0.0147423288274289,c7,Dars2,0.149,0.039634
4.57995884774201e-07,0.365156515080891,0.476,0.237,0.0147612073662725,c7,Stk38l,0.239,0.113764
4.7012128932148e-07,0.380043957137152,0.706,0.381,0.0151520091548313,c7,Ndufs1,0.325,0.22945
4.70673305268017e-07,0.404470567702362,0.762,0.415,0.0151698006287882,c7,Ppil4,0.347,0.264414
4.7121570613477e-07,0.427327078172015,0.783,0.461,0.0151872822087236,c7,Spcs1,0.322,0.252126
4.73362170507022e-07,0.390440293116001,0.769,0.415,0.0152564627554413,c7,Prpf18,0.354,0.272226
4.74013061421267e-07,0.430720326178877,0.678,0.383,0.0152774409696074,c7,Smim7,0.295,0.20001
4.74679232589311e-07,0.432944946499274,0.762,0.436,0.0152989116663535,c7,Chchd7,0.326,0.248412
4.76065941329423e-07,0.31554785694489,0.762,0.407,0.0153436052890473,c7,Cap1,0.355,0.27051
4.78230781217276e-07,0.401283873036787,0.552,0.291,0.0154133780786328,c7,Foxred1,0.261,0.144072
4.78485644861972e-07,0.730822537381001,0.329,0.159,0.0154215923339013,c7,Zbtb2,0.17,0.05593
4.79806530513321e-07,0.60621136849015,0.301,0.136,0.0154641644784443,c7,Atpaf2,0.165,0.049665
4.81319273412754e-07,0.386872169429566,0.503,0.257,0.0155129201820931,c7,Hax1,0.246,0.123738
4.81971012001444e-07,0.463919755064964,0.657,0.371,0.0155339257168065,c7,Nbeal1,0.286,0.187902
4.88743270394594e-07,0.318235789933684,0.566,0.287,0.0157521956048178,c7,Txndc12,0.279,0.157914
4.98191246128264e-07,0.6619625665772,0.301,0.139,0.0160567038627139,c7,Dnase1l2,0.162,0.048762
5.06252012615536e-07,0.496475252885755,0.692,0.413,0.0163165023665987,c7,Rbm42,0.279,0.193068
5.06882380905643e-07,0.704474487491211,0.273,0.122,0.0163368191365889,c7,Ccdc134,0.151,0.041223
5.1012928161707e-07,0.414621542420101,0.839,0.466,0.0164414667465182,c7,Arid4b,0.373,0.312947
5.10642224242491e-07,0.507088677295588,0.371,0.179,0.0164579988873355,c7,Rpp30,0.192,0.071232
5.18673556186889e-07,0.418300055286138,0.818,0.459,0.0167168487159034,c7,Fnta,0.359,0.293662
5.21544542561977e-07,0.489550565210978,0.378,0.183,0.0168093806067725,c7,Zswim6,0.195,0.07371
5.21550377214298e-07,0.381116905578846,0.727,0.389,0.0168095686576168,c7,Arhgap39,0.338,0.245726
5.28868331432329e-07,0.534953660910925,0.287,0.128,0.017045426322064,c7,Sned1,0.159,0.045633
5.35656931394555e-07,0.442193032121149,0.748,0.432,0.0172642228988465,c7,Ahsa1,0.316,0.236368
5.48534495326983e-07,0.465064022939885,0.587,0.326,0.0176792667843887,c7,Lemd2,0.261,0.153207
5.5750133911467e-07,0.388443211124605,0.448,0.221,0.0179682681596658,c7,Ppp4r1,0.227,0.101696
5.68210181195348e-07,0.446768584610426,0.881,0.509,0.0183134141399261,c7,Dyrk1b,0.372,0.327732
5.71523781453579e-07,0.468234227445364,0.944,0.574,0.0184202114762489,c7,D5Ertd579e,0.37,0.34928
5.72693148542288e-07,0.33821889033229,0.476,0.236,0.0184579001775179,c7,Pccb,0.24,0.11424
5.73541221098092e-07,0.467935773839129,0.65,0.363,0.0184852335559915,c7,Sugt1,0.287,0.18655
5.74005409305281e-07,0.341155787317585,0.524,0.268,0.0185001943419092,c7,Zfp933,0.256,0.134144
5.82587097463562e-07,0.424928143444015,0.371,0.175,0.0187767821512506,c7,Vash1,0.196,0.072716
5.8327559142951e-07,0.438248786265437,0.888,0.511,0.0187989723117731,c7,Med24,0.377,0.334776
5.96515334948534e-07,0.37910571725881,0.497,0.255,0.0192256892453912,c7,Nipa2,0.242,0.120274
5.97212082161192e-07,0.6578553408573,0.259,0.112,0.0192481454080552,c7,Vkorc1,0.147,0.038073
6.00134223337463e-07,0.407452984352986,0.469,0.239,0.0193423260181664,c7,Fam102a,0.23,0.10787
6.01043541473784e-07,0.436925496814233,0.692,0.398,0.0193716333417,c7,Slc25a11,0.294,0.203448
6.06481437664602e-07,0.386993683527603,0.343,0.158,0.0195468967359301,c7,Calu,0.185,0.063455
6.06524326770313e-07,0.415351375783332,0.462,0.235,0.0195482790518072,c7,Cstf3,0.227,0.104874
6.07238362916853e-07,0.457787152724646,0.322,0.147,0.0195712924368102,c7,B4galt7,0.175,0.05635
6.08104626332396e-07,0.354219155936046,0.748,0.417,0.0195992121066931,c7,Bri3,0.331,0.247588
6.1121804592331e-07,0.36614659449789,0.497,0.253,0.0196995576201083,c7,Utp11,0.244,0.121268
6.11871447789049e-07,0.396548994106679,0.587,0.315,0.019720616762241,c7,Vps36,0.272,0.159664
6.14817216682429e-07,0.398273647425643,0.783,0.438,0.0198155588936747,c7,Nipsnap2,0.345,0.270135
6.15879613307657e-07,0.364912301624647,0.615,0.322,0.0198497999369058,c7,Plgrkt,0.293,0.180195
6.19583394267168e-07,0.455294347885859,0.483,0.254,0.0199691727972308,c7,Sirt3,0.229,0.110607
6.22379907384202e-07,0.36436879675036,0.769,0.418,0.0200593044149928,c7,Mterf3,0.351,0.269919
6.36879810931665e-07,0.412941322388245,0.58,0.311,0.0205266363063276,c7,Ddx21,0.269,0.15602
6.42798026778137e-07,0.377328375005021,0.49,0.252,0.0207173804030594,c7,Naf1,0.238,0.11662
6.46576978043155e-07,0.548050148410258,0.301,0.139,0.0208391760023309,c7,Ndufb3,0.162,0.048762
6.46983519088963e-07,0.463852626397195,0.566,0.31,0.0208522788202373,c7,Slc35e1,0.256,0.144896
6.60683095273257e-07,0.452845160430807,0.811,0.525,0.0212938161606571,c7,Ndufb8,0.286,0.231946
6.7127223369407e-07,0.435797693185553,0.413,0.206,0.0216351040919599,c7,Nubp1,0.207,0.085491
6.7252170491445e-07,0.460178899011928,0.42,0.212,0.0216753745493927,c7,Tmem161a,0.208,0.08736
6.76907834270986e-07,0.447992425947532,0.909,0.609,0.0218167394985539,c7,Slc25a3,0.3,0.2727
6.81010869286869e-07,0.327560996408301,0.573,0.301,0.0219489803171158,c7,Suclg1,0.272,0.155856
6.85546618685131e-07,0.577662466973778,0.287,0.128,0.0220951675202218,c7,Mfap1b,0.159,0.045633
6.85706387846605e-07,0.442105867174142,0.538,0.289,0.0221003168802961,c7,Dnttip1,0.249,0.133962
6.93631281743041e-07,0.45453231037689,0.413,0.205,0.0223557362105782,c7,Zbtb10,0.208,0.085904
7.00191381405129e-07,0.368986413010877,0.601,0.315,0.0225671682226873,c7,Zbtb21,0.286,0.171886
7.0110588020222e-07,0.364614435925418,0.545,0.284,0.0225966425189176,c7,Tank,0.261,0.142245
7.11359542019851e-07,0.450180429670598,0.399,0.195,0.0229271180392998,c7,DEPRECATED-ENSMUSG00000035569,0.204,0.081396
7.14362059317166e-07,0.437926587895722,0.825,0.479,0.0230238891717923,c7,Arfgap2,0.346,0.28545
7.149378862942e-07,0.430964249604822,0.727,0.422,0.0230424480752621,c7,Cnih1,0.305,0.221735
7.1680871960248e-07,0.598443718991985,0.28,0.125,0.0231027450327879,c7,Mfap1a,0.155,0.0434
7.20757354501434e-07,0.49039222517004,0.441,0.228,0.0232300095355812,c7,Vhl,0.213,0.093933
7.27927968698384e-07,0.439374666775415,0.79,0.473,0.0234611184311489,c7,Copz1,0.317,0.25043
7.28814253536117e-07,0.436994827662633,0.413,0.206,0.023489683391469,c7,Pnkp,0.207,0.085491
7.29524699914626e-07,0.34410153434566,0.497,0.252,0.0235125810782484,c7,Alkbh7,0.245,0.121765
7.3447322947898e-07,0.392006579068678,0.804,0.437,0.0236720721861075,c7,Zfp740,0.367,0.295068
7.3703431205928e-07,0.443844735471699,0.371,0.178,0.0237546158776706,c7,Aatf,0.193,0.071603
7.43367636115403e-07,0.387675052902192,0.503,0.259,0.0239587389119994,c7,Rabggta,0.244,0.122732
7.46957016967398e-07,0.371419186961151,0.622,0.336,0.0240744246568592,c7,Dnajc16,0.286,0.177892
7.70068302925357e-07,0.426075421464968,0.413,0.204,0.0248193014032843,c7,Zfp770,0.209,0.086317
7.76778181061612e-07,0.463982789385091,0.308,0.14,0.0250355607756158,c7,Tmem205,0.168,0.051744
7.77627550201655e-07,0.430307634533222,0.49,0.256,0.0250629359429993,c7,Med10,0.234,0.11466
7.89197751069892e-07,0.394690467711741,0.678,0.375,0.0254358435169826,c7,Nub1,0.303,0.205434
7.94891641060167e-07,0.61052931430658,0.322,0.154,0.0256193575913692,c7,Aasdh,0.168,0.054096
7.9747558841358e-07,0.43829697300912,0.881,0.582,0.0257026382145697,c7,Fkbp8,0.299,0.263419
8.01430515783268e-07,0.407725926194401,0.643,0.354,0.0258301055236947,c7,Dctn5,0.289,0.185827
8.03024306811219e-07,0.44784165411641,0.867,0.535,0.0258814734085256,c7,Zfyve27,0.332,0.287844
8.26255793273812e-07,0.502766812788515,0.455,0.24,0.026630224217215,c7,Uchl5,0.215,0.097825
8.27923431315048e-07,0.429695177141176,0.538,0.287,0.026683972191284,c7,Ccdc97,0.251,0.135038
8.46162487043433e-07,0.412162842784177,0.776,0.447,0.0272718169574098,c7,Csde1,0.329,0.255304
8.55525076454076e-07,0.451156630346008,0.566,0.31,0.0275735732141149,c7,Cog3,0.256,0.144896
8.58112296016218e-07,0.348642937313246,0.497,0.253,0.0276569593006027,c7,Smcr8,0.244,0.121268
8.66880492240577e-07,0.334565538427251,0.399,0.192,0.0279395582649138,c7,Mfsd1,0.207,0.082593
8.67521838408012e-07,0.681848469862489,0.315,0.152,0.0279602288518902,c7,Msl3,0.163,0.051345
8.74260320636083e-07,0.418392399186554,0.552,0.299,0.028177410134101,c7,Ift46,0.253,0.139656
8.78540886781888e-07,0.348322988972338,0.748,0.428,0.0283153727809803,c7,Uqcr11,0.32,0.23936
8.96097551180321e-07,0.3753793714886,0.434,0.216,0.0288812240745417,c7,Wdr19,0.218,0.094612
9.00898241161447e-07,0.457051949373877,0.804,0.492,0.0290359503126334,c7,Psmc5,0.312,0.250848
9.02173886792612e-07,0.425944709865492,0.818,0.465,0.0290770643713259,c7,Ube2r2,0.353,0.288754
9.02923493624056e-07,0.418738777644967,0.441,0.223,0.0291012241995033,c7,Flad1,0.218,0.096138
9.08818235389527e-07,0.452709994530603,0.455,0.236,0.0292912117266045,c7,Hook2,0.219,0.099645
9.09965494075563e-07,0.362871387073178,0.58,0.309,0.0293281878740554,c7,Wdr41,0.271,0.15718
9.17897757071213e-07,0.452712720238017,0.371,0.181,0.0295838447104052,c7,Wrap53,0.19,0.07049
9.32303373953259e-07,0.305766638116529,0.678,0.356,0.0300481377425135,c7,Ccz1,0.322,0.218316
9.4725189779398e-07,0.375964568220831,0.706,0.386,0.0305299286659,c7,Prelid1,0.32,0.22592
9.80579196964426e-07,0.42697223668692,0.364,0.175,0.0316040675181635,c7,Zfp420,0.189,0.068796
9.89847030298504e-07,0.351937799729789,0.378,0.184,0.0319027697865208,c7,Dpp7,0.194,0.073332
1.0072786653457e-06,0.439126550568161,0.755,0.437,0.0324645913840918,c7,Bace1,0.318,0.24009
1.00920554875972e-06,0.379538926044397,0.49,0.255,0.0325266948365258,c7,Rnpepl1,0.235,0.11515
1.01838767807109e-06,0.605613657177549,0.294,0.136,0.0328226348642312,c7,Mad1l1,0.158,0.046452
1.01960340274313e-06,0.37207769742395,0.573,0.308,0.0328618176704112,c7,Tmem242,0.265,0.151845
1.02772791266394e-06,0.426062990458452,0.776,0.453,0.0331236706251589,c7,Kdelr1,0.323,0.250648
1.02808826484222e-06,0.511496231400848,0.566,0.325,0.0331352847758647,c7,Fam162a,0.241,0.136406
1.03137777704183e-06,0.34681498909572,0.462,0.233,0.0332413057540581,c7,Vrk1,0.229,0.105798
1.04680923382643e-06,0.476470683270969,0.315,0.146,0.0337386616062257,c7,Haus1,0.169,0.053235
1.05327051152341e-06,0.427127791450492,0.692,0.4,0.0339469085863995,c7,Cwc15,0.292,0.202064
1.06976235236555e-06,0.340609712543289,0.664,0.357,0.0344784406167417,c7,Usp16,0.307,0.203848
1.07155768946872e-06,0.437831722054224,0.825,0.502,0.0345363043315768,c7,Trappc6b,0.323,0.266475
1.0747831224408e-06,0.470530953621206,0.636,0.38,0.0346402600362669,c7,Psmc2,0.256,0.162816
1.0776742119895e-06,0.372953741780964,0.406,0.201,0.0347334398524217,c7,Lrrc28,0.205,0.08323
1.08451931288836e-06,0.365728533407575,0.49,0.25,0.0349540574543917,c7,E4f1,0.24,0.1176
1.09121426375082e-06,0.37568921932959,0.65,0.358,0.035169835720689,c7,Cdc34,0.292,0.1898
1.09292949679001e-06,0.39113078755936,0.671,0.372,0.035225117681542,c7,Sh2b1,0.299,0.200629
1.10062104445563e-06,0.465740169404108,0.832,0.505,0.035473016262805,c7,Cope,0.327,0.272064
1.10093358024087e-06,0.366534829930512,0.552,0.29,0.0354830892911632,c7,Naxd,0.262,0.144624
1.11175021625734e-06,0.38638644169479,0.853,0.494,0.0358317094699739,c7,Pdia6,0.359,0.306227
1.12066126885394e-06,0.487318045486862,0.28,0.125,0.0361189126951626,c7,Pcdhgb7,0.155,0.0434
1.13323060678798e-06,0.413392189876316,0.601,0.33,0.0365240224567766,c7,Herpud2,0.271,0.162871
1.14393826409973e-06,0.379129979833821,0.685,0.379,0.0368691302519342,c7,Cluap1,0.306,0.20961
1.15617519780219e-06,0.509085159751102,0.357,0.175,0.0372635266251645,c7,Fbxl6,0.182,0.064974
1.15938262562741e-06,0.517533715098319,0.343,0.166,0.0373669020239716,c7,Zfp212,0.177,0.060711
1.16426523861821e-06,0.513345020110664,0.259,0.113,0.0375242686406648,c7,Rbmx2,0.146,0.037814
1.17029913790868e-06,0.393851386949452,0.678,0.381,0.0377187412147967,c7,Sec24a,0.297,0.201366
1.17113942315747e-06,0.338601988059479,0.545,0.287,0.0377458236083652,c7,Mapkap1,0.258,0.14061
1.20320761145056e-06,0.596837615970255,0.35,0.174,0.0387793813170516,c7,Zcchc4,0.176,0.0616
1.21419504335864e-06,0.442706989507438,0.797,0.483,0.039133506247449,c7,Ddx1,0.314,0.250258
1.23286876531312e-06,0.441382444541661,0.455,0.236,0.0397353603060418,c7,Mat2b,0.219,0.099645
1.24777240918339e-06,0.357195769328967,0.524,0.272,0.0402157047479808,c7,Chmp2a,0.252,0.132048
1.2481219792793e-06,0.485071420759922,0.308,0.144,0.0402269713921717,c7,Hs1bp3,0.164,0.050512
1.25407377002261e-06,0.417748874579633,0.629,0.354,0.0404187976078287,c7,Lman2l,0.275,0.172975
1.25802607095395e-06,0.420177923647767,0.322,0.15,0.0405461802668458,c7,Mpp1,0.172,0.055384
1.27295384765633e-06,0.368798602265859,0.797,0.434,0.0410273025099637,c7,Ccdc186,0.363,0.289311
1.28121449231485e-06,0.391778689572338,0.476,0.244,0.0412935430873076,c7,Agbl5,0.232,0.110432
1.291862579893e-06,0.44776872804965,0.916,0.568,0.0416367309499514,c7,Ash1l,0.348,0.318768
1.2923315851766e-06,0.396084106873246,0.559,0.306,0.0416518469902419,c7,Por,0.253,0.141427
1.29253870112029e-06,0.393877653128994,0.497,0.258,0.0416585223371069,c7,Gart,0.239,0.118783
1.31475830031638e-06,0.279445611743272,0.741,0.387,0.0423746600191969,c7,Atg16l1,0.354,0.262314
1.32339903708907e-06,0.353796678003541,0.462,0.235,0.0426531509653807,c7,Rabif,0.227,0.104874
1.32637068251022e-06,0.439933318868122,0.566,0.315,0.0427489270973045,c7,Ahsa2,0.251,0.142066
1.32732939264272e-06,0.331841540523343,0.608,0.334,0.0427798263248749,c7,Higd2a,0.274,0.166592
1.32771864570937e-06,0.385009377843998,0.657,0.365,0.042792371951213,c7,Emc3,0.292,0.191844
1.3372901565497e-06,0.314347139484995,0.427,0.211,0.043100861745597,c7,Fndc3b,0.216,0.092232
1.34221884850651e-06,0.371615280753655,0.559,0.293,0.0432597134873649,c7,Rabl2,0.266,0.148694
1.34756421909778e-06,0.474474390205158,0.28,0.126,0.0434319947815213,c7,Wdr92,0.154,0.04312
1.35367591281948e-06,0.383202852928004,0.629,0.352,0.0436289746701718,c7,Asna1,0.277,0.174233
1.36188913103012e-06,0.391030514476626,0.636,0.348,0.0438936866931007,c7,Zfp236,0.288,0.183168
1.36289968732686e-06,0.428754944261807,0.895,0.515,0.0439262569225446,c7,Ap1g1,0.38,0.3401
1.36335945912343e-06,0.443000196560268,0.811,0.517,0.0439410753675482,c7,Hprt,0.294,0.238434
1.36647890725756e-06,0.333080890175752,0.636,0.338,0.0440416151809112,c7,Dph6,0.298,0.189528
1.37159985280401e-06,0.304523325859549,0.587,0.307,0.0442066632558732,c7,Rbpj,0.28,0.16436
1.38978865006667e-06,0.576332383219515,0.301,0.14,0.0447928881916488,c7,Rad9a,0.161,0.048461
1.44561872942181e-06,0.416107044331961,0.413,0.206,0.0465922916492648,c7,Rassf1,0.207,0.085491
1.45415021135812e-06,0.278563474841831,0.545,0.282,0.0468672613120722,c7,Zfyve26,0.263,0.143335
1.46026194521299e-06,0.32929452248129,0.552,0.29,0.0470642424942147,c7,Wbp1l,0.262,0.144624
1.46838351987721e-06,0.46489638910563,0.427,0.219,0.0473260008456426,c7,Czib,0.208,0.088816
1.47340027036233e-06,0.55779287282835,0.28,0.127,0.0474876907137779,c7,Zbed4,0.153,0.04284
1.48207136962948e-06,0.411487702309734,0.636,0.36,0.0477671602431581,c7,Psmb6,0.276,0.175536
1.48380663522834e-06,0.486434101906524,0.357,0.175,0.0478230878534094,c7,Wdr75,0.182,0.064974
1.49607095325891e-06,0.536314912552483,0.357,0.179,0.0482183668235346,c7,Cars2,0.178,0.063546
1.49624155305666e-06,0.443276332511819,0.65,0.37,0.0482238652550162,c7,Eif3l,0.28,0.182
1.50132438240474e-06,0.312372523855189,0.441,0.219,0.0483876848449049,c7,Slc35f5,0.222,0.097902
1.5014566702631e-06,0.37138755835851,0.958,0.604,0.0483919484825799,c7,Tmem59,0.354,0.339132
1.50417298337774e-06,0.557179709477256,0.315,0.151,0.0484794952542647,c7,Stn1,0.164,0.05166
1.50446240721189e-06,0.368942102356861,0.469,0.243,0.0484888233844393,c7,Thap2,0.226,0.105994
1.53235829452594e-06,0.302458010542939,0.406,0.199,0.0493879078325712,c7,Klhl29,0.207,0.084042
1.54408527812554e-06,0.410166640922518,0.469,0.247,0.0497658685139863,c7,Rmnd1,0.222,0.104118
1.55240709940145e-06,0.651306069227819,0.266,0.122,0.0500340808137087,c7,Qpctl,0.144,0.038304
1.553835284097e-06,0.521867131669896,0.287,0.132,0.0500801112064463,c7,Ap3s1,0.155,0.044485
1.56882520561772e-06,0.565361325555465,0.336,0.164,0.0505632363770592,c7,Nle1,0.172,0.057792
1.59496881149325e-06,0.487308133627735,0.301,0.14,0.0514058447944273,c7,Snap29,0.161,0.048461
1.60810517128254e-06,0.265698471774913,0.636,0.345,0.0518292296704363,c7,Slc30a5,0.291,0.185076
1.61368324007612e-06,0.39556507748339,0.804,0.463,0.0520090108276533,c7,Dpp8,0.341,0.274164
1.63615266054649e-06,0.406955765617672,0.441,0.228,0.0527332002494132,c7,Tmem209,0.213,0.093933
1.64907535420763e-06,0.584761084350783,0.259,0.116,0.053149698666112,c7,DEPRECATED-ENSMUSG00000038759,0.143,0.037037
1.66737016259448e-06,0.332818064138824,0.615,0.329,0.05373934034042,c7,Bud31,0.286,0.17589
1.68835544214923e-06,0.404427696834167,0.811,0.474,0.0544156959004697,c7,Fxr1,0.337,0.273307
1.6991858420782e-06,0.398341101101909,0.839,0.57,0.0547647596901802,c7,Actg1,0.269,0.225691
1.69920381208348e-06,0.457387876147778,0.413,0.215,0.0547653388634505,c7,Jagn1,0.198,0.081774
1.75500660698586e-06,0.573321497654312,0.364,0.186,0.0565638629431542,c7,Fam118b,0.178,0.064792
1.76114244664597e-06,0.339881164231377,0.727,0.39,0.0567616210553995,c7,Dnm2,0.337,0.244999
1.76368376448043e-06,0.583471259365979,0.308,0.147,0.0568435277292042,c7,Xpc,0.161,0.049588
1.76861853332673e-06,0.674573664101781,0.308,0.151,0.0570025753291204,c7,Abcd4,0.157,0.048356
1.79837836258582e-06,0.481873512137307,0.371,0.184,0.057961734626141,c7,Eif3b,0.187,0.069377
1.831995034342e-06,0.452074321254546,0.378,0.19,0.0590451999568426,c7,Ankrd39,0.188,0.071064
1.84213934372706e-06,0.395057422443446,0.636,0.356,0.0593721510483232,c7,Ino80,0.28,0.17808
1.8477837592106e-06,0.321240389050956,0.51,0.264,0.0595540705593575,c7,Zfpl1,0.246,0.12546
1.87577369759379e-06,0.807465117487455,0.594,0.359,0.0604561862734479,c7,Gjd2,0.235,0.13959
1.87610911449553e-06,0.417935306684783,0.455,0.236,0.060466996760191,c7,Fbxl14,0.219,0.099645
1.88661513062954e-06,0.645901742458409,0.371,0.194,0.0608056056601899,c7,Mid1ip1,0.177,0.065667
1.90280708840732e-06,0.477209533264934,0.399,0.204,0.0613274724593679,c7,Qser1,0.195,0.077805
1.9054182664666e-06,0.38819331628451,0.727,0.424,0.0614116307282186,c7,Uggt1,0.303,0.220281
1.9094719355449e-06,0.623309216177897,0.259,0.116,0.0615422804826121,c7,Bbof1,0.143,0.037037
1.91160812595408e-06,0.433693337175294,0.937,0.592,0.0616111298995,c7,Nedd4,0.345,0.323265
1.91964508515259e-06,0.515892262664972,0.357,0.177,0.061870161094468,c7,Tbc1d10a,0.18,0.06426
1.95413528320435e-06,0.370402961677118,0.699,0.389,0.062981780177676,c7,Golph3,0.31,0.21669
1.99438909979691e-06,0.415829664579342,0.818,0.496,0.0642791606864544,c7,Ndufv2,0.322,0.263396
2.01879756239908e-06,0.321369060281896,0.692,0.387,0.0650658454361225,c7,Adam10,0.305,0.21106
2.03135817534829e-06,0.376712154341651,0.622,0.349,0.0654706739914754,c7,Tmem208,0.273,0.169806
2.03170483377124e-06,0.355996841530023,0.517,0.272,0.0654818467924469,c7,Atf1,0.245,0.126665
2.03297386090767e-06,0.300996281489259,0.587,0.31,0.0655227475370541,c7,Nup85,0.277,0.162599
2.06918955567235e-06,0.37389291246364,0.545,0.301,0.0666899793793197,c7,Uqcrq,0.244,0.13298
2.11382534921321e-06,0.399839787765541,0.776,0.456,0.0681285910051418,c7,Map2k2,0.32,0.24832
2.11746058215745e-06,0.44400262200477,0.895,0.572,0.0682457545629345,c7,Ppp6r3,0.323,0.289085
2.17517765301798e-06,0.372953316136179,0.853,0.468,0.0701059757567695,c7,Chd9,0.385,0.328405
2.18006678889511e-06,0.550911255032514,0.301,0.143,0.0702635526060893,c7,Ebp,0.158,0.047558
2.18606812422044e-06,0.445102779507887,0.965,0.603,0.0704569756436247,c7,Jmjd1c,0.362,0.34933
2.19097544558524e-06,0.378570640328767,0.657,0.363,0.0706151386112123,c7,Specc1l,0.294,0.193158
2.20356552021492e-06,0.485502131006071,0.364,0.184,0.0710209167165267,c7,Mzt2,0.18,0.06552
2.22721396689639e-06,0.417512274018969,0.462,0.242,0.0717831061530706,c7,Dpm2,0.22,0.10164
2.24557220134009e-06,0.385483000469045,0.811,0.467,0.0723747920491912,c7,Sec63,0.344,0.278984
2.24987507143228e-06,0.365724132173922,0.643,0.356,0.0725134735522625,c7,Med14,0.287,0.184541
2.26504758418041e-06,0.394485697206262,0.559,0.304,0.0730024836381345,c7,Rce1,0.255,0.142545
2.2886850876766e-06,0.475330980441134,0.783,0.515,0.073764320375817,c7,Got1,0.268,0.209844
2.29562675811842e-06,0.368950949063126,0.657,0.365,0.0739880504141568,c7,Parp1,0.292,0.191844
2.30318340431398e-06,0.323499884229124,0.573,0.308,0.0742316011210396,c7,Rexo2,0.265,0.151845
2.30351806879323e-06,0.37916426040636,0.818,0.461,0.0742423873572057,c7,Arnt,0.357,0.292026
2.30701310103248e-06,0.349451367534103,0.699,0.386,0.0743550322462768,c7,Med20,0.313,0.218787
2.31036030132463e-06,0.450630169137884,0.72,0.451,0.0744629125116929,c7,Ube2v1,0.269,0.19368
2.34267574751367e-06,0.30850220855982,0.601,0.319,0.0755044393423657,c7,Pi4k2a,0.282,0.169482
2.38346635178851e-06,0.418513789275432,0.902,0.544,0.0768191205181437,c7,Zmym2,0.358,0.322916
2.40750963059774e-06,0.547922994404291,0.273,0.125,0.077594035394165,c7,Snrnp35,0.148,0.040404
2.4117785414927e-06,0.437147272729829,0.462,0.245,0.0777316223923099,c7,Gabpa,0.217,0.100254
2.43007580174436e-06,0.335928947818599,0.65,0.353,0.0783213430902208,c7,Gnai3,0.297,0.19305
2.43751433487076e-06,0.357124435643644,0.748,0.418,0.0785610870128847,c7,Use1,0.33,0.24684
2.45518813367848e-06,0.411912029055353,0.364,0.182,0.0791307135484573,c7,Hmbs,0.182,0.066248
2.45676680932795e-06,0.409802470388798,0.692,0.395,0.0791815942646397,c7,Ubald2,0.297,0.205524
2.46701723929471e-06,0.484964208046541,0.329,0.159,0.0795119656224686,c7,Rap2c,0.17,0.05593
2.47470899902566e-06,0.396030593284452,0.657,0.372,0.0797598710385971,c7,Ggps1,0.285,0.187245
2.48112449292738e-06,0.388171017848832,0.93,0.686,0.0799666424070495,c7,Vcp,0.244,0.22692
2.49626916594108e-06,0.346548804402155,0.566,0.307,0.0804547552182809,c7,Selenos,0.259,0.146594
2.50143213536797e-06,0.362616480894271,0.79,0.445,0.0806211577229095,c7,Snx2,0.345,0.27255
2.50264905351993e-06,0.541088462250003,0.252,0.112,0.0806603789949474,c7,Erlin1,0.14,0.03528
2.50605900974258e-06,0.334348318619808,0.35,0.169,0.0807702818840035,c7,Stk4,0.181,0.06335
2.52510461384979e-06,0.494338358052309,0.336,0.164,0.0813841217043788,c7,Bud13,0.172,0.057792
2.53454956830415e-06,0.37350023963122,0.545,0.3,0.0816885325864428,c7,Cebpzos,0.245,0.133525
2.55023027097086e-06,0.35678536871831,0.79,0.426,0.0821939216333909,c7,Clk2,0.364,0.28756
2.56142752741597e-06,0.380205929149022,0.825,0.46,0.0825548092086168,c7,Abi1,0.365,0.301125
2.57351143117774e-06,0.425500928410923,0.273,0.123,0.0829442734268586,c7,Armc5,0.15,0.04095
2.6157539207989e-06,0.345169914481311,0.692,0.384,0.0843057488673484,c7,Pnkd,0.308,0.213136
2.63088174234325e-06,0.417157265792651,0.846,0.505,0.084793318555723,c7,Tomm20,0.341,0.288486
2.63589031045407e-06,0.370069248713604,0.671,0.371,0.0849547447059346,c7,Phrf1,0.3,0.2013
2.63915716428922e-06,0.439469188310914,0.462,0.248,0.0850600354050417,c7,Rpp21,0.214,0.098868
2.66450378895189e-06,0.423404942607023,0.818,0.492,0.0858769571179195,c7,Zfp106,0.326,0.266668
2.7020287677097e-06,0.417622243066718,0.49,0.265,0.0870863871832838,c7,Naa35,0.225,0.11025
2.73488465418678e-06,0.447058583807097,0.364,0.182,0.0881453324044398,c7,Zmat5,0.182,0.066248
2.74495628805722e-06,0.358597840506393,0.629,0.349,0.0884699411640842,c7,Coq10a,0.28,0.17612
2.74985300138994e-06,0.35095544393935,0.413,0.209,0.0886277622347979,c7,Gipc1,0.204,0.084252
2.75039796248526e-06,0.461647421196507,0.357,0.18,0.0886453263308998,c7,Bloc1s1,0.177,0.063189
2.76743653408762e-06,0.308424498920973,0.476,0.245,0.0891944794936439,c7,Gtf3c5,0.231,0.109956
2.76888529363279e-06,0.328674843041604,0.455,0.236,0.0892411730137849,c7,Fam3a,0.219,0.099645
2.80242577612532e-06,0.458052977791833,0.434,0.229,0.0903221827645192,c7,Apip,0.205,0.08897
2.80962701193052e-06,0.397291135588937,0.336,0.164,0.0905542785945207,c7,Ugp2,0.172,0.057792
2.83547274206634e-06,0.294441021462835,0.671,0.357,0.0913872864767981,c7,Gtf2h1,0.314,0.210694
2.85594825231513e-06,0.296519908981709,0.664,0.36,0.0920472121721168,c7,Nup155,0.304,0.201856
2.86254788352792e-06,0.429614715077979,0.706,0.423,0.0922599182861049,c7,Rad21,0.283,0.199798
2.87512338181528e-06,0.419058372066982,0.86,0.524,0.0926652265959064,c7,Pum1,0.336,0.28896
2.87516167077133e-06,0.390011310974432,0.748,0.425,0.0926664606489599,c7,Ccnt1,0.323,0.241604
2.87615480766191e-06,0.429026917516351,0.965,0.664,0.0926984694509433,c7,Srsf6,0.301,0.290465
2.87840606068074e-06,0.349497757965931,0.448,0.229,0.0927710273357404,c7,Cnppd1,0.219,0.098112
2.9125521646831e-06,0.421092967824915,0.35,0.172,0.0938715562677365,c7,Armc10,0.178,0.0623
2.91851028053212e-06,0.526589347952926,0.308,0.148,0.0940635863415502,c7,Zfp942,0.16,0.04928
2.92892025414584e-06,0.438028413428265,0.378,0.19,0.0943990997911203,c7,Tti1,0.188,0.071064
2.95070756338943e-06,0.347404097023419,0.336,0.162,0.0951013047680412,c7,Dtd2,0.174,0.058464
3.00720491952003e-06,0.329528508400172,0.594,0.32,0.0969222145561305,c7,Rnf169,0.274,0.162756
3.02251699419975e-06,0.266983577263626,0.448,0.228,0.097415722723058,c7,Sptlc2,0.22,0.09856
3.03124814733835e-06,0.260659605603678,0.476,0.248,0.0976971277887149,c7,Creg1,0.228,0.108528
3.05354298864923e-06,0.475599661006436,0.804,0.524,0.0984156905241645,c7,Nectin1,0.28,0.22512
3.05894386186418e-06,0.410726101336377,0.448,0.236,0.0985897606678824,c7,Atg5,0.212,0.094976
3.09123036523532e-06,0.419355516616291,0.28,0.128,0.0996303546715344,c7,Khk,0.152,0.04256
3.11586339084358e-06,0.407103312365797,0.804,0.47,0.100424277086889,c7,Sf3b3,0.334,0.268536
3.16227253144274e-06,0.391505606283916,0.783,0.443,0.1019200436884,c7,Zbtb44,0.34,0.26622
3.16458062457927e-06,0.531286426700925,0.273,0.126,0.10199443353019,c7,Scly,0.147,0.040131
3.17582667052543e-06,0.435844002830998,0.273,0.124,0.102356893591035,c7,Tcaim,0.149,0.040677
3.20279297273575e-06,0.391741268002609,0.762,0.44,0.103226017511273,c7,Sf3a1,0.322,0.245364
3.21696957178981e-06,0.379209267814026,0.727,0.412,0.103682929298786,c7,Ndel1,0.315,0.229005
3.24052334780578e-06,0.370669238008482,0.685,0.383,0.10444206749978,c7,Pan3,0.302,0.20687
3.25503582898806e-06,0.326749208628172,0.629,0.343,0.104909804768285,c7,Unc50,0.286,0.179894
3.26670511296012e-06,0.341640104422427,0.601,0.329,0.105285905790705,c7,Zfp329,0.272,0.163472
3.27180157395801e-06,0.341039803276025,0.643,0.353,0.105450164728667,c7,Mdh2,0.29,0.18647
3.29006145889654e-06,0.385669150346774,0.441,0.23,0.106038680820235,c7,Nr2c1,0.211,0.093051
3.29924537011887e-06,0.415204168899529,0.797,0.483,0.106334678278931,c7,Cab39,0.314,0.250258
3.30624542397173e-06,0.422108549042511,0.888,0.54,0.106560290014609,c7,Akt3,0.348,0.309024
3.34615942764909e-06,0.402004906410121,0.867,0.503,0.10784671835313,c7,Tmcc1,0.364,0.315588
3.35313947944157e-06,0.388199696906899,0.531,0.29,0.108071685422402,c7,Lgals8,0.241,0.127971
3.36667818051329e-06,0.397565282527735,0.783,0.463,0.108508037757943,c7,Aktip,0.32,0.25056
3.3767409940256e-06,0.514405052195408,0.28,0.131,0.108832362237445,c7,Adat2,0.149,0.04172
3.39639814321763e-06,0.386280455865346,0.741,0.425,0.109465912155904,c7,Rock2,0.316,0.234156
3.40607505147227e-06,0.34826851765447,0.79,0.434,0.109777798908951,c7,Ppp6c,0.356,0.28124
3.44713447491736e-06,0.286099335920745,0.476,0.245,0.111101144126587,c7,Diaph1,0.231,0.109956
3.48529412543287e-06,0.393081881524955,0.559,0.31,0.112331029662701,c7,Pcnx3,0.249,0.139191
3.48626720753648e-06,0.33055140121468,0.49,0.259,0.112362392098901,c7,Borcs7,0.231,0.11319
3.4870219861673e-06,0.378928942296321,0.804,0.482,0.112386718614172,c7,Smdt1,0.322,0.258888
3.49338323188738e-06,0.439564218539699,0.804,0.527,0.11259174156373,c7,Gabarapl1,0.277,0.222708
3.56183489500934e-06,0.396448339964827,0.503,0.272,0.114797938666151,c7,Cnot11,0.231,0.116193
3.57420897121664e-06,0.4147714883881,0.867,0.596,0.115196755142312,c7,Ppp3r1,0.271,0.234957
3.57583652682868e-06,0.351231778344986,0.427,0.218,0.115249211259688,c7,Mgat2,0.209,0.089243
3.60750238399054e-06,0.45834032238854,0.329,0.162,0.116269801836015,c7,Nfkbib,0.167,0.054943
3.67366640006584e-06,0.320421337396227,0.685,0.371,0.118402268074122,c7,Ptpn2,0.314,0.21509
3.72458722093447e-06,0.368558667802884,0.573,0.313,0.120043446130718,c7,Smim13,0.26,0.14898
3.79998500720261e-06,0.351967036369861,0.769,0.431,0.12247351678214,c7,Abhd17b,0.338,0.259922
3.8151794572961e-06,0.414321054693046,0.769,0.469,0.122963233908653,c7,Txn2,0.3,0.2307
3.8395959271658e-06,0.362690288210671,0.741,0.426,0.123750176732554,c7,Zfp687,0.315,0.233415
3.85122798182804e-06,0.318078670253965,0.427,0.219,0.124125077854318,c7,Snx5,0.208,0.088816
3.85891556449524e-06,0.291999268593766,0.664,0.358,0.124372848643682,c7,Rnf40,0.306,0.203184
3.8795715994855e-06,0.633986782522176,0.301,0.147,0.125038592651418,c7,Rbak,0.154,0.046354
3.9014973595146e-06,0.312089952301278,0.51,0.279,0.125745259897156,c7,Pdzd11,0.231,0.11781
3.94411553998459e-06,0.441336516226092,0.336,0.166,0.127118843853703,c7,Heatr1,0.17,0.05712
3.98937138996368e-06,0.291018519739985,0.51,0.272,0.128577439898529,c7,Yipf1,0.238,0.12138
4.00992509226416e-06,0.297417317554521,0.594,0.319,0.129239885723674,c7,Usp54,0.275,0.16335
4.01125847128829e-06,0.409225388298236,0.322,0.154,0.129282860529621,c7,Nolc1,0.168,0.054096
4.01361492740892e-06,0.341667533354153,0.65,0.366,0.12935880911039,c7,Pfdn1,0.284,0.1846
4.05730765809006e-06,0.353024388935973,0.601,0.338,0.130767025820243,c7,St7l,0.263,0.158063
4.09524342913569e-06,0.436896105957444,0.434,0.231,0.131989695721043,c7,Pard3,0.203,0.088102
4.09810955964131e-06,0.325575573178514,0.741,0.408,0.132082071107239,c7,Prpf6,0.333,0.246753
4.10028991342714e-06,0.432515091837867,0.315,0.153,0.132152343909757,c7,Cenpx,0.162,0.05103
4.18287898043072e-06,0.437246194065454,0.986,0.639,0.134814189539282,c7,Gls,0.347,0.342142
4.19181842728152e-06,0.28601728355267,0.413,0.208,0.135102307911283,c7,Taf12,0.205,0.084665
4.21902682827751e-06,0.359171636025324,0.294,0.138,0.135979234675384,c7,Iscu,0.156,0.045864
4.37150175731048e-06,0.311035758080198,0.531,0.288,0.140893501638117,c7,Slc35a4,0.243,0.129033
4.3798236757453e-06,0.350246847367022,0.601,0.335,0.141161717069271,c7,Hat1,0.266,0.159866
4.42620455274715e-06,0.378609405857865,0.846,0.552,0.142656572735041,c7,Ndufv3,0.294,0.248724
4.44255758981811e-06,0.313435374291352,0.552,0.296,0.143183631119838,c7,Riok2,0.256,0.141312
4.47545977430013e-06,0.385387213325128,0.804,0.477,0.144244068525693,c7,Chd2,0.327,0.262908
4.48557516293135e-06,0.361762072050587,0.462,0.247,0.144570087501277,c7,Fopnl,0.215,0.09933
4.54586279009201e-06,0.295612084814747,0.72,0.398,0.146513157724666,c7,Oaz2,0.322,0.23184
4.55313711428803e-06,0.348264020467874,0.629,0.356,0.146747609193503,c7,Pin1,0.273,0.171717
4.57521567398211e-06,0.365037790180723,0.853,0.489,0.147459201172443,c7,Gpatch8,0.364,0.310492
4.65014998372681e-06,0.711691752346436,0.273,0.131,0.149874333975515,c7,Bloc1s4,0.142,0.038766
4.71589750126822e-06,0.337190780867601,0.769,0.437,0.151993376465875,c7,Vmp1,0.332,0.255308
4.80333132800916e-06,0.341857636324878,0.406,0.208,0.154811368701735,c7,Cpne1,0.198,0.080388
4.83972286816714e-06,0.44757159141523,0.406,0.212,0.155984268041027,c7,Nup160,0.194,0.078764
4.90229357852145e-06,0.362942291037923,0.72,0.403,0.158000922035746,c7,Tmem50a,0.317,0.22824
4.91181236385294e-06,0.307729781447647,0.517,0.279,0.15830771248698,c7,Jmjd8,0.238,0.123046
4.91285619528375e-06,0.476433521222579,0.301,0.145,0.158341355173995,c7,Zfp383,0.156,0.046956
4.92385650373096e-06,0.609248287786528,0.273,0.13,0.158695895115249,c7,Hsd17b10,0.143,0.039039
4.93364412290404e-06,0.42118884412169,0.804,0.49,0.159011350081197,c7,Sp3,0.314,0.252456
5.02588363458902e-06,0.81446372450313,0.287,0.144,0.161984229542804,c7,Tmem39b,0.143,0.041041
5.05225350641242e-06,0.451226800097317,0.315,0.153,0.162834130511672,c7,Cactin,0.162,0.05103
5.13725089245132e-06,0.493165755817724,0.399,0.211,0.165573596263706,c7,Pabpc4,0.188,0.075012
5.14273986125817e-06,0.389319041548845,0.818,0.545,0.165750505728351,c7,Atp6v1g1,0.273,0.223314
5.15571651806822e-06,0.342523817297546,0.692,0.388,0.166168743377339,c7,Rfx3,0.304,0.210368
5.17898881089411e-06,0.363001198131617,0.392,0.201,0.166918809375117,c7,Ccdc127,0.191,0.074872
5.18208349083114e-06,0.319692261137699,0.643,0.354,0.167018550909488,c7,Sin3a,0.289,0.185827
5.20446673219609e-06,0.414510282375128,0.748,0.482,0.16773996277868,c7,Dstn,0.266,0.198968
5.29610666104716e-06,0.354921276969525,0.727,0.418,0.17069351768555,c7,Stk16,0.309,0.224643
5.29650173315359e-06,0.338403030686409,0.566,0.311,0.17070625085954,c7,Tada2a,0.255,0.14433
5.40919663081289e-06,0.288337461025352,0.622,0.339,0.174338407411099,c7,Rcbtb1,0.283,0.176026
5.42324712984946e-06,0.352682525757062,0.685,0.391,0.174791254995048,c7,Cfap36,0.294,0.20139
5.43083914444821e-06,0.406473126337731,0.671,0.398,0.175035945625566,c7,Snrpd3,0.273,0.183183
5.57322747165793e-06,0.435323466521442,0.951,0.615,0.179625121411535,c7,Prrc2a,0.336,0.319536
5.57670551563785e-06,0.356319201900885,0.587,0.331,0.179737218769008,c7,H2-Ke6,0.256,0.150272
5.59577734383456e-06,0.399121348921139,0.741,0.45,0.180351903791788,c7,Rnf167,0.291,0.215631
5.6028654850353e-06,0.357849026271931,0.573,0.319,0.180580354582688,c7,Strap,0.254,0.145542
5.62258228253554e-06,0.494743820891144,0.329,0.164,0.18121582696612,c7,Vamp1,0.165,0.054285
5.62612780053089e-06,0.418724355822044,0.846,0.584,0.181330099011111,c7,Idh3b,0.262,0.221652
5.66407348242077e-06,0.363529095081393,0.503,0.274,0.182553088338421,c7,Phf1,0.229,0.115187
5.70688139471155e-06,0.391762842598045,0.776,0.46,0.183932787351553,c7,Prpf38b,0.316,0.245216
5.74119612851154e-06,0.480553661113354,0.336,0.167,0.185038751221927,c7,Rexo1,0.169,0.056784
5.8307783492595e-06,0.346358397382478,0.755,0.428,0.187925986196634,c7,Mtrex,0.327,0.246885
5.86214681669531e-06,0.503622696241643,0.301,0.146,0.18893699190209,c7,Tedc2,0.155,0.046655
5.91391653865227e-06,0.516106531779305,0.266,0.124,0.190605530040763,c7,Dhx34,0.142,0.037772
5.94128267609589e-06,0.317208697439197,0.678,0.372,0.191487540650571,c7,Smu1,0.306,0.207468
5.96376665293199e-06,0.319929140971723,0.531,0.288,0.192212199223998,c7,Nelfa,0.243,0.129033
6.01823567057895e-06,0.357555686428592,0.657,0.37,0.19396773566276,c7,Rangap1,0.287,0.188559
6.15286980375499e-06,0.348630812373183,0.503,0.275,0.198306993775023,c7,Urgcp,0.228,0.114684
6.19286959377231e-06,0.338878738575371,0.769,0.44,0.199596187007281,c7,Fbxo9,0.329,0.253001
6.19359199226623e-06,0.332901568751161,0.685,0.388,0.199619469910741,c7,Aggf1,0.297,0.203445
6.19403407570839e-06,0.423964138192312,0.517,0.298,0.199633718260081,c7,Fam174a,0.219,0.113223
6.24630812935479e-06,0.454860266933787,0.273,0.128,0.201318511009105,c7,Rrm2b,0.145,0.039585
6.26501881621878e-06,0.713784307317378,0.259,0.123,0.201921556446731,c7,Unc5c,0.136,0.035224
6.28525687595126e-06,0.39889570389984,0.385,0.199,0.202573829111909,c7,Gstz1,0.186,0.07161
6.33052357570435e-06,0.343182387042487,0.51,0.275,0.204032774844951,c7,Rbm10,0.235,0.11985
6.35082603541852e-06,0.326664215502889,0.811,0.453,0.204687123121539,c7,Dennd1a,0.358,0.290338
6.39061922048517e-06,0.278600600816509,0.294,0.136,0.205969657476237,c7,Rbms1,0.158,0.046452
6.44393513144776e-06,0.358658548129532,0.818,0.48,0.207688029286561,c7,Galnt1,0.338,0.276484
6.56036119298039e-06,0.700492793158384,0.266,0.129,0.211440441249758,c7,Bcl2,0.137,0.036442
6.57270488197553e-06,0.355883599563678,0.692,0.403,0.211838278346071,c7,Ubl5,0.289,0.199988
6.6245182837361e-06,0.342125965982967,0.371,0.188,0.213508224284815,c7,Dtx2,0.183,0.067893
6.65825097387218e-06,0.358992094260834,0.79,0.441,0.2145954288879,c7,Mdm2,0.349,0.27571
6.6845228419452e-06,0.379360271399604,0.804,0.466,0.215442171195894,c7,Yaf2,0.338,0.271752
6.87437682543842e-06,0.372068575709311,0.657,0.379,0.22156116508388,c7,Nek9,0.278,0.182646
6.88315509652154e-06,0.459494938103457,0.35,0.18,0.221844088760889,c7,Pdxdc1,0.17,0.0595
6.95857404633056e-06,0.327261228136281,0.399,0.205,0.224274841513234,c7,Ciao2b,0.194,0.077406
7.02332860290096e-06,0.435504938126256,0.392,0.207,0.226361880871498,c7,Polr2i,0.185,0.07252
7.06566209178596e-06,0.413012466996434,0.839,0.518,0.227726289218262,c7,Rbm6,0.321,0.269319
7.06569514327854e-06,0.463965572703605,0.343,0.174,0.227727354467867,c7,Ccdc43,0.169,0.057967
7.13580853476925e-06,0.396720266655938,0.517,0.288,0.229987109075613,c7,Rgl2,0.229,0.118393
7.14090731132854e-06,0.314735419886406,0.636,0.354,0.230151442644119,c7,Kpna6,0.282,0.179352
7.15906752311651e-06,0.606545379247644,0.252,0.117,0.230736746270045,c7,Zfp748,0.135,0.03402
7.21463889681571e-06,0.413449215703048,0.79,0.502,0.23252781164437,c7,Rnf11,0.288,0.22752
7.23989288128136e-06,0.325866810144433,0.629,0.359,0.233341747563698,c7,Pdk2,0.27,0.16983
7.3108456852033e-06,0.338253600870477,0.462,0.247,0.235628556434102,c7,Bphl,0.215,0.09933
7.31341412335192e-06,0.570541340639688,0.587,0.369,0.235711337195632,c7,Esrrg,0.218,0.127966
7.32931760581062e-06,0.324966100901969,0.685,0.383,0.236223906435276,c7,Syf2,0.302,0.20687
7.35121938469723e-06,0.311345794543385,0.476,0.253,0.236929800768792,c7,Dut,0.223,0.106148
7.36307310335324e-06,0.423681855109857,0.972,0.61,0.237311846121075,c7,Ccnl2,0.362,0.351864
7.4522599883859e-06,0.51162870359099,0.329,0.166,0.240186339425678,c7,Wdr3,0.163,0.053627
7.45549166500536e-06,0.359425272704027,0.49,0.269,0.240290496363123,c7,Zfp653,0.221,0.10829
7.53170600540401e-06,0.316683926123411,0.755,0.42,0.242746884554171,c7,Psmb2,0.335,0.252925
7.5419536871467e-06,0.299588014431776,0.315,0.152,0.243077167336738,c7,Saal1,0.163,0.051345
7.64496644330425e-06,0.252033063915832,0.392,0.197,0.246397268467696,c7,Aaas,0.195,0.07644
7.66596674149993e-06,0.299023939387712,0.294,0.139,0.247074108078543,c7,Slc52a2,0.155,0.04557
7.94969906031852e-06,0.567232970805241,0.336,0.174,0.256218800714066,c7,Trmt2b,0.162,0.054432
7.98377271100344e-06,0.362581073343776,0.776,0.459,0.257316994475641,c7,Ankrd13c,0.317,0.245992
8.16247143024629e-06,0.286543102837418,0.329,0.16,0.263076454196838,c7,Ndufaf6,0.169,0.055601
8.31649830082561e-06,0.266668331372923,0.552,0.302,0.26804074023561,c7,Tm9sf1,0.25,0.138
8.40371930937786e-06,0.33916066237602,0.329,0.163,0.270851873341248,c7,Mmut,0.166,0.054614
8.54189758728627e-06,0.34003309064179,0.399,0.206,0.275305359238236,c7,Smim15,0.193,0.077007
8.59422590049135e-06,0.457573891216455,0.343,0.175,0.276991900772836,c7,Pcnt,0.168,0.057624
8.61091725237176e-06,0.398620059210479,0.28,0.134,0.277529863043942,c7,Nhp2,0.146,0.04088
8.69839343300657e-06,0.541757820889807,0.601,0.39,0.280349220345802,c7,Xylt1,0.211,0.126811
8.82166207272781e-06,0.352611366167941,0.755,0.446,0.284322168604017,c7,Tmem234,0.309,0.233295
8.8388162747426e-06,0.309189053771195,0.441,0.231,0.284875048534954,c7,Alkbh3,0.21,0.09261
8.87568561837354e-06,0.438621289228911,0.441,0.242,0.286063347480179,c7,Grpel2,0.199,0.087759
8.96173448572981e-06,0.322160769767713,0.406,0.213,0.288836702475072,c7,Fn3krp,0.193,0.078358
9.00189647206089e-06,0.38704865156339,0.503,0.282,0.290131123294523,c7,Rtraf,0.221,0.111163
9.00229782271797e-06,0.360327651900482,0.783,0.455,0.2901440588262,c7,Mob4,0.328,0.256824
9.03370018997405e-06,0.375542111324876,0.734,0.43,0.291156157122864,c7,Hif1an,0.304,0.223136
9.03883225697989e-06,0.430410688406213,0.399,0.211,0.291321563642462,c7,Tmem203,0.188,0.075012
9.09437464053228e-06,0.337797146226489,0.755,0.426,0.293111694664355,c7,Nup98,0.329,0.248395
9.12657010609983e-06,0.313491123974552,0.65,0.36,0.294149354519598,c7,Btaf1,0.29,0.1885
9.21669534941311e-06,0.251534874990309,0.594,0.318,0.297054091111584,c7,Epn2,0.276,0.163944
9.35010930986498e-06,0.369450945581425,0.727,0.425,0.301354023056948,c7,Kcmf1,0.302,0.219554
9.35234195777022e-06,0.314430495563826,0.811,0.451,0.301425981298934,c7,Acbd5,0.36,0.29196
9.6071734169739e-06,0.327530873782828,0.469,0.251,0.309639199229069,c7,Chmp1b,0.218,0.102242
9.61718045381172e-06,0.361990580008662,0.413,0.217,0.309961726026352,c7,Cpox,0.196,0.080948
9.656343908221e-06,0.40174637280386,0.986,0.679,0.311223964161963,c7,Papola,0.307,0.302702
9.72497620432307e-06,0.406053452553191,0.385,0.204,0.313435983065332,c7,Washc3,0.181,0.069685
9.77721489463692e-06,0.359584614147078,0.86,0.486,0.315119636054148,c7,Cdk13,0.374,0.32164
1.0104952819363e-05,0.317293586231048,0.776,0.443,0.325682629368071,c7,Trappc12,0.333,0.258408
1.01917540469173e-05,0.293144965713542,0.448,0.238,0.328480232932146,c7,Tmem134,0.21,0.09408
1.02220699515559e-05,0.390471400592148,0.874,0.546,0.329457314538646,c7,Arid2,0.328,0.286672
1.03302201373933e-05,0.368122816787542,0.49,0.273,0.332942995028186,c7,Otulin,0.217,0.10633
1.04261152086262e-05,0.324854002943386,0.671,0.379,0.336033693174023,c7,Ebna1bp2,0.292,0.195932
1.0462358532985e-05,0.428752374873214,0.322,0.161,0.337201815518108,c7,Zbtb40,0.161,0.051842
1.04720989349227e-05,0.306936388803119,0.538,0.299,0.337515748672558,c7,Idh1,0.239,0.128582
1.05494405100208e-05,0.405920407694432,0.972,0.703,0.34000846763797,c7,Srsf5,0.269,0.261468
1.06349029770456e-05,0.450391294080291,0.329,0.168,0.342762922950179,c7,Abhd17c,0.161,0.052969
1.06716029670818e-05,0.35126326839072,0.811,0.474,0.343945763629045,c7,Arhgap5,0.337,0.273307
1.06815463095032e-05,0.266164048455998,0.734,0.409,0.344266237555287,c7,Tmem87b,0.325,0.23855
1.07827900202032e-05,0.27101393941045,0.42,0.219,0.34752932235115,c7,Polr3e,0.201,0.08442
1.08694446834224e-05,0.451857238868193,0.371,0.194,0.350322202146702,c7,Camkk2,0.177,0.065667
1.10149945568048e-05,0.354285108440395,0.706,0.435,0.35501327456582,c7,Atp5k,0.271,0.191326
1.10495153415588e-05,0.372284180939272,0.51,0.29,0.35612587945844,c7,Nosip,0.22,0.1122
1.10497209688009e-05,0.363230129106673,0.259,0.121,0.356132506824454,c7,Dnlz,0.138,0.035742
1.11420919699958e-05,0.257156361542021,0.448,0.234,0.359109624192963,c7,Kbtbd4,0.214,0.095872
1.12211810278401e-05,0.310551147429742,0.622,0.349,0.361658664527287,c7,Thap12,0.273,0.169806
1.13584295920141e-05,0.347009747353874,0.462,0.25,0.366082185750616,c7,Dph3,0.212,0.097944
1.1417729103568e-05,0.408884336734396,0.343,0.175,0.367993409007995,c7,Lrwd1,0.168,0.057624
1.14553503521768e-05,0.533256998213226,0.315,0.162,0.369205941850659,c7,Nudt18,0.153,0.048195
1.15003466538899e-05,0.375960851378097,0.294,0.142,0.370656172654873,c7,Zfp619,0.152,0.044688
1.16332930773179e-05,0.456948644616547,0.972,0.608,0.374941035881955,c7,Hook1,0.364,0.353808
1.19351318243304e-05,0.299226519868791,0.476,0.255,0.38466929869817,c7,Fntb,0.221,0.105196
1.21291695408538e-05,0.329527642928908,0.399,0.21,0.390923134301719,c7,Dolk,0.189,0.075411
1.23367297877568e-05,0.299876170156322,0.476,0.258,0.397612801059401,c7,Qsox2,0.218,0.103768
1.24972062474691e-05,0.284681948070151,0.517,0.282,0.402784957355928,c7,Ric8a,0.235,0.121495
1.27084638759911e-05,0.379199166967007,0.783,0.473,0.409593790723192,c7,Plxna2,0.31,0.24273
1.27634443460596e-05,0.313009753947926,0.266,0.124,0.411365811273502,c7,Exosc1,0.142,0.037772
1.28295949995665e-05,0.371065310672417,0.594,0.344,0.413497846836028,c7,Ikzf5,0.25,0.1485
1.29568297516668e-05,0.525085855718823,0.252,0.118,0.41759862289622,c7,Arhgef40,0.134,0.033768
1.29597919517002e-05,0.353574509089929,0.804,0.474,0.417694094603298,c7,Zcchc7,0.33,0.26532
1.29816118881532e-05,0.390862474789519,0.294,0.142,0.418397351155177,c7,Eri1,0.152,0.044688
1.30276711373244e-05,0.318316864615118,0.503,0.274,0.419881840755965,c7,Tmcc2,0.229,0.115187
1.31172961585351e-05,1.17442145005059,0.28,0.152,0.422770455189587,c7,Fgd6,0.128,0.03584
1.32131314017485e-05,0.320448684834198,0.65,0.376,0.425859225078355,c7,Cox7a2l,0.274,0.1781
1.3300670679808e-05,0.336755563592594,0.755,0.434,0.428680616010212,c7,Yy1,0.321,0.242355
1.34454265390118e-05,0.250950521176932,0.538,0.291,0.433346097352351,c7,Daxx,0.247,0.132886
1.38164022855675e-05,0.386002995211265,0.867,0.536,0.445302645663839,c7,Usp32,0.331,0.286977
1.39747000705135e-05,0.358562887563906,0.524,0.293,0.450404583272651,c7,Dcaf13,0.231,0.121044
1.39891429654465e-05,0.31030454869347,0.58,0.324,0.45087007777634,c7,Ddx41,0.256,0.14848
1.40037849357147e-05,0.390634206156162,0.937,0.578,0.451341988478084,c7,Kmt2a,0.359,0.336383
1.40419525938857e-05,0.544368595572361,0.28,0.139,0.452572132100937,c7,Nnt,0.141,0.03948
1.425681643321e-05,0.279017017171084,0.524,0.285,0.459497193642357,c7,Tlk1,0.239,0.125236
1.42592620047641e-05,0.332443327436171,0.413,0.22,0.459576014413548,c7,Ercc6l2,0.193,0.079709
1.42960527505789e-05,0.390961235032698,0.937,0.566,0.460761780151156,c7,Cnot6l,0.371,0.347627
1.43684824281402e-05,0.375569774857833,0.406,0.217,0.463096188658959,c7,Aldh3a2,0.189,0.076734
1.44217021740671e-05,0.364352787887651,0.769,0.459,0.464811461070184,c7,Stx5a,0.31,0.23839
1.46741371754512e-05,0.387064282100037,0.329,0.167,0.472947441164793,c7,Slc30a6,0.162,0.053298
1.48847903956648e-05,0.377546965189972,0.748,0.463,0.479736794452277,c7,Prpf19,0.285,0.21318
1.49095582008786e-05,0.32663152663358,0.769,0.447,0.480535060814318,c7,Smchd1,0.322,0.247618
1.49150964099371e-05,0.394508541918589,0.937,0.578,0.480713557292274,c7,Pcf11,0.359,0.336383
1.49845579093825e-05,0.298677277116675,0.706,0.4,0.482952301419399,c7,Ppil2,0.306,0.216036
1.51554461249235e-05,0.410237532546836,0.287,0.141,0.488460028606284,c7,Tspan17,0.146,0.041902
1.52045926913207e-05,0.373798499603342,0.455,0.251,0.490044022441265,c7,Ccdc115,0.204,0.09282
1.52846431939e-05,0.45798761294234,0.252,0.12,0.492624050139396,c7,Gas2l1,0.132,0.033264
1.5308867317834e-05,0.400144620117919,0.28,0.136,0.49340479365379,c7,Lipo3,0.144,0.04032
1.53374400494701e-05,0.283280018187579,0.685,0.382,0.494325692794421,c7,Syap1,0.303,0.207555
1.54020827579666e-05,0.28412670028389,0.483,0.259,0.496409127289264,c7,Fgfr1op,0.224,0.108192
1.55233760232801e-05,0.361927836941491,0.427,0.23,0.500318409230317,c7,Mterf4,0.197,0.084119
1.56138219737136e-05,0.282870574144812,0.636,0.355,0.503233482212788,c7,Hectd1,0.281,0.178716
1.5699047009011e-05,0.392092339096866,0.783,0.505,0.505980285100425,c7,Ube2h,0.278,0.217674
1.57211173376737e-05,0.391908533322789,0.951,0.629,0.506691611793224,c7,Rbm25,0.322,0.306222
1.58163289886193e-05,0.3503208063037,0.832,0.483,0.509760283303201,c7,Fnip1,0.349,0.290368
1.58438753720238e-05,0.325539681861509,0.713,0.413,0.510648103240327,c7,Snx13,0.3,0.2139
1.59182533307809e-05,0.316331060418585,0.685,0.388,0.513045304851067,c7,Pcif1,0.297,0.203445
1.59326408079199e-05,0.371218114225653,0.86,0.589,0.51350901323926,c7,Slc25a4,0.271,0.23306
1.59450285488356e-05,0.38251281963494,0.392,0.209,0.513908270128973,c7,Cstf1,0.183,0.071736
1.59498811742923e-05,0.331090101430305,0.657,0.38,0.514064670247442,c7,Rpe,0.277,0.181989
1.60556045943354e-05,0.351390468538102,0.448,0.242,0.517472136075429,c7,Ttll1,0.206,0.092288
1.62144143067394e-05,0.311976521221426,0.727,0.418,0.522590573106211,c7,Fbxl20,0.309,0.224643
1.62231435529385e-05,0.277192777089776,0.441,0.235,0.522871916711209,c7,Zfp322a,0.206,0.090846
1.63271605181412e-05,0.301765726519555,0.315,0.157,0.52622438349969,c7,Nme7,0.158,0.04977
1.65504756392884e-05,0.352601069011093,0.818,0.483,0.533421829854264,c7,Cep350,0.335,0.27403
1.65573878548974e-05,0.507726725263942,0.336,0.175,0.533644610563344,c7,Pex16,0.161,0.054096
1.67542069829265e-05,0.295384501139242,0.378,0.196,0.539988091059721,c7,Mtfr1l,0.182,0.068796
1.70069465516123e-05,0.365063485395624,0.832,0.511,0.548133887358465,c7,Cnot7,0.321,0.267072
1.72234824590498e-05,0.447240560894731,0.517,0.314,0.555112839655175,c7,Slc38a2,0.203,0.104951
1.74705969810968e-05,0.2631640238681,0.469,0.253,0.563077340700751,c7,Eif1ad,0.216,0.101304
1.76117856374138e-05,0.384947509582826,0.979,0.704,0.567627851093847,c7,Zfp207,0.275,0.269225
1.76879521630455e-05,0.442281901912243,0.797,0.513,0.570082698214958,c7,Meis1,0.284,0.226348
1.77186654229618e-05,0.488175213729661,0.371,0.199,0.571072586582059,c7,Ddx3y,0.172,0.063812
1.77452774451389e-05,0.344184368311683,0.364,0.19,0.571930292056828,c7,Dnajc2,0.174,0.063336
1.83134548715024e-05,0.274517274508013,0.552,0.303,0.590242650508523,c7,Tbk1,0.249,0.137448
1.83197669979491e-05,0.337449254405655,0.455,0.248,0.590446090343901,c7,Polr2k,0.207,0.094185
1.83512333108381e-05,0.272386150907698,0.594,0.33,0.591460249608314,c7,Igbp1,0.264,0.156816
1.84812289978405e-05,0.372246435776048,0.958,0.662,0.5956500106004,c7,Serinc3,0.296,0.283568
1.85052847150142e-05,0.30423056109919,0.517,0.286,0.596425326364907,c7,Med4,0.231,0.119427
1.8529374999836e-05,0.499673924411995,0.287,0.143,0.597201756244714,c7,Bmp1,0.144,0.041328
1.86106207938756e-05,0.267432109889133,0.594,0.332,0.59982030818661,c7,Pgs1,0.262,0.155628
1.86416899803328e-05,0.89380731066058,0.322,0.184,0.600821668066126,c7,Dipk2a,0.138,0.044436
1.86455042806264e-05,0.277097535402505,0.573,0.317,0.600944602964588,c7,Pou6f1,0.256,0.146688
1.87212427893403e-05,0.338817089989187,0.839,0.488,0.603385655100439,c7,Dcaf11,0.351,0.294489
1.87959635080352e-05,0.305355430699589,0.685,0.39,0.605793903863974,c7,Smad2,0.295,0.202075
1.8797205294043e-05,0.624260674372282,0.399,0.229,0.605833926627004,c7,Mex3b,0.17,0.06783
1.8803670650917e-05,0.422371795932387,0.273,0.132,0.606042305079055,c7,C87436,0.141,0.038493
1.88312928410037e-05,0.287499032702636,0.434,0.229,0.60693256826555,c7,Wdr90,0.205,0.08897
1.91821427563782e-05,0.296841981621239,0.322,0.161,0.61824046103807,c7,Map3k11,0.161,0.051842
1.91847866047704e-05,0.345360818344068,0.839,0.481,0.618325672271752,c7,Sugp2,0.358,0.300362
1.91857602258148e-05,0.436970615404463,0.755,0.484,0.618357052078011,c7,Ablim1,0.271,0.204605
1.92037644234398e-05,0.350106930908338,0.427,0.232,0.618937327367463,c7,Tssc4,0.195,0.083265
1.92695241585015e-05,0.323136505931188,0.594,0.34,0.621056763628504,c7,Chmp3,0.254,0.150876
1.94964422135287e-05,0.29926856476664,0.49,0.269,0.628370332542031,c7,Derl2,0.221,0.10829
1.95441006522235e-05,0.263631549703661,0.545,0.3,0.629906364021163,c7,Ranbp6,0.245,0.133525
1.96107035482178e-05,0.403403976625101,0.371,0.197,0.63205297535906,c7,Prrc1,0.174,0.064554
1.96462444951634e-05,0.26927921934554,0.538,0.297,0.633198460079116,c7,Fra10ac1,0.241,0.129658
1.97457178395734e-05,0.379831081912647,0.916,0.654,0.636404485969449,c7,Selenot,0.262,0.239992
1.99030875548973e-05,0.30360615457012,0.343,0.175,0.641476511894339,c7,Taf10,0.168,0.057624
2.02886644023822e-05,0.270834819383621,0.615,0.343,0.653903653688779,c7,Ap5m1,0.272,0.16728
2.03072132297746e-05,0.314549765429771,0.371,0.193,0.654501482395634,c7,Yrdc,0.178,0.066038
2.05810383615792e-05,0.254351978531539,0.573,0.318,0.663326866393698,c7,Pphln1,0.255,0.146115
2.07082358622083e-05,0.257231361041459,0.664,0.368,0.667426441838974,c7,Rlim,0.296,0.196544
2.07407539232106e-05,0.287357830689142,0.322,0.161,0.668474498945078,c7,Polr3c,0.161,0.051842
2.08165709042008e-05,0.369212782860427,0.329,0.169,0.670918080242393,c7,Rnaseh2c,0.16,0.05264
2.1015237907365e-05,0.509389325299397,0.462,0.274,0.677321117754374,c7,Slc16a3,0.188,0.086856
2.13487938125353e-05,0.328971956808243,0.42,0.23,0.688071624578012,c7,Gtf3c6,0.19,0.0798
2.15331273428918e-05,0.352003322649901,0.42,0.225,0.694012694261401,c7,Arl4a,0.195,0.0819
2.1845071562975e-05,0.300942042229866,0.427,0.229,0.704066656474684,c7,Zfp37,0.198,0.084546
2.1871740249777e-05,0.305789672391797,0.531,0.299,0.704926188250313,c7,Creb3,0.232,0.123192
2.20951726873037e-05,0.326015662370548,0.811,0.477,0.712127415711797,c7,Arrdc3,0.334,0.270874
2.22903995648712e-05,0.31987830315005,0.615,0.354,0.718419577975799,c7,Ykt6,0.261,0.160515
2.23129659508089e-05,0.280252520223912,0.559,0.31,0.71914689259457,c7,Virma,0.249,0.139191
2.24176017760534e-05,0.398882460808928,0.965,0.657,0.7225193052422,c7,Wdfy3,0.308,0.29722
2.2525388149404e-05,0.340022253058526,0.79,0.467,0.725993260055291,c7,Fnbp4,0.323,0.25517
2.26741590591578e-05,0.256953336705871,0.392,0.207,0.730788146476657,c7,Rragd,0.185,0.07252
2.27891512797228e-05,0.276803280999104,0.406,0.215,0.734494345745467,c7,Tk2,0.191,0.077546
2.29587486390724e-05,0.337981584834939,0.825,0.49,0.739960468637304,c7,Ybx1,0.335,0.276375
2.31113741594801e-05,0.357403829894903,0.867,0.524,0.744879589160043,c7,Crebzf,0.343,0.297381
2.34171860797661e-05,0.262426362515932,0.524,0.288,0.754735907350863,c7,Gxylt1,0.236,0.123664
2.34872082571447e-05,0.254113255120065,0.643,0.357,0.756992722127772,c7,Mtif2,0.286,0.183898
2.35088537696575e-05,0.252717918910916,0.608,0.339,0.757690356996061,c7,Leo1,0.269,0.163552
2.35596168470127e-05,0.403970535337719,0.427,0.239,0.759326450979221,c7,Gdap2,0.188,0.080276
2.35983992659774e-05,0.471206741695117,0.308,0.159,0.76057640834245,c7,Tsga10,0.149,0.045892
2.36446451463508e-05,0.327846245324573,0.51,0.289,0.762066913066886,c7,Zfp865,0.221,0.11271
2.38824097507682e-05,0.53651164629492,0.266,0.13,0.769730066267259,c7,Zbtb48,0.136,0.036176
2.39643417811479e-05,0.31480674978545,0.79,0.457,0.772370735606398,c7,Atf6,0.333,0.26307
2.42228610353818e-05,0.254737643503319,0.713,0.39,0.780702811170354,c7,Capza1,0.323,0.230299
2.4307626531234e-05,0.355601509639941,0.804,0.627,0.783434803101672,c7,Chchd2,0.177,0.142308
2.50496985732679e-05,0.407343468870402,0.923,0.596,0.807351785016424,c7,Khsrp,0.327,0.301821
2.55540479502383e-05,0.503224064625417,0.769,0.518,0.823606965436182,c7,Car2,0.251,0.193019
2.55568524573279e-05,0.266166060119339,0.531,0.299,0.823697354699677,c7,Cript,0.232,0.123192
2.563818180423e-05,0.31973661628904,0.357,0.186,0.826318599550332,c7,Nol9,0.171,0.061047
2.57379533542706e-05,0.370291852252161,0.86,0.663,0.82953423660814,c7,Pea15a,0.197,0.16942
2.61445206017552e-05,0.273590552600963,0.287,0.14,0.84263789899457,c7,Rad51c,0.147,0.042189
2.63184331576247e-05,0.367331446109582,0.252,0.12,0.848243100670243,c7,F8a,0.132,0.033264
2.63325534472468e-05,0.268440214237407,0.385,0.202,0.848698197604766,c7,Washc5,0.183,0.070455
2.64698290957738e-05,0.307609940665911,0.58,0.33,0.853122591756789,c7,Nup188,0.25,0.145
2.70436745257503e-05,0.53332650582415,0.399,0.227,0.871617629964933,c7,Mylip,0.172,0.068628
2.7044406967359e-05,0.373601586997566,0.909,0.554,0.87164123655798,c7,Srsf7,0.355,0.322695
2.71583501933937e-05,0.278418503342853,0.629,0.365,0.87531362673308,c7,Tmem245,0.264,0.166056
2.73532009965195e-05,0.352935294083652,0.755,0.433,0.881593668117824,c7,Rnf157,0.322,0.24311
2.74585416665324e-05,0.270806485606638,0.399,0.211,0.88498879791234,c7,Myg1,0.188,0.075012
2.75890072391706e-05,0.291789792851814,0.944,0.783,0.889193703318468,c7,Ap2m1,0.161,0.151984
2.76564521021784e-05,0.296933045842164,0.713,0.407,0.891367451253211,c7,Gpr180,0.306,0.218178
2.76635612990245e-05,0.274253959815471,0.427,0.229,0.891596580667561,c7,Gabpb1,0.198,0.084546
2.78118229624466e-05,0.30473317780904,0.671,0.379,0.896375054079655,c7,Copb2,0.292,0.195932
2.80054335435499e-05,0.370501857666216,0.909,0.522,0.902615123108613,c7,Ing4,0.387,0.351783
2.82351361654076e-05,0.382310922279847,0.895,0.548,0.910018438611086,c7,Cnot1,0.347,0.310565
2.83217616261533e-05,0.390279793397385,0.322,0.165,0.912810377210921,c7,DEPRECATED-ENSMUSG00000068479,0.157,0.050554
2.83801361200222e-05,0.363788944599897,0.874,0.532,0.914691787148317,c7,Raf1,0.342,0.298908
2.84198170660812e-05,0.290410036113062,0.629,0.369,0.915970704039797,c7,Grpel1,0.26,0.16354
2.87092457568956e-05,0.257717437107311,0.573,0.321,0.925298990744747,c7,Arfrp1,0.252,0.144396
2.87512175249516e-05,0.294580786872899,0.699,0.406,0.92665174082919,c7,Eif3k,0.293,0.204807
2.88234591093385e-05,0.286116898527867,0.35,0.181,0.928980087093981,c7,Traf3,0.169,0.05915
2.8825486115399e-05,0.26415442571928,0.643,0.364,0.92904541749931,c7,Zbtb4,0.279,0.179397
2.88282026394047e-05,0.298000618189977,0.441,0.241,0.929132971068012,c7,Rad17,0.2,0.0882
2.91512523171891e-05,0.647898763149045,0.266,0.134,0.939544862183005,c7,Slx4ip,0.132,0.035112
2.91957698443218e-05,0.457911442836651,0.357,0.194,0.940979662082492,c7,Btg3,0.163,0.058191
2.97999111738964e-05,0.381211487488771,0.371,0.2,0.96045113713468,c7,Gar1,0.171,0.063441
3.01037455474652e-05,0.292094790064509,0.51,0.287,0.970243718994805,c7,Plekhm2,0.223,0.11373
3.02731292698624e-05,0.297292438555757,0.58,0.335,0.975702956367664,c7,Atp6v0a2,0.245,0.1421
3.03201380137673e-05,0.456786502260076,0.273,0.135,0.97721804818372,c7,Zmym1,0.138,0.037674
3.07514573051084e-05,0.784241071269732,0.252,0.128,0.991119468943642,c7,Pcdhgb1,0.124,0.031248
3.08725561639955e-05,0.280825804351771,0.441,0.242,0.995022485165574,c7,Wdr70,0.199,0.087759
3.09941255225042e-05,0.335062688882439,0.72,0.441,0.998940665590311,c7,Ghitm,0.279,0.20088
3.11839390311112e-05,0.267180520297834,0.594,0.339,1,c7,Brwd3,0.255,0.15147
3.13043481779254e-05,0.370403130523135,0.357,0.19,1,c7,Zfp182,0.167,0.059619
3.13720314045817e-05,0.347435194448599,0.601,0.362,1,c7,Trib1,0.239,0.143639
3.16023406077205e-05,0.345773419630762,0.336,0.175,1,c7,Rbm34,0.161,0.054096
3.17036460967949e-05,0.387405949078697,0.93,0.576,1,c7,Usp34,0.354,0.32922
3.19199154954532e-05,0.410712273023629,0.469,0.277,1,c7,Ap1s2,0.192,0.090048
3.23008470480359e-05,0.344449200645469,0.685,0.418,1,c7,Cdc123,0.267,0.182895
3.23332765170835e-05,0.352105082895617,0.434,0.242,1,c7,Pibf1,0.192,0.083328
3.23702809768335e-05,0.252834001082667,0.538,0.302,1,c7,Gemin7,0.236,0.126968
3.2406203325502e-05,0.357502119248261,0.552,0.324,1,c7,Cars,0.228,0.125856
3.24792432047476e-05,0.295663715176112,0.643,0.373,1,c7,Psen1,0.27,0.17361
3.29238775959563e-05,0.340858645442056,0.944,0.728,1,c7,Anp32a,0.216,0.203904
3.3180663730315e-05,0.451066358108768,0.301,0.154,1,c7,Zfp943,0.147,0.044247
3.32189031642313e-05,0.437238904371343,0.364,0.196,1,c7,Odf2l,0.168,0.061152
3.35635810368615e-05,0.294597338418735,0.643,0.369,1,c7,Fbrsl1,0.274,0.176182
3.35686890402661e-05,0.364535415024231,0.699,0.426,1,c7,Sf3a2,0.273,0.190827
3.38212625839757e-05,0.344011480281577,0.42,0.232,1,c7,Lsg1,0.188,0.07896
3.44577785148632e-05,0.34168377375472,0.287,0.143,1,c7,Tepsin,0.144,0.041328
3.45367013321178e-05,0.258965470164629,0.538,0.302,1,c7,Stx8,0.236,0.126968
3.49046073670249e-05,0.437814256291406,0.385,0.21,1,c7,Ttc39b,0.175,0.067375
3.53840155675902e-05,0.368813978615879,0.818,0.506,1,c7,Ankrd11,0.312,0.255216
3.55490888127694e-05,0.520747525390992,0.28,0.143,1,c7,Mtm1,0.137,0.03836
3.55530416792485e-05,0.369207315284601,0.902,0.553,1,c7,Usp47,0.349,0.314798
3.56992012395544e-05,0.281524763179942,0.594,0.343,1,c7,Mob2,0.251,0.149094
3.59842867542254e-05,0.305366660879741,0.811,0.463,1,c7,Ppp4r3b,0.348,0.282228
3.6263596896798e-05,0.283399849126968,0.629,0.362,1,c7,Bpgm,0.267,0.167943
3.66316038948636e-05,0.383491563607034,0.867,0.583,1,c7,Puf60,0.284,0.246228
3.67397396831115e-05,0.325189941969017,0.266,0.129,1,c7,Smn1,0.137,0.036442
3.751881226503e-05,0.311873596284819,0.79,0.457,1,c7,Chd1,0.333,0.26307
3.76307849193018e-05,0.279520761421395,0.594,0.336,1,c7,Armcx3,0.258,0.153252
3.80465695580769e-05,0.265015448604705,0.58,0.327,1,c7,Abcf1,0.253,0.14674
3.81166569753516e-05,0.310419253779428,0.706,0.411,1,c7,Pcnp,0.295,0.20827
3.81192048080742e-05,0.367185375920658,0.916,0.557,1,c7,Akap8,0.359,0.328844
3.83779124339683e-05,0.301186460804393,0.832,0.486,1,c7,Ankrd52,0.346,0.287872
3.85437559027624e-05,0.466609862001278,0.294,0.151,1,c7,Smg8,0.143,0.042042
3.85501067933048e-05,0.334817929837211,0.594,0.347,1,c7,Sesn1,0.247,0.146718
3.85585019550785e-05,0.337375080540848,0.503,0.29,1,c7,Rnf185,0.213,0.107139
3.89543959510939e-05,0.386832066457026,0.951,0.658,1,c7,Prpf8,0.293,0.278643
3.9164727684092e-05,0.354970505472541,0.58,0.346,1,c7,Trmt112,0.234,0.13572
3.93259739645701e-05,0.349793458404754,0.804,0.484,1,c7,Usp4,0.32,0.25728
3.99992816848642e-05,0.304395922707732,0.636,0.385,1,c7,Ndufb7,0.251,0.159636
4.00797279795255e-05,0.3220867449668,0.364,0.194,1,c7,LTO1,0.17,0.06188
4.01368811374184e-05,0.339048514867149,0.434,0.239,1,c7,Zfp622,0.195,0.08463
4.06771468053086e-05,0.331289887208936,0.392,0.212,1,c7,Mief1,0.18,0.07056
4.12439301597864e-05,0.311946307495923,0.769,0.444,1,c7,Ilk,0.325,0.249925
4.17303141366745e-05,0.384992723636464,0.923,0.597,1,c7,Wdr26,0.326,0.300898
4.17975032084669e-05,0.406214655530375,0.336,0.177,1,c7,Dnajc25,0.159,0.053424
4.19202872629459e-05,0.300927652318122,0.699,0.404,1,c7,Ppp4r3a,0.295,0.206205
4.28624966400513e-05,0.310211297750413,0.755,0.439,1,c7,Kat6a,0.316,0.23858
4.29347442677383e-05,0.355943622127304,0.399,0.219,1,c7,Iqce,0.18,0.07182
4.3099243006888e-05,0.335710816578467,0.483,0.276,1,c7,Dnajc4,0.207,0.099981
4.35355685462309e-05,0.384462544919725,0.902,0.605,1,c7,Ogdh,0.297,0.267894
4.43668222597836e-05,0.371342480139791,0.427,0.24,1,c7,Znhit1,0.187,0.079849
4.49853827341688e-05,0.325088340120217,0.622,0.366,1,c7,Clk3,0.256,0.159232
4.50319326583565e-05,0.368637976779103,0.343,0.181,1,c7,Vgll4,0.162,0.055566
4.53471952925287e-05,0.29380520179259,0.685,0.404,1,c7,Rab5if,0.281,0.192485
4.61335405920395e-05,0.270412712253707,0.273,0.134,1,c7,Ptrh2,0.139,0.037947
4.69852161888892e-05,0.327245779402589,0.259,0.126,1,c7,Sufu,0.133,0.034447
4.70389513409731e-05,0.308331035829001,0.727,0.439,1,c7,Psmc3,0.288,0.209376
4.74859926821222e-05,0.32796600786198,0.839,0.536,1,c7,Hspa5,0.303,0.254217
4.78729793695947e-05,0.266629917313405,0.65,0.376,1,c7,Cnep1r1,0.274,0.1781
4.90935596598487e-05,0.25205037625348,0.608,0.346,1,c7,Aqr,0.262,0.159296
4.93171873741634e-05,0.304382288413681,0.378,0.205,1,c7,Gtpbp10,0.173,0.065394
4.98446414881227e-05,0.273255245562344,0.608,0.353,1,c7,Nup88,0.255,0.15504
5.01533712140334e-05,0.283980431481001,0.413,0.226,1,c7,Nkapd1,0.187,0.077231
5.06823091783748e-05,0.338114241596152,0.741,0.455,1,c7,Gid8,0.286,0.211926
5.17052267107971e-05,0.329746888254551,0.308,0.159,1,c7,Enpp4,0.149,0.045892
5.31085013088767e-05,0.271900366744085,0.573,0.329,1,c7,Twf1,0.244,0.139812
5.39427036546451e-05,0.380916622473186,0.252,0.124,1,c7,Coq3,0.128,0.032256
5.41174585373835e-05,0.328365748223612,0.734,0.462,1,c7,Atp5j2,0.272,0.199648
5.49026750789656e-05,0.396421784292198,0.965,0.642,1,c7,Epc1,0.323,0.311695
5.53308730776906e-05,0.363582393365342,0.364,0.197,1,c7,Etv6,0.167,0.060788
5.60314297517307e-05,0.2825981763681,0.476,0.267,1,c7,Cc2d1b,0.209,0.099484
5.65654443456616e-05,0.340153269687082,0.79,0.481,1,c7,Braf,0.309,0.24411
5.70661077668503e-05,0.320175149616262,0.818,0.475,1,c7,Cldnd1,0.343,0.280574
5.81414557695396e-05,0.306617832517237,0.853,0.511,1,c7,Cisd2,0.342,0.291726
5.87913137971986e-05,0.319575755970849,0.308,0.16,1,c7,Mtg2,0.148,0.045584
6.06904869743108e-05,0.25431344481637,0.664,0.382,1,c7,Edem2,0.282,0.187248
6.38915495843665e-05,0.371383426328076,0.874,0.552,1,c7,Klf9,0.322,0.281428
6.46713219038643e-05,0.337541122831448,0.762,0.461,1,c7,Dmtf1,0.301,0.229362
6.51689217001803e-05,0.402804233954091,0.308,0.162,1,c7,Gtf3a,0.146,0.044968
6.66813664578481e-05,0.295050980246321,0.811,0.51,1,c7,Fau,0.301,0.244111
6.78654856908719e-05,0.333307424155161,0.308,0.161,1,c7,Ctdp1,0.147,0.045276
6.9120583079083e-05,0.297573643096328,0.741,0.425,1,c7,Kcnab2,0.316,0.234156
6.96614685465233e-05,0.327636405373191,0.797,0.488,1,c7,Nap1l1,0.309,0.246273
7.18870432886927e-05,0.260146655627008,0.601,0.348,1,c7,Nfyb,0.253,0.152053
7.18938835819831e-05,0.267488743777256,0.727,0.424,1,c7,Yipf3,0.303,0.220281
7.1894498940224e-05,0.256296765887972,0.608,0.351,1,c7,Cnot8,0.257,0.156256
7.25451061345283e-05,0.361774885930324,0.888,0.542,1,c7,Ubxn4,0.346,0.307248
7.33887908443046e-05,0.250862632079037,0.594,0.341,1,c7,Fam149b,0.253,0.150282
7.38886276058402e-05,0.258298746505477,0.294,0.151,1,c7,Ppp1r35,0.143,0.042042
7.41681269012423e-05,0.267436193910074,0.615,0.358,1,c7,Sec11a,0.257,0.158055
7.52402652538647e-05,0.33613137366795,0.385,0.213,1,c7,Pmm2,0.172,0.06622
7.57692916325836e-05,0.285103324263172,0.336,0.178,1,c7,Nrbf2,0.158,0.053088
7.6027258635697e-05,0.389016614868858,0.916,0.619,1,c7,Ranbp2,0.297,0.272052
7.67069154082627e-05,0.382158208850729,0.797,0.537,1,c7,Pgk1,0.26,0.20722
7.72460783503315e-05,0.349341170937345,0.895,0.574,1,c7,Ssr1,0.321,0.287295
7.73738891152708e-05,0.277349156398911,0.448,0.251,1,c7,Hspa9,0.197,0.088256
7.77881731256951e-05,0.317342451944963,0.846,0.511,1,c7,Acaca,0.335,0.28341
7.78317202237543e-05,0.321754400560996,0.811,0.5,1,c7,Supt6,0.311,0.252221
7.79993283538939e-05,0.356549428835236,0.909,0.57,1,c7,Ccar1,0.339,0.308151
7.97813754794957e-05,0.251438282342492,0.58,0.332,1,c7,Phc1,0.248,0.14384
8.01474096000299e-05,0.346943206510495,0.371,0.206,1,c7,Lsm1,0.165,0.061215
8.05104206124838e-05,0.28225663169198,0.692,0.41,1,c7,Gspt1,0.282,0.195144
8.32242318515994e-05,0.407589274827786,0.336,0.182,1,c7,Sphk2,0.154,0.051744
8.34438447032113e-05,0.326254487863431,0.839,0.537,1,c7,Rpn1,0.302,0.253378
8.36754384482969e-05,0.254155978440897,0.594,0.348,1,c7,Gkap1,0.246,0.146124
8.61055217676861e-05,0.321735109377615,0.413,0.233,1,c7,Thap4,0.18,0.07434
8.68296180885881e-05,0.328346656583887,0.315,0.169,1,c7,Rpp14,0.146,0.04599
8.69442029261216e-05,0.319150429003791,0.832,0.522,1,c7,Sdhc,0.31,0.25792
8.81374312356771e-05,0.328387565562785,0.895,0.532,1,c7,Kmt5b,0.363,0.324885
8.92762531239836e-05,0.332275901200522,0.867,0.529,1,c7,Thoc2,0.338,0.293046
8.98914415609585e-05,0.321847466798511,0.315,0.167,1,c7,Kctd18,0.148,0.04662
9.00597056136734e-05,0.262485373218599,0.594,0.347,1,c7,Emg1,0.247,0.146718
9.05382440449722e-05,0.543364865482932,0.273,0.143,1,c7,Sertad2,0.13,0.03549
9.07681289015544e-05,0.267390062520784,0.783,0.459,1,c7,Arfip2,0.324,0.253692
9.10155686057964e-05,0.454921310526234,0.322,0.177,1,c7,Ruvbl1,0.145,0.04669
9.18584510973913e-05,0.377183990803308,0.93,0.581,1,c7,Ythdf3,0.349,0.32457
9.22665435225491e-05,0.296372337259709,0.671,0.404,1,c7,Txndc9,0.267,0.179157
9.51897156551302e-05,0.26306102244535,0.517,0.3,1,c7,Crnkl1,0.217,0.112189
9.59795202448745e-05,0.339163881527011,0.832,0.518,1,c7,Zc3h14,0.314,0.261248
9.77953221318261e-05,0.278431793533306,0.371,0.202,1,c7,Ogfod2,0.169,0.062699
9.87964779128658e-05,0.352306174793814,0.336,0.181,1,c7,Lias,0.155,0.05208
9.88485327310391e-05,0.317627866810876,0.79,0.471,1,c7,Csnk1d,0.319,0.25201
9.94701586128591e-05,0.367575083836921,0.93,0.648,1,c7,H2afy,0.282,0.26226
9.98810897459964e-05,0.425107960710987,0.294,0.154,1,c7,Chst12,0.14,0.04116
0.000101166768605405,0.280117809019439,0.441,0.25,1,c7,Taf7,0.191,0.084231
0.000101210922067809,0.361800113592889,0.804,0.508,1,c7,Ptar1,0.296,0.237984
0.000101737933265086,0.395637945659513,0.951,0.636,1,c7,Polr2a,0.315,0.299565
0.000103068746091321,0.357155128104274,0.566,0.345,1,c7,Anks1,0.221,0.125086
0.000103199866964714,0.341625248926488,0.336,0.183,1,c7,Tmem126b,0.153,0.051408
0.00010510356307353,0.290451932893331,0.811,0.475,1,c7,Fam114a2,0.336,0.272496
0.000108022064466422,0.350058594856147,0.895,0.608,1,c7,Zfand5,0.287,0.256865
0.000108664491451168,0.300354369912156,0.783,0.472,1,c7,Macrod2,0.311,0.243513
0.000109148364414893,0.324539600495872,0.35,0.192,1,c7,Vps4b,0.158,0.0553
0.000111157794611716,0.282326461563639,0.378,0.209,1,c7,Zfp952,0.169,0.063882
0.000112339543443146,0.316981615924144,0.315,0.167,1,c7,Cog8,0.148,0.04662
0.000113077178343321,0.309241853088245,0.671,0.404,1,c7,Sppl2b,0.267,0.179157
0.000114873199941081,0.346139016346405,0.259,0.131,1,c7,Rnf32,0.128,0.033152
0.000115309549918198,0.288742910825144,0.378,0.209,1,c7,Tmem11,0.169,0.063882
0.00011566392916134,0.416403762394951,0.741,0.501,1,c7,Nr4a1,0.24,0.17784
0.000119131867291836,0.405607373619018,0.301,0.163,1,c7,Gne,0.138,0.041538
0.000120257437792888,0.798477362393603,0.287,0.164,1,c7,Nfib,0.123,0.035301
0.000120730608717503,0.285236665596679,0.399,0.225,1,c7,Ubxn8,0.174,0.069426
0.000122387040997297,0.27877885298721,0.769,0.461,1,c7,Atg4b,0.308,0.236852
0.000122505618311257,0.292011632555743,0.755,0.464,1,c7,Rnf181,0.291,0.219705
0.000124513093313641,0.265209325816748,0.378,0.209,1,c7,Uprt,0.169,0.063882
0.000128364486353843,0.482968288611502,0.266,0.139,1,c7,Tcf3,0.127,0.033782
0.000131473210797612,0.345264902249952,0.902,0.611,1,c7,Iqsec1,0.291,0.262482
0.000136255127041607,0.315505767886209,0.888,0.527,1,c7,Fam193a,0.361,0.320568
0.000139378720563248,0.295414332279264,0.776,0.462,1,c7,Upf1,0.314,0.243664
0.000142315913142723,0.356969197233666,0.93,0.603,1,c7,Zfp445,0.327,0.30411
0.000142428102149959,0.320605527590685,0.301,0.16,1,c7,Nbn,0.141,0.042441
0.000143051668362483,0.355867766672318,0.294,0.157,1,c7,Dis3l,0.137,0.040278
0.000143979426313895,0.296183803420227,0.329,0.18,1,c7,Caap1,0.149,0.049021
0.000144724888967088,0.254351504173353,0.783,0.463,1,c7,Ino80d,0.32,0.25056
0.000144944028959149,0.368603491645983,0.944,0.635,1,c7,U2af2,0.309,0.291696
0.000146506505917878,0.315826572238007,0.371,0.208,1,c7,Qtrt2,0.163,0.060473
0.000146769859083384,0.289638481988824,0.434,0.248,1,c7,Brix1,0.186,0.080724
0.000149490551750171,0.368391831694487,0.259,0.134,1,c7,Rnaseh1,0.125,0.032375
0.000154532398245471,0.262293667295595,0.769,0.461,1,c7,Sun1,0.308,0.236852
0.000155138533686557,0.368270909453479,0.266,0.138,1,c7,Tstd2,0.128,0.034048
0.000155223054950395,0.278533765570923,0.343,0.188,1,c7,Bak1,0.155,0.053165
0.000157356854916353,0.292332868668223,0.734,0.461,1,c7,Tcf20,0.273,0.200382
0.000162690914620613,0.293730271500372,0.322,0.174,1,c7,Slc25a38,0.148,0.047656
0.000163210651971941,0.302402729511487,0.832,0.498,1,c7,Stxbp5,0.334,0.277888
0.00016733833894572,0.381208538972106,0.294,0.159,1,c7,Cbwd1,0.135,0.03969
0.000175532651919653,0.388629505506581,0.259,0.135,1,c7,Psme2,0.124,0.032116
0.000177480337297055,0.26594043724812,0.741,0.437,1,c7,Cops3,0.304,0.225264
0.000178179441605537,0.355780162488089,0.811,0.558,1,c7,Akap8l,0.253,0.205183
0.000178696704159064,0.317962874557607,0.909,0.612,1,c7,Lmbrd1,0.297,0.269973
0.000178704392347592,0.340163698207657,0.741,0.506,1,c7,Ndufb9,0.235,0.174135
0.000180228571471903,0.296213459482702,0.287,0.151,1,c7,Krt10,0.136,0.039032
0.000181354455361409,0.265398757154967,0.329,0.179,1,c7,Fcsk,0.15,0.04935
0.000182105937416828,0.328124952504938,0.804,0.502,1,c7,Atp5a1,0.302,0.242808
0.000182621000701706,0.37274500805901,0.965,0.668,1,c7,Kdm2a,0.297,0.286605
0.000182837100946359,0.337330707742946,0.839,0.547,1,c7,Lin7c,0.292,0.244988
0.000184825507499376,0.295888278358506,0.315,0.17,1,c7,Pias4,0.145,0.045675
0.000188238132510972,0.360690610220819,0.846,0.541,1,c7,Ncl,0.305,0.25803
0.000192299217385638,0.266151599314017,0.559,0.337,1,c7,Ufm1,0.222,0.124098
0.000198032536339697,0.334449521639696,0.86,0.571,1,c7,Grcc10,0.289,0.24854
0.000199174994927697,0.388494657110189,0.65,0.432,1,c7,Map3k1,0.218,0.1417
0.000199353932303832,0.36802274420244,0.909,0.579,1,c7,Rbm39,0.33,0.29997
0.00020294865444719,0.341180498423139,0.385,0.222,1,c7,Gba,0.163,0.062755
0.000204565560064948,0.336373443543022,0.35,0.199,1,c7,Zfp119a,0.151,0.05285
0.000207123208318051,0.307946637383536,0.399,0.228,1,c7,Myo9b,0.171,0.068229
0.000208001661716516,0.294350792439222,0.308,0.167,1,c7,Abca7,0.141,0.043428
0.000208732658424484,0.292846576022428,0.86,0.553,1,c7,Ubc,0.307,0.26402
0.000210468295139254,0.257401292159925,0.643,0.389,1,c7,Mapk1ip1,0.254,0.163322
0.000211005461422462,0.273787639877975,0.266,0.139,1,c7,Snupn,0.127,0.033782
0.000212243733185922,0.353636227889369,0.343,0.193,1,c7,Commd2,0.15,0.05145
0.000215023825084277,0.323835868954341,0.671,0.419,1,c7,Dpf2,0.252,0.169092
0.000217395049217334,0.297485794311995,0.322,0.175,1,c7,Eral1,0.147,0.047334
0.00022015166566781,0.46255920911172,0.266,0.142,1,c7,Pqlc2,0.124,0.032984
0.000221334260246867,0.302164775933361,0.301,0.163,1,c7,Lyrm4,0.138,0.041538
0.000229859049077497,0.271043467169502,0.448,0.261,1,c7,Ngdn,0.187,0.083776
0.000238336644672756,0.281400896313365,0.343,0.19,1,c7,Ubiad1,0.153,0.052479
0.00023867650741694,0.375862173598291,0.266,0.142,1,c7,Rcan1,0.124,0.032984
0.000244356875733191,0.252251775607803,0.364,0.203,1,c7,Polg,0.161,0.058604
0.00024443151799143,0.370723702369056,0.273,0.146,1,c7,Arl16,0.127,0.034671
0.000244986562222496,0.29894933373422,0.336,0.186,1,c7,Nop2,0.15,0.0504
0.000246203753589157,0.288477079744825,0.322,0.177,1,c7,Zfp113,0.145,0.04669
0.000252625794810287,0.372676998500249,0.951,0.621,1,c7,Acin1,0.33,0.31383
0.000254435253154002,0.282885735443265,0.72,0.469,1,c7,Ndufa2,0.251,0.18072
0.000254693637120625,0.262689940786363,0.517,0.309,1,c7,Crtc2,0.208,0.107536
0.000264518487578472,0.342925115713329,0.35,0.199,1,c7,Scyl3,0.151,0.05285
0.00026798133628703,0.316610425568802,0.769,0.55,1,c7,Park7,0.219,0.168411
0.000268220415148463,0.384431135858374,0.266,0.143,1,c7,Ltv1,0.123,0.032718
0.000272115658614287,0.313829409577471,0.776,0.494,1,c7,Ndufv1,0.282,0.218832
0.000272833576791622,0.329852113686056,0.972,0.681,1,c7,Macf1,0.291,0.282852
0.000276715184019033,0.255621889648675,0.531,0.32,1,c7,Rbx1,0.211,0.112041
0.000285525442641417,0.322459600957116,0.776,0.499,1,c7,Tjp1,0.277,0.214952
0.000291028710499196,0.254136379530472,0.434,0.256,1,c7,Chid1,0.178,0.077252
0.000294960995500215,0.325695616856925,0.825,0.556,1,c7,Paip1,0.269,0.221925
0.000296175402429681,0.356305781184665,0.902,0.614,1,c7,Hnrnpul1,0.288,0.259776
0.000302778193516415,0.285266672732274,0.832,0.501,1,c7,Ppp6r1,0.331,0.275392
0.000310557712856879,0.339285716309432,0.252,0.133,1,c7,Lap3,0.119,0.029988
0.00031058062987505,0.263503654071262,0.643,0.395,1,c7,Seh1l,0.248,0.159464
0.000311167528704607,0.428453095909355,0.259,0.139,1,c7,Zfp35,0.12,0.03108
0.000329011440198649,0.279284588419985,0.545,0.336,1,c7,Rbm18,0.209,0.113905
0.000331116849439897,0.316007420561972,0.58,0.382,1,c7,Ndufb1-ps,0.198,0.11484
0.000331215080310734,0.352276794659599,0.902,0.572,1,c7,Syncrip,0.33,0.29766
0.000334902480054247,0.332441025152795,0.427,0.253,1,c7,Tead1,0.174,0.074298
0.000352268569626151,0.310557576273234,0.888,0.67,1,c7,Atp5b,0.218,0.193584
0.000372922201169346,0.303110902300783,0.874,0.573,1,c7,Ganab,0.301,0.263074
0.000395146756908086,0.254772227378079,0.448,0.264,1,c7,Cdkn2aip,0.184,0.082432
0.000399057628033738,0.271283476980496,0.937,0.628,1,c7,Cd81,0.309,0.289533
0.000429685377019019,0.330390461019423,0.867,0.569,1,c7,Fam168b,0.298,0.258366
0.000445216490513553,0.278976195538311,0.881,0.519,1,c7,Ide,0.362,0.318922
0.000453956645931176,0.266947461358207,0.839,0.568,1,c7,Cox8a,0.271,0.227369
0.000470993301813714,0.275592872583027,0.622,0.392,1,c7,Pnrc2,0.23,0.14306
0.000480011362539961,0.281009587090204,0.294,0.165,1,c7,Lrrc14,0.129,0.037926
0.000488665451864641,0.250172427948735,0.874,0.535,1,c7,Insr,0.339,0.296286
0.000500823771212397,0.27777167323239,0.294,0.164,1,c7,Polr3b,0.13,0.03822
0.000501664670148906,0.258241857235688,0.427,0.257,1,c7,Mmadhc,0.17,0.07259
0.000518647630617016,0.3289443214456,0.916,0.598,1,c7,Btrc,0.318,0.291288
0.000568386495239727,0.332329925291436,0.336,0.194,1,c7,Hdac10,0.142,0.047712
0.000569177439838977,0.273794500453015,0.804,0.5,1,c7,Camta2,0.304,0.244416
0.000591799225195853,0.288161735773484,0.287,0.16,1,c7,Rad52,0.127,0.036449
0.000617321596932131,0.283227522429475,0.308,0.175,1,c7,Zfp646,0.133,0.040964
0.000663823434322738,0.312965467959092,0.287,0.162,1,c7,Lipe,0.125,0.035875
0.00068383505756497,0.409521231925464,0.42,0.272,1,c7,Cxadr,0.148,0.06216
0.00070103768282506,0.330905366046816,0.322,0.188,1,c7,Cep95,0.134,0.043148
0.000705986128505634,0.258324379941437,0.741,0.475,1,c7,Dnajb11,0.266,0.197106
0.000756439336238987,0.36524527131587,0.986,0.699,1,c7,Clk1,0.287,0.282982
0.000769028282394167,0.264612718615529,0.308,0.177,1,c7,Zfp707,0.131,0.040348
0.00080916531074693,0.258471949870685,0.51,0.321,1,c7,Kctd15,0.189,0.09639
0.00081608411553385,0.257286898031264,0.748,0.48,1,c7,Rab1b,0.268,0.200464
0.000824679734816685,0.337875853508916,0.322,0.189,1,c7,Zbtb39,0.133,0.042826
0.000830452973967527,0.657053360514083,0.28,0.17,1,c7,Nfia,0.11,0.0308
0.000852952851806828,0.350802245275584,0.916,0.536,1,c7,Sgip1,0.38,0.34808
0.000863069421410569,0.307395175116001,0.895,0.674,1,c7,Sdha,0.221,0.197795
0.000881745861893223,0.296465081543352,0.622,0.398,1,c7,Tbc1d30,0.224,0.139328
0.000884568017741474,0.332054040479046,0.909,0.656,1,c7,Pfkl,0.253,0.229977
0.000918355587371654,0.284546964886003,0.874,0.53,1,c7,Eml5,0.344,0.300656
0.000988538452758932,0.353199503802559,0.308,0.182,1,c7,Nelfe,0.126,0.038808
0.00100637112691696,0.26522537693665,0.818,0.523,1,c7,Trappc8,0.295,0.24131
0.00104498163757104,0.255713443502362,0.259,0.144,1,c7,Mospd1,0.115,0.029785
0.00105383239719751,0.33616935554462,0.986,0.688,1,c7,Srsf1,0.298,0.293828
0.00115435345841558,0.257203620118934,0.734,0.455,1,c7,Api5,0.279,0.204786
0.00121558410342423,0.257242777742994,0.266,0.15,1,c7,Commd9,0.116,0.030856
0.00123903243669034,0.306806119602773,0.839,0.534,1,c7,Gtpbp1,0.305,0.255895
0.00131590750686304,0.321759001520009,0.937,0.662,1,c7,Ddx3x,0.275,0.257675
0.00131776581494741,0.258698661479968,0.294,0.171,1,c7,Slc10a7,0.123,0.036162
0.00134801495173459,0.314319578701053,0.867,0.566,1,c7,Dhx15,0.301,0.260967
0.00140956608840375,0.285555939788223,0.909,0.551,1,c7,Poldip3,0.358,0.325422
0.00141009212635585,0.308602252912366,0.909,0.606,1,c7,Tmem259,0.303,0.275427
0.00141113220354074,0.300763855629054,0.804,0.531,1,c7,Arcn1,0.273,0.219492
0.00146266198808553,0.32289460849082,0.993,0.719,1,c7,Trip12,0.274,0.272082
0.00159242355295687,0.302306506191132,0.944,0.595,1,c7,Ppp1r9a,0.349,0.329456
0.00159406778670188,0.341542338509439,0.315,0.19,1,c7,Imp4,0.125,0.039375
0.00164790988439049,0.275653336692371,0.252,0.143,1,c7,Taf13,0.109,0.027468
0.00185576222866974,0.287642927662359,0.853,0.561,1,c7,Pdhb,0.292,0.249076
0.00201969864638611,0.25403508516009,0.832,0.54,1,c7,Emc7,0.292,0.242944
0.00210791667229091,0.252472889535725,0.846,0.527,1,c7,Srsf9,0.319,0.269874
0.00260403301192838,0.269034109889208,0.755,0.503,1,c7,Klhl9,0.252,0.19026
0.00266790526065421,0.281761139351325,0.916,0.616,1,c7,Atp2c1,0.3,0.2748
0.00284061940055643,0.281843752339236,0.825,0.565,1,c7,Ssb,0.26,0.2145
0.00285719162235864,0.271802924300272,0.881,0.553,1,c7,Dld,0.328,0.288968
0.00298951516520795,0.292415477733766,0.909,0.639,1,c7,Chtop,0.27,0.24543
0.00300346467796848,0.332334896161049,0.93,0.684,1,c7,Hif1a,0.246,0.22878
0.00373531361077327,0.273077938889597,0.881,0.644,1,c7,Ctnnb1,0.237,0.208797
0.00478736435096288,0.264181919889898,0.839,0.637,1,c7,Rab1a,0.202,0.169478
0.00500846398450192,0.275927182987057,0.734,0.501,1,c7,Pbx1,0.233,0.171022
0.00508503013332793,0.292078342267865,0.916,0.628,1,c7,Top2b,0.288,0.263808
0.00588311873647219,0.346656977480924,0.287,0.183,1,c7,Uty,0.104,0.029848
0.00656134735831026,0.600422921651155,0.371,0.277,1,c7,Rd3l,0.094,0.034874
0.00712998710165646,0.276213607861176,0.923,0.644,1,c7,Pink1,0.279,0.257517
0.00757178504908634,0.26237300623335,0.923,0.666,1,c7,Rnf10,0.257,0.237211
0.00832258903007378,0.259793921305628,0.916,0.611,1,c7,N4bp2l2,0.305,0.27938
