,p_val,avg_log2FC,pct.1,pct.2,p_val_adj,pct.1_pct.2
Car8,0,8.53493830245201,0.992,0.009,0,0.983
Grm6,0,7.59934352944132,0.989,0.011,0,0.978
Isl1,0,7.56315528664307,0.989,0.012,0,0.977
Lrtm1,0,7.68174796156969,0.989,0.015,0,0.974
Cabp5,0,6.62019393276656,0.987,0.017,0,0.97
Gng13,0,7.70565349084236,0.98,0.016,0,0.964
Gpr179,0,7.56913628775771,0.975,0.013,0,0.962
Pcp2,0,8.68533295190226,0.98,0.02,0,0.96
Strip2,0,8.45784379228817,0.967,0.008,0,0.959
Prox1,0,6.37978665918293,0.99,0.035,0,0.955
Car10,0,6.14283741279778,0.979,0.024,0,0.955
Kcnma1,0,6.08896735674467,0.982,0.029,0,0.953
Slc24a4,0,6.67991864483616,0.972,0.02,0,0.952
Vsx2,0,6.61743768390584,0.982,0.042,0,0.94
Ntng1,0,7.54893369248561,0.938,0.008,0,0.93
Trpm1,0,6.52768778971541,1,0.07,0,0.93
Ptprd,0,5.57265183646101,0.972,0.043,0,0.929
Amigo2,0,6.45595092737694,0.949,0.024,0,0.925
Pcp4,0,7.2395982689588,0.943,0.019,0,0.924
Kcnh5,0,7.67093461064902,0.931,0.008,0,0.923
Eef1a2,0,5.80302947911455,0.949,0.031,0,0.918
Qpct,0,7.44189898565444,0.926,0.013,0,0.913
Ndnf,0,5.23801286223215,0.952,0.041,0,0.911
Slc4a10,0,6.21430031843384,0.93,0.021,0,0.909
Vstm2b,0,8.86565587371017,0.913,0.004,0,0.909
Trnp1,0,7.32424096300145,0.91,0.009,0,0.901
Ccdc136,0,5.60675388176444,0.928,0.03,0,0.898
Lin7a,0,6.65715930865506,0.913,0.02,0,0.893
Cacna2d3,0,8.33160488589233,0.898,0.006,0,0.892
Rap1gap,0,5.97947031336228,0.916,0.029,0,0.887
Rgs11,0,6.05962052061914,0.905,0.022,0,0.883
Prkca,0,5.8209525628747,0.99,0.109,0,0.881
Lrrtm4,0,8.66376828279696,0.87,0.004,0,0.866
Prdm8,0,5.268772297709,0.923,0.059,0,0.864
Nebl,0,6.03039988342081,0.885,0.021,0,0.864
Auts2,0,4.95618769635969,0.91,0.046,0,0.864
Map6,0,5.9669861228304,0.887,0.025,0,0.862
Cntn4,0,7.9771438074165,0.866,0.006,0,0.86
Gnao1,0,5.09708191479682,0.995,0.135,0,0.86
Casp7,0,6.36700471515495,0.879,0.019,0,0.86
Neurod4,0,5.64812411049677,0.87,0.018,0,0.852
Celf3,0,4.39947862078144,0.938,0.087,0,0.851
Rpa1,0,5.05659511661,0.948,0.099,0,0.849
Tbx2,0,5.09030981470003,0.897,0.048,0,0.849
Wscd2,0,7.57277998169455,0.851,0.007,0,0.844
Spock2,0,4.85840678273178,0.866,0.026,0,0.84
Cadps,0,5.39940467561825,0.864,0.026,0,0.838
Rgs8,0,6.58286160261135,0.846,0.012,0,0.834
Tgfb2,0,3.8000797338909,0.875,0.053,0,0.822
Rnf152,0,4.99119871678318,0.852,0.042,0,0.81
Ank3,0,3.72987952884282,0.964,0.155,0,0.809
Fam135b,0,7.39274368697577,0.815,0.006,0,0.809
Cplx3,0,4.36423155727638,0.925,0.117,0,0.808
Itm2c,0,3.93386993684577,0.972,0.168,0,0.804
Rgs7,0,7.27503307445035,0.808,0.008,0,0.8
Fam78a,0,6.35548961318359,0.813,0.013,0,0.8
Ablim1,0,3.91676431423876,0.964,0.164,0,0.8
Foxn3,0,4.59278703958047,0.856,0.058,0,0.798
Khdrbs3,0,3.61973687746704,0.933,0.136,0,0.797
Rev3l,0,3.7362268765896,0.91,0.115,0,0.795
Ppm1e,0,4.48622477208466,0.854,0.062,0,0.792
Syne1,0,3.61900968699497,0.908,0.124,0,0.784
Lactbl1,0,3.76920841712966,0.957,0.175,0,0.782
Prkce,0,3.84943691674311,0.861,0.088,0,0.773
Fstl5,0,6.46718338403477,0.782,0.011,0,0.771
Calm1,0,4.87140670324224,0.964,0.193,0,0.771
Map4,0,4.57355951992848,0.99,0.221,0,0.769
Hspa12a,0,4.68971229198854,0.808,0.039,0,0.769
Mpp2,0,4.61779758645376,0.823,0.057,0,0.766
Frmd3,0,6.26778888570019,0.775,0.011,0,0.764
Dusp4,0,4.1054140735192,0.834,0.073,0,0.761
Zbtb20,0,3.6231085721042,0.892,0.134,0,0.758
Tpbg,0,6.54777746300484,0.77,0.013,0,0.757
Sebox,0,5.93748407202339,0.779,0.022,0,0.757
Bend4,0,8.44766136353308,0.759,0.003,0,0.756
Cadm4,0,4.31418799294483,0.81,0.054,0,0.756
Edil3,0,4.87811175168383,0.789,0.034,0,0.755
Asap2,0,5.34475626723714,0.779,0.025,0,0.754
Cltb,0,2.91928803298032,0.905,0.151,0,0.754
Hap1,0,5.18651163381223,0.784,0.031,0,0.753
Rgs16,0,5.48875996934801,0.764,0.014,0,0.75
Slc38a1,0,3.62821106724099,0.852,0.102,0,0.75
Amy1,0,3.1165763293438,0.892,0.143,0,0.749
Igsf21,0,4.4074755194589,0.797,0.048,0,0.749
Gnb3,0,3.45633331437479,0.989,0.245,0,0.744
Sybu,0,6.17089934358894,0.757,0.015,0,0.742
Agap1,0,3.26579674877924,0.88,0.143,0,0.737
Gabrr1,0,7.12264065227391,0.741,0.006,0,0.735
Nme1,0,4.56699371837731,0.779,0.051,0,0.728
Crmp1,0,5.03555007138969,0.751,0.024,0,0.727
Bhlhe23,0,7.02084724478626,0.733,0.007,0,0.726
Scrn1,0,5.21852905619285,0.749,0.024,0,0.725
Chgb,0,3.52629860049329,0.893,0.178,0,0.715
Zmiz1,0,4.11641845070052,0.779,0.064,0,0.715
Atrnl1,0,2.86120513183373,0.895,0.182,0,0.713
Abcc5,0,3.07892526539439,0.872,0.161,0,0.711
Gprasp1,0,3.55504135532623,0.811,0.104,0,0.707
Ppp3ca,0,2.89221989377488,0.875,0.168,0,0.707
Camsap2,0,3.71093434336618,0.795,0.089,0,0.706
Samd14,0,4.92047392816717,0.736,0.03,0,0.706
Prkd3,0,4.41175064186231,0.756,0.05,0,0.706
Sphkap,0,4.67368000180977,0.731,0.027,0,0.704
Zdhhc17,0,2.75668006105064,0.913,0.211,0,0.702
Appl2,0,2.81960326743917,0.884,0.182,0,0.702
Abr,0,4.0069040930526,0.767,0.065,0,0.702
Rtn4rl1,0,3.3262466475739,0.803,0.103,0,0.7
Gls,0,2.81960560781696,0.974,0.283,0,0.691
Gabrb3,0,3.28205031740562,0.775,0.089,0,0.686
Tmsb10,0,3.5381984249002,0.752,0.072,0,0.68
Tmem132d,0,5.7267613616023,0.69,0.012,0,0.678
Kif13a,0,2.87691538697985,0.838,0.164,0,0.674
Gem,0,4.8436645065161,0.695,0.029,0,0.666
Gabrr2,0,5.31508436750852,0.682,0.017,0,0.665
Ift20,0,3.73720046361971,0.746,0.084,0,0.662
Mdga2,0,6.11580326827605,0.674,0.012,0,0.662
Ralgapa2,0,4.13319241051337,0.718,0.059,0,0.659
Snrpn,0,3.20626576505528,0.757,0.101,0,0.656
Mtus2,0,6.04774910582365,0.666,0.011,0,0.655
Macf1,0,2.73033334026497,0.941,0.287,0,0.654
Fmn1,0,4.15719368076052,0.703,0.051,0,0.652
Dnaja1,0,2.76330857791301,0.826,0.174,0,0.652
Pfkp,0,3.00263893385021,0.969,0.317,0,0.652
Sorcs2,0,4.55934787187389,0.685,0.034,0,0.651
Psip1,0,2.65143878151479,0.905,0.255,0,0.65
Dgki,0,6.75893197398383,0.657,0.007,0,0.65
Nyap2,0,5.10214684293165,0.667,0.018,0,0.649
Rab3ip,0,2.83520032378387,0.784,0.141,0,0.643
Arid5b,0,4.49567289438184,0.677,0.035,0,0.642
Atp2b1,0,2.42596249411405,0.944,0.303,0,0.641
Slc12a5,0,2.56540323746134,0.821,0.181,0,0.64
Rnpc3,0,2.45592865751417,0.838,0.199,0,0.639
Tmem215,0,5.75601398366712,0.646,0.01,0,0.636
Trio,0,3.95694023669332,0.687,0.052,0,0.635
Phyhipl,0,3.97385068257384,0.689,0.056,0,0.633
Dab1,0,4.26771054169616,0.669,0.039,0,0.63
Dock1,0,4.12611869476017,0.68,0.05,0,0.63
Nap1l5,0,3.55279105355721,0.698,0.071,0,0.627
Pde1b,0,4.55015009779725,0.661,0.034,0,0.627
Scg2,0,4.75478949665952,0.648,0.022,0,0.626
Nfasc,0,2.24318885442022,0.964,0.338,0,0.626
Tox,0,5.08997836082709,0.646,0.021,0,0.625
Dcaf7,0,2.75267137334115,0.828,0.203,0,0.625
Epb41l3,0,3.31270936959124,0.718,0.093,0,0.625
Dpysl2,0,2.85212435580097,0.752,0.128,0,0.624
Ttc3,0,3.0210288767203,0.73,0.106,0,0.624
Clstn3,0,4.19957989197034,0.664,0.042,0,0.622
Zfp608,0,4.58450890879234,0.656,0.034,0,0.622
Fbxw7,0,4.02564515687336,0.674,0.054,0,0.62
Cyld,0,3.15765275092691,0.725,0.107,0,0.618
Asic4,0,5.81831369699778,0.628,0.012,0,0.616
Asic3,0,4.47922150465834,0.649,0.034,0,0.615
Dbp,0,2.68961316764067,0.752,0.138,0,0.614
Mtmr10,0,4.67076446802534,0.649,0.036,0,0.613
Hecw1,0,6.87836692545972,0.618,0.006,0,0.612
Drd2,0,6.57713561989226,0.616,0.006,0,0.61
Nsf,0,2.1786009569232,0.898,0.292,0,0.606
Sdk1,0,6.57638441183525,0.613,0.008,0,0.605
Pwwp2a,0,2.52906222332804,0.772,0.169,0,0.603
Kalrn,0,5.49769413789694,0.618,0.016,0,0.602
Nrep,0,2.42777741073638,0.823,0.221,0,0.602
Fam171b,0,3.09400635184727,0.695,0.096,0,0.599
Luc7l3,5.59049914054832e-307,2.24765418240137,0.83,0.233,9.19413488654576e-303,0.597
Hr,0,2.74170822673822,0.725,0.131,0,0.594
Il1rap,0,6.43768298494075,0.602,0.008,0,0.594
Leng8,1.2490779117351e-274,1.90720524504052,0.931,0.338,2.05423353363954e-270,0.593
Kcna5,0,5.62607901703595,0.603,0.013,0,0.59
Efr3b,0,6.02308366482628,0.6,0.01,0,0.59
Vdac1,0,2.80875131595687,0.746,0.159,0,0.587
Serinc1,5.59222664226161e-281,2.081396186986,0.856,0.27,9.19697593586344e-277,0.586
Kcnab2,0,2.44114386801274,0.807,0.222,0,0.585
Pcbp3,0,2.30746216062781,0.989,0.407,0,0.582
Tnr,0,6.25997484189751,0.589,0.007,0,0.582
Tmem38a,0,2.9856860562423,0.684,0.103,0,0.581
Hmgn3,0,3.48483137973349,0.651,0.07,0,0.581
Osbpl10,0,6.39732609964007,0.589,0.008,0,0.581
Stxbp2,0,2.80209719146331,0.7,0.124,0,0.576
Sdk2,0,5.99930335727583,0.585,0.01,0,0.575
Cacng7,0,2.64067265420517,0.697,0.123,0,0.574
Cntnap1,0,5.4393201883047,0.587,0.014,0,0.573
Ivns1abp,5.52278419300037e-258,2.00568703952838,0.826,0.254,9.08277088380841e-254,0.572
Tjp2,5.93292037183669e-283,2.20336410025014,0.777,0.207,9.75728084352263e-279,0.57
Prrc2b,9.42691286720351e-246,1.89980735582556,0.841,0.271,1.55035009014029e-241,0.57
Spag9,2.99496787572746e-305,2.30231452488362,0.746,0.178,4.92552416842138e-301,0.568
Ldb2,0,5.21753346696212,0.585,0.018,0,0.567
Thsd7a,0,3.38898649811769,0.633,0.066,0,0.567
Atp6v0a1,3.30553682771268e-250,1.96489253549414,0.875,0.308,5.43628586685628e-246,0.567
Rit2,0,5.01016654184157,0.579,0.016,0,0.563
Cacna2d4,2.54263449407045e-231,1.69736397317868,0.941,0.38,4.18161668894826e-227,0.561
Gabrg2,0,5.32926806864438,0.572,0.015,0,0.557
Clip3,0,3.15975711969301,0.625,0.07,0,0.555
Nisch,6.19898308883967e-225,1.71218474317373,0.897,0.343,1.01948475879057e-220,0.554
Pgrmc1,0,2.5311282658203,0.7,0.148,0,0.552
Dusp3,0,2.86654013967012,0.638,0.087,0,0.551
Slc8a3,0,3.32324206942848,0.603,0.053,0,0.55
Ndn,0,2.72371739821873,0.659,0.11,0,0.549
Nr1d1,0,2.83655469605232,0.656,0.109,0,0.547
Slc25a22,1.19880764299026e-221,1.82850841750795,0.803,0.257,1.97155904966178e-217,0.546
Gdi1,1.02472782271261e-243,1.99796292974041,0.77,0.225,1.68526737723316e-239,0.545
Slc22a17,0,2.26559536124132,0.682,0.138,0,0.544
Tanc1,0,4.33268343493656,0.575,0.032,0,0.543
Scg3,0,3.30663356317085,0.602,0.06,0,0.542
Cep112,0,7.08794999835775,0.546,0.004,0,0.542
Hist3h2a,0,2.63422721521375,0.651,0.113,0,0.538
Sncb,2.37029711391272e-231,2.07318849389004,0.826,0.288,3.89819063354087e-227,0.538
Osbpl6,0,3.36272372707252,0.605,0.068,0,0.537
Hlf,0,2.69606417526882,0.648,0.112,0,0.536
Rnf187,1.72262490277749e-274,2.20897126946172,0.71,0.174,2.83302891510786e-270,0.536
Pnisr,5.54136840622824e-206,1.72059148929361,0.789,0.253,9.11333448088296e-202,0.536
Tmem145,0,3.27028944731217,0.603,0.07,0,0.533
Siah3,0,8.09927940646373,0.534,0.002,0,0.532
Wdr6,3.78167078821708e-234,2.02265398220421,0.757,0.227,6.21933577830181e-230,0.53
Myo10,9.91932113516102e-281,2.21671431336353,0.689,0.159,1.63133155388858e-276,0.53
H2afy,3.10081352118042e-201,1.65948267602921,0.861,0.332,5.09959791693332e-197,0.529
Adrb1,0,5.17728773204474,0.539,0.014,0,0.525
Aplp1,0,2.69759087766738,0.607,0.084,0,0.523
Kcne2,0,4.36967034637054,0.543,0.02,0,0.523
Agrn,1.1244530015126e-298,2.09960546555903,0.654,0.132,1.84927540628763e-294,0.522
Sh3gl2,7.01480582138236e-205,1.7793619824005,0.77,0.248,1.15365496538454e-200,0.522
Mtcl1,8.39957633622501e-209,1.80158854395084,0.741,0.221,1.38139432425557e-204,0.52
Ywhab,8.75906907163129e-254,2.20764305405315,0.702,0.183,1.44051649952048e-249,0.519
Ttc1,0,2.88627052884945,0.618,0.1,0,0.518
Rd3l,0,2.5362952509336,0.63,0.112,0,0.518
Usp48,0,2.57465060149822,0.643,0.126,0,0.517
Atp6v1a,7.72084726669675e-200,1.74374211105558,0.77,0.253,1.26977054148095e-195,0.517
Tpi1,7.47295456045824e-272,2.48209334217917,0.685,0.173,1.22900210701296e-267,0.512
Rab3a,7.15197842189856e-243,2.13931494055418,0.703,0.191,1.17621437126544e-238,0.512
Kif1a,1.12437517917145e-169,1.5123767851113,0.808,0.296,1.84914741966537e-165,0.512
Tspyl4,2.63970564406488e-296,2.38941346622627,0.643,0.133,4.34125990222911e-292,0.51
Ptprs,1.35030759864423e-231,1.93983921487243,0.687,0.178,2.22071587673031e-227,0.509
Zfp385b,5.36052420043225e-209,1.8495873489497,0.725,0.216,8.81591810003088e-205,0.509
Hnrnph1,1.99764972916078e-236,2.13995805502512,0.697,0.189,3.28533474457781e-232,0.508
Ttyh1,1.15235092890762e-193,1.48494024536508,0.93,0.422,1.89515633768147e-189,0.508
Klc1,9.82109883055079e-215,1.89339442019762,0.7,0.195,1.61517791367238e-210,0.505
Adgrl2,0,3.89940118291979,0.538,0.034,0,0.504
Aatk,0,4.62040801821014,0.526,0.022,0,0.504
Pclo,5.8083574087756e-261,2.19687356643795,0.654,0.151,9.55242459447235e-257,0.503
Tmtc2,0,3.18463864062298,0.544,0.043,0,0.501
Mcc,0,4.64235018621043,0.525,0.024,0,0.501
Kcnc3,0,2.66384756357231,0.605,0.105,0,0.5
Plk5,1.08944752719147e-213,1.9202171306878,0.693,0.194,1.79170540321909e-209,0.499
Retn,0,6.93140514458618,0.502,0.004,0,0.498
Acbd6,0,4.16727816674383,0.53,0.033,0,0.497
Cyth1,3.15473265299391e-300,2.38553082765276,0.618,0.121,5.18827332111378e-296,0.497
Pabpn1,4.88352855799065e-165,1.54785590408752,0.764,0.268,8.03145106647143e-161,0.496
St18,0,5.71196369466341,0.503,0.008,0,0.495
Arhgef17,0,4.03151472056761,0.526,0.031,0,0.495
Amph,2.01791094382638e-205,1.90896888109568,0.711,0.216,3.31865633821687e-201,0.495
Foxp4,0,3.97129552967039,0.531,0.037,0,0.494
Prickle2,0,5.20417351257917,0.508,0.014,0,0.494
Ywhag,4.22250605726052e-247,2.11122246969751,0.646,0.152,6.94433346177066e-243,0.494
Cabp1,0,4.4062180603906,0.51,0.017,0,0.493
Rundc3a,9.79309994671753e-259,2.1903765046412,0.636,0.143,1.61057321723717e-254,0.493
Smarcc2,3.13826803964642e-163,1.47534037704728,0.823,0.332,5.16119561800251e-159,0.491
Slc1a7,6.53365801766467e-168,1.62171364590215,0.79,0.3,1.07452539758513e-163,0.49
Plch1,0,3.31224742848862,0.546,0.06,0,0.486
Elfn2,0,5.07558473319194,0.495,0.014,0,0.481
Pgbd5,0,4.5552611202695,0.502,0.022,0,0.48
Ptbp2,1.95953595765357e-186,1.80285252308292,0.684,0.205,3.22265283595707e-182,0.479
Dab2ip,0,3.01188353679163,0.552,0.073,0,0.479
Aplp2,0,2.10255213238953,0.977,0.498,0,0.479
Snap25,6.78120311774705e-242,1.6645765367582,0.979,0.501,1.11523666474468e-237,0.478
Syt11,0,2.82366643757014,0.538,0.061,0,0.477
Dclk2,0,4.87730412058011,0.495,0.018,0,0.477
Tle2,0,4.48623087811004,0.5,0.024,0,0.476
Slitrk3,0,6.94318594145079,0.479,0.004,0,0.475
Dgkh,0,4.8182003722363,0.495,0.02,0,0.475
Brsk2,2.91465403361708e-175,1.69390583085953,0.687,0.213,4.79344002368665e-171,0.474
Klhl5,0,4.24235760999484,0.507,0.033,0,0.474
Adgrl1,0,2.58946366846396,0.567,0.093,0,0.474
Dnm1,1.08973614261518e-125,1.19682051648821,0.826,0.352,1.79218006014492e-121,0.474
Tef,7.09309893434233e-230,2.08869090611192,0.62,0.148,1.16653105074194e-225,0.472
Insyn2a,0,5.9330216097871,0.477,0.007,0,0.47
Cacna1i,0,5.55462397851586,0.474,0.006,0,0.468
Tspan13,0,2.76449644163104,0.552,0.085,0,0.467
Syt1,3.12180911098992e-124,1.11807662130794,0.895,0.428,5.13412726393402e-120,0.467
Chga,0,3.17659665296001,0.531,0.065,0,0.466
Gtf2i,1.05937962389511e-136,1.34873682238509,0.779,0.313,1.74225572945789e-132,0.466
Ppp1r1a,0,4.78096256512875,0.484,0.018,0,0.466
Kif5c,0,3.94096927978154,0.493,0.028,0,0.465
Vamp2,7.02811762442551e-141,1.30080481233162,0.857,0.392,1.15584422451302e-136,0.465
Xkr7,0,5.98668758008737,0.472,0.008,0,0.464
Arglu1,1.49593724024578e-157,1.59304158640628,0.698,0.234,2.46021838530822e-153,0.464
Gabra1,0,5.55144651008535,0.469,0.008,0,0.461
Mapt,0,4.63978061699856,0.477,0.018,0,0.459
Gpm6a,7.19132507409743e-155,0.989234096527805,0.628,0.169,1.18268532168606e-150,0.459
Shank2,0,4.03856306437329,0.485,0.029,0,0.456
Schip1,0,4.42629230100549,0.477,0.022,0,0.455
Rtn1,1.09451522841924e-193,1.92501895892707,0.62,0.166,1.80003974465828e-189,0.454
Ubtf,6.65035286695592e-193,1.94345509776651,0.623,0.169,1.09371703249957e-188,0.454
Lhx4,0,4.483184462677,0.466,0.013,0,0.453
Stom,7.16074381203801e-186,1.86710933486944,0.625,0.173,1.17765592732777e-181,0.452
Syp,1.86154643004775e-98,0.982512830428424,0.867,0.416,3.06149925885654e-94,0.451
Maged1,3.92548430140466e-134,1.38614914254924,0.73,0.279,6.4558514820901e-130,0.451
Armcx3,2.36427395681307e-268,2.42213441094432,0.561,0.111,3.88828494937478e-264,0.45
Rpusd1,0,5.19302056944484,0.464,0.014,0,0.45
Kcnh2,0,4.20676114655541,0.477,0.027,0,0.45
Ttc14,1.2328669051236e-158,1.65666450972137,0.656,0.208,2.02757291216627e-154,0.448
Adamts5,0,4.86280070370335,0.461,0.015,0,0.446
Nlk,3.82221117734725e-125,1.23945860298297,0.843,0.397,6.28600850226529e-121,0.446
Grid1,0,6.13600522636567,0.452,0.007,0,0.445
Atp6v1b2,8.92916273946713e-138,1.26094883995363,0.87,0.425,1.46849010413276e-133,0.445
Cry2,1.76063697573117e-233,2.2722387370681,0.574,0.129,2.89554357028749e-229,0.445
Tiprl,4.45308273388126e-264,2.43721190348609,0.552,0.109,7.32353986414112e-260,0.443
Tuba1a,9.6149977067095e-151,1.68420820739673,0.779,0.336,1.58128252284544e-146,0.443
Fubp1,1.57551022068538e-152,1.62174430026367,0.654,0.212,2.59108410893917e-148,0.442
Itm2b,6.20378237948274e-89,0.680111510037446,0.793,0.351,1.02027405012973e-84,0.442
Cacna1d,0,4.12636577645819,0.469,0.028,0,0.441
Gpc6,0,3.87709576122705,0.47,0.029,0,0.441
Tubb4a,0,3.8342604894579,0.475,0.034,0,0.441
Atp2c1,2.07298826333157e-141,1.51527748181661,0.672,0.232,3.4092364978751e-137,0.44
Pfn2,3.78699888866309e-175,1.64535408602742,0.605,0.165,6.22809837229532e-171,0.44
Ogt,1.68270464056425e-159,1.69800770602548,0.636,0.197,2.76737605187197e-155,0.439
Tmem181a,5.4596910974779e-255,2.4120596653884,0.546,0.109,8.97900797891216e-251,0.437
Mpnd,0,3.443556588494,0.484,0.047,0,0.437
Npepps,6.31088820095046e-132,1.45404686733785,0.69,0.255,1.03788867352831e-127,0.435
Ensa,3.38502804037813e-165,1.765938839588,0.618,0.184,5.56701711520588e-161,0.434
Pea15a,1.65322833396903e-126,1.37747338051653,0.759,0.325,2.71889931804547e-122,0.434
Map7,3.52782314917882e-124,1.37728073079228,0.698,0.265,5.80185795113949e-120,0.433
Hcn3,0,5.82374900896117,0.439,0.007,0,0.432
Triobp,0,3.57294446893715,0.485,0.053,0,0.432
Bmerb1,0,4.80595214287919,0.446,0.014,0,0.432
Ccni,4.43895914940379e-147,1.64258317381538,0.651,0.22,7.30031221710948e-143,0.431
Grm5,0,7.18084096453505,0.434,0.003,0,0.431
Fam189a2,0,2.70904119421606,0.502,0.071,0,0.431
Tle5,1.69318496523564e-157,1.70094428512734,0.621,0.19,2.78461199382654e-153,0.431
Sesn3,3.90954093646271e-166,1.69769337456209,0.597,0.167,6.42963102410657e-162,0.43
Pygm,9.66382288239564e-287,2.51012595530802,0.518,0.089,1.58931231123879e-282,0.429
Zfp365,1.5795161800835e-295,2.6583479562951,0.515,0.087,2.59767230976533e-291,0.428
Son,8.91666067076513e-111,1.1028037040489,0.862,0.434,1.46643401391403e-106,0.428
Hipk2,5.52317391229518e-139,1.56096821317004,0.641,0.214,9.08341181616065e-135,0.427
Cntnap2,0,3.33083310780021,0.474,0.047,0,0.427
Srsf1,1.51583334283447e-118,1.31059247158553,0.679,0.254,2.49293951562558e-114,0.425
Atp5mpl,1.75943090564517e-151,1.76000780034783,0.62,0.197,2.89356006742405e-147,0.423
Apc2,0,3.80354053612963,0.456,0.034,0,0.422
Nectin1,1.44442196802247e-132,1.5178337312065,0.652,0.233,2.37549636860975e-128,0.419
Slco5a1,0,8.49510852593554,0.42,0.001,0,0.419
Pik3r3,0,3.24771963301002,0.464,0.048,0,0.416
Cadm3,4.14494911565928e-255,2.317436376789,0.511,0.095,6.81678331561326e-251,0.416
Pgam1,2.33391405772928e-119,1.43715428802417,0.692,0.276,3.83835505934158e-115,0.416
Disp2,0,4.72489019148015,0.43,0.015,0,0.415
Hectd4,3.26605089623745e-218,2.25342539207432,0.531,0.117,5.37134730395211e-214,0.414
Pip5k1c,2.08584462894769e-217,2.22494389335971,0.53,0.116,3.43038007676737e-213,0.414
Gria1,0,5.69896290925873,0.42,0.008,0,0.412
Mgarp,1.15881127523848e-200,1.59369788055644,0.946,0.535,1.90578102325721e-196,0.411
Btbd8,9.86920133610479e-282,2.5524522785916,0.492,0.082,1.62308885173579e-277,0.41
Atxn10,1.90438238216324e-149,1.71695142278265,0.589,0.179,3.13194726570567e-145,0.41
Tenm3,0,3.50795540549114,0.444,0.036,0,0.408
Prune2,0,3.7695233727948,0.438,0.03,0,0.408
Zmym3,0,2.9959621255225,0.47,0.062,0,0.408
Ppp1r9b,8.43490190757382e-241,2.41587527739717,0.505,0.098,1.38720396771959e-236,0.407
Bex3,6.15005065716665e-215,2.19488627438728,0.518,0.111,1.01143733107763e-210,0.407
Mark4,0,2.88434014211345,0.474,0.067,0,0.407
Pten,4.041185542477e-100,1.17807683850345,0.711,0.304,6.64613374315767e-96,0.407
Gyg,0,2.88083516346585,0.472,0.066,0,0.406
Cygb,0,2.48251165306521,0.452,0.047,0,0.405
Zwint,1.63197541428902e-250,2.42696413246911,0.498,0.093,2.68394676633972e-246,0.405
Mllt11,0,3.67520123192166,0.434,0.03,0,0.404
Ina,0,5.04829379800596,0.416,0.012,0,0.404
Usp22,1.64132720642842e-216,2.25410551524031,0.51,0.108,2.69932672369218e-212,0.402
Nyx,0,5.39627064927411,0.41,0.008,0,0.402
Rapgef5,1.19501130181077e-107,1.33481676221525,0.67,0.269,1.96531558695799e-103,0.401
Nsd1,1.70214760987506e-87,1.02337488935533,0.715,0.314,2.79935195920052e-83,0.401
Ckb,5.30864482053436e-96,1.12203278710052,0.754,0.354,8.73059727185081e-92,0.4
Pdxp,0,3.96321829290537,0.428,0.029,0,0.399
Syt4,0,4.16443108179698,0.413,0.014,0,0.399
Clk4,3.16888831161482e-119,1.40743327375417,0.605,0.207,5.21155371728173e-115,0.398
Atcay,0,5.03494274869459,0.41,0.012,0,0.398
Col4a1,0,0.948533443486015,0.426,0.029,0,0.397
Robo2,0,4.67826171922347,0.413,0.016,0,0.397
Arhgef9,0,4.0968704978378,0.421,0.024,0,0.397
Itsn1,2.2980624791368e-156,1.81409339186908,0.548,0.152,3.77939355318839e-152,0.396
Ddx17,7.20653264347277e-64,0.644884478214379,0.911,0.515,1.18518635854553e-59,0.396
Stat5b,0,3.41582650019606,0.436,0.041,0,0.395
Dlgap4,1.4706686053308e-162,1.84045228975504,0.538,0.143,2.41866158832704e-158,0.395
Pcsk1n,7.69863980839351e-150,1.71541364840016,0.549,0.155,1.2661183028884e-145,0.394
Ppp2r5e,2.21500628593427e-106,1.38476943806428,0.651,0.258,3.6427993378475e-102,0.393
Gpi1,1.9279784870131e-95,1.18418714759807,0.718,0.325,3.17075341974175e-91,0.393
Otx2,9.82687782001e-88,0.971108978559934,0.843,0.45,1.61612832627884e-83,0.393
Galnt17,0,5.39761366295901,0.4,0.008,0,0.392
Bcr,1.95193050467062e-299,2.75218855589427,0.462,0.07,3.21014490798131e-295,0.392
Chd3,8.42270576948476e-237,2.43190926159734,0.484,0.092,1.38519819084946e-232,0.392
Pnn,7.22963129849937e-140,1.6764448607933,0.562,0.17,1.18898516335121e-135,0.392
Tspan9,5.84979973835486e-258,2.53418136506884,0.475,0.083,9.62058064969841e-254,0.392
Antxr2,8.39535974421623e-257,2.39145821274456,0.475,0.083,1.3807008635338e-252,0.392
Gprasp2,0,3.83355782118804,0.423,0.032,0,0.391
Stt3b,4.07655668111152e-110,1.38351676478702,0.626,0.235,6.70430511775601e-106,0.391
Traf5,0,4.80069391948093,0.405,0.015,0,0.39
Ldb1,4.49882392397798e-169,1.87975290988594,0.52,0.13,7.39876582537419e-165,0.39
Mmd,2.08443047018381e-115,1.44143335036513,0.605,0.215,3.4280543512643e-111,0.39
Zfp207,5.93335291480043e-96,1.18061676585009,0.657,0.267,9.75799220368079e-92,0.39
Fbxl16,2.36179807298948e-264,2.54242706780036,0.47,0.08,3.8842131108385e-260,0.39
Myo5a,1.33083420881835e-255,2.25160171913939,0.47,0.081,2.18868993982265e-251,0.389
Gadd45g,0,3.52094382856552,0.413,0.025,0,0.388
Cds2,6.73404888321374e-96,1.22537666998014,0.666,0.279,1.10748167933333e-91,0.387
Igfn1,0,6.01791198882262,0.389,0.003,0,0.386
Gpr162,8.66198701226547e-161,1.92284412730869,0.528,0.142,1.42455038403718e-156,0.386
Ankrd6,0,6.31138947388164,0.39,0.005,0,0.385
Rnf145,1.72563657943459e-121,1.54724183529544,0.587,0.202,2.83798191853812e-117,0.385
Fem1b,2.10449119558389e-178,2.0987948245877,0.508,0.124,3.46104622025727e-174,0.384
Lars,2.02512720994428e-244,2.52882264388027,0.466,0.084,3.33052420947436e-240,0.382
Cdh2,5.7460365677409e-158,1.43988790152862,0.507,0.126,9.44993173930668e-154,0.381
Syt9,0,4.76698926792019,0.392,0.014,0,0.378
Zfp866,7.38238696424793e-137,1.69243333706906,0.541,0.163,1.21410736014021e-132,0.378
Atxn2l,6.3521979854167e-119,1.53634321207258,0.575,0.197,1.04468248068163e-114,0.378
Srsf5,1.20008281383241e-71,0.907914668603221,0.72,0.342,1.97365619562879e-67,0.378
Gnl3l,1.55324371072957e-215,2.36560565355956,0.472,0.095,2.55446460666585e-211,0.377
Ckap4,1.52440494269448e-267,2.60763205671753,0.448,0.072,2.50703636875534e-263,0.376
Magi1,0,2.91719764798466,0.43,0.055,0,0.375
Smad3,0,3.62589666286256,0.41,0.035,0,0.375
Btrc,1.75779696332838e-97,1.23740763983442,0.603,0.228,2.89087288588985e-93,0.375
Tenm4,0,3.6101720134315,0.408,0.034,0,0.374
Sfpq,1.85232660955247e-96,1.27298440349841,0.611,0.237,3.04633634206999e-92,0.374
Uba1,1.20129145108853e-75,0.951840815674931,0.708,0.334,1.9756439204602e-71,0.374
Ccnjl,0,4.52667894112806,0.392,0.019,0,0.373
Syngap1,0,3.1432829975696,0.42,0.048,0,0.372
Tro,0,4.45120442712274,0.389,0.017,0,0.372
Sarm1,6.21575138296036e-168,2.00283500266397,0.493,0.121,1.02224247244166e-163,0.372
Evl,3.08391535039693e-135,1.67029433242522,0.525,0.153,5.07180718526279e-131,0.372
Rcan3,3.55150088357664e-182,2.14383624554104,0.482,0.111,5.84079835313014e-178,0.371
Atn1,1.06594693554596e-111,1.48874072584502,0.567,0.197,1.75305633019888e-107,0.37
Pgm2l1,0,2.88851509568244,0.426,0.057,0,0.369
Usp11,0,3.42396385643201,0.408,0.039,0,0.369
Nek9,5.35468545435787e-202,2.3439521000513,0.467,0.098,8.80631569823695e-198,0.369
Cyfip2,6.39940512790815e-170,1.96231446225448,0.484,0.115,1.05244616733577e-165,0.369
Dynll2,1.0763414060376e-68,0.842562788861713,0.713,0.344,1.77015107636944e-64,0.369
Prkaca,3.32624898788055e-130,1.65789027465797,0.525,0.157,5.47034908546836e-126,0.368
Sptan1,2.20678082612573e-69,0.876133971432662,0.726,0.358,3.62927174664637e-65,0.368
Ndufv3,3.38540228257639e-78,1.02874370865988,0.648,0.281,5.56763259392513e-74,0.367
Hid1,0,3.13939391265962,0.411,0.045,0,0.366
Srsf2,2.29259618278671e-142,1.8086103828816,0.508,0.142,3.77040368221102e-138,0.366
Asph,2.38508886338599e-168,1.98256395171555,0.479,0.114,3.9225171447246e-164,0.365
Snap91,2.91533364517818e-70,0.939272349017232,0.674,0.311,4.79455771286004e-66,0.363
Ubl3,1.09903757781748e-93,1.31949153893241,0.631,0.268,1.80747720047863e-89,0.363
Prepl,7.53149883557038e-117,1.60530656179076,0.541,0.179,1.23863029849791e-112,0.362
Zcchc18,0,2.91916358589036,0.418,0.057,0,0.361
Tle6,0,5.85127846034556,0.367,0.007,0,0.36
Podxl2,1.02739265043882e-99,1.33467205742339,0.566,0.206,1.68964995291168e-95,0.36
Ahi1,1.33370050116149e-117,1.64951171150107,0.536,0.177,2.19340384421019e-113,0.359
Synj2,0,5.61284281738009,0.367,0.008,0,0.359
Neurl1a,3.06905913108874e-198,2.29353638136952,0.452,0.093,5.04737464698854e-194,0.359
Tmem169,0,6.05729076202579,0.364,0.006,0,0.358
St7,0,4.79383943436494,0.372,0.014,0,0.358
Grik5,9.0076966325202e-245,2.58733832352937,0.43,0.072,1.48140578818427e-240,0.358
Ube2ql1,0,5.2173459839665,0.367,0.01,0,0.357
Tcaf1,3.94136065120419e-254,2.65473854664997,0.426,0.069,6.48196172697041e-250,0.357
Mycbp2,1.47710503641706e-140,1.83827022586456,0.493,0.136,2.42924694289149e-136,0.357
Kdm6b,4.65875407630315e-129,1.36445494912043,0.497,0.14,7.66178695388816e-125,0.357
Fam114a2,6.07554402184812e-123,1.66491362751982,0.518,0.161,9.99183969833142e-119,0.357
Idh3b,1.08593646878072e-88,1.2370076240271,0.59,0.233,1.78593111655678e-84,0.357
Abhd17a,1.1306050740777e-108,1.55986015880894,0.548,0.193,1.85939310482819e-104,0.355
Sulf2,0,3.23872298697191,0.39,0.035,0,0.355
BC034090,1.22921987021225e-77,1.06615063138849,0.611,0.256,2.02157499855107e-73,0.355
Atp6v0c,6.80688284267551e-66,0.886457511184102,0.721,0.366,1.11945995230641e-61,0.355
Ankrd37,0,3.76612405615312,0.384,0.03,0,0.354
Nhlrc2,3.12865129999384e-196,2.3806651280087,0.446,0.092,5.14537992796987e-192,0.354
Sdha,1.97941098562078e-61,0.824915741758568,0.713,0.36,3.25533930695194e-57,0.353
Nrxn2,0,3.3451045820434,0.374,0.022,0,0.352
Gnas,1.1881572210113e-76,0.883588107796133,0.585,0.233,1.95404336567518e-72,0.352
Dnmt3a,2.98768563098303e-54,0.715474651003229,0.733,0.381,4.91354778871469e-50,0.352
Pdcd4,1.62188984411986e-118,1.53802934667546,0.503,0.153,2.66736003763953e-114,0.35
Ppp3cb,2.32010736955298e-81,1.13734764298889,0.592,0.243,3.81564857996683e-77,0.349
Prnp,2.27124180344843e-72,1.01607640124933,0.626,0.278,3.73528426995129e-68,0.348
Zfp385a,1.31551240280936e-31,0.271643048464401,0.852,0.504,2.16349169766027e-27,0.348
Ackr1,0,2.79491838742328,0.395,0.048,0,0.347
Ccng1,5.79029407380412e-156,2.08015030476248,0.462,0.115,9.52271763377826e-152,0.347
Diras2,0,3.12622132157021,0.392,0.046,0,0.346
Eif4a2,6.65524592223473e-61,0.835034651268356,0.744,0.398,1.09452174437072e-56,0.346
Klhdc8a,0,3.56426467399243,0.374,0.029,0,0.345
Camk2b,0,3.68100149580088,0.372,0.027,0,0.345
Clk1,2.23001251213579e-55,0.718172489904653,0.679,0.335,3.66747857745851e-51,0.344
Phip,1.29435895313004e-123,1.7304599670396,0.49,0.146,2.12870273431767e-119,0.344
Napb,8.57722647375598e-101,1.48744841804124,0.533,0.19,1.41061066587391e-96,0.343
Eid1,5.34990423375065e-71,1.04587596734254,0.644,0.301,8.79845250282632e-67,0.343
Tet1,0,3.77251566555589,0.369,0.026,0,0.343
Ptms,4.00032721935036e-76,0.781355893192531,0.895,0.555,6.5789381449436e-72,0.34
Celf2,5.50146317119513e-69,0.982112291168296,0.6,0.26,9.04770633134752e-65,0.34
Prkacb,9.01968915798054e-157,2.04217072183698,0.444,0.105,1.48337807892148e-152,0.339
Slc6a8,1.19318829879499e-258,2.76729390238076,0.397,0.059,1.96231747619824e-254,0.338
Tmem59l,2.83508038354646e-256,2.62733220643336,0.397,0.059,4.66257319878052e-252,0.338
Runx1t1,0,5.48383368115895,0.346,0.008,0,0.338
Bscl2,6.45885969658714e-211,2.43645032949713,0.413,0.075,1.06222406570072e-206,0.338
Unc13b,5.13175204182485e-78,1.18643939985989,0.593,0.255,8.43967940798514e-74,0.338
H3f3a,5.17114405995904e-73,1.09612468362811,0.616,0.278,8.50446352100863e-69,0.338
Mlf2,3.91663753095868e-56,0.776899981930198,0.716,0.38,6.44130208341465e-52,0.336
Mt1,5.27569063311543e-53,-0.492758533380676,0.548,0.213,8.67640081522164e-49,0.335
Unc13a,5.88168277432751e-228,2.63893674027569,0.402,0.067,9.67301549065902e-224,0.335
Nfe2l1,1.96486337075701e-92,1.35747313947382,0.523,0.188,3.23141429954697e-88,0.335
Zswim5,0,3.80884159770419,0.362,0.027,0,0.335
Gsk3b,9.70509277385674e-57,0.840833583648138,0.672,0.338,1.59609955758848e-52,0.334
Pde4b,1.4839492432545e-202,2.03532138578546,0.407,0.073,2.44050292545636e-198,0.334
Prkar1a,1.3084665837129e-102,1.56464817396169,0.508,0.175,2.15190414357424e-98,0.333
Aff4,3.68624256203991e-64,0.951262225638774,0.62,0.287,6.06239451753084e-60,0.333
St6galnac4,0,3.67203665089894,0.359,0.026,0,0.333
Sv2a,2.22639848149352e-186,2.21765618329628,0.416,0.083,3.66153494266425e-182,0.333
Rere,3.74833170537132e-111,1.6448654022729,0.487,0.154,6.16450632265368e-107,0.333
Huwe1,2.07704595890795e-75,1.12366378980489,0.569,0.236,3.41590978402002e-71,0.333
Eno2,2.57391800794193e-63,0.942387808835487,0.611,0.278,4.2330655558613e-59,0.333
Ist1,2.16694162459983e-82,1.23685686353322,0.544,0.212,3.56375219581688e-78,0.332
Cpsf6,8.24633645554913e-79,1.21130810231594,0.562,0.23,1.35619249347961e-74,0.332
Usp32,1.76878188519712e-88,1.32396348633097,0.53,0.198,2.90893868839518e-84,0.332
Lpgat1,1.01412264596175e-54,0.801016773876927,0.661,0.329,1.6678261035487e-50,0.332
Kidins220,2.16470038827665e-84,1.29635250953718,0.539,0.208,3.56006625855977e-80,0.331
Araf,1.93914941355868e-93,1.46540971052505,0.521,0.19,3.1891251255386e-89,0.331
Prpf8,1.44233500495307e-62,0.95089417442524,0.634,0.303,2.37206414914582e-58,0.331
Matr3,4.78774800877354e-89,1.37580936088946,0.525,0.195,7.87393037522897e-85,0.33
Calm3,2.37025942757536e-53,0.649676816213261,0.607,0.277,3.89812865459044e-49,0.33
Extl3,1.77420648057786e-137,1.91070116321848,0.443,0.114,2.91785997795835e-133,0.329
Zfp652,7.83124449221249e-120,1.79230953492052,0.466,0.137,1.28792646918927e-115,0.329
Ntrk2,3.92914188272366e-183,1.8680164383147,0.407,0.078,6.46186674032732e-179,0.329
Olfm1,4.02614168431405e-158,1.96728218091478,0.425,0.096,6.62139261402289e-154,0.329
Rnf150,1.00298482656258e-109,1.60997065244496,0.479,0.15,1.64950884576481e-105,0.329
Ppp2r1a,7.98799000566239e-90,1.37741162202279,0.518,0.19,1.31370483633124e-85,0.328
Ctnna2,0,3.74570826109409,0.349,0.022,0,0.327
Tmod2,0,3.65885888376033,0.354,0.027,0,0.327
Tmem178b,0,3.1728080215718,0.362,0.036,0,0.326
Brf1,2.1209665236799e-101,1.55547082955701,0.49,0.164,3.48814154484396e-97,0.326
Per3,1.27018974794811e-232,2.71794932094802,0.387,0.062,2.08895405947546e-228,0.325
Zfhx3,0,3.85506062267411,0.349,0.024,0,0.325
Map3k12,1.09106707822079e-158,2.11986771771517,0.421,0.096,1.79436891684191e-154,0.325
Cnst,1.26631507828879e-149,2.04663012054365,0.426,0.101,2.08258177775374e-145,0.325
Mapk8ip1,2.98080806069012e-169,2.18895066059136,0.411,0.087,4.90223693661096e-165,0.324
Smap2,7.87432036831383e-166,1.98716674252571,0.411,0.087,1.29501072777289e-161,0.324
Frmd4a,6.8776335973041e-302,2.86292156810997,0.367,0.044,1.13109562141263e-297,0.323
Glis2,1.74694047213422e-246,2.57686809945197,0.379,0.056,2.87301830047193e-242,0.323
Med13,1.07033233934754e-55,0.853934041764952,0.639,0.316,1.76026856529097e-51,0.323
Soga3,0,3.32066658997946,0.357,0.034,0,0.323
Sec14l1,8.68396910837424e-67,1.02550153052393,0.569,0.246,1.42816555956323e-62,0.323
Hnrnpa2b1,5.51750354720097e-49,0.715761309031547,0.726,0.403,9.07408633372671e-45,0.323
Ubqln2,1.2657257235708e-80,1.26918541309055,0.53,0.209,2.08161252498453e-76,0.321
Higd1a,4.63584141821446e-83,1.51437083524339,0.544,0.224,7.6241047963955e-79,0.32
Lrp2bp,0,6.87711498908523,0.323,0.003,0,0.32
Extl2,7.67357726940237e-122,1.80407865167823,0.443,0.123,1.26199651772591e-117,0.32
Srrm4,1.18794625952506e-168,2.26275328314441,0.405,0.086,1.95369641841492e-164,0.319
Camsap3,0,3.16968588417481,0.356,0.037,0,0.319
Bcl9,0,3.39690199113239,0.354,0.035,0,0.319
Smarca4,2.18759832462408e-63,1.0028199965527,0.579,0.26,3.59772420467676e-59,0.319
Zfp512b,2.08061413018168e-160,2.15235785302445,0.407,0.089,3.42177799849679e-156,0.318
Rbbp6,3.75979380652972e-72,1.14300112362829,0.539,0.222,6.18335689421878e-68,0.317
Ehmt2,8.16468569354352e-95,1.45655941103082,0.477,0.16,1.34276420916017e-90,0.317
Trim44,2.56333178961957e-68,1.08403700031658,0.554,0.238,4.21565546120835e-64,0.316
Dzip3,1.52724031357381e-274,2.90747156042902,0.364,0.048,2.51169941970349e-270,0.316
Repin1,1.91307807976274e-139,2.03194619265509,0.421,0.105,3.14624820997779e-135,0.316
Negr1,1.97488503779713e-112,1.71062649395734,0.448,0.132,3.24789593316116e-108,0.316
Fry,0,3.77369385675317,0.336,0.022,0,0.314
Rabl6,2.81171238677036e-152,2.15138905945191,0.407,0.093,4.62414219128254e-148,0.314
Elmod1,2.78425748716433e-142,2.0965480207115,0.413,0.1,4.57898986339046e-138,0.313
Synpr,2.15662292708177e-274,2.0092369537486,0.356,0.044,3.54678206587868e-270,0.312
Nr1d2,3.17727410871465e-74,1.17372867161753,0.513,0.201,5.22534499919212e-70,0.312
Atrx,1.33933167723446e-90,1.45156775848757,0.477,0.165,2.20266487637979e-86,0.312
Fam193b,8.38360910460988e-73,1.10608367599913,0.511,0.2,1.37876835334414e-68,0.311
Setbp1,6.34338819463908e-255,2.79393814429901,0.359,0.049,1.04323362249034e-250,0.31
Sptbn1,7.39563750798298e-52,0.661827647646077,0.585,0.275,1.21628654456288e-47,0.31
Slc2a3,0,3.67683231750058,0.334,0.025,0,0.309
Dpysl5,0,4.64113174818586,0.32,0.012,0,0.308
Rasl10b,6.60532861087415e-260,2.88595168962882,0.356,0.048,1.08631234334436e-255,0.308
Tsc22d1,9.43474702476983e-80,0.841932837739114,0.484,0.176,1.55163849569365e-75,0.308
Selenow,3.07740695018747e-45,0.690703508462,0.623,0.315,5.06110347027831e-41,0.308
Purb,1.21392457936983e-36,0.488392693505042,0.731,0.423,1.99642036323163e-32,0.308
Atp2a2,3.7200778863608e-51,0.822163699457116,0.616,0.309,6.11804009190897e-47,0.307
Pfkm,3.25132881039558e-234,2.74651186480458,0.359,0.053,5.34713536157657e-230,0.306
Mcu,1.85936323920802e-201,2.51429289091048,0.369,0.063,3.05790878320151e-197,0.306
Prdx2,2.12019457386615e-74,1.22305637673823,0.503,0.197,3.48687199618027e-70,0.306
Anp32a,1.87127228843686e-29,0.400094888329511,0.759,0.454,3.07749440556327e-25,0.305
Dscaml1,1.3929332111858e-52,0.845637506804913,0.575,0.27,2.29081795911617e-48,0.305
Nsd3,7.05519785700423e-63,1.03799589217818,0.543,0.239,1.16029783956292e-58,0.304
Fyn,1.07079719147643e-270,2.80429322668284,0.348,0.044,1.76103306110214e-266,0.304
Gucy1a1,2.13902239020612e-190,2.33168732818934,0.369,0.065,3.51783622293298e-186,0.304
Atp6v1g2,0,3.25511050491653,0.334,0.031,0,0.303
Akap11,3.84983068278733e-68,1.13464999966218,0.521,0.218,6.33143154091205e-64,0.303
Plpp5,1.88248421258473e-265,2.95735919852025,0.348,0.045,3.09593353601684e-261,0.303
Cacna1f,1.23101395639103e-52,0.823142724432758,0.562,0.26,2.02452555268069e-48,0.302
Dennd5b,0,3.4209758064535,0.334,0.033,0,0.301
Mdh1,1.41735495300504e-39,0.614235463133896,0.666,0.365,2.3309819557121e-35,0.301
Bclaf1,3.92198084248452e-63,1.05557086879897,0.523,0.223,6.45008969355004e-59,0.3
Zfr,2.07710708269798e-60,1.03889980324116,0.543,0.243,3.4160103082051e-56,0.3
Cln6,3.53568478552289e-243,2.82197294865234,0.349,0.049,5.81478719827094e-239,0.3
Fcho2,1.64099218594048e-158,2.27408108966663,0.38,0.08,2.69877574899772e-154,0.3
Col4a2,0,1.27817843197039,0.333,0.034,0,0.299
Zmynd11,6.73664039292631e-45,0.716704603393498,0.611,0.312,1.10790787902066e-40,0.299
Setd5,9.18131041228811e-82,1.39506134908521,0.469,0.17,1.5099583104049e-77,0.299
Ap2b1,1.28218213960132e-94,1.60643063136677,0.443,0.145,2.10867674678833e-90,0.298
Chd4,2.56997397697358e-87,1.46719143433162,0.452,0.154,4.22657920253075e-83,0.298
Zswim8,3.58747079614003e-87,1.4806503151082,0.457,0.159,5.89995447133189e-83,0.298
Idh3a,2.7748701718986e-81,1.36783800561124,0.466,0.168,4.56355148470444e-77,0.298
Mtch1,3.70149270707503e-42,0.570187982885658,0.585,0.287,6.08747490605559e-38,0.298
Lyst,1.73526868907145e-112,1.74703529976091,0.411,0.114,2.8538228860469e-108,0.297
Tial1,8.12571606877725e-78,1.33133575147482,0.47,0.173,1.33635526467111e-73,0.297
Cpeb4,2.36400244054205e-65,1.12755423716534,0.508,0.212,3.88783841371546e-61,0.296
Ppme1,1.36694001681677e-123,1.96277503064442,0.398,0.103,2.24806955165687e-119,0.295
Ssbp3,5.76067913159682e-123,1.89155592697311,0.397,0.102,9.47401289982413e-119,0.295
Gucy1b1,0,3.51813457148153,0.32,0.025,0,0.295
Igsf8,2.26593264422393e-250,2.87325851434324,0.339,0.045,3.72655282669067e-246,0.294
Cyth3,2.778614791586e-209,2.54127452271224,0.349,0.055,4.56970988624234e-205,0.294
Slc25a4,9.92193911738878e-45,0.732790664609376,0.603,0.309,1.63176210724576e-40,0.294
Blcap,4.988947231238e-89,1.49709231592043,0.438,0.145,8.20482261649402e-85,0.293
Tspyl2,6.72521202567525e-160,2.26664759275443,0.367,0.074,1.10602836974255e-155,0.293
Slc25a36,1.58682859054649e-134,2.08963292219502,0.382,0.09,2.60969830001276e-130,0.292
Tcf4,5.90065560375252e-121,1.88092115796365,0.393,0.101,9.7042182059314e-117,0.292
Pja2,2.92182929650454e-88,1.49701237760367,0.433,0.142,4.80524046103137e-84,0.291
Mark3,5.07447494886011e-76,1.28518004947024,0.457,0.166,8.34548150089533e-72,0.291
Ankrd40,1.12980860964303e-61,1.07768376447177,0.515,0.224,1.85808323941893e-57,0.291
Rai1,1.15351381797289e-146,2.15461531828884,0.372,0.081,1.89706882503822e-142,0.291
Atxn7l3b,1.21611860012227e-56,1.00549004041677,0.531,0.241,2.00002864976109e-52,0.29
Mllt6,1.27429715672165e-29,0.467178697995782,0.692,0.402,2.09570910394442e-25,0.29
Dyrk1b,2.87965967097361e-72,1.2827341559141,0.466,0.177,4.73588829488319e-68,0.289
Copa,3.07625361240745e-58,1.03170147967655,0.518,0.229,5.05920669096529e-54,0.289
Ppp2ca,1.24067655477524e-53,0.97891980500782,0.552,0.263,2.04041666198335e-49,0.289
Iglon5,0,4.31599903952666,0.302,0.013,0,0.289
Mta1,1.9429118194702e-167,2.34436141785004,0.357,0.068,3.19531277830069e-163,0.289
Nectin3,5.26964845170054e-143,1.95505411400228,0.37,0.081,8.66646384366671e-139,0.289
Tmem9,4.80287129627002e-52,0.952089699518621,0.564,0.275,7.89880213384567e-48,0.289
Cend1,0,3.25233448897267,0.32,0.032,0,0.288
Hp1bp3,3.2216267520168e-53,0.9587725515732,0.543,0.255,5.29828735636684e-49,0.288
Scg5,1.47904568873652e-39,0.626536012720492,0.598,0.31,2.43243853969607e-35,0.288
Sez6,1.40280022295023e-120,1.95641987779106,0.387,0.1,2.30704524666395e-116,0.287
Stx7,8.63864973002582e-112,1.74929131775624,0.393,0.106,1.42071233460005e-107,0.287
Tceal9,4.87834234208031e-87,1.51579940903985,0.431,0.144,8.02292181578528e-83,0.287
Srrm2,1.14574197892317e-59,1.10895808531774,0.516,0.229,1.88428725853705e-55,0.287
Ube3a,1.36912432849754e-58,1.02878781857705,0.507,0.22,2.25166187064706e-54,0.287
Fam13c,0,6.74192734572247,0.29,0.003,0,0.287
Actr10,2.53173519977631e-101,1.71327361608683,0.407,0.12,4.16369170955211e-97,0.287
Hnrnpk,6.06457823445545e-43,0.773564908751372,0.628,0.341,9.97380536438544e-39,0.287
Bex2,5.02583468548704e-193,2.54212484426441,0.343,0.057,8.26548772375199e-189,0.286
Tcp11l2,9.42021649334002e-117,1.79706341987292,0.385,0.099,1.5492488044947e-112,0.286
Wnt5a,0,3.95380904709547,0.302,0.016,0,0.286
Adamts10,8.33334763156967e-289,2.80784543712143,0.32,0.035,1.37050235148795e-284,0.285
Steap2,9.47410377003319e-259,2.99560402254124,0.326,0.041,1.55811110601966e-254,0.285
Sept3,0,4.38467971368291,0.298,0.013,0,0.285
Ncor2,2.69725310380849e-87,1.52782839720469,0.423,0.138,4.43590245452345e-83,0.285
Cnot2,5.96982426591119e-68,1.20564935849516,0.47,0.185,9.81797298771754e-64,0.285
Abhd8,2.08886174218125e-52,0.917767909928485,0.526,0.242,3.43534202119128e-48,0.284
Ttc39b,5.52512683124906e-213,2.74258863410037,0.333,0.05,9.08662358667221e-209,0.283
Zfand3,3.1924650056699e-97,1.63126974012014,0.402,0.119,5.25032794832472e-93,0.283
Mtss2,2.59045202720071e-165,2.3425284940191,0.349,0.066,4.26025740393429e-161,0.283
Bhlhb9,1.81138323168403e-155,2.28462760086937,0.354,0.071,2.97900086282755e-151,0.283
Ache,7.73327859245612e-187,2.4870761441367,0.339,0.057,1.27181499731533e-182,0.282
Lonrf2,0,3.90966896980935,0.3,0.018,0,0.282
Fam155a,0,4.49376621637021,0.293,0.011,0,0.282
Celf5,0,5.18933405018727,0.29,0.008,0,0.282
Lrit1,3.01896538193807e-37,0.649384259313094,0.598,0.316,4.96499046713535e-33,0.282
Tmem65,7.31159766616148e-201,2.59337278772801,0.334,0.053,1.20246535217692e-196,0.281
Copg1,2.43753852794039e-71,1.29959114416338,0.454,0.173,4.00877586305076e-67,0.281
Zfp280d,6.99893877231319e-74,1.33702623122281,0.443,0.163,1.15104547049463e-69,0.28
Necap1,7.03079669928931e-91,1.60342949659608,0.407,0.127,1.15628482516512e-86,0.28
Fcho1,0,3.24660737628523,0.311,0.032,0,0.279
Herc1,1.49179543846927e-82,1.49189864971344,0.42,0.141,2.45340677810657e-78,0.279
Pgk1,1.09463898662481e-58,1.16126939941848,0.505,0.226,1.80024327740317e-54,0.279
Tardbp,1.82934600578981e-57,1.08167568703534,0.495,0.216,3.00854244112192e-53,0.279
Patz1,1.96738597656829e-62,1.12605339059098,0.472,0.193,3.2355629770642e-58,0.279
Ptprr,0,7.17163826623977,0.28,0.002,0,0.278
Fam117b,1.52632026100873e-109,1.82990328297136,0.379,0.101,2.51018630125495e-105,0.278
Rogdi,1.06570585764131e-56,1.06320533393377,0.5,0.222,1.75265985347689e-52,0.278
Apcdd1,0,4.10473406827032,0.289,0.011,0,0.278
Inha,0,4.0118262573901,0.295,0.018,0,0.277
Ttc9,0,4.44384751041819,0.29,0.013,0,0.277
Fyco1,1.2490374157426e-35,0.578125706546735,0.584,0.307,2.05416693393029e-31,0.277
Ndfip1,1.55822089275465e-29,0.394793845531206,0.843,0.567,2.5626500802243e-25,0.276
Thra,6.03859401603687e-133,2.12410761695664,0.356,0.08,9.93107171877424e-129,0.276
Cep170,1.96960063010845e-157,2.31947951854489,0.341,0.066,3.23920519627636e-153,0.275
Trrap,2.28300580659726e-69,1.24493502608316,0.439,0.164,3.75463134952985e-65,0.275
Sf3b1,1.23882980587568e-44,0.819301601727757,0.549,0.274,2.03737949874315e-40,0.275
Dynlrb1,2.88398849653936e-47,0.852331834046939,0.521,0.247,4.74300748140863e-43,0.274
Pacsin1,1.15428250504105e-81,1.47426068732891,0.411,0.137,1.89833300779051e-77,0.274
Mdga1,0,6.29763197088255,0.277,0.004,0,0.273
Prr12,4.28770144804355e-88,1.5859426670969,0.395,0.123,7.05155380145242e-84,0.272
Phf14,1.22320801419192e-69,1.32234592129868,0.436,0.164,2.01168790014004e-65,0.272
Klc3,9.32205464616509e-39,0.702425063214975,0.569,0.297,1.53310510710831e-34,0.272
Tnrc18,9.82266166954123e-175,2.4717835518403,0.328,0.057,1.61543493817275e-170,0.271
Slc16a3,1.0341213805287e-106,1.72210329144717,0.37,0.099,1.70071602241751e-102,0.271
Coro2b,2.40731447528032e-75,1.44284015619142,0.42,0.149,3.95906938604602e-71,0.271
Ppm1a,1.09525426900243e-41,0.785150148199864,0.572,0.301,1.80125517080139e-37,0.271
Slc43a2,2.83362596729752e-152,2.30319020332342,0.336,0.066,4.66018126581751e-148,0.27
Micu3,1.25670930738888e-108,1.88900656052823,0.366,0.096,2.06678412693176e-104,0.27
Kdm1a,1.97508720920081e-104,1.80563805107381,0.369,0.099,3.24822842425166e-100,0.27
Tut4,1.22887043364498e-82,1.5270851979959,0.402,0.132,2.02100031517253e-78,0.27
Idh3g,1.663818068381e-67,1.30434482762075,0.438,0.168,2.73631519525939e-63,0.27
Appl1,3.26706522951347e-67,1.2815442695285,0.436,0.166,5.37301547645785e-63,0.27
Ntm,5.7882276076563e-50,0.927613565423808,0.493,0.223,9.51931912355154e-46,0.27
Fam20c,0,3.99854393777716,0.285,0.015,0,0.27
Adnp,2.65741301398325e-38,0.704004862578716,0.561,0.292,4.37038144279685e-34,0.269
Pcdhb17,3.53187963979105e-215,2.81845523206814,0.313,0.044,5.80852925560036e-211,0.269
Tmem106b,9.55132573062049e-64,1.21092713940206,0.446,0.177,1.57081102965785e-59,0.269
Luc7l2,4.603209938544e-47,0.934059154106256,0.534,0.265,7.57043906492947e-43,0.269
Ccdc171,0,4.31553704162808,0.282,0.013,0,0.269
Pam,1.1718481186583e-279,2.91964169527034,0.3,0.032,1.92722141594544e-275,0.268
U2surp,5.91731765361281e-67,1.27500060007411,0.431,0.163,9.73162061313163e-63,0.268
Mapk1,3.03614945585508e-61,1.17739485378828,0.449,0.181,4.99325139509927e-57,0.268
Uqcrfs1,2.0369993018689e-49,0.91292854146988,0.49,0.222,3.35004905185359e-45,0.268
Cpt1c,0,3.70122147286336,0.289,0.021,0,0.268
Ncdn,6.05001038985386e-130,2.12424367212976,0.343,0.076,9.94984708715365e-126,0.267
Ids,3.42440440906789e-65,1.23878076778095,0.433,0.166,5.63177549115306e-61,0.267
Dennd5a,3.87619251599715e-55,1.07009558328656,0.474,0.207,6.37478621180891e-51,0.267
Fam214a,3.5907148833278e-198,2.73441276316479,0.313,0.047,5.90528969712091e-194,0.266
Pcnx,3.92300986943386e-66,1.24978374644862,0.425,0.159,6.45178203127093e-62,0.266
Mif,6.38264584708651e-70,1.41273851457727,0.421,0.156,1.04968993601185e-65,0.265
Rnps1,1.26367831274824e-58,1.12990472190103,0.452,0.187,2.07824535314576e-54,0.265
Spag5,0,4.79305415173235,0.272,0.008,0,0.264
Tmem132e,0,7.06736422638697,0.266,0.002,0,0.264
Eif1b,6.57201484986652e-81,1.67480106754745,0.4,0.136,1.08083356220905e-76,0.264
Daam1,2.64326238599604e-76,1.526048089292,0.402,0.138,4.34710932000908e-72,0.264
Fam184b,0,4.92336164471854,0.272,0.009,0,0.263
Pcdhgc3,1.20660288688837e-79,1.54359160768386,0.393,0.13,1.98437910777661e-75,0.263
Zfp827,0,3.38550472690789,0.29,0.027,0,0.263
Tmx1,4.71702443265134e-38,0.739386923115028,0.552,0.29,7.7576183819384e-34,0.262
Mapk8ip3,1.09662489168256e-76,1.43701382936936,0.392,0.13,1.80350929686113e-72,0.262
Maco1,1.06954011639576e-75,1.45391288427119,0.398,0.136,1.75896567542446e-71,0.262
Morf4l2,7.88455723421929e-72,1.44509842953437,0.408,0.146,1.2966942827397e-67,0.262
Rbm14,4.0401799551511e-64,1.25618764869719,0.423,0.161,6.64447995424149e-60,0.262
Sept7,4.35479396277352e-56,1.0309408181371,0.449,0.187,7.16189415117732e-52,0.262
Dlg2,3.63371284020516e-186,2.60879195158977,0.31,0.049,5.97600413700141e-182,0.261
Tulp4,4.61591751723848e-97,1.71507224097828,0.361,0.1,7.5913379488504e-93,0.261
Emc1,6.25426895727088e-56,1.10440683485624,0.446,0.185,1.02857707271277e-51,0.261
Fam120c,1.93596770151532e-123,2.01451713083087,0.336,0.076,3.1838924819121e-119,0.26
Strn4,2.60775118291309e-79,1.56316185678628,0.39,0.13,4.28870759541887e-75,0.26
Taz,8.82011204916414e-75,1.42279080272663,0.393,0.133,1.45055562760553e-70,0.26
Slc30a9,6.77567658852894e-53,1.02638073519117,0.454,0.194,1.11432777174947e-48,0.26
Wbp2,8.37634681118999e-43,0.833491574142182,0.502,0.242,1.37757399656831e-38,0.26
Kmt2d,6.69934539861727e-32,0.57065357465998,0.57,0.31,1.1017743442566e-27,0.26
R3hdm2,3.63869470264369e-34,0.591861506781849,0.548,0.289,5.98419730796781e-30,0.259
Nalcn,0,5.01361639692854,0.267,0.008,0,0.259
Dzip1,1.03974629773985e-176,2.58042059862439,0.31,0.051,1.70996676126296e-172,0.259
Atp9a,5.8742329168042e-68,1.36268096562022,0.407,0.148,9.66076345497619e-64,0.259
Epha7,0,3.50574978659206,0.279,0.021,0,0.258
Mpp6,1.08116224494996e-120,1.99217047272036,0.333,0.076,1.77807942804471e-116,0.257
Bcar1,3.68175745648999e-85,1.56829847205796,0.37,0.113,6.05501831294343e-81,0.257
Ubap2l,1.02348234859961e-50,1.02823153087911,0.462,0.205,1.68321907050693e-46,0.257
Ptov1,1.60035083245174e-30,0.56062163160387,0.582,0.325,2.63193697905014e-26,0.257
Kcnip2,0,5.79833148275034,0.261,0.005,0,0.256
Trim8,3.53628109873013e-98,1.77607996172903,0.352,0.096,5.81576789497158e-94,0.256
Ogdh,6.36314024651795e-40,0.809586901375217,0.53,0.274,1.04648204494234e-35,0.256
Ank2,4.57455211166349e-20,0.291366562709715,0.649,0.393,7.52330840284177e-16,0.256
Palm,3.52180280254207e-172,2.44705005674716,0.305,0.05,5.79195688906069e-168,0.255
Kdm7a,1.79848611356346e-74,1.4618578272282,0.385,0.13,2.95779026236646e-70,0.255
Smtn,0,3.4644898747617,0.274,0.02,0,0.254
Herpud1,1.01991053987882e-79,1.32998047186281,0.37,0.116,1.67734487388471e-75,0.254
Wdr82,1.4506298273095e-75,1.51992686910125,0.382,0.128,2.3857058139932e-71,0.254
Atf7ip,2.99296389649033e-52,1.06838697822991,0.449,0.195,4.92222842416799e-48,0.254
Atp6v0d1,6.99885901493342e-44,0.885241976476969,0.482,0.228,1.15103235359595e-39,0.254
Dnajc5,1.0965112601101e-31,0.607644442616325,0.58,0.326,1.80332241837708e-27,0.254
Plcb4,4.54876213308659e-82,1.5911119319243,0.367,0.114,7.4808942040742e-78,0.253
Hmg20a,1.4020041389027e-65,1.32716437284099,0.4,0.147,2.30573600683937e-61,0.253
Per1,5.2492455836696e-55,1.04274021422226,0.43,0.177,8.63290928690302e-51,0.253
Hnrnpr,3.15641426059914e-45,0.905067331198063,0.472,0.219,5.19103889298134e-41,0.253
Lynx1,0,3.58784211431111,0.274,0.022,0,0.252
Cttnbp2,3.31072877035037e-222,2.95495987256508,0.289,0.037,5.44482453571822e-218,0.252
Zfp414,1.60036350151802e-102,1.91642245649556,0.341,0.089,2.63195781459654e-98,0.252
Bsg,2.73032429871145e-16,-0.390079193084724,0.574,0.322,4.49029134166084e-12,0.252
Pcdhgc4,5.88949512416465e-271,3.12728082075147,0.28,0.029,9.68586368120119e-267,0.251
Chst2,1.27707809436808e-240,2.96546949669362,0.285,0.034,2.10028263399775e-236,0.251
Hmgb3,7.44354961291392e-118,2.09987066685406,0.326,0.075,1.22416616933982e-113,0.251
Vapa,2.11566942962656e-108,1.99053320859614,0.334,0.083,3.47942994396383e-104,0.251
Narf,3.1271607534864e-76,1.59238901618586,0.377,0.126,5.14292857518373e-72,0.251
Pfkl,1.35016240828966e-30,0.611073089228098,0.603,0.352,2.22047709667318e-26,0.251
Adam1a,3.44330713496657e-152,2.36362394864228,0.305,0.055,5.66286291416602e-148,0.25
C1qtnf12,1.1250367478818e-102,1.89377168317937,0.336,0.086,1.85023543556641e-98,0.25
Vma21,7.05270518681492e-98,1.82213307669296,0.341,0.091,1.15988789502358e-93,0.25
Cltc,4.51960657899546e-44,0.921331199264076,0.475,0.225,7.43294497981593e-40,0.25
Ndufc2,8.42103941138783e-40,0.727541811475942,0.475,0.225,1.38492414159684e-35,0.25
Kdm2a,1.68039352378557e-30,0.574894153734366,0.548,0.299,2.76357518921774e-26,0.249
Speg,2.6652284524412e-260,3.16343327911642,0.279,0.03,4.38323471288479e-256,0.249
Map2k7,2.83589577597865e-46,0.968624421862232,0.464,0.215,4.66391419317449e-42,0.249
Cfl1,4.82519030417386e-40,0.551965271359737,0.457,0.208,7.93550797424433e-36,0.249
Dcaf11,1.81672347316942e-53,1.13898695629565,0.43,0.181,2.98778342397443e-49,0.249
Parp6,3.9956536763209e-82,1.56329268124835,0.354,0.106,6.57125203607735e-78,0.248
Gtpbp1,7.22170308349711e-40,0.839030827001535,0.497,0.249,1.18768128911193e-35,0.248
Ddhd2,1.15277953796259e-235,3.06738281410516,0.28,0.033,1.89586122813327e-231,0.247
Zer1,2.98833802353515e-61,1.27232632738923,0.397,0.15,4.91462071350591e-57,0.247
Hnrnpul2,1.47201124269535e-44,0.93219631271179,0.461,0.214,2.42086968973677e-40,0.247
Rph3a,0,4.77290828905563,0.254,0.007,0,0.247
Fscn1,7.85182195730536e-131,2.0506800518621,0.31,0.063,1.29131063909844e-126,0.247
Stx12,1.4618337923508e-71,1.45829603528156,0.372,0.125,2.40413185490013e-67,0.247
Igip,1.14156194567802e-69,1.38912202692284,0.375,0.128,1.87741277586206e-65,0.247
Nacad,5.03457709812179e-232,2.97008561275024,0.279,0.033,8.27986549557109e-228,0.246
Acap3,5.88057326375965e-152,2.4072684390616,0.3,0.054,9.67119078957911e-148,0.246
Abi2,1.97636494235683e-65,1.37599498894279,0.385,0.139,3.25032978420004e-61,0.246
Armcx2,3.31491088931916e-175,2.64674896773548,0.29,0.045,5.45170244857429e-171,0.245
Pank3,3.46387703145115e-82,1.72491562574417,0.354,0.109,5.69669216592456e-78,0.245
Micu1,5.22143025172207e-87,1.74538813972809,0.343,0.099,8.58716419198212e-83,0.244
Selenon,6.84286036323465e-164,2.55544800996998,0.292,0.048,1.12537681533757e-159,0.244
Hdac9,2.13618865848326e-108,1.96360396697433,0.32,0.076,3.51317586774157e-104,0.244
Nsd2,5.8106265729207e-75,1.50640295183774,0.359,0.115,9.55615646182538e-71,0.244
Plekha1,1.12735064630905e-67,1.3932418094412,0.374,0.13,1.85404087291986e-63,0.244
Zfp106,1.27036203564832e-47,0.985306061108477,0.434,0.19,2.08923740382723e-43,0.244
Cope,4.02426729971574e-46,0.981249561258913,0.443,0.199,6.61831000111251e-42,0.244
Paip2,8.6201006129528e-36,0.730174536370471,0.503,0.259,1.41766174680622e-31,0.244
Pde4a,0,4.55097061793284,0.254,0.011,0,0.243
Rnf38,4.38370822380434e-107,2.03880716984725,0.321,0.078,7.20944654486861e-103,0.243
Canx,2.18011107731817e-38,0.775750723283092,0.472,0.229,3.58541067775746e-34,0.243
Ralgapa1,4.30627554026823e-43,0.919140181042414,0.454,0.212,7.08210075352513e-39,0.242
Slc25a23,1.05809291211248e-40,0.850861717275634,0.466,0.224,1.74013960326018e-36,0.242
Birc6,1.14101890575272e-47,1.02637128155985,0.43,0.188,1.87651969240092e-43,0.242
Mprip,2.38896134425694e-39,0.778959370855091,0.47,0.228,3.92888582676496e-35,0.242
Napa,1.41319791729636e-41,0.916268872097594,0.467,0.226,2.32414529478559e-37,0.241
Tmem130,0,4.43025077754751,0.251,0.01,0,0.241
Hnrnpd,2.40495895773967e-51,1.13067712592083,0.415,0.174,3.95519550189866e-47,0.241
Dnajc7,1.23951183830966e-47,1.04157748992784,0.431,0.19,2.03850116928406e-43,0.241
Aagab,4.3924228994644e-52,1.12223101328474,0.411,0.17,7.22377870045915e-48,0.241
Nono,1.42976467133126e-38,0.818886580142505,0.474,0.233,2.35139097847139e-34,0.241
Bex4,1.81937878536058e-299,3.34925765947208,0.264,0.024,2.99215035040401e-295,0.24
Scn8a,3.03582338498816e-79,1.59634239964022,0.344,0.105,4.99271513895154e-75,0.239
March7,2.55624634711302e-48,1.06077604767786,0.426,0.187,4.20400274246207e-44,0.239
Rab18,1.05433311283281e-37,0.791862340148989,0.475,0.236,1.73395623736483e-33,0.239
Atp6v1g1,9.781925780138e-32,0.633204424661373,0.51,0.271,1.60873551380149e-27,0.239
Prpf4b,1.15738045861364e-39,0.859689568634356,0.459,0.221,1.903427902236e-35,0.238
Itpk1,2.07642131904319e-46,1.041340357309,0.428,0.19,3.41488250129843e-42,0.238
Chpf,5.34051778808732e-121,2.12499455212883,0.3,0.063,8.7830155542884e-117,0.237
Tpd52,1.28906640825509e-68,1.48588378595806,0.359,0.122,2.11999861501633e-64,0.237
Atp6ap1,1.77752210029251e-28,0.526648894308406,0.515,0.278,2.92331284614106e-24,0.237
Pcdhb20,3.06163223868584e-153,2.46360821143773,0.285,0.049,5.03516037974273e-149,0.236
Mapk8,5.17197702987345e-106,2.06156645725297,0.31,0.074,8.50583342332987e-102,0.236
Pogz,2.35398579545695e-73,1.56470392571515,0.349,0.113,3.87136503920849e-69,0.236
Rab1a,3.85334199922868e-26,0.521575264877547,0.557,0.322,6.33720625193149e-22,0.235
Adprh,2.50753961268466e-55,1.21192556879714,0.384,0.149,4.12389964702119e-51,0.235
Chn1,5.93563855231859e-107,2.06105828710299,0.307,0.072,9.76175116314316e-103,0.235
Braf,2.84305712825832e-59,1.31445869689481,0.374,0.139,4.67569175313363e-55,0.235
Magee1,1.90009302014328e-190,2.77038677247781,0.272,0.038,3.12489298092764e-186,0.234
Rab6b,1.29415635837698e-55,1.25870561121721,0.385,0.151,2.12836954698679e-51,0.234
Lrba,1.18955475209172e-52,1.16164653530243,0.393,0.159,1.95634174529004e-48,0.234
Mbd5,2.06779251625329e-97,1.90373520048437,0.313,0.079,3.40069157223016e-93,0.234
Cntn1,7.61111875450391e-193,2.34091940634768,0.269,0.036,1.25172459036571e-188,0.233
Parp8,2.05682625474984e-190,2.72210082895344,0.27,0.037,3.38265645856158e-186,0.233
Ttbk1,2.83218475881525e-273,3.22428006408374,0.256,0.024,4.65781105434756e-269,0.232
Stk25,2.14652323025642e-39,0.870608324589969,0.443,0.211,3.53017210447971e-35,0.232
Lasp1,2.39308362593778e-122,2.31778563560857,0.292,0.06,3.93566533121728e-118,0.232
Selenom,2.43460275912149e-145,2.3117107055099,0.28,0.049,4.00394769765121e-141,0.231
Mrfap1,1.03244354331229e-40,0.937767646809722,0.438,0.207,1.6979566513314e-36,0.231
Pura,2.19625618143532e-36,0.814089314322675,0.459,0.228,3.61196291598853e-32,0.231
Spen,1.5689380841197e-63,1.39632759738791,0.354,0.123,2.58027557314326e-59,0.231
Sumo1,5.46244771242466e-46,1.0765892562907,0.416,0.185,8.98354150785359e-42,0.231
Rnf14,7.45668156020989e-41,0.918110591087199,0.434,0.203,1.22632584939212e-36,0.231
Csnk1e,2.81522251509122e-70,1.53887504471691,0.341,0.111,4.62991494831903e-66,0.23
Rasa1,7.42915110439431e-70,1.50464439362911,0.341,0.111,1.22179819062869e-65,0.23
Snap47,7.18765166536929e-81,1.74241204085247,0.325,0.095,1.18208119288663e-76,0.23
Usp34,7.88304570281885e-38,0.840428349845085,0.446,0.216,1.29644569628559e-33,0.23
Smarca2,1.69055649834392e-45,1.02704485023832,0.41,0.18,2.7802892171764e-41,0.23
Apbb1,2.40016267956015e-31,0.69799383845291,0.505,0.275,3.94730754280463e-27,0.23
Lingo3,6.52609758475081e-88,1.77801551087017,0.313,0.084,1.07328200878812e-83,0.229
Ogdhl,1.23292926817504e-59,1.34793226200551,0.359,0.131,2.02767547444068e-55,0.228
Rbbp4,5.47637896712753e-41,0.954099133464667,0.431,0.203,9.00645284933794e-37,0.228
Msl1,6.09611037538507e-72,1.56676569591401,0.331,0.104,1.00256631233583e-67,0.227
Pcdhb16,2.53377921071939e-269,3.37745286603832,0.251,0.024,4.1670532899491e-265,0.227
Supt20,2.4947298425155e-52,1.18962096448341,0.374,0.147,4.10283269900099e-48,0.227
Snx32,4.14925399283423e-101,1.98293544522626,0.297,0.07,6.82386311661518e-97,0.227
Vegfa,4.54812018540065e-57,0.524778364429837,0.352,0.125,7.47983845690991e-53,0.227
Nbea,4.60367586225614e-42,0.974985279117557,0.42,0.193,7.57120532306644e-38,0.227
Ubr5,1.62103364842393e-33,0.745493173652877,0.472,0.245,2.665951938198e-29,0.227
Atp6v0b,5.81490893499486e-22,0.443794611159194,0.59,0.363,9.56319923449254e-18,0.227
Rbm5,1.34829002614893e-32,0.727966623297704,0.466,0.24,2.21739777700453e-28,0.226
Baz2a,6.07010167854345e-51,1.18781440431773,0.377,0.151,9.98288922053257e-47,0.226
Pcm1,8.63216230258812e-37,0.816862769279559,0.436,0.21,1.41964541228364e-32,0.226
Rab2a,2.38255839472744e-34,0.757359616753886,0.454,0.228,3.91835553596875e-30,0.226
Ccdc88a,2.25531344604009e-94,1.90727580008015,0.303,0.077,3.70908849335753e-90,0.226
Osbpl9,4.52220180020037e-64,1.46872933466148,0.346,0.12,7.43721308060954e-60,0.226
Tia1,2.86385865328569e-57,1.29458038129557,0.357,0.131,4.70990194119365e-53,0.226
Bmpr2,1.38775557049721e-41,0.910654143554962,0.411,0.185,2.28230281123971e-37,0.226
Tcf25,7.26899305093943e-32,0.705594700723056,0.474,0.248,1.1954585971575e-27,0.226
Cldn12,1.39000012221943e-93,1.87572922135549,0.3,0.075,2.28599420100208e-89,0.225
Hnrnpm,6.99046762828507e-25,0.554340915310825,0.572,0.347,1.14965230614776e-20,0.225
Ik,1.73819175571643e-38,0.919284620897898,0.434,0.21,2.85863016145124e-34,0.224
Pdxk,1.08395186350892e-94,1.9015482363513,0.297,0.073,1.78266723472677e-90,0.224
Slc17a7,6.02082991086318e-06,-0.826786434682647,0.866,0.642,0.0990185687140559,0.224
Cdk5r1,1.73538610771776e-140,2.41199341482004,0.27,0.047,2.85401599275264e-136,0.223
Pafah1b2,1.14709921050229e-37,0.90284386992082,0.433,0.21,1.88651936159206e-33,0.223
Hspa8,1.18215027068244e-17,0.273963732260545,0.618,0.395,1.94416433516434e-13,0.223
Ank,1.74133764457272e-65,1.53325253800047,0.333,0.111,2.86380389026429e-61,0.222
Rnasek,3.83420983273174e-36,0.842012512725424,0.428,0.207,6.30574149091062e-32,0.221
Cetn3,2.73305915335138e-58,1.40204066397666,0.349,0.128,4.49478908360168e-54,0.221
Sh3bgrl2,2.50736153244823e-42,1.01690409277832,0.398,0.178,4.12360677626436e-38,0.22
Tecr,2.65621448191851e-25,0.559636463599114,0.521,0.301,4.36841033696318e-21,0.22
Zgpat,6.83798568095398e-47,1.10942597625378,0.375,0.155,1.12457512508969e-42,0.22
Stxbp1,0.0587412124775145,-0.51519864857761,0.797,0.578,1,0.219
Fbxo25,4.65541906484673e-135,2.4334289077323,0.267,0.048,7.65630219404693e-131,0.219
Lrrc24,1.23232736576614e-127,2.32180481334123,0.27,0.051,2.02668558573899e-123,0.219
Chd9,4.38948726763658e-44,1.08320737551216,0.39,0.171,7.21895076035512e-40,0.219
Taok1,5.30331851631858e-36,0.857727349818076,0.426,0.207,8.72183763193754e-32,0.219
Nktr,2.96024561955534e-32,0.735465396603165,0.446,0.227,4.86841994592071e-28,0.219
Pcdhb18,1.53456358983934e-145,2.51925923261356,0.262,0.044,2.52374327984978e-141,0.218
Zfp292,9.46577060567607e-41,0.987560954289207,0.397,0.179,1.55674063380949e-36,0.218
Per2,1.66869606504243e-165,2.63281866974426,0.256,0.038,2.74433754856878e-161,0.218
Prrt1,6.95187880032723e-139,2.41992045307585,0.262,0.045,1.14330598750182e-134,0.217
Mbd6,4.82571601425755e-105,2.10080585375217,0.279,0.062,7.93637255704797e-101,0.217
Csnk1g3,1.7430259522364e-56,1.35235689813097,0.341,0.124,2.86658048104799e-52,0.217
Map1lc3a,2.74764084733309e-22,0.384185228384895,0.5,0.283,4.518770137524e-18,0.217
Fbxo21,3.9153874898799e-69,1.57258964127214,0.316,0.099,6.43924626585649e-65,0.217
Hnrnph2,3.76594955674372e-46,1.14811392741905,0.375,0.158,6.19348064102072e-42,0.217
Frmpd1,8.58097645373521e-34,0.816503411273666,0.438,0.221,1.41122738758129e-29,0.217
Cblb,1.34442177775775e-136,2.39094524061297,0.262,0.046,2.2110360557004e-132,0.216
Tbcel,3.0169084838789e-62,1.47174552199094,0.326,0.11,4.96160769258724e-58,0.216
Unc80,5.64723015723894e-91,1.92717154265527,0.287,0.071,9.28743471659516e-87,0.216
Timm8b,1.93906723321418e-51,1.27085218089456,0.354,0.138,3.18898997174405e-47,0.216
Fus,3.32730283294704e-27,0.6278955171433,0.482,0.266,5.4720822390647e-23,0.216
Ralgds,8.18766239870329e-121,2.31854530263677,0.266,0.051,1.34654295809074e-116,0.215
Csnk1a1,4.93350386125545e-46,1.16761923746598,0.372,0.157,8.11364045022071e-42,0.215
Dpf2,1.69367869570794e-57,1.44066531625863,0.334,0.12,2.78542398296128e-53,0.214
Kdm4b,1.90706961068162e-57,1.4113004761521,0.333,0.119,3.13636668172699e-53,0.214
Kdm4a,1.59455607882407e-55,1.30319471975301,0.334,0.12,2.62240692723407e-51,0.214
Chd6,2.64337067645278e-55,1.34103170245738,0.338,0.124,4.34728741449424e-51,0.214
Xpo1,5.52706424562951e-30,0.681345444353792,0.452,0.238,9.08980985836229e-26,0.214
Cmip,1.79130173656097e-64,1.4709631825748,0.315,0.101,2.94597483594818e-60,0.214
Ice1,6.83172713783598e-64,1.47588713995401,0.315,0.102,1.1235458450885e-59,0.213
Mocs2,2.80899786702838e-51,1.19647897465287,0.341,0.128,4.61967789211488e-47,0.213
Cisd1,6.96532901994478e-43,1.0620767251004,0.374,0.161,1.14551801062012e-38,0.213
Ranbp2,1.19334342529801e-27,0.664581649139275,0.466,0.254,1.96257259724511e-23,0.212
Pum2,1.83047174131475e-26,0.626435282018842,0.48,0.268,3.01039382576624e-22,0.212
Nptn,4.18135743825589e-26,0.621043908634134,0.479,0.267,6.87666044295564e-22,0.212
Caskin1,7.96577000767317e-139,2.44749817196671,0.254,0.043,1.31005053546193e-134,0.211
Mxra7,4.59036097445658e-55,1.35390616305015,0.331,0.12,7.54930765859130e-51,0.211
Mpc1,5.28094698634485e-53,1.26576060327786,0.333,0.122,8.68504541374273e-49,0.211
Dhx36,8.23404586222796e-38,0.923946374529682,0.39,0.179,1.35417118250201e-33,0.211
Ncoa1,1.08460745086275e-29,0.726998590985125,0.446,0.235,1.78374541368888e-25,0.211
Tob1,1.81601588235079e-26,0.62942295711416,0.51,0.299,2.98661972011412e-22,0.211
Trim35,1.22064357616758e-50,1.27062604612568,0.341,0.131,2.0074704253652e-46,0.21
Wsb1,9.48637859995778e-44,0.8794639971786,0.354,0.144,1.56012982454906e-39,0.21
Glg1,5.25683200722762e-30,0.760011033730745,0.444,0.234,8.64538591908655e-26,0.21
Comt,3.4485526282168e-74,1.74504018917451,0.295,0.085,5.67148965236534e-70,0.21
Ckap5,2.28891184495276e-33,0.81304112343054,0.413,0.203,3.7643444202093e-29,0.21
Tsn,4.80727593393272e-48,1.18722920232466,0.343,0.134,7.90604600094575e-44,0.209
Maz,6.98834027187817e-39,0.993505403939116,0.384,0.175,1.14930244111308e-34,0.209
Ap3m2,3.92744753216535e-75,1.74809365966566,0.292,0.083,6.45908021139913e-71,0.209
Fto,7.4840594762402e-34,0.843910626037415,0.407,0.198,1.23082842146246e-29,0.209
Papola,9.38914483901054e-25,0.606713814581738,0.5,0.292,1.54413876022367e-20,0.208
Crebzf,2.87395183906471e-42,1.13221873573713,0.366,0.158,4.72650119452583e-38,0.208
Ube2r2,2.63186721471533e-37,0.964098108099656,0.385,0.178,4.32836882132084e-33,0.207
Atp6v1d,9.44578586628405e-36,0.91100820744193,0.392,0.185,1.55345394356908e-31,0.207
Sfswap,4.55171646649035e-42,1.08503499903413,0.362,0.155,7.48575290079003e-38,0.207
Zfp462,5.66996013174557e-41,1.07261625184833,0.37,0.163,9.32481643266877e-37,0.207
Epc1,2.04784853273107e-22,0.488017337843816,0.482,0.275,3.36789169692951e-18,0.207
Kctd2,2.4721063486518e-66,1.7177461546888,0.3,0.094,4.06562610099275e-62,0.206
Fyttd1,2.25854234745486e-46,1.19503134438776,0.341,0.136,3.71439874462427e-42,0.205
Crtc1,1.81081060647459e-103,2.18483913433631,0.259,0.055,2.97805912340811e-99,0.204
Atg3,1.78864402549629e-53,1.36714781836797,0.318,0.114,2.9416039643312e-49,0.204
Wdfy3,2.8727494228433e-20,0.424302293555851,0.502,0.298,4.72452370080808e-16,0.204
Sqstm1,7.49371351873695e-60,1.01670037256645,0.3,0.096,1.23241612529148e-55,0.204
Ccnc,1.14853394687581e-56,1.4065706757967,0.307,0.104,1.88887892903196e-52,0.203
Gatad2b,2.71958867510755e-35,0.924219329567085,0.382,0.179,4.47263553508188e-31,0.203
Dhx9,7.0803617401704e-25,0.597638742127165,0.452,0.249,1.16443629178842e-20,0.203
Suz12,2.33188191416715e-29,0.720928338686803,0.418,0.215,3.8350129960393e-25,0.203
Oga,3.96987427353521e-29,0.727181265308629,0.423,0.22,6.52885523025601e-25,0.203
Ipo13,1.09505919755233e-56,1.4649352057586,0.307,0.105,1.80093435629456e-52,0.202
Lrch4,5.67097164749374e-32,0.814382642238026,0.389,0.188,9.32647997146821e-28,0.201
Mecp2,1.6273189605243e-42,1.13653139080404,0.346,0.145,2.67628876247827e-38,0.201
Kif21a,1.66518766016327e-38,0.993815549891329,0.359,0.158,2.73856762590452e-34,0.201
Brwd1,1.22058892879147e-29,0.728397322470757,0.408,0.207,2.00738055229046e-25,0.201
Plekhn1,1.72027470870541e-47,1.20195445495347,0.326,0.126,2.82916378593692e-43,0.2
Kmt2e,3.37815617719442e-30,0.765118098161116,0.403,0.203,5.55571564901395e-26,0.2
Srcap,6.68698224100775e-26,0.679039961452237,0.441,0.241,1.09974109935614e-21,0.2
Prrc2c,5.83175499368911e-21,0.499786293221465,0.492,0.292,9.59090426262111e-17,0.2
Camk1d,7.82722595092928e-17,0.318029961589554,0.508,0.308,1.28726557988983e-12,0.2
Atp6v1c1,2.00086347168031e-40,1.05081645164036,0.349,0.149,3.29062006552543e-36,0.2
Fbxo11,1.83407654108865e-39,1.07457445272946,0.356,0.156,3.01632227947439e-35,0.2
Hprt,9.50289560887543e-28,0.721773974612164,0.433,0.233,1.56284621183565e-23,0.2
Hsbp1,5.71055589516223e-26,0.636321302549958,0.434,0.234,9.3915802251838e-22,0.2
Eif4g3,8.11806822391178e-23,0.55495647932108,0.474,0.274,1.33509750010453e-18,0.2
Maged2,1.05362041587883e-94,1.85433232396963,0.256,0.057,1.73278413595432e-90,0.199
Tomm40l,1.34371971009222e-73,1.74579257252449,0.274,0.075,2.20988143521766e-69,0.199
Ttc4,5.10135278828602e-70,1.76827178318925,0.279,0.08,8.38968479561518e-66,0.199
G3bp2,2.85576348853281e-37,1.03741008175541,0.367,0.168,4.69658863324106e-33,0.199
Etnk1,9.77301561978207e-16,0.328334058690334,0.549,0.351,1.60727014882936e-11,0.198
Pja1,1.87459939084326e-75,1.8596963746504,0.272,0.074,3.08296615818083e-71,0.198
Ube2e1,2.20300626294065e-75,1.79620440670567,0.272,0.074,3.62306410003219e-71,0.198
Hdgfl3,3.2761934630731e-41,1.02658864440706,0.336,0.138,5.38802776937001e-37,0.198
Pnrc1,1.4303570306853e-16,0.302950757822162,0.518,0.32,2.35236517266504e-12,0.198
Trim9,3.4931229519433e-73,1.71698944397257,0.272,0.075,5.74479000676595e-69,0.197
Cdk16,1.5106980504406e-34,0.916122837879886,0.37,0.173,2.48449401375461e-30,0.197
Morf4l1,2.311647652406e-26,0.703460686222923,0.433,0.236,3.80173572914691e-22,0.197
Rbm6,2.60420804091377e-32,0.86943198983639,0.379,0.183,4.28288054408679e-28,0.196
Cdc37l1,2.87652070259983e-29,0.777152983916418,0.397,0.201,4.73072594749568e-25,0.196
Sdhc,1.68547026801281e-25,0.670358758039355,0.439,0.243,2.77192440277386e-21,0.196
Rnf181,2.43832196389512e-39,1.1024727187976,0.343,0.148,4.01006430182192e-35,0.195
Rybp,2.93474088720545e-69,1.75967230197869,0.274,0.079,4.82647486309808e-65,0.195
Sfxn3,4.91738484773334e-44,1.22015156263781,0.326,0.131,8.08713112058226e-40,0.195
Eif4e,2.67017673524956e-32,0.874400713976681,0.375,0.18,4.39137265879142e-28,0.195
Arf3,2.32889480162388e-28,0.78283613593507,0.402,0.208,3.83010039075063e-24,0.194
Usp2,2.51754340869479e-41,1.13678516819917,0.33,0.136,4.14035188993945e-37,0.194
U2af2,2.36541836403751e-22,0.540550844414518,0.444,0.25,3.89016704149608e-18,0.194
Tnk2,4.29210424890857e-60,1.52197346156742,0.284,0.09,7.05879464775503e-56,0.194
Ulk1,1.77613523469299e-43,1.19739546109437,0.32,0.127,2.92103200697609e-39,0.193
Cdc42,4.82823403330311e-32,0.854683292948874,0.366,0.173,7.94051369117029e-28,0.193
Strn3,3.15189718811395e-30,0.818729855976335,0.384,0.191,5.18361011557221e-26,0.193
Skp1a,2.26302299951732e-36,1.02474000370432,0.352,0.159,3.72176762500618e-32,0.193
Reep2,6.96074953523609e-61,1.59063743843228,0.279,0.087,1.14476486856493e-56,0.192
Myo6,2.96343989003173e-66,1.5809270908997,0.269,0.077,4.87367324314618e-62,0.192
Rab6a,3.83101969821228e-32,0.920704335767149,0.374,0.182,6.30049499567991e-28,0.192
Ube2d2a,8.98603725846975e-20,0.500472857933627,0.479,0.287,1.47784368752793e-15,0.192
Usp7,7.41382381407221e-34,0.94683627814922,0.361,0.169,1.21927746446231e-29,0.192
Atp6v1h,7.47920475668329e-33,0.873456968427772,0.362,0.17,1.23003001428413e-28,0.192
Rmnd5a,2.733111655155e-27,0.766922315568721,0.407,0.215,4.49487542806792e-23,0.192
Ehbp1,2.49367438201664e-60,1.61760448603255,0.279,0.088,4.10109688866456e-56,0.191
Cdc42bpa,3.86904685764642e-42,1.20285646437843,0.323,0.132,6.3630344620853e-38,0.191
Rpgr,5.44525728004472e-30,0.731904989884401,0.369,0.178,8.95527012276155e-26,0.191
Pitpna,7.7250174370148e-22,0.472344694501935,0.426,0.235,1.27045636769145e-17,0.191
Mtss1,3.96247614982527e-53,1.42583009889374,0.289,0.098,6.51668827600265e-49,0.191
Dtx3,3.23564832746567e-24,0.63603958045417,0.425,0.234,5.32134723935004e-20,0.191
Pdk1,1.07360703092617e-70,1.80410633698236,0.262,0.072,1.76565412306118e-66,0.19
Srrm3,1.07534439985197e-48,1.31698572259776,0.298,0.108,1.76851139999655e-44,0.19
Socs7,2.61613321113313e-45,1.25003294508626,0.307,0.117,4.30249267902954e-41,0.19
Ccnt2,2.84873091410433e-40,1.17333391740833,0.326,0.136,4.68502286133597e-36,0.19
Pi4ka,4.73420403301973e-40,1.16115264196475,0.328,0.138,7.78587195270425e-36,0.19
Stip1,4.36669066332067e-39,1.06643860162383,0.328,0.138,7.18145946489717e-35,0.19
Lin7c,3.19384402117766e-20,0.486686851491954,0.456,0.266,5.25259587722878e-16,0.19
Ip6k1,7.05277032953652e-16,0.336855239628351,0.51,0.32,1.15989860839558e-11,0.19
Arid1b,1.05536927097444e-33,0.985331516538519,0.356,0.166,1.73566030304457e-29,0.19
Ahdc1,3.11757106070891e-38,1.09859169155547,0.33,0.141,5.12715736644187e-34,0.189
Egln1,2.99636924907652e-29,0.947582652524302,0.402,0.213,4.92782886703124e-25,0.189
Mib1,1.28804089762356e-26,0.720707870709786,0.395,0.206,2.1183120602317e-22,0.189
Slc9a7,3.12619752224796e-59,1.53327075300914,0.274,0.085,5.141344445089e-55,0.189
Klhl9,1.92801405293048e-30,0.888997355528277,0.379,0.19,3.17081191144946e-26,0.189
Mgrn1,1.52743502587995e-37,1.06373103281077,0.331,0.143,2.51201964356216e-33,0.188
Cbx4,6.38419150774991e-75,1.76043596329529,0.254,0.066,1.04994413536455e-70,0.188
D16Ertd472e,9.66033046332625e-44,1.25964676888881,0.31,0.122,1.58873794799864e-39,0.188
Ubr4,1.24385032907162e-29,0.841186526148146,0.372,0.184,2.04563625119119e-25,0.188
Atp6ap2,1.89111708074789e-19,0.433895344750637,0.444,0.256,3.11013115099798e-15,0.188
Nf2,1.6115768804628e-36,1.08880851871875,0.336,0.149,2.65039933760913e-32,0.187
Klhl11,1.21305603967878e-44,1.26636350685465,0.302,0.115,1.99499196285571e-40,0.187
Blmh,1.15948523393794e-40,1.13514773102155,0.316,0.129,1.90688941573433e-36,0.187
Nf1,3.57631766633368e-29,0.814135388056919,0.369,0.182,5.88161203405237e-25,0.187
Snrnp70,3.85440186874485e-26,0.711995841307125,0.392,0.206,6.33894931333777e-22,0.186
Fbxo3,1.68265189521881e-44,1.27576242071286,0.302,0.116,2.76728930687686e-40,0.186
Ylpm1,1.40502387882313e-37,1.06214709814747,0.323,0.137,2.31070227111252e-33,0.186
Ttyh3,5.40097878540805e-51,1.23487422151385,0.282,0.096,8.88244971048208e-47,0.186
Gdi2,8.15756683327522e-32,0.880853882636089,0.349,0.163,1.34159344140044e-27,0.186
Smc5,3.54936320894592e-36,1.06373838149655,0.331,0.146,5.83728273343246e-32,0.185
Ppm1d,2.26353643187473e-38,1.11068231823811,0.32,0.135,3.72261201586119e-34,0.185
Uba2,2.90457656211949e-29,0.857589535902565,0.369,0.184,4.77686661406171e-25,0.185
Pithd1,4.11347188731429e-34,0.996110833973998,0.336,0.152,6.76501586587708e-30,0.184
Fam78b,1.0332800916286e-43,1.27859749052967,0.3,0.116,1.69933243869239e-39,0.184
Arhgef7,1.55459621316791e-37,1.06462631695245,0.318,0.134,2.55668893217594e-33,0.184
Cfdp1,1.99059133885712e-36,1.03954337456077,0.323,0.139,3.27372651588442e-32,0.184
Safb2,2.66929256174358e-29,0.827051528887243,0.359,0.175,4.3899185470435e-25,0.184
Btbd1,3.31676624475185e-28,0.78638674687649,0.37,0.186,5.45475376611889e-24,0.184
Mapk1ip1,1.05255825869911e-48,1.36163834754776,0.284,0.1,1.73103731225656e-44,0.184
Anapc11,4.24727742847437e-32,0.94360559819171,0.349,0.165,6.98507245886894e-28,0.184
Specc1l,6.59338612193275e-46,1.31680503584991,0.289,0.106,1.08434828161306e-41,0.183
Vps13d,2.99220261380556e-38,1.11842730928579,0.315,0.132,4.92097641866463e-34,0.183
Bag6,4.70716750532613e-26,0.733617453580542,0.382,0.199,7.74140767925936e-22,0.183
Khsrp,3.01529598839419e-21,0.570010533894335,0.423,0.24,4.95895578251309e-17,0.183
Bmi1,7.33112546291919e-31,0.874940649061153,0.343,0.161,1.20567689363169e-26,0.182
Grsf1,1.00271261760854e-38,1.14273164359465,0.311,0.129,1.649061170919e-34,0.182
Zc3h7b,1.85963830462356e-38,1.11962258017338,0.31,0.128,3.0583611557839e-34,0.182
Wdr33,4.00379156841827e-25,0.687277941262215,0.382,0.2,6.58463561342069e-21,0.182
Spop,6.18084462049361e-21,0.526393363492605,0.42,0.238,1.01650170628638e-16,0.182
Dmxl2,2.54542517679834e-15,0.357683464478666,0.487,0.305,4.18620624576255e-11,0.182
Usf2,3.19160746648461e-22,0.595476094534781,0.411,0.229,5.24891763938059e-18,0.182
Eef2,1.07213815581068e-21,0.561509487472904,0.416,0.234,1.76323841104624e-17,0.182
Stox2,5.01022520332695e-55,1.52664207478029,0.267,0.086,8.23981636939151e-51,0.181
Aldoc,1.49448072370557e-26,0.782025414330028,0.398,0.217,2.45782299820619e-22,0.181
Sf3b2,8.88125116684421e-18,0.458753366638818,0.469,0.288,1.4606105668992e-13,0.181
Lrit2,1.41028294699994e-13,0.273398093990304,0.49,0.309,2.3193513346361e-09,0.181
Akap8l,2.4295320104542e-29,0.821780653411685,0.349,0.168,3.99560834439298e-25,0.181
Ppia,6.64536536246741e-49,1.37424434294411,0.275,0.095,1.09289678751139e-44,0.18
Ube2b,2.64932151711121e-23,0.645549931414386,0.392,0.212,4.3570741670411e-19,0.18
Tpst1,1.86604572983549e-54,1.50152137888494,0.264,0.084,3.06889880728745e-50,0.18
Zfp687,1.48701448074642e-37,1.13096963646837,0.31,0.13,2.44554401503556e-33,0.18
Cisd2,1.63481014214116e-26,0.78337665818766,0.372,0.192,2.68860875976536e-22,0.18
Nedd8,7.14023175245249e-25,0.690010677902551,0.377,0.197,1.17428251400834e-20,0.18
Hnrnpa1,9.79785869315111e-30,0.888742529675413,0.348,0.168,1.61135584067563e-25,0.18
Pafah1b1,5.85973801908074e-33,1.00417372221968,0.326,0.148,9.63692514618018e-29,0.178
Acsl3,2.96113999685568e-28,-0.333145976289886,0.334,0.156,4.86989083882884e-24,0.178
Bmp7,4.90925844272278e-57,1.39701192574319,0.254,0.076,8.07376643490189e-53,0.178
Fkbp3,7.87379540657218e-40,1.18331617194827,0.298,0.12,1.29492439256486e-35,0.178
Hk1,0.802723495841485,-0.401801268779154,0.72,0.542,1,0.178
Mtus1,1.72380968297149e-52,1.51443847848426,0.262,0.085,2.83497740461491e-48,0.177
Sbk1,1.97830092994635e-37,1.04036708768746,0.298,0.121,3.25351370938977e-33,0.177
Zfp91,2.82471405001838e-24,0.708095164001102,0.377,0.2,4.64552472666023e-20,0.177
Zyg11b,2.52210362457568e-50,1.45682451660934,0.264,0.088,4.14785162097716e-46,0.176
Npm1,2.09635166596409e-46,1.3704518817412,0.274,0.098,3.44765994984454e-42,0.176
Stk35,3.81512121875093e-21,0.548218637561225,0.39,0.214,6.27434835635779e-17,0.176
Rprd1a,2.86212251139332e-50,1.40632180627912,0.261,0.086,4.70704668223745e-46,0.175
Clasp2,8.29347635968707e-23,0.617453770421653,0.375,0.2,1.36394512211414e-18,0.175
Atp6v1e1,5.02488984468173e-16,0.264117197770318,0.418,0.243,8.26393383856357e-12,0.175
Tbl1xr1,9.61221752148746e-31,0.945974441694418,0.325,0.151,1.58082529358383e-26,0.174
Cdc42bpb,5.98733681840847e-30,0.912205497562091,0.328,0.154,9.84677413155458e-26,0.174
Ctbp1,1.72334387562033e-28,0.899409238490829,0.338,0.164,2.83421133784519e-24,0.174
Dstn,1.00625077000614e-22,0.65623714072266,0.379,0.205,1.6548800163521e-18,0.174
Mff,1.2070870525822e-21,0.639435328840143,0.395,0.221,1.98517536667669e-17,0.174
Pld3,4.40412360039285e-35,0.972506744395297,0.3,0.126,7.24302167320607e-31,0.174
Zranb1,1.51549360477653e-16,0.435794900786322,0.452,0.278,2.49238078241549e-12,0.174
Vcp,2.74674016071802e-13,0.335494797938419,0.52,0.347,4.51728886831686e-09,0.173
Synj2bp,1.64072148842925e-27,0.816504609034916,0.339,0.166,2.69833055987074e-23,0.173
Tasor,1.5264848962315e-34,1.09510267575084,0.305,0.132,2.51045706034232e-30,0.173
Riok3,3.24945915326475e-21,0.661623698041728,0.41,0.237,5.3440605234592e-17,0.173
Ywhae,2.72791149858116e-13,0.325712363795867,0.498,0.325,4.48632325056657e-09,0.173
Rlf,1.88883547509599e-42,1.31672307168331,0.275,0.103,3.10637882234287e-38,0.172
Uqcc2,5.51971003188424e-47,1.33843226896532,0.261,0.089,9.07771511843683e-43,0.172
Ptpn23,1.03740109212373e-32,1.024554534428,0.311,0.139,1.70610983610668e-28,0.172
Retreg2,4.10912757893617e-27,0.849312142193684,0.344,0.172,6.75787121631842e-23,0.172
Wbp1,1.96518798185639e-26,0.798083472207208,0.344,0.172,3.23194815496102e-22,0.172
Fam168a,6.5600822586058e-23,0.692670284784284,0.374,0.202,1.07887112825031e-18,0.172
Gabarapl2,1.01381042523968e-18,0.486497675426615,0.407,0.235,1.66731262534918e-14,0.172
Ppp1r9a,1.33544076922079e-15,0.369217217858811,0.441,0.269,2.19626588906051e-11,0.172
Hectd1,2.40997456346662e-44,1.3896420428544,0.269,0.098,3.9634441670772e-40,0.171
Prrc2a,3.31640261723513e-20,0.633355651299212,0.402,0.231,5.45415574430489e-16,0.171
Vps29,2.75007977067077e-35,1.1364176842108,0.297,0.126,4.52278119084515e-31,0.171
Dennd1a,4.78978337405649e-31,0.904152822333885,0.311,0.14,7.87727773697331e-27,0.171
Srsf3,2.99304230604255e-23,0.69500986385076,0.364,0.193,4.92235737651757e-19,0.171
Iqsec1,8.81956083367345e-18,0.52843847736384,0.433,0.262,1.45046497470594e-13,0.171
Srsf6,1.84458052977694e-16,0.425807152701834,0.434,0.263,3.03359713927115e-12,0.171
Slc25a19,5.01340208362782e-29,0.901325778243892,0.32,0.15,8.24504106673431e-25,0.17
Tfg,1.03092487313055e-25,0.768707858194117,0.339,0.169,1.69545904635051e-21,0.17
Sugp2,2.16980729804687e-25,0.792006268246022,0.343,0.174,3.56846508236788e-21,0.169
Rbmx,9.43699808839453e-29,0.890921926060309,0.318,0.149,1.55200870561736e-24,0.169
Ttc19,1.93587522693016e-27,0.807817220004417,0.323,0.154,3.18374039820934e-23,0.169
Med28,3.94420649895991e-33,1.08949240062886,0.303,0.134,6.48664200818948e-29,0.169
Evi5l,1.56650816583344e-44,1.37902101297628,0.261,0.093,2.57627932952967e-40,0.168
Ap2a1,4.0005651959807e-30,0.98129694983051,0.31,0.142,6.57932952130986e-26,0.168
Ncoa6,8.56002696917907e-27,0.833989862829625,0.328,0.16,1.40778203535119e-22,0.168
Enpp5,6.1370632280488e-19,0.49255169318657,0.382,0.214,1.00930141848491e-14,0.168
Zmynd8,7.37412766948987e-32,1.05156248622949,0.302,0.134,1.2127490365243e-27,0.168
Lrch3,1.43004559060704e-30,0.964537384532879,0.307,0.139,2.35185297831234e-26,0.168
Tspan3,0.0123959011861752,-0.443791725807091,0.616,0.448,1,0.168
Ash2l,1.91764757106832e-38,1.24538706170013,0.275,0.108,3.15376319537896e-34,0.167
Rbm4,3.81461254616664e-28,0.901033881521193,0.318,0.151,6.27351179342565e-24,0.167
Mettl9,7.0720006416359e-24,0.742109285951085,0.349,0.182,1.16306122552344e-19,0.167
Cadm1,0.454505361650437,-0.405439773236707,0.726,0.559,1,0.167
Tpr,2.15005456081985e-29,0.971683867079623,0.308,0.142,3.53597973072432e-25,0.166
Sez6l2,9.94976020607174e-29,0.88351635780341,0.308,0.142,1.63633756349056e-24,0.166
Afdn,2.55317997155495e-37,1.19670310916881,0.275,0.11,4.19895978121927e-33,0.165
Midn,7.46665320577645e-35,0.964260422535313,0.277,0.112,1.22796578622199e-30,0.165
Snapc3,1.4991630730457e-44,1.39471717010109,0.254,0.089,2.46552358993096e-40,0.165
Zfp644,5.85407535747671e-29,0.92327521283675,0.307,0.142,9.6276123329062e-25,0.165
Smg1,1.2974573945192e-27,0.956052151075317,0.32,0.155,2.13379843102628e-23,0.165
Bicral,3.32324706962655e-27,0.881760310164691,0.321,0.156,5.46541213070782e-23,0.165
Zfp638,1.27409317395258e-26,0.917339533396637,0.325,0.16,2.09537363388241e-22,0.165
Snrnp200,3.66558488841187e-21,0.664840720315935,0.37,0.205,6.02842090748216e-17,0.165
Htt,4.30299453950338e-33,1.07163900751751,0.287,0.122,7.07670481966725e-29,0.165
Psmd6,1.13479760469778e-32,1.08071565917196,0.289,0.124,1.86628814068596e-28,0.165
Cited2,1.97444031215611e-15,0.47056706967879,0.441,0.276,3.24716453737194e-11,0.165
Polr2a,2.88454946469644e-13,0.338127375653023,0.47,0.305,4.74393004963977e-09,0.165
Atp6v0e2,3.2734823103569e-13,0.253597761882579,0.439,0.274,5.38356900761295e-09,0.165
Cand1,1.35001971972528e-25,0.850412923910994,0.328,0.164,2.22024243106019e-21,0.164
Klhdc2,1.84599003926104e-24,0.796588561957809,0.334,0.17,3.0359152185687e-20,0.164
Fam162a,2.8315403298557e-34,1.16695360431136,0.285,0.121,4.65675122648068e-30,0.164
Yipf4,9.71555885545532e-34,1.12028301037479,0.284,0.12,1.59782080936818e-29,0.164
Ggnbp2,2.76422385468402e-32,1.0995926662347,0.293,0.129,4.54604255141334e-28,0.164
Picalm,3.18776101379437e-32,0.823581499709682,0.282,0.118,5.24259176328623e-28,0.164
Cul1,6.70527571618562e-15,0.361483627575858,0.423,0.259,1.10274964428389e-10,0.164
Nudt21,1.18135749255955e-34,1.20185702198246,0.28,0.117,1.94286053226344e-30,0.163
Zfp871,1.6924649206221e-22,0.70549765257288,0.341,0.178,2.78342780845511e-18,0.163
Zzz3,2.82333590630768e-26,0.838069771826961,0.315,0.152,4.64325823151362e-22,0.163
Prdx5,4.46226903149329e-19,0.494561032924258,0.367,0.204,7.33864764919386e-15,0.163
Tmx2,3.14270465113711e-22,0.701633656009954,0.349,0.186,5.16849206926009e-18,0.163
Nedd4,3.29361392248274e-14,0.384590121769966,0.438,0.275,5.41667745691512e-10,0.163
Tspoap1,1.62648146463726e-36,1.17616354804663,0.266,0.104,2.67491141674244e-32,0.162
Trpc4ap,2.97734535874665e-25,0.84543192147633,0.323,0.161,4.89654217699473e-21,0.162
Mast2,4.48244558360211e-30,1.01262236231816,0.295,0.133,7.37183000679202e-26,0.162
Cox7c,3.94180817261672e-20,0.611685289962041,0.356,0.194,6.48269772068546e-16,0.162
Uqcrc2,1.87624192320739e-22,0.698010229192263,0.336,0.175,3.08566746690688e-18,0.161
Ing4,2.96650374809557e-22,0.694964948764102,0.336,0.175,4.87871206411798e-18,0.161
Smarcd1,1.87189283250239e-39,1.2939102713544,0.256,0.095,3.07851495233342e-35,0.161
Ube2k,6.63475204524243e-27,0.88261607504151,0.307,0.146,1.09115132136057e-22,0.161
N4bp2l2,3.27511265709647e-17,0.48433512890054,0.387,0.226,5.38625027586086e-13,0.161
Rbm27,2.66661243067448e-35,1.22572343978169,0.269,0.109,4.38551080348725e-31,0.16
Sh3gl1,2.62846950833877e-33,1.10830736140826,0.275,0.115,4.32278095341394e-29,0.16
Dnajc27,4.96725224403472e-32,1.04844266958052,0.279,0.119,8.1691430405395e-28,0.16
Epm2aip1,9.60970747649999e-26,0.899495540347146,0.315,0.155,1.58041249158519e-21,0.16
Zmym2,3.49233567337239e-24,0.771793535713058,0.32,0.16,5.74349524842823e-20,0.16
Vbp1,1.21512293401948e-16,0.481956204626959,0.393,0.233,1.99839117728843e-12,0.16
Srpk1,5.2478031172773e-29,0.991790243112406,0.295,0.135,8.63053700667424e-25,0.16
Rab14,2.47333934690341e-13,0.364217119943415,0.443,0.284,4.06765388991736e-09,0.159
Cic,2.93316680544755e-27,0.944053305032913,0.302,0.143,4.82388612823905e-23,0.159
Rangrf,3.63916004895363e-38,1.36196340570747,0.256,0.098,5.98496261650914e-34,0.158
Sms,7.25037740124302e-36,1.13910818042027,0.259,0.101,1.19239706740843e-31,0.158
Cryzl1,4.71024983944127e-25,0.837874453860597,0.31,0.152,7.74647688594512e-21,0.158
Kdm3a,8.05340810115461e-28,0.967001001147063,0.295,0.137,1.32446349631589e-23,0.158
Actr1b,9.95349860317859e-26,0.899727577725707,0.308,0.151,1.63695238027875e-21,0.157
Tkt,4.15871471103688e-34,1.06018134259467,0.261,0.105,6.83942221377126e-30,0.156
Paxbp1,1.08799893348509e-32,1.1204389689762,0.266,0.11,1.78932304600958e-28,0.156
Elk4,2.45565173858933e-32,1.13534115498875,0.269,0.113,4.03856484928401e-28,0.156
Dnm1l,6.70558594233123e-21,0.700911751216332,0.336,0.18,1.10280066407579e-16,0.156
Dmxl1,3.9244727326884e-24,0.834102872024129,0.313,0.157,6.45418785617934e-20,0.156
Btbd9,7.34835465391623e-23,0.799760501746775,0.321,0.165,1.20851040638306e-18,0.156
Hagh,6.07434341770645e-27,0.912920891993654,0.293,0.137,9.98986518476003e-23,0.156
Usp5,3.94796246214021e-35,1.22423471956474,0.257,0.102,6.49281906523579e-31,0.155
Klhl7,2.37701628512267e-34,1.17580096705951,0.259,0.104,3.90924098251274e-30,0.155
Cnrip1,1.50213193296561e-31,1.08922993490672,0.269,0.114,2.47040617695525e-27,0.155
Mfn2,1.01351902523555e-28,0.96574324526112,0.28,0.125,1.66683338890239e-24,0.155
Drosha,2.05665082393968e-36,1.23904397393551,0.252,0.097,3.38236794505119e-32,0.155
Ep300,1.77498206561905e-16,0.516078961956523,0.379,0.224,2.9191355051171e-12,0.155
Fkbp8,2.74963984569698e-14,0.417018214434434,0.418,0.263,4.52205769023325e-10,0.155
Stub1,5.24406374494977e-21,0.729585504463277,0.334,0.18,8.6243872349444e-17,0.154
Hipk1,3.84799551831412e-20,0.670397740541855,0.336,0.182,6.3284134294194e-16,0.154
Anapc1,1.30723911544518e-25,0.949909190731533,0.297,0.143,2.14988544926115e-21,0.154
Phf8,2.22159737232908e-25,0.860214572578891,0.295,0.141,3.6536390385324e-21,0.154
Ndufa5,8.83760256434319e-23,0.782027520547956,0.316,0.162,1.45343211773188e-18,0.154
Tmem201,5.66773920898641e-28,1.01688594742368,0.284,0.13,9.32116390309905e-24,0.154
Ppp1r37,6.58678228079949e-26,0.889045572846645,0.293,0.139,1.08326221390028e-21,0.154
Ash1l,6.82413534470089e-19,0.652090682966682,0.351,0.197,1.12229729878951e-14,0.154
Tgfbr3l,4.21601031437286e-31,1.09820338937636,0.266,0.113,6.9336505630176e-27,0.153
Ncapd3,1.74298245609991e-30,1.0785560687738,0.266,0.113,2.86650894730191e-26,0.153
Glrx2,9.74410124402462e-27,0.89026212433745,0.285,0.132,1.60251489059229e-22,0.153
Dnaja2,3.30498028974849e-19,0.669274966322503,0.348,0.195,5.43537058452037e-15,0.153
Ncor1,1.31405558955198e-18,0.614052523170312,0.352,0.199,2.16109582257719e-14,0.153
Bzw1,2.72760238658156e-18,0.621065023974032,0.354,0.201,4.48581488497204e-14,0.153
Aco2,5.44410464351093e-33,1.17806578655826,0.256,0.104,8.95337449671808e-29,0.152
Gse1,8.51708150234568e-19,0.601699699107101,0.339,0.187,1.40071922387577e-14,0.152
Fam169a,0.509065327683602,-0.408141001557287,0.662,0.51,1,0.152
Gtf3c1,1.1776332026819e-34,1.21347756798665,0.251,0.099,1.93673556513065e-30,0.152
Sbno1,7.41260027546861e-24,0.816570260100833,0.297,0.145,1.21907624130357e-19,0.152
Txndc15,2.53345048095089e-25,0.890035166473442,0.292,0.14,4.16651266097184e-21,0.152
Actr2,3.24806368784859e-25,0.838809542268437,0.287,0.135,5.34176554103579e-21,0.152
Hdac5,8.71085635703677e-19,0.6604339969882,0.348,0.196,1.43258743647827e-14,0.152
Ap1g1,6.80431011627691e-18,0.580628504647419,0.352,0.2,1.1190368417229e-13,0.152
Jmjd6,3.15205737288514e-29,1.07484487528598,0.269,0.118,5.1838735554469e-25,0.151
Ddx50,1.94534286466191e-26,0.920152393828963,0.279,0.128,3.19931087522297e-22,0.151
Cnn3,1.17249860548814e-12,-0.275071079307401,0.334,0.183,1.9282912065858e-08,0.151
Atg2b,1.47992047076553e-24,0.848158046154882,0.293,0.142,2.43387720622099e-20,0.151
Xbp1,4.15959909080419e-22,0.833857228689557,0.316,0.165,6.84087666473657e-18,0.151
Cox7a2l,6.20853699239323e-18,0.575126780468217,0.346,0.195,1.02105599376899e-13,0.151
Flywch1,4.62130835708415e-33,1.17272828936503,0.252,0.102,7.60020372406059e-29,0.15
Map4k4,7.97642497384531e-28,0.954322706418186,0.269,0.119,1.3118028511986e-23,0.15
Eef1akmt2,2.85534764919912e-27,0.99917921205441,0.277,0.127,4.69590474387287e-23,0.15
Ube4b,1.18377257134441e-23,0.85955944784608,0.298,0.148,1.94683237083301e-19,0.15
Tcf20,1.03675936065381e-14,0.417110029891447,0.374,0.224,1.70505444453125e-10,0.15
Tra2a,2.37651555669375e-12,0.347514819734386,0.425,0.275,3.90841748453853e-08,0.15
Ppfia2,4.39947630198276e-28,0.985753934198057,0.267,0.118,7.23537872624085e-24,0.149
Ssb,1.39547223882763e-14,0.476384937447563,0.395,0.246,2.29499364397592e-10,0.149
Fxr2,3.14860014571957e-23,0.827996390834236,0.295,0.146,5.1781877996504e-19,0.149
Cdk13,1.77565227648465e-21,0.79401119399856,0.31,0.161,2.92023773390666e-17,0.149
Ptar1,2.36345555805209e-16,0.496765305637659,0.357,0.208,3.88693901077247e-12,0.149
Tnks2,9.86533491804347e-12,0.312889757639346,0.425,0.276,1.62245298062143e-07,0.149
Chd8,1.39750339990656e-25,0.951256598189738,0.28,0.132,2.29833409148633e-21,0.148
Hnrnpul1,1.36244179623964e-11,0.345572009785339,0.433,0.285,2.24067177809572e-07,0.148
Nlgn2,9.91927987693968e-15,0.413030608128116,0.369,0.221,1.6313247685615e-10,0.148
Ide,1.07491092197841e-14,0.476548327193953,0.382,0.234,1.7677985022857e-10,0.148
Mxd1,1.36725474827744e-30,0.90360058505995,0.252,0.105,2.24858715901708e-26,0.147
Tlk2,1.06890358826951e-16,0.54453222024061,0.343,0.196,1.75791884126804e-12,0.147
Ppp6r3,5.83748977451801e-16,0.523031004772069,0.356,0.209,9.60033568317231e-12,0.147
Mapk6,3.63217301192384e-15,0.438864767957255,0.359,0.212,5.97347173540994e-11,0.147
Ube2v1,9.59660655938121e-19,0.683921742286904,0.328,0.182,1.57825791475583e-14,0.146
Csnk2a1,3.0170315726696e-18,0.623848205526908,0.326,0.18,4.96181012441242e-14,0.146
Psme3,3.13881414028997e-20,0.724683986775471,0.31,0.164,5.16209373512088e-16,0.146
Ubr2,4.74821915739777e-20,0.735584904784674,0.313,0.167,7.80892122625638e-16,0.146
Tubb5,7.59418486425898e-15,0.459905806877435,0.372,0.226,1.24893964277603e-10,0.146
Atad1,9.82913109887088e-26,0.943515511392786,0.267,0.122,1.6164989005203e-21,0.145
Hdac1,5.26363291929249e-25,0.919770444102779,0.275,0.13,8.65657069906842e-21,0.145
Fbxl20,1.3085598097053e-24,0.920199689878302,0.274,0.129,2.15205746304134e-20,0.145
Rnf4,4.21376953212579e-24,0.889101614487205,0.277,0.132,6.92996537253407e-20,0.145
Akap8,1.47721932987709e-17,0.600349231696513,0.328,0.183,2.42943490991585e-13,0.145
Scamp1,6.89283420044294e-20,0.725720712636582,0.308,0.163,1.13359551260485e-15,0.145
Higd2a,2.17433968619205e-27,1.02105719110423,0.257,0.113,3.57591904791145e-23,0.144
Trpc1,3.37306300433481e-27,0.982154977238127,0.256,0.112,5.54733941692903e-23,0.144
Ambra1,9.79344666836874e-26,0.995002120359817,0.266,0.122,1.61063023907992e-21,0.144
Smim10l1,9.26638989287435e-24,0.864822034704889,0.274,0.13,1.52395048178212e-19,0.144
Glyr1,4.21129374587958e-18,0.666695905947418,0.325,0.181,6.92589369447355e-14,0.144
Wdr26,7.73948863861981e-13,0.400870695351367,0.4,0.256,1.27283630150741e-08,0.144
Otub1,9.99886551095615e-23,0.876693734242216,0.285,0.141,1.64441342193185e-18,0.144
Mga,1.46955971381935e-27,1.07164478871539,0.257,0.114,2.4168379053473e-23,0.143
Ndufv2,4.93464734631953e-17,0.6196812458378,0.333,0.19,8.1155210257571e-13,0.143
Exoc5,1.36815427197849e-21,0.829054150244195,0.29,0.147,2.25006651569582e-17,0.143
Ppp4r2,1.21546772885517e-20,0.754846918500395,0.298,0.155,1.99895822687521e-16,0.143
Ube2v2,1.45864193020776e-27,1.01834078135746,0.252,0.11,2.39888251841968e-23,0.142
Hdac3,2.15969556966394e-25,0.961493722980154,0.262,0.12,3.55183533386931e-21,0.142
Cdk12,1.76966831788457e-24,0.947011119449588,0.27,0.128,2.91039651559297e-20,0.142
Far1,1.08984202012564e-16,0.589478476532934,0.33,0.188,1.79235418629862e-12,0.142
Myef2,2.54716897759003e-16,0.589327527075566,0.338,0.196,4.18907410054457e-12,0.142
Myt1,3.28462576473959e-20,0.738177792213738,0.292,0.15,5.40189553269074e-16,0.142
Sod2,9.18971328724151e-14,0.434730151411964,0.367,0.225,1.51134024721974e-09,0.142
Rbm25,4.52754304994511e-13,0.388145283607746,0.375,0.233,7.44599729993972e-09,0.142
Ero1l,9.76950518415917e-28,1.15863882899213,0.254,0.113,1.60669282258682e-23,0.141
BC031181,2.00646071257359e-16,0.582914454112946,0.33,0.189,3.29982528789853e-12,0.141
Hs2st1,9.04606093306148e-21,0.801694201176495,0.289,0.148,1.48771518105129e-16,0.141
Gsk3a,4.4701772477364e-20,0.724818923524597,0.29,0.149,7.35165350162728e-16,0.141
Dnajc6,6.19008335143795e-20,0.712748118499417,0.289,0.148,1.01802110797748e-15,0.141
Got2,9.04283806663748e-11,0.28346965795922,0.41,0.269,1.4871851484392e-06,0.141
Yme1l1,1.09847376374751e-17,0.667895503619741,0.316,0.176,1.80654995185915e-13,0.14
Rnf220,6.23450017940163e-21,0.769382284785248,0.279,0.14,1.02532589950439e-16,0.139
Clock,1.58673522628105e-22,0.884169414286769,0.266,0.128,2.60954475314182e-18,0.138
Ccar1,1.52531750269736e-15,0.563974440778444,0.33,0.192,2.50853716493609e-11,0.138
Ube2h,3.33389455918953e-15,0.549783460356482,0.336,0.198,5.48292299204311e-11,0.138
Polb,1.56393996200808e-20,0.82330078404027,0.282,0.144,2.57205566151849e-16,0.138
Anks1,1.50964677233845e-25,1.10537359119805,0.251,0.114,2.48276508178782e-21,0.137
Agap3,5.92530345752326e-15,0.531858098287279,0.33,0.193,9.74475406624275e-11,0.137
Puf60,4.3815649436621e-11,0.358720720627648,0.403,0.267,7.2059217063467e-07,0.136
Rab5if,1.96168534193557e-17,0.676933833529258,0.302,0.166,3.22618771334723e-13,0.136
Rif1,7.78468905849243e-24,0.941776180321481,0.252,0.117,1.28026996255967e-19,0.135
Ppp6r2,2.19732065314911e-23,0.935430648784655,0.254,0.119,3.61371354616903e-19,0.135
Impact,4.39130256283343e-23,0.914972854729407,0.254,0.119,7.22193619483587e-19,0.135
Atf7,2.78002593288778e-16,0.638764276667065,0.315,0.18,4.57203064922724e-12,0.135
Srpk2,3.25565083035331e-14,0.494765390822128,0.336,0.201,5.35424335559906e-10,0.135
Ybx1,6.79699498948502e-13,0.404830448174071,0.352,0.217,1.11783379597071e-08,0.135
Dus3l,2.81101096275173e-23,0.959654621390357,0.251,0.117,4.62298862934149e-19,0.134
Ubr3,1.52809993523335e-11,0.390461543190764,0.382,0.248,2.51311315348476e-07,0.134
Rap1gds1,2.56267000105194e-18,0.706958902060101,0.285,0.151,4.21456708373002e-14,0.134
Ppp6r1,5.04423879304784e-17,0.681060617833506,0.3,0.166,8.29575511904648e-13,0.134
Chd2,9.4121089774529e-17,0.666263075790398,0.302,0.168,1.5479154424319e-12,0.134
Baz1b,1.83163049165676e-22,0.959311141156067,0.256,0.123,3.01229950657871e-18,0.133
Spin1,3.97610332818347e-22,0.898725622748024,0.256,0.123,6.53909953353054e-18,0.133
Arhgap35,9.32314372895833e-16,0.602806717283717,0.311,0.178,1.53328421766449e-11,0.133
Casc3,1.27878289506643e-16,0.666619227695231,0.3,0.167,2.10308634922626e-12,0.133
Arcn1,5.34730463460846e-12,0.416749996954017,0.364,0.231,8.79417720207707e-08,0.133
Jarid2,5.7301464063266e-12,0.383631178210121,0.357,0.224,9.42379877984473e-08,0.133
Mau2,1.45680394325096e-16,0.725351789520288,0.308,0.176,2.39585976507053e-12,0.132
Tnrc6c,1.3414419108388e-13,0.466699516977867,0.326,0.194,2.20613536656549e-09,0.132
Arhgef12,2.29547891944359e-16,0.600580649210424,0.295,0.163,3.77514463091692e-12,0.132
Epn1,5.07005468551325e-13,0.490860422264042,0.346,0.214,8.3382119357951e-09,0.132
Snx25,5.66572063379306e-20,0.812129574135773,0.261,0.13,9.31784415433606e-16,0.131
R3hdm1,1.53840046732963e-19,0.776873224830394,0.267,0.136,2.53005340857031e-15,0.131
Ssbp2,4.26367556157232e-19,0.75377104897839,0.269,0.138,7.01204082856184e-15,0.131
Cops6,7.0447858871594e-16,0.613174417639994,0.303,0.172,1.15858548700223e-11,0.131
Itfg1,1.02882655564555e-13,0.429974655823409,0.315,0.184,1.69200815341467e-09,0.131
Cab39,2.03089384799867e-13,0.474695395348018,0.331,0.2,3.34000802241861e-09,0.131
Kansl1,4.91894359430925e-11,0.350334510335236,0.375,0.244,8.089694635201e-07,0.131
Rprd1b,9.04877153016438e-18,0.727244182541344,0.282,0.151,1.48816096585083e-13,0.131
Cyc1,1.46688064188675e-12,0.452300526836235,0.343,0.213,2.41243190364696e-08,0.13
Polr2b,3.24086289124256e-20,0.882335300688912,0.261,0.131,5.32992311093751e-16,0.13
Arid3b,8.40995157156763e-20,0.803225462432267,0.262,0.132,1.38310063546001e-15,0.13
Orc4,5.20060616710395e-17,0.670237371817777,0.287,0.157,8.55291690241916e-13,0.13
Hsp90ab1,2.17851929582096e-17,0.666321257188623,0.274,0.145,3.58279283390714e-13,0.129
Ddx23,1.3001306286114e-14,0.560904961218685,0.305,0.176,2.13819483181431e-10,0.129
Strbp,4.8879038519931e-13,0.473918560568285,0.325,0.196,8.03864667498785e-09,0.129
Ypel2,9.09401310980437e-10,0.284125798207292,0.377,0.248,1.49560139603843e-05,0.129
Ipo9,2.38353578137278e-14,0.563314840079829,0.31,0.182,3.91996294604568e-10,0.128
Mxi1,1.79445379633761e-16,0.724848810809299,0.287,0.159,2.95115871345684e-12,0.128
Golgb1,5.27454293450856e-15,0.562219363118976,0.298,0.17,8.67451331009278e-11,0.128
Tmx4,2.46486018874809e-17,0.696959873013314,0.272,0.145,4.05370906641511e-13,0.127
Bhlhe41,1.58561088236964e-12,0.464171434181911,0.339,0.212,2.60769565714511e-08,0.127
Thoc7,2.42304747229715e-19,0.833972806101266,0.256,0.129,3.98494387293989e-15,0.127
Cuedc2,1.15306756711418e-17,0.722936695516995,0.267,0.14,1.89633492087598e-13,0.127
Pebp1,5.24452824969644e-14,0.514600719133151,0.302,0.175,8.62515115945077e-10,0.127
Ythdf3,1.03886947014032e-10,0.376397031949201,0.366,0.239,1.70852473059278e-06,0.127
Atp6v1f,1.92218546891867e-17,0.772218233322927,0.272,0.146,3.16122622218364e-13,0.126
Ptpn11,9.59697864402415e-17,0.704644452715463,0.274,0.148,1.57831910779621e-12,0.126
Srrm1,1.17948315905339e-13,0.560236442717114,0.313,0.187,1.9397780033792e-09,0.126
Mapre2,2.17482470996643e-12,0.452045381023754,0.32,0.194,3.57671671801078e-08,0.126
Cdip1,1.16601880185894e-17,0.769061914809329,0.267,0.142,1.91763452153721e-13,0.125
Dctn2,1.36526277470428e-12,0.507955405491139,0.333,0.208,2.24531115927865e-08,0.125
Vps35,9.89225223829284e-19,0.816925493787335,0.254,0.129,1.62687980310964e-14,0.125
Sumo2,6.59855014343044e-18,0.79235065198617,0.261,0.136,1.08519755658857e-13,0.125
Psmd1,7.07057744491123e-14,0.570733914627733,0.305,0.18,1.1628271665901e-09,0.125
Upf3b,8.51220431902125e-13,0.438204909779826,0.311,0.186,1.39991712230624e-08,0.125
Tmed7,8.90952460158997e-12,0.404896581302738,0.328,0.203,1.46526041597749e-07,0.125
Ubp1,4.38983599201217e-16,0.737384467526407,0.28,0.156,7.21952427246321e-12,0.124
Ip6k2,1.58664207392414e-12,0.446758076365008,0.315,0.191,2.60939155477564e-08,0.124
Actr1a,2.38092674172655e-12,0.486697434319359,0.323,0.199,3.91567211944348e-08,0.124
Srsf11,1.22199471122851e-15,0.674028680563816,0.282,0.158,2.00969250208641e-11,0.124
Herc2,3.42812776666044e-18,0.776303309258985,0.252,0.129,5.63789892504977e-14,0.123
Atp5f1,5.29045218142232e-13,0.539817852131875,0.311,0.188,8.70067765756714e-09,0.123
Ankrd17,7.8368183141239e-12,0.438663959403686,0.323,0.2,1.28884313994082e-07,0.123
Impad1,2.56779861704653e-16,0.704742102665362,0.264,0.142,4.22300160559472e-12,0.122
Cep350,2.78299341607691e-15,0.664359857751985,0.277,0.155,4.57691097208008e-11,0.122
Smarce1,6.15688084848534e-18,0.825471699837117,0.257,0.135,1.0125606243419e-13,0.122
Rbm15,1.36150813325851e-17,0.875078879571733,0.261,0.139,2.23913627595695e-13,0.122
Elavl1,7.53225604535525e-13,0.497315473261453,0.302,0.18,1.23875482921912e-08,0.122
Auh,3.3155905927988e-16,0.710245901409176,0.262,0.141,5.45282028891691e-12,0.121
Slc25a11,8.54507897722161e-16,0.697488388054091,0.269,0.148,1.40532368859387e-11,0.121
Dctn4,1.94137835957415e-15,0.673121279793432,0.27,0.149,3.19279085015564e-11,0.121
Gnpat,7.70026833489896e-14,0.550759728034555,0.285,0.164,1.26638613035748e-09,0.121
Ecpas,1.84942579048731e-14,0.6049094597894,0.277,0.157,3.04156565503543e-10,0.12
Macrod2,2.52468580696729e-14,0.528555545497006,0.272,0.152,4.15209827813841e-10,0.12
Prpf39,1.34735470030129e-09,0.284935236859374,0.348,0.228,2.2158595401155e-05,0.12
Eif1,2.49109720243072e-11,0.46988232394415,0.323,0.204,4.09685845911755e-07,0.119
Kat6b,4.79251097437345e-10,0.332861144757356,0.33,0.211,7.88176354845457e-06,0.119
Exoc7,5.95231072152512e-16,0.72183106649087,0.256,0.137,9.78917021262021e-12,0.119
Ubqln1,4.59825675614874e-12,0.513886046148657,0.313,0.194,7.56229306116222e-08,0.119
Golga4,1.34722845909028e-11,0.454808179944039,0.316,0.197,2.21565192381988e-07,0.119
Serbp1,6.45116444783717e-15,0.690049027732628,0.27,0.152,1.0609585050913e-10,0.118
Fam53c,1.02246492390973e-14,0.620585667315923,0.266,0.148,1.68154581386194e-10,0.118
Rb1,1.83913200827489e-14,0.653860963271068,0.269,0.151,3.02463650080889e-10,0.118
Naca,9.99313928919301e-14,0.613120878186926,0.279,0.161,1.64347168750068e-09,0.118
Dld,8.44095679661642e-10,0.331827825879978,0.339,0.221,1.38819975477154e-05,0.118
Setd3,4.47836632093159e-16,0.735767853519129,0.256,0.138,7.36512125140409e-12,0.118
Cops5,7.51442629690232e-16,0.720159749164686,0.256,0.138,1.23582254878856e-11,0.118
Itfg2,1.75266201589695e-13,0.589343876352437,0.284,0.166,2.88242795134413e-09,0.118
Ptgr2,9.57530981494496e-16,0.684906765581977,0.254,0.137,1.57475545216585e-11,0.117
Ap3d1,8.6279805340924e-13,0.602661811254391,0.297,0.18,1.41895767863684e-08,0.117
Ube2e3,3.0949618205979e-12,0.502081045915345,0.295,0.178,5.0899742101553e-08,0.117
Tcea1,3.11013819134955e-12,0.494960378870207,0.292,0.175,5.11493326949346e-08,0.117
Insr,9.82955438422827e-12,0.454172491070995,0.3,0.183,1.61656851403018e-07,0.117
Agfg1,1.15361095539054e-14,0.673320114903605,0.264,0.148,1.89722857723528e-10,0.116
Crebbp,6.44534101221203e-14,0.639208168543518,0.275,0.159,1.06000078286839e-09,0.116
Fxr1,3.02222237633208e-13,0.552543549066167,0.277,0.161,4.97034692011573e-09,0.116
Appbp2,2.82422206108475e-14,0.67186280617193,0.266,0.151,4.64471560165998e-10,0.115
Pdpk1,5.98114376802489e-12,0.492443106969071,0.29,0.175,9.83658904089374e-08,0.115
Rbm33,2.55617211630659e-10,0.368642023408908,0.316,0.201,4.20388066247782e-06,0.115
Psap,0.0959278112807866,-1.30534459612814,0.426,0.311,1,0.115
Dtnb,6.11360371961085e-13,0.537196906757671,0.27,0.156,1.0054432677272e-08,0.114
Galnt1,1.39432484070991e-12,0.571722705413549,0.282,0.168,2.29310663303151e-08,0.114
Eloa,7.54892332587729e-14,0.62598636137034,0.262,0.149,1.24149593017378e-09,0.113
Ilk,3.19482233107711e-13,0.59195008118645,0.269,0.156,5.25420480568941e-09,0.113
Sf3b3,1.06892098614785e-12,0.565555194934871,0.272,0.159,1.75794745381875e-08,0.113
Pcf11,5.65628590953904e-09,0.308933399008713,0.336,0.223,9.30232780682791e-05,0.113
Scarb2,3.28936296886252e-14,0.614915308553047,0.252,0.139,5.40968633859129e-10,0.113
Wac,4.90295931351828e-12,0.551514678346815,0.29,0.177,8.06340688701216e-08,0.113
Apc,4.71538107710552e-10,0.384010291467061,0.313,0.2,7.75491571940774e-06,0.113
Hnrnpll,3.90302671266659e-14,0.723486912777952,0.254,0.143,6.41891773165147e-10,0.111
Cpsf7,1.37568950128216e-12,0.593379635442796,0.269,0.158,2.26245895380864e-08,0.111
Taok2,1.60116631573757e-10,0.420482338416795,0.295,0.184,2.633278122862e-06,0.111
Camta1,5.15010240203413e-10,0.393823540124986,0.303,0.192,8.46985841038532e-06,0.111
Sf3b6,1.84198080780035e-12,0.575659025852647,0.269,0.159,3.02932163650846e-08,0.11
Pdhb,5.9027634247282e-10,0.432947535390553,0.308,0.198,9.707684728308e-06,0.11
Gps1,3.04871515545133e-13,0.62307046956192,0.252,0.143,5.01391694465525e-09,0.109
Bcl2l2,6.61195471129508e-12,0.474169123955343,0.264,0.155,1.08740207181959e-07,0.109
Ube2z,4.75727909432238e-13,0.62581132977219,0.252,0.144,7.82382119852259e-09,0.108
Wdr37,1.17012627096312e-12,0.612111739695879,0.257,0.149,1.92438966522594e-08,0.108
Psmd11,1.21882789734114e-11,0.527377405537936,0.272,0.164,2.00448435996724e-07,0.108
Ep400,6.23794898593579e-11,0.47596483893002,0.279,0.171,1.025893090227e-06,0.108
Ccnl2,7.90764256960869e-09,0.351912112918058,0.326,0.218,0.000130049089699785,0.108
Kmt5b,9.92965898273825e-11,0.511308295763636,0.293,0.185,1.63303171630113e-06,0.108
Zfp532,1.13699809449768e-10,0.468190060126772,0.285,0.177,1.86990706621089e-06,0.108
Tmcc1,7.17695910861454e-10,0.388749548213652,0.298,0.19,1.18032269500275e-05,0.108
Tmem167,1.40293334800184e-09,0.41728903819454,0.305,0.198,2.30726418412382e-05,0.107
Nudt3,6.50524160608068e-09,0.37375276504791,0.311,0.205,0.000106985203453603,0.106
Cmtr1,1.99850413264798e-10,0.463395529610462,0.277,0.172,3.28673989655286e-06,0.105
Ocrl,1.77816222094263e-09,0.315202906319254,0.28,0.175,2.92436558856225e-05,0.105
Plch2,0.727899479661444,-0.333150564325508,0.546,0.441,1,0.105
Dot1l,1.0302245950685e-11,0.541668552682059,0.254,0.149,1.69430736904966e-07,0.105
Ube3c,8.55191655044505e-11,0.488491744698589,0.266,0.161,1.40644819588619e-06,0.105
Nipsnap2,1.40771041604807e-10,0.487557188805875,0.274,0.169,2.31512055023266e-06,0.105
Brk1,6.69125584986904e-12,0.564969240868053,0.251,0.147,1.10044393706946e-07,0.104
Ctdspl2,1.16794966531686e-11,0.542488365610417,0.254,0.15,1.9208100195801e-07,0.104
Ppp1r12a,2.90569216214653e-11,0.53282567276259,0.261,0.157,4.77870132986619e-07,0.104
Wdr7,5.02658962234505e-11,0.486201054237471,0.259,0.155,8.26672929290866e-07,0.104
Supt6,1.67808673982281e-10,0.48208545068666,0.269,0.165,2.75978145231259e-06,0.104
Ppib,5.32772317407918e-08,0.287883326801886,0.318,0.214,0.000876197353209061,0.104
Arf1,2.31755297635613e-09,0.463561286132685,0.303,0.199,3.81144762491529e-05,0.104
Atp5d,9.19236729944023e-09,0.349979631791317,0.303,0.199,0.000151177672606594,0.104
Rab21,8.40072789975838e-11,0.505224480172972,0.259,0.156,1.38158371039426e-06,0.103
Cbx3,1.29028002827798e-10,0.504239036021477,0.266,0.163,2.12199453450596e-06,0.103
Calm2,4.16040480662183e-09,0.391497399505603,0.293,0.19,6.84220174497026e-05,0.103
Ndufs7,1.6944061301943e-09,0.415713711810201,0.279,0.177,2.78662032171755e-05,0.102
Srsf10,1.03329127892024e-10,0.504690342835393,0.262,0.16,1.69935083731222e-06,0.102
Rbm26,1.8376935474067e-10,0.525528951725752,0.269,0.167,3.02227080806506e-06,0.102
Ddx39b,2.57323006006713e-10,0.497831693869911,0.269,0.167,4.2319341567864e-06,0.102
Gapvd1,3.79436009255953e-10,0.449660421836735,0.27,0.168,6.24020460822341e-06,0.102
Nrd1,3.13158615447462e-07,0.260817448737244,0.325,0.223,0.00515020658964896,0.102
Drap1,4.37407035450679e-09,0.435272658779843,0.298,0.196,7.19359610502187e-05,0.102
Copz1,5.6165470131796e-10,0.494199920174299,0.27,0.17,9.23697321787517e-06,0.1
Akirin2,6.8010907070389e-08,0.323959872249249,0.311,0.211,0.00111850737767962,0.1
Fnip1,2.24907692700071e-10,0.480687615960122,0.252,0.153,3.69883191414536e-06,0.099
Brd2,1.06447841752854e-09,0.461630851267602,0.266,0.167,1.75064120546743e-05,0.099
Dnajb6,4.86703796270209e-09,0.454471304505347,0.284,0.185,8.00433063345986e-05,0.099
Oaz1,2.96404487447523e-07,0.27828294101031,0.313,0.215,0.00487466820056196,0.098
Gid8,3.46085984259269e-10,0.53975746558292,0.252,0.155,5.69173009712794e-06,0.097
Gpatch8,8.89288538504507e-10,0.473145143278357,0.251,0.154,1.46252393042451e-05,0.097
Vps28,1.85407219705222e-09,0.46506126497842,0.264,0.167,3.04920713527208e-05,0.097
Snw1,2.74720720673244e-08,0.375416819938935,0.284,0.187,0.000451805697219217,0.097
Arl6ip1,0.00217938921536427,-0.600982664866791,0.352,0.255,1,0.097
Efr3a,2.74325274522069e-09,0.455727321079992,0.262,0.166,4.51155346478995e-05,0.096
Exoc4,1.31373142747784e-08,0.374282361128205,0.266,0.17,0.000216056270563006,0.096
Rheb,1.30594324565459e-09,0.48123470626631,0.251,0.156,2.14775426180355e-05,0.095
Kif1bp,3.33941062150909e-08,0.379814545525839,0.27,0.177,0.000549199470813385,0.093
Txn2,3.47661185800671e-08,0.369247943216592,0.27,0.177,0.000571763586167783,0.093
Zfyve27,1.16095395010938e-07,0.321263459738846,0.277,0.184,0.00190930486634988,0.093
Ptpra,1.08950235844746e-08,0.451767078818836,0.262,0.169,0.000179179557870269,0.093
Trir,7.88119732765818e-07,0.276435131787109,0.302,0.209,0.0129614171250666,0.093
Kmt2c,7.92731410028207e-07,0.285058999967154,0.302,0.209,0.0130372607693239,0.093
Rufy3,0.242274263167272,-0.259606960310446,0.477,0.385,1,0.092
Pum1,7.10506700200998e-08,0.401837024665274,0.269,0.178,0.00116849931915056,0.091
Dhx15,6.14099210521407e-07,0.310223189907493,0.289,0.198,0.0100994756162351,0.091
Ddx46,6.23092995493527e-08,0.366196602901109,0.259,0.169,0.00102473874038865,0.09
Atp5o,6.83814073088762e-07,0.305832984684246,0.293,0.203,0.0112460062460178,0.09
Ndufa6,1.85986291984025e-06,0.266453151531942,0.295,0.206,0.0305873055796928,0.089
Azin1,6.79294572940574e-07,0.330584106528687,0.284,0.195,0.0111716785465807,0.089
Stx3,0.176517686950885,-0.487485147817556,0.546,0.458,1,0.088
Rnf11,1.59625485933045e-06,0.295126157451069,0.292,0.204,0.0262520074165485,0.088
Raf1,1.94209277125557e-07,0.383034360513728,0.267,0.18,0.00319396577160692,0.087
Dyrk1a,5.81914888649575e-08,0.459173759594072,0.257,0.17,0.000957017225873091,0.087
Phf12,2.29314781469603e-07,0.351757003021812,0.256,0.169,0.00377131089604909,0.087
Gtf3c2,2.88181388435936e-06,0.250893337902251,0.293,0.206,0.047394311142174,0.087
Kif1b,4.84653497731717e-05,-0.686169195941537,0.615,0.528,0.797061142369582,0.087
March6,2.33012567700062e-07,0.353145910340864,0.254,0.168,0.00383212468839521,0.086
Ganab,2.79582924187412e-06,0.315652851997377,0.3,0.214,0.0459802077118619,0.086
Cnot7,4.88734465207211e-07,0.361877146003194,0.267,0.182,0.00803772701479779,0.085
Retreg3,9.11795690521883e-07,0.305924735483938,0.262,0.177,0.0149953919263229,0.085
Usp47,3.09001408716805e-06,0.273940142493257,0.279,0.194,0.0508183716775658,0.085
Ttc7b,3.59944512568437e-07,0.343666725037361,0.251,0.166,0.00591964745370052,0.085
Grina,1.36022011006803e-06,-0.625245634235153,0.667,0.583,0.0223701799301787,0.0840000000000001
H1f0,5.27967140175341e-07,0.291956598159072,0.251,0.168,0.00868294758732366,0.083
Top1,4.00183350806609e-06,0.304518439037735,0.279,0.197,0.0658141538736549,0.082
Brd8,9.45708693529997e-06,0.253564322383196,0.266,0.187,0.155531251737943,0.079
Fam193a,1.16711314178265e-05,0.313771208179926,0.27,0.193,0.191943427297575,0.077
Ncam1,0.641859988334337,-0.421995979208068,0.511,0.434,1,0.077
Jund,0.00150430603380786,-0.49820002261728,0.289,0.212,1,0.077
Ndst1,8.2538548031651e-06,0.350761250062468,0.252,0.178,0.135742896092853,0.074
Rab1b,1.09353000544138e-05,0.307873910153329,0.252,0.178,0.179841944694889,0.074
Mef2d,0.0252864937182104,-0.567808251503132,0.53,0.459,1,0.071
Khdrbs1,7.52749129505717e-05,0.252636617318676,0.254,0.184,1,0.07
Akr1a1,0.589979524657152,-0.373950051150252,0.448,0.378,1,0.07
Fryl,0.647860633341654,-0.35277217949649,0.493,0.428,1,0.065
Actg1,0.338018595291539,-0.539521823023832,0.354,0.299,1,0.055
Ccnl1,0.175774255842145,-0.323296519480544,0.336,0.282,1,0.054
Cul3,0.0449943634852238,-0.478523454855242,0.516,0.462,1,0.054
Clta,0.569833641127714,-0.353006177057035,0.484,0.431,1,0.053
Hnrnpu,0.753295907934214,-0.262161506243736,0.421,0.369,1,0.052
Gnb5,5.31924388408145e-18,-1.02989346500718,0.628,0.577,8.74802849176036e-14,0.051
Ddx5,0.0254740913510743,-0.489480800951374,0.534,0.483,1,0.051
Anp32e,2.3559474020536e-06,-0.779317980630625,0.567,0.52,0.0387459109741735,0.0469999999999999
Rsrp1,0.0722383612666165,-0.579591101780675,0.472,0.427,1,0.045
Mapre3,0.259533090587206,-0.429685603807389,0.448,0.405,1,0.043
Bin1,0.000107472434593309,-0.716635050802228,0.526,0.484,1,0.042
Cd81,0.322732264554888,-0.765846295923862,0.389,0.349,1,0.04
Pitpnm1,1.71857244368037e-12,-0.878132502110097,0.587,0.547,2.82636424087673e-08,0.0399999999999999
BC005537,0.0534798191539566,-0.462495987731771,0.508,0.47,1,0.038
Rorb,0.57597008903622,-0.372384262627307,0.395,0.361,1,0.034
Hif1a,0.558580442802533,-0.310757004484215,0.389,0.361,1,0.028
Hook1,0.993340765556767,-0.343385205341505,0.32,0.292,1,0.028
Ktn1,0.665938321549688,-0.355952613381222,0.367,0.339,1,0.028
Zfand5,0.634055313370035,-0.290387550896542,0.289,0.262,1,0.027
Desi1,0.689438710273929,-0.337271569778023,0.352,0.327,1,0.025
Lgmn,0.557591126988426,-0.686915953081405,0.33,0.306,1,0.024
Add1,0.404648482420284,-0.365729312808799,0.38,0.358,1,0.022
Clcn3,0.677201743612274,-0.298215332671433,0.351,0.33,1,0.021
Dync1h1,0.00335966919795835,-0.608485456687175,0.461,0.442,1,0.019
Ndufa4,0.189659227150251,-0.53611557437349,0.354,0.335,1,0.019
Ndufa10,0.71519491529311,-0.334376493028805,0.31,0.293,1,0.017
Tpp1,0.395143845942802,-0.417308386906463,0.321,0.307,1,0.014
Agtpbp1,0.00236916189714794,-1.01775584778675,0.39,0.379,1,0.011
Tmbim6,0.625716817661033,-0.281551907115161,0.3,0.289,1,0.011
Tmem30a,0.717924367801447,-0.318304964444126,0.272,0.261,1,0.011
Plekhb2,0.0861307636432644,-0.416132385117134,0.398,0.389,1,0.00900000000000001
Wasf3,0.0641852620870212,-0.537463381899552,0.352,0.345,1,0.00700000000000001
Ubc,0.398542145341359,-0.643631855352605,0.282,0.277,1,0.00499999999999995
Man2a2,4.59012761724529e-08,-0.686802759098643,0.544,0.54,0.00075489238793216,0.004
Crx,5.14401868832741e-39,-1.52476732123238,0.618,0.615,8.45985313482325e-35,0.003
Grcc10,0.178632026142823,-0.454446756042244,0.325,0.322,1,0.003
Tm9sf3,0.37960086164809,-0.372829257115896,0.264,0.262,1,0.002
Vldlr,0.463412188021198,-0.314168291181389,0.259,0.257,1,0.002
Cpe,3.45713031525403e-18,-1.1636404896923,0.593,0.592,5.68559651646679e-14,0.001
Scamp5,0.000518020663648413,-0.696538642947866,0.408,0.408,1,0
Tmem59,0.117203102121902,-0.564649926290162,0.282,0.285,1,-0.003
Mat2a,0.026653374221096,-0.676310388559833,0.334,0.34,1,-0.00600000000000001
Uqcrc1,0.0276372919016881,-0.448804368169683,0.362,0.37,1,-0.00800000000000001
Synj1,0.156087349852463,-0.40389938415755,0.246,0.258,1,-0.012
Cops9,0.0764078064901122,-0.528186996448041,0.252,0.266,1,-0.014
Aff1,0.0113557915479708,-0.56075784220562,0.328,0.344,1,-0.016
Pcbp2,3.75057902653646e-05,-0.722577657895918,0.393,0.413,0.616820226704187,-0.02
Usp33,0.000627660472142963,-0.63778080323505,0.359,0.379,1,-0.02
Smpd1,0.0180211813220421,-0.732310508820304,0.244,0.264,1,-0.02
Memo1,0.00517789030541831,-0.695095677564116,0.284,0.307,1,-0.023
Sdf4,0.0113155378739753,-0.60958501577116,0.267,0.291,1,-0.024
Tnrc6b,0.000520876516764715,-0.644042563842168,0.354,0.379,1,-0.025
Tet3,0.00726287368799983,-0.545993020580564,0.274,0.302,1,-0.028
Arfgef1,0.0100029986852008,-0.577938282708,0.254,0.282,1,-0.028
R3hdm4,0.00621992152066366,-0.603310855670753,0.266,0.295,1,-0.029
Map1lc3b,0.00978067773606668,-0.564963625487276,0.218,0.25,1,-0.032
Gpsm2,0.00304841052396549,-0.720723845341864,0.226,0.26,1,-0.034
Hcn1,9.96659560673718e-06,-0.742615170053256,0.354,0.389,0.1639106313484,-0.035
Pigt,0.00277017657368042,-0.639594073562171,0.231,0.269,1,-0.038
Pcbp4,1.62805580245211e-15,-0.956405846918814,0.487,0.526,2.67750057271274e-11,-0.039
Ldha,1.06478316998467e-11,-0.902714283312574,0.441,0.485,1.75114240135679e-07,-0.044
Cep290,0.000535995539101535,-0.719686220285918,0.208,0.256,1,-0.048
Smim40,2.04178971736001e-06,-1.02857258529064,0.28,0.33,0.0335792736917027,-0.05
Fbxl5,2.04478748636568e-06,-0.863257148710661,0.302,0.354,0.03362857500077,-0.052
Clasp1,7.63055007323274e-07,-0.840361875029561,0.328,0.381,0.0125492026504386,-0.053
Ppm1b,5.75545868787562e-06,-0.715502449219327,0.32,0.373,0.0946542735808025,-0.053
Syngr1,0.000122576793411006,-0.724526877241769,0.207,0.261,1,-0.054
Plekhb1,1.5007456714391e-37,-1.40319079723997,0.551,0.614,2.46812633124875e-33,-0.0629999999999999
Fau,2.64717287430749e-06,-0.998384599705469,0.23,0.294,0.043535405090861,-0.064
Ndufs2,2.21457334979719e-07,-0.797325414149792,0.321,0.385,0.00364208733107647,-0.064
H2afv,7.03120573995923e-06,-0.82672185436902,0.234,0.299,0.11563520959937,-0.065
Serinc3,3.24150718717679e-07,-1.23895591854224,0.266,0.331,0.00533098272003095,-0.065
Kdm3b,2.86996617629457e-06,-0.849476713131199,0.234,0.301,0.0471994637353405,-0.067
Ypel3,2.45688812799163e-05,-0.72632433763964,0.187,0.254,0.404059821529503,-0.067
Taok3,4.91357507287044e-06,-0.846319607278724,0.187,0.256,0.0808086556484272,-0.069
Osbp2,3.00324825822835e-18,-1.13464795295983,0.421,0.491,4.93914208548234e-14,-0.07
Gns,9.6867471822398e-07,-1.1328752469229,0.185,0.255,0.0159308244159116,-0.07
Slc6a6,7.56112808977152e-36,-1.30710322808993,0.561,0.633,1.24350312564382e-31,-0.072
Frmd4b,1.15978533227439e-06,-0.833317273466544,0.231,0.303,0.0190738295745847,-0.072
Kdm5b,1.566182774984e-07,-0.869410420669189,0.259,0.331,0.00257574419173868,-0.072
Ccndbp1,1.77708208119074e-06,-0.887877594758786,0.195,0.267,0.0292258919072629,-0.072
Dctn1,7.83738063840779e-20,-1.16101843455175,0.425,0.502,1.28893561979255e-15,-0.077
Slc44a1,1.59531113885929e-07,-0.922050873969541,0.195,0.275,0.00262364869896799,-0.08
Herc3,1.17186084522964e-23,-1.25955678802204,0.439,0.52,1.92724234606467e-19,-0.081
Cul5,4.93634681178461e-08,-1.03666302363615,0.17,0.255,0.000811831596666097,-0.085
Ap1b1,8.24039189495087e-10,-0.940040812431395,0.264,0.354,1.35521485104362e-05,-0.09
Sgip1,3.83165099045562e-09,-1.08806010800429,0.159,0.252,6.30153321890331e-05,-0.093
Lamp2,2.16305672888972e-10,-1.36414168016185,0.187,0.282,3.55736309633203e-06,-0.095
Mbnl2,2.58027995470253e-09,-0.926655191429626,0.225,0.321,4.24352841350379e-05,-0.096
Ccdc85c,1.25087099945726e-10,-1.11865351396571,0.18,0.283,2.05718244570741e-06,-0.103
Hspa4l,2.25782345807909e-11,-1.10912773906482,0.216,0.321,3.71321645915686e-07,-0.105
Snrk,1.15268348971211e-10,-1.066368588256,0.185,0.291,1.89570326718054e-06,-0.106
Cnot6,6.79792328896234e-12,-1.04960260917345,0.238,0.346,1.11798646410275e-07,-0.108
Cacnb2,1.86022422892718e-11,-1.27785378920432,0.141,0.25,3.05932476689364e-07,-0.109
Unc119,1.1051100991888e-71,-2.31196498685355,0.557,0.667,1.8174640691259e-67,-0.11
Ndufb11,4.81724313768043e-12,-1.17678412303342,0.203,0.315,7.92243806422923e-08,-0.112
Slc2a1,2.54559241028388e-15,-2.03605721936841,0.226,0.342,4.18648127795288e-11,-0.116
Wdtc1,4.40105079304602e-15,-1.18019599775579,0.251,0.372,7.23796813424348e-11,-0.121
Trp53inp2,3.04750614991315e-13,-1.25624156040575,0.143,0.265,5.01192861414716e-09,-0.122
Dync1li1,1.00147339992026e-13,-1.22148161145967,0.193,0.316,1.64702315350886e-09,-0.123
Pink1,7.32351444115683e-14,-1.06079155726048,0.239,0.363,1.20442518499265e-09,-0.124
Mta2,2.73767744055746e-14,-1.23827235577629,0.187,0.315,4.5023843187408e-10,-0.128
Uhmk1,8.61720262607515e-15,-1.31038152754357,0.159,0.29,1.41718514388432e-10,-0.131
Vps37a,6.1925881375583e-15,-1.27076624275862,0.185,0.317,1.01843304510284e-10,-0.132
Sirt2,8.61286767027613e-15,-1.36538855116729,0.139,0.271,1.41647221705361e-10,-0.132
Zfp516,3.5902512406268e-16,-1.36469340058696,0.2,0.334,5.90452719033484e-12,-0.134
Rasgrf2,3.40071765686774e-16,-1.49466339181695,0.148,0.285,5.59282025848469e-12,-0.137
Tmsb4x,2.98264171316595e-16,-2.51427819710502,0.157,0.295,4.90525256147272e-12,-0.138
Lgalsl,1.41633121548175e-18,-1.42426115389127,0.223,0.363,2.32929831698128e-14,-0.14
Tmem136,3.22770314825846e-18,-1.72319024480096,0.103,0.25,5.30828059762586e-14,-0.147
Tnpo1,2.90301791317006e-22,-1.33376042986797,0.287,0.437,4.77430325999949e-18,-0.15
Kdm4c,1.07033499909922e-18,-1.54645393411046,0.146,0.298,1.76027293951857e-14,-0.152
Dlg4,6.14077465576183e-36,-1.56537750786956,0.367,0.522,1.00991179988659e-31,-0.155
Ncoa2,6.07530240664522e-20,-1.55639558193292,0.17,0.326,9.99144233796872e-16,-0.156
Eml3,3.91209065975751e-20,-1.71478646359823,0.13,0.287,6.4338242990372e-16,-0.157
Hmgn1,2.59510412554417e-20,-1.63084110584891,0.161,0.318,4.26790824486994e-16,-0.157
Trib2,9.75315783600096e-20,-1.71791963332596,0.093,0.25,1.60400433770872e-15,-0.157
Hook3,5.57694629929932e-20,-1.61606282724106,0.125,0.284,9.17184588382766e-16,-0.159
Tpt1,6.9186123838374e-23,-1.7271707989026,0.238,0.398,1.1378349926459e-18,-0.16
Rab28,1.06530817077825e-21,-1.47146904576599,0.203,0.365,1.75200581766191e-17,-0.162
Ctsd,3.76152715725967e-23,-3.1572215836176,0.092,0.254,6.18620756282925e-19,-0.162
Rd3,1.25986131798023e-22,-1.53538425158333,0.192,0.359,2.07196792355029e-18,-0.167
Klhl18,1.56688636602752e-21,-1.61065648271306,0.139,0.306,2.57690131756886e-17,-0.167
Lbh,4.58077137476892e-19,-1.14975234856684,0.12,0.288,7.53353660294496e-15,-0.168
Mtfr1,2.99030234225046e-22,-1.88047588327279,0.103,0.271,4.91785123206511e-18,-0.168
Pip4k2c,2.66810593306518e-23,-2.04671742633909,0.08,0.251,4.38796701751899e-19,-0.171
Cspg5,3.01497965081665e-24,-2.51041829771561,0.092,0.265,4.95843553373306e-20,-0.173
Ndrg3,1.08529438337052e-33,-1.7634795127408,0.289,0.462,1.78487514289115e-29,-0.173
Sh3glb1,3.84269909134218e-22,-1.56860208349193,0.149,0.323,6.31970292562134e-18,-0.174
Ppp2r2b,9.69935242701902e-24,-1.66226131469464,0.167,0.342,1.59515550014755e-19,-0.175
Ddhd1,3.35467675368924e-23,-1.67664814339098,0.159,0.334,5.51710138911733e-19,-0.175
Arl3,6.99896466964693e-30,-1.69396811612941,0.27,0.446,1.15104972957013e-25,-0.176
Slc3a2,1.4253996908224e-24,-2.09186355000314,0.108,0.286,2.34421233152651e-20,-0.178
Acadvl,2.2946180845082e-25,-2.28186254237518,0.074,0.253,3.77372890178219e-21,-0.179
Odc1,5.61128085360724e-25,-2.11900999273651,0.092,0.273,9.22831249184246e-21,-0.181
Acsl6,7.07466833675892e-27,-1.47845363977277,0.243,0.425,1.16349995466337e-22,-0.182
Uckl1,9.77048955305832e-26,-1.97982802652949,0.113,0.298,1.60685471189597e-21,-0.185
Ahcyl1,3.60834308784348e-31,-1.42550609458028,0.295,0.482,5.93428104226739e-27,-0.187
Ctsb,2.26968227909313e-29,-2.11242528046205,0.225,0.413,3.73271947619657e-25,-0.188
Hist1h2bc,8.06343195146503e-28,-1.79622022961418,0.208,0.397,1.32611201873794e-23,-0.189
Icmt,8.61706948441966e-35,-1.64020488629391,0.284,0.474,1.41716324740766e-30,-0.19
Rhot1,1.52718303852539e-27,-1.75087190688373,0.169,0.36,2.51160522515886e-23,-0.191
Lsm14a,9.84874716227484e-28,-1.62544371992606,0.192,0.385,1.61972495830772e-23,-0.193
Laptm4b,1.6808466655508e-44,-1.72921745512948,0.344,0.539,2.76432042616484e-40,-0.195
Cdk19,4.66955359031487e-29,-2.38545196075376,0.072,0.269,7.67954783463183e-25,-0.197
Tusc3,8.03071526996407e-28,-1.86886905140077,0.133,0.33,1.32073143329829e-23,-0.197
Lifr,7.01398346933198e-30,-2.56731085003879,0.057,0.257,1.15351972136634e-25,-0.2
Bbs5,4.0086397776358e-31,-2.73678097208168,0.048,0.251,6.59260897829983e-27,-0.203
Trafd1,2.01114767729226e-31,-1.80335917336869,0.19,0.394,3.30753347007485e-27,-0.204
Psd,8.83928709105103e-31,-2.50227350154775,0.064,0.268,1.45370915499425e-26,-0.204
Ckmt1,8.94977662976716e-32,-2.77087788092776,0.056,0.262,1.47188026453151e-27,-0.206
Ctnna1,1.27261972022713e-32,-2.9272077207399,0.043,0.251,2.09295039188553e-28,-0.208
Bbs7,5.01838332827719e-32,-2.64242769876392,0.056,0.265,8.25323322168467e-28,-0.209
Lman1,1.05998286461735e-29,-1.89613112279287,0.12,0.329,1.7432478191497e-25,-0.209
Otud7b,2.67907639498092e-31,-2.31013305559246,0.084,0.294,4.40600903918562e-27,-0.21
Zdhhc5,5.94204309104513e-31,-2.02824635708157,0.123,0.334,9.77228406753283e-27,-0.211
Amer2,1.26183545775681e-32,-2.64312806552961,0.056,0.268,2.07521459382685e-28,-0.212
Rabgef1,7.59971777585025e-32,-2.26281555762508,0.108,0.321,1.24984958541633e-27,-0.213
Pacsin2,2.45421405696487e-31,-2.0096248444861,0.12,0.333,4.03620043808443e-27,-0.213
Ppef2,1.5175024964057e-32,-2.52711539410869,0.072,0.286,2.49568460558882e-28,-0.214
Ap2a2,7.90820582587016e-36,-1.85059869085409,0.211,0.427,1.30058353012261e-31,-0.216
Map2,3.8937154958955e-33,-1.98349502208003,0.151,0.367,6.40360450454975e-29,-0.216
AW549877,7.21138256972406e-33,-1.93214927840732,0.161,0.377,1.18598397741682e-28,-0.216
Lpcat1,7.96986804862239e-33,-2.36493831424442,0.079,0.296,1.31072449927644e-28,-0.217
Syne2,2.00039299674507e-35,-3.33325818020624,0.033,0.251,3.28984632244694e-31,-0.218
St3gal1,4.3052830208846e-35,-3.21786658318806,0.036,0.254,7.08046845614682e-31,-0.218
Slc16a6,9.00833721448105e-36,-3.46362156545056,0.031,0.25,1.48151113829355e-31,-0.219
Hipk3,1.1603419126815e-32,-1.97608795470238,0.126,0.346,1.90829830959599e-28,-0.22
Stard7,2.48948525502184e-34,-2.14432103416186,0.143,0.363,4.09420745040891e-30,-0.22
Dmd,5.39328298760915e-35,-2.71808824177157,0.048,0.271,8.86979320142201e-31,-0.223
Cd164,1.48099355620468e-34,-2.5578207748244,0.084,0.308,2.43564200253422e-30,-0.224
Alpl,1.10739116572752e-34,-2.45975119130198,0.08,0.305,1.82121551115549e-30,-0.225
Cotl1,1.5628532001922e-37,-3.85476641818357,0.026,0.252,2.5702683730361e-33,-0.226
Ppp3cc,3.56843580191409e-36,-2.94769438497483,0.046,0.272,5.86864951982791e-32,-0.226
Dgke,4.75112335839235e-36,-2.18914073348352,0.136,0.363,7.81369747521207e-32,-0.227
Glmn,2.11597633487737e-36,-2.97508836988286,0.051,0.278,3.47993468033933e-32,-0.227
Apoe,1.67555873376064e-38,-4.46622033926363,0.023,0.252,2.75562389354275e-34,-0.229
Impdh1,4.01019735402929e-56,-2.12673189823734,0.318,0.547,6.59517056843657e-52,-0.229
Ppp2r5c,6.53993069573786e-41,-1.80262174194782,0.238,0.468,1.07555700222105e-36,-0.23
Cdk2ap2,1.22987835798555e-36,-2.66720244550713,0.062,0.293,2.02265794754303e-32,-0.231
Nadk2,2.01736814572292e-36,-2.67845988499893,0.064,0.295,3.31776365245591e-32,-0.231
Lrit3,7.57907116442473e-39,-3.73261408450825,0.026,0.258,1.24645404370129e-34,-0.232
Gas6,1.00798400797879e-37,-3.05236854099923,0.046,0.278,1.65773049952193e-33,-0.232
Gpm6b,5.53330675055651e-38,-2.72821017159937,0.049,0.286,9.10007628196524e-34,-0.237
Ttc8,1.92440512043344e-37,-2.55289574410682,0.074,0.311,3.16487666106483e-33,-0.237
Pde8b,4.76754096736956e-39,-3.07731832625732,0.039,0.277,7.84069787493598e-35,-0.238
Map4k3,3.63244937854451e-37,-2.30788463379567,0.095,0.334,5.9739262479543e-33,-0.239
Tub,3.70195882674695e-38,-2.35453470503275,0.103,0.344,6.08824148646804e-34,-0.241
Cpt1a,5.36199267484841e-41,-3.57816847319173,0.028,0.27,8.81833315305569e-37,-0.242
Adamts3,3.20174019167702e-40,-3.18820343516094,0.049,0.293,5.26558191923202e-36,-0.244
Chd7,1.37338268931371e-40,-3.14300994484519,0.039,0.284,2.25866517084532e-36,-0.245
Hsp90aa1,3.40216548435013e-66,-1.96301574927512,0.359,0.604,5.59520135556222e-62,-0.245
Vopp1,2.73820886955666e-49,-2.33298454085962,0.223,0.468,4.50325830687289e-45,-0.245
Scarb1,6.04313484673309e-38,-1.98591655573618,0.13,0.376,9.93853956893724e-34,-0.246
Nt5e,1.88221994485695e-41,-3.41390282583406,0.033,0.279,3.09549892131174e-37,-0.246
Atp8a2,1.31961717381152e-39,-2.2171042312584,0.128,0.375,2.17024240405042e-35,-0.247
Ndrg1,1.58617841763746e-41,-2.20434592322571,0.151,0.399,2.60862902564656e-37,-0.248
Lyar,2.78873431260058e-42,-3.52129971485433,0.034,0.284,4.58635245050291e-38,-0.25
Ttyh2,1.55212715050151e-42,-3.56963797716564,0.031,0.282,2.55262831171479e-38,-0.251
Cdk5r2,7.64820517228794e-42,-3.01251744704594,0.061,0.312,1.25782382263447e-37,-0.251
Ush2a,9.47691830779656e-44,-3.69513645988637,0.028,0.283,1.55857398490022e-39,-0.255
Msi1,2.43791622850344e-43,-2.20339163345253,0.149,0.405,4.00939702939676e-39,-0.256
Sema3f,1.71108657480363e-42,-2.99582411820042,0.052,0.308,2.81405298092205e-38,-0.256
Gnaz,2.07930894369455e-44,-3.706944568882,0.028,0.285,3.41963148880006e-40,-0.257
Grtp1,2.79647584240269e-43,-3.22180544164009,0.041,0.298,4.59908417041546e-39,-0.257
Bbs9,1.94431731777242e-42,-2.70607594177809,0.077,0.334,3.19762426080852e-38,-0.257
Pias3,2.13553998305444e-44,-3.6767155351136,0.031,0.289,3.51210905613134e-40,-0.258
Mylk,1.06438012821058e-46,-4.43432527569185,0.021,0.285,1.75047955885512e-42,-0.264
Tbc1d8,3.43375210868473e-46,-3.89016186425031,0.031,0.295,5.64714871794291e-42,-0.264
Pla2g5,3.77191556945346e-47,-4.5205289414737,0.015,0.28,6.20329234552317e-43,-0.265
Slco4a1,1.05059570861659e-45,-3.46760600078248,0.043,0.308,1.72780970239085e-41,-0.265
Pmm1,4.05829215834291e-44,-2.70135286723136,0.074,0.339,6.67426728361074e-40,-0.265
Raly,1.34518478277407e-43,-2.1782845074944,0.133,0.398,2.21229089375024e-39,-0.265
Kcnj14,4.25901820101278e-47,-3.70598240301961,0.036,0.305,7.00438133338562e-43,-0.269
Epas1,8.98249228237485e-47,-3.93086351972443,0.031,0.3,1.47726068075937e-42,-0.269
Kirrel,1.74434643298528e-46,-3.54808362212995,0.036,0.305,2.8687521436876e-42,-0.269
Bicdl1,7.00711244406191e-45,-2.71703856191679,0.072,0.341,1.15238971255042e-40,-0.269
Glb1l2,2.77288102815671e-46,-3.23959473643885,0.043,0.313,4.56028013890653e-42,-0.27
Dyrk2,2.66473089668689e-47,-3.73407713096229,0.034,0.305,4.38241643269126e-43,-0.271
Jam2,6.32143693957746e-48,-3.66322721193163,0.038,0.311,1.03962351908291e-43,-0.273
Fam53b,7.16880635939199e-47,-3.03190672385899,0.069,0.342,1.17898189386561e-42,-0.273
Fth1,9.73322270043069e-53,-2.08363855498017,0.233,0.507,1.60072580531283e-48,-0.274
Ssu72,1.60576314319659e-46,-2.45918061101887,0.116,0.39,2.64083806530112e-42,-0.274
Atp11a,2.90705099637506e-48,-2.90213060547359,0.066,0.346,4.78093606863842e-44,-0.28
Neurod1,2.65874411888778e-63,-2.63555994627209,0.234,0.514,4.37257057792285e-59,-0.28
Frmpd2,3.27483268139749e-49,-3.55151807954287,0.039,0.32,5.38578982782631e-45,-0.281
Rdh8,8.28448166081857e-51,-4.34540492898261,0.023,0.305,1.36246585393822e-46,-0.282
Tmem229b,9.34065866801479e-49,-2.15986044569821,0.151,0.434,1.53616472454171e-44,-0.283
Nxnl2,6.7031931015548e-52,-4.56937626920458,0.018,0.304,1.1024071374817e-47,-0.286
Ptp4a3,3.03190335840032e-66,-2.11091559031345,0.275,0.561,4.98626826322517e-62,-0.286
Slc4a7,3.58745733734903e-51,-3.65136536527385,0.039,0.326,5.89993233700421e-47,-0.287
Mest,2.27209542773696e-49,-2.84560780572633,0.049,0.337,3.7366881404562e-45,-0.288
Dpf3,4.12398752090086e-51,-3.30659725351314,0.057,0.346,6.78230987687356e-47,-0.289
Pcmtd2,1.38893962247312e-53,-2.37162395864479,0.159,0.448,2.28425010311929e-49,-0.289
Cds1,1.46888164110237e-52,-4.29102715609296,0.023,0.313,2.41572274695696e-48,-0.29
Samd7,5.04894323841517e-52,-3.88012142868908,0.048,0.338,8.30349204989758e-48,-0.29
Pla2r1,3.33974784601677e-51,-2.91672358115118,0.052,0.345,5.49254930755919e-47,-0.293
Fam161a,4.38231262674707e-52,-3.05856122790272,0.072,0.366,7.20715134594823e-48,-0.294
Ric8b,2.14813811585053e-54,-2.40312298708081,0.157,0.452,3.53282794532778e-50,-0.295
Kcnb1,1.17619638030382e-52,-2.65369431088592,0.107,0.402,1.93437256704766e-48,-0.295
Adcy1,1.38321305766746e-51,-2.81225434453771,0.072,0.368,2.2748321946399e-47,-0.296
Mak,8.58123133926276e-53,-3.14247019747726,0.059,0.357,1.41126930605515e-48,-0.298
Cdr2,8.03917069563453e-54,-3.78673212339841,0.031,0.329,1.32212201260406e-49,-0.298
Atp1a1,2.68299625720001e-53,-3.51839841485906,0.056,0.355,4.41245564459114e-49,-0.299
Plpp2,2.96727468928398e-55,-4.15102405892817,0.03,0.331,4.87997995399644e-51,-0.301
Ankrd33b,1.45136127359893e-54,-3.51808336281943,0.036,0.339,2.3869087505608e-50,-0.303
Dhrs3,1.92179300289107e-56,-4.36451546998789,0.023,0.327,3.16058077255465e-52,-0.304
Tnfsf12,5.17462899444438e-56,-4.10249571699392,0.028,0.332,8.51019484426323e-52,-0.304
Mab21l1,4.21660301772838e-56,-4.17807272378816,0.026,0.331,6.93462532295609e-52,-0.305
Epb41,1.27806762300177e-95,-2.46262195497428,0.334,0.641,2.10191001278872e-91,-0.307
Ubap1l,3.0821509235951e-56,-3.51326575103301,0.046,0.354,5.0689054089445e-52,-0.308
Pcdh15,5.81562533667033e-57,-2.77462756793438,0.123,0.432,9.56437742868802e-53,-0.309
Mdm1,1.89897108145399e-56,-3.30527666409494,0.057,0.368,3.12304784055924e-52,-0.311
Tspan7,1.05793685808953e-64,-2.35944374342435,0.198,0.515,1.73988295681403e-60,-0.317
Fam3c,2.95073527825616e-59,-3.46392228354251,0.062,0.38,4.85277923862008e-55,-0.318
Fabp12,7.1325351865896e-59,-3.25707714081159,0.064,0.383,1.17301673678653e-54,-0.319
Esrrb,1.89438021849162e-60,-4.19525836180546,0.03,0.351,3.11549770733132e-56,-0.321
Pex5l,2.03674496779826e-59,-3.65941605986719,0.034,0.356,3.34963077404102e-55,-0.322
Slc16a1,4.66355770880272e-60,-4.03019995696287,0.051,0.373,7.66968700789696e-56,-0.322
Ano2,1.74985358363604e-59,-3.52271756266605,0.041,0.363,2.87780920364784e-55,-0.322
Tnfsf13,3.6414685730021e-61,-4.06077719323105,0.041,0.365,5.98875921515926e-57,-0.324
Dpysl3,3.17526203402723e-63,-3.36012675838448,0.061,0.395,5.22203594116118e-59,-0.334
Pfkfb2,1.43626865780221e-64,-2.80028928656559,0.111,0.447,2.36208743462151e-60,-0.336
Zdhhc2,1.37726824878764e-64,-4.27119129254123,0.026,0.363,2.26505536195615e-60,-0.337
Pcare,1.21995627077087e-63,-3.6034315940198,0.051,0.388,2.00634008290978e-59,-0.337
Elovl4,1.05559751169005e-74,-2.95803481935063,0.166,0.504,1.73603566772545e-70,-0.338
Tax1bp1,2.93861688945993e-65,-2.59981433260578,0.123,0.462,4.8328493364058e-61,-0.339
Cadm2,2.09541026999421e-65,-3.07713814805664,0.082,0.424,3.44611173003247e-61,-0.342
Nxnl1,2.61168308777845e-69,-4.26815240911065,0.036,0.389,4.29517400616044e-65,-0.353
Ebpl,2.14806118620997e-69,-3.90826017799822,0.043,0.397,3.53270142684092e-65,-0.354
Rtbdn,1.06307135838521e-70,-4.77000772370371,0.025,0.382,1.74832715600032e-66,-0.357
Gucy2f,5.45852219618563e-71,-4.47150967166348,0.03,0.388,8.97708560384688e-67,-0.358
Kcnv2,1.34784206446699e-70,-4.12748854446739,0.039,0.397,2.21666105922241e-66,-0.358
Drd4,3.43923365275942e-71,-3.82197127279135,0.048,0.409,5.65616366532814e-67,-0.361
Crb1,8.00043276258839e-71,-3.93287514169206,0.036,0.397,1.31575117213529e-66,-0.361
Tma7,8.27458020495186e-108,-3.14643084175658,0.28,0.643,1.36083746050638e-103,-0.363
Arl6,1.0235799219364e-73,-3.32666103196303,0.082,0.45,1.6833795396166e-69,-0.368
Wdr17,1.70106854790009e-72,-3.47488344593162,0.061,0.429,2.79757733387648e-68,-0.368
Prcd,6.69444331020187e-74,-4.1590048119107,0.039,0.409,1.1009681467958e-69,-0.37
Ccdc126,3.23442143484285e-75,-4.31979962656597,0.036,0.41,5.31932949174255e-71,-0.374
Clstn1,2.2160187678791e-105,-2.78853323506228,0.272,0.647,3.64446446565398e-101,-0.375
Map1b,1.15359628476376e-85,-3.37640959933354,0.131,0.512,1.89720444992247e-81,-0.381
Adipor1,7.4164201497583e-100,-2.74462122627325,0.233,0.616,1.21970445782925e-95,-0.383
Ankrd33,4.30771844374854e-79,-4.86883363487333,0.025,0.41,7.08447375258884e-75,-0.385
Egflam,8.0445298284924e-80,-4.41791812216628,0.028,0.418,1.32300337559386e-75,-0.39
Rp1l1,6.81491755676593e-81,-4.09796648474191,0.044,0.436,1.12078134138573e-76,-0.392
Casz1,2.45922094473528e-82,-4.1405329704007,0.046,0.442,4.04443476571165e-78,-0.396
Pla2g7,1.46598918517248e-81,-4.11470705120367,0.039,0.435,2.41096581393466e-77,-0.396
Pitpnm3,7.29991314005503e-86,-4.00469693525667,0.054,0.461,1.20054371501345e-81,-0.407
Vtn,7.4672417455076e-90,-5.08929288232891,0.028,0.448,1.22806257746618e-85,-0.42
Cnga1,5.28569373072903e-90,-4.74629100976489,0.034,0.454,8.69285190955696e-86,-0.42
Gucy2e,4.05941391957062e-92,-4.20643259993452,0.048,0.473,6.67611213212585e-88,-0.425
Mpp4,4.27840267678968e-92,-4.24639278261783,0.044,0.472,7.0362610422483e-88,-0.428
C2cd2l,2.54644186298458e-103,-3.71290093839898,0.107,0.542,4.18787828786445e-99,-0.435
Tdrd7,1.06191887685461e-96,-4.01335325649049,0.059,0.496,1.74643178487509e-92,-0.437
Cdhr1,2.92356754541761e-100,-4.45092668733764,0.043,0.495,4.80809918519379e-96,-0.452
Impg1,4.68101868005162e-102,-4.98300831400046,0.031,0.488,7.6984033212129e-98,-0.457
Samd11,2.9257854144096e-107,-4.16492498160554,0.067,0.53,4.81174669253804e-103,-0.463
Cngb1,9.16801256457855e-125,-3.60231607138025,0.136,0.611,1.50777134637059e-120,-0.475
Cplx4,2.70470777345905e-112,-4.76662203947952,0.056,0.531,4.44816240423076e-108,-0.475
Rdh12,2.03914548228135e-109,-5.00604427120764,0.036,0.511,3.3535786601599e-105,-0.475
Impg2,5.50329799147786e-111,-4.6934374827683,0.043,0.521,9.05072387678448e-107,-0.478
Prom1,4.70392497406197e-112,-4.43031514436324,0.048,0.53,7.73607501234232e-108,-0.482
Ybx3,3.97547031384067e-117,-4.41868957283887,0.054,0.546,6.53805847814237e-113,-0.492
Rom1,2.56221181955047e-149,-4.77869482155133,0.18,0.674,4.2138135584327e-145,-0.494
Reep6,8.84947633166176e-123,-5.82249953075667,0.036,0.544,1.45538487750509e-118,-0.508
Grk1,3.71554461251699e-130,-4.0909663076094,0.087,0.601,6.11058466974544e-126,-0.514
Agpat3,7.49695729717526e-150,-3.58607404234361,0.152,0.675,1.23294959709344e-145,-0.523
Rp1,1.05072259059754e-131,-4.43323907292296,0.067,0.592,1.72801837249672e-127,-0.525
Nr2e3,4.49508850900299e-139,-5.06526609349405,0.054,0.597,7.39262256190631e-135,-0.543
Aipl1,5.31953044257311e-143,-4.88518558021768,0.062,0.608,8.74849976585574e-139,-0.546
Epb41l2,5.70132581465004e-147,-4.25029598535974,0.084,0.632,9.37640043477346e-143,-0.548
Gngt1,8.51616344911185e-154,-5.41079472573271,0.093,0.648,1.40056824084094e-149,-0.555
Pdc,5.25471386960818e-165,-5.3152542713636,0.121,0.68,8.64190242995762e-161,-0.559
Guca1b,4.85317933592791e-147,-5.50827359837301,0.052,0.612,7.98153873586704e-143,-0.56
Abca4,2.22226041927965e-149,-4.18307507192207,0.072,0.636,3.65472948554732e-145,-0.564
Tulp1,6.54584885820463e-152,-4.8701067797683,0.062,0.63,1.07653030322033e-147,-0.568
Rgs9,6.20921330642463e-150,-4.34743331053921,0.061,0.632,1.02116722037459e-145,-0.571
Rs1,4.54330000472807e-152,-5.6431476440623,0.048,0.622,7.47191118777579e-148,-0.574
Prph2,2.90411505707078e-174,-5.35820402150784,0.115,0.693,4.7761076228586e-170,-0.578
Gnb1,2.4907339163055e-158,-5.68194520791104,0.066,0.646,4.09626099875602e-154,-0.58
Fam57b,2.07496955418557e-163,-5.38673933561082,0.062,0.652,3.41249492881358e-159,-0.59
Nrl,1.75764339358798e-160,-5.81036340665121,0.044,0.637,2.89062032509479e-156,-0.593
Rcvrn,3.38571002430167e-165,-6.18967772827154,0.062,0.657,5.56813870596653e-161,-0.595
Pde6b,1.68964401903985e-176,-4.99107928212284,0.092,0.69,2.77878855371293e-172,-0.598
Rbp3,9.79884364129052e-174,-5.61736552946235,0.085,0.686,1.61151782524664e-169,-0.601
Pde6g,9.81295192859166e-171,-5.99264525992129,0.069,0.672,1.61383807417618e-166,-0.603
Gnat1,4.92232373792089e-179,-7.05917787734774,0.061,0.683,8.0952536193847e-175,-0.622
Cst3,1.95147585602923e-179,-3.92070263699322,0.095,0.749,3.20939719282567e-175,-0.654
Slc24a1,1.56916457973734e-199,-5.43528281519148,0.057,0.723,2.58064806783602e-195,-0.666
Rho,7.85748246829738e-188,-15.1005423711129,0,0.674,1.29224156673619e-183,-0.674
