,p_val,avg_log2FC,pct.1,pct.2,p_val_adj,pct.1_pct.2
Ets1,0,6.60449673252066,1,0.03,0,0.97
Itk,0,11.7019314152743,0.958,0.001,0,0.957
Cd53,0,4.92694597952851,0.996,0.048,0,0.948
Coro1a,0,4.81989877211614,0.987,0.047,0,0.94
Emb,0,6.85552068307179,0.958,0.024,0,0.934
Cytip,0,5.80186344711008,0.95,0.017,0,0.933
Rac2,0,5.59187334055991,0.962,0.038,0,0.924
Srgn,0,4.17230054600556,0.971,0.049,0,0.922
Laptm5,0,3.44818238360081,0.971,0.052,0,0.919
Zc3hav1,0,6.78914077259446,0.941,0.022,0,0.919
H2-K1,0,5.25408326041275,0.971,0.053,0,0.918
Cd3d,0,12.6232172710646,0.908,0,0,0.908
Tmsb10,0,5.20564727905058,0.979,0.075,0,0.904
Shisa5,0,5.71172431860561,0.954,0.051,0,0.903
Gpr132,0,6.32420843166554,0.916,0.015,0,0.901
Stk17b,0,5.1513644161759,0.954,0.054,0,0.9
Ptprc,0,5.4667562121566,0.929,0.034,0,0.895
Ms4a4b,0,12.8111263851025,0.891,0,0,0.891
Gimap6,0,7.80067268774511,0.895,0.009,0,0.886
Arhgdib,0,5.0432382738787,0.929,0.05,0,0.879
Sept1,0,8.51023574967901,0.883,0.004,0,0.879
Gramd3,0,8.03524815069741,0.891,0.014,0,0.877
Cd3e,0,13.1936280477622,0.874,0,0,0.874
Cd52,0,4.90062193767083,0.912,0.042,0,0.87
Gimap3,0,10.1387897234053,0.87,0.002,0,0.868
Arhgap45,0,5.50775847163341,0.891,0.031,0,0.86
Dock2,0,5.36267659022802,0.891,0.033,0,0.858
Msn,0,3.64074689772157,0.958,0.102,0,0.856
Limd2,0,5.29554029167923,0.895,0.043,0,0.852
Ikzf1,0,5.68225108990261,0.879,0.028,0,0.851
Ms4a6b,0,7.14603555328972,0.858,0.01,0,0.848
Gimap4,0,8.4009406662348,0.849,0.005,0,0.844
Sell,0,7.55441788596398,0.845,0.007,0,0.838
Trbc2,0,14.0484156212776,0.837,0,0,0.837
Arhgef1,0,4.37866747296995,0.937,0.107,0,0.83
Il2rg,0,6.97462940602153,0.841,0.011,0,0.83
Dgka,0,7.29912935888677,0.841,0.016,0,0.825
Lef1,0,8.32043395868808,0.82,0.005,0,0.815
S1pr1,0,5.90064585909725,0.845,0.032,0,0.813
Cd3g,0,12.5655781367843,0.812,0,0,0.812
Vps37b,0,5.65593032644113,0.975,0.164,0,0.811
Satb1,0,6.30377937640843,0.849,0.038,0,0.811
Atp1b3,0,4.19294708117717,0.904,0.094,0,0.81
Elf1,0,5.03726281708674,0.854,0.047,0,0.807
P2ry10,0,8.41626373530065,0.808,0.003,0,0.805
Rnf125,0,8.53813766023349,0.808,0.004,0,0.804
Ifngr1,0,4.43552393825064,0.908,0.108,0,0.8
B2m,0,3.61619846822157,0.895,0.097,0,0.798
Trac,0,11.1643674250504,0.799,0.001,0,0.798
Ptpn22,0,8.58566815959736,0.791,0.004,0,0.787
Tcf7,0,9.37789953968666,0.77,0.002,0,0.768
Fyb,0,4.76393476449138,0.803,0.035,0,0.768
Eef1b2,0,3.90923656380025,0.883,0.116,0,0.767
Fxyd5,0,4.87957914510581,0.787,0.024,0,0.763
Lsp1,0,4.37800570737642,0.799,0.037,0,0.762
Rap1b,7.7403839814762e-242,2.92710610038132,0.937,0.176,1.27298354959358e-237,0.761
Txnip,0,3.97933388816285,0.828,0.067,0,0.761
Ripor2,0,6.47021498018384,0.77,0.011,0,0.759
Selplg,0,4.4757488960066,0.791,0.033,0,0.758
Btg1,2.36707554803919e-296,3.68061484855764,0.895,0.138,3.89289244630525e-292,0.757
Dusp10,0,6.83371300538821,0.778,0.022,0,0.756
Lck,0,10.8415557441857,0.757,0.001,0,0.756
Akap13,0,4.16258348206273,0.837,0.083,0,0.754
S1pr4,0,8.07734873596194,0.757,0.004,0,0.753
Rack1,5.96038805578179e-268,3.60388613610754,0.916,0.163,9.80245419653872e-264,0.753
Dusp5,0,3.83163619268659,0.866,0.114,0,0.752
Slfn2,0,4.18772998186659,0.782,0.034,0,0.748
Itgb7,0,7.32505564136688,0.753,0.006,0,0.747
Cnn2,0,4.50632941971727,0.791,0.045,0,0.746
Bin2,0,4.06068482951343,0.77,0.037,0,0.733
Klf2,0,3.41624603141705,0.787,0.056,0,0.731
Rapgef6,0,4.24339212856607,0.795,0.07,0,0.725
Tbc1d10c,0,7.03787587504547,0.728,0.007,0,0.721
Sh2d2a,0,11.4206003548121,0.715,0,0,0.715
Adgre5,0,4.26303054109567,0.745,0.034,0,0.711
Crem,0,4.87973973003929,0.774,0.064,0,0.71
Jak1,2.34444857725996e-255,3.58476740620708,0.849,0.139,3.85568013016173e-251,0.71
Cxcr4,0,4.5680201295997,0.741,0.032,0,0.709
Pde4d,0,5.8425054974365,0.728,0.019,0,0.709
Rasal3,0,5.75012634140506,0.724,0.017,0,0.707
Pdcd4,3.97523962898245e-232,3.29243313974881,0.858,0.154,6.53767909382453e-228,0.704
Samhd1,0,4.1800469936406,0.77,0.067,0,0.703
Ly6e,0,3.18111450374266,0.762,0.06,0,0.702
Tmsb4x,4.87200299802348e-209,3.53205622486329,0.992,0.291,8.01249613054942e-205,0.701
Arhgef18,0,3.8607182548359,0.787,0.089,0,0.698
Cd28,0,10.3731704952808,0.699,0.001,0,0.698
Fam107b,9.57251209541768e-223,3.41159377997396,0.862,0.165,1.57429533921239e-218,0.697
Junb,5.5230117519636e-270,2.61338642115501,0.795,0.1,9.08314512727934e-266,0.695
Sik1,0,4.35973928309655,0.732,0.038,0,0.694
Itgal,0,4.99448638497769,0.707,0.014,0,0.693
Thy1,0,5.92340385026046,0.711,0.018,0,0.693
Ccr7,0,7.80559070744043,0.695,0.003,0,0.692
Ptbp3,0,3.56053228130257,0.762,0.075,0,0.687
Cyfip2,1.81668159420021e-254,3.24234820957401,0.803,0.116,2.98771454982167e-250,0.687
Rgs2,0,3.82208446931287,0.745,0.059,0,0.686
Zfp36l2,1.67026003725236e-192,3.14596118775976,0.874,0.188,2.74690965726524e-188,0.686
Nup210,0,5.20511178896015,0.711,0.027,0,0.684
Lat,0,8.59995177204952,0.686,0.003,0,0.683
Clint1,1.89063385846759e-302,3.7297102766391,0.778,0.095,3.1093364436358e-298,0.683
Smad7,0,4.7089815957311,0.728,0.045,0,0.683
Cd2,0,8.48182873933043,0.682,0.002,0,0.68
Lfng,0,4.03350119552303,0.724,0.045,0,0.679
Tgfbr2,0,3.73705779027487,0.736,0.058,0,0.678
Fau,5.72879977854631e-192,3.11394444331597,0.967,0.291,9.42158411579726e-188,0.676
Foxp1,0,4.17480853395294,0.732,0.057,0,0.675
Inpp4b,0,5.02713388581576,0.715,0.04,0,0.675
Sun2,0,4.26127973093356,0.728,0.054,0,0.674
Lcp1,0,3.88030722130427,0.72,0.047,0,0.673
Apbb1ip,0,4.02903900642503,0.711,0.039,0,0.672
Anxa6,0,4.18308419447243,0.741,0.069,0,0.672
Elmo1,0,4.17544262480885,0.711,0.04,0,0.671
Sp100,0,6.06261769386531,0.682,0.012,0,0.67
Grap2,0,8.55023563522872,0.669,0.002,0,0.667
Grk2,0,3.55675208066766,0.749,0.083,0,0.666
Fosl2,0,4.53003206450554,0.711,0.045,0,0.666
Sh3bgrl3,0,3.91155796741526,0.728,0.063,0,0.665
Sept6,0,6.34731289239673,0.674,0.01,0,0.664
Stk38,1.91648396577938e-242,3.50508596858371,0.782,0.118,3.15184953012077e-238,0.664
Tpm4,0,3.92447060260451,0.715,0.052,0,0.663
S100a10,0,4.4469355355375,0.728,0.066,0,0.662
Pik3cd,0,5.39273687861657,0.682,0.022,0,0.66
Cfl1,2.73890947190492e-164,2.68969601984095,0.866,0.208,4.50441051749483e-160,0.658
Arpc5,4.27475917282006e-220,3.09121499439105,0.782,0.125,7.03026893561986e-216,0.657
Il7r,0,10.4549219599105,0.657,0.001,0,0.656
Pabpc1,3.53001472626532e-206,3.0436426281276,0.791,0.135,5.80546221881594e-202,0.656
Ablim1,3.68262904803662e-178,2.74658660156708,0.824,0.169,6.05645173240102e-174,0.655
Crip1,0,4.74887089034542,0.682,0.029,0,0.653
Ltb,0,7.37317049528079,0.657,0.004,0,0.653
Srpk1,4.859589672712e-212,3.15000957925783,0.787,0.134,7.99208117574216e-208,0.653
Nsd3,1.26469505478596e-170,2.94621206714211,0.891,0.239,2.07991748710099e-166,0.652
Ugcg,0,4.41055186164848,0.724,0.074,0,0.65
Smc4,0,4.19399997195161,0.724,0.077,0,0.647
Pim1,0,3.92996489119027,0.686,0.044,0,0.642
Tnfaip3,1.9994940628032e-161,2.89136934344957,0.858,0.216,3.28836793568614e-157,0.642
Bcl2l11,0,4.08889542566974,0.707,0.066,0,0.641
Mknk2,0,3.76273538168172,0.711,0.071,0,0.64
Ucp2,3.02603494484487e-150,2.16542260107641,0.803,0.163,4.97661707029188e-146,0.64
Gimap1,0,7.62955127182641,0.644,0.005,0,0.639
Spn,0,6.87911649075785,0.644,0.005,0,0.639
Flna,5.19035177615607e-241,2.87833741622952,0.736,0.097,8.53605253106627e-237,0.639
Vsir,0,3.10824356852753,0.682,0.047,0,0.635
Fmnl1,0,4.52098980991271,0.661,0.029,0,0.632
Cblb,0,4.50429492907586,0.674,0.045,0,0.629
Trbc1,0,12.7290050055997,0.628,0,0,0.628
Ccnd2,0,4.08895738505759,0.674,0.047,0,0.627
Eif4ebp2,3.47754190006017e-250,3.46403141860289,0.72,0.095,5.71916540883895e-246,0.625
Tsc22d3,0,3.77414286191771,0.69,0.066,0,0.624
Klf3,0,4.12014692870785,0.686,0.063,0,0.623
Rbm38,0,5.57014679740294,0.64,0.018,0,0.622
Mcl1,1.74349414120172e-152,1.95028064845468,0.778,0.156,2.86735046462035e-148,0.622
Lbr,6.00248165668123e-284,3.73816705153594,0.699,0.079,9.87168133257794e-280,0.62
Rassf5,0,5.11064116120132,0.64,0.021,0,0.619
Cotl1,3.60005827051866e-132,2.37558145212541,0.866,0.247,5.92065583169498e-128,0.619
Dgkz,0,3.69256243491603,0.682,0.064,0,0.618
Gramd1a,0,3.92458171162231,0.678,0.061,0,0.617
Pfn1,3.19386996765578e-211,3.43468810598966,0.732,0.115,5.25263854880669e-207,0.617
Eef2,3.45378371748545e-128,2.28732849703282,0.849,0.233,5.68009270177656e-124,0.616
Cdkn1b,1.06633405144245e-136,2.45958899807153,0.833,0.218,1.75369298100225e-132,0.615
Saraf,6.62683009872711e-151,2.93281718599506,0.82,0.208,1.08984847803666e-146,0.612
Ube2b,1.87947479081205e-146,2.65718882053459,0.824,0.212,3.0909842409695e-142,0.612
Txk,0,11.6641179933887,0.611,0,0,0.611
Gimap8,0,7.35943236279177,0.615,0.004,0,0.611
Crlf3,1.38748824608201e-163,3.08269611213276,0.787,0.176,2.28186316950647e-159,0.611
Iqgap1,5.20406777490261e-199,2.75151796541389,0.72,0.11,8.55860986260483e-195,0.61
Fnbp1,5.70143845567e-220,3.19127205217937,0.711,0.102,9.37658568419489e-216,0.609
Ptbp1,1.396335623064e-190,2.9308516455052,0.728,0.12,2.29641356569105e-186,0.608
Cd47,3.13009563412942e-144,2.71286736695823,0.824,0.216,5.14775527988925e-140,0.608
Icos,0,11.6584793750921,0.607,0,0,0.607
Zdhhc18,0,4.42472641731494,0.644,0.037,0,0.607
Itgb2,0,3.43587253820333,0.644,0.039,0,0.605
Tcp11l2,3.22202896624205e-230,3.59311600100446,0.703,0.1,5.29894883788168e-226,0.603
Esyt1,0,4.81272807923619,0.636,0.034,0,0.602
Tgif1,0,3.62948441504799,0.644,0.042,0,0.602
Arpc1b,2.91078584602762e-303,3.29145872388213,0.665,0.064,4.78707840237703e-299,0.601
Tln1,2.41619652314284e-199,2.96310671086263,0.711,0.11,3.97367680196072e-195,0.601
Cnot6l,1.43338446757251e-137,2.69886087782729,0.808,0.209,2.35734409536976e-133,0.599
Fyn,0,4.1768863914124,0.644,0.045,0,0.599
Cd37,0,3.97924196968104,0.628,0.03,0,0.598
Rasgrp2,0,5.70135317243785,0.611,0.013,0,0.598
Btg2,1.90449277701885e-120,1.43753604381524,0.778,0.183,3.1321288210852e-116,0.595
Rasa3,0,4.7222155304883,0.623,0.03,0,0.593
Jpt1,1.5682719334848e-206,3.12865842856337,0.695,0.102,2.57918002180911e-202,0.593
Tpt1,3.01023139358608e-184,3.49675823071273,0.987,0.394,4.95062654989167e-180,0.593
Prkcq,0,3.61783739059472,0.653,0.061,0,0.592
Heca,5.72204792617193e-224,3.38704900533269,0.686,0.094,9.41048001938235e-220,0.592
Jund,3.67483470890873e-113,1.96318880110937,0.803,0.211,6.0436331622713e-109,0.592
Prkch,0,5.99780721454625,0.603,0.013,0,0.59
Ptpn18,0,5.2296853326784,0.607,0.019,0,0.588
Rasgrp1,0,7.70564159285846,0.59,0.003,0,0.587
Trp53inp1,1.15477504531438e-296,3.84941002022321,0.649,0.065,1.89914303952404e-292,0.584
Nfatc3,3.6912782549694e-222,3.25007374499255,0.674,0.09,6.07067621812268e-218,0.584
Prex1,0,3.93535055808462,0.632,0.048,0,0.584
Stk4,0,4.1966052009896,0.628,0.045,0,0.583
Actn1,7.99171103946992e-193,3.4587218184782,0.699,0.116,1.31431679755122e-188,0.583
Dusp1,6.85290913969854e-220,1.61345691764006,0.661,0.079,1.12702943711482e-215,0.582
Ssh2,0,3.85930131663757,0.636,0.054,0,0.582
Skap1,0,12.1390932889068,0.582,0,0,0.582
H2-Q7,0,6.45751305037701,0.59,0.01,0,0.58
Sf3b1,5.13757159836859e-113,2.23789019751272,0.854,0.275,8.44925025067698e-109,0.579
Myh9,0,4.14229029415114,0.615,0.038,0,0.577
Clk1,1.07524932139777e-123,2.32091001401846,0.912,0.336,1.76835503397078e-119,0.576
Arhgap9,0,5.54542318705719,0.59,0.014,0,0.576
Pnrc1,6.23365002133153e-123,2.34979513127159,0.895,0.32,1.02518608250818e-118,0.575
Tagln2,0,3.68924254353741,0.623,0.049,0,0.574
Klhl6,0,6.04862631058664,0.586,0.012,0,0.574
Cd247,0,11.2351742598296,0.573,0,0,0.573
Cap1,1.61199740459272e-136,2.48905194049065,0.736,0.163,2.65109093159319e-132,0.573
Naca,5.53191716286923e-140,2.57605993530603,0.732,0.16,9.09779096605473e-136,0.572
Ldb1,1.48651149516432e-154,2.75248380714479,0.699,0.132,2.44471680494723e-150,0.567
Eif3f,5.2028398501972e-109,2.10003846912832,0.77,0.204,8.55659041763431e-105,0.566
Ighm,0,3.55614463299975,0.586,0.023,0,0.563
Arhgap15,0,6.7963975259582,0.569,0.007,0,0.562
Supt4a,4.89838570411204e-184,3.0982840376311,0.665,0.104,8.05588512898265e-180,0.561
Il16,0,5.74535251559784,0.573,0.012,0,0.561
Rhog,0,3.87621543399729,0.603,0.044,0,0.559
Klf13,0,4.30550221783676,0.594,0.036,0,0.558
Tatdn2,3.89385446662878e-155,2.84376985132599,0.686,0.129,6.4038330558177e-151,0.557
Psme1,7.93008433301824e-265,3.58714577202293,0.623,0.066,1.30418166940818e-260,0.557
Itpkb,0,4.39298222141738,0.59,0.034,0,0.556
Esyt2,2.61014472755682e-190,3.13961582031019,0.653,0.098,4.29264401893994e-186,0.555
Ier2,2.21991272860705e-166,1.78094201810419,0.657,0.102,3.65086847346715e-162,0.555
Cd4,0,9.18185844529716,0.556,0.002,0,0.554
Dock10,0,4.4909713536771,0.582,0.028,0,0.554
Sema4d,6.18878954651621e-237,3.0127862050102,0.623,0.07,1.01780832882006e-232,0.553
Tes,4.21057027734978e-176,2.40814732126624,0.644,0.093,6.92470387812945e-172,0.551
Grk6,2.21473502506022e-281,3.67437818573614,0.611,0.06,3.64235322221404e-277,0.551
Gimap9,0,8.34970264785601,0.552,0.002,0,0.55
Tagap,0,5.58877797300607,0.561,0.011,0,0.55
Nfkbia,1.85555480640726e-213,2.67060208937616,0.628,0.078,3.05164543461738e-209,0.55
Gna13,5.36022683430757e-147,2.75618416661722,0.682,0.132,8.81542905170223e-143,0.55
Rras2,0,5.08162367570286,0.577,0.029,0,0.548
Actr2,4.98819215077154e-139,2.58313854948669,0.682,0.135,8.20358081115888e-135,0.547
Sri,1.56608464670464e-212,3.36134568494265,0.628,0.082,2.57558280997044e-208,0.546
Mbnl1,8.66077178918828e-159,2.8546596314602,0.661,0.115,1.4243505284499e-154,0.546
Nckap1l,0,3.22847351480631,0.586,0.04,0,0.546
Gmfg,0,5.00975414579561,0.561,0.016,0,0.545
Ski,3.31794877596229e-157,2.67041417818875,0.657,0.112,5.45669855694758e-153,0.545
Hexim1,5.55203257020224e-153,2.81765013396031,0.665,0.12,9.1308727649546e-149,0.545
Nr4a3,0,4.141003166003,0.569,0.024,0,0.545
Ppp2r5a,1.8590525819902e-133,2.65834374275916,0.695,0.15,3.05739787634109e-129,0.545
Stk10,0,4.48932140764982,0.565,0.023,0,0.542
Psmb8,0,4.98409498733318,0.561,0.022,0,0.539
Wdr26,4.72705208498741e-97,2.15663440877949,0.795,0.256,7.7741098589703e-93,0.539
Tmem64,0,5.54939425958172,0.569,0.03,0,0.539
Sept9,0,4.19653267884843,0.577,0.038,0,0.539
Stk24,2.09073398620686e-205,3.18973637873876,0.619,0.081,3.4384211137158e-201,0.538
Snx18,3.28680256982555e-182,3.11174123079153,0.632,0.094,5.4054755063351e-178,0.538
Emp3,0,3.3086638555982,0.586,0.048,0,0.538
Ikzf3,0,7.23105815135739,0.54,0.003,0,0.537
Pde3b,0,4.18214855087644,0.569,0.034,0,0.535
Macf1,2.44035095947344e-95,2.10995262983249,0.824,0.291,4.01340118795003e-91,0.533
Traf3ip3,0,4.41423902124912,0.561,0.032,0,0.529
B4galnt1,0,5.75542064107457,0.54,0.012,0,0.528
Lnpep,6.24182187257288e-109,2.3262112792699,0.715,0.187,1.02653002516334e-104,0.528
Dock8,0,4.53366344175216,0.552,0.025,0,0.527
Ube2h,3.66651964822072e-102,2.28349926874632,0.724,0.197,6.0299582134638e-98,0.527
Il4ra,0,5.00149980688946,0.548,0.024,0,0.524
Acap1,0,7.44607104232824,0.527,0.003,0,0.524
Elk4,1.07739423818185e-150,2.82931980877283,0.636,0.112,1.77188256411388e-146,0.524
Mbd2,3.80881254471477e-104,2.28289914594626,0.711,0.189,6.2639731110379e-100,0.522
Stat5b,0,4.16905194242633,0.565,0.043,0,0.522
Stat4,0,8.45974597922532,0.523,0.002,0,0.521
Zbtb1,7.13167507263724e-268,3.7906268782783,0.577,0.056,1.17287528244592e-263,0.521
Pkn1,3.28961640393933e-138,2.58002254149423,0.636,0.116,5.41010313791862e-134,0.52
Slc12a7,0,4.80817641079223,0.544,0.025,0,0.519
Arpc2,6.07965432705542e-157,2.78503184088016,0.619,0.1,9.99859950627534e-153,0.519
Glud1,2.73836367571165e-136,2.64528221079461,0.64,0.121,4.50351290107538e-132,0.519
Vasp,3.05153594828708e-226,2.94180800013967,0.582,0.063,5.01855602055293e-222,0.519
Rgs10,0,3.45770638551322,0.552,0.035,0,0.517
Spata13,0,3.9304484961093,0.556,0.039,0,0.517
Pced1b,0,6.12016309652833,0.527,0.01,0,0.517
Camk4,0,5.94888450169552,0.527,0.01,0,0.517
Elovl5,2.3853600540486e-210,3.4091744555472,0.586,0.071,3.92296314488833e-206,0.515
Il17ra,0,4.5300618021088,0.54,0.026,0,0.514
Arpc3,6.51751126139392e-204,3.12389794531056,0.586,0.072,1.07186990204884e-199,0.514
Npm1,6.91111724263066e-163,3.0739826531767,0.611,0.097,1.13660234172304e-158,0.514
Peli1,8.72154750770448e-132,2.78046696621276,0.644,0.13,1.43434570311708e-127,0.514
Foxo1,6.23054498857598e-205,3.30789771627236,0.586,0.073,1.02467542882121e-200,0.513
Gpsm3,3.75366229597084e-214,3.29920027390059,0.582,0.069,6.17327301195364e-210,0.513
Sub1,2.90693267033434e-162,2.9099947056712,0.607,0.096,4.78074146963186e-158,0.511
Cdc42,6.66980443663191e-101,2.20879077308416,0.682,0.173,1.09691603764848e-96,0.509
Fli1,0,3.84952056733187,0.544,0.035,0,0.509
Cdc42se1,2.59484654567157e-262,3.77658425251606,0.561,0.054,4.26748462901147e-258,0.507
Sh3kbp1,0,4.1387437198326,0.544,0.038,0,0.506
Znrf2,2.76218774784639e-201,3.27321160277234,0.577,0.072,4.54269397010818e-197,0.505
Fam49b,6.98147595392625e-119,2.29289740517525,0.632,0.127,1.14817353538271e-114,0.505
Ccm2,4.82473149254039e-217,3.45784310336657,0.569,0.065,7.93475341263193e-213,0.504
Acp5,0,6.3254528865104,0.502,0.006,0,0.496
Nup153,7.16605518647232e-129,2.7103244554512,0.615,0.119,1.17852943596724e-124,0.496
March7,6.71700901440059e-92,2.13563858627871,0.682,0.187,1.10467930250832e-87,0.495
Abracl,0,4.46185605225897,0.523,0.028,0,0.495
Atp2a3,0,5.91925427374373,0.502,0.007,0,0.495
Slc38a2,1.85731801056018e-140,2.66760308170779,0.598,0.103,3.05454520016728e-136,0.495
Il2rb,0,12.6596034867445,0.494,0,0,0.494
Klf6,2.0971164156214e-163,2.17918692004171,0.573,0.081,3.44891765713095e-159,0.492
Itm2b,1.76692504565127e-54,1.09094219722176,0.845,0.354,2.90588493007808e-50,0.491
Hcls1,5.92993532296766e-186,2.89037504097326,0.561,0.071,9.75237163215262e-182,0.49
Rel,5.37450622854049e-250,2.80297038807269,0.536,0.049,8.83891294345768e-246,0.487
Epsti1,0,5.92630520027816,0.498,0.011,0,0.487
Arl6ip5,1.22456534235955e-115,2.58249315147074,0.615,0.128,2.01392016204452e-111,0.487
Hipk1,5.99511281565119e-92,2.30610897950211,0.665,0.182,9.85956253661994e-88,0.483
Ifnar1,2.72461572958501e-130,2.82190514533282,0.594,0.111,4.48090302887551e-126,0.483
Ss18,7.36428401881807e-129,2.75859363098115,0.594,0.111,1.21113014973482e-124,0.483
Xrn2,2.7799580343672e-114,2.50344536375623,0.611,0.128,4.5719189833203e-110,0.483
Btf3,3.40565060990055e-107,2.3624904744232,0.619,0.136,5.60093299304245e-103,0.483
Wipf1,0,4.12773365695178,0.515,0.034,0,0.481
Smap2,5.24790046134935e-149,2.71710401895535,0.569,0.088,8.63069709873514e-145,0.481
Zap70,0,9.25224777318856,0.481,0.001,0,0.48
Kpna4,4.28749195837175e-101,2.27351067159651,0.623,0.143,7.05120927473819e-97,0.48
Skil,3.13465264698511e-111,2.07887122294502,0.603,0.124,5.15524974323171e-107,0.479
Pdcd6ip,9.46950112491383e-111,2.47918797997337,0.611,0.132,1.55735415500333e-106,0.479
Clec2d,0,4.00354217359571,0.51,0.032,0,0.478
Bcl2,0,4.8660421346122,0.506,0.029,0,0.477
Itga4,0,5.10190053708458,0.49,0.014,0,0.476
Cdk17,1.42973855805173e-268,3.71035833147212,0.519,0.045,2.35134803257188e-264,0.474
Prkar1a,2.5509692928325e-85,2.07271470863387,0.649,0.176,4.19532409899232e-81,0.473
Cd5,0,10.0277131847578,0.473,0.001,0,0.472
Birc3,0,3.54178023254005,0.506,0.035,0,0.471
Nfkb1,4.02253265843517e-260,3.67451133280032,0.515,0.045,6.61545721006249e-256,0.47
Cyth1,9.83688433224536e-108,2.34018980819519,0.594,0.124,1.61777399728107e-103,0.47
Cbfb,4.47892226552157e-135,2.76474014713485,0.565,0.096,7.36603555787678e-131,0.469
Ctdsp2,4.35349767944523e-96,2.33348899988697,0.619,0.15,7.15976228361563e-92,0.469
Chd3,1.09539179341964e-138,2.90520608474065,0.561,0.094,1.80148134345794e-134,0.467
Pde4b,2.44267321955067e-163,2.8914127451746,0.54,0.074,4.01722037687304e-159,0.466
Leprotl1,5.15158812558876e-166,3.14686302394096,0.54,0.075,8.47230183134327e-162,0.465
Otulinl,0,3.67944954479596,0.498,0.033,0,0.465
Was,0,4.57803137569108,0.485,0.02,0,0.465
Eef1a1,3.40879669528195e-165,3.19597365629288,1,0.535,5.60610704506069e-161,0.465
Selenop,5.55524658687262e-125,1.15357242430352,0.556,0.092,9.1361585367707e-121,0.464
Tmod3,6.25903242214584e-169,3.05279977155382,0.536,0.072,1.02936047214611e-164,0.464
Prrc2c,5.38221963283291e-71,1.80924505462104,0.757,0.293,8.851598408157e-67,0.464
Actg1,2.27224485013317e-67,1.92218790015286,0.762,0.298,3.73693388052901e-63,0.464
Il21r,0,5.46629161323455,0.481,0.017,0,0.464
Akna,4.58829615733744e-126,2.64797147334347,0.565,0.101,7.54591186035716e-122,0.464
Ncoa3,7.87132008885758e-176,3.1346048862595,0.531,0.068,1.29451730181352e-171,0.463
Ifi203,0,5.39661704916098,0.473,0.01,0,0.463
Rgcc,0,5.06001261002116,0.477,0.014,0,0.463
Map1lc3b,5.52834917758064e-70,1.91468958181193,0.711,0.248,9.09192305744911e-66,0.463
Slamf6,0,8.35462678113087,0.464,0.002,0,0.462
Cast,0,4.29835731997609,0.49,0.028,0,0.462
Rbm3,2.93708714565898e-139,2.94960936201577,0.552,0.091,4.83033351975076e-135,0.461
Arhgap30,0,4.72966677064435,0.481,0.02,0,0.461
Isy1,1.58262145626269e-181,3.39608571211997,0.527,0.067,2.60277924696962e-177,0.46
Themis,0,9.8824370510476,0.46,0.001,0,0.459
Edem1,7.34032319952653e-153,2.77384215913568,0.536,0.077,1.20718955339413e-148,0.459
Rcsd1,0,4.52797499201184,0.481,0.023,0,0.458
Cyld,3.65377894042087e-113,2.50012383414475,0.569,0.111,6.00900484541616e-109,0.458
H2-D1,0,4.22249613785397,0.485,0.028,0,0.457
H2afz,5.54658360372964e-136,3.12847000107784,0.548,0.092,9.12191139469377e-132,0.456
Rbms1,1.08246004143396e-172,3.07307798726894,0.523,0.067,1.78021378414228e-168,0.456
Evl,2.08179834806438e-91,2.45150572486379,0.611,0.155,3.42372556322667e-87,0.456
Trp53,1.02949076443885e-254,3.72216948286566,0.498,0.043,1.69310051119613e-250,0.455
Npc2,1.37141097669103e-60,1.37035654822417,0.653,0.198,2.25542249226607e-56,0.455
Oser1,3.39571743608407e-135,2.64903311494578,0.54,0.086,5.58459689538387e-131,0.454
Pik3r5,0,5.08447433194991,0.469,0.015,0,0.454
Hsp90ab1,3.77981676570163e-91,2.35823439746371,0.598,0.145,6.21628665287291e-87,0.453
Map4k2,3.60779135326885e-221,3.49740431000741,0.502,0.05,5.93337365958595e-217,0.452
Mxd1,4.61360544297598e-121,2.97027992548083,0.556,0.105,7.58753551151829e-117,0.451
Coq10b,1.64863251756618e-172,3.14121344553946,0.515,0.065,2.71134103838933e-168,0.45
Gnai3,1.39632126975834e-101,2.42697933140764,0.573,0.123,2.29638996024457e-97,0.45
Ppia,1.81989167759723e-123,2.67618598313888,0.544,0.095,2.99299385297641e-119,0.449
Ctps2,2.2336841314818e-194,3.46601216812887,0.506,0.057,3.67351692263497e-190,0.449
Utrn,0,4.20196762338142,0.481,0.032,0,0.449
Ppp1r18,3.13701420884835e-253,3.56499843087545,0.49,0.042,5.15913356787199e-249,0.448
Bzw1,2.95464975237747e-70,1.90896686490367,0.649,0.201,4.85921698275999e-66,0.448
Kbtbd11,0,4.95333744854011,0.469,0.021,0,0.448
Bcl11b,0,10.2030942888357,0.448,0.001,0,0.447
Birc6,3.30506513720724e-71,1.8656383120736,0.636,0.189,5.43551012465102e-67,0.447
Ptk2b,0,4.21861724790473,0.469,0.023,0,0.446
Mob1a,1.21008633284473e-113,2.52683736082491,0.548,0.103,1.99010798299644e-109,0.445
Ipcef1,0,7.41849896429726,0.448,0.003,0,0.445
Dnaja1,3.24906558354142e-73,1.92780275928375,0.623,0.178,5.34341325869223e-69,0.445
Cd84,0,3.79364153226387,0.473,0.028,0,0.445
Actr3,6.03316890997606e-121,2.69806564093509,0.54,0.096,9.92214958934663e-117,0.444
Capzb,6.03227614383439e-74,2.06336259084527,0.632,0.188,9.92068134615004e-70,0.444
Neurl3,0,3.90996002631365,0.473,0.029,0,0.444
Ubald2,2.68081656748295e-96,2.65157592661445,0.577,0.134,4.40887092688246e-92,0.443
Chd2,7.26011920739155e-84,2.38077958207652,0.611,0.168,1.19399920484762e-79,0.443
Cd48,0,4.85274055608336,0.46,0.018,0,0.442
Ifi209,0,6.05025723482481,0.448,0.007,0,0.441
Cmah,0,7.44715130822738,0.444,0.003,0,0.441
Tmem123,4.26079157882373e-256,3.85938948550849,0.481,0.04,7.00729783053351e-252,0.441
Irf2bp2,2.40968114613869e-73,2.00164663942227,0.623,0.182,3.9629616129397e-69,0.441
Ddx21,2.68369859116252e-104,2.59253436834919,0.556,0.116,4.41361070302589e-100,0.44
Nr4a1,5.82211559328907e-76,1.30186340733022,0.59,0.15,9.5750513047232e-72,0.44
Sfpq,1.5723561047233e-63,1.79939144213198,0.678,0.239,2.58589684982794e-59,0.439
Tdrp,0,6.08958572540451,0.448,0.009,0,0.439
Diaph1,1.15963925959065e-186,3.29191915127038,0.494,0.056,1.90714272632277e-182,0.438
Tlk1,5.81312388736546e-152,3.03429526675171,0.51,0.072,9.56026354516124e-148,0.438
Fam102a,6.01974414999862e-141,3.04552735634384,0.515,0.078,9.90007122908774e-137,0.437
Cox7a2l,1.35196473219344e-68,1.98274364417985,0.632,0.195,2.22344119856533e-64,0.437
Syf2,5.24937716128028e-90,2.22701131829469,0.569,0.132,8.63312567944154e-86,0.437
Cdc42se2,1.86212401980229e-207,3.43725339638018,0.485,0.049,3.06244916296685e-203,0.436
Sdcbp,3.45942024405931e-58,1.20255872707424,0.611,0.175,5.68936253337994e-54,0.436
Tpp2,1.0213670060126e-113,2.53955619748129,0.531,0.096,1.67974017808833e-109,0.435
Smchd1,8.55492891358376e-88,2.36814268391033,0.577,0.142,1.40694360912798e-83,0.435
Irf1,1.0168014062717e-245,2.81558721507937,0.473,0.039,1.67223159275444e-241,0.434
Myl12b,1.50405601258855e-90,2.35008036615661,0.565,0.131,2.47357051830313e-86,0.434
Malt1,1.04582365941457e-195,3.27938150992733,0.485,0.052,1.71996159027321e-191,0.433
Gnai2,3.94474228630091e-118,2.44614061841954,0.519,0.088,6.48752316405048e-114,0.431
Ppp1r15a,8.83042083784691e-162,2.32095766713223,0.49,0.06,1.4522510109923e-157,0.43
Usp3,1.90953162731444e-152,3.15733462745302,0.498,0.068,3.14041571428133e-148,0.43
Pcna,6.24337647327916e-89,2.59900764820276,0.565,0.135,1.02678569479549e-84,0.43
Pycard,4.58247774718047e-287,4.04879047299714,0.46,0.033,7.536342903013e-283,0.427
Ttyh3,3.79505737816496e-110,2.44201178771272,0.523,0.096,6.24135136413009e-106,0.427
Gnas,1.27375653081764e-49,1.30907993024801,0.661,0.234,2.0948199905827e-45,0.427
Eif3h,1.78995389415647e-105,2.45974244819737,0.523,0.099,2.94375817432973e-101,0.424
Nop53,1.47132977766596e-56,1.70799187841413,0.657,0.233,2.41974895234943e-52,0.424
Add3,6.00330316055695e-56,1.61902653707504,0.661,0.237,9.87303237785196e-52,0.424
Lrrfip1,1.29035440074887e-222,3.45297941167042,0.464,0.042,2.12211684747159e-218,0.422
Nfkb2,5.71276185163869e-222,3.39047871636492,0.464,0.042,9.39520814120498e-218,0.422
Ikbke,0,5.86325700818566,0.431,0.009,0,0.422
Tle3,1.69957816568234e-201,3.37187342792355,0.469,0.047,2.79512625128118e-197,0.422
Jmy,5.33929357102653e-74,2.26879331544637,0.59,0.168,8.78100220691023e-70,0.422
Usp25,4.12554874692953e-114,2.57920426579696,0.51,0.089,6.78487746920031e-110,0.421
Ppp1ca,2.30484866466181e-102,2.49217308682629,0.523,0.102,3.79055411390282e-98,0.421
Fam78a,0,4.59087368090121,0.439,0.019,0,0.42
Ptprcap,0,6.72594895832545,0.423,0.005,0,0.418
Ankrd44,1.32643506725428e-233,3.61260151618909,0.456,0.039,2.18145511160638e-229,0.417
Tnfrsf18,0,9.27614604088593,0.418,0.001,0,0.417
Pecam1,0,3.77122834649716,0.431,0.014,0,0.417
Gramd4,0,4.53742640997978,0.439,0.022,0,0.417
Psme2,2.46790544170855e-248,3.7003352385343,0.452,0.036,4.05871728943388e-244,0.416
Tex2,3.96608825858635e-103,2.62105010000744,0.515,0.099,6.52262875007112e-99,0.416
Mcmbp,2.40038451925216e-132,2.90217431221355,0.49,0.074,3.9476723803621e-128,0.416
Ankrd13a,5.76912041621094e-128,2.88158252242587,0.494,0.078,9.48789543650052e-124,0.416
Ube2d2a,3.78684598525345e-49,1.45724651626808,0.703,0.287,6.22784690734783e-45,0.416
Serinc3,9.22661518929454e-43,1.14199441306412,0.745,0.329,1.51740913403138e-38,0.416
Tut7,1.42280852001881e-66,1.81660175130938,0.582,0.166,2.33995089202294e-62,0.416
Dazap2,1.51468166229825e-113,2.61142917328797,0.502,0.087,2.49104546181569e-109,0.415
Tut4,5.37684433980592e-81,2.18641981785686,0.548,0.133,8.84275820124482e-77,0.415
Ago2,7.89445508782639e-60,1.71691854578586,0.607,0.192,1.29832208374393e-55,0.415
Pak2,8.3694362254853e-58,1.6809556089412,0.619,0.205,1.37643748164331e-53,0.414
Paip2,3.50856672098023e-56,1.74650161178135,0.674,0.26,5.77018882932409e-52,0.414
Cd7,0,8.73346999656123,0.414,0,0,0.414
Vgll4,2.35068557317379e-156,3.41011787366561,0.477,0.063,3.86593749364161e-152,0.414
Numa1,3.34606329484102e-73,2.08394551459948,0.569,0.155,5.50293569469554e-69,0.414
Ddx5,5.291931866826e-45,1.21910843891105,0.895,0.482,8.70311114818205e-41,0.413
Ifngr2,2.12027050564135e-150,3.20064343427692,0.477,0.064,3.48699687357777e-146,0.413
Msl2,2.96865024164845e-76,2.18162844210164,0.556,0.144,4.88224218741504e-72,0.412
Csk,5.93670037230421e-123,2.78119370589737,0.49,0.078,9.7634974322915e-119,0.412
Erbin,2.38755901378233e-64,1.81175862522439,0.577,0.167,3.92657955406642e-60,0.41
Rab8a,3.31976880708286e-87,2.38395705050703,0.527,0.119,5.45969178012848e-83,0.408
Cnbp,8.2581895040283e-75,2.08476139704138,0.548,0.14,1.35814184583249e-70,0.408
Nop56,5.54288088249871e-106,2.59281115880878,0.498,0.091,9.11582189935738e-102,0.407
Hbp1,3.98496090820565e-77,2.23422096098905,0.544,0.137,6.55366670963501e-73,0.407
Zfp36l1,1.0722991828762e-129,2.36115309592334,0.477,0.07,1.76350323615821e-125,0.407
Rbm33,8.67214941539879e-56,1.66637547421117,0.607,0.2,1.42622169285649e-51,0.407
Retreg1,1.25269100291456e-191,3.40105694228088,0.452,0.046,2.06017562339329e-187,0.406
Dnajb6,3.18982491385212e-61,1.85168988319686,0.59,0.184,5.24598605332119e-57,0.406
Slc44a2,6.10910276038313e-165,3.20645570618904,0.46,0.055,1.00470303997261e-160,0.405
Def6,0,5.73973072274746,0.414,0.009,0,0.405
Tmem50a,1.55791847659373e-62,1.9173164170509,0.582,0.177,2.56215272660605e-58,0.405
Ostf1,7.16715131993655e-180,3.25747317298096,0.452,0.048,1.17870970607677e-175,0.404
Itga6,2.60379628419537e-154,3.05026622906143,0.46,0.057,4.2822033689877e-150,0.403
Rnf145,5.36544434059762e-56,1.78397492514774,0.607,0.204,8.82400976254684e-52,0.403
Nabp1,3.80292397451264e-295,4.43473828432416,0.431,0.028,6.25428876848349e-291,0.403
Eif3k,1.45022556919778e-62,1.9048299190364,0.577,0.174,2.38504097110268e-58,0.403
Stat6,3.12881656970554e-187,3.30396398502569,0.448,0.046,5.14565173053773e-183,0.402
Irs2,2.02945109333917e-105,2.5092578594699,0.49,0.088,3.3376352681056e-101,0.402
Map3k1,2.09426319841611e-61,1.82599223583664,0.577,0.175,3.44422525611514e-57,0.402
Gpbp1l1,8.21885406595662e-99,2.4163894208685,0.494,0.093,1.35167273968723e-94,0.401
Ezr,1.93592599170956e-72,1.64489732778048,0.523,0.122,3.18382388596554e-68,0.401
Ddx6,1.17889259039307e-41,1.18643810313306,0.77,0.369,1.93880675416044e-37,0.401
Arhgef3,1.1491793569063e-218,3.54419852148635,0.439,0.039,1.8899403703681e-214,0.4
Kbtbd2,1.17472513788793e-92,2.53969285838943,0.506,0.106,1.93195296177049e-88,0.4
Ets2,3.60889559028125e-174,2.93585632600738,0.448,0.049,5.93518968777654e-170,0.399
Sash3,0,5.83008164598646,0.406,0.008,0,0.398
Cntrl,6.5147402907751e-252,3.75142296199691,0.431,0.033,1.07141418822087e-247,0.398
Sec11a,2.26223665267334e-92,2.55143157662182,0.502,0.104,3.72047439898658e-88,0.398
Ppp1r16b,0,5.15405852534517,0.41,0.012,0,0.398
Prkd2,0,4.94801812966363,0.414,0.016,0,0.398
Ankrd11,3.32266385190808e-62,1.91633227489107,0.565,0.167,5.46445297084803e-58,0.398
Cd27,0,12.3167880253833,0.397,0,0,0.397
Rnf138,9.79013711913177e-141,3.17569986238785,0.46,0.063,1.61008595061241e-136,0.397
Ptp4a2,4.37344165445559e-83,2.2595440735488,0.51,0.113,7.19256214491766e-79,0.397
Ccng2,1.04367939423345e-124,2.94083891619737,0.469,0.072,1.71643513175632e-120,0.397
Rab8b,3.70454397259272e-117,2.78747700023159,0.473,0.076,6.09249301732598e-113,0.397
Map4k4,7.11517422064856e-79,2.19326052061947,0.515,0.119,1.17016155232786e-74,0.396
Arid5a,0,4.48123309751044,0.414,0.018,0,0.396
Myo1g,0,4.35008803453945,0.414,0.018,0,0.396
Slfn1,0,7.51842188655292,0.397,0.002,0,0.395
Arhgdia,4.90365221118164e-85,2.20181259748559,0.502,0.107,8.06454642650932e-81,0.395
Pdlim1,0,4.27755286210017,0.414,0.02,0,0.394
Zdhhc20,1.14124651440243e-137,3.02230045858645,0.456,0.063,1.87689401758624e-133,0.393
Faah,8.4754926854263e-143,3.28475054956724,0.452,0.06,1.39387952704521e-138,0.392
Tspo,4.20059049131314e-119,2.73205763712998,0.464,0.072,6.90829112201359e-115,0.392
Per1,8.4314021821542e-56,1.71959782197968,0.569,0.177,1.38662840287708e-51,0.392
Mxd4,1.12609652529241e-69,2.02122786547412,0.527,0.136,1.85197834549589e-65,0.391
Nlrc3,0,7.42829634060026,0.393,0.003,0,0.39
Prkcb,4.00701197885102e-195,3.31371519133365,0.431,0.041,6.5899319004184e-191,0.39
Crybg1,0,5.82383766425331,0.397,0.008,0,0.389
Lrp10,2.5916184056195e-78,2.13049226291999,0.502,0.113,4.26217562988182e-74,0.389
Phf20l1,1.01265386661068e-73,2.221878558889,0.519,0.13,1.66541054902792e-69,0.389
Serbp1,8.18214263854795e-65,2.03344737600236,0.54,0.152,1.3456351783356e-60,0.388
Zc3h12a,1.2204465553766e-245,3.35968598382099,0.418,0.031,2.00714640497235e-241,0.387
Wasf2,7.53690374599174e-138,3.10748521493744,0.448,0.061,1.2395191900658e-133,0.387
Cmtm6,4.26645758174609e-116,2.72519978553414,0.46,0.073,7.01661613893962e-112,0.387
Calm1,1.93497415954391e-48,1.20889556102674,0.586,0.199,3.18225850278592e-44,0.387
Fgd3,0,4.55630462451093,0.402,0.016,0,0.386
Tab2,8.86181486423583e-62,1.89934225031789,0.536,0.151,1.45741407257222e-57,0.385
Myl12a,1.92182809190331e-113,2.57224527336479,0.456,0.072,3.16063847994419e-109,0.384
Mepce,7.50023646594577e-113,2.86353286553714,0.46,0.076,1.23348888918944e-108,0.384
Ppp2ca,3.58700979733628e-41,1.32574756796226,0.649,0.265,5.89919631269924e-37,0.384
Mbp,4.00501582177105e-220,3.47254851562947,0.418,0.035,6.58664902048466e-216,0.383
St6gal1,3.46020595931513e-218,3.76120726783098,0.418,0.035,5.69065472068967e-214,0.383
Fermt3,7.17837908654327e-276,3.92774573463737,0.41,0.027,1.18055622457291e-271,0.383
Mrtfa,1.20434648240271e-214,3.55223659954517,0.418,0.036,1.9806682249595e-210,0.382
Hspa8,4.46053543332936e-43,1.40035089963295,0.778,0.396,7.33579657365347e-39,0.382
Tap2,1.19552545132236e-273,4.04311274274204,0.41,0.028,1.96616115724475e-269,0.382
Tomm34,1.80786356669781e-136,2.99649656713302,0.439,0.058,2.97321242179121e-132,0.381
Hnrnpf,2.62525959009575e-48,1.62324764381817,0.603,0.222,4.31750192187148e-44,0.381
Galnt6,0,8.39770802076684,0.381,0.001,0,0.38
Tnfrsf1b,7.4484855405284e-199,3.28187488717065,0.418,0.038,1.2249779319953e-194,0.38
Ppp1r12a,5.28009784528928e-59,1.89267346145254,0.536,0.156,8.68364891636275e-55,0.38
Runx3,0,5.99335633990552,0.385,0.006,0,0.379
Serf2,2.87490841340338e-53,1.7207095988644,0.556,0.178,4.7280743766832e-49,0.378
Slc1a5,0,4.51281574272032,0.397,0.019,0,0.378
Ccdc88b,0,4.32787152451229,0.397,0.019,0,0.378
Dock11,0,5.20582674503459,0.389,0.011,0,0.378
Lgals9,9.65846081016507e-186,3.01850532512448,0.418,0.04,1.58843046483975e-181,0.378
Trim25,1.16885065663193e-100,2.62975075405946,0.46,0.082,1.92229178989687e-96,0.378
Jak2,1.2991221230238e-113,2.98209817056921,0.448,0.071,2.13653624352494e-109,0.377
Oga,5.39839459944505e-45,1.56867315026006,0.598,0.221,8.87819975824733e-41,0.377
Grap,0,5.3418790063461,0.385,0.009,0,0.376
Pde7a,1.65491068097627e-163,3.33459685852504,0.423,0.047,2.72166610593358e-159,0.376
Aebp2,3.71869114987436e-77,2.47032712646971,0.49,0.114,6.11575946508337e-73,0.376
Rc3h1,3.84995876509235e-71,2.12473240405414,0.498,0.122,6.33164218507088e-67,0.376
Pum2,9.18665500651644e-39,1.26208127739932,0.644,0.268,1.51083728237169e-34,0.376
Fam117b,6.8961252344494e-82,2.3483900227691,0.477,0.102,1.13413675605755e-77,0.375
Znrf1,2.35889800521436e-72,2.29367224981795,0.498,0.123,3.87944365937554e-68,0.375
Brd4,5.44544280427915e-47,1.57368329411966,0.59,0.215,8.95557523591749e-43,0.375
Bach2,0,4.64106006073894,0.393,0.019,0,0.374
Snrpg,3.31144196995914e-133,2.97860022282443,0.431,0.057,5.44599746379481e-129,0.374
Ncl,1.05702292000085e-46,1.62465048402584,0.594,0.22,1.7383798942334e-42,0.374
Ubc,1.8491745121274e-39,1.21422888923597,0.649,0.275,3.04115240264472e-35,0.374
Kmt2e,4.7983113702107e-47,1.58989126705325,0.577,0.203,7.89130287944852e-43,0.374
Psd4,0,5.7461313051455,0.381,0.008,0,0.373
Adamts10,6.84586550825325e-198,3.20488232824919,0.41,0.037,1.12587104148733e-193,0.373
Mlec,3.92996910205156e-80,2.39082229458413,0.477,0.104,6.463227185234e-76,0.373
Nxf1,1.1011290680544e-52,1.77523231217732,0.556,0.184,1.81091686532227e-48,0.372
Ccdc88c,0,4.9210842021644,0.385,0.013,0,0.372
Mlxip,3.16464361259265e-234,3.77162653272009,0.402,0.03,5.20457288526987e-230,0.372
Vim,1.98131601297147e-77,2.00076993210071,0.473,0.101,3.25847231493287e-73,0.372
Inpp5d,5.59168503231126e-165,2.46874419352328,0.414,0.043,9.19608520413909e-161,0.371
Cmip,3.22220020377649e-78,2.16345953447166,0.473,0.102,5.29923045513081e-74,0.371
Itm2a,2.04292689919418e-197,2.86876275194237,0.406,0.036,3.35979757841474e-193,0.37
Slc28a2,0,7.958405742962,0.372,0.002,0,0.37
Trpc4ap,4.50088516471649e-56,1.90541460853542,0.531,0.161,7.40215574189275e-52,0.37
Capza1,7.44117827959592e-75,2.23044338574095,0.477,0.108,1.22377617986234e-70,0.369
Smc6,6.53266837929597e-86,2.38529736666045,0.46,0.092,1.07436264165901e-81,0.368
Sptbn1,3.58635881489836e-33,1.00185045761912,0.644,0.276,5.89812570698184e-29,0.368
Adcy7,3.24136776551942e-302,4.01917338783933,0.389,0.022,5.33075342717323e-298,0.367
Smg1,3.22071366787608e-56,1.84315129465794,0.523,0.156,5.296785698189e-52,0.367
Smad4,1.98114043920414e-50,1.78923497670115,0.569,0.202,3.25818356631513e-46,0.367
Ctsw,0,8.6562535658963,0.368,0.002,0,0.366
Rp9,5.14119449759654e-116,2.86237099309767,0.431,0.065,8.45520847074727e-112,0.366
Ly9,0,5.46259791026703,0.372,0.008,0,0.364
Lcp2,2.27664510402564e-237,3.55052812442303,0.393,0.029,3.74417053808057e-233,0.364
Ahnak,2.17999144361469e-143,2.88877629106232,0.414,0.05,3.58521392816872e-139,0.364
Usp38,4.09625268289298e-91,2.67801820434747,0.448,0.085,6.73669716228579e-87,0.363
Kdm7a,1.85483712227712e-62,2.02278223248164,0.494,0.131,3.05046513129695e-58,0.363
Ogt,1.4990316923692e-45,1.61167005083486,0.561,0.199,2.46530752127038e-41,0.362
Cyba,4.77189968695231e-132,2.54827359534225,0.414,0.052,7.84786622516176e-128,0.362
Tapbp,3.00535423779177e-73,2.22440059331103,0.469,0.107,4.94260557947235e-69,0.362
Rnf213,8.68378362904215e-239,3.96253321421057,0.389,0.028,1.42813505563227e-234,0.361
Klk8,0,6.53084114580699,0.364,0.004,0,0.36
Kdm6b,3.21126557968144e-59,1.96856348627664,0.502,0.142,5.28124737234409e-55,0.36
Ifrd1,3.47747539302992e-55,1.51602868068885,0.51,0.15,5.719056031377e-51,0.36
Slc9a3r1,4.78579884240285e-67,1.55790258506059,0.464,0.105,7.87072477621573e-63,0.359
Chmp1b,3.66594595526437e-106,2.66135231671367,0.427,0.068,6.02901471802778e-102,0.359
Dbnl,3.96991571518427e-67,2.1529019404223,0.477,0.118,6.52892338519206e-63,0.359
Resf1,1.58834751242276e-174,3.35406904146273,0.397,0.039,2.61219631893048e-170,0.358
Apobec3,0,4.52598784625122,0.377,0.019,0,0.358
Mndal,0,5.92536308332638,0.364,0.007,0,0.357
Atxn7l1,1.31753316289049e-133,3.11014480139988,0.41,0.053,2.16681503968971e-129,0.357
Tbc1d15,1.45123258241219e-85,2.55036336738055,0.444,0.087,2.38669710503508e-81,0.357
Ivns1abp,4.12616740105229e-36,1.22405024209226,0.615,0.258,6.78589490777059e-32,0.357
St8sia4,0,4.90933369752349,0.368,0.012,0,0.356
Pdcd10,1.74487618944632e-78,2.3906347521782,0.452,0.096,2.86962338116342e-74,0.356
Srsf2,1.46350350600884e-56,1.9670700079928,0.498,0.144,2.40687786598214e-52,0.354
Ccni,6.73694207178759e-40,1.45240105568866,0.577,0.223,1.10795749312619e-35,0.354
Cep97,3.68729722114301e-167,3.44842109178238,0.393,0.04,6.0641290098918e-163,0.353
Itpr2,1.31060350533991e-263,4.24210628479517,0.377,0.024,2.15541852488202e-259,0.353
Vav1,6.8208684681053e-201,3.34087679817017,0.385,0.032,1.1217600282646e-196,0.353
Git2,4.15155807619502e-72,2.17790123379631,0.452,0.1,6.82765241211033e-68,0.352
Wdr82,2.85080485499765e-58,1.89869799725098,0.481,0.129,4.68843366452914e-54,0.352
H3f3a,3.73447457674217e-37,1.33265976841443,0.632,0.28,6.14171688891017e-33,0.352
Cd96,0,12.3593594091349,0.351,0,0,0.351
Ubash3a,0,12.2534259643858,0.351,0,0,0.351
Dennd1c,0,5.45227238149656,0.36,0.009,0,0.351
Stat1,7.54815660255775e-106,3.10901660316379,0.418,0.067,1.24136983485665e-101,0.351
Snu13,5.72610986684264e-58,1.95194882255395,0.485,0.134,9.4171602870094e-54,0.351
Slc25a3,2.57153180019736e-36,1.37352504010979,0.632,0.281,4.22914119860458e-32,0.351
Gvin1,0,5.17892423317326,0.36,0.01,0,0.35
Rab21,1.18235615453165e-51,1.85634701926219,0.506,0.156,1.94450293174274e-47,0.35
Mapk1,1.50237801897851e-45,1.65701693701358,0.531,0.182,2.47081089001206e-41,0.349
Tmem71,0,7.59576397508609,0.351,0.002,0,0.349
H2-Q6,0,5.34214359966017,0.36,0.011,0,0.349
Tle4,6.06127122071151e-66,2.04321004324748,0.456,0.108,9.96836664958215e-62,0.348
Tnfaip8l2,0,4.5771777099615,0.364,0.016,0,0.348
Pstpip1,0,5.2566670329457,0.356,0.008,0,0.348
Acsl4,3.74348246814232e-131,3.14063107022945,0.397,0.05,6.15653126710685e-127,0.347
Cnppd1,3.60201440581932e-111,2.76079180354146,0.406,0.059,5.92387289181045e-107,0.347
H2afy,5.14826529424877e-32,1.12983111138483,0.682,0.335,8.46683710292153e-28,0.347
Srp9,1.15887163586441e-49,1.74888210801481,0.502,0.156,1.90588029234261e-45,0.346
Ywhah,1.12506445243767e-64,1.98958152443942,0.452,0.107,1.85028099847899e-60,0.345
Arf6,1.33053495664649e-79,2.36589349784075,0.431,0.086,2.18819778970082e-75,0.345
Rhoa,2.40038150796226e-57,1.86038621893596,0.469,0.124,3.94766742799473e-53,0.345
Wnk1,1.57513045316416e-34,1.27942602904717,0.598,0.253,2.59045954327378e-30,0.345
Cyth4,6.09608048329309e-162,2.49991556441509,0.381,0.037,1.00256139628238e-157,0.344
Arhgap1,1.00126378341224e-112,2.92185583969412,0.402,0.058,1.64667841819978e-108,0.344
Ttc7,1.36297808853275e-251,3.92081893799232,0.368,0.024,2.24155376440095e-247,0.344
Plec,3.82802404301368e-148,2.95887700743974,0.385,0.042,6.2955683411403e-144,0.343
Csnk1g2,5.26521431081131e-59,1.98451691172172,0.464,0.121,8.65917145556029e-55,0.343
Elmsan1,1.3012107764596e-210,3.73547791912145,0.372,0.029,2.13997124296547e-206,0.343
Tmc6,1.10230154686359e-147,3.34509339460342,0.385,0.043,1.81284512397186e-143,0.342
D16Ertd472e,4.20124882224631e-60,2.21153207001141,0.464,0.122,6.90937381306628e-56,0.342
Kmt2d,3.03057215072166e-29,1.08877779388355,0.653,0.311,4.98407895907685e-25,0.342
Arhgef6,0,4.26719874361979,0.36,0.018,0,0.342
Tpr,3.98441313728866e-56,2.19936152802666,0.485,0.143,6.55276584558493e-52,0.342
Slbp,2.2921583660069e-115,3.03150683290765,0.397,0.056,3.76968364873494e-111,0.341
Dnajc15,6.83734425275188e-115,3.17702499445121,0.397,0.057,1.12446963580757e-110,0.34
Rnf44,1.85842432016366e-59,2.04279841494009,0.46,0.12,3.05636463694115e-55,0.34
Eif3l,9.32537359378443e-60,2.07582269753416,0.456,0.117,1.53365094123379e-55,0.339
Use1,5.94959828583334e-44,1.64705931044154,0.519,0.18,9.7847093408815e-40,0.339
Cd164,1.42097365033655e-24,0.832802380509755,0.644,0.305,2.33693326534349e-20,0.339
Rrad,0,3.43905663820718,0.356,0.017,0,0.339
Rnf38,7.64696268383741e-84,2.53318170609828,0.418,0.079,1.2576194829839e-79,0.339
Myb,0,5.13968379833666,0.351,0.013,0,0.338
Ifi27l2a,0,4.9910716700062,0.351,0.013,0,0.338
Susd6,1.15501801800858e-80,2.34646945768058,0.418,0.08,1.89954263241691e-76,0.338
Iqgap2,8.91564424906285e-69,1.68812550925782,0.427,0.089,1.46626685320088e-64,0.338
Smpdl3a,4.12498433139641e-64,1.68340352442661,0.435,0.097,6.78394923141453e-60,0.338
Prkacb,5.32644340484147e-63,2.14719736810025,0.444,0.107,8.75986882360228e-59,0.337
Lta4h,1.20161723797542e-76,2.41533975636516,0.423,0.086,1.97617970957437e-72,0.337
Ccnd3,3.87580831616402e-49,1.68255377700575,0.473,0.137,6.37415435676335e-45,0.336
Sf3b6,2.5876841727053e-46,1.75738901476859,0.494,0.158,4.25570539043113e-42,0.336
Rhoh,0,5.34901635828108,0.343,0.008,0,0.335
Sidt1,0,11.2038701399116,0.335,0,0,0.335
Fbxo33,2.04559080789843e-87,2.49285319690871,0.406,0.072,3.36417864266975e-83,0.334
Tor1aip2,3.22215102038694e-51,1.86093553140008,0.473,0.139,5.29914956812836e-47,0.334
Srsf6,1.95953879778769e-32,1.2867766455608,0.598,0.264,3.22265750684163e-28,0.334
Rgs1,0,3.84475722297362,0.347,0.014,0,0.333
Atg2a,3.50084284549276e-100,2.80374394124026,0.393,0.061,5.7574861436974e-96,0.332
Pds5a,8.77423272430952e-66,2.16863364661218,0.431,0.099,1.44301031383994e-61,0.332
Dhx9,8.4707536018102e-33,1.31857464485729,0.582,0.25,1.39310013735371e-28,0.332
Hnrnpa2b1,3.03982701879992e-27,0.994758240350487,0.736,0.404,4.99929951511835e-23,0.332
Stat5a,0,5.00974357470379,0.343,0.012,0,0.331
Dennd4a,5.5821451046634e-60,2.33736635005219,0.448,0.117,9.18039583912942e-56,0.331
Khdrbs1,2.74297905869769e-39,1.49506840675231,0.515,0.184,4.51110335993422e-35,0.331
Ass1,1.42628625944092e-283,4.40628617622238,0.351,0.02,2.34567038227653e-279,0.331
Plgrkt,1.51385578378578e-68,2.35548934671378,0.427,0.096,2.48968722201409e-64,0.331
Crebbp,4.38547587785057e-44,1.63647272568757,0.49,0.159,7.21235362871305e-40,0.331
Tecpr1,2.14424487432213e-43,1.69322583449589,0.494,0.163,3.52642512031018e-39,0.331
Tap1,0,4.79011671003564,0.343,0.013,0,0.33
Lats2,4.02155210470262e-58,2.10208130908269,0.444,0.114,6.61384459139393e-54,0.33
Helz2,0,4.65957717733214,0.343,0.014,0,0.329
Prdx6,3.8501723038661e-119,2.83136119821303,0.377,0.048,6.33199337093819e-115,0.329
Mapre1,7.59347244211799e-39,1.42812786332948,0.502,0.173,1.24882247783072e-34,0.329
Gch1,6.67582115423225e-303,4.37072683249408,0.347,0.018,1.09790554702504e-298,0.329
Capn1,0,5.02085513902886,0.339,0.011,0,0.328
Fbxl14,3.66168143009168e-92,2.66412593823321,0.393,0.065,6.02200127992877e-88,0.328
Klhl24,1.53379151370581e-55,2.14555918739412,0.452,0.124,2.52247352344058e-51,0.328
Nlrc5,0,6.61184951441795,0.331,0.004,0,0.327
Cab39,8.31955167406984e-35,1.31444788692876,0.527,0.2,1.36823346831753e-30,0.327
Rprd2,4.21238794086771e-51,1.86276029788952,0.452,0.126,6.92769320755103e-47,0.326
Frmd8,1.00122597893351e-256,4.13986982052,0.347,0.021,1.64661624495406e-252,0.326
Lsm8,4.23122090982432e-68,2.31129203762842,0.418,0.092,6.95866590829708e-64,0.326
Tnfrsf26,0,7.97638932699719,0.326,0.001,0,0.325
Srsf7,9.05958301474528e-37,1.46650622724108,0.523,0.198,1.48993902260501e-32,0.325
Agfg1,1.52331338349307e-45,1.73892180937992,0.473,0.148,2.5052411904927e-41,0.325
Sla,3.36950104602583e-284,4.53649135919208,0.343,0.019,5.54148142029408e-280,0.324
B3gnt2,1.24727269563724e-140,3.23216055912853,0.364,0.04,2.051264675245e-136,0.324
Ubac2,1.0134322304397e-85,2.56045710635014,0.393,0.069,1.66669064618114e-81,0.324
Golph3,1.29969643455907e-52,1.97365442546297,0.448,0.124,2.13748075627585e-48,0.324
Setx,2.4276255371497e-75,2.45454919625254,0.402,0.079,3.9924729583964e-71,0.323
Arid4b,1.57213636833447e-48,1.89662456802075,0.46,0.137,2.58553547136287e-44,0.323
Rflnb,0,5.17512687615968,0.331,0.009,0,0.322
Cd6,0,12.3720704608845,0.322,0,0,0.322
Mta3,1.09953640358082e-297,4.42253552786745,0.339,0.017,1.80829756932902e-293,0.322
Acsl5,5.30361364660052e-217,3.88602202628273,0.347,0.025,8.72232300319922e-213,0.322
Cnp,3.4708007028112e-213,3.71717874869772,0.347,0.025,5.7080788358433e-209,0.322
Ubr2,4.05916852565539e-39,1.50312295111595,0.49,0.168,6.67570855729286e-35,0.322
Il6ra,1.04057487718241e-240,4.12813822842372,0.343,0.022,1.71132944301419e-236,0.321
Foxn3,5.39766091038142e-89,2.49055321949127,0.385,0.064,8.87699313321329e-85,0.321
Tacc1,9.57498249293566e-80,2.41397428177317,0.393,0.072,1.5747016207882e-75,0.321
Dhx15,9.41759307316409e-35,1.39198092398654,0.519,0.198,1.54881735681257e-30,0.321
Anxa11,1.210839122575e-157,3.4392594894061,0.356,0.035,1.99134602098685e-153,0.321
Nap1l4,1.36408967268889e-45,1.76232446746931,0.464,0.144,2.24338187570415e-41,0.32
Tnip1,2.22595042131731e-125,3.13967174217095,0.364,0.044,3.66079806289845e-121,0.32
Zyx,1.5286580304014e-87,2.51696160318295,0.385,0.065,2.51403099679815e-83,0.32
Ctbp1,2.71035786400198e-41,1.62424356678007,0.485,0.165,4.45745454313766e-37,0.32
Gpr171,0,5.58498413633285,0.322,0.003,0,0.319
Stim1,1.88842701820969e-56,2.01927382958692,0.427,0.108,3.10570707414765e-52,0.319
Bptf,4.66369083736302e-38,1.49772409168685,0.49,0.171,7.66990595112722e-34,0.319
Ccnl2,2.10602126503754e-30,1.19560240998159,0.536,0.218,3.46356257248074e-26,0.318
Psmb9,0,4.89440855076326,0.331,0.013,0,0.318
Man1a,8.01846572029236e-49,1.55264946376933,0.435,0.117,1.31871687235928e-44,0.318
Dennd1b,2.93630028782532e-63,2.098212433914,0.41,0.092,4.82903945335752e-59,0.318
Arrb2,8.07489541211945e-86,2.35214996827475,0.381,0.064,1.32799729947717e-81,0.317
Taf1d,2.44993382004595e-68,2.40176231227708,0.402,0.086,4.02916116044757e-64,0.316
Tra2b,4.59186428687004e-43,1.70955800674586,0.464,0.148,7.55178000618646e-39,0.316
Hnrnpul2,1.71604890198018e-34,1.45900336604905,0.531,0.215,2.82221402419661e-30,0.316
Nab1,1.69782321624134e-90,2.68951471980415,0.377,0.061,2.7922400614305e-86,0.316
Rnf4,7.62116355213247e-47,1.79788243175748,0.448,0.132,1.25337655778371e-42,0.316
Sp3,5.90977686838462e-42,1.68830822370998,0.473,0.157,9.71921903774535e-38,0.316
Cdc25b,0,6.22654395468618,0.322,0.007,0,0.315
Dpp4,1.28891412107632e-245,3.89951205390843,0.335,0.02,2.11974816352212e-241,0.315
Cbx4,5.60456152500573e-84,2.5619005232198,0.381,0.066,9.21726188402442e-80,0.315
Cbl,3.47733725141181e-80,2.49759664278623,0.385,0.07,5.71882884367186e-76,0.315
Ppp6r1,3.1874709026764e-38,1.53337142483361,0.481,0.166,5.2421146465416e-34,0.315
Nsa2,9.06329607243153e-177,3.62119602122762,0.343,0.029,1.49054967207209e-172,0.314
Eif3e,1.10769246002818e-64,2.30512510785769,0.402,0.089,1.82171101976235e-60,0.313
Srrm2,1.76020734863006e-30,1.28774592446103,0.544,0.231,2.89483700555699e-26,0.313
St8sia6,0,8.79764212276369,0.314,0.001,0,0.313
Nfatc1,3.07237673872967e-269,4.28526393704974,0.331,0.018,5.05283078451481e-265,0.313
Dnm2,1.30885622559602e-54,2.09494914548817,0.423,0.11,2.15254494861522e-50,0.313
Kdm5a,4.15942723877328e-51,1.98574602820034,0.431,0.119,6.84059403688654e-47,0.312
Nop10,4.76593419306774e-84,2.74882319062122,0.377,0.066,7.83805537391921e-80,0.311
Ndufa6,1.36784755266218e-31,1.33309777385492,0.515,0.205,2.24956208510822e-27,0.31
Carmil2,0,6.27614604088593,0.314,0.004,0,0.31
Tgfb1,1.42016724239537e-136,3.02299404978519,0.347,0.037,2.33560704684343e-132,0.31
Fgfr1op2,1.42775681328894e-50,1.88112768502435,0.423,0.113,2.34808885513499e-46,0.31
Sept7,5.86053997101448e-34,1.37729276434283,0.498,0.188,9.63824403633041e-30,0.31
Brk1,1.38470155725906e-39,1.52192603219213,0.456,0.147,2.27728018106825e-35,0.309
Ythdf3,8.14958329792215e-29,1.23203689028515,0.548,0.239,1.34028046917628e-24,0.309
Rock1,3.09047438040143e-46,1.76432255392639,0.435,0.126,5.08259416600819e-42,0.309
Tle5,6.08098038971015e-35,1.50300141407671,0.502,0.193,1.00007803489173e-30,0.309
Psme3,8.84985021547516e-38,1.5409807050144,0.473,0.164,1.45544636643704e-33,0.309
Ifi213,0,7.19195833166845,0.31,0.002,0,0.308
Sumo1,3.03312366662543e-33,1.36346314309674,0.494,0.186,4.98827518213218e-29,0.308
Ccnl1,1.35349911132862e-21,0.772924944870446,0.59,0.282,2.22596463849104e-17,0.308
Nr4a2,3.05758981706473e-252,3.98047258676944,0.326,0.019,5.02851221314466e-248,0.307
Nt5c,1.97922533885343e-171,3.52761433162588,0.335,0.028,3.25503399227835e-167,0.307
Hnrnpab,1.56505418340459e-54,2.11591931673269,0.41,0.103,2.57388811002719e-50,0.307
Yy1,1.31999740842051e-43,1.77016705354566,0.444,0.137,2.17086773788837e-39,0.307
Arap2,0,5.41017786422814,0.314,0.008,0,0.306
Elf4,3.73169333713964e-295,4.46441267831775,0.322,0.016,6.13714286225985e-291,0.306
Snx20,1.65759287196776e-241,3.72105909379305,0.326,0.02,2.72607723723817e-237,0.306
Nasp,1.13351081883993e-89,2.69691069854299,0.364,0.058,1.86417189266415e-85,0.306
Tbl1xr1,3.3469817416356e-39,1.61288084433067,0.456,0.151,5.50444617229391e-35,0.305
Prkx,9.44877028377431e-139,3.26400061102384,0.339,0.035,1.55394476086952e-134,0.304
Chchd2,5.07823147481776e-20,0.801634485784352,0.657,0.353,8.35165948348529e-16,0.304
Il27ra,0,9.17043659971481,0.305,0.001,0,0.304
S100a11,1.61681625140882e-97,2.57271317843285,0.356,0.052,2.65901600706695e-93,0.304
Gpcpd1,4.72354431216988e-31,1.27872986280882,0.502,0.198,7.76834097579459e-27,0.304
Dazap1,3.84154041517119e-30,1.22520571762353,0.502,0.198,6.31779736679054e-26,0.304
Med14,4.3162120757448e-59,2.13395110967234,0.393,0.09,7.0984423797699e-55,0.303
Gimap5,0,7.60279654601569,0.305,0.002,0,0.303
Stk26,0,7.61653932942596,0.305,0.002,0,0.303
Arhgap4,0,4.9743958279362,0.314,0.011,0,0.303
Ctss,4.13971349825157e-94,-0.585603655143124,0.351,0.048,6.80817281922453e-90,0.303
Sec11c,7.77291618583449e-64,2.2316206421206,0.385,0.082,1.27833379592234e-59,0.303
Polr1d,3.82418141319712e-50,1.93333874046467,0.414,0.111,6.28924875214398e-46,0.303
Zfp592,1.44651989937054e-49,1.98826725318548,0.418,0.115,2.37894662650478e-45,0.303
Atrx,6.66662777791955e-35,1.46787132597543,0.469,0.166,1.09639360435665e-30,0.303
Pdcd6,2.14750065337912e-58,2.10905740190369,0.393,0.091,3.53177957454731e-54,0.302
Tspan32,0,6.9666016704544,0.305,0.003,0,0.302
M6pr,2.00066150276199e-46,1.74073152850435,0.418,0.116,3.29028790744237e-42,0.302
Prrc2b,1.27124528085051e-23,0.993236692000518,0.577,0.275,2.09068998888676e-19,0.302
Tram1,3.68884544330185e-28,1.20685661354012,0.531,0.23,6.06667521605422e-24,0.301
Ctla4,0,11.9935588376307,0.301,0,0,0.301
Dbf4,0,5.11786580175472,0.31,0.009,0,0.301
Hcst,0,6.42112468519801,0.305,0.004,0,0.301
Acot2,1.54783407774682e-188,3.90967954992207,0.326,0.025,2.54556792426242e-184,0.301
Map3k3,1.62612793646152e-66,2.38966690530037,0.381,0.08,2.67433000430461e-62,0.301
Spty2d1,2.94810606550936e-65,2.32547760808941,0.381,0.08,4.8484552353367e-61,0.301
Gdi2,2.09466998401791e-36,1.59919216293497,0.464,0.164,3.44489425571585e-32,0.3
Hp1bp3,2.20211226475445e-25,1.12370469520646,0.556,0.256,3.62159383061516e-21,0.3
Orai1,1.06007921576882e-179,3.75288714018995,0.326,0.026,1.74340627825339e-175,0.3
Snrpe,2.85521214999466e-83,2.60635306192758,0.36,0.06,4.69568190188122e-79,0.3
Capns1,3.16341832867581e-47,1.73229830691799,0.41,0.11,5.20255778334023e-43,0.3
Eef1g,1.61199533437105e-45,1.99669622932233,0.427,0.128,2.65108752690663e-41,0.299
Gtf2i,9.16055199958204e-23,1.01314704389359,0.615,0.316,1.50654438185126e-18,0.299
Eif4a2,2.11933724873007e-22,1.00100295335844,0.699,0.4,3.48546203926147e-18,0.299
Slc38a1,1.22621813649473e-48,1.90633779560008,0.406,0.108,2.01663834727924e-44,0.298
Nipbl,1.16895127615824e-25,1.15467731558899,0.556,0.258,1.92245726876983e-21,0.298
Dhx40,1.68799541813795e-71,2.42174037860124,0.368,0.07,2.77607726466968e-67,0.298
Snrpf,1.7695813781196e-44,1.86418574513609,0.423,0.125,2.91025353445549e-40,0.298
Prdm2,5.95002261550779e-44,1.80410672103782,0.423,0.125,9.78540719346412e-40,0.298
Atp5e,1.13382199903947e-42,1.8148672326434,0.431,0.133,1.86468365962031e-38,0.298
Tob1,1.76346598141502e-26,1.27405273793277,0.598,0.3,2.90019615303515e-22,0.298
Arf5,1.97957319179787e-33,1.41230643896048,0.469,0.171,3.25560607123078e-29,0.298
Cdc37,2.89981366402288e-36,1.55032622060417,0.452,0.155,4.76903355185203e-32,0.297
Hivep2,3.26192653421149e-183,3.72395053217826,0.322,0.025,5.36456437816421e-179,0.297
Ptma,3.02958242346808e-46,2.02089182595535,0.418,0.121,4.9824512536356e-42,0.297
Acin1,4.31251587135198e-24,1.06284034976137,0.565,0.269,7.09236360202547e-20,0.296
Dap,1.63282464351708e-130,3.34278323391622,0.331,0.036,2.68534340872819e-126,0.295
Klhl21,5.68354879351505e-59,2.29697954430309,0.381,0.086,9.34716434581485e-55,0.295
Rbm5,3.05451561666492e-26,1.15660903801727,0.536,0.241,5.02345638316713e-22,0.295
Parp14,1.20135171709797e-236,3.92893853755021,0.314,0.019,1.97574303393932e-232,0.295
Maml1,2.72333580199441e-78,2.46562097398717,0.356,0.061,4.47879805996001e-74,0.295
Pdk1,1.39377889102312e-68,2.43985570891608,0.368,0.073,2.29220876417663e-64,0.295
Hadhb,4.52111846555198e-29,1.2929796779956,0.494,0.199,7.43543142844678e-25,0.295
Rasa1,9.71520612150697e-48,2.03146711030762,0.406,0.112,1.59776279874304e-43,0.294
Abi1,2.09255084831325e-34,1.51392049431798,0.456,0.162,3.44140912513597e-30,0.294
Gpx1,6.82770482260823e-37,1.18949522899184,0.431,0.137,1.12288433512615e-32,0.294
Rassf2,7.84629777285587e-137,3.31137452919691,0.326,0.033,1.29040213172388e-132,0.293
Akr1b3,5.74328559945526e-119,3.13348399413976,0.331,0.038,9.44540749686413e-115,0.293
Midn,3.13537399080562e-45,1.73443848050502,0.406,0.113,5.15643606527892e-41,0.293
Clcf1,0,5.34339338196544,0.301,0.008,0,0.293
Arl5c,5.32418170252202e-258,4.13545826066871,0.31,0.017,8.75614922796772e-254,0.293
Rnf166,1.20223836998259e-76,2.51183859790695,0.356,0.063,1.97720122327337e-72,0.293
Rapgef1,4.57400503272157e-38,1.56311980162242,0.431,0.138,7.5224086768139e-34,0.293
Sqstm1,1.75129944552675e-50,1.58985655358912,0.389,0.097,2.8801870681133e-46,0.292
Ppp1r9b,5.04982510063518e-49,1.88181945921209,0.393,0.101,8.30494236050461e-45,0.292
Gbp4,0,7.99613533506481,0.293,0.001,0,0.292
Usp24,6.11106795950055e-71,2.48855437364975,0.36,0.068,1.00502623661946e-66,0.292
Ube2d3,3.12850196333229e-42,1.79763978388719,0.418,0.126,5.14513432889629e-38,0.292
Arid1a,2.90418382819517e-40,1.76495523398443,0.427,0.135,4.77622072384977e-36,0.292
Emg1,1.55031568812421e-50,2.05715683743859,0.393,0.102,2.54964918068907e-46,0.291
Ube2s,2.4382717740271e-79,2.60796052174946,0.351,0.06,4.00998175956497e-75,0.291
Cmas,1.71460773571644e-67,2.49244618890675,0.364,0.073,2.81984388215926e-63,0.291
Rnf187,4.34523177775878e-30,1.2666950662102,0.469,0.178,7.14616818170209e-26,0.291
Cggbp1,2.13872761442091e-29,1.26716823912052,0.473,0.183,3.51735143467662e-25,0.29
Sidt2,1.62359953751294e-84,2.70922409572499,0.343,0.054,2.67017179939379e-80,0.289
Nono,3.75290956566386e-26,1.19312574662961,0.523,0.234,6.17203507169078e-22,0.289
Nkg7,0,12.0149138776861,0.289,0,0,0.289
Frat2,8.59451491663538e-203,3.72110524925244,0.31,0.021,1.41345392318986e-198,0.289
Arid4a,6.35238048311835e-64,2.38742784290824,0.364,0.075,1.04471249425364e-59,0.289
Srebf2,8.05658426275471e-45,1.75852984849117,0.397,0.109,1.32498584785264e-40,0.288
Galnt1,1.27801906618884e-31,1.41323524711172,0.456,0.168,2.10183015625416e-27,0.288
B4galt1,4.84685011357529e-27,1.3450601517815,0.519,0.231,7.97112969678593e-23,0.288
Kcnn4,0,7.81219894112614,0.289,0.001,0,0.288
Flt3l,0,5.86345248207538,0.293,0.005,0,0.288
Mtmr12,6.84636510740547e-193,3.79954566577753,0.31,0.022,1.1259532055639e-188,0.288
Crebrf,1.21405444161823e-30,1.46682449785959,0.473,0.185,1.99663393468534e-26,0.288
Hnrnpa0,2.7905207906355e-54,2.17849010055324,0.377,0.09,4.58929049227914e-50,0.287
Marc2,1.02449968958865e-50,1.96129609007959,0.381,0.094,1.6848921894975e-46,0.287
Setd1b,1.14490753037588e-48,2.1803447912999,0.393,0.106,1.88291492445618e-44,0.287
Rpa1,3.92475922496596e-46,1.67203151464557,0.393,0.106,6.45465902137902e-42,0.287
Ddx46,6.42560725344623e-32,1.41996161457767,0.456,0.169,1.05675536890177e-27,0.287
Panx1,0,4.95031349154265,0.297,0.01,0,0.287
Ifi47,0,5.67209841632493,0.293,0.006,0,0.287
S100a13,2.75665778231655e-158,3.77813396387448,0.314,0.027,4.5335993887978e-154,0.287
Thada,5.01174522913488e-42,2.05102382679391,0.418,0.131,8.24231620383523e-38,0.287
Ascc3,9.45839188702971e-38,1.64038965020265,0.423,0.136,1.55552712974091e-33,0.287
Wsb1,5.74665035526949e-34,1.26995210847567,0.431,0.145,9.45094117427621e-30,0.286
Nfatc2,1.00007725433853e-274,4.12621727567874,0.301,0.015,1.64472705248515e-270,0.286
Pde2a,2.96258634389456e-221,4.31758093281785,0.305,0.019,4.87226950116899e-217,0.286
Slc25a36,2.25402277023854e-52,2.104552219083,0.377,0.092,3.70696584793431e-48,0.285
Tnks2,2.19436181907098e-20,0.919378406879996,0.561,0.276,3.60884744764414e-16,0.285
Atp1a1,2.44804782187807e-13,0.323956187344583,0.636,0.351,4.02605944786068e-09,0.285
Prpf38b,4.1356637996012e-38,1.65980141467977,0.418,0.133,6.80151268482413e-34,0.285
Eif3i,7.34607176100408e-75,2.48413908316176,0.343,0.059,1.20813496181473e-70,0.284
Psenen,8.00687433311633e-36,1.65153483606557,0.427,0.143,1.31681055282431e-31,0.284
Ppp4r2,2.38965382633321e-33,1.47674162915186,0.439,0.155,3.9300246827876e-29,0.284
Klrd1,0,8.7688116942863,0.285,0.001,0,0.284
Tnik,5.24121721233138e-199,3.87528973936118,0.305,0.021,8.61970582740019e-195,0.284
Plekha2,1.05262732942594e-37,1.67645099589654,0.418,0.134,1.7311509059739e-33,0.284
Wdr1,3.78013893933008e-32,1.52461899804966,0.448,0.165,6.21681649962225e-28,0.283
Cd82,2.78346069118514e-31,1.36670686892993,0.435,0.152,4.57767945272308e-27,0.283
Top2b,1.0274775518726e-22,1.05127594403009,0.548,0.265,1.68978958180968e-18,0.283
Clic1,1.06693209778152e-99,3.12125053195501,0.326,0.044,1.75467652801149e-95,0.282
Mier1,8.67121570372155e-32,1.49292926225089,0.452,0.17,1.42606813463405e-27,0.282
Slain1,6.71334346307668e-148,3.70910544816203,0.31,0.028,1.10407646593759e-143,0.282
Galnt2,3.54218476308315e-46,2.01459056397805,0.385,0.104,5.82547706136655e-42,0.281
Nr3c1,2.65356894520898e-40,1.89431219444057,0.406,0.125,4.36405948729068e-36,0.281
Rap1a,1.63975737118922e-34,1.50521592686216,0.423,0.142,2.69674497265779e-30,0.281
Rbbp4,6.01522333509608e-27,1.26284921827247,0.485,0.204,9.89263629689901e-23,0.281
Icam2,0,4.65632841712417,0.289,0.008,0,0.281
Zbtb11,4.73427344346694e-60,2.28506269361989,0.356,0.075,7.78598610512573e-56,0.281
Pglyrp2,0,10.8935300192995,0.28,0,0,0.28
Zfp622,1.40607743584835e-74,2.5482581083872,0.339,0.059,2.31243495099619e-70,0.28
Bola2,2.5222881829548e-73,2.39216076078893,0.339,0.059,4.14815514568746e-69,0.28
Hdac1,5.39686871628685e-37,1.63324922655968,0.41,0.13,8.87569029080535e-33,0.28
Rlim,4.95372973848753e-36,1.54845826030773,0.414,0.134,8.14690392791659e-32,0.28
Gpr18,0,7.83309416543749,0.28,0.001,0,0.279
Chd1,4.48650375231326e-36,1.67955477780228,0.418,0.139,7.37850407105439e-32,0.279
Ddx39b,2.93417949607448e-31,1.50878851546437,0.444,0.166,4.82555159924409e-27,0.278
Gltp,2.16045785293904e-122,3.32018927263461,0.31,0.033,3.55308898494355e-118,0.277
Fcho1,4.79507161684379e-122,3.23504989492796,0.31,0.033,7.88597478106129e-118,0.277
Rnf7,1.3619612755467e-69,2.53761587109638,0.339,0.062,2.23988151376411e-65,0.277
Rhof,0,5.11747921715987,0.285,0.008,0,0.277
Igtp,0,5.51968427109392,0.285,0.008,0,0.277
Rnf19b,6.87356386551507e-75,2.12613332950993,0.331,0.055,1.13042631332261e-70,0.276
Ppm1g,4.50477917073837e-51,2.13608949893776,0.364,0.088,7.40855982419632e-47,0.276
Trir,5.95479129498988e-26,1.25768160435883,0.485,0.209,9.79324976374036e-22,0.276
Ppib,9.43429221606206e-25,1.1990298667121,0.49,0.214,1.55156369785357e-20,0.276
Prpf4b,2.70950243224136e-23,1.11397782490878,0.498,0.222,4.45604770006415e-19,0.276
Gbp9,0,5.19946852059654,0.285,0.009,0,0.276
Rinl,0,5.02584087382907,0.285,0.009,0,0.276
Hdac7,4.06156486938312e-139,3.44594296784275,0.305,0.029,6.67964958418747e-135,0.276
Hnrnpul1,8.09664790931432e-20,0.930143811019708,0.561,0.286,1.33157471516583e-15,0.275
Sept11,1.70437468109774e-88,2.75580438759656,0.322,0.047,2.80301460053334e-84,0.275
Foxn2,2.8869289567623e-88,2.82848050724732,0.322,0.047,4.74784336229128e-84,0.275
Dip2b,1.19076976454371e-40,1.84428438434649,0.389,0.114,1.95833995476859e-36,0.275
Uqcrfs1,6.14636340057726e-24,1.15936890293273,0.498,0.223,1.01083092485894e-19,0.275
Syncrip,2.20464859405458e-23,1.16144866591009,0.515,0.24,3.62576507778215e-19,0.275
Igfbp4,1.18183745500168e-84,1.74889660393284,0.322,0.048,1.94364987849577e-80,0.274
Rab35,1.92272362196884e-68,2.45297540418976,0.335,0.061,3.16211126868996e-64,0.274
Taf4b,1.90024639488579e-203,3.89509796958811,0.293,0.019,3.12514522102916e-199,0.274
Arl5b,1.07457361445804e-45,2.05147005256436,0.372,0.099,1.76724376633769e-41,0.273
Smarca5,7.1044490129762e-39,1.72073634600031,0.389,0.116,1.16839768467407e-34,0.273
Igbp1,1.33597425911407e-37,1.6278846719912,0.393,0.12,2.197143266539e-33,0.273
Itsn2,1.22073302042209e-34,1.56010946769382,0.406,0.133,2.00761752538617e-30,0.273
Efr3a,6.38409763835997e-30,1.40410774922455,0.439,0.166,1.04992869760468e-25,0.273
Mat2b,2.07257562266978e-59,2.32611381765537,0.343,0.071,3.40855786904271e-55,0.272
Pja1,7.77865779928604e-57,2.24900483111679,0.347,0.075,1.27927806167058e-52,0.272
Fam169b,0,8.20755895562852,0.272,0.001,0,0.271
Sertad1,4.72241346309113e-84,2.42249746655439,0.318,0.047,7.76648118139967e-80,0.271
Suco,4.6841887164634e-44,1.97274922889016,0.372,0.101,7.70361676309571e-40,0.271
Slc35e1,1.54779465821846e-42,1.79223076398089,0.372,0.101,2.54550309490609e-38,0.271
Cited2,4.32156164246756e-19,0.9206749827903,0.548,0.277,7.10724027720214e-15,0.271
Nup98,3.26856929816492e-36,1.71178481023189,0.397,0.127,5.37548906776203e-32,0.27
Sod1,9.6687132743213e-27,1.28076055945849,0.448,0.178,1.59011658509488e-22,0.27
Card6,0,5.30583772582273,0.276,0.007,0,0.269
Dck,1.36791116095385e-95,2.88217415113584,0.31,0.041,2.2496666953047e-91,0.269
Plcg1,3.68064402275038e-59,2.32157661741304,0.339,0.07,6.05318715981527e-55,0.269
Gak,4.43181624644442e-48,1.98437391189706,0.356,0.087,7.28856499890249e-44,0.269
Trim56,1.4307153014044e-183,3.93963040977552,0.289,0.02,2.35295438468967e-179,0.269
Plcl2,2.46056751774193e-179,3.77588070474005,0.289,0.02,4.04664933967837e-175,0.269
Hnrnpk,1.64584368521788e-18,0.854326095420564,0.611,0.342,2.70675452470933e-14,0.269
Tapbpl,2.81228886569082e-304,4.94748423463336,0.28,0.012,4.62509026851513e-300,0.268
Parvg,3.61129472054567e-213,4.0018359662313,0.285,0.017,5.93913529740942e-209,0.268
Sh3bp5,1.94007466153152e-177,3.8914821906506,0.289,0.021,3.19064678835473e-173,0.268
Tkt,1.72403228472424e-40,1.7682602898191,0.372,0.105,2.83534349545749e-36,0.267
C1galt1,1.95652331091749e-143,3.47806893241633,0.293,0.026,3.2176982371349e-139,0.267
Ranbp9,5.33188043040698e-44,1.88215979774655,0.36,0.094,8.76881055584732e-40,0.266
Pitpnc1,1.2592415563328e-29,1.49489508278259,0.423,0.157,2.07094866354493e-25,0.266
Ppp1cb,3.43835468255073e-28,1.3783366906883,0.427,0.161,5.65471811092293e-24,0.266
Cdk13,1.38386149881233e-27,1.31221045927673,0.427,0.162,2.27589862094676e-23,0.265
Eif1,2.66624877772866e-25,1.34956306147489,0.469,0.204,4.38491273985255e-21,0.265
Bclaf1,1.21806102391623e-20,1.02158395694832,0.49,0.225,2.00322315993262e-16,0.265
Ubn1,2.45782990457893e-40,1.85012748888044,0.368,0.104,4.04214706107051e-36,0.264
Atl3,1.57821935402489e-39,1.86594245613727,0.372,0.108,2.59553954962933e-35,0.264
Atp6v1f,1.65795920980564e-30,1.46639606336982,0.41,0.146,2.72667971644635e-26,0.264
Dnajc7,9.20307468493385e-26,1.33912982430648,0.456,0.192,1.51353766268422e-21,0.264
Bzw2,1.04666854074336e-25,1.36672570153367,0.452,0.188,1.72135108210653e-21,0.264
Tsc22d2,3.98090695565348e-35,1.52306658931919,0.381,0.118,6.54699957926772e-31,0.263
Becn1,9.33323695152706e-31,1.48420446554789,0.406,0.143,1.53494414904814e-26,0.263
Sh2d1a,0,4.961871518542,0.272,0.01,0,0.262
Dnajc9,2.50940342407791e-46,2.15625261146053,0.351,0.089,4.12696487123853e-42,0.262
Naa15,1.01767715896061e-35,1.62099983789198,0.377,0.115,1.67367185562661e-31,0.262
Atp6v1d,6.75486462723735e-26,1.34044950161718,0.448,0.186,1.11090503659546e-21,0.262
Ldlrap1,1.07114385844316e-187,4.03032927403815,0.28,0.019,1.76160318959563e-183,0.261
Bcl10,3.58905367467892e-71,2.58912683850716,0.314,0.053,5.90255767337696e-67,0.261
Sat1,2.96071763623944e-41,0.720243275378585,0.347,0.086,4.86919622455938e-37,0.261
Ap3b1,1.57857434540739e-38,1.80221485255352,0.368,0.107,2.59612336845699e-34,0.261
Rictor,1.56023781045205e-28,1.40339146591534,0.41,0.149,2.56596710306944e-24,0.261
Csnk1d,1.64116445416598e-28,1.43278385911917,0.414,0.153,2.69905906132138e-24,0.261
Ep400,5.53958337726019e-27,1.4028426722408,0.431,0.171,9.11039882224212e-23,0.26
Il18r1,0,10.4460710423282,0.259,0,0,0.259
Nin,7.709387080745e-56,2.29230792055597,0.326,0.068,1.26788579929932e-51,0.258
Tubb2a,3.79014596599055e-55,2.96848140367262,0.331,0.073,6.23327405566806e-51,0.258
Mark2,3.9697871614355e-45,1.95310518463149,0.343,0.085,6.52871196569682e-41,0.258
Rbl2,3.13861866313896e-41,1.9743958279362,0.356,0.098,5.16177225339833e-37,0.258
Mia2,1.37122522853922e-36,1.7432656762962,0.368,0.11,2.2551170108556e-32,0.258
Rbbp7,1.79740125311457e-30,1.62196904543348,0.402,0.144,2.95600610087223e-26,0.258
Chd4,5.84400238931911e-28,1.43434379019399,0.414,0.156,9.61104632947421e-24,0.258
Hspa5,7.73872506161189e-22,1.04703053009461,0.46,0.202,1.27271072363269e-17,0.258
Erap1,5.16527826500726e-86,2.803585150305,0.297,0.041,8.49481663463093e-82,0.256
Ppp4c,5.39617926318074e-42,1.88350383308984,0.347,0.091,8.87455641622705e-38,0.256
Tiprl,1.22792040448761e-35,1.74075864943212,0.368,0.112,2.01943789722032e-31,0.256
Osbpl9,5.51692336887656e-34,1.81632626790517,0.377,0.121,9.07313217245439e-30,0.256
Gmfb,3.80896938781374e-32,1.61065774267761,0.385,0.129,6.26423105519848e-28,0.256
Gata3,0,9.84034998144029,0.255,0,0,0.255
Itgb3,0,4.94782017480041,0.264,0.009,0,0.255
Socs4,1.73049025947848e-58,2.36410349868382,0.318,0.063,2.84596428073831e-54,0.255
Ggnbp2,1.75396881449809e-31,1.56969362814314,0.385,0.13,2.88457711232356e-27,0.255
Tmed2,2.13879200865593e-29,1.50373349740147,0.397,0.142,3.51745733743554e-25,0.255
Elavl1,3.15390257187881e-24,1.26221450437848,0.435,0.18,5.1869081697119e-20,0.255
Snx3,4.09724896200453e-20,0.980411886543793,0.464,0.209,6.73833564291264e-16,0.255
Epc1,4.63590830109948e-16,0.764964683621831,0.531,0.276,7.6242147919882e-12,0.255
Lbh,6.5273844720584e-17,0.836563513455086,0.54,0.286,1.07349365027472e-12,0.254
Mfng,7.1221930155632e-228,4.24746008804252,0.268,0.014,1.17131586333952e-223,0.254
Haus3,2.42120152215419e-132,3.46041882128821,0.28,0.026,3.98190802333478e-128,0.254
Dnajb9,1.16596445538744e-40,1.7996923427848,0.347,0.093,1.91754514333019e-36,0.254
Nudt21,1.40412708764375e-33,1.61231279400702,0.372,0.118,2.3092274083389e-29,0.254
Calm2,4.10992778499638e-24,1.3269510306847,0.444,0.19,6.75918723520505e-20,0.254
Il6st,3.96392946022988e-23,1.37556302231159,0.473,0.219,6.51907839029407e-19,0.254
Mettl23,1.96999480821245e-58,2.31158360261564,0.314,0.061,3.23985346158619e-54,0.253
Cct2,8.81985596422088e-46,2.13285731831878,0.335,0.082,1.45051351187577e-41,0.253
D8Ertd738e,1.25458343362124e-34,1.74547369566572,0.368,0.115,2.06328791493349e-30,0.253
Trmt112,4.35545757029517e-33,1.67216870676722,0.372,0.119,7.16298552010743e-29,0.253
Zc3h7a,3.57062261902571e-26,1.36253936662139,0.414,0.161,5.87224595924968e-22,0.253
Ddx24,4.06610923716908e-26,1.42023937399621,0.414,0.161,6.68712325144826e-22,0.253
Dnaja2,4.32274900319822e-24,1.44933276603056,0.448,0.195,7.1091930106598e-20,0.253
Ncor1,2.18921999775006e-21,1.0773676684294,0.452,0.199,3.60039120829975e-17,0.253
Ikbkb,4.69523284349775e-61,2.44911873957247,0.31,0.058,7.7217799344164e-57,0.252
Flii,4.79863935639269e-46,2.03192030299181,0.331,0.079,7.89184228552341e-42,0.252
Rad21,7.00243079318848e-30,1.63317366204211,0.393,0.141,1.15161976824778e-25,0.252
Snd1,8.86948297027417e-25,1.28069658100019,0.423,0.171,1.45867516929129e-20,0.252
Stat3,1.46315932278291e-23,1.27707464723639,0.431,0.179,2.40631182224877e-19,0.252
Huwe1,3.03807163691437e-18,0.946808163685331,0.49,0.238,4.99641261406937e-14,0.252
Arpc4,1.98644022178155e-53,2.32819059012405,0.318,0.067,3.26689958874194e-49,0.251
Kctd12,2.61424291411568e-52,0.843896018137994,0.314,0.063,4.29938389655465e-48,0.251
Thrap3,7.75750233940913e-39,1.86302746198944,0.347,0.096,1.27579883473923e-34,0.251
Me2,1.08983463703393e-34,1.65135981410979,0.36,0.109,1.79234204406601e-30,0.251
Rb1cc1,8.56506448157362e-29,1.53881395489992,0.397,0.146,1.4086105046396e-24,0.251
Bag1,1.33270859633525e-28,1.44901431782897,0.389,0.138,2.19177255753296e-24,0.251
Rab5c,2.14995675796869e-20,1.02473444011492,0.452,0.201,3.5358188841553e-16,0.251
Map4k1,0,5.40167692296979,0.255,0.005,0,0.25
Atp10a,0,5.86780319418109,0.255,0.005,0,0.25
Nbeal2,0,4.96571358483639,0.259,0.009,0,0.25
Aff3,2.36886449311718e-112,3.29434287885846,0.28,0.03,3.89583454538051e-108,0.25
H13,9.72135266061232e-38,1.84314254752628,0.351,0.101,1.5987736585643e-33,0.25
Rcc2,7.12025471991603e-77,2.70984715556662,0.293,0.044,1.17099709123739e-72,0.249
Mapk14,1.45656985901071e-34,1.81743022233322,0.36,0.111,2.39547479012902e-30,0.249
Spin1,6.02451159986041e-32,1.68668938527016,0.372,0.123,9.90791177713043e-28,0.249
G3bp2,5.56227220478108e-24,1.25049377557744,0.418,0.169,9.14771286798297e-20,0.249
Tent5c,4.62897041630387e-134,3.5638311117808,0.272,0.024,7.61280474665334e-130,0.248
Frg1,2.66983007228901e-39,1.78040840939895,0.339,0.091,4.3908025368865e-35,0.248
Ppp4r3b,9.84936573820839e-27,1.37509632386647,0.393,0.145,1.61982668930575e-22,0.248
Abr,1.46085284778413e-48,1.9561275360072,0.318,0.07,2.40251859346578e-44,0.248
Mex3b,2.15719665349089e-46,2.14849966057807,0.326,0.078,3.54772561633112e-42,0.248
Eif5a,6.92391780817968e-34,1.77017933256419,0.36,0.112,1.13870752273323e-29,0.248
Setd7,1.52246884562819e-88,2.93047359182614,0.285,0.037,2.50385226352013e-84,0.248
Nsg2,8.66001500342696e-150,3.60384316358416,0.268,0.021,1.4242260674636e-145,0.247
Tspan13,6.0144469530673e-41,1.97765832559459,0.335,0.088,9.89135945901448e-37,0.247
Atxn7,1.8888907650822e-40,1.92907183742671,0.335,0.088,3.10646975225419e-36,0.247
Nxpe3,0,6.17661036733501,0.251,0.004,0,0.247
Zfp53,5.15474944584693e-254,4.36298284826188,0.259,0.012,8.47750093863987e-250,0.247
Pacs1,8.6571977565482e-50,2.19367439330511,0.318,0.071,1.42376274304192e-45,0.247
Bax,6.24536120869186e-32,1.69889967311183,0.368,0.121,1.02711210438146e-27,0.247
Nufip2,8.30858117788889e-24,1.35862799235502,0.423,0.176,1.36642926051561e-19,0.247
Rabac1,8.19494289921008e-17,0.886859535997949,0.523,0.276,1.34774030920409e-12,0.247
Sdf4,1.76028874731356e-15,0.790032766235058,0.536,0.29,2.89497087383187e-11,0.246
Baz1a,1.79284880137503e-169,3.77287089097137,0.264,0.018,2.94851913874137e-165,0.246
Eif4e2,1.14303842899498e-37,1.86685231811984,0.343,0.097,1.87984100032515e-33,0.246
Setd2,4.74672993419884e-27,1.45209316060384,0.389,0.143,7.80647204978342e-23,0.246
Ankrd13c,4.3354537010481e-25,1.40568423223213,0.406,0.16,7.1300871567437e-21,0.246
Traf1,0,5.68750319367682,0.251,0.005,0,0.246
Abtb2,0,4.79148844596046,0.255,0.009,0,0.246
Tpst2,8.36019398736519e-76,2.72674560729776,0.289,0.043,1.37491750316208e-71,0.246
Tspan14,6.08933702994607e-53,2.20761139444007,0.31,0.064,1.00145236794493e-48,0.246
Sema4a,1.23704439456154e-40,1.83081097126476,0.331,0.085,2.03444321129591e-36,0.246
Rnaset2a,2.70476419456162e-69,2.55779612488707,0.293,0.048,4.44825519437603e-65,0.245
Snx5,2.26764675141882e-51,2.18342344023065,0.31,0.065,3.7293718473834e-47,0.245
Ddx10,1.09839180413847e-50,2.35093779045531,0.314,0.069,1.80641516108613e-46,0.245
Atp6v0e,3.35887665637467e-31,1.51297056739687,0.36,0.115,5.52400854907378e-27,0.245
Atxn2l,3.30752028810296e-20,1.14123448498758,0.444,0.199,5.43954786581414e-16,0.245
Lrmp,0,4.99551436236964,0.251,0.007,0,0.244
Mllt3,9.45575301674159e-63,2.50656349513762,0.297,0.053,1.55509314113332e-58,0.244
Lrrc8c,1.09803840730616e-94,2.74470681595885,0.276,0.033,1.8058339646557e-90,0.243
Pnpla7,3.76665605400074e-94,3.06762526899993,0.276,0.033,6.19464254640962e-90,0.243
Grb2,3.69844314499996e-40,2.03362333188315,0.331,0.088,6.08245959626693e-36,0.243
Smndc1,1.80461615093341e-36,1.77984703952506,0.339,0.096,2.96787172182509e-32,0.243
Tmem234,8.66189306142052e-25,1.39742069940582,0.402,0.159,1.42453493288122e-20,0.243
Ccny,5.42454247159779e-32,1.67277019816052,0.356,0.113,8.92120254878972e-28,0.243
Fus,8.27103647805548e-17,0.907080859008477,0.51,0.267,1.360254659181e-12,0.243
Pag1,3.34897597986981e-91,2.89981082704675,0.276,0.034,5.50772589649389e-87,0.242
Rexo2,1.72427364958684e-34,1.70088325609265,0.343,0.101,2.83574044411051e-30,0.242
Psma3,3.21024528969377e-26,1.45681349676169,0.389,0.147,5.27956940343037e-22,0.242
Mcm6,7.31443844137107e-223,4.50504030556912,0.255,0.013,1.20293254606789e-218,0.242
Mapk1ip1l,3.21477386101037e-42,1.90953123227302,0.322,0.08,5.28701709181766e-38,0.242
Magoh,3.75539145215657e-30,1.57755106621226,0.36,0.118,6.1761167822167e-26,0.242
Ubr4,5.32674927429179e-21,1.15497344915641,0.427,0.185,8.76037185650028e-17,0.242
Mcm4,4.23898327247967e-133,3.58095218463493,0.264,0.023,6.97143188992006e-129,0.241
Rap2c,1.66530938620348e-81,2.87326010000197,0.28,0.039,2.73876781655025e-77,0.241
Rela,2.46592456985262e-37,1.69336153356033,0.331,0.09,4.05545954757961e-33,0.241
Insig1,4.32715828575381e-43,1.8991765824406,0.318,0.077,7.11644451675072e-39,0.241
Yme1l1,2.28369197804276e-21,1.1288550747902,0.418,0.177,3.75575982708913e-17,0.241
Tor1aip1,1.40091951580092e-20,1.10239180253076,0.427,0.186,2.30395223568619e-16,0.241
Psmb1,3.91245935535485e-39,1.86132955961455,0.326,0.086,6.43443065581659e-35,0.24
Rcbtb1,1.35786209831552e-37,1.99786450299644,0.331,0.091,2.2331400068897e-33,0.24
Arf4,2.18053080705499e-22,1.25031152506672,0.406,0.166,3.58610096528264e-18,0.24
Irak1,7.78274939092483e-51,2.23192541621121,0.305,0.065,1.2799509648315e-46,0.24
Atf1,1.36953267610184e-42,1.95469510659193,0.318,0.078,2.25233343911708e-38,0.24
Tbca,1.03191898946156e-29,1.59794539634091,0.36,0.12,1.69709397006848e-25,0.24
Rsrp1,1.28131528832528e-08,0.349687519002438,0.665,0.426,0.000210725112317975,0.239
Rgs19,1.50499122161296e-148,3.70593399153009,0.259,0.02,2.47510856306467e-144,0.239
Nt5dc1,7.43837009675997e-75,2.74212253841001,0.28,0.041,1.22331434611314e-70,0.239
Larp1,2.08867183997184e-38,1.88031983233003,0.326,0.087,3.43502970801769e-34,0.239
Rab3ip,1.14514954248181e-26,1.62406604433782,0.385,0.146,1.88331293756559e-22,0.239
Cbx3,2.65752801968493e-23,1.30612954388455,0.402,0.163,4.37057058117384e-19,0.239
Hdhd5,6.01011348851996e-52,2.2281428894215,0.301,0.062,9.88423264321992e-48,0.239
Drap1,2.74494731591697e-20,1.14140096903395,0.435,0.196,4.51434035575705e-16,0.239
Ankrd17,1.9214380453522e-19,1.10553487459385,0.439,0.2,3.15999700938622e-15,0.239
Coro7,1.47950713439468e-38,1.92643478948503,0.326,0.088,2.4331974332255e-34,0.238
Ncbp1,5.89681329825842e-32,1.66454405011583,0.347,0.109,9.6978991503158e-28,0.238
BC005537,1.29319596811474e-13,0.648824592689657,0.707,0.469,2.12679008916151e-09,0.238
Dtx3l,5.09515861816721e-204,4.36925544527741,0.251,0.014,8.3794978634378e-200,0.237
Acly,1.50742836202446e-13,0.698477443023985,0.531,0.295,2.47911668418542e-09,0.236
Copb1,8.26026544003302e-23,1.29485762463465,0.397,0.161,1.35848325426783e-18,0.236
Ppp2r2a,1.54784742974612e-54,2.42096566673095,0.293,0.057,2.54558988296047e-50,0.236
Washc4,2.46668190952599e-51,2.25748219662089,0.297,0.061,4.05670506840644e-47,0.236
Ptpn1,4.68679798880942e-39,1.80393336977981,0.318,0.082,7.70790797239597e-35,0.236
Bud31,1.24651650144404e-30,1.59541697677541,0.347,0.111,2.05002103827487e-26,0.236
Dnajb1,8.70010988559724e-30,1.11300967560392,0.351,0.115,1.43082007178532e-25,0.236
Eif4b,5.97970721942401e-29,1.48060739219151,0.351,0.115,9.83422649306473e-25,0.236
Rab1b,8.99346126265603e-21,1.13216089224016,0.414,0.178,1.47906463925641e-16,0.236
Osbpl8,4.29421006604958e-19,1.03830056580254,0.431,0.195,7.06225787462514e-15,0.236
Kansl1,8.18298202766371e-17,0.973701845395219,0.481,0.245,1.34577322426957e-12,0.236
Luc7l2,8.08871836740446e-16,0.895025593236056,0.502,0.266,1.33027062270334e-11,0.236
Wdyhv1,4.32069379482998e-119,3.4197452157311,0.259,0.024,7.10581301497738e-115,0.235
Tcp1,3.21897015940086e-33,1.76470037114497,0.335,0.1,5.29391832415065e-29,0.235
Srsf11,1.30035759992513e-23,1.35863048707308,0.393,0.158,2.13856810883686e-19,0.235
Casp8,1.97592843639586e-175,3.97033761136184,0.251,0.016,3.24961190649663e-171,0.235
Lims1,6.26389852737334e-27,1.49200694978876,0.364,0.129,1.03016075181182e-22,0.235
Hnrnpc,1.02376238610932e-24,1.30314928662801,0.372,0.137,1.68367962019539e-20,0.235
Atp1b1,7.90353026782369e-13,-0.738127348463343,0.41,0.175,1.29981458784628e-08,0.235
Polr2a,6.15655323008515e-14,0.771164893453934,0.54,0.306,1.0125067442198e-09,0.234
Psme2b,3.29891768859035e-133,3.58451412654179,0.255,0.021,5.42540003065568e-129,0.234
Npm3,1.52794576740996e-113,3.48413908316176,0.259,0.025,2.51285960908242e-109,0.234
Eif4a1,7.55431951600068e-24,1.29717082337085,0.377,0.143,1.24238338760147e-19,0.234
Map3k14,7.44763037654881e-53,2.42000874574204,0.293,0.059,1.22483729172722e-48,0.234
Retreg3,2.8184652323626e-21,1.26365744002891,0.41,0.177,4.63524792114353e-17,0.233
Slc50a1,3.39381505470578e-66,2.57724848755324,0.276,0.044,5.58146823896913e-62,0.232
Reep5,9.00741369677139e-31,1.76871590171011,0.343,0.111,1.48135925657102e-26,0.232
Pik3ip1,1.09906790787376e-104,3.43357025875912,0.259,0.027,1.80752708128918e-100,0.232
Sipa1,8.36371045342463e-90,3.02810452095914,0.264,0.032,1.37549582117021e-85,0.232
Tspyl1,7.91685792780105e-37,1.82995984303642,0.318,0.086,1.30200645480616e-32,0.232
Poldip3,5.42110464382401e-17,0.954217945998566,0.444,0.212,8.91554869723297e-13,0.232
Rab4b,7.3345271355151e-29,1.53839794681396,0.347,0.115,1.20623633270681e-24,0.232
Fam32a,2.4114337301201e-24,1.33555666104026,0.372,0.14,3.96584391255552e-20,0.232
Ssr4,8.59377364439114e-32,1.68243486243114,0.331,0.1,1.41333201355657e-27,0.231
Rbm14,2.30895101457293e-21,1.19402271762571,0.393,0.162,3.79730083856664e-17,0.231
Gpbp1,2.65742370064374e-20,1.10031015056474,0.397,0.166,4.3703990180787e-16,0.231
Pik3r1,2.94502099340837e-18,1.13835538507397,0.452,0.221,4.8433815257594e-14,0.231
Rnf167,6.31763934962472e-22,1.27288276186309,0.389,0.159,1.03899896743928e-17,0.23
Vps28,1.23245631015478e-20,1.15794652306998,0.397,0.167,2.02689764768054e-16,0.23
Plaat3,1.97468565016899e-50,2.23747489302926,0.289,0.059,3.24756802026793e-46,0.23
Chic2,1.10573969532543e-40,1.92154204717143,0.305,0.075,1.81849950293221e-36,0.23
Eif2s1,1.63515394890643e-38,1.99625003342108,0.31,0.08,2.68917418437151e-34,0.23
Nme2,7.25778946799991e-92,3.07461467661099,0.259,0.03,1.19361605590726e-87,0.229
Sf3b3,6.93224491404552e-22,1.28007174409973,0.389,0.16,1.14007699856393e-17,0.229
Map2k3,5.21873934049558e-44,1.97216462575796,0.297,0.068,8.58273871937902e-40,0.229
Slc20a1,6.71731827033013e-28,1.5402327955692,0.347,0.118,1.10473016273849e-23,0.229
Rpf1,7.32905691634237e-24,1.33406601681511,0.368,0.139,1.20533670046167e-19,0.229
Tm9sf3,6.57661867930823e-15,0.864444090079751,0.49,0.261,1.08159070799903e-10,0.229
Nras,1.17497111098499e-29,1.53918044671972,0.331,0.103,1.93235748912592e-25,0.228
Pfdn5,1.86994428489434e-21,1.19568151355378,0.381,0.153,3.07531037093724e-17,0.228
Prelid1,1.48322075766256e-24,1.39847060880031,0.36,0.132,2.43930485805185e-20,0.228
Add1,5.40700069273092e-13,0.735950292794438,0.586,0.358,8.89235333926526e-09,0.228
Irf9,5.2605446115379e-55,2.46575512843746,0.28,0.053,8.65149166813523e-51,0.227
Hnrnpl,5.33153362591774e-16,0.931657751478021,0.464,0.237,8.76824020118431e-12,0.227
Cmtm7,2.80773399544462e-110,3.49843410437641,0.251,0.024,4.61759932890823e-106,0.227
Rbm22,1.96449029962882e-31,1.67587233738378,0.326,0.099,3.23080074676956e-27,0.227
Psma4,5.42761009403062e-19,1.10928556612448,0.41,0.183,8.92624756064276e-15,0.227
Herpud1,1.30151659649565e-26,1.42271270743397,0.343,0.117,2.14047419459674e-22,0.226
Fam76b,3.65912628472071e-31,1.70130952762001,0.326,0.1,6.01779908785168e-27,0.226
Rbm42,4.07293233519214e-20,1.16241951541806,0.393,0.167,6.698344518457e-16,0.226
Eif3d,7.77918474456921e-24,1.33482779458731,0.36,0.134,1.27936472309185e-19,0.226
Ppdpf,5.60993588433008e-22,1.14066068250053,0.364,0.138,9.22610055536925e-18,0.226
Mfsd6,1.81890092028965e-64,2.66903207189805,0.268,0.043,2.99136445350835e-60,0.225
Slc35d1,1.18322249808463e-103,3.47733041433474,0.251,0.026,1.94592772034998e-99,0.225
Csrnp1,2.70839206637559e-90,2.77553280990101,0.255,0.03,4.45422159236129e-86,0.225
Tnrc6a,5.86202925113298e-22,1.34475188790496,0.381,0.156,9.64069330641331e-18,0.225
Kcnab2,5.32141434272975e-15,0.829707226663249,0.452,0.227,8.75159802805334e-11,0.225
Ramac,1.29127059987535e-34,1.80846222716986,0.31,0.085,2.12362362855501e-30,0.225
Mycbp2,1.48397317155936e-23,1.43352132363594,0.364,0.139,2.44054227794653e-19,0.225
Snrpd3,5.42440402111791e-23,1.3283260970522,0.364,0.139,8.92097485313051e-19,0.225
Ddb2,2.62737787353387e-96,3.18882394350584,0.251,0.027,4.3209856508138e-92,0.224
Slc25a51,3.24950098337235e-33,1.76324362104068,0.314,0.09,5.34412931725416e-29,0.224
Arpc5l,9.60281461816725e-32,1.70452566775891,0.318,0.094,1.57927889210379e-27,0.224
Gtf2b,2.54359832354722e-31,1.75651908133307,0.322,0.098,4.18320180290576e-27,0.224
Lman2,1.42539082726659e-21,1.30002314290387,0.377,0.153,2.34419775452264e-17,0.224
Ubl5,5.89652165056872e-20,1.16793841622518,0.389,0.165,9.69741950652532e-16,0.224
Pcf11,1.93175988388702e-16,1.01596242349407,0.448,0.224,3.17697230504059e-12,0.224
Emd,2.291625014308e-41,2.06109688352725,0.293,0.069,3.76880649853093e-37,0.224
Tomm22,1.23950296003019e-23,1.35048754394549,0.356,0.132,2.03848656806565e-19,0.224
Phc3,1.07686152391543e-26,1.56358082892617,0.339,0.116,1.77100646223132e-22,0.223
Tcof1,5.57224882482997e-65,2.61061558476267,0.264,0.041,9.16412041731537e-61,0.223
Ep300,6.43179369413168e-16,0.978049401261351,0.448,0.225,1.0577727909369e-11,0.223
Gm2a,7.14146487380388e-24,1.38887324513669,0.351,0.128,1.17448531314579e-19,0.223
Ripk1,5.32631709829209e-54,2.3762258862438,0.272,0.05,8.75966109985117e-50,0.222
Chp1,1.01443669349769e-27,1.59691552100932,0.331,0.109,1.6683425861263e-23,0.222
Brd2,4.90764074397001e-20,1.2182629963857,0.389,0.167,8.07110596753308e-16,0.222
Nek7,5.0772404913922e-24,1.3776805707,0.351,0.129,8.35002971214361e-20,0.222
Selenot,1.25213240320014e-13,0.763160609896586,0.477,0.255,2.05925695030295e-09,0.222
Clk4,1.25687790370063e-15,0.899764364120037,0.431,0.21,2.06706140042606e-11,0.221
Sfr1,6.63966698807959e-24,1.47005529432215,0.356,0.135,1.09195963285957e-19,0.221
Twistnb,6.17268962285591e-52,2.44658345399794,0.272,0.052,1.01516053537488e-47,0.22
Fcf1,5.89630658376931e-48,2.17727843636334,0.276,0.056,9.69706580766701e-44,0.22
Ncoa4,5.27976576379061e-27,1.64954466690524,0.331,0.111,8.68310277513004e-23,0.22
Pitpna,1.08041710918365e-12,0.643861312410767,0.456,0.236,1.77685397776343e-08,0.22
Hnrnpa1,8.60791072528522e-20,1.30678155313509,0.389,0.169,1.41565699788041e-15,0.22
Lmbr1l,1.13218889494314e-19,1.22586548213707,0.389,0.169,1.86199785662348e-15,0.22
Wdr83os,1.54067865644861e-24,1.45588363504894,0.347,0.127,2.53380011839539e-20,0.22
Ppp2cb,4.25082623877558e-22,1.29680024320676,0.356,0.136,6.99090883229032e-18,0.22
Hnrnpm,6.41824565316739e-12,0.694104487351349,0.569,0.349,1.05554468011991e-07,0.22
Mob2,4.03385381818526e-27,1.48784789743913,0.326,0.107,6.63407598938749e-23,0.219
Cnot2,1.18052034694368e-17,1.05538687279115,0.406,0.187,1.94148376258358e-13,0.219
Fbl,8.36132715090145e-80,2.94377471721916,0.251,0.032,1.37510386323725e-75,0.219
Csnk1a1,2.55065796252923e-19,1.15579614871097,0.377,0.158,4.19481208517556e-15,0.219
Sesn3,4.23190819091354e-18,1.02560949347934,0.389,0.17,6.9597962107764e-14,0.219
Vars,4.41717808529733e-56,2.55828926966743,0.264,0.047,7.26449107907999e-52,0.217
Vps16,1.57911942143856e-43,2.20754536792275,0.28,0.063,2.59701980049786e-39,0.217
Nop58,2.12445896443442e-27,1.61651697445941,0.322,0.105,3.49388521290885e-23,0.217
Tgoln1,6.20014451540816e-24,1.44720440271032,0.339,0.122,1.01967576700403e-19,0.217
Usp28,1.02054002429959e-66,2.74761441046625,0.255,0.038,1.67838012396311e-62,0.217
Trim27,1.04997431996733e-61,2.64424722624386,0.259,0.042,1.72678776661827e-57,0.217
Adss,2.8028043519794e-61,2.64453344686595,0.259,0.042,4.60949203726532e-57,0.217
Ankrd10,7.97285973584288e-38,1.96492687480642,0.289,0.072,1.31121651215672e-33,0.217
Psip1,2.95767988492712e-12,0.664711328803581,0.477,0.26,4.86420033875114e-08,0.217
Adpgk,3.09401790276188e-53,2.37663100439989,0.264,0.048,5.0884218428822e-49,0.216
Ttc39b,1.37836450402996e-50,2.45316900905346,0.268,0.052,2.26685826332768e-46,0.216
Tmem164,5.44725862711756e-47,2.23194886303906,0.272,0.056,8.95856153815754e-43,0.216
Crot,5.09960093871406e-46,2.05856049918743,0.272,0.056,8.38680370380914e-42,0.216
Prkag1,2.0298239434826e-28,1.68444754686484,0.318,0.102,3.33824845745148e-24,0.216
Ubtf,1.1172336564051e-18,1.17587471705994,0.389,0.173,1.83740247132382e-14,0.216
Cdk11b,1.13886845963723e-18,1.24381221866095,0.393,0.177,1.87298306871939e-14,0.216
Med1,2.45321267946641e-29,1.64761899862408,0.31,0.094,4.03455357265046e-25,0.216
Xpo6,3.9128544766819e-19,1.11895027822056,0.372,0.156,6.43508047235105e-15,0.216
Kidins220,1.97335378758137e-15,0.939540890292168,0.427,0.211,3.24537763905633e-11,0.216
Eif2ak3,2.13776328235522e-37,1.96377955914309,0.289,0.073,3.5157654941614e-33,0.216
Dr1,1.68245461565444e-34,1.969732190318,0.297,0.081,2.76696486090529e-30,0.216
Dapl1,5.96928546244749e-58,2.5289702481175,0.259,0.044,9.81708687154113e-54,0.215
Commd8,1.58119567287839e-27,1.64152805796654,0.318,0.103,2.6004344036158e-23,0.215
Sart1,1.01475602983497e-25,1.52836746123209,0.326,0.111,1.66886776666658e-21,0.215
Psen1,1.15977266741361e-24,1.45458104347368,0.331,0.116,1.90736212882843e-20,0.215
Cdk12,3.95225588313544e-23,1.43946444755881,0.343,0.128,6.49988002540455e-19,0.215
Stt3b,1.41786260127355e-14,0.911486580982737,0.452,0.237,2.33181683405448e-10,0.215
Tcf25,1.04188329210353e-13,0.860674121905536,0.464,0.249,1.71348126219346e-09,0.215
Ogfr,1.20766605886632e-30,1.70161091161511,0.305,0.09,1.98612760041155e-26,0.215
Pan3,1.37747721766697e-29,1.8536910700446,0.31,0.095,2.2653990321751e-25,0.215
Pspc1,9.17580027566062e-19,1.18372446897169,0.377,0.162,1.50905211333515e-14,0.215
Tubb4b,1.7780457425458e-18,1.19006948036332,0.385,0.17,2.92417402819083e-14,0.215
Rmnd5a,1.6844467389683e-15,0.979983077975582,0.431,0.216,2.77024110690726e-11,0.215
Lysmd3,1.28631635959621e-45,2.34764898908803,0.272,0.058,2.11547588499193e-41,0.214
Cnot1,3.01506712907746e-16,1.01093053477863,0.406,0.192,4.95857940048079e-12,0.214
Rsbn1l,3.07791211126385e-30,1.72376575486817,0.305,0.091,5.06193425818453e-26,0.214
Zbtb44,1.21789227024141e-17,1.07640492915611,0.385,0.171,2.00294562763902e-13,0.214
Fam168b,4.14633014424476e-14,0.878086167442953,0.444,0.23,6.81905455522494e-10,0.214
Tra2a,1.15987150851627e-11,0.646001923493703,0.49,0.276,1.90752468290586e-07,0.214
Nfkbiz,2.62289734577871e-41,0.891608888120668,0.272,0.059,4.31361697486766e-37,0.213
Ngdn,5.86286537703176e-41,2.12204054979886,0.276,0.063,9.64206839906644e-37,0.213
Spcs3,1.20524354432284e-39,2.09924876829003,0.28,0.067,1.98214353299334e-35,0.213
Pdia3,2.69894678281993e-16,1.00068900929811,0.402,0.189,4.43868787902566e-12,0.213
Cisd2,1.3413221593401e-15,0.931485618403752,0.406,0.193,2.20593842325074e-11,0.213
U2af2,2.15791230728999e-12,0.727027093308224,0.464,0.251,3.54890258056913e-08,0.213
Kif5b,7.65587087643065e-18,1.10342016884481,0.381,0.168,1.25908452433778e-13,0.213
Dusp11,1.03438801352009e-11,0.643479785642991,0.477,0.264,1.70115452703514e-07,0.213
Srsf5,1.8448894201803e-09,0.508800064684144,0.556,0.344,3.03410514042853e-05,0.212
Ier5,8.37790927723697e-56,1.96656021429598,0.255,0.043,1.37783095973439e-51,0.212
Smarcd2,3.01627623437927e-48,2.3435328806158,0.264,0.052,4.96056789506015e-44,0.212
Wtap,8.35419580482958e-26,1.54218919659206,0.318,0.106,1.37393104206227e-21,0.212
Snrpb,5.52377156427508e-25,1.45957786083404,0.322,0.11,9.08439471460679e-21,0.212
Sin3b,3.14960463676261e-14,0.864179060065574,0.435,0.223,5.1798397856198e-10,0.212
Uck2,2.76156752720189e-52,2.50679322145297,0.259,0.048,4.54167395523623e-48,0.211
Rnf19a,8.10635584796283e-24,1.60446925652002,0.331,0.12,1.33317128275597e-19,0.211
Chmp4b,1.02662110265575e-22,1.41685804143162,0.335,0.124,1.68838106542764e-18,0.211
Capza2,1.91328854467707e-28,1.63417696065547,0.305,0.094,3.1465943405759e-24,0.211
Ywhab,1.27427239888459e-16,1.0867288403648,0.397,0.187,2.0956683872056e-12,0.21
Ssb,2.63978293095637e-13,0.827030156857123,0.456,0.246,4.34138700825084e-09,0.21
Stag2,1.25132753135721e-12,0.742647361145057,0.46,0.25,2.05793325807007e-08,0.21
Klhdc2,9.29634510440712e-18,1.21955849861667,0.381,0.171,1.52887691587079e-13,0.21
Helz,5.22290396461172e-21,1.34021387430408,0.347,0.137,8.58958786020044e-17,0.21
Eif3a,5.41724986057417e-42,2.16066882346599,0.268,0.059,8.90920912070028e-38,0.209
Tbc1d22b,9.87686833636336e-36,1.92381646745801,0.28,0.071,1.62434976659832e-31,0.209
Pole4,1.11846084224669e-35,1.93837803257873,0.28,0.071,1.83942070115891e-31,0.209
Elf2,3.31797254786923e-26,1.59805974113884,0.31,0.101,5.45673765222574e-22,0.209
Sec63,2.70099068897826e-19,1.23341214165618,0.356,0.147,4.44204928709364e-15,0.209
Slc25a5,2.63210730599347e-14,0.940138305721212,0.427,0.218,4.32876367543685e-10,0.209
Setd3,7.59015469738184e-21,1.37263138697296,0.347,0.138,1.24827684153142e-16,0.209
Eef1d,2.90338587818245e-55,2.51357944351584,0.251,0.043,4.77490841525886e-51,0.208
Hip1r,3.51646612694828e-48,2.53773268438961,0.259,0.051,5.78318019237914e-44,0.208
Ctdsp1,4.0919794999622e-21,1.34743576866926,0.339,0.131,6.72966948563783e-17,0.208
Zfp281,7.33400177471802e-21,1.38818443970616,0.343,0.135,1.20614993187013e-16,0.208
Morf4l1,3.44699921852355e-12,0.742359687262502,0.444,0.237,5.66893491478383e-08,0.207
Kif21b,8.1065016833722e-07,0.314890122175914,0.598,0.391,0.0133319526684739,0.207
Stx4a,1.23380966407143e-39,2.15912830539021,0.268,0.062,2.02912337353187e-35,0.206
Rbck1,6.22392956956622e-33,1.82036219926378,0.28,0.074,1.02358745701086e-28,0.206
Ift80,3.00810476450886e-22,1.43043591595121,0.326,0.12,4.94712909571126e-18,0.206
Psmb5,7.86159381470259e-18,1.12827786769758,0.36,0.154,1.29291771876599e-13,0.206
Aup1,1.00085529726997e-17,1.16963222165755,0.372,0.166,1.6460066218902e-13,0.206
Ctcf,1.39565574978455e-17,1.1692943749492,0.368,0.162,2.29529544609567e-13,0.206
Rab5a,7.95064238915727e-15,0.981624103339217,0.41,0.204,1.3075626473208e-10,0.206
Ik,6.90286576722671e-14,0.875978168140185,0.418,0.212,1.1352453040781e-09,0.206
Samsn1,3.7888081315298e-48,2.78901984687372,0.255,0.05,6.23107385311391e-44,0.205
Tcea1,5.37567964758416e-17,1.14051591717508,0.381,0.176,8.84084274841691e-13,0.205
Wdr33,4.86476719178179e-14,0.855755901766107,0.406,0.201,8.00059612360433e-10,0.205
Aff4,2.08926624238716e-11,0.690887659077752,0.494,0.289,3.43600726222992e-07,0.205
Hjurp,2.47913947545254e-40,2.24946093274269,0.264,0.06,4.07719278132925e-36,0.204
Cdk2ap2,1.13729629122546e-09,0.533210303291625,0.494,0.29,1.87039748054939e-05,0.204
Exosc8,1.75336564412154e-48,2.46078251329871,0.251,0.048,2.88358513832228e-44,0.203
Psen2,6.1693766301548e-45,2.3210881628169,0.255,0.052,1.01461568059526e-40,0.203
Cdv3,4.14766821311482e-20,1.2452137549332,0.331,0.128,6.82125514328864e-16,0.203
Snx2,1.23777810724835e-19,1.27790038233136,0.339,0.136,2.03564987518063e-15,0.203
Atp5d,3.46524459739391e-14,0.920069227070026,0.402,0.199,5.69894126487402e-10,0.203
Pnpla8,1.74022868556906e-26,1.74344662069737,0.301,0.098,2.86198009628688e-22,0.203
H2-Ke6,8.26182875913037e-26,1.61616397260437,0.301,0.098,1.35874035772658e-21,0.203
Impdh2,6.44847673267304e-30,1.91629601883247,0.285,0.082,1.06051648345541e-25,0.203
Ctnnb1,9.94102794790732e-12,0.696136333135829,0.469,0.266,1.63490145631284e-07,0.203
Ppp4r3a,3.74857352998283e-21,1.28183239098646,0.318,0.116,6.16490402740977e-17,0.202
Hnrnpd,4.08587447641601e-16,1.11178750474584,0.377,0.175,6.71962916391377e-12,0.202
Eif2a,1.39248628741035e-26,1.61817875160812,0.293,0.091,2.29008294827506e-22,0.202
Crbn,6.37867429695795e-26,1.81580391730147,0.301,0.099,1.0490367748777e-21,0.202
Srrt,3.43158360925815e-18,1.16632318594943,0.343,0.142,5.64358240378596e-14,0.201
Cdc40,8.65072801884322e-45,2.35974522599494,0.251,0.05,1.42269872997896e-40,0.201
Slain2,8.45771871958038e-37,2.01895560611337,0.264,0.063,1.39095642062219e-32,0.201
Zcchc2,9.68623761088311e-37,2.04776659382193,0.264,0.063,1.59299863748584e-32,0.201
Tbk1,3.32347823214951e-30,1.77972706987376,0.28,0.079,5.46579230059309e-26,0.201
Amd1,2.54223596558996e-24,1.67977368738382,0.305,0.104,4.18096126900925e-20,0.201
Herc4,2.79831873178775e-20,1.30228137811996,0.326,0.125,4.60211498629814e-16,0.201
Kdm3a,2.83735610811087e-19,1.30674764585243,0.339,0.138,4.66631585539914e-15,0.201
Kdm2a,3.22059540500791e-10,0.574865836242247,0.502,0.301,5.29659120307601e-06,0.201
Eml4,1.47905515404206e-29,1.74401382337124,0.28,0.08,2.43245410633757e-25,0.2
Ubap2l,1.36742848167423e-13,0.899371090007699,0.406,0.207,2.24887288096144e-09,0.199
Mapkapk2,2.53355815600639e-19,0.983130637913804,0.322,0.123,4.16668974336812e-15,0.199
Ramp3,1.74260787204383e-27,2.11179775702105,0.293,0.094,2.86589290636328e-23,0.199
Dnajc3,1.09770620984935e-16,1.04743316248741,0.351,0.152,1.80528763271825e-12,0.199
Zgpat,2.58091136019656e-16,1.0530598493794,0.356,0.157,4.24456682297926e-12,0.199
Tprgl,1.52906720928596e-23,1.5316859101728,0.301,0.103,2.51470393239169e-19,0.198
Ube2g1,2.94548125482413e-23,1.58737270482695,0.305,0.107,4.84413847168376e-19,0.198
Mtmr3,1.15368322206559e-21,1.42667888186564,0.31,0.112,1.89734742700907e-17,0.198
Celf2,3.47560828172885e-11,0.742875836453734,0.46,0.262,5.71598538013127e-07,0.198
Snrnp48,1.12159419781412e-26,1.68077431676046,0.285,0.087,1.84457381772509e-22,0.198
Eps15,3.45758179880874e-26,1.58519378467164,0.285,0.087,5.68633902632085e-22,0.198
Rnf115,1.32541180466617e-24,1.60948829940572,0.297,0.099,2.17977225395399e-20,0.198
Noc2l,5.08393907973512e-38,2.12446968168322,0.255,0.058,8.36104621053237e-34,0.197
Asxl1,2.57396058310858e-31,2.04946626114638,0.272,0.075,4.23313557498037e-27,0.197
Psma1,1.30876184018464e-18,1.24829345175102,0.331,0.134,2.15238972236765e-14,0.197
Cdk9,9.60476273494261e-25,1.60892983195788,0.293,0.096,1.57959927938866e-20,0.197
Ap2b1,7.25609612691095e-17,1.10794024891693,0.343,0.147,1.19333756903177e-12,0.196
Ncln,1.55716728705589e-21,1.49014974596857,0.31,0.114,2.56091732029212e-17,0.196
Usp48,6.06264715937862e-19,1.26105799168913,0.326,0.13,9.97062951831408e-15,0.196
Cript,4.78340899151059e-25,1.61634830724218,0.289,0.093,7.86679442743831e-21,0.196
Pqbp1,2.02012439494577e-23,1.53845638394874,0.297,0.101,3.32229657992782e-19,0.196
Tubb5,2.6105497437697e-14,1.39655942158864,0.423,0.227,4.29331010860364e-10,0.196
Tinf2,2.10849043902759e-39,2.25544550533518,0.251,0.056,3.46762337602477e-35,0.195
Clip1,5.94390406794736e-22,1.50546874532607,0.305,0.11,9.77534463014622e-18,0.195
Ppm1h,2.45499698432771e-19,1.38295399053392,0.322,0.127,4.03748804042536e-15,0.195
Sumo2,8.6697184433535e-18,1.20687033330524,0.331,0.136,1.42582189519392e-13,0.195
Ilrun,1.3137583316897e-17,1.13572246633576,0.331,0.136,2.16060695229687e-13,0.195
Dcaf7,3.14774367938231e-11,0.622042966298443,0.402,0.208,5.17677925511215e-07,0.194
Sft2d2,2.38516392827796e-35,2.10116717189146,0.255,0.061,3.92264059644593e-31,0.194
Akt2,3.99448918521849e-27,1.69489385950315,0.276,0.082,6.56933691401033e-23,0.194
Esco1,9.47131778918093e-19,1.30022194285819,0.322,0.128,1.5576529236087e-14,0.194
Uba1,1.7302944735535e-09,0.601621021495629,0.531,0.337,2.84564229120609e-05,0.194
Prdx1,1.71385000294729e-20,1.1671084145958,0.305,0.112,2.81859771484712e-16,0.193
Srcap,2.76884934581981e-10,0.638458519155606,0.435,0.242,4.55364963413525e-06,0.193
Nsd1,1.31352185657432e-09,0.622586852659468,0.51,0.317,2.16021804532212e-05,0.193
Aff1,4.02768077822224e-08,0.504656571385329,0.536,0.343,0.00066239238078643,0.193
Rab43,2.36644667084064e-16,1.11369876227189,0.339,0.147,3.89185819486452e-12,0.192
Avl9,7.96027185534888e-36,2.08200077753871,0.251,0.059,1.30914630933068e-31,0.192
Igf2r,1.94062785598099e-33,1.90194279571768,0.255,0.063,3.19155657194633e-29,0.192
Atxn7l3,7.62662866156136e-32,1.9578403593998,0.259,0.067,1.25427534968038e-27,0.192
Copa,2.35915271032915e-11,0.76538541714646,0.423,0.231,3.87986254740732e-07,0.192
Zyg11b,6.24659114381262e-25,1.68451980988376,0.28,0.089,1.02731437951142e-20,0.191
Psma7,1.40217052844202e-24,1.60058099138386,0.28,0.089,2.30600965107575e-20,0.191
Morf4l2,2.85154788950748e-17,1.50168108005815,0.339,0.148,4.689655659084e-13,0.191
Akt1,1.78423189119324e-16,1.1930677817437,0.339,0.148,2.9343477682564e-12,0.191
Fnbp4,1.84865841967608e-16,1.15060417341016,0.335,0.144,3.04030363699928e-12,0.191
Dek,5.20023997661308e-13,1.03309766256282,0.406,0.215,8.55231466553788e-09,0.191
Notch1,3.64051865874748e-27,1.52143063642526,0.268,0.077,5.9871969861761e-23,0.191
Dcaf12,9.28222140818959e-27,1.73577652442432,0.272,0.081,1.52655413279086e-22,0.191
Cwc15,3.04865273890854e-14,1.00318512645361,0.368,0.177,5.01381429440899e-10,0.191
Zfp292,1.50878548248718e-13,0.895415859538182,0.372,0.181,2.48134860449842e-09,0.191
Matr3,3.55662917377904e-13,0.952022530532615,0.389,0.198,5.84923233919701e-09,0.191
Brd1,4.53968420262282e-24,1.6924961117329,0.285,0.094,7.46596463963349e-20,0.191
Rnf103,1.7245297833971e-23,1.53661214264787,0.285,0.094,2.83616168177487e-19,0.191
Phf3,2.92424774789037e-23,1.65644150855117,0.289,0.098,4.8092178461805e-19,0.191
Dad1,9.09685742464383e-15,1.08157156368924,0.36,0.169,1.49606917205693e-10,0.191
Gabpb1,4.39882080046915e-33,2.23568960008904,0.255,0.065,7.23430068845156e-29,0.19
Ubald1,3.36619459295619e-30,1.7856428979072,0.259,0.069,5.53604362757575e-26,0.19
Otulin,1.71534926144637e-26,1.79838777444204,0.272,0.082,2.8210633953747e-22,0.19
Sfxn3,2.56772929097826e-18,1.34212761243668,0.322,0.132,4.22288759194285e-14,0.19
Elob,1.29939206105999e-09,0.595496346633903,0.444,0.254,2.13698018361925e-05,0.19
Smc1a,2.48564204697362e-16,1.15387051718973,0.335,0.146,4.08788691045281e-12,0.189
Map3k2,1.27334080591883e-20,1.37739479008743,0.297,0.108,2.0941362894141e-16,0.189
Ppil4,1.55156311272722e-19,1.33490394048663,0.305,0.116,2.55170069519119e-15,0.189
Zfp871,4.36984683950367e-14,1.06101039347672,0.368,0.179,7.18665011224774e-10,0.189
Kras,7.37259730604258e-13,0.963567914181149,0.393,0.205,1.21249735295176e-08,0.188
Sntb1,8.72331671581842e-27,1.56834293433135,0.264,0.076,1.4346366670835e-22,0.188
Maf1,4.03392668851056e-18,1.32972708109077,0.314,0.126,6.63419583192446e-14,0.188
Bcap31,1.32480744593259e-17,1.24714322890941,0.318,0.13,2.17877832558074e-13,0.188
Maz,6.97821710015259e-15,1.22191372920222,0.364,0.176,1.1476375842911e-10,0.188
Tasor2,3.50588294021897e-24,1.73555502706017,0.276,0.089,5.76577508348412e-20,0.187
Sem1,1.15981292578383e-22,1.48812259708026,0.28,0.093,1.90742833774409e-18,0.187
Rap1gds1,3.62558509103527e-15,1.05601525199397,0.339,0.152,5.9626372407166e-11,0.187
Ralgapa2,5.57543947100359e-31,1.79309233166305,0.251,0.064,9.16936775401251e-27,0.187
Eya3,2.91048340653279e-30,1.89862562003525,0.255,0.068,4.78658101038383e-26,0.187
Mgat2,4.43207667218699e-30,1.9060814249543,0.255,0.068,7.28899329507873e-26,0.187
Ppig,2.38296665340677e-19,1.36155078055237,0.301,0.114,3.91902695819278e-15,0.187
Pcbp1,8.59339694902015e-14,0.984591595042084,0.36,0.173,1.41327006223585e-09,0.187
Srsf3,5.97604706719499e-13,0.966239408502952,0.381,0.194,9.82820700670888e-09,0.187
Hnrnph2,3.54126283943904e-15,1.12592956691489,0.347,0.16,5.82396086574144e-11,0.187
Ing1,4.89755239112707e-24,1.57693146978067,0.272,0.086,8.05451466244758e-20,0.186
Supt20,1.39547112727023e-15,1.14906216639229,0.335,0.149,2.29499181590862e-11,0.186
Btg3,7.91932964176391e-31,1.89446320347814,0.251,0.065,1.30241295288449e-26,0.186
Pmepa1,1.19860569831259e-27,1.62036509417357,0.259,0.073,1.97122693144489e-23,0.186
Ap1m1,1.69629347063547e-19,1.38662765045191,0.297,0.111,2.78972424180709e-15,0.186
Ulk1,4.80844236739187e-17,1.19340560987799,0.314,0.128,7.90796431741267e-13,0.186
Ccnt1,1.11985765450265e-16,1.22855155195376,0.322,0.136,1.84171789859506e-12,0.186
Ube2q1,1.2894629967845e-16,1.18387059784801,0.322,0.136,2.12065084451179e-12,0.186
Atp11b,1.82137672233854e-12,0.915157558798533,0.389,0.203,2.99543615755797e-08,0.186
Abhd2,1.97495700792436e-08,-0.788505848298748,0.36,0.174,0.00032480142952324,0.186
Akirin1,1.26835869688008e-23,1.65889877656966,0.272,0.087,2.08594271288898e-19,0.185
Ahctf1,1.72556701639877e-23,1.54930617587283,0.272,0.087,2.83786751516942e-19,0.185
Atox1,1.09384512789611e-14,0.890900298003559,0.326,0.141,1.79893769733794e-10,0.185
Exoc2,9.83545788071511e-29,1.81955674932703,0.255,0.07,1.61753940306241e-24,0.185
Plaa,4.65418653868731e-25,1.57491251709326,0.264,0.079,7.65427518152515e-21,0.185
Tmem258,1.54907295792258e-17,1.25406172069409,0.31,0.125,2.54760538659947e-13,0.185
Gatad2a,2.58220782217667e-17,1.2073167988126,0.31,0.125,4.24669898435175e-13,0.185
Arf1,9.83780213096959e-12,0.800395291586896,0.385,0.2,1.61792493845926e-07,0.185
Rnf111,1.90126246705909e-23,1.69894032562993,0.272,0.088,3.12681625332538e-19,0.184
Hdac4,3.6159117741858e-22,1.51080775330189,0.276,0.092,5.94672850382597e-18,0.184
Vrk1,5.78171916662575e-28,1.80298793199019,0.255,0.071,9.50861534143271e-24,0.184
Dap3,5.31639044936892e-24,1.59793303400381,0.268,0.084,8.74333573303212e-20,0.184
Lamtor2,6.53441869125124e-18,1.2004581661163,0.301,0.117,1.07465049796318e-13,0.184
Rab7,3.25653354362321e-16,1.19417703581611,0.322,0.138,5.35569506584273e-12,0.184
Stx5a,1.6827234753521e-15,1.18815944031203,0.331,0.148,2.76740702756406e-11,0.183
Herc1,4.27807708223902e-15,1.03960943722921,0.326,0.143,7.03572556945029e-11,0.183
Smarce1,3.74097346749586e-16,1.18189504009572,0.318,0.135,6.15240496464369e-12,0.183
Csnk2a1,6.06017747672066e-13,0.925873320304604,0.364,0.181,9.9665678782148e-09,0.183
Tmem131,4.80541491880534e-23,1.56739404888437,0.268,0.086,7.90298537546725e-19,0.182
Sec61a1,1.8819905834249e-22,1.6068672542313,0.272,0.09,3.09512171350059e-18,0.182
Fbxo38,3.7066842768499e-22,1.53753447387616,0.272,0.09,6.09601296170735e-18,0.182
Tox4,1.3833869467394e-21,1.52621455541655,0.276,0.094,2.27511817260761e-17,0.182
Rbbp6,5.35841715651173e-11,0.828881238135499,0.406,0.224,8.81245285559919e-07,0.182
Bscl2,1.30337963957367e-25,1.72326351115869,0.259,0.077,2.14353815524286e-21,0.182
Cyb5r4,4.88672351891606e-20,1.4189093333001,0.285,0.103,8.03670549920935e-16,0.182
Vamp3,2.01501354286066e-17,1.22189497865745,0.301,0.119,3.31389127258864e-13,0.182
Eif3g,3.28976103869947e-12,0.857716765194432,0.368,0.186,5.41034100424515e-08,0.182
Rnf139,3.10228580373771e-23,1.71883988306764,0.268,0.087,5.10201923282703e-19,0.181
Kars,3.199515450739e-20,1.41081371754191,0.28,0.099,5.26192311028536e-16,0.181
Kpna1,3.69056094001874e-14,1.03668010619054,0.335,0.154,6.06949652195482e-10,0.181
Sp1,2.53286436027657e-27,1.75380150237266,0.251,0.07,4.16554872691085e-23,0.181
Copz1,7.49102016387139e-14,1.08804638340891,0.351,0.17,1.23197317615029e-09,0.181
Supt6,3.04091208719627e-13,0.945080882279799,0.347,0.166,5.00108401860299e-09,0.181
Rnf2,9.58382068382971e-20,1.40934793632272,0.28,0.1,1.57615514966263e-15,0.18
Surf4,8.66953986165777e-14,1.0637093382518,0.343,0.163,1.42579252564824e-09,0.18
Sar1a,9.20372401725979e-11,0.794745655564169,0.397,0.217,1.51364445187854e-06,0.18
Otud5,3.61360835858981e-27,1.79349763545241,0.251,0.071,5.9429403065368e-23,0.18
Ccng1,1.72249967655917e-18,1.46517986527594,0.297,0.117,2.83282296806922e-14,0.18
Reps1,5.62949396038297e-17,1.2786528964965,0.305,0.125,9.25826576724584e-13,0.18
Ccdc117,1.71547136084136e-16,1.42837803280255,0.314,0.134,2.8212642000397e-12,0.18
Txndc11,7.74619062343623e-16,1.19886356302447,0.31,0.13,1.27393850993032e-11,0.18
Gatad2b,1.74864068427249e-13,1.09321197888175,0.36,0.18,2.87581446935454e-09,0.18
Aamp,6.93915899144463e-12,0.841167012504322,0.368,0.188,1.14121408773298e-07,0.18
Actn4,2.93094313020574e-09,0.589299709520591,0.423,0.243,4.82022907193636e-05,0.18
Usf2,1.59401947994723e-10,0.764256150967111,0.41,0.23,2.62152443672121e-06,0.18
Hprt,9.0221545388926e-09,0.4953826055433,0.414,0.234,0.000148378353546628,0.18
Sesn1,3.11755359822991e-21,1.67207926292094,0.276,0.097,5.1271286476489e-17,0.179
Sec24c,8.4241812900681e-14,1.03206059373674,0.335,0.156,1.3854408549646e-09,0.179
Rer1,8.14038768239787e-11,0.784594858346387,0.397,0.218,1.33876815824715e-06,0.179
Ube2j1,1.27790381421928e-16,1.1708418868754,0.301,0.122,2.10164061286503e-12,0.179
Rabgap1l,1.04642041265583e-13,1.08035615077752,0.339,0.161,1.72094301065378e-09,0.178
Kctd10,3.09728983469776e-24,1.60796539556277,0.255,0.077,5.09380286214393e-20,0.178
Dnajc8,4.98984128367001e-17,1.37234142515115,0.301,0.123,8.20629297512371e-13,0.178
Tfip11,1.32595716818821e-19,1.48999821075495,0.276,0.099,2.18066915880233e-15,0.177
Arih2,2.4397773697005e-12,0.849923649239459,0.339,0.162,4.01245786220945e-08,0.177
Adam17,3.0992546269995e-17,1.10857302467232,0.285,0.108,5.09703415956337e-13,0.177
Rnf146,5.3027460891996e-17,1.22617965788763,0.293,0.116,8.72089621829767e-13,0.177
Nsun4,3.15128272952804e-15,1.09292421683016,0.31,0.133,5.18259957698182e-11,0.177
Sdhb,5.40690022793762e-14,0.990718759788431,0.318,0.142,8.89218811486622e-10,0.176
Ahsa1,6.82239807951082e-14,1.10376239848673,0.326,0.15,1.12201158815635e-09,0.176
Rab10,1.34139018979412e-22,1.62101873877618,0.259,0.083,2.20605030613541e-18,0.176
Rif1,3.64570180433628e-16,1.1154528897641,0.293,0.117,5.99572118741144e-12,0.176
Aggf1,1.32019050948105e-15,1.13874676821673,0.305,0.129,2.17118531189253e-11,0.176
Szrd1,2.43177463297185e-14,1.04719860155761,0.314,0.138,3.99929656138551e-10,0.176
Hmgb1,2.3708040559847e-20,1.53351025922836,0.268,0.093,3.89902435047244e-16,0.175
Prpf38a,2.03518937165066e-19,1.37000822120938,0.272,0.097,3.34707244061668e-15,0.175
Rab3gap1,2.48221729954424e-19,1.42051991751502,0.272,0.097,4.08225457083046e-15,0.175
Cebpg,4.37056786311118e-19,1.42300101704894,0.276,0.101,7.18783590767264e-15,0.175
Mxi1,2.17684988816146e-13,1.10146108404492,0.335,0.16,3.58004732607034e-09,0.175
Rheb,2.3461620937795e-13,1.04321441340454,0.331,0.156,3.85849817942976e-09,0.175
Smc3,5.43052262322062e-13,1.0333953523741,0.339,0.164,8.93103750614864e-09,0.175
Ube3a,1.23187602770948e-09,0.678487135734546,0.397,0.222,2.02594331517101e-05,0.175
Pptc7,3.95695805365792e-24,1.69344443293426,0.251,0.076,6.50761321504581e-20,0.175
Rbm27,1.42734093457651e-17,1.34029511307952,0.285,0.11,2.34740490100453e-13,0.175
Cul4b,2.14703601836504e-20,1.49312183909946,0.264,0.09,3.53101543580315e-16,0.174
Hectd1,9.08711567801736e-19,1.36582453987714,0.272,0.098,1.49446704440674e-14,0.174
Fubp1,1.45740240222477e-09,0.654221134785727,0.389,0.215,2.39684399069886e-05,0.174
Naa50,2.11062449794441e-17,1.33712718338623,0.285,0.111,3.47113304931937e-13,0.174
Snrpc,7.71231581815159e-17,1.22584181413269,0.285,0.111,1.26836745945321e-12,0.174
Ppp6c,1.22459892441864e-15,1.17127271133089,0.297,0.123,2.0139753910989e-11,0.174
Pafah1b1,2.03340505216744e-13,1.0329843607465,0.322,0.149,3.34413794879458e-09,0.173
Usp7,3.68425017975968e-12,0.931062198625289,0.343,0.17,6.05911784563276e-08,0.173
Dynll1,3.42476688430579e-10,0.84456114326311,0.389,0.216,5.63237161792931e-06,0.173
Ubl3,3.32212495766861e-08,0.583931862508316,0.444,0.271,0.00054635667053818,0.173
Qars,1.38544264150084e-17,1.36368616464662,0.28,0.108,2.27849896821229e-13,0.172
Ythdf1,3.1269214125243e-19,1.51137142827248,0.268,0.096,5.14253495503747e-15,0.172
Atp13a1,1.7024780336321e-18,1.38449915734062,0.272,0.1,2.79989537411136e-14,0.172
Adgrl1,1.8201482145958e-18,1.34656110200912,0.268,0.097,2.99341575372425e-14,0.171
Lypla2,6.64404603128741e-22,1.60427547494161,0.251,0.08,1.09267981030553e-17,0.171
Vps26b,8.57915192986078e-16,1.22312136876418,0.289,0.118,1.4109273263849e-11,0.171
Pkn2,2.24554785230707e-15,1.17481487996262,0.293,0.122,3.69302799790421e-11,0.171
Zfp652,4.25349018648827e-14,1.12222302295815,0.31,0.139,6.99528996069861e-10,0.171
Chd7,3.00453286895254e-07,0.462494863190439,0.452,0.281,0.00494125475627936,0.171
Dcun1d5,4.49782779010539e-17,1.35914541763257,0.28,0.11,7.39712758360733e-13,0.17
Rbm4,9.75167878374114e-13,0.982146913651476,0.322,0.152,1.60376109277407e-08,0.17
Fxr1,6.23283395701883e-12,0.902691595182759,0.331,0.161,1.02505187257132e-07,0.17
Picalm,1.45265692472142e-14,0.855139338885767,0.289,0.119,2.38903957839685e-10,0.17
Pld3,1.85300220425402e-14,1.04415030651443,0.297,0.127,3.04744742511616e-10,0.17
Rnf220,1.7313644604606e-13,1.06923035472083,0.31,0.14,2.8474019916735e-09,0.17
Kcmf1,6.19453171237498e-14,1.17235144576776,0.31,0.141,1.01875268541719e-09,0.169
Ubp1,3.66675961507699e-12,0.916881794725593,0.326,0.157,6.03035286295562e-08,0.169
Slc30a1,1.73422296195086e-16,1.36480954024622,0.285,0.116,2.85210308322438e-12,0.169
Atp5j2,5.38154578795549e-10,0.721642457392416,0.364,0.195,8.8504902028716e-06,0.169
Ip6k1,5.28401913563163e-09,0.68442996992104,0.49,0.321,8.69009787045978e-05,0.169
Chordc1,8.00207731575189e-20,1.49243090636314,0.255,0.087,1.31602163534856e-15,0.168
Api5,1.47819519167555e-11,0.889898231300662,0.335,0.167,2.43103981222961e-07,0.168
Mta2,8.19566986309099e-06,0.285749384030169,0.481,0.313,0.134785986568394,0.168
Cpsf3,1.14889601394484e-16,1.35830610465242,0.276,0.109,1.88947438453368e-12,0.167
Emsy,7.34809383305967e-16,1.18129807914144,0.276,0.109,1.20846751178499e-11,0.167
Hmox2,1.63088659235028e-19,1.43976621725667,0.255,0.088,2.68215608977927e-15,0.167
Gapvd1,4.07672070015397e-12,1.07080615625466,0.335,0.168,6.70457486347322e-08,0.167
Ddost,1.87799295626594e-11,0.809696433922968,0.326,0.159,3.08854721587497e-07,0.167
Tardbp,1.22817082615209e-09,0.781175575471897,0.385,0.218,2.01984974068972e-05,0.167
Ndel1,5.70016187359296e-14,1.05459727845818,0.297,0.13,9.37448621731099e-10,0.167
Inpp1,2.15210133530069e-16,1.39065792200963,0.276,0.11,3.53934585603551e-12,0.166
Ier3ip1,4.2566079971105e-16,1.26798720362926,0.276,0.11,7.00041751204793e-12,0.166
Lrch4,5.23213739190141e-10,0.744679633506996,0.356,0.19,8.60477315472106e-06,0.166
Ypel3,1.73380483135373e-08,0.622321188389999,0.418,0.252,0.000285141542564435,0.166
Jmjd1c,3.68771982206349e-08,0.527867822200263,0.418,0.252,0.000606482401936561,0.166
Arih1,3.81280482013047e-08,0.598300789632844,0.431,0.265,0.000627053880718657,0.166
Ola1,1.18482477556521e-19,1.53960988415135,0.251,0.086,1.94856282589454e-15,0.165
Cyb5a,4.24001601565085e-17,1.28343994374514,0.264,0.099,6.97313033933938e-13,0.165
Dyrk1a,6.32843568144435e-11,0.866242729475273,0.335,0.17,1.04077453217034e-06,0.165
Ssbp3,1.11565982505833e-16,1.43554293644176,0.268,0.104,1.83481414829093e-12,0.164
Ube2r2,1.54975988311384e-10,0.84677165610481,0.343,0.179,2.54873510376902e-06,0.164
Synj2bp,5.89999703065056e-11,0.883450977863132,0.331,0.167,9.70313511660791e-07,0.164
Ndufa3,1.34323586919515e-08,0.629046054833653,0.385,0.221,0.000220908571047835,0.164
Ostc,4.97767012767875e-14,1.15650750173603,0.289,0.125,8.18627629198047e-10,0.164
Vrk3,9.24497013642979e-15,1.18456373312618,0.28,0.117,1.52042778863724e-10,0.163
Ralbp1,1.23343198758148e-18,1.51681263369127,0.251,0.088,2.0285022467765e-14,0.163
Patl1,1.3670387064028e-17,1.4370589237721,0.259,0.096,2.24823185655005e-13,0.163
Prpsap1,2.58206745002229e-16,1.24473988830368,0.264,0.101,4.24646812830666e-12,0.163
Clptm1l,1.99738604383753e-11,0.901561109043711,0.318,0.155,3.28490108769519e-07,0.163
Vps54,5.63153528380622e-14,1.13138613486589,0.285,0.122,9.2616229277477e-10,0.163
Uggt1,1.99947281737976e-13,1.13545826066871,0.293,0.13,3.28833299546276e-09,0.163
Pomp,2.13010029464541e-13,1.01805511293931,0.289,0.126,3.50316294457385e-09,0.163
Pabpn1,1.64010407349166e-07,0.573696328420226,0.435,0.272,0.00269731515926438,0.163
Paf1,2.80862015621451e-16,1.33153338537192,0.264,0.102,4.61905670891039e-12,0.162
Tmed9,1.44662413178157e-10,0.883847512555385,0.343,0.181,2.37911804712797e-06,0.162
Tnrc6b,7.87695576057918e-05,0.265588049882789,0.54,0.378,1,0.162
Micos13,5.26779735990788e-17,1.34109795169875,0.259,0.097,8.66341953810449e-13,0.162
Ythdc1,8.89223708816388e-17,1.34124106910781,0.259,0.097,1.46241731151943e-12,0.162
Atp9b,1.38729128084466e-13,1.11305549482222,0.289,0.127,2.28153924047713e-09,0.162
Dars,2.38729081143703e-13,1.06538798573401,0.289,0.127,3.92613846848933e-09,0.162
Osbp,2.78111453660325e-15,1.28527077526101,0.272,0.111,4.57382096689771e-11,0.161
Plekhj1,5.36584366122131e-15,1.24246544973196,0.272,0.111,8.82466648524457e-11,0.161
Paxbp1,5.73930232313252e-15,1.23320992573534,0.272,0.111,9.43885660062375e-11,0.161
Nipal3,1.96981380098061e-14,1.16557140168127,0.276,0.115,3.23955577709271e-10,0.161
Cct7,6.49119695933305e-18,1.43955369681128,0.251,0.09,1.06754225193191e-13,0.161
Nup214,4.41191517251538e-17,1.32638318216446,0.255,0.094,7.25583569271879e-13,0.161
Sae1,4.83113984311196e-17,1.44889156139062,0.259,0.098,7.94529258598193e-13,0.161
Cox7b,6.58166435091019e-08,0.515333704765354,0.381,0.22,0.00108242051915069,0.161
Nedd8,2.79542627834608e-09,0.704020769139066,0.36,0.199,4.59735805736797e-05,0.161
Tnrc6c,4.24066287273652e-09,0.691116075644154,0.356,0.195,6.97419416050248e-05,0.161
Pdpk1,2.90797208057956e-10,0.85803261722983,0.335,0.175,4.78245088372114e-06,0.16
Ube2v1,7.10706294430462e-10,0.787577663908589,0.343,0.183,1.16882757182034e-05,0.16
Gabarap,3.91211623506228e-11,0.870014164064904,0.31,0.15,6.43386636018343e-07,0.16
Mob4,3.03657798593564e-12,1.00844899524387,0.297,0.137,4.99395615566976e-08,0.16
Suds3,2.38480271020658e-09,0.678555699632073,0.347,0.187,3.92204653720574e-05,0.16
Trip12,2.18132988791254e-06,0.493163427909937,0.502,0.342,0.0358741513366097,0.16
Itgb1,3.30540338202714e-16,2.09602319339013,0.272,0.113,5.43606640208184e-12,0.159
Srrm1,8.75445515472e-10,0.810149372362729,0.347,0.188,1.43975769474525e-05,0.159
Ccar1,1.00172384933199e-08,0.655765421040046,0.351,0.192,0.000164743504261139,0.159
Mbtd1,5.28113478830766e-15,1.31936656948505,0.264,0.106,8.68535427285078e-11,0.158
Rsf1,2.34421781474716e-16,1.34954965522175,0.255,0.097,3.85530061813318e-12,0.158
Skp1a,1.11687214862003e-10,0.878374188015059,0.318,0.16,1.8368079356205e-06,0.158
Cux1,2.62582331801036e-07,0.482880335922797,0.385,0.227,0.00431842902879984,0.158
Man2b1,2.75659014907304e-11,0.622885223912519,0.289,0.131,4.53348815916553e-07,0.158
Sms,1.27129304499987e-15,1.33864745934701,0.259,0.102,2.09076854180678e-11,0.157
Pank3,2.38155949872865e-14,1.20986021760232,0.268,0.111,3.91671275160914e-10,0.157
Srp72,4.41114264522798e-14,1.27102360827334,0.276,0.119,7.25456519434194e-10,0.157
Zc3h15,8.52172001548702e-14,1.16946858048336,0.272,0.115,1.401482073747e-09,0.157
Rbm39,4.16800462492186e-09,0.737259410712745,0.347,0.19,6.85470040614649e-05,0.157
Tomm7,7.14997702282507e-15,1.22345369100068,0.259,0.103,1.17588522117381e-10,0.156
Lyst,3.15750801717783e-14,1.30925666613466,0.272,0.116,5.19283768505066e-10,0.156
Fam91a1,1.4197230419532e-13,1.14686302394096,0.272,0.116,2.33487651479622e-09,0.156
Ccdc12,5.62757546885162e-13,0.984901685326113,0.272,0.116,9.25511061607337e-09,0.156
Khsrp,5.5363535328391e-08,0.647405110613051,0.397,0.241,0.000910508702010718,0.156
Tmem128,3.39624388728461e-16,1.40421636381658,0.251,0.095,5.58546269702828e-12,0.156
Smg7,9.60605923429955e-12,0.991302111082722,0.297,0.141,1.5798125016729e-07,0.156
Ndufa2,2.84270619773941e-07,0.505023435987659,0.389,0.233,0.00467511461280224,0.156
Zfand3,1.0078988177535e-12,1.04776659382193,0.276,0.121,1.6575903956774e-08,0.155
Sf3b2,3.20349554074926e-06,0.433986202561647,0.444,0.289,0.0526846876631623,0.155
Papola,3.39362642558695e-06,0.451665985702989,0.448,0.293,0.0558115801952029,0.155
Derl1,1.98208585157304e-11,1.01536959994513,0.297,0.142,3.25973839149702e-07,0.155
Tcf12,3.02237561449162e-11,0.959110355938588,0.297,0.142,4.97059893559292e-07,0.155
Ybx1,5.20566642878577e-08,0.661859790658371,0.372,0.217,0.000856123900878107,0.155
Selenow,1.62405091572555e-05,0.314344297667446,0.473,0.318,0.267091413600224,0.155
Chfr,1.39878264886375e-13,1.11707562293169,0.264,0.11,2.30043794432132e-09,0.154
Ero1l,1.55327288814668e-13,1.22209878957054,0.268,0.114,2.55451259184604e-09,0.154
Cog5,2.29332215751597e-12,0.986346698714614,0.276,0.122,3.77159762025076e-08,0.154
Id2,2.69563488937291e-12,0.799262774785124,0.276,0.122,4.43324113906269e-08,0.154
Ubxn1,2.13164473043627e-11,0.95949382902908,0.293,0.139,3.5057029236755e-07,0.154
Ppp1cc,4.13467681307619e-09,0.753950920592821,0.331,0.178,6.79988948678511e-05,0.153
Dgkd,9.1032104722254e-07,0.455204256518845,0.406,0.253,0.0149711399426219,0.153
Cops9,2.15453120426468e-06,0.403043758733693,0.418,0.265,0.0354334201853369,0.153
Anapc7,1.72498844835521e-14,1.27239390602482,0.255,0.103,2.83691600216498e-10,0.152
Nrbp1,2.08538926766162e-14,1.28457920548955,0.255,0.103,3.4296311895963e-10,0.152
Tmem9b,3.31791004165739e-13,1.27739892419601,0.268,0.116,5.45663485450975e-09,0.152
Rab27a,1.02765831813953e-11,0.599078072089345,0.264,0.112,1.69008687001227e-07,0.152
Phip,4.05964903224967e-11,1.06540274474746,0.301,0.149,6.67649879843781e-07,0.152
Psma6,1.11034362997999e-10,0.967479845407488,0.301,0.149,1.8260711338651e-06,0.152
Vps13d,1.55210939430469e-11,0.997239961347854,0.285,0.133,2.55259910987349e-07,0.152
Ubqln1,5.6480778508088e-09,0.766063224091961,0.347,0.195,9.28882883344015e-05,0.152
Lemd3,5.43276842171148e-13,1.18574716190714,0.268,0.117,8.9347309463467e-09,0.151
Copg1,1.19394986908517e-09,0.874552948424738,0.326,0.175,1.96356995469747e-05,0.151
Rtcb,7.26425239868287e-11,0.989303594138616,0.297,0.146,1.19467894948738e-06,0.151
Wdr37,8.04845539466659e-11,0.970130395406171,0.301,0.15,1.32364897420687e-06,0.151
Dctn4,3.22373268157459e-10,0.838977877431122,0.301,0.15,5.30175076811758e-06,0.151
Msl1,8.72803355602733e-14,1.28896977064348,0.255,0.105,1.43541239862425e-09,0.15
Ube2a,9.86728294927551e-14,1.24629923215067,0.259,0.109,1.62277335383785e-09,0.15
Usp16,3.98010539227749e-14,1.1873210029485,0.251,0.101,6.54568132813956e-10,0.15
Ndufb7,3.5223951662427e-09,0.717030659985615,0.314,0.164,5.79293109040275e-05,0.15
Arf3,3.83829935688141e-08,0.703402934416763,0.36,0.21,0.000631246712232717,0.15
Gcn1,7.65231072395997e-14,1.20902164962696,0.251,0.102,1.25849902166246e-09,0.149
Sec24b,8.24772195688681e-14,1.23931178586855,0.251,0.102,1.3564203530296e-09,0.149
Gtpbp4,4.89646313787842e-13,1.13691954663777,0.259,0.11,8.05272327655485e-09,0.149
Prpf18,7.92602308567877e-12,1.01091436571762,0.272,0.123,1.30351375667073e-07,0.149
Traf7,6.89385626698802e-10,0.795322333073829,0.297,0.148,1.13376360166885e-05,0.149
Arcn1,3.48366987117312e-07,0.586550503307993,0.381,0.232,0.00572924347013132,0.149
Mex3c,9.23854310442785e-13,1.27956006171664,0.264,0.116,1.5193707989542e-08,0.148
Naa30,3.89053986171088e-12,1.12651775462878,0.268,0.12,6.39838185656972e-08,0.148
Chd8,2.29432675564498e-11,1.06645200546897,0.28,0.132,3.77324978233374e-07,0.148
Eloa,4.90817350035273e-10,0.880204995823165,0.297,0.149,8.0719821386801e-06,0.148
Idh3g,4.28774961920607e-09,0.779796016730025,0.318,0.17,7.0516330237463e-05,0.148
Sbds,8.06009956039929e-13,1.16520227079095,0.259,0.112,1.32556397370327e-08,0.147
Wipi2,2.52141136469344e-12,1.15104677276246,0.264,0.117,4.14671313037484e-08,0.147
Fkbp3,6.03228066121745e-12,1.08062345377814,0.268,0.121,9.92068877543822e-08,0.147
Sltm,2.96571553824179e-11,1.05107252782657,0.28,0.133,4.87741577419245e-07,0.147
Akap8,2.87347507703975e-08,0.704692763464914,0.331,0.184,0.000472571711169958,0.147
Ranbp2,1.59802617808943e-06,0.528970248117503,0.402,0.255,0.0262811385248588,0.147
Lsm4,7.68560007096407e-10,0.91256229061303,0.297,0.15,1.26397378767075e-05,0.147
Adh5,1.03900467656163e-09,0.777575163545944,0.297,0.15,1.70874709107325e-05,0.147
Kmt2a,1.12468935262444e-07,0.595262153903013,0.351,0.204,0.00184966410932615,0.147
Csnk1g3,1.20452187786723e-11,1.09229408140154,0.272,0.126,1.98095668034044e-07,0.146
Uqcrc2,1.13302676130221e-08,0.755684988851071,0.322,0.176,0.000186337581163762,0.146
Mdm2,7.40562121095237e-10,0.853566695052092,0.293,0.147,1.21792846435323e-05,0.146
Tmem243,9.82464681055672e-10,0.868346479836501,0.297,0.151,1.61576141446416e-05,0.146
Ncapd3,4.40554489872502e-12,1.06780629556769,0.259,0.114,7.24535914044317e-08,0.145
Usp15,5.58786242170872e-11,1.02976069225075,0.276,0.131,9.18979853874216e-07,0.145
Set,6.79211301257226e-11,0.977977673563974,0.272,0.127,1.11703090604763e-06,0.145
Eprs,7.12399543421118e-11,0.950327030410989,0.272,0.127,1.17161228911037e-06,0.145
Micos10,6.46966178377668e-10,0.901131370247157,0.289,0.144,1.06400057695991e-05,0.145
Son,0.000145875989535185,0.270725832576862,0.582,0.437,1,0.145
Ptdss1,3.43458380480252e-12,1.07991196428895,0.255,0.111,5.64851652537823e-08,0.144
Otud4,4.29183737627281e-11,1.04635616553958,0.272,0.128,7.05835574901827e-07,0.144
Adam10,1.38497731079045e-10,0.891722020264802,0.272,0.128,2.27773368532598e-06,0.144
Gosr2,9.75713837655703e-10,0.851166470626778,0.285,0.141,1.60465897740857e-05,0.144
Unc45a,3.21335965301464e-12,1.15598441390951,0.251,0.108,5.28469128534787e-08,0.143
Sra1,1.05576556728231e-11,1.01308633548719,0.255,0.112,1.73631205195249e-07,0.143
Ccnt2,4.01908281582111e-10,0.915716045776175,0.28,0.137,6.60978359889939e-06,0.143
Pum1,3.72810648757709e-08,0.695052530390457,0.322,0.179,0.000613124392946928,0.143
Sbno1,5.69490256547251e-10,0.978271438167219,0.289,0.146,9.3658367591761e-06,0.143
Maea,1.78242521543147e-11,1.08256201397392,0.259,0.117,2.9313765092986e-07,0.142
Lrrc59,1.29593689455345e-10,0.966868202777887,0.264,0.123,2.1312978167826e-06,0.141
Ambra1,1.31310912753525e-10,0.963394592373541,0.264,0.123,2.15953927114446e-06,0.141
Trpm7,8.85634022351343e-10,0.966487921650211,0.285,0.144,1.45651371315902e-05,0.141
Rb1,2.38666095582351e-09,0.939434728198102,0.293,0.152,3.92510260794734e-05,0.141
Pnrc2,3.03600902192696e-11,1.1236798277405,0.259,0.119,4.99302043746108e-07,0.14
Seh1l,3.60171761456795e-11,1.05154796369645,0.259,0.119,5.92338478891845e-07,0.14
Aurkaip1,2.69594362469147e-10,0.941573736746343,0.268,0.128,4.43374888516759e-06,0.14
Txndc9,4.42482740178285e-10,0.922427414271382,0.272,0.132,7.27707114497208e-06,0.14
Glyr1,3.12970705953218e-08,0.79437045995281,0.322,0.182,0.000514711623010662,0.14
Wapl,1.46033943272302e-05,0.376963315374155,0.385,0.245,0.240167423105629,0.14
Prpf40a,6.02249268355198e-09,0.857914142493785,0.297,0.157,9.90459146736958e-05,0.14
Tbpl1,1.95458305173875e-11,1.07285402343304,0.251,0.112,3.21450728688955e-07,0.139
Chd6,1.589498728455e-10,1.06871964438688,0.264,0.125,2.61408960881709e-06,0.139
Ddx50,4.05442786407806e-10,0.987538019198592,0.268,0.129,6.66791206526277e-06,0.139
Atp13a3,6.32116885703449e-06,0.453821635732901,0.385,0.246,0.103957943022789,0.139
Atf2,2.85214777540407e-09,0.891919378329431,0.285,0.146,4.69064223142954e-05,0.139
Fbxo11,7.01587276378762e-09,0.848128048792439,0.297,0.158,0.000115383043473251,0.139
Nol7,1.08779506722121e-08,0.812881180146973,0.297,0.158,0.0001788987767552,0.139
Dctn6,3.87820973164973e-11,1.08632148200591,0.251,0.113,6.37810372467115e-07,0.138
Smu1,8.86196982610408e-11,1.02453998557854,0.255,0.117,1.45743955760108e-06,0.138
Grcc10,0.000178505864344763,0.275115571758076,0.46,0.322,1,0.138
Appbp2,9.45546435320532e-09,0.821416158916803,0.289,0.151,0.000155504566752815,0.138
Cabin1,1.55141510034155e-09,0.854415131433854,0.268,0.131,2.55145727402171e-05,0.137
H2afv,5.19912610989004e-05,0.381374728470365,0.435,0.298,0.855048280032515,0.137
Vcp,0.00015583636162965,0.31619100694277,0.485,0.348,1,0.137
Exoc5,1.09294255043214e-08,0.803417599635173,0.285,0.148,0.00017974533184407,0.137
Aip,3.40459386677183e-09,0.891190805782566,0.28,0.144,5.59919507329296e-05,0.136
Ppfia1,4.04979776947584e-09,0.903137144766373,0.28,0.144,6.66029741167997e-05,0.136
Arl2bp,4.69334079880839e-10,1.04677230756666,0.264,0.128,7.71866827772028e-06,0.136
Atn1,6.15508006494329e-08,0.907210586105129,0.335,0.199,0.00101226446748057,0.136
Stk11,2.46534758695208e-08,0.857050955943984,0.305,0.169,0.000405451064150138,0.136
Nrd1,3.89404746378719e-06,0.523136905958516,0.36,0.224,0.0640415045894441,0.136
Sh3gl1,2.20437510094513e-10,0.980504637518841,0.251,0.116,3.62531529101437e-06,0.135
Fam120a,3.76301497387358e-07,0.660527755810731,0.326,0.191,0.00618865442603249,0.135
Ehmt2,2.60465379072747e-08,0.823911530934301,0.297,0.162,0.00042836136242304,0.135
Mtmr6,7.73934134148721e-08,0.709910748233677,0.301,0.166,0.00127281207702099,0.135
Rbm17,8.48259127346501e-08,0.643958623742175,0.297,0.162,0.00139504696083405,0.135
Qrich1,1.40697534018358e-06,0.599812496697346,0.351,0.216,0.0231391164446592,0.135
Cnot4,2.5860604067066e-10,0.988108314068189,0.251,0.117,4.25303494486967e-06,0.134
Ppp2r1a,5.22140589400589e-07,0.649211335457542,0.326,0.192,0.00858712413328209,0.134
Prpf8,0.000102424930285043,0.342282732596059,0.439,0.305,1,0.134
Rab2a,5.53853174668301e-06,0.517365893864248,0.364,0.23,0.0910866931059488,0.134
Sdf2,2.17448684109882e-08,0.769923353242314,0.28,0.147,0.000357616105887111,0.133
Acbd3,8.2345133310789e-09,0.8233231592056,0.272,0.139,0.000135424806242924,0.133
Glg1,9.27211684637919e-06,0.475508168804133,0.368,0.235,0.152489233655552,0.133
Upf1,2.51682510381578e-08,0.839209060035716,0.285,0.152,0.000413917056573543,0.133
N4bp2l2,4.05208553351052e-06,0.543147843481595,0.36,0.227,0.0666405986841141,0.133
Max,4.83669046485143e-06,0.486134212358087,0.335,0.203,0.0795442113849467,0.132
Atp5o,5.12038568529047e-06,0.450512648378632,0.335,0.203,0.0842098629802871,0.132
Prcc,6.64306943703923e-09,0.966980897920474,0.276,0.145,0.000109251919961547,0.131
Ube4b,1.1537076511466e-08,0.911720705921862,0.28,0.149,0.00018973876030757,0.131
Mdm4,1.4237981847596e-09,0.937271101504966,0.251,0.12,2.34157849465564e-05,0.131
Psmc3,2.03249737699492e-06,0.572986944910971,0.331,0.2,0.0334264518620584,0.131
Exoc4,3.91455440000101e-07,0.667669138527673,0.301,0.171,0.00643787616624166,0.13
Ilk,9.60209361041141e-08,0.825589360927324,0.285,0.156,0.00157916031516826,0.129
Ube4a,6.67241357858681e-08,0.781445987458943,0.276,0.148,0.00109734513713439,0.128
Nsmce4a,5.19688798020409e-07,0.643391085474235,0.297,0.169,0.00854680197224364,0.128
Cpsf6,2.61769008694576e-05,0.421233095457883,0.36,0.232,0.4305053116991,0.128
Ube2z,1.90496143984697e-08,1.00195424814569,0.272,0.145,0.000313289958397233,0.127
Sptssa,4.61991649950781e-08,0.838740728578629,0.268,0.141,0.000759791467509055,0.127
Abhd17b,9.78390731895082e-08,0.755546793052231,0.272,0.145,0.00160906139767465,0.127
Cep120,1.1209104869884e-06,0.68414705257201,0.335,0.208,0.0184344938690112,0.127
Zfand5,6.60295232912416e-05,0.347451626954514,0.389,0.262,1,0.127
Slk,1.07672985324867e-07,0.747635373116959,0.272,0.146,0.00177078991665276,0.126
Ctdspl2,1.47475340425514e-07,0.754327523156965,0.276,0.15,0.002425379448638,0.126
Rab5if,4.91599417572354e-07,0.709105448162034,0.293,0.167,0.00808484402139493,0.126
Jarid2,2.94873791755227e-05,0.391245126150992,0.351,0.225,0.484949437920646,0.126
Ppp6r3,6.49330942607732e-06,0.582826745323856,0.335,0.21,0.106788966821268,0.125
Cct4,5.9833971482769e-09,1.00622552944444,0.251,0.126,9.84029495005619e-05,0.125
Thoc7,1.26105098327245e-08,0.911946293210318,0.255,0.13,0.000207392444708988,0.125
Pi4ka,6.59195037677722e-08,0.804884274510635,0.264,0.139,0.00108411215896478,0.125
Safb2,2.37311129484419e-06,0.568307624045682,0.301,0.176,0.0390281883550076,0.125
Gls,0.000373213957758194,0.258128559082211,0.414,0.289,1,0.125
Ufc1,1.9460649904457e-08,0.908205548241729,0.255,0.131,0.000320049848328699,0.124
Lrch3,1.26892659613712e-07,0.743446620697373,0.264,0.14,0.0020868766800071,0.124
Ncor2,1.32196304373523e-07,0.757694019827901,0.264,0.14,0.00217410042172695,0.124
Pnn,3.04889935243542e-06,0.51245603799037,0.297,0.173,0.0501421987501529,0.124
Ppm1a,0.000318533748306192,0.324587335785972,0.427,0.303,1,0.124
Txnl1,6.80684195007421e-08,0.851346559884395,0.259,0.136,0.0011194532271092,0.123
Tmem167,4.17432256142918e-06,0.612431042590754,0.322,0.199,0.0686509088452643,0.123
Cox7c,1.11121020130797e-05,0.497703810743562,0.318,0.195,0.182749629707109,0.123
Xbp1,4.39875944267184e-07,0.814122972956197,0.289,0.166,0.00723419977941811,0.123
Tmf1,8.06996700706892e-08,0.797648325889304,0.259,0.137,0.00132718677398256,0.122
Creb1,3.93213606566642e-06,0.630865670303653,0.305,0.183,0.0646679097359499,0.122
Eif4g3,0.000246876060412182,0.338058028405964,0.397,0.275,1,0.122
Riok3,4.41538522910096e-05,0.490024953267543,0.36,0.239,0.726154254777943,0.121
Puf60,0.00010875363866756,0.386465672733615,0.389,0.268,1,0.121
Ogdh,0.000527056696450227,0.284039443043562,0.397,0.276,1,0.121
Khdc4,1.15922168181089e-07,0.92144468799029,0.264,0.144,0.00190645597790619,0.12
Pttg1ip,6.3633819797807e-07,0.724993491179692,0.276,0.156,0.0104652180039473,0.12
Ndufb1-ps,7.58869033455861e-07,0.69920318445067,0.272,0.152,0.0124803601242151,0.12
Ist1,5.03144181256858e-05,0.406238087189159,0.335,0.215,0.827470920495028,0.12
Sf3a1,2.08304115654176e-07,0.776569719254845,0.259,0.139,0.00342576948604859,0.12
Ddx23,4.18140971122342e-06,0.583548475908979,0.297,0.177,0.0687674641107804,0.12
Nrip1,1.75964381019428e-06,0.682598671000232,0.289,0.169,0.0289391021024552,0.12
Ino80d,4.5420961914775e-07,0.786888024905634,0.272,0.153,0.0074699313965039,0.119
Safb,5.28001086190444e-07,0.773144055402917,0.268,0.149,0.00868350586348805,0.119
Zmym2,1.36675651113267e-06,0.67973084602852,0.28,0.161,0.0224776775820878,0.119
Pwwp2a,7.47726778872787e-06,0.545675903701707,0.293,0.174,0.122971146053419,0.119
Azin1,1.19915077615562e-05,0.579851378037179,0.314,0.195,0.197212336646553,0.119
Tomm20,3.70197089918092e-06,0.604187996085808,0.285,0.166,0.0608826134079294,0.119
Ociad1,1.22392848133885e-07,0.920605375802488,0.251,0.134,0.00201287278040988,0.117
Eif1b,7.00416619653247e-07,0.617091645192961,0.255,0.138,0.0115190517268173,0.117
Atf7ip,9.17677874168086e-06,0.66445783156319,0.314,0.197,0.150921303185684,0.117
Manf,5.33796794640757e-06,0.56412459188913,0.285,0.168,0.0877882208466189,0.117
Lcor,5.67099105843608e-07,0.70590109372091,0.251,0.135,0.00932651189470398,0.116
Cic,7.13189094184838e-07,0.792106399079227,0.259,0.144,0.0117291078429638,0.115
Psmb2,1.13041765280917e-06,0.739255730137606,0.264,0.149,0.0185908487180996,0.115
Senp6,1.31762849454442e-06,0.688125509257822,0.255,0.141,0.0216697182212776,0.114
Pbrm1,1.97114166156403e-06,0.732155849801715,0.272,0.158,0.032417395766082,0.114
Rab6a,7.96335102281113e-06,0.640968429055403,0.297,0.183,0.130965270921152,0.114
Yipf3,8.47622345154307e-07,0.793604746009188,0.255,0.142,0.0139399970884077,0.113
Pcmt1,2.31677064979966e-06,0.717195384269861,0.264,0.151,0.0381016101066052,0.113
Phf8,2.33505320137088e-06,0.60432527296715,0.255,0.142,0.0384022849497455,0.113
Snw1,1.7668168854367e-05,0.56531710287677,0.301,0.188,0.29057070497892,0.113
Top1,6.57053401716451e-05,0.460349103486607,0.31,0.197,1,0.113
Zfp91,7.53782533998379e-05,0.440446493134362,0.314,0.201,1,0.113
Ube2k,2.79062771376741e-06,0.64840951647448,0.259,0.147,0.0458946633806189,0.112
Fbrs,3.16744377723522e-06,0.717399563734634,0.268,0.156,0.0520917803604104,0.112
Srsf10,5.34156252897642e-06,0.654006256242512,0.272,0.16,0.0878473373515462,0.112
Trib2,3.21220171503617e-06,0.969920501089593,0.36,0.248,0.0528278694054849,0.112
Rnps1,2.62496786499957e-05,0.544349939431771,0.301,0.189,0.43170221507783,0.112
E2f4,8.75447492439714e-06,0.580294214473855,0.268,0.157,0.143976094606635,0.111
Chtop,0.000268071253851882,0.431913340213254,0.389,0.278,1,0.111
Furin,2.14316105643664e-06,0.924583414509085,0.259,0.149,0.035246426734157,0.11
Bcas2,1.35636542758235e-05,0.566823508134148,0.272,0.162,0.223067858220194,0.11
Mbtps1,2.07545835943747e-05,0.534453327177394,0.28,0.17,0.341329881793086,0.11
Odc1,8.99502613683403e-06,1.2069693785705,0.381,0.271,0.147932199846373,0.11
Lypla1,5.02953951086439e-06,0.647099004352508,0.255,0.146,0.0827158067956758,0.109
Dhx36,7.19463747305098e-05,0.430844368219667,0.289,0.18,1,0.109
Cox5a,5.98964963054047e-06,0.64840951647448,0.255,0.147,0.0985057778238685,0.108
Cep350,6.96914987188656e-06,0.705069831363085,0.264,0.156,0.114614638793046,0.108
Map2k2,1.0916109203993e-05,0.614198324038924,0.264,0.156,0.179526331968868,0.108
Smdt1,0.000249874354535536,0.412372743577687,0.335,0.227,1,0.108
Fkbp8,0.00109288430567881,0.282997482575005,0.372,0.264,1,0.108
Fis1,0.000649245262203225,0.332784673240224,0.343,0.236,1,0.107
Ndufa1,0.000225289727322908,0.377126593524757,0.322,0.215,1,0.107
Oaz1,0.000234812643546482,0.413489552358503,0.322,0.215,1,0.107
Epn1,0.000244289537018213,0.397537726415351,0.322,0.215,1,0.107
Zzz3,1.57738375805879e-05,0.576354278155502,0.259,0.153,0.259416532850349,0.106
Gnb2,6.59723856857487e-06,0.723629414286382,0.251,0.146,0.108498185498782,0.105
Pdap1,3.86237447219011e-05,0.534847867255777,0.268,0.163,0.635206105696385,0.105
Spcs1,8.73850525757031e-05,0.516725595892025,0.293,0.188,1,0.105
Arid1b,1.85619936960012e-05,0.672004686776754,0.272,0.168,0.305270548324437,0.104
Casc3,3.02940860493001e-05,0.605313289092581,0.272,0.168,0.49821653916679,0.104
Wac,5.36229835181237e-05,0.620898941324335,0.28,0.177,0.881883586939062,0.103
March6,4.06840296962754e-05,0.57508991810359,0.272,0.169,0.669089552384944,0.103
Nktr,0.000994478282099937,0.28759422343057,0.331,0.229,1,0.102
Prrc2a,0.00113339279865885,0.294954708825603,0.335,0.233,1,0.102
Tcf20,0.000863234090790076,0.36545334781683,0.326,0.225,1,0.101
Rab14,0.00308033600762894,0.287406476879845,0.385,0.285,1,0.1
Zfp740,3.17740685962283e-05,0.681088904483487,0.259,0.16,0.522556332133571,0.099
Cand1,7.378672952397e-05,0.583178975408772,0.264,0.165,1,0.099
Kmt5b,0.000260510260288065,0.439644773168807,0.285,0.186,1,0.099
Ptpra,0.000176490345983525,0.466635782817674,0.268,0.17,1,0.098
Patz1,0.000586987916638055,0.355296987687489,0.293,0.195,1,0.098
H3f3b,0.510518834822691,-0.293249901292464,0.657,0.56,1,0.097
Psmd11,0.0001953044152872,0.470981744201804,0.259,0.164,1,0.095
Eif4e,0.000401375985555695,0.467230604840707,0.276,0.182,1,0.094
Uba2,0.000439225527570037,0.426078036487689,0.28,0.186,1,0.094
Dtnb,0.000211690923899947,0.445516134987299,0.251,0.157,1,0.094
Alkbh5,0.0031187509719929,0.332795732098587,0.347,0.253,1,0.094
Phf14,0.000162929065184033,0.558088909269786,0.259,0.166,1,0.093
Trrap,0.000293820481768741,0.465310550093362,0.259,0.166,1,0.093
Tial1,0.000329470828889359,0.557232682176962,0.268,0.176,1,0.092
Cldnd1,8.57959035867145e-05,0.811041368873654,0.251,0.159,1,0.092
Capn7,0.000181565342470566,0.581003691877038,0.251,0.16,1,0.091
Fam193b,0.00264493406179235,0.260109695436262,0.293,0.202,1,0.091
Bnip2,0.00138742428534301,0.348132985831128,0.268,0.18,1,0.088
Trappc8,0.000449555512022228,0.550236427013621,0.251,0.165,1,0.086
Raf1,0.0011135658467289,0.513258274297866,0.264,0.18,1,0.084
Rbm6,0.00235146551032622,0.340898003203433,0.268,0.184,1,0.084
Cope,0.00421571572823405,0.30753326775064,0.285,0.201,1,0.084
Atp5f1,0.001878780486964,0.419475746183722,0.272,0.189,1,0.083
Usp19,0.00237111704998278,0.381275795901669,0.276,0.193,1,0.083
Scaf11,0.00582180114322793,0.265787391716948,0.301,0.219,1,0.082
Tsc22d1,0.00041072974149582,0.753920532391729,0.259,0.179,1,0.08
Actr1a,0.00419884133858599,0.332061809443619,0.28,0.2,1,0.08
Arid2,0.00420981573100667,0.338270799028024,0.268,0.188,1,0.08
Setd5,0.00161328381700104,0.519414428879547,0.251,0.172,1,0.079
Csde1,0.00405789151218986,0.381401093155695,0.268,0.189,1,0.079
Ubxn7,0.00591992053195084,0.370123995354887,0.314,0.235,1,0.079
Mau2,0.0030410392913646,0.385664604981156,0.255,0.177,1,0.078
Smarca2,0.00338968549830092,0.401920237326358,0.259,0.181,1,0.078
BC031181,0.00609024407628041,0.278122916067758,0.268,0.19,1,0.078
Snrnp70,0.00810541012527137,0.28572687164354,0.285,0.207,1,0.078
Ssr2,0.00353188029688522,0.369352247709149,0.255,0.178,1,0.077
Mia3,0.00466306269930456,0.355772215913787,0.259,0.182,1,0.077
Ubxn4,0.00493593012633146,0.387468248535439,0.301,0.224,1,0.077
Thoc2,0.00263967260880257,0.503970126740462,0.255,0.179,1,0.076
Taok2,0.00526944061879716,0.366695853860546,0.259,0.185,1,0.074
Kmt2c,0.0133502027332001,0.292256439859391,0.28,0.21,1,0.07
Pdhb,0.0154245528056782,0.270598392363206,0.268,0.199,1,0.069
Dcaf11,0.0116498071560599,0.30869003524781,0.251,0.183,1,0.068
Tlk2,0.0186161527580025,0.267927745677191,0.264,0.197,1,0.067
Pcm1,0.0237859824404247,0.270775627626437,0.276,0.212,1,0.064
Rnasek,0.0245129645843247,0.298990241539997,0.272,0.209,1,0.063
Chchd3,0.0341864124497126,0.252104655779499,0.276,0.213,1,0.063
Taok1,0.0477460385645788,0.33863067142755,0.264,0.209,1,0.055
Ctsa,0.45087596014647,-0.489732443979543,0.276,0.231,1,0.045
Ndufb11,0.709146432565772,-0.250896483906047,0.356,0.314,1,0.042
Fryl,0.563876587591894,-0.332304812757598,0.469,0.429,1,0.04
Hist1h1e,0.206983367620065,0.952046209253897,0.285,0.247,1,0.038
Arl6ip1,0.901345518427817,-0.805196760401036,0.293,0.255,1,0.038
Akr1a1,0.609379171789153,-0.428390007523103,0.41,0.378,1,0.032
Ndufb8,0.855609443414811,-0.329180456190296,0.301,0.271,1,0.03
Atp6v1e1,0.819873999999104,-0.348300913716407,0.272,0.245,1,0.027
Cnot6,0.415341357778071,-0.443968285670099,0.36,0.345,1,0.015
Atp5b,0.222957325905597,-0.47723771461552,0.418,0.403,1,0.015
Rsrc2,0.608608761706453,-0.318287182983529,0.356,0.342,1,0.014
Pcbp2,0.232842079488457,-0.422178805084276,0.423,0.413,1,0.01
Calm3,0.493113701507929,-0.578766116540494,0.289,0.28,1,0.00899999999999995
Ubr5,0.859596543991152,-0.25095946031398,0.255,0.247,1,0.00800000000000001
Mat2a,0.418991181282984,-0.503965922110224,0.347,0.339,1,0.00799999999999995
Dyrk2,0.381500078375269,-0.452069882294559,0.305,0.302,1,0.003
Ppp2r5e,0.615701260356438,-0.335461839625325,0.264,0.262,1,0.002
Atp6ap1,0.331698166303106,-0.521215267499079,0.276,0.28,1,-0.004
R3hdm4,0.472059407083334,-0.323333919982919,0.289,0.294,1,-0.005
Tax1bp1,0.022611049293747,-0.552292720830817,0.452,0.459,1,-0.00700000000000001
Psap,0.0225212597424268,-1.79814555853871,0.301,0.312,1,-0.011
Taok3,0.226068991219504,-0.536817362206028,0.238,0.255,1,-0.017
Ndfip1,0.00250486628540264,-0.488015412342946,0.552,0.57,1,-0.0179999999999999
Calr,0.293305585623958,-0.396138557215314,0.243,0.261,1,-0.018
Ccndbp1,0.24361104055205,-0.42280741677478,0.247,0.267,1,-0.02
Smarcc2,0.136318514066843,-0.430731606629269,0.314,0.336,1,-0.022
Pink1,0.0766316260858564,-0.517270251651403,0.339,0.362,1,-0.023
Fam53b,0.0527753978863591,-0.627693566300227,0.314,0.339,1,-0.025
Leng8,0.0654622836390823,-0.62414955528339,0.318,0.343,1,-0.025
Pnisr,0.140902540029821,-0.528926029139052,0.23,0.258,1,-0.028
Kdm3b,0.11372480529971,-0.502548897100877,0.272,0.301,1,-0.029
Flcn,0.194889420138218,-0.352332302409917,0.23,0.261,1,-0.031
Hsp90b1,0.0894275234705502,-0.570487809566973,0.255,0.287,1,-0.032
Hacd3,0.106151150210456,-0.554142789966033,0.218,0.25,1,-0.032
Ap2m1,0.000112813201586329,-0.826482123324489,0.473,0.505,1,-0.032
Ndufa10,0.117752511069794,-0.418839912298485,0.259,0.293,1,-0.034
Sptan1,0.0407045209807181,-0.548865537238998,0.326,0.361,1,-0.035
Tuba1a,0.0401673975250599,-0.613980888253786,0.297,0.34,1,-0.043
Tecr,0.0588242952517529,-0.421712587934373,0.255,0.303,1,-0.048
Sirt2,0.0270615291422746,-0.666391328264292,0.222,0.27,1,-0.048
Ncoa2,0.0179589682741258,-0.642884780423209,0.276,0.325,1,-0.049
Nisch,0.034470053322911,-0.404542750916164,0.293,0.348,1,-0.055
Cul3,0.000879040409850154,-0.67796062433503,0.406,0.463,1,-0.057
Dync1h1,0.00245643575508201,-0.653364785745021,0.385,0.442,1,-0.057
Ywhae,0.00522888459774625,-0.703096188070843,0.264,0.327,1,-0.063
Paip1,0.00951273242474627,-0.696156455350127,0.192,0.258,1,-0.066
Uhmk1,0.00548364352266974,-0.736282603551254,0.222,0.289,1,-0.067
Ctsd,0.000369297376822056,-2.30185489924079,0.184,0.253,1,-0.069
Pigt,0.00305452823231747,-0.842307042858287,0.197,0.269,1,-0.072
Atp6ap2,0.00217843614330666,-0.921787315850701,0.184,0.258,1,-0.074
Ppp2r5c,2.57012740580802e-06,-0.999889969373217,0.389,0.466,0.0422683153159186,-0.077
Got2,0.00138586133764255,-0.915167812401256,0.192,0.27,1,-0.078
Clptm1,0.000658252793933019,-0.935035455959085,0.222,0.304,1,-0.082
Iqsec1,0.000965703917128261,-0.860334851002054,0.18,0.264,1,-0.084
Mtch1,0.000260321884400747,-1.18241592301793,0.205,0.29,1,-0.085
Purb,8.31617025747064e-06,-1.07571017492105,0.339,0.426,0.136767736054362,-0.087
Got1,0.000899387693987857,-0.770560438807436,0.172,0.26,1,-0.088
Mllt6,1.584624707312e-05,-0.958364943522892,0.31,0.405,0.260607379364531,-0.095
Ddx17,1.36586261003401e-06,-0.875202455720588,0.423,0.519,0.0224629764846193,-0.096
Dync1li1,0.00015790900743267,-0.897964740868739,0.218,0.315,1,-0.097
Mbnl2,0.000153157244612105,-0.907066742339383,0.222,0.32,1,-0.098
Ndufb9,6.61976482400591e-05,-1.05507797276515,0.163,0.27,1,-0.107
Zranb1,4.73951690698904e-05,-1.04881644995893,0.172,0.28,0.779460950523418,-0.108
Ap1b1,1.53390860746725e-05,-0.999547387524496,0.243,0.353,0.252266609584063,-0.11
Acadvl,1.7656510189496e-05,-1.33773435141619,0.142,0.252,0.290378966576451,-0.11
Atp6v1g1,3.19388787205525e-05,-1.1201668247975,0.163,0.273,0.525266799438207,-0.11
Fam3c,1.20399363864603e-06,-1.21552652675167,0.264,0.377,0.0198008793811725,-0.113
Cul5,1.06836371765146e-05,-1.22755186094467,0.138,0.255,0.175703097004959,-0.117
Pfkp,6.71992374179044e-06,-1.32212581623356,0.205,0.323,0.110515865857486,-0.118
Kdm5b,8.61550032122576e-06,-0.998037953818875,0.213,0.331,0.141690518282879,-0.118
Commd1,1.22745514317564e-05,-1.20310844766292,0.146,0.264,0.201867272846666,-0.118
Gtf2a1,4.39914077554984e-06,-1.3205761732977,0.134,0.256,0.0723482691946926,-0.122
Cpt1a,4.6415653497533e-06,-1.25379055717523,0.146,0.268,0.0763351837420428,-0.122
Nt5e,1.49370391385807e-05,-0.993811773585301,0.155,0.277,0.245654545673098,-0.122
Rora,0.000181311477808701,-0.314302394978184,0.192,0.318,1,-0.126
Atp6v0c,1.70980296943102e-06,-1.06200667351953,0.243,0.37,0.0281194196352625,-0.127
Zfp445,4.38884740894716e-06,-1.18672798847198,0.142,0.269,0.072178984487545,-0.127
R3hdm2,2.61715368334528e-06,-1.21124740725305,0.163,0.292,0.0430417094762964,-0.129
Ldha,1.37450908685254e-09,-1.17677185168427,0.356,0.485,2.2605176442377e-05,-0.129
Gsk3b,4.49424442995255e-06,-0.979821626570931,0.213,0.342,0.0739123438949997,-0.129
Clcn3,3.53864077123734e-06,-1.03698893554343,0.201,0.331,0.0581964861237693,-0.13
Eml3,8.12471039407764e-07,-1.30441663024519,0.151,0.286,0.0133618987141001,-0.135
Slc25a4,2.82274813450407e-07,-1.38378380163945,0.176,0.312,0.00464229158200539,-0.136
Synj1,3.65009926841738e-07,-1.49032943555275,0.121,0.258,0.00600295325683922,-0.137
Mdh1,1.54388661454836e-07,-1.25894414928434,0.23,0.368,0.00253907592628623,-0.138
Gns,1.87322816049199e-07,-1.74218876582987,0.117,0.255,0.00308071103274513,-0.138
Ndufs2,4.19895603429537e-07,-1.06059467459089,0.247,0.385,0.00690560309400217,-0.138
Camk1d,2.01008231182971e-07,-1.34044719419265,0.167,0.31,0.00330578137003515,-0.143
Trak2,1.37441873642067e-08,-1.59119944104285,0.134,0.291,0.000226036905391744,-0.157
Lamp2,1.32661418629315e-09,-2.16748823546002,0.121,0.282,2.18174969077772e-05,-0.161
Pip4k2c,3.55286371489091e-09,-1.77603202603657,0.088,0.25,5.84303966550959e-05,-0.162
Tusc3,5.27240767447474e-09,-1.51083690315703,0.167,0.329,8.67100166144116e-05,-0.162
Atp6v1a,2.15272884839103e-09,-1.9444674093384,0.096,0.259,3.54037786406389e-05,-0.163
Hipk3,3.98183196031033e-09,-1.42504007112135,0.18,0.345,6.54852084192638e-05,-0.165
Hook3,2.63680841173381e-09,-1.56364439061033,0.113,0.283,4.33649511393743e-05,-0.17
Lyar,3.34192890378815e-10,-1.93886685008492,0.109,0.282,5.49613627516999e-06,-0.173
St3gal1,1.06771272298972e-10,-2.19535091996405,0.075,0.252,1.7559603442289e-06,-0.177
Map1lc3a,3.2135291054304e-10,-1.86059706471157,0.109,0.286,5.28496996679083e-06,-0.177
Ndufa4,5.44235515448085e-10,-1.57444597501227,0.159,0.336,8.95049728705921e-06,-0.177
Memo1,1.71429477088685e-10,-1.90563145705594,0.13,0.308,2.81932918020052e-06,-0.178
Vps37a,1.29540497836461e-09,-1.48855803808906,0.138,0.316,2.13042302741843e-05,-0.178
Eid1,2.4549325812316e-10,-1.74916544800748,0.126,0.305,4.03738212309349e-06,-0.179
Mtfr1,1.83219616492584e-10,-1.94511883444479,0.092,0.271,3.01322981283703e-06,-0.179
Npepps,8.60861565545459e-11,-2.09363303935292,0.079,0.259,1.41577293069606e-06,-0.18
Kdm4c,1.7636202135714e-10,-1.83354860631844,0.117,0.297,2.90044980323953e-06,-0.18
Rtn4,5.62393395311185e-11,-1.62689626868308,0.218,0.4,9.24912177928775e-07,-0.182
Tmx1,9.44624750327066e-11,-1.82474569621384,0.109,0.293,1.55352986438789e-06,-0.184
Dynll2,1.77565726821441e-10,-1.53893614027555,0.163,0.348,2.92024594330543e-06,-0.185
Desi1,6.41082920312494e-11,-1.66907530659187,0.138,0.327,1.05432497074593e-06,-0.189
Sec14l1,8.14106499485649e-12,-2.18115882885908,0.059,0.25,1.3388795490541e-07,-0.191
Trp53inp2,4.87973124879088e-12,-2.28554262671294,0.071,0.265,8.02520601176149e-08,-0.194
Ktn1,9.29105502275202e-12,-1.8289523691301,0.146,0.34,1.5280069090418e-07,-0.194
Ppp3cc,1.25257134215215e-12,-2.41867397819254,0.071,0.271,2.05997882930342e-08,-0.2
Uckl1,2.88366789831122e-12,-2.07141854654866,0.096,0.297,4.74248022556262e-08,-0.201
Ctsb,1.27768933410982e-13,-2.18826593835036,0.209,0.412,2.10128787887701e-09,-0.203
Slc4a7,1.28562010454006e-12,-2.03755785365605,0.121,0.324,2.11433082392657e-08,-0.203
Tpp1,4.41730429409625e-12,-1.86684735608994,0.105,0.308,7.26469864207069e-08,-0.203
Msi2,4.0234023009773e-15,-1.46951626640784,0.318,0.523,6.61688742418727e-11,-0.205
Snrk,5.12736024393493e-13,-2.25232780254984,0.084,0.291,8.43245665717539e-09,-0.207
Ddhd1,3.97555885053466e-13,-2.12711753854756,0.126,0.333,6.53820408558931e-09,-0.207
Slc25a22,2.48361108859697e-13,-2.44370752499969,0.054,0.263,4.08454679630658e-09,-0.209
Smpd1,1.04983809899932e-13,-2.74598091752989,0.054,0.264,1.72656373761429e-09,-0.21
Pgam1,1.35929656370129e-13,-2.59714615702264,0.071,0.281,2.23549912866315e-09,-0.21
Gpsm2,7.51556853026677e-14,-2.82761009898318,0.05,0.261,1.23601040048767e-09,-0.211
Nsf,1.3511899296749e-13,-2.26256305231295,0.084,0.299,2.22216695834334e-09,-0.215
Mlf2,2.66873738322314e-13,-1.72920051344078,0.167,0.383,4.38900550044877e-09,-0.216
Bbs9,1.12271354449408e-13,-2.12079627024302,0.117,0.333,1.84641469527496e-09,-0.216
Stard7,3.63308511604244e-14,-2.05541531200164,0.142,0.361,5.9749717818434e-10,-0.219
Lpcat1,8.24289783820786e-14,-2.18340437185913,0.075,0.295,1.35562697847167e-09,-0.22
Hif1a,1.98014402933802e-13,-1.75730680570662,0.142,0.362,3.25654487064931e-09,-0.22
Ctnna1,1.05713469186831e-15,-3.61930902692583,0.025,0.25,1.73856371424663e-11,-0.225
Adam9,2.2116052436074e-14,-2.23414194773952,0.088,0.313,3.63720598363673e-10,-0.225
Pias3,3.59833960657058e-15,-2.68907237005214,0.059,0.288,5.91782931696598e-11,-0.229
Ppip5k1,3.07005083455349e-16,-3.92099100095221,0.021,0.25,5.04900560250667e-12,-0.229
Bin1,6.5894682550921e-17,-1.70640160198862,0.255,0.485,1.08370394923245e-12,-0.23
Hook1,2.62325937023574e-15,-2.7066052566845,0.063,0.293,4.31421236028969e-11,-0.23
Nadk2,3.12616594851711e-15,-2.60934321235536,0.063,0.293,5.14129251893124e-11,-0.23
Clasp1,1.8838406137845e-15,-2.11420054525216,0.151,0.381,3.09816427343e-11,-0.23
Nlk,7.91066633278971e-15,-1.79897651339768,0.172,0.402,1.3009881850906e-10,-0.23
Tnpo1,2.12090514370462e-15,-1.76263228687057,0.205,0.437,3.48804059933662e-11,-0.232
Ypel2,1.04106373011222e-16,-4.12668838743546,0.017,0.25,1.71213341054255e-12,-0.233
Cacnb2,1.12394782757211e-16,-4.17110941657098,0.017,0.25,1.8484445972251e-12,-0.233
Bbs5,1.15723981230422e-16,-4.14416511495685,0.017,0.25,1.90319659531552e-12,-0.233
Slc16a1,2.2430006481663e-15,-2.41303582569489,0.138,0.371,3.6888388659743e-11,-0.233
Fbxl5,2.64651188917889e-15,-2.18470982378427,0.121,0.354,4.35245345294361e-11,-0.233
Rasgrf2,8.97956217554507e-16,-2.90436174466795,0.05,0.284,1.47677879539014e-11,-0.234
Cep290,8.63540630803951e-17,-3.97240750643205,0.021,0.257,1.42017892142018e-12,-0.236
Ckmt1,9.69764425382341e-17,-3.85318809104924,0.025,0.261,1.5948745739838e-12,-0.236
Anp32e,1.18580004653316e-19,-1.82513034155944,0.285,0.521,1.95016675652844e-15,-0.236
Syne2,3.65328034126908e-17,-4.43391896084167,0.013,0.25,6.00818484925113e-13,-0.237
Slc2a1,1.52060725092486e-16,-3.47895348200551,0.105,0.342,2.50079068487103e-12,-0.237
Sgip1,2.10860238244408e-17,-4.420700772882,0.013,0.252,3.46780747816753e-13,-0.239
Pfkl,1.15444894367691e-15,-2.19454562952468,0.117,0.356,1.89860673277105e-11,-0.239
Cacna1f,9.06342913345414e-17,-3.32521207731276,0.025,0.264,1.49057155528787e-12,-0.239
Nedd4,1.2675000773309e-16,-3.20296053877843,0.038,0.277,2.0845306271784e-12,-0.239
Dnmt3a,1.26199296495639e-15,-1.94721885201238,0.146,0.385,2.07547363016728e-11,-0.239
Gnb3,1.94533798915973e-17,-5.26424438478576,0.013,0.253,3.19930285697209e-13,-0.24
Vldlr,2.1377055442356e-17,-4.09393587842305,0.017,0.258,3.51567053804987e-13,-0.241
Zdhhc5,3.64330418441947e-16,-2.49516000797481,0.092,0.333,5.99177806169626e-12,-0.241
Hmgn1,1.8678273543951e-16,-2.74081696770172,0.075,0.317,3.07182886703818e-12,-0.242
Cirbp,2.01930166261669e-16,-1.81842585885781,0.192,0.434,3.32094351433941e-12,-0.242
Ssu72,4.28647644608576e-16,-2.06398223281466,0.146,0.388,7.04953916323265e-12,-0.242
Apoe,1.45499412028464e-17,-5.11387828208969,0.008,0.251,2.39288333022012e-13,-0.243
Bbs7,2.83320999951804e-17,-3.76237018444964,0.021,0.264,4.65949716520737e-13,-0.243
Slc44a1,6.91187926420099e-17,-3.33421239640419,0.033,0.276,1.1367276637905e-12,-0.243
Lrit3,9.05667260152322e-18,-4.54346759563326,0.013,0.257,1.48946037604651e-13,-0.244
Unc13b,6.03767575368261e-18,-4.48618985447026,0.013,0.259,9.92956154450642e-14,-0.246
AW549877,1.77613841469386e-16,-2.18536413243856,0.13,0.376,2.92103723680552e-12,-0.246
Amer2,1.00572033867506e-17,-4.05768224445892,0.021,0.267,1.65400766898501e-13,-0.246
Igf1r,5.3005490336908e-16,-2.27720036301041,0.071,0.318,8.7172829408079e-12,-0.247
Lifr,3.35960756593232e-18,-4.90996819865572,0.008,0.256,5.5252106029323e-14,-0.248
Lgmn,6.47858537262699e-17,-3.00392299796353,0.059,0.307,1.06546815038224e-12,-0.248
Syngr1,3.13108705343699e-18,-4.4492675580667,0.013,0.262,5.14938576808248e-14,-0.249
Map7,5.74159272422368e-18,-3.96431405604535,0.021,0.27,9.44262339425827e-14,-0.249
Tmem136,1.10756283727049e-18,-6.45476039579946,0,0.25,1.82149784217504e-14,-0.25
Atp6v1b2,9.74859417761202e-17,-1.80561846715287,0.18,0.43,1.60325379845007e-12,-0.25
Dhrs3,1.88049035116802e-16,-2.32620916166236,0.075,0.325,3.09265443153092e-12,-0.25
Otud7b,1.15324836693019e-17,-3.30035739246074,0.042,0.293,1.8966322642534e-13,-0.251
Rtn3,2.67318050519278e-17,-1.84834255942981,0.205,0.456,4.39631265884005e-13,-0.251
Bicdl1,4.09773004747226e-17,-2.53519374631896,0.088,0.339,6.73912683607288e-13,-0.251
Dmd,2.07712099893962e-18,-4.28599036128543,0.017,0.269,3.4160331948561e-14,-0.252
Glmn,5.87959690126291e-18,-3.70399353675323,0.025,0.277,9.66958506381699e-14,-0.252
Tmem9,3.36848894727654e-18,-3.73866043114354,0.025,0.278,5.539816922691e-14,-0.253
Sh3gl2,4.81754933023136e-19,-6.47163901265058,0,0.254,7.92294162849849e-15,-0.254
Psd,9.85689240874795e-19,-4.57081339912544,0.013,0.267,1.62106452554269e-14,-0.254
Cspg5,6.90777306069859e-19,-5.61222374763623,0.008,0.264,1.13605235756249e-14,-0.256
Gas6,1.35115302344685e-18,-4.01572811577161,0.021,0.277,2.22210626236068e-14,-0.256
Ush2a,3.19730869370411e-18,-3.55826648310324,0.025,0.281,5.25829387766579e-14,-0.256
Klhl18,1.01976434225971e-17,-2.97695730173338,0.05,0.306,1.67710443728032e-13,-0.256
Frmd4b,5.31664822735088e-18,-3.03923717511465,0.046,0.303,8.74375967470126e-14,-0.257
Ppp1r9a,4.56257634053692e-19,-4.59610131084669,0.013,0.271,7.50361304964701e-15,-0.258
Car2,3.00265054929899e-16,-1.96326889265909,0.092,0.35,4.93815909337712e-12,-0.258
Atp6v0e2,5.12290153371672e-19,-4.3608812858825,0.017,0.276,8.42512386235051e-15,-0.259
BC034090,1.33075374129939e-19,-6.55566699889165,0,0.26,2.18855760294098e-15,-0.26
Eno2,5.08532225916719e-19,-4.1093269400812,0.021,0.282,8.36332098742636e-15,-0.261
Pacsin2,4.36110848895798e-18,-2.73029259700513,0.071,0.332,7.1722790209403e-14,-0.261
Pla2g5,2.98482593939444e-19,-4.42405282264253,0.017,0.279,4.90884473992809e-15,-0.262
Bsg,2.40048996543617e-18,-3.42642348979026,0.063,0.325,3.94784579715632e-14,-0.262
Pea15a,3.37409693839233e-18,-2.70346439864318,0.067,0.33,5.54903982488002e-14,-0.263
Ppef2,2.67033544806208e-19,-4.16928080236039,0.021,0.285,4.39163367788289e-15,-0.264
Prnp,1.54277654686334e-19,-4.34529537236676,0.017,0.282,2.53725030897146e-15,-0.265
Fyco1,8.59552321728992e-19,-3.26030874786284,0.046,0.311,1.4136197483155e-14,-0.265
Ccdc85c,1.4991552360793e-19,-4.08652839634474,0.017,0.283,2.46551070125601e-15,-0.266
Chchd10,2.48382926345652e-18,-2.7684328650804,0.071,0.337,4.08490560668059e-14,-0.266
Ap2a2,5.64519501769651e-19,-2.13067572239699,0.159,0.426,9.28408772610368e-15,-0.267
Pde8b,5.24344211169035e-20,-5.13393229037666,0.008,0.276,8.62336489688594e-16,-0.268
Dscaml1,2.79918544686176e-20,-5.6760491790282,0.004,0.273,4.60354038590885e-16,-0.269
Rapgef5,2.8275353963056e-20,-5.69807931623566,0.004,0.273,4.65016471276419e-16,-0.269
Apbb1,3.22098704730715e-20,-5.04374556573977,0.008,0.278,5.29723529800133e-16,-0.27
Maged1,2.92340668245448e-20,-4.78194906078763,0.013,0.284,4.80783462996464e-16,-0.271
Wdfy3,1.2169432566277e-19,-3.61009623385919,0.029,0.3,2.00138487984991e-15,-0.271
Hspa4l,1.94776344565395e-19,-3.23433920083395,0.05,0.321,3.20329176272249e-15,-0.271
Slc1a7,1.23949334671437e-19,-3.55652424787275,0.033,0.305,2.03847075800645e-15,-0.272
Guk1,1.26811556310045e-19,-2.62061445790899,0.121,0.393,2.085542855075e-15,-0.272
Wdtc1,8.41092281830452e-19,-2.41875072994636,0.1,0.372,1.38326036669836e-14,-0.272
Tbc1d8,4.7634536420298e-20,-4.04546893516333,0.021,0.294,7.83397585968221e-16,-0.273
Nxnl2,5.46814738108526e-20,-3.91018317653403,0.029,0.302,8.99291518293281e-16,-0.273
Ctsf,8.05277782786386e-20,-3.60689317446653,0.033,0.306,1.32435984157049e-15,-0.273
Slco4a1,7.48916334390787e-20,-3.69352027779709,0.033,0.307,1.23166780353909e-15,-0.274
Atp6v0b,3.50516183143099e-19,-2.51955641913234,0.092,0.366,5.7645891479714e-15,-0.274
Gnaz,9.4552592354937e-21,-5.15532254435309,0.008,0.284,1.55501193386929e-16,-0.276
Gpm6b,1.45565575247219e-20,-3.79625643376684,0.008,0.284,2.39397145051576e-16,-0.276
Grtp1,1.86561145224409e-20,-4.32255268326896,0.021,0.297,3.06818459436063e-16,-0.276
Mylk,1.86566937660645e-20,-4.56029887045544,0.008,0.284,3.06827985676697e-16,-0.276
Dusp8,3.93044663415825e-20,-3.62744295254499,0.038,0.314,6.46401253453666e-16,-0.276
Lman1,6.66814195147469e-20,-3.17486059287351,0.05,0.328,1.09664262533953e-15,-0.278
Ptov1,6.97801812063684e-20,-3.05918227708373,0.05,0.328,1.14760486011994e-15,-0.278
Klc3,8.69866669731446e-21,-4.21941292709586,0.021,0.3,1.43058272504034e-16,-0.279
Ttyh2,1.88274963687561e-21,-6.73442091553149,0,0.28,3.09637005280562e-17,-0.28
Rims2,1.50119504270214e-21,-6.70190893214113,0,0.281,2.46886536722795e-17,-0.281
Glb1l2,7.12758342279638e-21,-3.96828386833938,0.029,0.311,1.17220236971309e-16,-0.282
Kirrel,1.0075152322964e-20,-3.77395452970964,0.021,0.303,1.65695955103466e-16,-0.282
Kcnj14,5.23626951745561e-21,-4.12446236495381,0.021,0.304,8.61156884840749e-17,-0.283
Map4k3,2.72631620803944e-20,-3.09985872675723,0.05,0.333,4.48369963574167e-16,-0.283
Ttc8,3.32481606908983e-21,-4.06006826295055,0.025,0.31,5.46799250722514e-17,-0.285
Atp11a,9.36072722771421e-21,-3.0959934999552,0.059,0.344,1.53946519986988e-16,-0.285
Gdpd5,9.62137913154415e-22,-4.74260472406402,0.013,0.3,1.58233201197375e-17,-0.287
Lrit2,2.01060275818619e-21,-4.10252727647643,0.025,0.312,3.30663729611301e-17,-0.287
Dgke,9.28470601112939e-21,-2.89862115594603,0.075,0.362,1.52696275059034e-16,-0.287
Lpgat1,4.91697940123269e-21,-3.42383601910614,0.046,0.333,8.08646432326728e-17,-0.287
Adamts3,5.39275141478314e-22,-5.99965514381098,0.004,0.292,8.86891897675234e-18,-0.288
Kif1a,1.10746984595211e-21,-4.25410674450836,0.013,0.301,1.82134490865283e-17,-0.288
Trafd1,7.88431378252092e-21,-2.56573456348997,0.105,0.393,1.29665424467339e-16,-0.288
Rdh8,6.75908807975e-22,-4.5709548168861,0.013,0.303,1.11159962559569e-17,-0.29
Plpp2,1.56253187750682e-21,-3.65400886928115,0.038,0.329,2.56973992574772e-17,-0.291
Pkm,2.33705267032575e-27,-2.26106668210913,0.264,0.556,3.84351682161773e-23,-0.292
Usp33,2.68688261167797e-21,-2.78287287667698,0.088,0.38,4.41884714316558e-17,-0.292
Sema3f,2.12134883729082e-22,-4.80737945490331,0.013,0.306,3.48877029780849e-18,-0.293
Jam2,3.47453542227575e-22,-4.62614532015078,0.017,0.31,5.7142209554747e-18,-0.293
Scg5,4.00712067251771e-22,-4.40585689363091,0.021,0.314,6.59011065802262e-18,-0.293
Sncb,1.11693737021053e-22,-7.01832314304159,0,0.294,1.83691519904825e-18,-0.294
Rabgef1,3.33224004840722e-22,-4.28793538299893,0.025,0.32,5.48020198361052e-18,-0.295
Plekhb2,4.82648644128167e-21,-2.52003523654139,0.096,0.391,7.93763960133183e-17,-0.295
Alpl,1.14761466168899e-22,-5.27210504010966,0.008,0.304,1.88736707261372e-18,-0.296
Cd81,9.99662554174265e-22,-3.40377126621505,0.054,0.35,1.644045036595e-17,-0.296
Cds1,7.43543454884018e-23,-5.01916053981902,0.013,0.311,1.22283156590226e-18,-0.298
Cdk5r2,8.60866224208526e-23,-4.93954704719823,0.013,0.311,1.41578059233334e-18,-0.298
Smim40,3.01729777206542e-22,-3.91518739813636,0.033,0.331,4.96224791593879e-18,-0.298
Epas1,4.06656527683165e-23,-7.21570705544375,0,0.299,6.68787325427733e-19,-0.299
Snap91,8.93056895288674e-23,-4.56130669099303,0.017,0.316,1.46872136999175e-18,-0.299
Dmxl2,7.84070218151961e-23,-4.54327910442938,0.008,0.308,1.28948188077272e-18,-0.3
Pmm1,1.71779168882614e-22,-3.66506462790647,0.038,0.338,2.82508021144347e-18,-0.3
Agtpbp1,4.55264475691744e-22,-3.16310325532429,0.079,0.381,7.48727956722643e-18,-0.302
Cdr2,5.72671432362769e-23,-4.20517289284336,0.025,0.328,9.4181543766381e-19,-0.303
Tnfsf12,2.96501523267722e-23,-4.18370838365477,0.025,0.33,4.87626405166095e-19,-0.305
Zfp516,3.57068480192637e-23,-4.13897951082304,0.029,0.334,5.8723482252481e-19,-0.305
Atp6v0a1,1.13988719633414e-23,-5.27549102224287,0.008,0.314,1.87465848309113e-19,-0.306
Rab28,5.26927958613928e-23,-3.27506375748764,0.059,0.365,8.66585720736466e-19,-0.306
Rhot1,8.73113538969757e-23,-3.28195573902433,0.054,0.36,1.43592252618966e-18,-0.306
Pcmtd2,6.25347467811666e-24,-2.54688592259805,0.138,0.446,1.02844644556307e-19,-0.308
Mak,4.80974051991386e-23,-3.46172721379435,0.046,0.355,7.91009925905034e-19,-0.309
Pla2r1,1.41567179685635e-23,-4.04374556573977,0.033,0.344,2.32821383710995e-19,-0.311
Camk2d,4.49072022580348e-24,-2.44355174650075,0.142,0.454,7.38543848335641e-20,-0.312
Ndrg1,1.36464792960558e-23,-2.89914937381587,0.084,0.398,2.24429998502934e-19,-0.314
Samd7,2.68302874755497e-24,-4.92310271006279,0.021,0.336,4.4125090782289e-20,-0.315
Mest,4.00773291648399e-24,-4.35242245631778,0.021,0.336,6.59111755444958e-20,-0.315
Aplp2,1.2274798794109e-24,-2.15915766451911,0.188,0.504,2.01871340967917e-20,-0.316
Frmpd2,4.38948057586211e-25,-7.05074373434231,0,0.318,7.21893975506283e-21,-0.318
Lrit1,3.20138634408964e-25,-6.94803153649009,0,0.319,5.26499998148981e-21,-0.319
Gramd1b,7.63019103928693e-25,-2.81665159446346,0.109,0.428,1.25486121832113e-20,-0.319
Herc3,8.14729670398759e-28,-2.35353749324219,0.197,0.52,1.3399044159378e-23,-0.323
Ubap1l,5.79825579325364e-25,-4.07181018576516,0.029,0.353,9.53581147758494e-21,-0.324
Kif1b,1.26025181708691e-27,-2.26559909403877,0.205,0.53,2.07261013838113e-23,-0.325
Mab21l1,1.03755025830827e-25,-6.14081271526916,0.004,0.33,1.70635515481379e-21,-0.326
Tub,1.56869873746426e-25,-4.80444944823933,0.017,0.343,2.57988194363372e-21,-0.326
Esrrb,1.46202742656095e-25,-4.42085597276941,0.021,0.349,2.40445030572214e-21,-0.328
Zdhhc2,2.64516664524137e-25,-3.83766846064629,0.033,0.361,4.35024106476396e-21,-0.328
Mdm1,1.20461680362577e-25,-4.08396945350073,0.038,0.366,1.98111279524294e-21,-0.328
Rufy3,1.52095182331235e-25,-3.44222827112962,0.059,0.387,2.50135736861949e-21,-0.328
Ckb,1.05584159548681e-25,-4.18487147677468,0.029,0.359,1.73643708793762e-21,-0.33
Glo1,3.08931599657964e-25,-2.68822156997677,0.1,0.431,5.08068908797487e-21,-0.331
Ric8b,1.09615569218498e-26,-2.94127318723567,0.117,0.45,1.80273765136742e-22,-0.333
Ankrd33b,2.31559889286367e-26,-5.52851532934073,0.004,0.337,3.80823393920359e-22,-0.333
Dnm1,1.35752662413848e-26,-4.61788572673878,0.021,0.357,2.23258828605815e-22,-0.336
Ano2,2.64736427508887e-26,-4.20813841299574,0.025,0.361,4.35385528681116e-22,-0.336
Map2,1.40153979231652e-26,-4.27058768199069,0.029,0.366,2.30497234244375e-22,-0.337
Rd3,1.49318984268378e-26,-4.45998068928199,0.021,0.358,2.45570001527774e-22,-0.337
Wasf3,6.17566800476694e-27,-5.53239364439772,0.008,0.346,1.01565036006397e-22,-0.338
Lgalsl,1.79211175885617e-26,-4.14706067292151,0.025,0.363,2.94730699861485e-22,-0.338
Nfasc,2.3741381405873e-27,-6.24303288202473,0.004,0.345,3.90450758600988e-23,-0.341
Adcy1,6.3475347587451e-27,-4.31201550763745,0.025,0.367,1.04391556642322e-22,-0.342
Ppp2r2b,1.70491211799639e-27,-7.15205417248476,0,0.342,2.80389846925687e-23,-0.342
Dpf3,8.3972259921468e-28,-7.26998475865216,0,0.345,1.38100778666846e-23,-0.345
Vamp2,2.23012092035301e-27,-3.64206056680039,0.05,0.397,3.66765686561256e-23,-0.347
Fam161a,6.26907205994678e-28,-5.10614774303702,0.017,0.365,1.03101159097885e-23,-0.348
Ahcyl1,1.15649564109445e-27,-2.51220281062179,0.134,0.482,1.90197273134393e-23,-0.348
Atp8a2,1.78691075873197e-27,-4.21032588745729,0.025,0.374,2.93875343381059e-23,-0.349
Adipor1,3.27365911331235e-37,-2.55145653730594,0.264,0.614,5.38385977775349e-33,-0.35
Pex5l,2.43262819566471e-28,-6.20743883968059,0.004,0.354,4.00070033059018e-24,-0.35
Tnfsf13,5.61143693535937e-28,-4.9239465289971,0.013,0.364,9.22856918389202e-24,-0.351
Hist1h2bc,5.29748988173207e-27,-3.03373836440589,0.046,0.397,8.71225185949656e-23,-0.351
Gucy2f,3.8406605391579e-28,-4.11196096151038,0.033,0.386,6.31635032269908e-24,-0.353
Rorb,3.36595166105669e-29,-6.23213706661423,0.004,0.362,5.53564410177384e-25,-0.358
Ndrg3,6.92264243023338e-30,-3.12210281481319,0.1,0.461,1.13849777407618e-25,-0.361
Pitpnm1,3.0804686360331e-33,-2.56381093780778,0.188,0.549,5.06613871882003e-29,-0.361
Fabp12,1.27019296751419e-29,-4.8370354021634,0.017,0.382,2.08895935437383e-25,-0.365
Scarb1,3.77991071469803e-30,-5.58350377460226,0.008,0.375,6.21644116139237e-26,-0.367
Ebpl,8.96669537293134e-30,-4.46660002736389,0.029,0.396,1.47466272103229e-25,-0.367
Hcn1,2.64766685503514e-30,-4.87700131518166,0.021,0.39,4.35435290979079e-26,-0.369
Cacna2d4,3.52959082472121e-30,-4.80412866564402,0.017,0.387,5.8047650703365e-26,-0.37
Rtbdn,1.35352325018506e-30,-5.9130607937111,0.008,0.38,2.22600433725435e-26,-0.372
Kcnv2,7.57395237290958e-31,-4.93815621329173,0.021,0.395,1.24561220724871e-26,-0.374
Drd4,1.23129046056945e-30,-4.31079796922085,0.033,0.407,2.02498029145252e-26,-0.374
Hsp90aa1,3.83616265729137e-38,-2.58433238975633,0.226,0.603,6.30895310618139e-34,-0.377
Crb1,2.25483655491894e-31,-5.15871381475818,0.017,0.395,3.70830419821968e-27,-0.378
Nxnl1,2.20464548371351e-31,-5.90890717203214,0.008,0.387,3.62575996251524e-27,-0.379
Dpysl3,1.15525981411577e-31,-5.42771548697668,0.013,0.393,1.8999402902948e-27,-0.38
Mapre3,1.1403842977646e-31,-4.63841705895504,0.025,0.406,1.87547601610366e-27,-0.381
Prcd,2.91429874082702e-31,-4.38461470930842,0.025,0.407,4.79285570916411e-27,-0.382
Pcare,8.89530551555653e-32,-6.85934058991424,0.004,0.387,1.46292194508843e-27,-0.383
Ccdc126,2.27099171182811e-32,-5.13039362119964,0.021,0.408,3.73487296927251e-28,-0.387
Kcnb1,2.86432636197046e-32,-5.24067567621455,0.013,0.4,4.71067113489663e-28,-0.387
Ankrd33,6.71121568476633e-33,-5.27484117363559,0.017,0.408,1.10372653151667e-28,-0.391
Tmem229b,7.17908294083123e-33,-4.16343827205203,0.042,0.433,1.1806719804491e-28,-0.391
Arl3,1.39306205084133e-32,-3.78953847393132,0.054,0.445,2.29102984881365e-28,-0.391
Ank2,4.45974847832828e-33,-6.43633916454508,0.004,0.397,7.33450234745868e-29,-0.393
Acsl6,2.19122301956514e-33,-4.5154521325031,0.029,0.425,3.60368537797683e-29,-0.396
Vopp1,8.24706611097483e-34,-3.71860023329078,0.071,0.467,1.35631249261092e-29,-0.396
Msi1,1.8386229795106e-33,-5.86128395348496,0.008,0.404,3.02379935210313e-29,-0.396
Cadm2,1.36302329545188e-33,-4.81821446147082,0.025,0.422,2.24162811170016e-29,-0.397
Egflam,1.29451582813735e-33,-5.05853590253512,0.017,0.416,2.12896073095468e-29,-0.399
Man2a2,2.18217394757727e-34,-2.58224045245227,0.142,0.542,3.58880327418558e-30,-0.4
Pcbp3,4.39224457486862e-34,-5.59465746595705,0.013,0.414,7.22348542782893e-30,-0.401
Scamp5,4.76346687406238e-34,-5.97898090903723,0.008,0.409,7.83399762108299e-30,-0.401
Tspan3,7.09935731693929e-34,-4.21163817728605,0.05,0.451,1.16756030434384e-29,-0.401
Crocc,2.56802677158733e-34,-5.33115858362071,0.017,0.42,4.22337682855252e-30,-0.403
Syp,1.73457082819833e-34,-5.4046041657365,0.017,0.421,2.85267518405498e-30,-0.404
Epb41,2.6444590881318e-44,-2.68005789789686,0.234,0.639,4.34907741634155e-40,-0.405
Pcdh15,3.62451941969212e-34,-4.80259105978055,0.025,0.431,5.96088463762565e-30,-0.406
Slc1a2,5.48150423936837e-35,-5.13692355255852,0.021,0.43,9.01488187206521e-31,-0.409
Arl6,1.69644388722377e-35,-4.75454025147774,0.038,0.448,2.78997161692821e-31,-0.41
Casz1,1.52172826123449e-35,-4.74060207307991,0.025,0.44,2.50263429842624e-31,-0.415
Pla2g7,1.77053055435936e-36,-5.61350051185219,0.013,0.433,2.9118145496994e-32,-0.42
Syt1,1.61594689754017e-36,-5.77450567252673,0.013,0.434,2.65758626769457e-32,-0.421
Ncam1,7.72063103581133e-37,-5.73725902891152,0.013,0.436,1.26973498014953e-32,-0.423
Wdr17,1.29031985091964e-36,-6.8710721362647,0.004,0.427,2.12206002682245e-32,-0.423
Ttyh1,9.67287138571943e-37,-6.9214674207207,0.004,0.428,1.59080042809542e-32,-0.424
Pfkfb2,7.20461008995533e-37,-5.15840772699279,0.021,0.446,1.18487017539405e-32,-0.425
Rp1l1,4.29031852055453e-37,-6.19825469831829,0.008,0.434,7.05585783890398e-33,-0.426
Cnga1,2.09599632501937e-37,-5.2233004656374,0.025,0.452,3.44707555612686e-33,-0.427
Plch2,1.45197216837508e-37,-5.58360441754665,0.013,0.444,2.38791342810966e-33,-0.431
Pitpnm3,2.3083757188149e-38,-5.26445099304786,0.025,0.459,3.79635470716298e-34,-0.434
Dctn1,1.87548521947097e-38,-3.54987656469414,0.067,0.503,3.08442299194196e-34,-0.436
Stx3,9.98532334532186e-39,-5.08778879065244,0.021,0.46,1.64218627737163e-34,-0.439
Vtn,5.65694574832876e-39,-7.12211518778792,0.004,0.446,9.30341297770148e-35,-0.442
Aldoa,1.29917263752096e-42,-2.92042876548952,0.151,0.594,2.13661931966698e-38,-0.443
Mpp4,3.26528994331005e-39,-4.55687579246122,0.025,0.47,5.37009584076771e-35,-0.445
Otx2,8.5898947742477e-40,-6.26714540100436,0.008,0.455,1.41269409457278e-35,-0.447
Gucy2e,1.75872779602837e-40,-5.47167785533651,0.021,0.471,2.89240373334826e-36,-0.45
Ptp4a3,6.39628630645401e-43,-3.37161494181479,0.109,0.56,1.05193324595943e-38,-0.451
Icmt,2.09992613113804e-40,-5.05924043659088,0.021,0.474,3.45353851526962e-36,-0.453
Ptms,1.03456580068408e-42,-3.37278214281838,0.105,0.56,1.70144691580504e-38,-0.455
Hk1,8.99971356331538e-44,-3.91167280946377,0.088,0.545,1.48009289262285e-39,-0.457
Sv2b,6.92215016714189e-42,-5.01309981811239,0.025,0.485,1.13841681648815e-37,-0.46
Impdh1,2.83149927420387e-44,-4.01209294073313,0.084,0.547,4.65668370635569e-40,-0.463
Dlg4,7.90303715528744e-43,-4.02218706248985,0.059,0.522,1.29973349055857e-38,-0.463
Ctbp2,7.5055916093819e-43,-6.27575799847178,0.008,0.478,1.23436959607895e-38,-0.47
Tdrd7,1.46339236296465e-43,-5.59281937619952,0.021,0.493,2.40669508013167e-39,-0.472
Impg1,4.25875852943587e-43,-5.94542429851316,0.013,0.485,7.00395427751023e-39,-0.472
Osbp2,6.8779389505655e-44,-5.75342877604457,0.017,0.492,1.13114583981e-39,-0.475
Snap25,2.05400979049358e-44,-5.26008618225806,0.029,0.507,3.37802450144574e-40,-0.478
Cdhr1,3.03702736913814e-44,-6.37702559237804,0.013,0.492,4.99469521128459e-40,-0.479
Zfp385a,1.63149238740217e-44,-5.26830864832481,0.029,0.509,2.68315238032161e-40,-0.48
Ybx3,2.99859888696769e-46,-4.24681684585651,0.059,0.543,4.93149572950706e-42,-0.484
Grina,1.34847458567513e-49,-3.81462801375482,0.096,0.586,2.21770130360132e-45,-0.49
Elovl4,9.42021084955302e-46,-6.4824791390452,0.013,0.503,1.54924787631749e-41,-0.49
Rdh12,4.20322026059193e-46,-6.13196251922871,0.017,0.508,6.91261604056949e-42,-0.491
Map1b,2.36262283515102e-46,-6.21940367427603,0.017,0.51,3.88556951468937e-42,-0.493
Impg2,3.58109317308817e-47,-5.87833514219213,0.021,0.518,5.8894658324608e-43,-0.497
Samd11,5.18880774982473e-47,-5.07868235610556,0.029,0.528,8.53351322536176e-43,-0.499
Fam169a,2.02316495909123e-47,-6.23311694233876,0.013,0.514,3.32729709172144e-43,-0.501
Tspan7,4.08979171623427e-47,-5.82990792264738,0.013,0.514,6.72607145651888e-43,-0.501
Prom1,7.64549922603969e-48,-5.46328299217281,0.025,0.527,1.25737880271449e-43,-0.502
Mgarp,6.60915519376938e-49,-5.61528960180915,0.033,0.54,1.08694166316731e-44,-0.507
Cplx4,6.91606174379149e-49,-6.2145470156269,0.017,0.528,1.13741551438395e-44,-0.511
Neurod1,2.05792434751127e-48,-8.90719210817623,0,0.513,3.38446238191703e-44,-0.513
C2cd2l,7.56086821361221e-50,-5.69381500559039,0.025,0.54,1.24346038641066e-45,-0.515
Slc38a3,2.58491607411402e-50,-5.14031797958803,0.025,0.544,4.25115297548792e-46,-0.519
Laptm4b,2.5911875841047e-50,-5.75985263110713,0.021,0.54,4.26146710081859e-46,-0.519
Tma7,5.33304406346852e-56,-4.04015397972094,0.121,0.641,8.77072426678032e-52,-0.52
Pcbp4,1.84324840544928e-50,-7.22905557921799,0.004,0.528,3.03140632760189e-46,-0.524
Cadm1,1.26141068811015e-51,-4.88243937404001,0.033,0.562,2.07451601766596e-47,-0.529
Reep6,9.67735163558739e-52,-7.57833640070421,0.008,0.541,1.5915372499887e-47,-0.533
Atp1a3,6.97614267638775e-55,-6.53612041618368,0.017,0.566,1.14729642455873e-50,-0.549
Aipl1,9.96952081681336e-58,-5.05614611277773,0.054,0.605,1.63958739353312e-53,-0.551
Grk1,2.38665149582746e-57,-5.38577756466144,0.042,0.598,3.92508705003784e-53,-0.556
Stxbp1,1.58984323788581e-56,-5.85276793599076,0.025,0.582,2.61465618902701e-52,-0.557
Nr2e3,1.52635865945929e-57,-5.55370146401681,0.029,0.594,2.51024945134675e-53,-0.565
Cngb1,1.84281168452883e-59,-5.35494257451724,0.042,0.609,3.03068809637611e-55,-0.567
Slc6a6,5.05954975694422e-60,-4.28290170238102,0.067,0.635,8.32093553027047e-56,-0.568
Guca1b,1.4486146518076e-59,-5.66798982472935,0.038,0.609,2.38239165636279e-55,-0.571
Gnb5,6.15226949046532e-58,-7.2514056284668,0.008,0.579,1.01180224040193e-53,-0.571
Agpat3,4.17095621916098e-65,-4.15992749890961,0.092,0.672,6.85955459803216e-61,-0.58
Rp1,3.04420617647213e-59,-7.22777629306181,0.008,0.59,5.00650147782607e-55,-0.582
Abca4,9.38163262431691e-63,-4.89417316170636,0.05,0.633,1.54290330139516e-58,-0.583
Crx,8.76087966916472e-62,-5.68087226343116,0.029,0.617,1.44081427039083e-57,-0.588
Gnb1,7.7478025108897e-64,-5.82750016385576,0.054,0.643,1.27420360094092e-59,-0.589
Cpe,7.47190128663662e-61,-7.84860130481765,0.004,0.594,1.22882888560026e-56,-0.59
Plekhb1,2.57726869835768e-62,-5.8951485396901,0.021,0.616,4.23857610131904e-58,-0.595
Epb41l2,2.33250437178341e-63,-5.23496248423083,0.033,0.629,3.836036689835e-59,-0.596
Rs1,2.68897263536616e-63,-7.15799830203016,0.021,0.619,4.42228439612318e-59,-0.598
Rgs9,3.51977012966034e-64,-5.57309120780986,0.025,0.629,5.78861395523939e-60,-0.604
Tulp1,2.64443990310596e-65,-6.63404308087784,0.013,0.627,4.34904586464806e-61,-0.614
Fam57b,3.82855780101766e-67,-5.94769048019645,0.033,0.648,6.29644615955365e-63,-0.615
Clstn1,1.85498070761102e-66,-5.52501029439512,0.029,0.646,3.05070127173708e-62,-0.617
Nrl,3.39550506377686e-67,-8.18769995501148,0.008,0.634,5.58424762788742e-63,-0.626
Gngt1,2.47958592582364e-68,-8.07677480964547,0.017,0.645,4.07792701360955e-64,-0.628
Slc17a7,1.29822924838746e-68,-7.45641497256394,0.017,0.647,2.13506782189802e-64,-0.63
Pde6g,1.20989442424017e-70,-6.52985643029641,0.033,0.669,1.98979237010539e-66,-0.636
Rcvrn,1.66899255678699e-69,-7.29812772807404,0.017,0.654,2.74482515889188e-65,-0.637
Rom1,4.77765522943277e-72,-7.66031298138784,0.033,0.672,7.85733179032513e-68,-0.639
Unc119,2.56272523651868e-71,-6.43046089226397,0.029,0.668,4.21465792397862e-67,-0.639
Pde6b,2.64838534911554e-74,-6.1290745197798,0.042,0.687,4.35553454515541e-70,-0.645
Gnat1,4.21011327843257e-73,-7.49381678023292,0.033,0.68,6.9239522977102e-69,-0.647
Rbp3,3.18075224698243e-74,-7.75252877706988,0.033,0.683,5.2310651453873e-70,-0.65
Prph2,1.48934034704655e-76,-8.1220435998221,0.025,0.69,2.44936913475276e-72,-0.665
Pdc,2.91493026273066e-75,-9.73709342358436,0.008,0.678,4.79389431008685e-71,-0.67
Rho,2.23174374054044e-74,-13.740694582423,0,0.67,3.6703257556928e-70,-0.67
Slc24a1,8.43481131924114e-82,-6.45419436018711,0.033,0.72,1.3871890695624e-77,-0.687
Cst3,1.05135315458257e-77,-4.3884193302553,0.054,0.746,1.7290553980265e-73,-0.692
Atp1b2,5.39089463536908e-99,-7.2416814979946,0.017,0.791,8.86586531732798e-95,-0.774
