,p_val,avg_log2FC,pct.1,pct.2,p_val_adj,pct.1_pct.2
Ctss,0,10.9675523416164,0.98,0.005,0,0.975
Laptm5,0,7.50251752979724,0.972,0.012,0,0.96
Tyrobp,0,6.87438118571319,0.964,0.007,0,0.957
Fcer1g,0,7.44008305167114,0.947,0.015,0,0.932
Mpeg1,0,9.61423741686223,0.913,0.003,0,0.91
Cd53,0,6.33458128655854,0.899,0.012,0,0.887
Unc93b1,0,7.65965766817948,0.885,0.01,0,0.875
Csf1r,0,6.44897029784122,0.924,0.058,0,0.866
Kctd12,0,6.81177304031507,0.874,0.026,0,0.848
Hexb,0,8.16692025000633,0.88,0.039,0,0.841
Plek,0,6.16082619955931,0.86,0.022,0,0.838
Selenop,0,5.81065558622638,0.893,0.056,0,0.837
Pld4,0,9.25008033477432,0.826,0.002,0,0.824
Ctsz,0,5.17058221360161,0.92,0.097,0,0.823
Ly86,0,10.089860314142,0.824,0.002,0,0.822
Itgam,0,8.0103723462722,0.822,0.005,0,0.817
Ly6e,0,5.27328578352613,0.841,0.026,0,0.815
C1qb,0,13.7534588427039,0.814,0,0,0.814
Fcgr3,0,8.5790278502888,0.81,0.003,0,0.807
Cd68,0,7.75083833177362,0.815,0.009,0,0.806
Lyn,0,6.5358017011533,0.818,0.013,0,0.805
Coro1a,0,5.52815537129183,0.818,0.014,0,0.804
C1qa,0,13.0888571597096,0.802,0,0,0.802
Vsir,0,6.97834207552471,0.814,0.013,0,0.801
Slc15a3,0,8.24498973202605,0.805,0.005,0,0.8
Ctsh,0,5.36660546123171,0.835,0.039,0,0.796
B2m,0,4.84191065076709,0.859,0.064,0,0.795
Ucp2,0,3.77227439122876,0.92,0.13,0,0.79
Msn,0,4.25656857781275,0.859,0.069,0,0.79
Grn,0,5.10607882278848,0.882,0.097,0,0.785
Nckap1l,0,7.36923929417958,0.785,0.007,0,0.778
Ncf2,0,6.45492209699111,0.786,0.009,0,0.777
Inpp5d,0,7.18616644755285,0.785,0.009,0,0.776
C1qc,0,12.9227377927423,0.76,0,0,0.76
Irf5,0,8.62877914597628,0.753,0.003,0,0.75
Lcp1,0,5.30116120663884,0.765,0.016,0,0.749
Efhd2,0,4.92446346371893,0.794,0.049,0,0.745
Qk,0,4.04892665049198,0.866,0.123,0,0.743
Cyth4,0,8.06816621209754,0.747,0.005,0,0.742
Itgb2,0,6.74156663057586,0.749,0.008,0,0.741
Pik3ap1,0,7.24045103923093,0.747,0.006,0,0.741
Spi1,0,7.55051171663383,0.744,0.004,0,0.74
Marcks,0,4.13957377699675,0.82,0.081,0,0.739
Gpx1,0,4.25098117466677,0.842,0.105,0,0.737
Cd52,0,5.38231748755322,0.747,0.012,0,0.735
Rap1b,0,4.18072290982786,0.881,0.146,0,0.735
Bin2,0,7.41480729915673,0.742,0.007,0,0.735
Tmsb4x,0,4.63163670950758,0.992,0.26,0,0.732
Aif1,0,11.6752861242259,0.729,0,0,0.729
Fcrls,0,14.1281105480118,0.722,0,0,0.722
Arpc1b,0,5.0039546403866,0.755,0.034,0,0.721
Fyb,0,7.06315745823915,0.72,0.006,0,0.714
Apoe,0,3.42151315036807,0.93,0.218,0,0.712
Rgs10,0,7.88762895107292,0.715,0.005,0,0.71
Srgn,0,4.84978397014787,0.725,0.02,0,0.705
Zfp36,0,4.28537939025854,0.746,0.042,0,0.704
Fam49b,0,3.85969844511531,0.8,0.098,0,0.702
Ncf1,0,5.67357383653519,0.707,0.008,0,0.699
Cd83,0,9.52921482775645,0.702,0.003,0,0.699
Cap1,0,3.41475139371745,0.832,0.134,0,0.698
Apbb1ip,0,6.63895056510571,0.705,0.01,0,0.695
Arhgdib,0,4.93101177313199,0.713,0.022,0,0.691
Cfl1,0,3.12228837029277,0.869,0.179,0,0.69
Ptbp3,0,4.37597635531024,0.735,0.046,0,0.689
Litaf,0,4.87935691509145,0.725,0.037,0,0.688
Mcl1,0,4.33523172026878,0.814,0.128,0,0.686
Cebpb,0,5.05307795361466,0.716,0.031,0,0.685
H2-K1,0,5.09021146342747,0.71,0.026,0,0.684
Anxa3,0,5.68235593165364,0.703,0.02,0,0.683
Sat1,0,3.80116257210016,0.736,0.057,0,0.679
Cyba,0,5.59052409808598,0.7,0.023,0,0.677
Hcls1,0,4.63928430226317,0.719,0.042,0,0.677
Sh3bgrl3,0,4.93328480736542,0.71,0.035,0,0.675
Picalm,0,3.98504873849911,0.76,0.089,0,0.671
Junb,0,4.07649629317515,0.742,0.072,0,0.67
Slc11a1,0,8.21150819494851,0.672,0.003,0,0.669
Cotl1,0,3.05886746963687,0.888,0.22,0,0.668
Cyfip1,0,4.49597183085541,0.724,0.057,0,0.667
Tgfbr1,0,4.84291584682421,0.743,0.078,0,0.665
C3ar1,0,12.8002192446317,0.665,0,0,0.665
Sdcbp,0,2.83059181120798,0.81,0.147,0,0.663
Sirpa,0,3.43428908973444,0.849,0.187,0,0.662
Man2b1,0,3.68378076707062,0.762,0.102,0,0.66
Ctsa,0,3.15587585683177,0.851,0.202,0,0.649
Rel,0,5.86584277858158,0.669,0.021,0,0.648
Itgb5,0,4.0013246551854,0.755,0.107,0,0.648
Npc2,0,2.63295969351547,0.818,0.171,0,0.647
Plekho2,0,5.01935886773788,0.685,0.04,0,0.645
Lyz2,0,9.00480475218865,0.643,0.002,0,0.641
Prex1,0,5.2185495221985,0.662,0.022,0,0.64
Sema4d,0,4.66818574756347,0.683,0.043,0,0.64
Arhgdia,0,3.61560019552793,0.718,0.079,0,0.639
Tnfrsf1b,0,5.98237786711734,0.649,0.011,0,0.638
Rac2,0,4.64945481733923,0.65,0.012,0,0.638
Fau,0,2.69672617176891,0.901,0.265,0,0.636
Zeb2,0,4.21729862864552,0.69,0.054,0,0.636
Tlr2,0,7.96351172600422,0.638,0.004,0,0.634
Prkcd,0,5.87936512236751,0.648,0.015,0,0.633
Abhd12,0,3.42844181434987,0.784,0.153,0,0.631
Selplg,0,6.8986748643642,0.638,0.007,0,0.631
Psap,0,1.59748284356528,0.914,0.284,0,0.63
Cebpa,0,8.2616398050101,0.635,0.005,0,0.63
Dusp1,0,4.02664715959765,0.681,0.052,0,0.629
Klf6,0,4.07997294134091,0.683,0.055,0,0.628
Serinc3,0,3.43300716966892,0.929,0.302,0,0.627
Rnase4,0,5.57430394363699,0.643,0.017,0,0.626
Skil,0,4.4572187902814,0.722,0.098,0,0.624
Itm2b,0,3.03943852134819,0.951,0.327,0,0.624
P2ry12,0,12.3655001478989,0.623,0,0,0.623
Tln1,0,3.62545164273997,0.707,0.084,0,0.623
Nfe2l2,0,4.66464272287496,0.689,0.067,0,0.622
Arrb2,0,4.77649604478468,0.658,0.037,0,0.621
Vav1,0,7.01545988902254,0.624,0.005,0,0.619
Mafb,0,5.59082969306599,0.652,0.035,0,0.617
Otulinl,0,6.89044424898924,0.624,0.007,0,0.617
Cd86,0,8.11711671795662,0.619,0.003,0,0.616
Ptpn6,0,5.73165668056726,0.626,0.013,0,0.613
Nfkbiz,0,5.41432162512962,0.645,0.032,0,0.613
Adgre1,0,9.75213185195745,0.614,0.001,0,0.613
Edem1,0,4.29916519010397,0.663,0.051,0,0.612
Ctsc,0,3.81326952789484,0.718,0.106,0,0.612
Tgif1,0,5.83863045509069,0.629,0.017,0,0.612
Lair1,0,7.97557530644255,0.614,0.004,0,0.61
Rhob,0,5.27951602041937,0.666,0.056,0,0.61
Hexa,0,3.24290480075409,0.734,0.125,0,0.609
Cd9,0,3.13917987557589,0.709,0.102,0,0.607
Dock2,0,5.80017484704807,0.613,0.008,0,0.605
Nfkbia,0,4.42264202039081,0.654,0.053,0,0.601
Mapkapk2,0,3.64798140252478,0.697,0.097,0,0.6
Vasp,0,4.23952993592161,0.638,0.038,0,0.6
C5ar1,0,6.64147721445186,0.604,0.005,0,0.599
Elmo1,0,5.71091180548257,0.614,0.015,0,0.599
Limd2,0,5.01411354178902,0.615,0.019,0,0.596
Atf3,0,4.58201308223568,0.631,0.037,0,0.594
Evi2a,0,8.92657606147644,0.594,0.002,0,0.592
Ptprc,0,5.26390499832644,0.601,0.011,0,0.59
Nlrp3,0,7.03958977486258,0.592,0.004,0,0.588
Arpc2,0,3.61678338080534,0.663,0.076,0,0.587
Rrbp1,0,3.08352408263136,0.698,0.111,0,0.587
Tgfb1,0,5.96858371396239,0.598,0.012,0,0.586
Il10ra,0,7.8581020293446,0.589,0.003,0,0.586
Pfn1,0,3.37142549446776,0.676,0.091,0,0.585
Cdc42,0,2.68563043508845,0.734,0.149,0,0.585
Slfn2,0,5.88857571644011,0.595,0.01,0,0.585
Arpc5,0,3.23647113541979,0.685,0.101,0,0.584
Tcirg1,0,6.03027172025727,0.597,0.013,0,0.584
Ifngr1,0,3.56131734554699,0.666,0.084,0,0.582
Tgfbr2,0,4.02692802786183,0.615,0.034,0,0.581
Bmp2k,0,4.06657707852664,0.644,0.065,0,0.579
Nrros,0,6.39064263071091,0.588,0.011,0,0.577
Ifngr2,0,4.35195773473483,0.614,0.039,0,0.575
Ifi30,0,5.01202402011802,0.603,0.03,0,0.573
Entpd1,0,5.36662730641349,0.583,0.01,0,0.573
F11r,0,5.52584083139233,0.59,0.018,0,0.572
Cd33,0,6.78418019960916,0.575,0.004,0,0.571
Adap2,0,7.10666236031946,0.575,0.004,0,0.571
Cd14,0,8.28420838594512,0.572,0.002,0,0.57
Plxdc2,0,5.5884147204982,0.593,0.024,0,0.569
Marcksl1,0,4.77569266879769,0.639,0.07,0,0.569
Hmox1,0,8.40429937820803,0.579,0.012,0,0.567
Mef2c,0,4.05126012651376,0.615,0.048,0,0.567
Slco2b1,0,6.78229575192836,0.573,0.007,0,0.566
Rab8b,0,3.97883882254892,0.618,0.052,0,0.566
Rnf19b,0,5.16262856534026,0.594,0.031,0,0.563
Ctsb,0,3.21935849739829,0.949,0.386,0,0.563
Gm2a,0,3.32479983419377,0.662,0.104,0,0.558
Arhgap45,0,5.54480275943359,0.567,0.009,0,0.558
Creg1,0,4.28779864658877,0.621,0.064,0,0.557
Icam1,0,5.05005289562933,0.577,0.02,0,0.557
Wsb1,0,3.43835526311917,0.677,0.121,0,0.556
Btg2,0,2.93194651144744,0.714,0.16,0,0.554
Fcgr2b,0,9.05378385763557,0.555,0.002,0,0.553
Bcl2a1b,0,7.17159354832302,0.557,0.004,0,0.553
Il10rb,0,4.90584778555158,0.572,0.021,0,0.551
Lgmn,0,3.38269450581122,0.83,0.282,0,0.548
Cd84,0,6.79598340656505,0.552,0.005,0,0.547
Smap2,0,3.82367303155629,0.612,0.065,0,0.547
Cd300c2,0,8.01779687314684,0.548,0.002,0,0.546
Tpt1,0,2.20215976337408,0.917,0.372,0,0.545
Ier5,0,5.74661718726871,0.564,0.019,0,0.545
Ywhah,0,3.41440675221657,0.628,0.084,0,0.544
Fcgr1,0,12.8392864073004,0.543,0,0,0.543
Kdm6b,0,3.76480993484981,0.662,0.119,0,0.543
Gusb,0,5.26092977032287,0.563,0.02,0,0.543
Tnfrsf1a,0,3.55911714589384,0.605,0.062,0,0.543
Alox5ap,0,6.05191660453842,0.553,0.011,0,0.542
Gpr34,0,11.8204023061984,0.542,0,0,0.542
Skap2,0,5.89565556714216,0.551,0.011,0,0.54
Jund,0,2.74093404182852,0.729,0.189,0,0.54
Cd37,0,5.40842859832817,0.547,0.008,0,0.539
Sqstm1,0,4.26856963442385,0.612,0.073,0,0.539
Rhog,0,4.84159473870676,0.56,0.022,0,0.538
Capzb,0,2.55595030832043,0.703,0.165,0,0.538
Irf8,0,7.2740161704897,0.541,0.004,0,0.537
Nfkb2,0,5.27554078248013,0.557,0.02,0,0.537
Lcp2,0,6.69559623691778,0.542,0.006,0,0.536
Actg1,0,2.4537300362159,0.812,0.276,0,0.536
Syk,0,5.29602398556458,0.544,0.008,0,0.536
Myo1f,0,6.80763080102798,0.54,0.004,0,0.536
Ski,0,3.17415913307291,0.625,0.09,0,0.535
Hpgds,0,9.13764249868709,0.536,0.001,0,0.535
Hck,0,7.45364354678799,0.536,0.003,0,0.533
Lgals9,0,5.2754505196057,0.55,0.017,0,0.533
Csf3r,0,4.31198789058404,0.536,0.006,0,0.53
Abi3,0,6.44179331691191,0.538,0.008,0,0.53
Rgs2,0,4.17659765836159,0.567,0.037,0,0.53
Actr2,0,2.83263324736655,0.641,0.113,0,0.528
Ptgs1,0,5.20422844150892,0.55,0.023,0,0.527
Emp3,0,4.90725024673308,0.553,0.026,0,0.527
Lamp2,0,1.67481883538675,0.785,0.258,0,0.527
Neurl3,0,5.96465417570041,0.533,0.007,0,0.526
Capza2,0,3.39528351975865,0.597,0.071,0,0.526
P2ry6,0,9.07075240021784,0.527,0.001,0,0.526
Plaur,0,6.46339179294263,0.532,0.007,0,0.525
Ifrd1,0,3.59369728731664,0.652,0.127,0,0.525
Mob1a,0,3.1926171230159,0.603,0.081,0,0.522
Fermt3,0,6.8107371550452,0.526,0.005,0,0.521
Ubc,0,3.17859637894723,0.773,0.253,0,0.52
Pycard,0,5.91342466336803,0.528,0.011,0,0.517
Gnai2,0,3.1167427368589,0.582,0.066,0,0.516
Btg1,0,3.29133341323563,0.633,0.117,0,0.516
Ctsd,0,2.06843794826903,0.745,0.23,0,0.515
Ikzf1,0,5.78219542616556,0.522,0.007,0,0.515
Plekho1,0,4.6501167317052,0.538,0.026,0,0.512
Zc3h12a,0,6.06191700662187,0.517,0.01,0,0.507
Atp1b3,0,2.67941223386691,0.58,0.074,0,0.506
Sgpl1,0,3.8250403664485,0.557,0.053,0,0.504
Dusp3,0,3.29862852293596,0.572,0.07,0,0.502
Itm2c,0,2.13493705143712,0.654,0.153,0,0.501
Rnf130,0,3.13051806425371,0.585,0.085,0,0.5
Gdi2,0,2.58210340941775,0.641,0.143,0,0.498
Cmtm6,0,3.73856317630441,0.549,0.052,0,0.497
Nfkb1,0,4.84067284469366,0.521,0.024,0,0.497
Ccr5,0,9.40166147795899,0.497,0.001,0,0.496
Rab3il1,0,4.59249057676567,0.527,0.031,0,0.496
Mknk2,0,3.72139624698783,0.546,0.051,0,0.495
Il1a,0,9.11130872517582,0.495,0.001,0,0.494
Gng10,0,5.1192635555781,0.517,0.023,0,0.494
Sowahc,0,6.3031438285763,0.505,0.012,0,0.493
Irf2bp2,0,2.56486540040615,0.653,0.161,0,0.492
Birc3,0,5.13273043407835,0.506,0.014,0,0.492
Bach1,0,3.7334645369622,0.547,0.057,0,0.49
Ier2,0,2.74102879531065,0.571,0.082,0,0.489
Pim1,0,4.76898838633232,0.511,0.024,0,0.487
Ifnar2,0,4.04801184260802,0.523,0.037,0,0.486
Adam17,0,3.04316467133115,0.573,0.087,0,0.486
Fmnl1,0,5.85244801921048,0.493,0.009,0,0.484
Golm1,0,6.00886906246215,0.495,0.013,0,0.482
Lamp1,0,2.37827200707629,0.661,0.18,0,0.481
Ifi207,0,11.9109652502659,0.479,0,0,0.479
Wdr26,0,2.0489851595834,0.715,0.236,0,0.479
Srgap2,0,4.17424312771626,0.52,0.042,0,0.478
Itga6,0,3.92831558031856,0.515,0.037,0,0.478
Dock10,0,6.01496252618265,0.487,0.009,0,0.478
Ppp1r15a,0,3.43936308127224,0.516,0.04,0,0.476
Klf2,0,3.74423158696509,0.511,0.037,0,0.474
Gna13,0,2.85671839689811,0.586,0.112,0,0.474
Gna12,0,3.2381427098325,0.549,0.078,0,0.471
Lrp1,0,1.04194894008877,0.661,0.19,0,0.471
Map2k3,0,4.12124568346389,0.518,0.047,0,0.471
Tm6sf1,0,6.08669515624261,0.478,0.008,0,0.47
Zyx,0,3.56064738124595,0.514,0.045,0,0.469
Fli1,0,4.46262677920624,0.485,0.016,0,0.469
Tbxas1,0,12.8491661380271,0.467,0,0,0.467
Lmo2,0,5.182821272594,0.476,0.009,0,0.467
Cdkn1a,0,5.79992261900724,0.48,0.013,0,0.467
Ppp1r18,0,4.66954794327293,0.489,0.022,0,0.467
Pde3b,0,5.34350094811705,0.48,0.014,0,0.466
Fth1,0,2.86646121802516,0.949,0.483,0,0.466
Eef1a1,0,2.29446237235704,0.981,0.516,0,0.465
Arpc3,0,3.46005550655539,0.516,0.053,0,0.463
Ccl4,0,9.60882974728086,0.464,0.001,0,0.463
Dock8,0,6.24481662609255,0.468,0.006,0,0.462
Tuba1c,0,3.20465743554776,0.527,0.066,0,0.461
Scamp2,0,3.47842305680687,0.517,0.058,0,0.459
Ctsl,0,2.66008456907961,0.662,0.204,0,0.458
Grb2,0,3.1653443152809,0.527,0.069,0,0.458
Ccl3,0,7.69155597265378,0.459,0.002,0,0.457
Grk2,0,3.2098490396661,0.522,0.065,0,0.457
P2ry13,0,9.32606744777446,0.457,0.001,0,0.456
Tlr7,0,10.9109943477124,0.455,0,0,0.455
Wipf1,0,5.10900503207788,0.47,0.015,0,0.455
Erp29,0,2.67758799532735,0.566,0.111,0,0.455
Maf,0,4.62221548085175,0.487,0.032,0,0.455
Arap1,0,3.06274394619683,0.522,0.068,0,0.454
Ssh2,0,4.06243107335857,0.49,0.036,0,0.454
Gatm,0,8.20077249460155,0.455,0.002,0,0.453
Rela,0,3.39450469113717,0.523,0.07,0,0.453
Ptafr,0,5.76914810893792,0.456,0.004,0,0.452
Snx18,0,3.1640139975101,0.527,0.075,0,0.452
Pabpc1,0,2.45804696701231,0.567,0.117,0,0.45
Tmem119,0,6.53641064297374,0.457,0.008,0,0.449
Sh2b3,0,4.84076830034642,0.465,0.017,0,0.448
Havcr2,0,8.91585956974385,0.448,0.001,0,0.447
Plcg2,0,6.53167605788688,0.451,0.005,0,0.446
Asah1,0,2.72787429439797,0.536,0.092,0,0.444
Ptprj,0,3.8015048463106,0.483,0.04,0,0.443
Ets2,0,4.16388587917851,0.473,0.03,0,0.443
Stx7,0,2.79477645057104,0.529,0.088,0,0.441
Lsp1,0,4.94961093004598,0.461,0.02,0,0.441
Il1b,0,5.87818591541615,0.445,0.005,0,0.44
Shisa5,0,3.51414504121533,0.475,0.035,0,0.44
Lrrfip1,0,4.55280454237466,0.463,0.024,0,0.439
Mertk,0,3.69372618121266,0.496,0.057,0,0.439
Nfkbid,0,5.89122922610623,0.447,0.008,0,0.439
Serpine2,0,2.54169861217938,0.475,0.037,0,0.438
Snx5,0,3.63580596684169,0.484,0.046,0,0.438
Cstb,0,3.39397336579503,0.523,0.086,0,0.437
Nr4a1,0,2.77876200615442,0.568,0.132,0,0.436
Plin2,0,4.58016541181312,0.472,0.037,0,0.435
Tmem176b,0,3.28925748262196,0.521,0.087,0,0.434
Ninj1,0,4.4883384585826,0.458,0.024,0,0.434
Gabarap,0,2.2447520215027,0.565,0.131,0,0.434
Mef2a,0,2.57525106709104,0.553,0.12,0,0.433
Txnip,0,3.00116597676747,0.483,0.05,0,0.433
Cxcl16,0,5.59660316159699,0.45,0.017,0,0.433
Clta,0,1.69286404472915,0.844,0.412,0,0.432
Cttnbp2nl,0,4.1885912806737,0.465,0.034,0,0.431
Brk1,0,2.35264465894855,0.558,0.128,0,0.43
Wnk1,0,1.90119988436537,0.665,0.235,0,0.43
Hexim1,0,2.95742016514958,0.533,0.103,0,0.43
Ivns1abp,0,2.38972057626224,0.669,0.24,0,0.429
Tut7,0,2.58392357323067,0.577,0.148,0,0.429
Hspa8,0,1.76062778644017,0.806,0.378,0,0.428
Il6ra,0,6.85279079168017,0.432,0.004,0,0.428
Camk1,0,4.41957777081325,0.455,0.028,0,0.427
Ighm,0,2.91003991117954,0.433,0.006,0,0.427
Dennd4a,0,2.95604475636045,0.524,0.099,0,0.425
Fos,0,1.56323860435062,0.544,0.119,0,0.425
Hpgd,0,6.95405375530085,0.43,0.005,0,0.425
Clic1,0,4.25396602179463,0.451,0.026,0,0.425
Siglech,0,11.364844400946,0.424,0,0,0.424
Ccnl1,0,2.16523801903363,0.685,0.264,0,0.421
Jpt1,0,2.82793446900501,0.506,0.085,0,0.421
Cd180,0,8.33502009099813,0.422,0.001,0,0.421
Fmnl3,0,4.64877125975794,0.441,0.02,0,0.421
Abca1,0,2.96576766915236,0.521,0.103,0,0.418
Daglb,0,2.70151901494746,0.513,0.095,0,0.418
Wasf2,0,3.54302639800169,0.459,0.044,0,0.415
Psme1,0,3.51573386382944,0.464,0.049,0,0.415
Ptpn1,0,3.14541299417861,0.478,0.064,0,0.414
Eif4a1,0,2.52461826734929,0.538,0.125,0,0.413
Tspan14,0,3.42239652279656,0.459,0.046,0,0.413
Tfe3,0,3.40860754419418,0.471,0.058,0,0.413
Zfand5,0,2.17007363010475,0.655,0.244,0,0.411
Pde4b,0,3.42394328133589,0.469,0.058,0,0.411
Lag3,0,5.58958796580794,0.427,0.016,0,0.411
Rhoa,0,2.44967102066215,0.517,0.107,0,0.41
Rab31,0,4.12891841345158,0.437,0.028,0,0.409
Dgkz,0,3.47115865443709,0.456,0.048,0,0.408
Pcna,0,2.59886772012076,0.527,0.119,0,0.408
Spata13,0,4.54925333780264,0.43,0.022,0,0.408
Tor1aip1,0,2.05077273077298,0.577,0.169,0,0.408
Ndel1,0,2.61132131327709,0.519,0.112,0,0.407
Eef1b2,0,2.51923652873021,0.507,0.101,0,0.406
Bst2,0,4.32589369994254,0.444,0.038,0,0.406
Cd74,0,5.90942752951086,0.41,0.004,0,0.406
Rnf149,0,3.59477206076003,0.455,0.05,0,0.405
Pla2g15,0,3.94055906982955,0.442,0.038,0,0.404
Ostf1,0,3.83636703384742,0.436,0.032,0,0.404
Sf3b1,0,1.59506548202195,0.662,0.259,0,0.403
Sertad1,0,4.12149316524525,0.433,0.03,0,0.403
Arsb,0,4.08214364022554,0.449,0.046,0,0.403
Igsf6,0,5.53214981462068,0.407,0.004,0,0.403
Herpud1,0,3.19409025791038,0.5,0.1,0,0.4
Jun,0,2.62577455411235,0.565,0.165,0,0.4
Trem2,0,11.7916536793719,0.399,0,0,0.399
Pkn1,0,2.43670389136562,0.498,0.1,0,0.398
Nfam1,0,5.89962262772513,0.401,0.004,0,0.397
Tpm4,0,3.00803052464991,0.433,0.037,0,0.396
Cltc,0,1.80396163788054,0.605,0.209,0,0.396
Fosl2,0,3.86080768493489,0.425,0.029,0,0.396
Wdr1,0,2.08683389436628,0.543,0.148,0,0.395
Axl,0,3.51925644722013,0.43,0.035,0,0.395
Sall1,0,9.67175955521533,0.396,0.001,0,0.395
Lrrc25,0,7.07106128508737,0.397,0.003,0,0.394
Midn,0,2.79977860706286,0.49,0.096,0,0.394
Rack1,0,2.08671450040113,0.541,0.148,0,0.393
Tsc22d3,0,3.42653581440379,0.444,0.051,0,0.393
Frmd4a,0,4.19515894594257,0.422,0.03,0,0.392
Stat6,0,3.88743721806169,0.422,0.03,0,0.392
Slc8a1,0,4.19365229076752,0.41,0.018,0,0.392
Ncoa3,0,3.16962353954874,0.443,0.052,0,0.391
Cmtm7,0,5.72864220191153,0.399,0.008,0,0.391
Rab32,0,5.1348960410484,0.401,0.01,0,0.391
Adam15,0,3.97240423217317,0.417,0.026,0,0.391
Stk17b,0,3.52601130036324,0.43,0.04,0,0.39
M6pr,0,2.54271951741143,0.489,0.1,0,0.389
Fes,0,5.64613516255783,0.397,0.008,0,0.389
Rasgef1b,0,3.57245825369819,0.448,0.061,0,0.387
Fgd2,0,7.56875866439131,0.389,0.002,0,0.387
Rab20,0,4.72673948154664,0.409,0.022,0,0.387
Cd63,0,1.49681321677754,0.574,0.187,0,0.387
Sbno2,0,3.37532084883003,0.435,0.049,0,0.386
Txnrd1,0,3.67479136881802,0.448,0.062,0,0.386
Abca9,0,6.59615519125574,0.39,0.005,0,0.385
Ppp1r9b,0,2.52683293137913,0.47,0.085,0,0.385
Lgals3bp,0,2.29039721403847,0.49,0.106,0,0.384
Gpr84,0,7.11699333301708,0.39,0.006,0,0.384
Pfkfb3,0,4.81942814750832,0.404,0.021,0,0.383
Rassf2,0,4.66045893352778,0.399,0.017,0,0.382
Lilrb4a,0,6.82663011356528,0.384,0.003,0,0.381
Id2,0,3.09747233338438,0.486,0.105,0,0.381
Pnp,0,3.77439877719931,0.415,0.034,0,0.381
Ppp1r10,0,2.89463581617086,0.5,0.119,0,0.381
Lat2,0,6.43195291727178,0.385,0.005,0,0.38
Atp6v0c,0,1.42916661101418,0.732,0.352,0,0.38
Rassf4,0,5.09052491787713,0.392,0.013,0,0.379
Tcn2,0,1.42204554310628,0.542,0.164,0,0.378
Plxnb2,0,1.17676196612556,0.576,0.198,0,0.378
Ehd4,0,2.69198310621936,0.472,0.095,0,0.377
Itgb1,0,2.01222185711227,0.473,0.096,0,0.377
Lst1,0,5.80152392339595,0.382,0.005,0,0.377
Vps26a,0,2.51556307088878,0.477,0.101,0,0.376
Slc39a1,0,2.32139331209081,0.468,0.093,0,0.375
Bcl10,0,3.68709836077235,0.411,0.037,0,0.374
Nfkbib,0,3.62316393090208,0.412,0.04,0,0.372
Myd88,0,3.72139439172143,0.406,0.034,0,0.372
Atox1,0,2.18101266784969,0.497,0.125,0,0.372
Lgals3,0,7.36112543866045,0.38,0.008,0,0.372
Ptk2b,0,5.39567447591378,0.38,0.008,0,0.372
Tnf,0,6.28996361103632,0.373,0.003,0,0.37
Vamp8,0,1.54128981704583,0.502,0.133,0,0.369
Pik3cg,0,6.97647435952408,0.372,0.003,0,0.369
Basp1,0,1.78354099677326,0.513,0.144,0,0.369
Abi1,0,1.90455291658426,0.515,0.147,0,0.368
Ier3,0,2.89327341491036,0.508,0.141,0,0.367
Egr1,0,1.66612431037787,0.531,0.164,0,0.367
Actr3,0,2.71904670649626,0.447,0.081,0,0.366
Cfh,0,0.737887782685558,0.521,0.155,0,0.366
Sparc,0,1.41859807619152,0.594,0.228,0,0.366
Glud1,0,2.40724089539618,0.473,0.107,0,0.366
Itga5,0,5.43682937207044,0.379,0.013,0,0.366
Arf6,0,2.86678684248527,0.436,0.071,0,0.365
Gnas,0,1.40604404291998,0.584,0.22,0,0.364
Ell2,0,4.48610520010917,0.389,0.025,0,0.364
Slc38a2,0,2.50671501008853,0.452,0.088,0,0.364
Sh3glb1,0,1.22348082720098,0.668,0.305,0,0.363
Fnbp1,0,2.51492239817556,0.45,0.087,0,0.363
Gns,0,1.40448482664436,0.601,0.238,0,0.363
Akr1a1,0,1.24829413173186,0.724,0.362,0,0.362
Irak2,0,3.86493213097283,0.39,0.028,0,0.362
Rlim,0,2.27436445405271,0.479,0.118,0,0.361
Cd48,0,6.82858082790561,0.363,0.003,0,0.36
Per1,0,1.99818993447116,0.522,0.163,0,0.359
Nabp1,0,4.98873782248078,0.372,0.014,0,0.358
Erbin,0,2.03769413442886,0.509,0.152,0,0.357
Rab5c,0,1.7166914736911,0.541,0.185,0,0.356
Rp2,0,3.31282051281055,0.401,0.045,0,0.356
Arhgap30,0,5.80289537404864,0.362,0.006,0,0.356
Nab1,0,3.3076879610842,0.401,0.046,0,0.355
Ptbp1,0,2.29947693776753,0.461,0.106,0,0.355
H2-D1,0,4.8126470111525,0.369,0.014,0,0.355
Zfp36l2,0,1.95606475927726,0.528,0.174,0,0.354
Rab1a,0,1.30884185333112,0.662,0.309,0,0.353
Tns3,0,3.05063042631687,0.407,0.054,0,0.353
Csf2rb,0,6.34575800091447,0.357,0.004,0,0.353
Kpna4,0,2.14553963106027,0.481,0.129,0,0.352
Rbpj,0,2.76144342291541,0.434,0.082,0,0.352
Git2,0,2.46523944533608,0.438,0.086,0,0.352
Ywhag,0,1.88069252044066,0.493,0.141,0,0.352
Ccni,0,1.64964385508403,0.558,0.208,0,0.35
Mfsd1,0,3.46014406804944,0.392,0.042,0,0.35
Fam102b,0,3.39327632947181,0.397,0.047,0,0.35
Klf3,0,3.1172648912791,0.399,0.049,0,0.35
Ttyh3,0,2.10855719704992,0.432,0.082,0,0.35
Cd300a,0,6.3473289531248,0.354,0.004,0,0.35
Tsc22d2,0,2.72922497020612,0.452,0.103,0,0.349
Cdc42se1,0,3.3682990118393,0.389,0.04,0,0.349
Tmem176a,0,3.35863952605495,0.402,0.053,0,0.349
Arpc4,0,3.04936169189378,0.4,0.052,0,0.348
Prdx5,0,2.03471797608406,0.538,0.19,0,0.348
Lpcat2,0,2.41610155121965,0.443,0.096,0,0.347
Fam91a1,0,2.32142449011676,0.448,0.101,0,0.347
Gadd45b,0,3.01797822609581,0.418,0.072,0,0.346
Ankrd13a,0,2.75427461787806,0.409,0.064,0,0.345
Akt1,0,1.9516029777421,0.478,0.133,0,0.345
Ms4a6d,0,11.6484440372767,0.345,0,0,0.345
Pip4k2a,0,4.83606882697129,0.357,0.013,0,0.344
Pik3cd,0,4.99522065613468,0.353,0.009,0,0.344
Ssr4,0,2.50667289835656,0.43,0.086,0,0.344
Cbfb,0,2.50897649070301,0.425,0.082,0,0.343
Csk,0,2.72597610008612,0.406,0.064,0,0.342
Pdcd6ip,0,2.00298052768884,0.459,0.118,0,0.341
Zmiz1,0,2.75336340796502,0.396,0.055,0,0.341
Trf,1.16829493714527e-270,-2.09407467692361,0.519,0.178,1.92137785362912e-266,0.341
Clint1,0,2.42790741541128,0.423,0.082,0,0.341
Ehbp1l1,0,5.29006889717703,0.351,0.01,0,0.341
Was,0,5.83906907854169,0.347,0.006,0,0.341
Adcy7,0,5.36048978575739,0.347,0.008,0,0.339
Stat3,0,1.7539589235803,0.504,0.165,0,0.339
Adgrg1,0,6.50362219935287,0.343,0.005,0,0.338
Timp2,0,1.98398543752608,0.461,0.123,0,0.338
Ube2f,0,2.50879621461664,0.435,0.097,0,0.338
Pag1,0,4.34854835122965,0.358,0.02,0,0.338
Tnfrsf21,0,4.32712177074765,0.354,0.016,0,0.338
Mapre1,0,1.57758224827744,0.496,0.159,0,0.337
Prcp,0,3.78866348374629,0.361,0.024,0,0.337
Samsn1,0,3.51968455171062,0.372,0.036,0,0.336
Il4ra,0,5.00224880939688,0.347,0.011,0,0.336
Tkt,0,2.35849458914682,0.427,0.091,0,0.336
Cd81,0,2.296096509527,0.669,0.334,0,0.335
Lyl1,0,6.46786170797075,0.339,0.004,0,0.335
Mylip,0,3.06762594850517,0.391,0.056,0,0.335
Sun2,0,3.32909553632874,0.376,0.041,0,0.335
Ldb1,0,2.04097780876513,0.453,0.118,0,0.335
Il21r,0,6.04024596135041,0.338,0.004,0,0.334
Samhd1,0,3.54924682481932,0.387,0.054,0,0.333
Hsd17b11,0,2.37583411393104,0.406,0.073,0,0.333
Rcbtb2,0,3.49427881884356,0.377,0.044,0,0.333
Sla,0,5.82922770828506,0.338,0.005,0,0.333
Hsp90ab1,0,1.99621835874557,0.464,0.131,0,0.333
Etf1,0,3.00016012786511,0.391,0.058,0,0.333
Tpst2,0,3.7608007662244,0.362,0.029,0,0.333
Glmp,0,1.83723267311344,0.466,0.134,0,0.332
Tacc1,0,2.79240527878502,0.391,0.059,0,0.332
Ccrl2,0,4.97704335104889,0.338,0.006,0,0.332
Plk3,0,5.20197405631581,0.34,0.009,0,0.331
Myl12a,0,2.55698973372144,0.39,0.059,0,0.331
Evl,0,1.85014388980446,0.473,0.142,0,0.331
Sh3bp2,0,6.31889559038089,0.335,0.005,0,0.33
Ddx21,0,2.2333070346619,0.431,0.102,0,0.329
Arl4c,0,5.70631742050806,0.335,0.007,0,0.328
Dst,0,2.95111321467408,0.387,0.06,0,0.327
Rassf5,0,5.34232515900337,0.335,0.008,0,0.327
Rap1a,0,1.95178195832605,0.455,0.128,0,0.327
Retreg1,0,3.46075443814084,0.36,0.033,0,0.327
Flna,0,2.77797802944426,0.412,0.085,0,0.327
Il17ra,0,4.92006773271112,0.339,0.013,0,0.326
Rasal3,0,6.01645592508489,0.33,0.004,0,0.326
Fbrs,0,1.92475077911932,0.467,0.142,0,0.325
Pnrc1,0,1.26339428005389,0.632,0.307,0,0.325
Psmb8,0,5.2020975431219,0.334,0.009,0,0.325
Nadk,0,2.92979607593379,0.393,0.069,0,0.324
Bcl6,0,2.9869700295387,0.389,0.065,0,0.324
Map3k8,0,5.17867935625138,0.333,0.01,0,0.323
Cybb,0,8.65066818681776,0.324,0.001,0,0.323
Tagln2,0,3.10383711830852,0.358,0.036,0,0.322
Pgd,0,2.62942281637786,0.406,0.084,0,0.322
Zfp703,0,4.03705392286168,0.344,0.022,0,0.322
Ptpro,0,5.54875298300313,0.328,0.007,0,0.321
Arhgap17,0,2.76128964206563,0.385,0.064,0,0.321
Snx20,0,5.39416815089243,0.327,0.006,0,0.321
Calm1,0,1.32689520136747,0.507,0.186,0,0.321
Pmaip1,0,6.2131436057304,0.325,0.004,0,0.321
Brd2,0,2.0404166099434,0.474,0.153,0,0.321
Ptpn18,0,5.56942747671652,0.327,0.007,0,0.32
Anxa5,0,2.4785034260221,0.392,0.072,0,0.32
Trib1,0,2.26620627928694,0.456,0.136,0,0.32
Pitpna,0,1.2447489246062,0.542,0.223,0,0.319
Bzw1,0,1.49449001706395,0.507,0.188,0,0.319
Jmjd1c,0,1.84829342089685,0.556,0.238,0,0.318
Pmepa1,0,2.63671305365028,0.377,0.059,0,0.318
Plau,0,8.22969722959925,0.321,0.003,0,0.318
Ccdc88b,0,5.56897081775956,0.324,0.006,0,0.318
Tlr13,0,7.91570941302365,0.319,0.001,0,0.318
Lacc1,0,7.60078863615227,0.319,0.002,0,0.317
Csf2ra,0,2.75035934226769,0.379,0.062,0,0.317
Map7d1,0,2.33763791611807,0.409,0.092,0,0.317
Bri3,0,1.61755837542337,0.486,0.169,0,0.317
Arf4,0,1.60628784098114,0.47,0.153,0,0.317
Nuak2,0,4.43177448497536,0.335,0.019,0,0.316
Tnfaip8l2,0,6.74700976431704,0.319,0.003,0,0.316
Vamp3,0,2.08273758864502,0.422,0.106,0,0.316
Abcc3,0,10.270113907927,0.316,0,0,0.316
Dazap2,0,2.47319302155461,0.39,0.074,0,0.316
Pid1,0,3.39508822606613,0.353,0.038,0,0.315
Arhgap25,0,6.57342814226709,0.319,0.004,0,0.315
Atp6v0e,0,2.03966059831835,0.417,0.102,0,0.315
Cd34,0,2.22019596644444,0.334,0.02,0,0.314
Clic4,0,3.19277026519513,0.352,0.038,0,0.314
Bcl3,0,3.42096627256467,0.35,0.036,0,0.314
Man1a,0,1.72790098461277,0.418,0.104,0,0.314
Mlec,0,2.25561434827022,0.404,0.091,0,0.313
Jak1,0,1.83010597129869,0.441,0.128,0,0.313
Cmklr1,0,6.20587632686918,0.317,0.004,0,0.313
Fosb,0,1.69623811920427,0.386,0.073,0,0.313
Elf1,0,3.24131571550268,0.349,0.036,0,0.313
Il13ra1,0,4.88761254459946,0.323,0.01,0,0.313
Myo1c,0,3.72300357063012,0.336,0.025,0,0.311
Slc29a3,0,5.48041677437362,0.318,0.008,0,0.31
Sipa1,0,4.0982433649119,0.328,0.019,0,0.309
Dusp5,0,2.78030974600471,0.412,0.103,0,0.309
Tnfaip8,0,4.98333946971255,0.319,0.011,0,0.308
Bcl2l11,0,2.98742242857453,0.362,0.055,0,0.307
Oser1,0,2.55536608148417,0.381,0.074,0,0.307
Pdgfb,0,5.7028552753953,0.313,0.006,0,0.307
Pros1,0,3.75054730307205,0.333,0.026,0,0.307
Lipa,0,3.17889792529969,0.359,0.052,0,0.307
Ophn1,0,4.76879272156307,0.32,0.013,0,0.307
Coq10b,0,2.81761404061939,0.359,0.053,0,0.306
Ralb,0,3.80630979999124,0.329,0.023,0,0.306
Cd44,0,4.24260393026708,0.334,0.029,0,0.305
Rrad,0,6.81362836962915,0.31,0.005,0,0.305
Crem,0,3.16379851601986,0.358,0.053,0,0.305
Sppl2a,0,2.30766597104444,0.385,0.081,0,0.304
Scarb2,0,1.7854467234344,0.431,0.127,0,0.304
Zfp710,0,5.057366219884,0.314,0.01,0,0.304
Smcr8,0,2.78840161816754,0.363,0.059,0,0.304
Dock4,0,5.30152526351167,0.313,0.009,0,0.304
Slc3a2,0,1.27874365842555,0.575,0.271,0,0.304
Dnm2,0,2.07741285432022,0.399,0.097,0,0.302
Scpep1,0,1.65786155807867,0.415,0.113,0,0.302
Rab7,0,1.80692268143594,0.427,0.126,0,0.301
Reep3,0,2.348715874235,0.378,0.077,0,0.301
Gsap,0,3.80195546426015,0.322,0.022,0,0.3
Ubash3b,0,5.41539095745196,0.307,0.007,0,0.3
Baz1a,0,5.8552875452574,0.305,0.005,0,0.3
BC005537,0,1.30327874664607,0.757,0.457,0,0.3
Csrnp1,0,4.01400669972468,0.316,0.017,0,0.299
Pde1b,0,3.67880326838694,0.325,0.026,0,0.299
Smox,0,3.12919233679052,0.34,0.042,0,0.298
Nab2,0,5.11871214434836,0.311,0.013,0,0.298
Ubl3,1.9565287932768e-289,1.20301293942652,0.555,0.258,3.21770725342302e-285,0.297
Hspa5,0,1.47758773692583,0.486,0.189,0,0.297
Lfng,0,3.02355538943332,0.33,0.034,0,0.296
Dbnl,0,2.07821023767898,0.402,0.106,0,0.296
Vmp1,0,1.8922019085822,0.437,0.141,0,0.296
Map1lc3b,1.51969028988567e-295,1.20031834363049,0.533,0.237,2.49928265074598e-291,0.296
Epn1,0,1.3733452596752,0.498,0.202,0,0.296
Tpp2,0,2.32953511961303,0.379,0.084,0,0.295
Ccl9,0,7.77968103770581,0.297,0.002,0,0.295
Naip2,0,8.38141925117779,0.296,0.001,0,0.295
Dtx4,0,3.75121264392895,0.319,0.024,0,0.295
Rab11fip5,0,3.29024785791753,0.334,0.04,0,0.294
Nfya,0,2.47544897521364,0.392,0.098,0,0.294
Mgat4a,0,5.5257054939371,0.301,0.007,0,0.294
Klf4,0,3.07874571337038,0.32,0.026,0,0.294
Fxyd5,0,4.26639281578912,0.308,0.014,0,0.294
Tab2,0,1.67912525541727,0.433,0.139,0,0.294
Nav3,0,5.69515891145492,0.302,0.008,0,0.294
Osm,0,7.55420175283324,0.295,0.001,0,0.294
Tmem63a,0,4.31311323778688,0.311,0.018,0,0.293
Zfhx3,0,4.55517148821436,0.307,0.014,0,0.293
Stk10,0,5.06614720058074,0.305,0.012,0,0.293
Ltc4s,0,7.14944722681625,0.294,0.002,0,0.292
Tmem50a,0,1.53645023489169,0.457,0.166,0,0.291
Adam10,0,1.87776003775255,0.406,0.115,0,0.291
Hdlbp,0,1.57247509577753,0.475,0.185,0,0.29
Rgs1,0,7.95000773622461,0.292,0.002,0,0.29
Gltp,0,3.99246356127373,0.311,0.021,0,0.29
Asph,0,2.03399222442475,0.393,0.104,0,0.289
Tgfbi,0,4.72480020433945,0.304,0.015,0,0.289
Sdc3,0,1.90741154800352,0.431,0.143,0,0.288
Soga1,0,3.79439647844774,0.314,0.026,0,0.288
Gsdmd,0,5.64306310746693,0.294,0.006,0,0.288
Cmtm3,0,4.33088931695308,0.303,0.016,0,0.287
Csnk1e,0,2.0572348852041,0.386,0.1,0,0.286
Gna15,0,8.3243843501219,0.287,0.001,0,0.286
Clk1,5.05127298074225e-261,1.17761931406091,0.611,0.325,8.3073235441287e-257,0.286
Aup1,0,1.54219906054009,0.439,0.154,0,0.285
Pnpla7,0,3.88051491048786,0.306,0.021,0,0.285
H2afz,0,2.60004188396916,0.366,0.081,0,0.285
Gsto1,0,3.26649787851175,0.293,0.008,0,0.285
Dpysl2,0,1.71011991295633,0.405,0.121,0,0.284
Cxcr4,0,4.06552286170322,0.306,0.022,0,0.284
Cpd,0,2.3771868195238,0.372,0.089,0,0.283
Vav2,0,4.82758974439389,0.294,0.011,0,0.283
Spint1,0,7.39466561075597,0.285,0.002,0,0.283
Twf2,0,4.86884959997547,0.293,0.01,0,0.283
Trim8,0,2.3008084395699,0.368,0.085,0,0.283
Colgalt1,0,2.10330544517153,0.372,0.09,0,0.282
Klf10,0,3.20837061592522,0.327,0.045,0,0.282
Trim25,0,2.99503279833807,0.353,0.071,0,0.282
Runx1,0,6.31382550392867,0.286,0.004,0,0.282
Sh2b2,0,5.9370438913421,0.285,0.004,0,0.281
Fcgrt,0,3.48554866489947,0.319,0.039,0,0.28
Tnfaip3,0,1.96425492928255,0.484,0.205,0,0.279
Ripk1,0,3.109473110287,0.318,0.039,0,0.279
Zc3hav1,0,4.0794639487561,0.292,0.013,0,0.279
Cmip,0,2.10312215502875,0.369,0.091,0,0.278
H2-DMa,0,6.91909351977712,0.281,0.003,0,0.278
Slc35b2,0,2.60542543614292,0.343,0.065,0,0.278
Rgs19,0,5.13109516435655,0.286,0.008,0,0.278
Pak2,3.99865277366439e-293,1.26332431861826,0.472,0.194,6.57618435156845e-289,0.278
Mapk14,0,2.00254025977199,0.377,0.1,0,0.277
Reep5,0,1.91065467703642,0.376,0.099,0,0.277
Gcnt1,0,5.93827013976695,0.281,0.004,0,0.277
Rcsd1,0,4.24496798338352,0.289,0.012,0,0.277
Tanc2,0,5.07948466864869,0.287,0.01,0,0.277
Zfp992,0,4.11076675865219,0.294,0.018,0,0.276
Tmem86a,0,2.11249143912165,0.375,0.1,0,0.275
Abr,0,2.48331607367401,0.334,0.059,0,0.275
Gpsm3,0,2.46600502554735,0.333,0.058,0,0.275
Tent5c,0,4.895628710415,0.287,0.012,0,0.275
Necap2,0,2.80746634194084,0.322,0.049,0,0.273
Mapk3,0,2.3156393345906,0.346,0.073,0,0.273
Cebpg,0,2.12500639764666,0.361,0.089,0,0.272
Tm9sf3,4.44296854324375e-225,0.982800732188619,0.522,0.25,7.30690606621866e-221,0.272
Rtcb,0,1.84111842387817,0.407,0.135,0,0.272
Lims1,0,1.74785003381373,0.389,0.118,0,0.271
Diaph2,0,3.03085528832954,0.308,0.037,0,0.271
Eif1,4.32373789291767e-294,1.37275356213308,0.464,0.193,7.1108193386924e-290,0.271
Aim2,0,7.36969676615325,0.272,0.002,0,0.27
Fchsd2,0,2.54428189897051,0.341,0.071,0,0.27
Abcd1,0,3.50980809393609,0.295,0.026,0,0.269
Commd8,0,2.03025934329646,0.359,0.091,0,0.268
Derl1,0,1.623836716462,0.399,0.131,0,0.268
Naa50,0,2.02793969750397,0.367,0.099,0,0.268
Snx3,1.31725841537857e-276,1.31162645375331,0.466,0.198,2.1663631899316e-272,0.268
Egr2,0,3.06991339315288,0.284,0.016,0,0.268
Ccl12,0,10.6786191512158,0.267,0,0,0.267
Snx2,0,2.14664020011792,0.392,0.125,0,0.267
Wdr81,0,3.61991805802966,0.293,0.026,0,0.267
P2rx4,0,4.91917389798413,0.276,0.01,0,0.266
Vwa5a,0,3.32771207507003,0.297,0.031,0,0.266
Plcl2,0,4.83941401264186,0.275,0.009,0,0.266
Cd82,1.32378011151498e-290,0.956541684228861,0.407,0.141,2.17708877139753e-286,0.266
Rnpep,0,2.96195253010661,0.306,0.041,0,0.265
Tatdn2,0,1.7736542092101,0.384,0.119,0,0.265
Spty2d1,0,2.43338862370964,0.334,0.069,0,0.265
Stab1,0,6.36342577297735,0.27,0.005,0,0.265
Snx29,0,1.51263888105047,0.419,0.154,0,0.265
Ntpcr,0,3.68350871066295,0.288,0.023,0,0.265
Arhgef1,0,1.90492060317651,0.362,0.098,0,0.264
Slc7a8,0,1.70121451661192,0.395,0.131,0,0.264
Irf1,0,2.71151188347781,0.293,0.029,0,0.264
Prkcb,0,3.08144055023585,0.294,0.031,0,0.263
Tmod3,0,2.25629822424516,0.325,0.062,0,0.263
Rap1gds1,0,1.52091480486875,0.403,0.141,0,0.262
Gramd1a,0,2.8130054268954,0.313,0.051,0,0.262
Sipa1l2,0,2.33627732292043,0.33,0.068,0,0.262
Lrrc59,0,1.88644431021735,0.374,0.112,0,0.262
Rilpl2,0,3.66368320318757,0.291,0.03,0,0.261
Pirb,0,6.06157447079092,0.265,0.004,0,0.261
Dnajb1,0,1.96686458003794,0.365,0.104,0,0.261
Socs3,0,3.11731905171214,0.291,0.03,0,0.261
Zswim6,0,2.89336484299301,0.304,0.043,0,0.261
Pdia3,3.55421479966509e-270,1.24236286864497,0.439,0.178,5.84526165952921e-266,0.261
Ifi204,0,8.32991148895002,0.261,0.001,0,0.26
Bcl2l1,0,1.97952222537394,0.381,0.121,0,0.26
Rragc,0,1.95226615360722,0.368,0.108,0,0.26
Zfp36l1,0,2.07150934855423,0.319,0.059,0,0.26
Crybb1,0,6.20067092026568,0.261,0.002,0,0.259
Iqgap1,0,2.75747070637072,0.359,0.1,0,0.259
Pmp22,0,2.07459680716191,0.365,0.106,0,0.259
Ifnar1,0,1.88442738453277,0.36,0.101,0,0.259
Ifitm3,0,4.15161825559632,0.286,0.027,0,0.259
Hebp1,0,4.82882343553368,0.269,0.011,0,0.258
Rab14,2.13702783979044e-202,0.959322074995131,0.532,0.274,3.51455598531935e-198,0.258
Atp6v1f,0,1.57052673726033,0.393,0.136,0,0.257
Clec4a3,0,11.1995549973691,0.257,0,0,0.257
Ccl6,0,6.11581921694748,0.259,0.002,0,0.257
Slc16a3,0,2.75878773057681,0.347,0.09,0,0.257
Dab2,0,5.8477216811683,0.271,0.014,0,0.257
Tbc1d22a,0,2.31150398492523,0.321,0.064,0,0.257
Relb,0,5.12041926238678,0.264,0.008,0,0.256
Erf,0,2.79675369128622,0.306,0.05,0,0.256
Ctla2b,0,7.35908866658727,0.258,0.002,0,0.256
Hnrnpa2b1,1.62105526481141e-195,0.89025287488895,0.65,0.394,2.66598748850885e-191,0.256
Itprid2,0,1.70057957637382,0.386,0.131,0,0.255
Tbc1d9,0,2.76077148973098,0.302,0.047,0,0.255
Elk3,0,3.6499657094034,0.274,0.019,0,0.255
Ncf4,0,5.65263072942475,0.26,0.005,0,0.255
Gnai3,0,1.68761925733967,0.367,0.113,0,0.254
Ptpre,0,6.07337089825477,0.258,0.004,0,0.254
Npm1,0,2.05006102628887,0.342,0.088,0,0.254
Pcf11,1.17388795209776e-255,1.37554233035531,0.467,0.213,1.93057612601998e-251,0.254
Tnfrsf11a,0,9.10030686527963,0.253,0,0,0.253
Arl5c,0,5.63449162985148,0.259,0.006,0,0.253
Atp6v1c1,0,1.58678711134782,0.392,0.139,0,0.253
Vim,0,2.49347055967085,0.343,0.091,0,0.252
Cdk9,0,2.0176281576332,0.337,0.085,0,0.252
Apobec1,0,6.25591783620534,0.256,0.004,0,0.252
Lpl,0,6.59205552724213,0.257,0.005,0,0.252
Ap3b1,0,1.83142827003875,0.349,0.097,0,0.252
B4galt5,0,4.37145722401769,0.268,0.017,0,0.251
Tmem189,0,2.86073097755994,0.296,0.045,0,0.251
Rab43,0,1.66951241486669,0.388,0.137,0,0.251
Akap13,0,2.12425304728561,0.325,0.074,0,0.251
Fgd3,0,5.22803002475245,0.257,0.006,0,0.251
Ldhb,7.19198421781493e-262,1.26923810628094,0.424,0.173,1.18279372446184e-257,0.251
Map4k4,0,1.68641759917034,0.359,0.109,0,0.25
Psenen,0,1.50007363613031,0.383,0.133,0,0.25
Elf4,0,5.51567378459436,0.256,0.006,0,0.25
Srsf9,1.00731262662171e-253,1.26893588577027,0.428,0.178,1.65662634574206e-249,0.25
Rnf213,0,4.296651547567,0.267,0.018,0,0.249
Myh9,0,3.10108420525485,0.278,0.029,0,0.249
Adrb2,0,3.68997458464754,0.279,0.03,0,0.249
Tram1,1.37637801016955e-214,1.07626851107764,0.469,0.22,2.26359127552484e-210,0.249
Arl5b,0,2.24771881981588,0.337,0.089,0,0.248
Ifitm2,0,2.97939123114043,0.326,0.078,0,0.248
Mtus1,0,2.23387283537273,0.324,0.076,0,0.248
Eloa,7.11320761631936e-305,1.50942570830478,0.387,0.139,1.16983812457988e-300,0.248
Ube2d3,0,1.67438287188586,0.363,0.116,0,0.247
Calm2,9.34431560178458e-250,1.26454739098428,0.427,0.18,1.53676614386949e-245,0.247
Abracl,0,3.75017704339573,0.265,0.019,0,0.246
Cux1,6.7503986275043e-213,1.07860282838617,0.463,0.217,1.11017055827936e-208,0.246
Gtf2h2,0,2.62933948986239,0.3,0.054,0,0.246
Morf4l1,8.70229882883144e-201,1.00246933371381,0.473,0.227,1.43118006538962e-196,0.246
Acer3,0,3.63681512845198,0.267,0.022,0,0.245
Nek7,0,1.59509966041194,0.364,0.119,0,0.245
Leprot,0,2.70751797540802,0.291,0.046,0,0.245
Arl8b,0,1.62622033352808,0.37,0.125,0,0.245
Sh3bp1,0,5.24975033616805,0.252,0.007,0,0.245
Jdp2,0,3.24965927939751,0.284,0.039,0,0.245
Ppp4c,0,2.02383826648517,0.325,0.081,0,0.244
Smad7,0,3.11836436373332,0.28,0.037,0,0.243
Man2b2,0,1.45135782937422,0.36,0.117,0,0.243
Apobec3,0,4.66862163948355,0.252,0.009,0,0.243
Acsl5,0,4.13369678736727,0.258,0.015,0,0.243
Hfe,0,3.40079386797993,0.271,0.029,0,0.242
Myo1g,0,5.44530016416106,0.251,0.009,0,0.242
Btf3,0,1.55396424448657,0.368,0.126,0,0.242
Rnaset2a,0,2.8526904402289,0.279,0.038,0,0.241
Pld3,0,2.11388085694959,0.358,0.117,0,0.241
Tmem104,0,2.78560236524822,0.285,0.044,0,0.241
Arhgef6,0,4.89397827540858,0.25,0.009,0,0.241
Gngt2,0,2.4329706458041,0.274,0.034,0,0.24
Lap3,0,3.26233550163758,0.27,0.031,0,0.239
Jup,0,2.96948485048041,0.266,0.027,0,0.239
Dusp6,0,1.93786324851563,0.324,0.085,0,0.239
Prdx1,0,2.59378249172269,0.34,0.102,0,0.238
Maff,0,2.58147726074543,0.256,0.018,0,0.238
Ehd1,0,3.18530971851383,0.272,0.034,0,0.238
Xbp1,1.9293746813665e-265,1.47039642794268,0.394,0.156,3.17304960097535e-261,0.238
Dennd4b,0,2.55225677782917,0.287,0.049,0,0.238
Nrp1,0,2.81892530514749,0.265,0.028,0,0.237
Chd4,8.04152477785838e-282,1.61462103834995,0.384,0.147,1.32250916496659e-277,0.237
Dusp16,0,3.17178352455781,0.267,0.031,0,0.236
Cst3,0,0.845442488831191,0.968,0.732,0,0.236
Dnajb9,0,2.25975485579535,0.319,0.083,0,0.236
Psen1,0,1.69913055852623,0.341,0.106,0,0.235
Ankrd44,0,3.05437283820333,0.265,0.03,0,0.235
Slc43a2,0,2.44556079012887,0.293,0.058,0,0.235
Nmt1,1.2480912299131e-233,1.26584543038309,0.407,0.172,2.05261083671508e-229,0.235
Ints6l,0,2.74227184531038,0.28,0.046,0,0.234
Fkbp15,0,1.85732119961596,0.321,0.087,0,0.234
Srsf2,2.04336224003159e-284,1.53806670188779,0.369,0.135,3.36051353995596e-280,0.234
Ubap2l,7.40541771790411e-210,1.13896943641684,0.431,0.197,1.21789499788651e-205,0.234
Sdf2l1,0,3.20207336973131,0.265,0.032,0,0.233
Akirin1,0,2.06920104896773,0.31,0.077,0,0.233
Nup98,0,1.65217590641144,0.35,0.117,0,0.233
Trp53,0,2.99539404270207,0.266,0.034,0,0.232
Fnip1,3.82146188160162e-264,1.47932015951086,0.375,0.143,6.28477621048202e-260,0.232
Vps37b,5.39996127090435e-256,1.36958021393266,0.389,0.157,8.8807763061293e-252,0.232
N4bp1,0,1.97045575157233,0.324,0.093,0,0.231
Zfand3,8.24639519556492e-305,1.56450623718528,0.341,0.111,1.35620215386261e-300,0.23
Mlxip,0,3.51313784609488,0.251,0.021,0,0.23
Tmcc3,0,2.88506065215893,0.265,0.035,0,0.23
Rheb,9.86546521463157e-254,1.39752494527527,0.376,0.146,1.62247440919831e-249,0.23
Ppp1r15b,0,2.28549594382428,0.292,0.062,0,0.23
Lhfpl2,0,2.16085933864543,0.306,0.076,0,0.23
Atp6ap2,3.48198775954337e-161,0.84955396878935,0.477,0.247,5.72647706934503e-157,0.23
Rbms1,0,2.33176886148989,0.287,0.058,0,0.229
Bax,4.9955259817231e-308,1.67803229021216,0.34,0.112,8.2156420295418e-304,0.228
Tmed7,8.21080803896631e-193,1.03019433781488,0.422,0.194,1.3503494900884e-188,0.228
Cggbp1,1.13839771801391e-216,1.24223570119017,0.401,0.174,1.87220888704568e-212,0.227
Lnpep,3.34912232869184e-207,1.15374349613045,0.405,0.178,5.50796658176661e-203,0.227
Capns1,0,1.64981439483021,0.328,0.101,0,0.227
Acap2,0,1.66085191648624,0.326,0.099,0,0.227
Sik1,0,3.28114380303754,0.257,0.03,0,0.227
Comt,0,2.02133797690612,0.304,0.077,0,0.227
Arl8a,0,1.70802028536297,0.331,0.105,0,0.226
Ulk2,0,2.0118950036776,0.305,0.079,0,0.226
Tox4,0,1.93128617223952,0.309,0.084,0,0.225
Rhoq,0,1.95341610002378,0.302,0.077,0,0.225
Akna,0,1.77618172903423,0.317,0.093,0,0.224
Tle3,0,2.74665918753665,0.263,0.039,0,0.224
Usp8,1.9939115505705e-262,1.42150017683513,0.35,0.126,3.27918693606824e-258,0.224
Sgk1,2.71757247775293e-197,1.15791193007629,0.391,0.168,4.46931969691247e-193,0.223
Hmox2,0,2.00662583793835,0.301,0.078,0,0.223
Gnb2,8.85922367705882e-248,1.36790289434481,0.359,0.136,1.45698792592909e-243,0.223
Myo5a,0,2.03530337807798,0.296,0.074,0,0.222
Rsu1,0,2.44690871275926,0.269,0.048,0,0.221
Spag9,4.72290601186912e-212,1.28095687820402,0.394,0.173,7.76729122711996e-208,0.221
Nucb1,8.56987592981581e-187,0.923532040222674,0.391,0.17,1.40940179541751e-182,0.221
Stx4a,0,2.36032179156976,0.272,0.052,0,0.22
Srxn1,0,3.49441852570393,0.252,0.032,0,0.22
Sri,0,1.93813684269636,0.294,0.074,0,0.22
Cndp2,0,2.45286594870342,0.271,0.052,0,0.219
Tgoln1,7.92417757630497e-281,1.60182675838873,0.332,0.113,1.30321024419912e-276,0.219
Surf4,1.84383259972827e-222,1.31211223107842,0.373,0.154,3.03236709351312e-218,0.219
Acox3,0,2.12590815448814,0.286,0.067,0,0.219
Znrf2,0,2.09247534545957,0.283,0.064,0,0.219
Ints6,1.68265289589361e-306,2.01455799305939,0.325,0.107,2.76729095258663e-302,0.218
Stk40,0,1.97495855321191,0.31,0.092,0,0.218
Hnrnpab,0,1.79831127968724,0.313,0.095,0,0.218
Asap1,0,2.18763580215932,0.276,0.059,0,0.217
Irak1,0,2.2659951406351,0.272,0.056,0,0.216
Capza1,3.93995799804469e-300,1.63489385395549,0.316,0.1,6.47965492358429e-296,0.216
Ppp2ca,1.83985709394264e-145,0.861353802037465,0.472,0.256,3.02582897669807e-141,0.216
Tapbp,1.29784541191707e-297,1.65171147888253,0.313,0.098,2.13443656443881e-293,0.215
Dram2,0,2.17248413543376,0.275,0.061,0,0.214
Dhx40,0,2.6215029217221,0.276,0.062,0,0.214
Etv5,0,2.05636967110846,0.276,0.062,0,0.214
Rnf4,2.90001416621332e-252,1.47710819753513,0.338,0.124,4.76936329775442e-248,0.214
Tiparp,0,2.22975831348626,0.29,0.076,0,0.214
Bud31,1.49278243169945e-288,1.71532143839287,0.315,0.102,2.45502998717292e-284,0.213
Aldh2,1.51822750890259e-224,1.28633724374214,0.343,0.131,2.49687696114121e-220,0.212
Phyhd1,2.07635204459665e-206,1.38816190194237,0.387,0.175,3.41476857254366e-202,0.212
Arih2,4.77204623217548e-214,1.34410470078519,0.366,0.154,7.8481072334358e-210,0.212
Susd6,0,1.99548528033315,0.284,0.072,0,0.212
Cnppd1,0,2.40190260480045,0.262,0.051,0,0.211
Dnaja1,4.97651674360579e-194,1.27378680933539,0.381,0.17,8.18437943653408e-190,0.211
Ube2d2a,3.67139646436245e-125,0.734500728270574,0.49,0.279,6.03797862529049e-121,0.211
Lrp5,0,1.98337389942952,0.273,0.064,0,0.209
Serf2,1.14130178797625e-186,1.18916055374596,0.379,0.17,1.87698492050575e-182,0.209
Naca,8.190081781897e-197,1.18841660266972,0.361,0.153,1.34694084985078e-192,0.208
Acp2,0,2.17251313236632,0.265,0.058,0,0.207
Cbl,0,2.09623589439322,0.269,0.062,0,0.207
Rasgrp3,0,2.0975092896012,0.259,0.052,0,0.207
Ppia,2.46503434130023e-305,1.69638700838092,0.295,0.088,4.05399547770236e-301,0.207
Sfpq,2.76212593394278e-155,1.02198675359095,0.438,0.231,4.5425923109623e-151,0.207
Anxa2,0,2.3804458278267,0.266,0.06,0,0.206
Snx17,2.12484698693386e-266,1.60584614660309,0.31,0.104,3.49452335471142e-262,0.206
St3gal5,0,2.18111808137925,0.263,0.058,0,0.205
Brd4,3.5453517272246e-151,0.933098781813797,0.412,0.207,5.83068545059358e-147,0.205
Rab35,0,2.29933668079595,0.257,0.053,0,0.204
Mgat2,0,2.16316756860541,0.264,0.06,0,0.204
Kbtbd2,2.11346023909759e-275,1.68179006841548,0.302,0.098,3.4757967092199e-271,0.204
Mt1,4.69869957753018e-80,-0.838376679058887,0.411,0.207,7.72748132520613e-76,0.204
Insig1,0,2.27863121477323,0.272,0.069,0,0.203
Sra1,4.04505260504853e-267,1.74834074294957,0.307,0.104,6.65249351426281e-263,0.203
Eps15,0,1.93720824001693,0.281,0.079,0,0.202
Slbp,0,2.52815926486183,0.25,0.048,0,0.202
Slc15a4,0,2.25379346650687,0.258,0.056,0,0.202
Tmem184b,0,2.03110596015321,0.263,0.061,0,0.202
Atp8a1,1.80556313070285e-231,1.42581366978901,0.318,0.116,2.96942912475391e-227,0.202
Foxn3,0,2.02282691457361,0.257,0.056,0,0.201
Tor1aip2,1.1263101101697e-213,1.37620143867702,0.332,0.131,1.8523296071851e-209,0.201
Tra2b,1.45614450627309e-206,1.37661224833502,0.341,0.14,2.39477525501672e-202,0.201
Usp25,3.81294941823692e-307,1.78660911305253,0.283,0.082,6.27077661323244e-303,0.201
Ccdc50,0,2.24200109090701,0.254,0.054,0,0.2
Kras,1.92373211628427e-156,1.04675258493002,0.396,0.196,3.16376983844111e-152,0.2
Sub1,1.52615491876079e-288,1.77774948510303,0.288,0.088,2.50991437939399e-284,0.2
Ddx5,9.64311157406235e-94,0.5143024055884,0.674,0.475,1.58590612947029e-89,0.199
Ncstn,1.81266186735847e-221,1.37142992532348,0.315,0.116,2.98110370705774e-217,0.199
Lrch4,6.51310444765665e-154,0.966756270686242,0.38,0.181,1.07114515746161e-149,0.199
Ppib,3.45327765775633e-142,0.947522551507838,0.404,0.206,5.67926043594606e-138,0.198
Peli1,1.50379402214012e-216,1.47116970926573,0.321,0.123,2.47313964881164e-212,0.198
Macf1,2.17629576328922e-105,0.607497923436491,0.482,0.284,3.57913601230545e-101,0.198
Sde2,0,1.94316362803658,0.27,0.073,0,0.197
Pomp,1.02465282893793e-219,1.43263063243332,0.314,0.117,1.68514404247132e-215,0.197
Hnrnpk,1.53122099045616e-99,0.617575824091631,0.532,0.335,2.51824604090421e-95,0.197
Fus,1.82843832156135e-122,0.833851718890215,0.455,0.259,3.00704966363979e-118,0.196
Plgrkt,7.28494551269544e-277,1.71098603989698,0.285,0.089,1.19808213901789e-272,0.196
Nras,6.94905383338353e-259,1.62283134731555,0.291,0.095,1.14284139343826e-254,0.196
Galnt1,1.87176107437191e-168,1.09693779297903,0.356,0.16,3.07829826291205e-164,0.196
Slc25a3,6.00803489108181e-112,0.713188224501545,0.469,0.273,9.88081418187315e-108,0.196
Rnh1,0,1.9955646467207,0.269,0.074,0,0.195
Rbm3,1.02068850395825e-284,1.73688497842287,0.279,0.084,1.67862431360974e-280,0.195
Mia2,1.75521992226337e-242,1.52000390691468,0.298,0.103,2.88663468415434e-238,0.195
Bag1,8.52499189313785e-202,1.35940746388514,0.325,0.13,1.40202016674545e-197,0.195
Abl2,1.3001233380483e-297,2.00173404723049,0.274,0.081,2.13818284175424e-293,0.193
Extl3,1.12372071817141e-229,1.52392403475224,0.301,0.108,1.8480710931047e-225,0.193
Ubn1,5.99889929685591e-249,1.62155362267556,0.289,0.096,9.86578978360922e-245,0.193
Lpin2,1.16172639919604e-200,1.54400475214208,0.327,0.135,1.9105752361178e-196,0.192
Cd47,1.29249796853075e-154,1.29365081171384,0.401,0.21,2.12564215904567e-150,0.191
Cep170,0,2.04708647682036,0.251,0.06,0,0.191
Mex3c,1.12885000261108e-230,1.70067266099216,0.299,0.108,1.85650671429418e-226,0.191
Fam117b,1.52618826440929e-251,1.66396274834265,0.286,0.095,2.50996921964752e-247,0.191
Kdm7a,5.20308552854253e-203,1.45612873236133,0.314,0.124,8.55699446024105e-199,0.19
Trpc4ap,8.66725789980358e-164,1.1043694224232,0.344,0.154,1.4254172342017e-159,0.19
Tank,0,2.00349161102072,0.259,0.07,0,0.189
Taldo1,5.60020173451503e-114,0.820261851687779,0.422,0.233,9.21009177258341e-110,0.189
Ddx6,3.60655475992016e-83,0.51617190618451,0.55,0.362,5.93133995816469e-79,0.188
Ube2b,5.92269882568126e-132,0.926792111247554,0.394,0.206,9.74047048871540e-128,0.188
Pip4p1,1.92576306081268e-165,1.16844294332133,0.337,0.15,3.16710992981253e-161,0.187
Naga,1.12948968244114e-206,1.4918643669334,0.3,0.114,1.8575587317427e-202,0.186
Eif3f,5.01062096482137e-131,0.929070204987047,0.384,0.198,8.24046723874522e-127,0.186
Ddost,3.72363979612901e-159,1.11063193751687,0.336,0.151,6.12389800871378e-155,0.185
Hsd17b4,2.75265839633797e-266,1.71465959900435,0.265,0.08,4.52702199861743e-262,0.185
Arf1,3.3174120065821e-126,0.86951531006443,0.377,0.192,5.45581578602493e-122,0.185
Ist1,4.59919850229282e-125,0.903089944621888,0.391,0.207,7.56384185687077e-121,0.184
Tspo,0,1.97116617683396,0.25,0.066,0,0.184
Tbk1,4.1712970155144e-288,1.79873712483107,0.255,0.071,6.86011507171499e-284,0.184
Rnasek,6.85952407957842e-127,0.923889275004751,0.385,0.201,1.12811733012747e-122,0.184
Eif4e2,9.4153132203307e-237,1.55695754754261,0.272,0.089,1.54844241221559e-232,0.183
Sec11c,1.88048285812603e-276,1.79676214906098,0.258,0.075,3.09264210847407e-272,0.183
Gmfb,4.17216619765332e-183,1.31830031951614,0.303,0.121,6.86154452866065e-179,0.182
Heca,2.5387286611383e-237,1.57174498062011,0.269,0.088,4.17519315610805e-233,0.181
Pip5k1c,8.62029078005352e-193,1.32682554810534,0.292,0.111,1.4176930216876e-188,0.181
Ctnnb1,1.03726260990776e-94,0.621087378329477,0.438,0.258,1.70588208825431e-90,0.18
St3gal6,4.42220103473977e-270,1.65753077241183,0.251,0.072,7.27275182173302e-266,0.179
Cox7a2l,5.72223430259642e-128,0.97880751875021,0.367,0.188,9.41078653405008e-124,0.179
Ythdf3,9.34544810842773e-105,0.748428671567696,0.411,0.232,1.53695239591202e-100,0.179
Syncrip,1.06877991281668e-104,0.754639709236219,0.411,0.233,1.75771544461832e-100,0.178
Gtf2b,2.70085763415274e-226,1.68587014729842,0.268,0.091,4.44183046512759e-222,0.177
Washc2,5.57653391410269e-217,1.5401276536248,0.27,0.093,9.17116767513328e-213,0.177
Fbxw11,7.90150992948852e-179,1.36602570884933,0.3,0.123,1.29948232300368e-174,0.177
Ilk,1.08849923463824e-142,1.0149734867871,0.325,0.149,1.79014584128604e-138,0.176
P4hb,5.20688704527361e-131,1.02249899458592,0.348,0.172,8.56324643465697e-127,0.176
Mpc1,4.45257846275383e-180,1.38755230278327,0.291,0.116,7.32271053984494e-176,0.175
Fbxo11,1.77603284924178e-142,1.11643615010101,0.323,0.15,2.92086362386303e-138,0.173
Psma1,1.09482412188018e-158,1.19508135581663,0.299,0.127,1.80054775084415e-154,0.172
Hnrnpul1,7.88459909377044e-83,0.616289847010829,0.451,0.279,1.29670116696149e-78,0.172
Eif3k,8.83359385899685e-127,0.994958616428443,0.339,0.168,1.45277284605062e-122,0.171
Numb,3.96120242752635e-217,1.67026126077942,0.258,0.088,6.51459351230983e-213,0.17
Hmgcl,3.04743516485901e-210,1.52511711537192,0.257,0.087,5.01181187212713e-206,0.17
Eef2,1.30349848191691e-94,0.70233444526159,0.398,0.228,2.14373360336056e-90,0.17
Arl6ip5,4.81199614251274e-160,1.24260352981774,0.292,0.122,7.91380885597645e-156,0.17
Nptn,9.1065387880862e-85,0.63381932851734,0.431,0.261,1.49766136908866e-80,0.17
Atp6v0b,9.42952082958103e-59,0.388558647259907,0.526,0.357,1.5507789956329e-54,0.169
Arhgef2,1.65341298454272e-120,0.876442383083845,0.332,0.163,2.71920299437896e-116,0.169
Spred1,1.89858566281403e-214,1.47160378222737,0.252,0.083,3.12241398106396e-210,0.169
Gnaq,1.59734518679249e-189,1.38999239920343,0.265,0.097,2.62699389419892e-185,0.168
Rab8a,2.60230367362251e-166,1.28225084711864,0.28,0.113,4.27974862163958e-162,0.167
Zfp384,2.08742412330564e-187,1.47294655126572,0.265,0.098,3.43297771318845e-183,0.167
Tbl1xr1,4.47424956293749e-135,1.04722872604686,0.312,0.145,7.358350831207e-131,0.167
Npc1,6.51767404158444e-137,1.0860642601715,0.307,0.14,1.07189667287898e-132,0.167
Ppt1,1.27594844359736e-112,1.03846650448976,0.349,0.182,2.09842481034022e-108,0.167
Golph3,2.26218951033164e-159,1.24456247065016,0.284,0.118,3.72039686869142e-155,0.166
Myl12b,5.80529192922755e-154,1.29803851055394,0.291,0.125,9.54738310680763e-150,0.166
Eif4ebp2,2.91197964489356e-195,1.47389532424711,0.255,0.09,4.78904172399194e-191,0.165
B4galt1,3.86257427913697e-89,0.680996463384768,0.39,0.225,6.35238965946866e-85,0.165
Atp6v1d,1.73360739506848e-109,0.879566432836788,0.345,0.18,2.85109072192962e-105,0.165
Trir,2.01859823980868e-97,0.757533441951061,0.367,0.202,3.31978666518935e-93,0.165
H3f3a,4.40198918834329e-90,0.80860584977829,0.439,0.274,7.23951141914937e-86,0.165
Vps18,1.32256866660143e-195,1.56521216593952,0.253,0.089,2.17509642909271e-191,0.164
Top1,1.38422402566538e-111,0.970633182899827,0.354,0.19,2.27649483260928e-107,0.164
Ywhab,5.45039812626165e-104,0.806916266678253,0.344,0.18,8.96372475844991e-100,0.164
Aph1a,3.08224089847754e-173,1.3873240874111,0.265,0.102,5.06905338163616e-169,0.163
Ppp6r1,7.66659373278865e-117,0.944855207654499,0.323,0.16,1.26084800529442e-112,0.163
Uvrag,7.91100144004895e-170,1.36640608892646,0.264,0.102,1.30104329683045e-165,0.162
Ube2a,9.75217876278331e-169,1.33631149680684,0.264,0.102,1.60384331932734e-164,0.162
Ss18,4.66961804554523e-165,1.30404875780202,0.267,0.105,7.67965383770369e-161,0.162
Ciao2a,3.33129357255564e-180,1.45674126393626,0.259,0.097,5.478645409425e-176,0.162
Eif5a,6.26053300255564e-165,1.3723356551276,0.267,0.106,1.0296072576003e-160,0.161
Stk38,4.45642667505235e-157,1.34542775139011,0.275,0.114,7.32903930979109e-153,0.161
Impact,3.02755482186259e-157,1.46833181986571,0.273,0.113,4.97911666003521e-153,0.16
Zbtb7a,2.93643920292481e-183,1.42699340112706,0.25,0.09,4.82926791313014e-179,0.16
Ykt6,2.97397532060314e-175,1.459939312264,0.255,0.095,4.89099981226392e-171,0.16
Atp6v0d1,4.65296031441136e-85,0.707000452494693,0.383,0.223,7.65225853308093e-81,0.16
Csnk1d,1.69083279996505e-121,1.04506615088607,0.306,0.147,2.78074362282252e-117,0.159
Hnrnpf,7.11676695536166e-89,0.737026752357203,0.375,0.216,1.17042349347878e-84,0.159
Sypl,5.92352758486896e-135,1.07164176900103,0.282,0.124,9.74183346607549e-131,0.158
Dlgap4,6.79651139507584e-125,1.07666019543304,0.297,0.139,1.11775426403417e-120,0.158
Rnf44,1.24532598119816e-143,1.19367003789053,0.27,0.114,2.04806310867849e-139,0.156
Ik,3.33002257959518e-89,0.772391523886445,0.361,0.205,5.47655513440223e-85,0.156
Dnajb6,7.17345901871629e-98,0.860621946262069,0.334,0.179,1.17974707021808e-93,0.155
Xrn2,6.60931932081181e-129,1.084294547291,0.277,0.123,1.08696865550071e-124,0.154
Snd1,4.47300608025767e-103,0.889938710182694,0.319,0.165,7.35630579959177e-99,0.154
Chd1,5.54883304626594e-123,1.0457870316073,0.287,0.133,9.12561082788897e-119,0.154
Sept2,3.7565640831563e-121,1.06823163978689,0.288,0.134,6.17804529115885e-117,0.154
Nxf1,2.15581076036751e-95,0.829733716436605,0.331,0.178,3.54544637650041e-91,0.153
Edem2,9.86712964558122e-159,1.37416356612736,0.251,0.098,1.62274814151229e-154,0.153
Morf4l2,9.40831298288838e-117,1.0228995276644,0.295,0.142,1.54729115316582e-112,0.153
Nsd3,1.35713950597026e-73,0.598526536474642,0.387,0.234,2.23195163151869e-69,0.153
Fuca1,4.52934709525138e-144,1.20262781629604,0.258,0.106,7.44896423285041e-140,0.152
Nup153,4.57759190067594e-138,1.22866870332672,0.266,0.114,7.52830763985165e-134,0.152
Cept1,1.69018132418757e-153,1.31207046968401,0.25,0.098,2.77967220575887e-149,0.152
Ppp1r12a,1.77208865484305e-105,0.879936048784816,0.303,0.151,2.91437700175488e-101,0.152
Igbp1,2.96502829517361e-136,1.21376140559218,0.265,0.114,4.87628553424253e-132,0.151
Chmp4b,8.76568609876758e-131,1.161055957595,0.269,0.118,1.44160473580332e-126,0.151
Hnrnpa1,3.25948022415812e-102,0.967362633462574,0.313,0.163,5.36054117665045e-98,0.15
Rab5a,6.16518247453016e-85,0.752846600971618,0.348,0.198,1.01392590976123e-80,0.15
Osbpl9,1.30286784564898e-129,1.14611558609609,0.264,0.115,2.14269645895431e-125,0.149
Sfr1,2.84823776407872e-121,1.12349534047929,0.278,0.129,4.68421182680387e-117,0.149
Hbp1,5.2098951858886e-117,1.04753599728088,0.281,0.132,8.5681936227124e-113,0.149
Furin,1.74837232805706e-109,0.996080617705087,0.291,0.142,2.87537313072264e-105,0.149
Atp6ap1,3.42343659259403e-51,0.337049283941026,0.422,0.273,5.63018382018014e-47,0.149
Mvb12b,2.83406717430404e-122,1.12173909162755,0.271,0.123,4.66090687486043e-118,0.148
Nufip2,1.04630230326434e-94,0.938964545907945,0.318,0.171,1.72074876794854e-90,0.147
U2af2,6.76864632249183e-65,0.578607508039428,0.39,0.245,1.11317157419701e-60,0.145
Lrp10,1.48383103937795e-125,1.08044393546536,0.252,0.108,2.44030852736098e-121,0.144
Lamtor3,6.09040930864185e-121,1.14369347012347,0.263,0.119,1.00162871489924e-116,0.144
Sod1,1.57106894752656e-86,0.819092008601605,0.316,0.172,2.58377999110218e-82,0.144
Pum2,1.5268380451728e-57,0.490376430338027,0.407,0.263,2.51103784909119e-53,0.144
Szrd1,1.339513731335e-105,1.0064008457851,0.275,0.132,2.20296428255354e-101,0.143
Hipk1,1.1684036656527e-83,0.783185208001379,0.32,0.177,1.92155666853243e-79,0.143
Bnip2,1.11055714930532e-81,0.740798365168271,0.317,0.174,1.82642228774753e-77,0.143
Hk2,3.12590776348268e-80,0.750760342641074,0.33,0.187,5.14086790782361e-76,0.143
Rab5if,1.21935280500772e-90,0.855808368041881,0.304,0.161,2.00534762311569e-86,0.143
Copa,2.21481934343472e-69,0.652205156322033,0.368,0.225,3.64249189221274e-65,0.143
Wdr83os,4.37282063548958e-113,1.05172875576945,0.263,0.121,7.19154081712616e-109,0.142
Ascc3,1.0563076516954e-104,0.987035057373659,0.271,0.13,1.73720356397826e-100,0.141
Tmed2,3.65697949265133e-102,1.02721714260069,0.278,0.137,6.01426847361438e-98,0.141
Ap2b1,2.30140120035997e-99,0.957641846147388,0.282,0.141,3.784884414112e-95,0.141
Smarca5,4.28502149920856e-119,1.12365555517087,0.251,0.111,7.0471463575984e-115,0.14
Ddit3,2.18964496261106e-118,1.11556271643688,0.259,0.119,3.60109010551015e-114,0.14
Azin1,1.26739494702326e-77,0.759612192238772,0.33,0.19,2.08435772987445e-73,0.14
Mtmr6,9.93379124834659e-86,0.773197021232557,0.301,0.161,1.63371130870308e-81,0.14
March7,1.8122945631869e-77,0.728571788671899,0.322,0.183,2.98049963861717e-73,0.139
Dennd5a,1.09677476534788e-68,0.638986269857289,0.342,0.203,1.80375577909113e-64,0.139
Ncl,3.2388071678046e-67,0.655335683419642,0.354,0.215,5.32654226817145e-63,0.139
Ranbp2,9.43049613278625e-58,0.52542902374213,0.387,0.249,1.55093939399803e-53,0.138
Pcbp1,2.09579783402737e-80,0.783673342876539,0.305,0.167,3.44674911784141e-76,0.138
Bcap31,5.7556370336921e-102,0.96607669430899,0.261,0.124,9.46572066561003e-98,0.137
Stxbp2,3.42549223207618e-99,0.856103067611613,0.26,0.123,5.63356452487249e-95,0.137
Glyr1,6.09158486353181e-76,0.738545279041656,0.313,0.176,1.00182204665644e-71,0.137
Srsf7,1.78692088313814e-75,0.785741745881503,0.33,0.193,2.93877008440898e-71,0.137
Flcn,9.7158882299742e-58,0.54812001866975,0.391,0.254,1.59787497830156e-53,0.137
Itch,8.66702650737849e-111,1.10604909993152,0.25,0.114,1.42537917940347e-106,0.136
Ube2q1,2.03466332162071e-95,0.909980058088904,0.266,0.13,3.34620729873742e-91,0.136
Use1,1.8566919453699e-75,0.737391639205164,0.311,0.175,3.05351557335534e-71,0.136
Tmbim6,1.04961504028136e-45,0.393868239660119,0.418,0.283,1.72619689524673e-41,0.135
Ppp2r5a,8.32970434777612e-98,1.38610915802293,0.28,0.146,1.36990317703526e-93,0.134
Senp2,4.12473786502712e-104,1.0879215903492,0.253,0.119,6.7835438928236e-100,0.134
Calr,3.50621240533226e-55,0.554606488437149,0.389,0.255,5.76631692180944e-51,0.134
Kdelr1,3.06102065178512e-75,0.720847182965374,0.302,0.168,5.03415456392581e-71,0.134
Acly,5.18260587588627e-44,0.389144107265194,0.423,0.29,8.52331362348256e-40,0.133
Ppp4r2,2.38477389568064e-82,0.861697473845425,0.282,0.15,3.92199914883638e-78,0.132
Snu13,3.16311101499367e-90,0.953808663526233,0.258,0.129,5.2020523752586e-86,0.129
Ptpra,5.48166494093043e-72,0.750481632273759,0.293,0.164,9.01514616185419e-68,0.129
Lman2,1.61000529287688e-78,0.83216341935841,0.276,0.148,2.64781470466532e-74,0.128
Ctdsp2,1.28539653816155e-73,0.689877248921057,0.274,0.146,2.11396314666049e-69,0.128
Prkar1a,3.38901335619539e-66,0.691578534914214,0.299,0.172,5.57357136559894e-62,0.127
Manf,5.64982063953722e-74,0.841681601386185,0.29,0.163,9.29169502378291e-70,0.127
Rab21,1.95466845065968e-74,0.783923990184236,0.278,0.152,3.21464773395492e-70,0.126
Canx,5.1800204480078e-49,0.472005491005755,0.352,0.226,8.51906162879363e-45,0.126
Dnajc13,3.862388133971e-80,0.879225859869341,0.257,0.133,6.3520835251287e-76,0.124
Dhx15,5.98456329623117e-58,0.612300136312767,0.318,0.194,9.84221279698178e-54,0.124
Khdrbs1,2.31933068471701e-60,0.644421492876176,0.303,0.18,3.81437124408559e-56,0.123
Cic,3.68472003470118e-75,0.850728301760239,0.261,0.139,6.05989056906956e-71,0.122
Gosr2,2.74691818820695e-72,0.781867171671768,0.257,0.137,4.51758165232515e-68,0.12
Srsf6,1.49488302309593e-39,0.381546218706702,0.38,0.26,2.45848461978357e-35,0.12
Slc25a5,7.79979911417017e-50,0.546471764996467,0.332,0.213,1.28275496231643e-45,0.119
Msl2,6.05986442296354e-72,0.826202218908206,0.259,0.14,9.96605303000584e-68,0.119
Atf4,7.69521335996162e-66,0.840554830810851,0.276,0.158,1.26555478917929e-61,0.118
Atp6v1g1,8.0258828082372e-38,0.393210258827808,0.385,0.268,1.31993668664269e-33,0.117
Mdm2,4.67670479043844e-72,1.12214796252701,0.258,0.142,7.69130869835506e-68,0.116
Saraf,7.26111309916203e-48,0.511015174712051,0.321,0.205,1.19416266028819e-43,0.116
Ssr1,5.7534150335139e-36,0.378936213352836,0.369,0.256,9.46206636411696e-32,0.113
Ep300,3.94920557410087e-42,0.477381641596745,0.333,0.221,6.4948634871663e-38,0.112
Gpcpd1,2.50381799810409e-55,0.888291368972227,0.306,0.194,4.11777907968198e-51,0.112
Ankrd17,8.36820699555774e-46,0.532817327953701,0.308,0.196,1.37623532248943e-41,0.112
Copb1,2.05028661334938e-56,0.722859186929125,0.267,0.157,3.37190136431439e-52,0.11
Mtdh,1.09846950325566e-58,0.743638606098497,0.255,0.146,1.80654294505426e-54,0.109
Arcn1,2.09418438645465e-38,0.447040575824156,0.336,0.227,3.44409564196332e-34,0.109
Dlst,8.51249898905561e-59,0.748778624251965,0.25,0.142,1.39996558374009e-54,0.108
Cab39,1.89924750886183e-42,0.488880897984522,0.304,0.196,3.12350245307416e-38,0.108
Atxn2l,4.20821147552891e-41,0.483765522859238,0.302,0.195,6.92082459265485e-37,0.107
Pttg1ip,5.10056678355947e-50,0.603585610401133,0.257,0.152,8.3883921322419e-46,0.105
Rbbp6,2.35759867256301e-38,0.474467211079834,0.325,0.22,3.87730677689713e-34,0.105
Pik3r1,6.05045364258236e-39,0.519465129978067,0.321,0.217,9.95057606059094e-35,0.104
Elavl1,2.00081656791534e-42,0.531753524262224,0.279,0.176,3.29054292759357e-38,0.103
Aamp,1.92126085059208e-41,0.50997368100077,0.287,0.184,3.15970559488374e-37,0.103
Usf2,4.33615355148499e-32,0.379704854684899,0.328,0.226,7.13123813077222e-28,0.102
Sept7,1.82788972286134e-39,0.432698070857068,0.287,0.185,3.00614743821776e-35,0.102
Atp13a2,4.73590416855337e-49,0.707082170549397,0.254,0.153,7.78866799560287e-45,0.101
Chd2,4.84843201308148e-45,0.615673170182964,0.266,0.165,7.9737312887138e-41,0.101
Arih1,2.69998746367586e-28,0.33376345017167,0.362,0.261,4.44039938276132e-24,0.101
Hnrnph2,4.46142474913752e-46,0.606807332564712,0.256,0.156,7.33725914243157e-42,0.1
Fam168b,2.62007644317926e-31,0.37824547697068,0.326,0.226,4.30897771845262e-27,0.1
Clptm1l,7.9721095929197e-46,0.627645836040745,0.25,0.151,1.31109314365157e-41,0.099
Arf3,5.17991751146174e-35,0.450581758685025,0.305,0.206,8.51889233934998e-31,0.099
Mbd2,5.77957841623773e-39,0.523694613668293,0.285,0.186,9.50509466334457e-35,0.099
Numa1,9.75707452585391e-46,0.650914467890356,0.25,0.152,1.60464847652193e-41,0.098
Sin3b,1.20048871380128e-31,0.39085849864344,0.317,0.219,1.97432373871758e-27,0.098
Psma4,9.93335142558798e-40,0.574072889223815,0.277,0.18,1.6336389754522e-35,0.097
Pdia6,5.13359495677465e-39,0.55236271989077,0.278,0.181,8.44271026591159e-35,0.097
Ube2v1,1.27523910270485e-37,0.506289597282288,0.276,0.179,2.09725822830839e-33,0.097
Ccnl2,5.38949680052425e-30,0.316822196883323,0.312,0.215,8.86356643814218e-26,0.097
Ankrd11,7.13434114506125e-39,0.515469743254524,0.26,0.165,1.17331374471677e-34,0.095
Tmed9,3.42838131394166e-37,0.55019682436662,0.271,0.177,5.63831590890845e-33,0.094
Zc3h7a,5.25536148450018e-39,0.504304004532373,0.251,0.157,8.64296749740899e-35,0.094
Srrm2,4.97651706936119e-27,0.322967138529013,0.322,0.228,8.1843799722714e-23,0.094
Arf5,1.04417972550136e-37,0.541045879800202,0.261,0.168,1.71725797655954e-33,0.093
Mapk6,8.12608292889296e-29,0.340488328385534,0.302,0.209,1.33641559848574e-24,0.093
Cited2,1.46361824096541e-35,0.797238066698108,0.366,0.273,2.40706655909171e-31,0.093
Ube2h,1.1563245678663e-33,0.514038911042593,0.288,0.195,1.90169138431291e-29,0.093
Dnajc7,1.50228994593144e-32,0.468374590526624,0.28,0.188,2.47066604507885e-28,0.092
Hnrnph1,3.85262019260642e-34,0.551555685618372,0.281,0.19,6.33601916876051e-30,0.091
App,2.41461933796542e-06,-1.23516618383502,0.33,0.239,0.0397108296321793,0.091
Rab1b,3.76841046231353e-34,0.55557162287801,0.263,0.174,6.19752784632083e-30,0.089
Eif4e,1.27499594136257e-31,0.507098268058517,0.265,0.178,2.09685832516488e-27,0.087
Itgav,7.38144045917401e-17,-0.559636102241726,0.257,0.171,1.21395169791576e-12,0.086
Hprt,4.36388234702611e-22,0.296476996495011,0.316,0.231,7.17684090791914e-18,0.085
Aagab,1.56674714418931e-29,0.468628537201842,0.251,0.169,2.57667235333374e-25,0.082
Hnrnpd,7.74366031075786e-28,0.461905809562189,0.253,0.172,1.27352237470724e-23,0.081
Atp6v1a,1.56278519119529e-19,0.298201026350763,0.335,0.254,2.57015652543978e-15,0.081
Dhx9,4.69038951590197e-20,0.313256142550597,0.328,0.248,7.71381459785237e-16,0.08
Lrpap1,4.29327702272088e-22,0.344607928254357,0.283,0.204,7.06072339156676e-18,0.079
Ap1g1,4.38518830396604e-22,0.335397467922246,0.276,0.198,7.21188068470256e-18,0.078
Cdk11b,3.78296105490309e-24,0.377320631236099,0.251,0.174,6.22145775089363e-20,0.077
Dnaja2,1.80834529114513e-21,0.340179759478413,0.268,0.193,2.97400466581727e-17,0.075
Cnot2,6.35150353821123e-21,0.310055590879406,0.258,0.184,1.04456827189422e-16,0.074
Srsf3,1.25847305463058e-19,0.340133451720593,0.263,0.191,2.06968478564546e-15,0.072
Tbc1d14,7.38507957528842e-21,0.38778241836326,0.258,0.187,1.21455018695193e-16,0.071
Mapk1,3.9938163018263e-20,0.343873314129475,0.251,0.18,6.56823028998353e-16,0.071
Hnrnpul2,7.96676846510316e-18,0.306028354125764,0.284,0.213,1.31021474177087e-13,0.071
Gtf2a1,7.37619981594386e-16,0.286992639218558,0.322,0.252,1.21308982173013e-11,0.07
Poldip3,6.53260941442408e-17,0.271420701636578,0.279,0.21,1.07435294429618e-12,0.069
Nedd8,4.4578576968113e-17,0.266777654196474,0.264,0.196,7.33139276817587e-13,0.068
Ndufa6,2.10540048250785e-17,0.325416698341628,0.271,0.204,3.46254163353242e-13,0.067
Drap1,5.74550681368755e-18,0.346799620871238,0.261,0.194,9.44906050579054e-14,0.067
Ubqln1,1.38466596786434e-14,0.286796214310485,0.253,0.193,2.2772216507497e-10,0.06
Osbpl8,1.24624609816897e-13,0.314237375981708,0.252,0.193,2.04957633304869e-09,0.059
Tubb5,7.71566602048409e-12,0.445403389597755,0.277,0.225,1.26891843372881e-07,0.052
Rabgef1,0.108238620939836,-0.289199546580831,0.325,0.318,1,0.00700000000000001
Pabpn1,0.0885834146876297,-0.303661088748145,0.273,0.272,1,0.001
Ptms,5.8119747189712e-15,-0.446016949378462,0.555,0.558,9.55837362282004e-11,-0.003
Tmem59,0.00174987303049825,-0.495850937132378,0.28,0.285,1,-0.00499999999999995
Cops9,0.0087314878951584,-0.310757214895673,0.256,0.266,1,-0.01
Chtop,0.00960228541458651,-0.283147449060896,0.267,0.278,1,-0.011
Gas6,0.879846573435821,0.341276113482728,0.265,0.277,1,-0.012
Sec14l1,0.0061324097068254,-0.252581147466223,0.234,0.25,1,-0.016
Med13,3.12126139442239e-05,-0.379808511070192,0.301,0.319,0.513322648926706,-0.018
Wdfy3,4.39517928490867e-05,-0.421927537165807,0.282,0.3,0.72283118519608,-0.018
Epb41l2,1.28599103428222e-29,-0.416632158533174,0.608,0.628,2.11494085498054e-25,-0.02
Atp2a2,7.98767625972548e-05,-0.319474503555739,0.292,0.313,1,-0.021
Fkbp8,0.000224913521801123,-0.338679514989115,0.245,0.266,1,-0.021
Dgkd,7.42329078633628e-06,-0.533204822042241,0.229,0.254,0.122083440272086,-0.025
Raly,2.66306934361176e-09,-0.42680199570139,0.371,0.396,4.3796838425039e-05,-0.025
Acin1,4.85887249915026e-06,-0.453063798310338,0.246,0.271,0.0799090171210251,-0.025
Epc1,2.38509664511446e-06,-0.44951429357877,0.251,0.278,0.0392252994255525,-0.027
Chd7,1.00629538680956e-06,-0.379944761100528,0.252,0.283,0.01654953393147,-0.031
Ogdh,9.37357518805337e-07,-0.407580284393448,0.247,0.278,0.0154157817542726,-0.031
Pea15a,7.68015500287867e-07,-0.296965940003417,0.297,0.331,0.0126307829177343,-0.034
Smarcc2,3.79446539123889e-11,-0.516903834756258,0.302,0.338,6.24037778243148e-07,-0.036
Ywhae,6.60230196461684e-09,-0.387539051274903,0.291,0.328,0.000108581458110089,-0.037
Sirt2,1.70661089145629e-08,-0.406813120850486,0.233,0.271,0.000280669227208902,-0.038
Polr2a,1.01078500816031e-09,-0.421318547994137,0.269,0.308,1.66233702442045e-05,-0.039
Clptm1,2.6813872675932e-10,-0.488093456726482,0.265,0.305,4.40980950028378e-06,-0.04
Taok3,2.29720309364356e-10,-0.57027570750911,0.217,0.257,3.7779802078062e-06,-0.04
Uba1,2.58647954749107e-10,-0.427024441577257,0.299,0.339,4.25372426380382e-06,-0.04
Odc1,0.00020038496180167,0.282141624028491,0.232,0.273,1,-0.041
Selenot,2.70207357179459e-10,-0.519801461250531,0.216,0.258,4.44383019617338e-06,-0.042
Nipbl,2.5967058329558e-11,-0.534147875738292,0.216,0.261,4.27054241287911e-07,-0.045
Puf60,3.66344890452367e-11,-0.505554308790179,0.225,0.271,6.02490806837963e-07,-0.046
Elob,1.65595292953842e-14,-0.581716227681842,0.202,0.257,2.72338018791889e-10,-0.055
Dynlrb1,3.72844980123622e-14,-0.558417995410526,0.197,0.252,6.13180854311308e-10,-0.055
Phc2,2.1530763667188e-15,-0.617427566526428,0.194,0.25,3.54094939270574e-11,-0.056
Grcc10,1.547114596774e-16,-0.567344902720443,0.268,0.325,2.54438466585452e-12,-0.057
Zfp207,1.0838626626474e-17,-0.727489302409196,0.216,0.273,1.78252053498991e-13,-0.057
Gpi1,2.46272649668065e-16,-0.444317463668142,0.269,0.331,4.05019999644099e-12,-0.062
Ndufa13,3.84200869365623e-19,-0.676523257198023,0.227,0.29,6.31856749758703e-15,-0.063
Rtn3,4.16517041455983e-38,-0.80630129164354,0.394,0.458,6.8500392637851e-34,-0.064
Pacsin2,2.12617115037091e-22,-0.669880336907426,0.269,0.334,3.4967010739e-18,-0.065
Dusp11,7.16286272534412e-22,-0.810953450297304,0.201,0.268,1.17800440381009e-17,-0.067
Lbh,1.59753516912855e-18,-0.587350648248919,0.222,0.29,2.62730633914881e-14,-0.068
Stag2,2.57134074880371e-21,-0.733231875301381,0.185,0.254,4.22882699548258e-17,-0.069
Nisch,1.03639988625773e-22,-0.608175714492975,0.281,0.351,1.70446325293947e-18,-0.07
Syngr1,1.69603621571744e-20,-0.503666620738223,0.19,0.264,2.78930116036891e-16,-0.074
Sf3b2,2.53572139546825e-23,-0.654263106170976,0.218,0.293,4.17024740698708e-19,-0.075
Adnp,1.90568987215554e-24,-0.711697391442717,0.222,0.298,3.134097563747e-20,-0.076
Nsd1,3.69554270786081e-28,-0.795806418736122,0.244,0.321,6.07768953734789e-24,-0.077
Cox8a,1.23720016333463e-26,-0.784794015605131,0.192,0.271,2.03469938862014e-22,-0.079
Hp1bp3,1.93557778085145e-25,-0.746688949433287,0.182,0.261,3.18325121838829e-21,-0.079
Tmem30a,1.24266539164811e-25,-0.734894904422275,0.185,0.265,2.04368750310448e-21,-0.08
Smarca4,1.74609526909525e-27,-0.771707431461095,0.184,0.267,2.87162827955405e-23,-0.083
Adam9,1.07432193324206e-28,-0.724378807612199,0.232,0.316,1.76682985140989e-24,-0.084
Ppp3r1,1.85028376118512e-28,-0.790878152712182,0.174,0.258,3.04297667364506e-24,-0.084
Tnks2,4.65534174260454e-29,-0.773094422584074,0.196,0.281,7.65617502988742e-25,-0.085
Alkbh5,8.46105207976318e-29,-0.737217569422861,0.171,0.257,1.39150462503785e-24,-0.086
Sec62,2.647519309465e-33,-0.859326962873967,0.171,0.263,4.35411025634613e-29,-0.092
Psmc6,6.27864541212898e-34,-0.829474432703252,0.186,0.279,1.03258602447873e-29,-0.093
Calm3,4.88519211879136e-39,-1.09879542051245,0.189,0.285,8.03418695856427e-35,-0.096
Zmynd11,1.89998578851684e-36,-0.852427207013885,0.223,0.319,3.12471662779479e-32,-0.096
Ctnna1,1.07226406414731e-35,-0.887089176537756,0.157,0.253,1.76344547989666e-31,-0.096
Frmd4b,1.70056123838954e-38,-0.926144747745645,0.21,0.307,2.79674301265544e-34,-0.097
Uqcrc1,1.33194342998098e-38,-0.760333363900084,0.276,0.374,2.19051416494672e-34,-0.098
Ndufb10,8.12697223466454e-37,-0.884189905998281,0.157,0.255,1.33656185371293e-32,-0.098
Ubr5,1.26557995283701e-40,-1.0263513784143,0.151,0.252,2.08137279043575e-36,-0.101
Mtch1,7.72288408030793e-45,-1.1867833095774,0.192,0.294,1.27010551584744e-40,-0.102
Got1,4.13643919638406e-38,-0.851282330906564,0.162,0.264,6.80278790237323e-34,-0.102
Ndufb8,3.16474932426209e-39,-0.935137810333645,0.174,0.276,5.20474673868143e-35,-0.102
Med13l,1.19986181432407e-47,-1.15870951837506,0.142,0.252,1.97329273983737e-43,-0.11
Tmem230,8.84004699164304e-49,-1.11439407811054,0.137,0.25,1.45383412824561e-44,-0.113
Prpf8,6.03580606782278e-46,-0.922768218797431,0.198,0.311,9.92648665914134e-42,-0.113
Lifr,2.87894672941471e-45,-0.929814041784919,0.147,0.26,4.73471579119543e-41,-0.113
Lin7c,2.10698727888115e-49,-1.09064732546812,0.158,0.273,3.46515127884794e-45,-0.115
Mbnl2,7.50306284738986e-51,-0.969556253582949,0.206,0.325,1.23395371588174e-46,-0.119
Ppp3cb,2.7575468632548e-55,-1.24056817520288,0.131,0.251,4.53506157130885e-51,-0.12
Ppm1a,1.51481975533437e-50,-0.954940361377864,0.188,0.308,2.49127256962291e-46,-0.12
Eid1,1.25618289720248e-50,-0.95536241194879,0.189,0.31,2.0659183927392e-46,-0.121
Ap1b1,1.05306812012471e-49,-0.813347586545257,0.237,0.359,1.7318758303571e-45,-0.122
Arl6ip1,4.25833985113097e-66,-2.00862881798442,0.137,0.261,7.00326571916999e-62,-0.124
Paip1,2.72768157560724e-57,-1.1608747591801,0.137,0.263,4.48594511924366e-53,-0.126
Cdk19,3.41731879457878e-58,-1.18471609415233,0.147,0.273,5.62012248956426e-54,-0.126
Aff1,5.21847721677805e-62,-1.12800450962919,0.221,0.35,8.58230763071318e-58,-0.129
Srsf1,2.30925104669925e-61,-1.28903118784326,0.135,0.264,3.79779427140159e-57,-0.129
R3hdm2,5.3618538863078e-61,-1.19186078027623,0.166,0.297,8.81810490142181e-57,-0.131
Park7,3.59238681386488e-60,-1.09222615305465,0.17,0.301,5.90803935408219e-56,-0.131
Kmt2d,7.83965185518825e-62,-1.14023859177471,0.187,0.318,1.28930914410426e-57,-0.131
Susd3,5.28252431208635e-66,-1.45277693038193,0.119,0.251,8.68763948365721e-62,-0.132
Dnajc5,1.14610287306562e-61,-1.06940021117637,0.202,0.334,1.88488078504371e-57,-0.132
Selenow,1.57392171302445e-59,-1.03345023290724,0.192,0.324,2.58847164924001e-55,-0.132
Ubr3,7.61100005810053e-66,-1.35969547680059,0.121,0.255,1.25170506955521e-61,-0.134
Sdha,1.5064711123745e-60,-0.940482716254162,0.235,0.369,2.4775423914111e-56,-0.134
Rnf10,4.4572042704798e-63,-0.988510115934493,0.233,0.369,7.33031814323108e-59,-0.136
Ric1,4.48874937375104e-69,-1.39732215113608,0.116,0.253,7.38219722007096e-65,-0.137
Dynll2,9.83417868202078e-62,-0.970567930403741,0.216,0.354,1.61732902604514e-57,-0.138
Gtpbp1,7.3579795965984e-72,-1.41140061533307,0.116,0.258,1.21009332445657e-67,-0.142
Leng8,1.44484144620055e-74,-1.31113300753305,0.207,0.35,2.37618624242142e-70,-0.143
Atxn7l3b,1.92680943326342e-76,-1.4685608519834,0.105,0.25,3.16883079394502e-72,-0.145
Ip6k1,4.11825354709256e-73,-1.20862392652265,0.181,0.328,6.77287978354843e-69,-0.147
Gtf2i,8.13450965066252e-72,-1.17298999646809,0.177,0.324,1.33780145714796e-67,-0.147
Rsrc2,8.47339696737597e-74,-1.13906364115117,0.2,0.348,1.39353486525465e-69,-0.148
Ctsf,2.43272186563682e-74,-1.25256586089545,0.164,0.312,4.00085438022632e-70,-0.148
Pnisr,4.86254916668166e-80,-1.58405154114024,0.116,0.264,7.99694835952466e-76,-0.148
Kdm3b,2.31959692238525e-76,-1.33560099672785,0.159,0.308,3.81480909855479e-72,-0.149
Trp53inp2,2.70548030233451e-82,-1.48862505535665,0.118,0.271,4.44943290521933e-78,-0.153
Pigt,6.57040981069001e-80,-1.43774768617053,0.123,0.276,1.08056959746608e-75,-0.153
Arfgef1,7.50758667186295e-82,-1.41403661493788,0.134,0.288,1.23469770405458e-77,-0.154
Mef2d,1.11992548642268e-103,-1.17746633039693,0.313,0.467,1.84182945497073e-99,-0.154
Ppp1r9a,1.27851282934294e-84,-1.53268461513901,0.121,0.277,2.10264219913739e-80,-0.156
Tecr,9.43695597680906e-81,-1.28224152348814,0.153,0.31,1.55200177994602e-76,-0.157
Pla2g7,8.68936774037421e-43,-0.262571449346262,0.282,0.439,1.42905341858194e-38,-0.157
Sys1,6.37234533885623e-90,-1.68170134500554,0.094,0.252,1.0479959144283e-85,-0.158
Mlf2,6.05806617281578e-81,-1.07297772396495,0.231,0.39,9.96309562781283e-77,-0.159
Trafd1,2.28190681938594e-90,-1.21566028568215,0.24,0.399,3.75282395516211e-86,-0.159
Cds2,3.58268590552788e-86,-1.44761557451845,0.129,0.29,5.89208524023116e-82,-0.161
Ndfip1,2.65779580221628e-126,-1.03584963233735,0.414,0.577,4.37101097632489e-122,-0.163
Purb,7.11604836951258e-101,-1.28019904562011,0.268,0.433,1.17030531485004e-96,-0.165
Hook3,9.20863316853095e-93,-1.55666683679554,0.125,0.29,1.5144518108966e-88,-0.165
Gsk3b,1.19249725130281e-88,-1.27804194803708,0.184,0.349,1.96118097949261e-84,-0.165
Tob1,7.43728183663901e-86,-1.25763143750348,0.142,0.308,1.22313537085365e-81,-0.166
Commd1,9.03874967723107e-96,-1.64451447149515,0.104,0.271,1.48651277191742e-91,-0.167
Ndufb9,1.48252554134911e-94,-1.63951354414406,0.111,0.278,2.43816150530275e-90,-0.167
Ndufb11,2.65698513084283e-93,-1.47040125386894,0.154,0.322,4.36967774618412e-89,-0.168
Pgam1,2.12859819173669e-93,-1.48445179640775,0.119,0.288,3.50069258613016e-89,-0.169
Npepps,1.80233288517885e-98,-1.72189446135477,0.097,0.266,2.96411666296514e-94,-0.169
Pcbp2,1.22241686703206e-102,-1.26415004407604,0.25,0.421,2.01038677952093e-98,-0.171
Ndufv3,3.54700388706565e-97,-1.57641829196644,0.12,0.292,5.83340259266817e-93,-0.172
Sptan1,1.62304597506576e-97,-1.32366199926535,0.195,0.369,2.66926141059314e-93,-0.174
R3hdm4,6.79928776556429e-97,-1.45011243700953,0.128,0.302,1.1182108659247e-92,-0.174
Add1,1.95441739460511e-93,-1.21415035009303,0.191,0.366,3.21423484716757e-89,-0.175
Zfp516,4.79383836196788e-101,-1.51159694649119,0.166,0.341,7.88394657009237e-97,-0.175
Adipor1,1.68008628702394e-181,-1.27253197469219,0.443,0.62,2.76306990763957e-177,-0.177
Hist1h1e,6.80791929873981e-105,-1.58080779180884,0.079,0.256,1.11963040787075e-100,-0.177
Got2,4.19967810737078e-106,-1.73032951962227,0.1,0.278,6.90679061538199e-102,-0.178
St3gal1,6.04864884588319e-111,-1.98537397367014,0.081,0.26,9.9476078919395e-107,-0.179
Cul4a,6.33897837476097e-114,-2.06931703008052,0.07,0.25,1.04250838351319e-109,-0.18
Cdk2ap2,1.31976045994867e-102,-1.50888570582022,0.119,0.299,2.17047805243158e-98,-0.18
Kif21b,3.84270036229609e-113,-1.44772734993309,0.22,0.4,6.31970501583215e-109,-0.18
Ap2m1,1.18049490532911e-115,-1.06632160019923,0.332,0.513,1.94144192130426e-111,-0.181
Etnk1,2.51846502143329e-102,-1.34910539590119,0.179,0.361,4.14186757424919e-98,-0.182
Ddx17,7.44784764039635e-142,-1.29382860577069,0.345,0.527,1.22487302293958e-137,-0.182
Map1lc3a,3.05923744584642e-111,-1.8392893854113,0.11,0.293,5.03122190343903e-107,-0.183
Dyrk2,8.32583458301399e-111,-1.70727776885339,0.126,0.31,1.36926675552248e-106,-0.184
Cpt1a,3.85332885827763e-114,-1.84818738474898,0.091,0.276,6.3371846403234e-110,-0.185
Top2b,1.50943149614279e-116,-1.91628149385895,0.088,0.274,2.48241103855644e-112,-0.186
Rapgef5,3.00788083086012e-118,-1.95992317729528,0.092,0.281,4.94676081443255e-114,-0.189
Dnmt3a,1.13797805387957e-111,-1.32857228051493,0.203,0.393,1.87151870741033e-107,-0.19
Dync1li1,1.30412867561839e-115,-1.66964906282516,0.132,0.323,2.14477001992201e-111,-0.191
Ndufa10,3.27834757602724e-115,-1.68874092873223,0.111,0.302,5.39157042353439e-111,-0.191
Ptov1,8.47086706113614e-113,-1.48686215390512,0.143,0.336,1.39311879687445e-108,-0.193
Ckb,3.32960063400515e-112,-1.38949598146477,0.171,0.366,5.47586120268487e-108,-0.195
Tet3,1.92071458266109e-120,-1.74090958276935,0.116,0.311,3.15880720264444e-116,-0.195
Hipk3,4.87323624293209e-118,-1.53665835498068,0.157,0.353,8.01452432512612e-114,-0.196
Acadvl,5.0935039383312e-131,-2.30099327019874,0.064,0.26,8.37677657697948e-127,-0.196
Tbc1d8,1.30966041646704e-126,-1.99180843179479,0.106,0.302,2.1538675209217e-122,-0.196
Lsm14a,9.52587623237753e-123,-1.44232478578433,0.194,0.392,1.56662560517681e-118,-0.198
Cul5,4.58414350024298e-135,-2.32410108350133,0.064,0.263,7.5390824004996e-131,-0.199
Ppp2r5e,3.10496180504185e-134,-2.25641303897693,0.071,0.271,5.10642018457183e-130,-0.2
Ccndbp1,3.60406349130318e-133,-2.14504546259618,0.075,0.276,5.92724281779721e-129,-0.201
Prrc2b,7.58935960448614e-133,-2.06239437911285,0.083,0.285,1.24814608055379e-128,-0.202
Uhmk1,6.44566334440183e-130,-1.90234778068108,0.096,0.298,1.06005379362032e-125,-0.202
Maged1,3.16330543175882e-129,-1.81912465755008,0.089,0.292,5.20237211307056e-125,-0.203
Zfp445,1.84506242501807e-137,-2.25412466203545,0.074,0.278,3.03438966418471e-133,-0.204
Iqsec1,1.99423720158588e-137,-2.18539694044424,0.068,0.273,3.27972250172815e-133,-0.205
Anp32a,8.18144550327027e-130,-1.22420457005883,0.261,0.466,1.34552052746783e-125,-0.205
Zfp654,1.31020036710151e-147,-2.7627744020435,0.045,0.251,2.15475552373514e-143,-0.206
Hacd3,1.29361659747016e-143,-2.47080053538122,0.053,0.259,2.12748185619942e-139,-0.206
Zranb1,3.83854947454212e-142,-2.19004756986997,0.079,0.289,6.31287846583198e-138,-0.21
Tmx1,7.0702172741801e-138,-1.97229952212173,0.092,0.302,1.16276793291166e-133,-0.21
Pfkl,1.89426231839635e-129,-1.51323292563199,0.154,0.364,3.11530380883463e-125,-0.21
Atp5b,1.19450167010345e-135,-1.49035314385813,0.202,0.413,1.96447744665213e-131,-0.211
Gpsm1,2.52434836265472e-153,-2.87716256778631,0.043,0.254,4.15154331722195e-149,-0.211
Zdhhc5,4.85000852130573e-142,-1.84946381779769,0.126,0.342,7.97632401413941e-138,-0.216
Slc2a1,3.36208153063263e-153,-2.71125161628643,0.134,0.351,5.52927928527843e-149,-0.217
Pip4k2c,4.25728925260401e-160,-2.87148383918477,0.042,0.259,7.00153790483256e-156,-0.217
Lpcat1,1.20226065462848e-148,-2.17260613263661,0.086,0.304,1.977237872602e-144,-0.218
Tmem63b,1.11662642295557e-162,-2.99038213900349,0.037,0.256,1.83640381519272e-158,-0.219
Slc44a1,1.73566248010162e-154,-2.39010788276848,0.065,0.285,2.85447051477513e-150,-0.22
Memo1,7.16881127424049e-154,-2.23036101889219,0.095,0.317,1.17898270216159e-149,-0.222
Fam53b,4.80542011196015e-154,-2.02734025498879,0.126,0.349,7.90299391612966e-150,-0.223
Bsg,5.06447767767763e-159,-2.73088952844755,0.111,0.334,8.32903998870863e-155,-0.223
Ttyh2,5.00832713522155e-161,-2.45705769447723,0.064,0.29,8.23669480658536e-157,-0.226
Tnfsf12,1.5094955872954e-152,-1.90328972084535,0.113,0.339,2.48251644286601e-148,-0.226
Cul3,1.57319060641702e-170,-1.56138032675966,0.246,0.473,2.58726927131343e-166,-0.227
H2afv,1.85448063218084e-156,-2.12831685325286,0.081,0.309,3.0498788476846e-152,-0.228
Nsf,5.37908045387674e-162,-2.24769250266144,0.078,0.308,8.84643571444569e-158,-0.23
Psip1,5.74262904157684e-174,-2.97731656647277,0.04,0.271,9.44432772177728e-170,-0.231
Paqr4,5.80236818293484e-182,-3.49765920355782,0.022,0.254,9.54257471365464e-178,-0.232
Ppip5k1,2.87067000646876e-179,-3.32261250256662,0.028,0.26,4.72110389263852e-175,-0.232
Vps37a,4.93968962805754e-164,-2.18526272677262,0.093,0.326,8.12381356230343e-160,-0.233
Abhd8,3.80251562182859e-185,-3.74278088395487,0.021,0.255,6.2536171916593e-181,-0.234
Eml3,1.85005884423889e-173,-2.68510619933728,0.061,0.296,3.04260677523528e-169,-0.235
Tuba1a,3.82226218245149e-160,-2.05199879534222,0.116,0.351,6.28609238525972e-156,-0.235
Slc25a22,1.60868951168222e-182,-3.15495921076736,0.036,0.273,2.64565077091258e-178,-0.237
Trim2,1.39983895916977e-194,-4.28782425906596,0.015,0.255,2.3021751522506e-190,-0.24
Dync1h1,2.35748811632925e-170,-1.59779619247635,0.213,0.453,3.87712495611508e-166,-0.24
Ncoa2,2.72438769069331e-170,-2.19296646011075,0.096,0.336,4.48052799611421e-166,-0.24
Ssu72,1.37379038133276e-169,-1.82626284338307,0.156,0.398,2.25933566113986e-165,-0.242
Gnb3,1.4700730533923e-195,-4.15831470305578,0.019,0.263,2.41768214360898e-191,-0.244
Arhgef26,1.6402391351639e-205,-5.76963874138693,0.005,0.25,2.69753728169055e-201,-0.245
Trak2,5.92326112481098e-184,-2.72229328978727,0.056,0.301,9.74139524586413e-180,-0.245
Smpd1,2.23772017666121e-194,-3.63904170644598,0.029,0.275,3.68015460253702e-190,-0.246
Syne2,7.80563868906104e-204,-4.53443553640201,0.013,0.26,1.28371533880298e-199,-0.247
Cep290,1.77222027907003e-199,-4.00460035879128,0.02,0.267,2.91459347095858e-195,-0.247
Camk2d,6.38477930557059e-183,-1.62642900645925,0.217,0.464,1.05004080459414e-178,-0.247
Lca5,1.94799519939477e-208,-5.83301785380403,0.005,0.253,3.20367290492464e-204,-0.248
Rgs9bp,3.48513487702602e-207,-5.13967599710657,0.008,0.256,5.73165281875699e-203,-0.248
Cacnb2,4.54350436841259e-204,-4.5358893335018,0.012,0.26,7.47224728429135e-200,-0.248
Otud7b,5.21931247408972e-187,-2.74016591207735,0.055,0.303,8.58368129488795e-183,-0.248
Scarb1,1.54032204044145e-173,-1.85377097205027,0.136,0.385,2.53321362771e-169,-0.249
Sptbn1,3.28644171365626e-193,-3.15046162750147,0.039,0.289,5.40488204227909e-189,-0.25
Ypel2,1.0125621288323e-208,-4.84253513110531,0.01,0.261,1.66525967707761e-204,-0.251
Ndufs2,2.49160856188615e-177,-1.82329283415134,0.144,0.396,4.09769944087797e-173,-0.252
Cds1,2.44746578352291e-192,-2.74412671273137,0.069,0.322,4.02510222758177e-188,-0.253
Bbs5,1.96745446008013e-214,-5.42783867597285,0.006,0.26,3.23567560504778e-210,-0.254
Uckl1,4.70794439380501e-196,-2.80890584472547,0.053,0.307,7.74268535005172e-192,-0.254
Trib2,6.06686887269031e-217,-5.91843165702353,0.005,0.26,9.97757254802648e-213,-0.255
Dusp8,1.93361246952271e-192,-2.61774774377508,0.069,0.324,3.18001906737705e-188,-0.255
Lpgat1,1.92073282032967e-188,-2.29130221238995,0.088,0.343,3.15883719631417e-184,-0.255
Sh3gl2,5.8839333276266e-217,-5.28097805247353,0.007,0.264,9.67671675061471e-213,-0.257
Pink1,3.78085445672488e-183,-1.97442723594182,0.116,0.373,6.21799323952975e-179,-0.257
Tmem136,1.28436714935453e-220,-6.71265945717498,0.002,0.26,2.11227021382846e-216,-0.258
Lrit3,6.28434769885558e-218,-5.05010402052217,0.009,0.267,1.03352382255379e-213,-0.258
Sgip1,1.05537577950112e-220,-5.81572691974678,0.004,0.263,1.73567100696755e-216,-0.259
Cacna1f,2.0294745966063e-214,-4.2960275900651,0.016,0.275,3.33767392157872e-210,-0.259
Lman1,4.1782390359754e-193,-2.40249407218439,0.079,0.338,6.87153191856514e-189,-0.259
Hif1a,7.56024989470654e-188,-2.03977729218685,0.114,0.373,1.24335869768344e-183,-0.259
Unc13b,2.38628365567928e-219,-4.88010408491218,0.009,0.269,3.92448210013014e-215,-0.26
Mdh1,7.821830737828e-191,-2.08864592652276,0.119,0.379,1.28637828314319e-186,-0.26
Mtfr1,7.98323161274747e-217,-4.01864347446859,0.019,0.282,1.31292227103245e-212,-0.263
Tmem9,7.73158148338165e-214,-3.60051308282497,0.026,0.289,1.27153589075695e-209,-0.263
Gpsm2,1.74343230925849e-221,-4.99392787097407,0.009,0.272,2.86724877580652e-217,-0.263
Vldlr,2.66597487222664e-226,-5.67332274762804,0.005,0.269,4.38446227486393e-222,-0.264
BC034090,6.81699579287729e-228,-6.02467002390208,0.005,0.271,1.1211231280966e-223,-0.266
Cspg5,4.74371623934945e-225,-5.62843525657021,0.009,0.275,7.80151572723411e-221,-0.266
Ccdc85c,8.37848891326565e-216,-3.40603107929208,0.028,0.295,1.37792628667567e-211,-0.267
Ddhd1,8.48487628189263e-205,-2.58701372529376,0.077,0.344,1.39542275332006e-200,-0.267
Lyar,2.64246453658011e-221,-3.81681369572351,0.025,0.294,4.34579717685965e-217,-0.269
Jam2,3.55004590831085e-212,-2.98521050534078,0.052,0.321,5.83840550080802e-208,-0.269
Ckmt1,6.50949506911754e-233,-6.4711637521218,0.003,0.273,1.07055155906707e-228,-0.27
Bbs7,1.52457749621944e-232,-5.96500948619126,0.005,0.275,2.50732015028249e-228,-0.27
Psd,1.34932945944979e-229,-4.7628853848716,0.009,0.279,2.21910722901113e-225,-0.27
Amer2,1.56497351420971e-229,-4.96638334579086,0.009,0.279,2.57375544146928e-225,-0.27
Map7,8.38892752489868e-229,-4.65011093729711,0.011,0.281,1.37964302074484e-224,-0.27
Slc25a4,1.34910392436815e-212,-2.92841572133831,0.054,0.324,2.21873631401586e-208,-0.27
Kdm4c,9.33830013460873e-220,-3.34657327236794,0.038,0.309,1.53577684013775e-215,-0.271
Ppp2r5c,4.29966567798499e-215,-1.77004556104598,0.207,0.478,7.07123017401412e-211,-0.271
Dscaml1,6.26217357454454e-231,-4.7476840031975,0.013,0.285,1.0298770660696e-226,-0.272
Pfkp,3.88072616231004e-214,-2.91259175513672,0.062,0.335,6.38224224653508e-210,-0.273
Fbxl5,1.05693122023604e-208,-2.33276723310489,0.092,0.366,1.7382290848002e-204,-0.274
Dmd,5.54773401948854e-237,-5.62428534111018,0.006,0.281,9.12380336845086e-233,-0.275
Igf1r,1.78554692500566e-218,-2.85214514963607,0.054,0.329,2.93651047286431e-214,-0.275
Plekhb2,3.28636139900698e-203,-1.99861771441259,0.127,0.402,5.40474995680689e-199,-0.275
Ppp3cc,9.99455201766204e-239,-5.39898381330066,0.006,0.282,1.6437040248247e-234,-0.276
Cnot6,5.60045660023146e-217,-2.56436587824001,0.08,0.357,9.21051092474065e-213,-0.277
Atp6v0e2,7.67654636202898e-239,-5.04136461752029,0.01,0.288,1.26248481469929e-234,-0.278
Gdpd5,3.19241573468187e-229,-3.4658886817841,0.033,0.311,5.2502469172578e-225,-0.278
Glmn,5.03578728790779e-240,-5.06272418741532,0.009,0.288,8.28185577369315e-236,-0.279
Ush2a,1.29053829852557e-238,-4.56102804448111,0.013,0.293,2.12241928575515e-234,-0.28
Aldoa,7.25439457715435e-229,-1.30951935698725,0.325,0.605,1.1930577321588e-224,-0.28
Klhl18,2.17663363144953e-228,-3.30091663725722,0.038,0.318,3.57969167028189e-224,-0.28
Slc4a7,1.35729835582312e-225,-2.98813796893353,0.056,0.336,2.2322128759867e-221,-0.28
Pde8b,2.87686062313425e-243,-5.26526928223458,0.007,0.288,4.73128498080658e-239,-0.281
Pla2g5,6.27507305392867e-243,-5.252905434735,0.009,0.29,1.03199851444911e-238,-0.281
Pias3,5.87957225043375e-239,-4.34215921501531,0.018,0.299,9.66954452306334e-235,-0.281
Nt5e,1.43073223958296e-247,-5.89760998564133,0.006,0.289,2.35298224121813e-243,-0.283
Eno2,4.54216789880364e-244,-4.95087944974292,0.01,0.293,7.47004932637247e-240,-0.283
Nadk2,7.46258164283454e-238,-3.87870766047121,0.022,0.305,1.22729617698057e-233,-0.283
Dmxl2,1.98098864139373e-233,-3.46869190321388,0.037,0.32,3.25793391963613e-229,-0.283
Nedd4,7.10364139647517e-248,-5.65706007530769,0.005,0.289,1.16826486406431e-243,-0.284
Gpm6b,5.30914199602833e-245,-4.83974943185535,0.012,0.296,8.73141492666819e-241,-0.284
Apbb1,7.51454643292354e-250,-6.09786454360645,0.005,0.29,1.23584230635861e-245,-0.285
Prnp,4.59137355307618e-248,-5.3393243668541,0.009,0.294,7.55097294538909e-244,-0.285
Snrk,3.28821998518418e-243,-4.3613689160186,0.018,0.303,5.4078065876339e-239,-0.285
Map4k3,4.47820335745105e-229,-2.92068085747322,0.06,0.345,7.36485324166399e-225,-0.285
Rasgrf2,5.14962950311495e-247,-4.97310963460837,0.01,0.296,8.46908068082284e-243,-0.286
Rims2,1.21257071467183e-251,-5.83372388980462,0.006,0.293,1.9941937973493e-247,-0.287
Atp8a2,1.8006976929093e-228,-2.50379716979973,0.098,0.386,2.96142742575863e-224,-0.288
Ppef2,1.61814995767313e-252,-5.26122458323299,0.008,0.297,2.66120942038923e-248,-0.289
Ndufa4,2.80056753915675e-233,-2.875847984389,0.059,0.348,4.6058133748972e-229,-0.289
Slco4a1,5.54572180076758e-243,-3.72864482626482,0.03,0.319,9.12049407354236e-239,-0.289
Tnrc6b,3.19412384492418e-227,-2.37331255633591,0.103,0.392,5.2530560753623e-223,-0.289
Gnaz,1.42628131255087e-254,-5.75665279619044,0.006,0.296,2.34566224662117e-250,-0.29
Mylk,1.92998982118888e-254,-5.89878675322747,0.006,0.296,3.17406125992722e-250,-0.29
Pkm,1.43263790459281e-227,-1.35217934416134,0.277,0.568,2.35611629789333e-223,-0.291
Desi1,3.25048764499225e-240,-3.11300541120602,0.048,0.34,5.34575198095425e-236,-0.292
Ldha,1.09702653113367e-232,-1.71049192020754,0.206,0.498,1.80416983310243e-228,-0.292
Ktn1,5.01299038025352e-238,-2.84749135400868,0.06,0.353,8.24436397936494e-234,-0.293
Ppm1b,1.05382100559689e-235,-2.5505491021066,0.093,0.386,1.73311402580464e-231,-0.293
Fyco1,1.48724868788826e-249,-3.76732958005589,0.029,0.323,2.44592919210103e-245,-0.294
Clcn3,3.10709018765302e-242,-2.99217205637035,0.049,0.343,5.10992052261416e-238,-0.294
Hook1,5.34093785637721e-259,-5.01883003790359,0.01,0.305,8.78370639859795e-255,-0.295
Adamts3,2.5481591233226e-258,-5.289653051394,0.009,0.304,4.19070249421636e-254,-0.295
Kif1a,7.26837652257112e-252,-4.06133762486375,0.019,0.314,1.19535720290205e-247,-0.295
Fam3c,2.71513446673754e-237,-2.51488391206485,0.095,0.39,4.46531014399656e-233,-0.295
Sncb,6.56116282828335e-258,-4.80311086675724,0.01,0.306,1.07904883873948e-253,-0.296
Hmgn1,2.53376292601758e-247,-3.48219373367403,0.034,0.33,4.16702650812851e-243,-0.296
Scamp5,2.90328437905721e-243,-2.32888696998278,0.121,0.421,4.77474148979748e-239,-0.3
Ap2a2,4.53741228107024e-241,-2.15652328040435,0.139,0.439,7.46222823744812e-237,-0.3
Klc3,4.23861025336083e-265,-4.66190700447937,0.011,0.313,6.97081842267723e-261,-0.302
Tusc3,1.93097974499967e-254,-3.41205266558966,0.04,0.342,3.17568928862645e-250,-0.302
Grtp1,1.62368646752891e-269,-5.766463498941,0.006,0.309,2.67031476449805e-265,-0.303
Epas1,7.0708855495352e-270,-5.93254855404502,0.007,0.311,1.16287783747656e-265,-0.304
Kirrel,3.37569001761205e-270,-4.8524695694334,0.01,0.316,5.55165980296478e-266,-0.306
Nxnl2,2.9434526274304e-273,-5.62707129570447,0.008,0.315,4.84080219107204e-269,-0.307
Alpl,6.39569048616863e-273,-5.08126013415734,0.009,0.317,1.05183525735529e-268,-0.308
AW549877,2.79430277313227e-255,-2.72860569370416,0.081,0.389,4.59551034069333e-251,-0.308
Slc1a7,2.55701931725227e-276,-5.55096736054853,0.009,0.318,4.20527396915309e-272,-0.309
Kcnj14,2.84424957206895e-276,-5.69452446400808,0.008,0.317,4.6776528462246e-272,-0.309
Rhot1,3.57406278144144e-254,-2.75772138221322,0.064,0.373,5.87790365035859e-250,-0.309
Rdh8,2.23449090828341e-278,-6.0250137698927,0.006,0.316,3.67484374776289e-274,-0.31
Sema3f,3.17174772974953e-280,-5.61720830422856,0.008,0.319,5.21625631634608e-276,-0.311
Rora,7.5344311719644e-274,-4.29595004318718,0.02,0.331,1.23911255054126e-269,-0.311
Cdk5r2,1.5758880737294e-279,-5.22955874084003,0.011,0.324,2.59170552605538e-275,-0.313
Stard7,1.46431036947098e-261,-2.95319028368899,0.062,0.375,2.40820483363197e-257,-0.313
Tax1bp1,6.48135319201711e-264,-2.06948538095201,0.159,0.473,1.06592334595913e-259,-0.314
Ttc8,3.3224381072988e-281,-5.33604246671097,0.009,0.323,5.46408171126361e-277,-0.314
Kdm5b,7.39253566533772e-274,-3.80680054766539,0.03,0.345,1.21577641552144e-269,-0.315
Glb1l2,4.52854818869562e-282,-5.16107213944639,0.009,0.324,7.44765035112882e-278,-0.315
Hspa4l,1.61828036789473e-280,-4.42125768187609,0.018,0.334,2.66142389303967e-276,-0.316
Frmpd2,1.09965538895533e-284,-5.01170798923249,0.014,0.331,1.80849325267594e-280,-0.317
Scg5,8.78103565858691e-290,-5.84982332873533,0.008,0.327,1.4441291244112e-285,-0.319
Plpp2,2.85264309220968e-282,-4.09988842024956,0.022,0.342,4.69145682944803e-278,-0.32
Atp11a,1.13490492796347e-278,-3.56592794485653,0.038,0.358,1.86646464452871e-274,-0.32
Lrit2,6.56647958790691e-293,-6.37935888193788,0.004,0.325,1.07992323302717e-288,-0.321
Snap91,9.92360311941014e-292,-5.55553396663349,0.007,0.329,1.63203576901819e-287,-0.322
Tnpo1,4.36485018637987e-274,-2.38557252401261,0.128,0.45,7.17843261652034e-270,-0.322
Grina,0,-1.83705185146325,0.275,0.599,0,-0.324
Usp33,1.01708827782144e-278,-2.99050804510305,0.07,0.394,1.67270338170514e-274,-0.324
Lrit1,1.67014780161409e-297,-5.75784623914068,0.007,0.333,2.74672507453453e-293,-0.326
Hist1h2bc,3.20003590900857e-272,-2.65734975737629,0.083,0.41,5.26277905595549e-268,-0.327
Smim40,2.20969664829869e-296,-4.93078163837256,0.017,0.345,3.63406710779202e-292,-0.328
Bbs9,3.33564952665474e-294,-4.48729010517367,0.019,0.347,5.48580921153638e-290,-0.328
Bicdl1,2.89731021470272e-293,-4.0455327801833,0.024,0.353,4.76491637910009e-289,-0.329
Tnfsf13,1.5765090387427e-287,-3.45927545836027,0.048,0.377,2.59272676511625e-283,-0.329
Chchd10,3.17969266846928e-296,-4.51584963637637,0.021,0.351,5.22932256256459e-292,-0.33
Rab28,1.20626445245533e-291,-3.33911196964432,0.047,0.379,1.98382251850804e-287,-0.332
Cdr2,6.00835469082819e-307,-5.55936125425632,0.008,0.341,9.88134012453604e-303,-0.333
Clasp1,2.31190077944691e-289,-3.09957352832704,0.063,0.396,3.80215202187839e-285,-0.333
Pmm1,6.14123067997277e-301,-4.34442307573938,0.018,0.352,1.00998679762832e-296,-0.334
Mab21l1,1.48852981004566e-307,-5.49975131635701,0.008,0.344,2.44803612560109e-303,-0.336
Ankrd33b,0,-5.12912751454047,0.013,0.352,0,-0.339
Mllt6,7.60185882003157e-294,-2.76097012363767,0.081,0.42,1.25020170154239e-289,-0.339
Nfasc,0,-4.48224699332172,0.018,0.36,0,-0.342
Samd7,0,-5.83264511254349,0.008,0.35,0,-0.342
Mest,0,-5.35272470800546,0.007,0.35,0,-0.343
Pla2r1,0,-5.35432471440347,0.014,0.358,0,-0.344
Mdm1,0,-3.75276183261651,0.036,0.38,0,-0.344
Rufy3,1.65025084972457e-301,-3.07075472520581,0.058,0.402,2.71400254745703e-297,-0.344
Tub,0,-5.31921771407584,0.011,0.357,0,-0.346
Dpf3,0,-4.96339148050188,0.012,0.359,0,-0.347
Ppp2r2b,0,-5.86884698859286,0.008,0.356,0,-0.348
Wdtc1,0,-3.75012022157464,0.036,0.387,0,-0.351
Cirbp,0,-2.66361484066774,0.097,0.449,0,-0.352
Car2,0,-5.07715947583295,0.011,0.365,0,-0.354
Pex5l,0,-4.60069946818355,0.015,0.369,0,-0.354
Wasf3,0,-5.92737998608991,0.007,0.361,0,-0.354
Vamp2,0,-3.16015848715608,0.058,0.412,0,-0.354
Agtpbp1,0,-3.82235112559278,0.04,0.395,0,-0.355
Dnm1,0,-4.67038201912519,0.016,0.372,0,-0.356
Esrrb,0,-5.8577369089783,0.008,0.364,0,-0.356
Ubap1l,0,-5.6366678865897,0.01,0.368,0,-0.358
Ctbp2,0,-2.42655517596021,0.133,0.492,0,-0.359
Aplp2,0,-2.29151396057988,0.159,0.519,0,-0.36
Mak,0,-5.27789978133214,0.01,0.37,0,-0.36
Slc16a1,0,-4.86165511333362,0.025,0.386,0,-0.361
Tspan3,0,-2.92088084404094,0.103,0.466,0,-0.363
Adcy1,0,-4.41229432285205,0.018,0.382,0,-0.364
Rd3,0,-6.03025383762987,0.007,0.374,0,-0.367
Ano2,0,-5.88079007923861,0.009,0.376,0,-0.367
Dgke,0,-5.3640448061072,0.011,0.378,0,-0.367
Madd,0,-2.65167867565873,0.111,0.479,0,-0.368
Lgalsl,0,-5.44867819875853,0.011,0.379,0,-0.368
Rorb,0,-5.3939199916997,0.01,0.378,0,-0.368
Fam161a,0,-5.44414453610485,0.011,0.38,0,-0.369
Map2,0,-5.07987492517825,0.012,0.382,0,-0.37
Ebpl,0,-3.72749984169545,0.041,0.411,0,-0.37
Zdhhc2,0,-6.48480154797113,0.005,0.377,0,-0.372
Guk1,0,-3.83986665265906,0.036,0.409,0,-0.373
Fryl,0,-3.07946627874151,0.071,0.446,0,-0.375
Zfp385a,0,-2.66786250921902,0.149,0.524,0,-0.375
Ank2,0,-3.93069572152783,0.032,0.412,0,-0.38
Rtbdn,0,-5.62969332325578,0.011,0.396,0,-0.385
Fabp12,0,-5.61514965738415,0.01,0.398,0,-0.388
Pcare,0,-5.38585449475422,0.013,0.403,0,-0.39
Nlk,0,-4.10300170665915,0.028,0.419,0,-0.391
Ahcyl1,0,-2.57729774768845,0.107,0.498,0,-0.391
Gucy2f,0,-5.42260242926312,0.011,0.403,0,-0.392
Cacna2d4,0,-5.29811332900395,0.01,0.403,0,-0.393
Nxnl1,0,-5.96285807203001,0.009,0.403,0,-0.394
Hcn1,0,-5.56391260282704,0.011,0.407,0,-0.396
Ndrg1,0,-5.0668408420467,0.018,0.414,0,-0.396
Crocc,0,-3.94044569582489,0.039,0.437,0,-0.398
Gramd1b,0,-3.58673474043038,0.046,0.445,0,-0.399
Dpysl3,0,-6.01542145186991,0.009,0.41,0,-0.401
Cadm1,0,-2.4132763297259,0.175,0.578,0,-0.403
Mapre3,0,-4.73508253011586,0.019,0.423,0,-0.404
Crb1,0,-6.39054126206935,0.006,0.412,0,-0.406
Msi1,0,-5.11790349879238,0.015,0.421,0,-0.406
Kcnv2,0,-6.48556106103995,0.006,0.412,0,-0.406
Kcnb1,0,-5.78757647449841,0.01,0.417,0,-0.407
Tmem229b,0,-3.62822751665855,0.042,0.45,0,-0.408
Glo1,0,-3.80116718425868,0.039,0.449,0,-0.41
Drd4,0,-5.44245245548027,0.013,0.424,0,-0.411
Anp32e,0,-2.72691324173808,0.127,0.539,0,-0.412
Prcd,0,-5.74787999446769,0.009,0.424,0,-0.415
Ccdc126,0,-5.97290954380244,0.008,0.425,0,-0.417
Pcbp3,0,-4.93542344153915,0.014,0.431,0,-0.417
Ankrd33,0,-5.99182625153455,0.008,0.425,0,-0.417
Egflam,0,-5.1897858855064,0.014,0.433,0,-0.419
Hsp90aa1,0,-2.33965073582594,0.199,0.621,0,-0.422
Arl3,0,-4.02889085862094,0.039,0.463,0,-0.424
Pcmtd2,0,-4.00158204306739,0.039,0.464,0,-0.425
Ric8b,0,-3.9427305171283,0.043,0.468,0,-0.425
Syp,0,-5.58517702754326,0.011,0.439,0,-0.428
Cadm2,0,-5.69850714040756,0.011,0.44,0,-0.429
Dctn1,0,-3.00197198134769,0.092,0.521,0,-0.429
Ttyh1,0,-5.59362792321705,0.013,0.446,0,-0.433
Acsl6,0,-5.6175034276969,0.01,0.443,0,-0.433
Pcdh15,0,-5.25042145388044,0.015,0.449,0,-0.434
Slc1a2,0,-5.46112965000733,0.013,0.448,0,-0.435
Wdr17,0,-5.78044433291308,0.01,0.445,0,-0.435
Tspan7,0,-3.03182887227677,0.093,0.532,0,-0.439
Ncam1,0,-5.36616471242389,0.015,0.455,0,-0.44
Rp1l1,0,-5.39106294932823,0.012,0.453,0,-0.441
Casz1,0,-5.43724673682446,0.016,0.459,0,-0.443
Syt1,0,-5.96787181301577,0.009,0.452,0,-0.443
Pfkfb2,0,-4.96740899892999,0.019,0.464,0,-0.445
Man2a2,0,-2.8581302750469,0.111,0.56,0,-0.449
Plch2,0,-5.78944095663164,0.012,0.462,0,-0.45
Slc6a6,0,-2.63402426318826,0.203,0.653,0,-0.45
Tdrd7,0,-3.61413903916286,0.061,0.512,0,-0.451
Ndrg3,0,-4.49656896330081,0.027,0.481,0,-0.454
Vtn,0,-6.48175949088009,0.01,0.465,0,-0.455
Arl6,0,-6.12117770022439,0.01,0.467,0,-0.457
Pitpnm3,0,-4.86867046624542,0.019,0.478,0,-0.459
Cnga1,0,-6.01974534514433,0.009,0.471,0,-0.462
Otx2,0,-5.39855821641253,0.011,0.475,0,-0.464
Stx3,0,-5.50319220253928,0.015,0.479,0,-0.464
Mpp4,0,-4.58186193017705,0.024,0.489,0,-0.465
Icmt,0,-4.71945300496522,0.028,0.493,0,-0.465
Vopp1,0,-5.63718065036145,0.016,0.487,0,-0.471
Gucy2e,0,-5.60335329874325,0.015,0.491,0,-0.476
Msi2,0,-3.47508601981452,0.064,0.544,0,-0.48
Ptp4a3,0,-3.27279750537383,0.097,0.58,0,-0.483
Kif1b,0,-3.59884678334036,0.064,0.551,0,-0.487
Pitpnm1,0,-3.47968201531117,0.077,0.569,0,-0.492
Impg1,0,-6.22956264585328,0.011,0.506,0,-0.495
Sv2b,0,-6.0780967814659,0.01,0.506,0,-0.496
Osbp2,0,-5.64226423181397,0.014,0.513,0,-0.499
Cdhr1,0,-6.50929888100857,0.01,0.513,0,-0.503
Elovl4,0,-5.8417193398127,0.013,0.524,0,-0.511
Snap25,0,-5.75448918110261,0.015,0.529,0,-0.514
Map1b,0,-5.6580617736013,0.014,0.532,0,-0.518
Herc3,0,-5.02666199662627,0.024,0.543,0,-0.519
Dlg4,0,-5.01585805613371,0.025,0.544,0,-0.519
Rdh12,0,-6.2167738131218,0.011,0.53,0,-0.519
Ybx3,0,-4.41063969141536,0.043,0.565,0,-0.522
Neurod1,0,-6.18124236574596,0.012,0.535,0,-0.523
Fam169a,0,-5.99584386474588,0.012,0.535,0,-0.523
Hk1,0,-4.35359381477252,0.043,0.567,0,-0.524
C2cd2l,0,-4.70879599051179,0.038,0.562,0,-0.524
Impg2,0,-5.89476049553382,0.015,0.54,0,-0.525
Atp1a3,0,-4.23703043755523,0.058,0.588,0,-0.53
Laptm4b,0,-4.75653515411275,0.032,0.562,0,-0.53
Samd11,0,-5.54737395151673,0.018,0.55,0,-0.532
Prom1,0,-5.97078265383458,0.014,0.549,0,-0.535
Pcbp4,0,-5.55324462941428,0.015,0.55,0,-0.535
Mgarp,0,-5.08338240207943,0.025,0.563,0,-0.538
Cplx4,0,-6.47233923037166,0.01,0.551,0,-0.541
Impdh1,0,-5.74200198887523,0.021,0.57,0,-0.549
Reep6,0,-6.59514043909382,0.012,0.564,0,-0.552
Slc38a3,0,-5.70733612188478,0.013,0.567,0,-0.554
Gnb1,0,-4.75741379379101,0.095,0.667,0,-0.572
Gnb5,0,-5.3431938481807,0.026,0.603,0,-0.577
Stxbp1,0,-5.23805912466148,0.028,0.606,0,-0.578
Tma7,0,-4.11173406924721,0.083,0.666,0,-0.583
Rp1,0,-5.98118027653888,0.026,0.614,0,-0.588
Nr2e3,0,-5.49060939129359,0.03,0.619,0,-0.589
Epb41,0,-4.25016335696297,0.073,0.665,0,-0.592
Grk1,0,-5.69012122688284,0.026,0.623,0,-0.597
Agpat3,0,-3.69570245352954,0.096,0.697,0,-0.601
Guca1b,0,-5.66951439561487,0.032,0.634,0,-0.602
Cpe,0,-6.2437183385196,0.014,0.619,0,-0.605
Cngb1,0,-5.32405778023053,0.029,0.634,0,-0.605
Aipl1,0,-5.79317321836415,0.024,0.63,0,-0.606
Plekhb1,0,-5.41516483028495,0.027,0.641,0,-0.614
Crx,0,-6.04301911033108,0.023,0.643,0,-0.62
Clstn1,0,-4.48958942988172,0.05,0.672,0,-0.622
Rs1,0,-6.64005631092706,0.022,0.644,0,-0.622
Nrl,0,-5.93489986308631,0.037,0.66,0,-0.623
Tulp1,0,-5.91984218880184,0.028,0.653,0,-0.625
Gngt1,0,-6.77489950656409,0.041,0.672,0,-0.631
Fam57b,0,-5.49426085260428,0.044,0.675,0,-0.631
Slc17a7,0,-6.29085290292022,0.036,0.673,0,-0.637
Rcvrn,0,-7.27147947167053,0.041,0.68,0,-0.639
Rgs9,0,-6.10570786713743,0.016,0.656,0,-0.64
Abca4,0,-5.99452920255496,0.016,0.66,0,-0.644
Pde6g,0,-6.85729946021905,0.048,0.696,0,-0.648
Gnat1,0,-7.35960249764027,0.057,0.707,0,-0.65
Rom1,0,-6.71292069723205,0.048,0.699,0,-0.651
Unc119,0,-6.04587362462634,0.041,0.696,0,-0.655
Rbp3,0,-6.31802732119752,0.054,0.71,0,-0.656
Pdc,0,-6.90498832538458,0.047,0.705,0,-0.658
Prph2,0,-6.36574178428913,0.051,0.718,0,-0.667
Pde6b,0,-6.14566827099624,0.042,0.715,0,-0.673
Rho,0,-12.0662819771407,0.014,0.698,0,-0.684
Slc24a1,0,-6.14441202757752,0.034,0.749,0,-0.715
Atp1b2,0,-5.84694601366544,0.046,0.823,0,-0.777
